transaction_id,transaction_datetime,transaction_date,transaction_time,transaction_hour,day_of_week,is_weekend,is_night_transaction,customer_id,customer_account_age_days,customer_usual_location,customer_usual_state,customer_risk_segment,merchant_id,merchant_name,merchant_category,merchant_subcategory,merchant_city,merchant_area,merchant_state,merchant_pincode,merchant_latitude,merchant_longitude,merchant_business_age_years,merchant_average_ticket,merchant_operating_hours,merchant_payment_channels,merchant_historical_fraud_pattern,merchant_historical_fraud_rate,merchant_historical_fraud_count,amount,currency,transaction_type,payment_channel,transaction_channel,card_present,is_international,current_location,location_distance_km,is_location_changed,is_new_device,is_trusted_device,device_id,device_type,is_new_beneficiary,beneficiary_id,beneficiary_name,beneficiary_prior_transaction_count,customer_tx_count_last_1h,customer_tx_count_last_24h,customer_tx_count_last_7d,failed_login_attempts_last_24h,failed_transaction_attempts_last_24h,recent_password_reset_flag,fraud_scenario_type,fraud_lifecycle_stage,synthetic_fraud_scenario_description,is_fraud
TXN-CUST_SOWMIYA_003-10001,2026-06-26 12:45:15,2026-06-26,12:45:15,12,4,0,0,CUST_SOWMIYA_003,55,Bengaluru,Karnataka,High Risk / 26% Fraud Rate,M005,UrbanThread Studio,Fashion / Apparel,Designer & Ready-to-wear,Chennai,Anna Nagar,Tamil Nadu,600040,13.085,80.2101,5,4800.0,10:30-22:00,"POS,ONLINE,UPI,CARD",Refund abuse / credential stuffing,0.022,55,10638.13,INR,P2P_TRANSFER,POS,WEB_PORTAL,0,0,Unknown Proxy,2261.0,1,1,0,DEV-ROGUE-EMULATOR-523,unknown_bot,1,BEN-MULE-3342,QuickMule Transfer 96,0,10,22,96,5,3,0,Credential compromise,Pre-auth Block,Automated high-velocity attack from unknown device,1
TXN-CUST_SOWMIYA_003-10002,2026-06-26 14:13:15,2026-06-26,14:13:15,14,4,0,0,CUST_SOWMIYA_003,55,Bengaluru,Karnataka,High Risk / 26% Fraud Rate,M025,ShieldSure Services,Insurance Services,General & Health Insurance Premium,Chennai,Egmore,Tamil Nadu,600008,13.0784,80.2607,13,14000.0,09:30-18:00,"ONLINE,NETBANKING,CARD",Premium diversion / fake policy payment slips,0.019,47,26698.0,INR,PURCHASE,ONLINE,MOBILE_APP,0,0,Bengaluru,7.0,0,0,1,DEV-SOWMIYA-ONEPLUS-11,mobile_android,0,BEN-CUST_SOWMIYA_003-TRUSTED,Trusted Household Vendor,12,0,2,15,0,0,0,None,Resolved Genuine,Standard Habitual Purchase,0
TXN-CUST_SOWMIYA_003-10003,2026-06-26 15:40:52,2026-06-26,15:40:52,15,4,0,0,CUST_SOWMIYA_003,55,Bengaluru,Karnataka,High Risk / 26% Fraud Rate,M020,GameGrid Arena,Gaming,"Esports, Consoles & Virtual Credits",Bengaluru,Koramangala,Karnataka,560095,12.9352,77.6245,4,3400.0,10:00-01:00,"ONLINE,UPI,CARD,WALLET",Virtual item laundering & bot-driven micro transactions,0.055,137,26477.06,INR,PURCHASE,ONLINE,MOBILE_APP,0,0,Bengaluru,13.0,0,0,1,DEV-SOWMIYA-ONEPLUS-11,mobile_android,0,BEN-CUST_SOWMIYA_003-TRUSTED,Trusted Household Vendor,5,0,3,16,0,0,0,None,Resolved Genuine,Standard Habitual Purchase,0
TXN-CUST_SOWMIYA_003-10004,2026-06-26 17:07:43,2026-06-26,17:07:43,17,4,0,0,CUST_SOWMIYA_003,55,Bengaluru,Karnataka,High Risk / 26% Fraud Rate,M010,HarborView Residency,Hotel / Hospitality,Business & Luxury Hotel,Chennai,OMR,Tamil Nadu,600096,12.9165,80.2285,6,9500.0,24_HOURS,"ONLINE,POS,CARD,TRANSFER",Online travel booking fraud with stolen corporate credentials,0.041,102,26348.35,INR,PURCHASE,POS,MOBILE_APP,1,0,Bengaluru,13.0,0,0,1,DEV-SOWMIYA-ONEPLUS-11,mobile_android,0,BEN-CUST_SOWMIYA_003-TRUSTED,Trusted Household Vendor,5,0,1,9,0,0,0,None,Resolved Genuine,Standard Habitual Purchase,0
TXN-CUST_SOWMIYA_003-10005,2026-06-26 18:32:52,2026-06-26,18:32:52,18,4,0,0,CUST_SOWMIYA_003,55,Bengaluru,Karnataka,High Risk / 26% Fraud Rate,M016,MotoCare Garage,Auto Service,Car Service & Detailing Hub,Chennai,Pallikaranai,Tamil Nadu,600100,12.9372,80.2014,7,8900.0,08:30-20:30,"POS,UPI,CARD",Over-invoicing / synthetic card payments,0.021,52,33288.59,INR,P2P_TRANSFER,POS,WEB_PORTAL,0,1,Dubai,3550.0,1,1,0,DEV-ROGUE-EMULATOR-977,unknown_bot,1,BEN-MULE-3243,QuickMule Transfer 57,0,9,27,118,6,4,0,Mule-account behavior,Pre-auth Block,Automated high-velocity attack from unknown device,1
TXN-CUST_SOWMIYA_003-10006,2026-06-26 19:58:01,2026-06-26,19:58:01,19,4,0,0,CUST_SOWMIYA_003,55,Bengaluru,Karnataka,High Risk / 26% Fraud Rate,M021,GlowCraft Salon,Salon / Beauty,Spa & Grooming Studio,Chennai,Porur,Tamil Nadu,600116,13.0382,80.1565,5,2800.0,09:00-21:00,"POS,UPI,CARD",Unusual late-night transaction spikes,0.011,27,9758.21,INR,P2P_TRANSFER,CARD,WEB_PORTAL,0,1,Lagos,2297.0,1,1,0,DEV-ROGUE-EMULATOR-308,unknown_bot,1,BEN-MULE-4163,QuickMule Transfer 66,0,5,21,88,5,2,0,Account takeover,Pre-auth Block,Automated high-velocity attack from unknown device,1
TXN-CUST_SOWMIYA_003-10007,2026-06-26 21:25:35,2026-06-26,21:25:35,21,4,0,0,CUST_SOWMIYA_003,55,Bengaluru,Karnataka,High Risk / 26% Fraud Rate,M019,ArenaSport World,Sports Retail,Fitness Equipment & Sports Wear,Chennai,Nungambakkam,Tamil Nadu,600034,13.0604,80.2405,6,5600.0,10:00-21:30,"POS,ONLINE,UPI,CARD",Stolen card chargeback on premium sports gear,0.026,65,35296.11,INR,PURCHASE,CARD,MOBILE_APP,1,0,Bengaluru,5.0,0,0,1,DEV-SOWMIYA-ONEPLUS-11,mobile_android,0,BEN-CUST_SOWMIYA_003-TRUSTED,Trusted Household Vendor,10,0,4,25,0,0,0,None,Resolved Genuine,Standard Habitual Purchase,0
TXN-CUST_SOWMIYA_003-10008,2026-06-26 22:49:03,2026-06-26,22:49:03,22,4,0,0,CUST_SOWMIYA_003,55,Bengaluru,Karnataka,High Risk / 26% Fraud Rate,M007,SpiceRoute Kitchen,Restaurant,Fine Dining & Chettinad,Chennai,Adyar,Tamil Nadu,600020,13.0012,80.2565,7,2200.0,11:30-23:30,"POS,UPI,CARD",Cloned card POS terminal replay,0.018,45,25319.27,INR,PURCHASE,POS,MOBILE_APP,1,0,Bengaluru,4.0,0,0,1,DEV-SOWMIYA-ONEPLUS-11,mobile_android,0,BEN-CUST_SOWMIYA_003-TRUSTED,Trusted Household Vendor,6,0,4,19,0,0,0,None,Resolved Genuine,Standard Habitual Purchase,0
TXN-CUST_SOWMIYA_003-10009,2026-06-27 00:12:51,2026-06-27,00:12:51,0,5,1,1,CUST_SOWMIYA_003,55,Bengaluru,Karnataka,High Risk / 26% Fraud Rate,M005,UrbanThread Studio,Fashion / Apparel,Designer & Ready-to-wear,Chennai,Anna Nagar,Tamil Nadu,600040,13.085,80.2101,5,4800.0,10:30-22:00,"POS,ONLINE,UPI,CARD",Refund abuse / credential stuffing,0.022,55,41608.21,INR,PURCHASE,UPI,MOBILE_APP,1,0,Bengaluru,14.0,0,0,1,DEV-SOWMIYA-ONEPLUS-11,mobile_android,0,BEN-CUST_SOWMIYA_003-TRUSTED,Trusted Household Vendor,14,1,1,14,0,0,0,None,Resolved Genuine,Standard Habitual Purchase,0
TXN-CUST_SOWMIYA_003-10010,2026-06-27 01:41:46,2026-06-27,01:41:46,1,5,1,1,CUST_SOWMIYA_003,55,Bengaluru,Karnataka,High Risk / 26% Fraud Rate,M005,UrbanThread Studio,Fashion / Apparel,Designer & Ready-to-wear,Chennai,Anna Nagar,Tamil Nadu,600040,13.085,80.2101,5,4800.0,10:30-22:00,"POS,ONLINE,UPI,CARD",Refund abuse / credential stuffing,0.022,55,21541.92,INR,P2P_TRANSFER,ONLINE,WEB_PORTAL,0,0,Unknown Proxy,2867.0,1,1,0,DEV-ROGUE-EMULATOR-891,unknown_bot,1,BEN-MULE-7242,QuickMule Transfer 12,0,7,18,82,5,4,0,Mule-account behavior,Pre-auth Block,Automated high-velocity attack from unknown device,1
TXN-CUST_SOWMIYA_003-10011,2026-06-27 03:08:48,2026-06-27,03:08:48,3,5,1,1,CUST_SOWMIYA_003,55,Bengaluru,Karnataka,High Risk / 26% Fraud Rate,M016,MotoCare Garage,Auto Service,Car Service & Detailing Hub,Chennai,Pallikaranai,Tamil Nadu,600100,12.9372,80.2014,7,8900.0,08:30-20:30,"POS,UPI,CARD",Over-invoicing / synthetic card payments,0.021,52,36957.01,INR,P2P_TRANSFER,CARD,WEB_PORTAL,0,1,Dubai,3948.0,1,1,0,DEV-ROGUE-EMULATOR-490,unknown_bot,1,BEN-MULE-3180,QuickMule Transfer 13,0,8,31,131,4,4,0,Account takeover,Pre-auth Block,Automated high-velocity attack from unknown device,1
TXN-CUST_SOWMIYA_003-10012,2026-06-27 04:37:42,2026-06-27,04:37:42,4,5,1,1,CUST_SOWMIYA_003,55,Bengaluru,Karnataka,High Risk / 26% Fraud Rate,M009,RapidFuel Station,Fuel Station,"Petrol, Diesel & EV Fast Charge",Salem,Fairlands,Tamil Nadu,636016,11.6643,78.146,9,3100.0,24_HOURS,"POS,FLEET_CARD,UPI",Automated fleet card skimming,0.024,60,30834.47,INR,PURCHASE,FLEET_CARD,MOBILE_APP,1,0,Bengaluru,14.0,0,0,1,DEV-SOWMIYA-ONEPLUS-11,mobile_android,0,BEN-CUST_SOWMIYA_003-TRUSTED,Trusted Household Vendor,5,1,2,15,0,0,0,None,Resolved Genuine,Standard Habitual Purchase,0
TXN-CUST_SOWMIYA_003-10013,2026-06-27 06:05:41,2026-06-27,06:05:41,6,5,1,0,CUST_SOWMIYA_003,55,Bengaluru,Karnataka,High Risk / 26% Fraud Rate,M003,Pulse Mobile Hub,Mobile Store,Smartphones & Accessories,Chennai,Tambaram,Tamil Nadu,600045,12.9249,80.1278,4,18500.0,09:30-21:30,"POS,UPI,CARD",New device abuse / rapid checkout surge,0.035,87,42456.91,INR,PURCHASE,POS,MOBILE_APP,1,0,Bengaluru,15.0,0,0,1,DEV-SOWMIYA-ONEPLUS-11,mobile_android,0,BEN-CUST_SOWMIYA_003-TRUSTED,Trusted Household Vendor,13,0,1,7,0,0,0,None,Resolved Genuine,Standard Habitual Purchase,0
TXN-CUST_SOWMIYA_003-10014,2026-06-27 07:29:44,2026-06-27,07:29:44,7,5,1,0,CUST_SOWMIYA_003,55,Bengaluru,Karnataka,High Risk / 26% Fraud Rate,M011,SkyTrail Travels,Travel Agency,Flight & International Tour Packages,Coimbatore,Gandhipuram,Tamil Nadu,641012,11.0183,76.9664,11,44000.0,09:00-20:00,"ONLINE,TRANSFER,CARD",Mule-account ticket arbitrage & fast cancellation fraud,0.052,130,21378.65,INR,PURCHASE,ONLINE,MOBILE_APP,0,0,Bengaluru,2.0,0,0,1,DEV-SOWMIYA-ONEPLUS-11,mobile_android,0,BEN-CUST_SOWMIYA_003-TRUSTED,Trusted Household Vendor,11,0,1,9,0,0,0,None,Resolved Genuine,Standard Habitual Purchase,0
TXN-CUST_SOWMIYA_003-10015,2026-06-27 08:58:51,2026-06-27,08:58:51,8,5,1,0,CUST_SOWMIYA_003,55,Bengaluru,Karnataka,High Risk / 26% Fraud Rate,M024,LinkWave Telecom,Telecom Retail,Fiber Broadband & Postpaid Plans,Erode,Perundurai Road,Tamil Nadu,638011,11.341,77.7172,10,1950.0,09:30-20:30,"UPI,CARD,ONLINE,POS",SIM swap bill recharge surges,0.017,42,28827.33,INR,PURCHASE,ONLINE,MOBILE_APP,1,0,Bengaluru,11.0,0,0,1,DEV-SOWMIYA-ONEPLUS-11,mobile_android,0,BEN-CUST_SOWMIYA_003-TRUSTED,Trusted Household Vendor,7,0,1,7,0,0,0,None,Resolved Genuine,Standard Habitual Purchase,0
TXN-CUST_SOWMIYA_003-10016,2026-06-27 10:22:37,2026-06-27,10:22:37,10,5,1,0,CUST_SOWMIYA_003,55,Bengaluru,Karnataka,High Risk / 26% Fraud Rate,M002,CircuitBay Electronics,Consumer Electronics,Laptops & Gadgets,Chennai,Velachery,Tamil Nadu,600042,12.9759,80.2212,6,32000.0,10:00-21:30,"POS,ONLINE,EMI,UPI",Stolen payment details / high-ticket electronics delivery,0.048,120,92082.33,INR,P2P_TRANSFER,POS,WEB_PORTAL,0,1,Moscow,4353.0,1,1,0,DEV-ROGUE-EMULATOR-456,unknown_bot,1,BEN-MULE-4128,QuickMule Transfer 76,0,12,22,94,2,2,0,Credential compromise,Pre-auth Block,Automated high-velocity attack from unknown device,1
TXN-CUST_SOWMIYA_003-10017,2026-06-27 11:49:06,2026-06-27,11:49:06,11,5,1,0,CUST_SOWMIYA_003,55,Bengaluru,Karnataka,High Risk / 26% Fraud Rate,M007,SpiceRoute Kitchen,Restaurant,Fine Dining & Chettinad,Chennai,Adyar,Tamil Nadu,600020,13.0012,80.2565,7,2200.0,11:30-23:30,"POS,UPI,CARD",Cloned card POS terminal replay,0.018,45,27724.06,INR,PURCHASE,POS,MOBILE_APP,1,0,Bengaluru,8.0,0,0,1,DEV-SOWMIYA-ONEPLUS-11,mobile_android,0,BEN-CUST_SOWMIYA_003-TRUSTED,Trusted Household Vendor,6,0,1,6,0,0,0,None,Resolved Genuine,Standard Habitual Purchase,0
TXN-CUST_SOWMIYA_003-10018,2026-06-27 13:13:07,2026-06-27,13:13:07,13,5,1,0,CUST_SOWMIYA_003,55,Bengaluru,Karnataka,High Risk / 26% Fraud Rate,M013,CartNest Online,E-commerce,Multi-category Marketplace,Chennai,Guindy,Tamil Nadu,600032,13.0067,80.2026,5,6200.0,24_HOURS,"ONLINE,UPI,CARD,NETBANKING",Account takeover + triangulation shipping fraud,0.045,112,29058.13,INR,PURCHASE,NETBANKING,MOBILE_APP,0,0,Bengaluru,6.0,0,0,1,DEV-SOWMIYA-ONEPLUS-11,mobile_android,0,BEN-CUST_SOWMIYA_003-TRUSTED,Trusted Household Vendor,4,0,4,25,0,0,0,None,Resolved Genuine,Standard Habitual Purchase,0
TXN-CUST_SOWMIYA_003-10019,2026-06-27 14:39:49,2026-06-27,14:39:49,14,5,1,0,CUST_SOWMIYA_003,55,Bengaluru,Karnataka,High Risk / 26% Fraud Rate,M002,CircuitBay Electronics,Consumer Electronics,Laptops & Gadgets,Chennai,Velachery,Tamil Nadu,600042,12.9759,80.2212,6,32000.0,10:00-21:30,"POS,ONLINE,EMI,UPI",Stolen payment details / high-ticket electronics delivery,0.048,120,156601.17,INR,P2P_TRANSFER,ONLINE,WEB_PORTAL,0,1,Dubai,2467.0,1,1,0,DEV-ROGUE-EMULATOR-722,unknown_bot,1,BEN-MULE-9636,QuickMule Transfer 98,0,11,33,141,2,4,0,Account takeover,Pre-auth Block,Automated high-velocity attack from unknown device,1
TXN-CUST_SOWMIYA_003-10020,2026-06-27 16:07:25,2026-06-27,16:07:25,16,5,1,0,CUST_SOWMIYA_003,55,Bengaluru,Karnataka,High Risk / 26% Fraud Rate,M014,OakLine Furnishings,Furniture,Teak Wood & Modern Home Decor,Madurai,Bypass Road,Tamil Nadu,625016,9.932,78.109,12,38000.0,10:00-21:00,"POS,CARD,TRANSFER,EMI",Invoice redirection fraud / fake payment slips,0.029,72,14594.58,INR,PURCHASE,EMI,MOBILE_APP,1,0,Bengaluru,6.0,0,0,1,DEV-SOWMIYA-ONEPLUS-11,mobile_android,0,BEN-CUST_SOWMIYA_003-TRUSTED,Trusted Household Vendor,9,0,4,19,0,0,0,None,Resolved Genuine,Standard Habitual Purchase,0
TXN-CUST_SOWMIYA_003-10021,2026-06-27 17:31:20,2026-06-27,17:31:20,17,5,1,0,CUST_SOWMIYA_003,55,Bengaluru,Karnataka,High Risk / 26% Fraud Rate,M019,ArenaSport World,Sports Retail,Fitness Equipment & Sports Wear,Chennai,Nungambakkam,Tamil Nadu,600034,13.0604,80.2405,6,5600.0,10:00-21:30,"POS,ONLINE,UPI,CARD",Stolen card chargeback on premium sports gear,0.026,65,27474.78,INR,PURCHASE,ONLINE,MOBILE_APP,1,0,Bengaluru,14.0,0,0,1,DEV-SOWMIYA-ONEPLUS-11,mobile_android,0,BEN-CUST_SOWMIYA_003-TRUSTED,Trusted Household Vendor,12,0,3,17,0,0,0,None,Resolved Genuine,Standard Habitual Purchase,0
TXN-CUST_SOWMIYA_003-10022,2026-06-27 18:55:42,2026-06-27,18:55:42,18,5,1,0,CUST_SOWMIYA_003,55,Bengaluru,Karnataka,High Risk / 26% Fraud Rate,M003,Pulse Mobile Hub,Mobile Store,Smartphones & Accessories,Chennai,Tambaram,Tamil Nadu,600045,12.9249,80.1278,4,18500.0,09:30-21:30,"POS,UPI,CARD",New device abuse / rapid checkout surge,0.035,87,27695.97,INR,PURCHASE,CARD,MOBILE_APP,1,0,Bengaluru,1.0,0,0,1,DEV-SOWMIYA-ONEPLUS-11,mobile_android,0,BEN-CUST_SOWMIYA_003-TRUSTED,Trusted Household Vendor,8,0,1,9,0,0,0,None,Resolved Genuine,Standard Habitual Purchase,0
TXN-CUST_SOWMIYA_003-10023,2026-06-27 20:21:21,2026-06-27,20:21:21,20,5,1,0,CUST_SOWMIYA_003,55,Bengaluru,Karnataka,High Risk / 26% Fraud Rate,M009,RapidFuel Station,Fuel Station,"Petrol, Diesel & EV Fast Charge",Salem,Fairlands,Tamil Nadu,636016,11.6643,78.146,9,3100.0,24_HOURS,"POS,FLEET_CARD,UPI",Automated fleet card skimming,0.024,60,23593.57,INR,PURCHASE,FLEET_CARD,MOBILE_APP,1,0,Bengaluru,9.0,0,0,1,DEV-SOWMIYA-ONEPLUS-11,mobile_android,0,BEN-CUST_SOWMIYA_003-TRUSTED,Trusted Household Vendor,9,1,3,21,0,0,0,None,Resolved Genuine,Standard Habitual Purchase,0
TXN-CUST_SOWMIYA_003-10024,2026-06-27 21:48:59,2026-06-27,21:48:59,21,5,1,0,CUST_SOWMIYA_003,55,Bengaluru,Karnataka,High Risk / 26% Fraud Rate,M018,PageTurn Book House,Bookstore,"Academic, Fiction & Stationery",Trichy,Thillai Nagar,Tamil Nadu,620018,10.8282,78.6854,16,850.0,09:00-21:30,"POS,UPI,CARD,ONLINE",Low-value card testing bots,0.008,20,24040.92,INR,PURCHASE,UPI,MOBILE_APP,1,0,Bengaluru,6.0,0,0,1,DEV-SOWMIYA-ONEPLUS-11,mobile_android,0,BEN-CUST_SOWMIYA_003-TRUSTED,Trusted Household Vendor,12,0,2,14,0,0,0,None,Resolved Genuine,Standard Habitual Purchase,0
TXN-CUST_SOWMIYA_003-10025,2026-06-27 23:13:20,2026-06-27,23:13:20,23,5,1,1,CUST_SOWMIYA_003,55,Bengaluru,Karnataka,High Risk / 26% Fraud Rate,M013,CartNest Online,E-commerce,Multi-category Marketplace,Chennai,Guindy,Tamil Nadu,600032,13.0067,80.2026,5,6200.0,24_HOURS,"ONLINE,UPI,CARD,NETBANKING",Account takeover + triangulation shipping fraud,0.045,112,33953.47,INR,PURCHASE,ONLINE,MOBILE_APP,0,0,Bengaluru,2.0,0,0,1,DEV-SOWMIYA-ONEPLUS-11,mobile_android,0,BEN-CUST_SOWMIYA_003-TRUSTED,Trusted Household Vendor,8,0,4,19,0,0,0,None,Resolved Genuine,Standard Habitual Purchase,0
TXN-CUST_SOWMIYA_003-10026,2026-06-28 00:40:49,2026-06-28,00:40:49,0,6,1,1,CUST_SOWMIYA_003,55,Bengaluru,Karnataka,High Risk / 26% Fraud Rate,M018,PageTurn Book House,Bookstore,"Academic, Fiction & Stationery",Trichy,Thillai Nagar,Tamil Nadu,620018,10.8282,78.6854,16,850.0,09:00-21:30,"POS,UPI,CARD,ONLINE",Low-value card testing bots,0.008,20,39251.93,INR,PURCHASE,UPI,MOBILE_APP,1,0,Bengaluru,15.0,0,0,1,DEV-SOWMIYA-ONEPLUS-11,mobile_android,0,BEN-CUST_SOWMIYA_003-TRUSTED,Trusted Household Vendor,12,0,4,18,0,0,0,None,Resolved Genuine,Standard Habitual Purchase,0
TXN-CUST_SOWMIYA_003-10027,2026-06-28 02:09:06,2026-06-28,02:09:06,2,6,1,1,CUST_SOWMIYA_003,55,Bengaluru,Karnataka,High Risk / 26% Fraud Rate,M025,ShieldSure Services,Insurance Services,General & Health Insurance Premium,Chennai,Egmore,Tamil Nadu,600008,13.0784,80.2607,13,14000.0,09:30-18:00,"ONLINE,NETBANKING,CARD",Premium diversion / fake policy payment slips,0.019,47,31053.23,INR,P2P_TRANSFER,CARD,WEB_PORTAL,0,0,Unknown Proxy,3993.0,1,1,0,DEV-ROGUE-EMULATOR-907,unknown_bot,1,BEN-MULE-7295,QuickMule Transfer 65,0,7,17,78,5,2,1,Card testing,Pre-auth Block,Automated high-velocity attack from unknown device,1
TXN-CUST_SOWMIYA_003-10028,2026-06-28 03:37:22,2026-06-28,03:37:22,3,6,1,1,CUST_SOWMIYA_003,55,Bengaluru,Karnataka,High Risk / 26% Fraud Rate,M008,BeanCircuit Cafe,Cafe,Specialty Coffee & Bakery,Bengaluru,Indiranagar,Karnataka,560038,12.9784,77.6408,3,650.0,07:30-23:00,"UPI,POS,CARD",QR code spoofing / fast velocity dining,0.009,22,20122.58,INR,PURCHASE,POS,MOBILE_APP,1,0,Bengaluru,2.0,0,0,1,DEV-SOWMIYA-ONEPLUS-11,mobile_android,0,BEN-CUST_SOWMIYA_003-TRUSTED,Trusted Household Vendor,5,0,1,8,0,0,0,None,Resolved Genuine,Standard Habitual Purchase,0
TXN-CUST_SOWMIYA_003-10029,2026-06-28 05:06:01,2026-06-28,05:06:01,5,6,1,1,CUST_SOWMIYA_003,55,Bengaluru,Karnataka,High Risk / 26% Fraud Rate,M012,DashDine Delivery,Food Delivery,Quick Commerce & Meal Delivery,Chennai,Sholinganallur,Tamil Nadu,600119,12.901,80.2279,4,520.0,06:00-02:00,"UPI,CARD,ONLINE,WALLET",Promo code abuse / stolen wallet balances,0.014,35,43663.86,INR,PURCHASE,WALLET,MOBILE_APP,0,0,Bengaluru,7.0,0,0,1,DEV-SOWMIYA-ONEPLUS-11,mobile_android,0,BEN-CUST_SOWMIYA_003-TRUSTED,Trusted Household Vendor,3,1,2,13,0,0,0,None,Resolved Genuine,Standard Habitual Purchase,0
TXN-CUST_SOWMIYA_003-10030,2026-06-28 06:35:04,2026-06-28,06:35:04,6,6,1,0,CUST_SOWMIYA_003,55,Bengaluru,Karnataka,High Risk / 26% Fraud Rate,M001,NovaMart Fresh,Grocery & Supermarket,Supermarket / Hypermarket,Chennai,T Nagar,Tamil Nadu,600017,13.0418,80.2341,8,1250.0,07:00-22:30,"POS,UPI,CARD,ONLINE",Card testing / micro-burst velocity,0.012,30,29702.84,INR,PURCHASE,POS,MOBILE_APP,1,0,Bengaluru,10.0,0,0,1,DEV-SOWMIYA-ONEPLUS-11,mobile_android,0,BEN-CUST_SOWMIYA_003-TRUSTED,Trusted Household Vendor,14,0,2,17,0,0,0,None,Resolved Genuine,Standard Habitual Purchase,0
TXN-CUST_SOWMIYA_003-10031,2026-06-28 08:03:04,2026-06-28,08:03:04,8,6,1,0,CUST_SOWMIYA_003,55,Bengaluru,Karnataka,High Risk / 26% Fraud Rate,M008,BeanCircuit Cafe,Cafe,Specialty Coffee & Bakery,Bengaluru,Indiranagar,Karnataka,560038,12.9784,77.6408,3,650.0,07:30-23:00,"UPI,POS,CARD",QR code spoofing / fast velocity dining,0.009,22,3159.24,INR,P2P_TRANSFER,UPI,WEB_PORTAL,0,1,Moscow,5043.0,1,1,0,DEV-ROGUE-EMULATOR-912,unknown_bot,1,BEN-MULE-9212,QuickMule Transfer 47,0,11,35,147,2,1,0,Card testing,Pre-auth Block,Automated high-velocity attack from unknown device,1
TXN-CUST_SOWMIYA_003-10032,2026-06-28 09:27:14,2026-06-28,09:27:14,9,6,1,0,CUST_SOWMIYA_003,55,Bengaluru,Karnataka,High Risk / 26% Fraud Rate,M024,LinkWave Telecom,Telecom Retail,Fiber Broadband & Postpaid Plans,Erode,Perundurai Road,Tamil Nadu,638011,11.341,77.7172,10,1950.0,09:30-20:30,"UPI,CARD,ONLINE,POS",SIM swap bill recharge surges,0.017,42,27841.02,INR,PURCHASE,UPI,MOBILE_APP,1,0,Bengaluru,9.0,0,0,1,DEV-SOWMIYA-ONEPLUS-11,mobile_android,0,BEN-CUST_SOWMIYA_003-TRUSTED,Trusted Household Vendor,3,0,2,10,0,0,0,None,Resolved Genuine,Standard Habitual Purchase,0
TXN-CUST_SOWMIYA_003-10033,2026-06-28 10:53:17,2026-06-28,10:53:17,10,6,1,0,CUST_SOWMIYA_003,55,Bengaluru,Karnataka,High Risk / 26% Fraud Rate,M003,Pulse Mobile Hub,Mobile Store,Smartphones & Accessories,Chennai,Tambaram,Tamil Nadu,600045,12.9249,80.1278,4,18500.0,09:30-21:30,"POS,UPI,CARD",New device abuse / rapid checkout surge,0.035,87,16407.8,INR,PURCHASE,POS,MOBILE_APP,1,0,Bengaluru,1.0,0,0,1,DEV-SOWMIYA-ONEPLUS-11,mobile_android,0,BEN-CUST_SOWMIYA_003-TRUSTED,Trusted Household Vendor,5,0,3,18,0,0,0,None,Resolved Genuine,Standard Habitual Purchase,0
TXN-CUST_SOWMIYA_003-10034,2026-06-28 12:20:44,2026-06-28,12:20:44,12,6,1,0,CUST_SOWMIYA_003,55,Bengaluru,Karnataka,High Risk / 26% Fraud Rate,M016,MotoCare Garage,Auto Service,Car Service & Detailing Hub,Chennai,Pallikaranai,Tamil Nadu,600100,12.9372,80.2014,7,8900.0,08:30-20:30,"POS,UPI,CARD",Over-invoicing / synthetic card payments,0.021,52,18807.94,INR,PURCHASE,CARD,MOBILE_APP,1,0,Bengaluru,11.0,0,0,1,DEV-SOWMIYA-ONEPLUS-11,mobile_android,0,BEN-CUST_SOWMIYA_003-TRUSTED,Trusted Household Vendor,14,0,3,21,0,0,0,None,Resolved Genuine,Standard Habitual Purchase,0
TXN-CUST_SOWMIYA_003-10035,2026-06-28 13:49:14,2026-06-28,13:49:14,13,6,1,0,CUST_SOWMIYA_003,55,Bengaluru,Karnataka,High Risk / 26% Fraud Rate,M023,SwiftBox Logistics,Courier / Logistics,Express Parcel & Freight Delivery,Tiruppur,Avinashi Road,Tamil Nadu,641603,11.1085,77.3411,9,4200.0,08:00-21:00,"POS,UPI,CARD,ONLINE",Interception fraud / address redirection,0.02,50,34047.76,INR,PURCHASE,ONLINE,MOBILE_APP,1,0,Bengaluru,8.0,0,0,1,DEV-SOWMIYA-ONEPLUS-11,mobile_android,0,BEN-CUST_SOWMIYA_003-TRUSTED,Trusted Household Vendor,4,1,4,19,0,0,0,None,Resolved Genuine,Standard Habitual Purchase,0
TXN-CUST_SOWMIYA_003-10036,2026-06-28 15:14:53,2026-06-28,15:14:53,15,6,1,0,CUST_SOWMIYA_003,55,Bengaluru,Karnataka,High Risk / 26% Fraud Rate,M023,SwiftBox Logistics,Courier / Logistics,Express Parcel & Freight Delivery,Tiruppur,Avinashi Road,Tamil Nadu,641603,11.1085,77.3411,9,4200.0,08:00-21:00,"POS,UPI,CARD,ONLINE",Interception fraud / address redirection,0.02,50,32259.06,INR,PURCHASE,ONLINE,MOBILE_APP,1,0,Bengaluru,6.0,0,0,1,DEV-SOWMIYA-ONEPLUS-11,mobile_android,0,BEN-CUST_SOWMIYA_003-TRUSTED,Trusted Household Vendor,15,0,4,24,0,0,0,None,Resolved Genuine,Standard Habitual Purchase,0
TXN-CUST_SOWMIYA_003-10037,2026-06-28 16:40:04,2026-06-28,16:40:04,16,6,1,0,CUST_SOWMIYA_003,55,Bengaluru,Karnataka,High Risk / 26% Fraud Rate,M020,GameGrid Arena,Gaming,"Esports, Consoles & Virtual Credits",Bengaluru,Koramangala,Karnataka,560095,12.9352,77.6245,4,3400.0,10:00-01:00,"ONLINE,UPI,CARD,WALLET",Virtual item laundering & bot-driven micro transactions,0.055,137,32241.48,INR,PURCHASE,CARD,MOBILE_APP,0,0,Bengaluru,11.0,0,0,1,DEV-SOWMIYA-ONEPLUS-11,mobile_android,0,BEN-CUST_SOWMIYA_003-TRUSTED,Trusted Household Vendor,6,0,2,14,0,0,0,None,Resolved Genuine,Standard Habitual Purchase,0
TXN-CUST_SOWMIYA_003-10038,2026-06-28 18:03:34,2026-06-28,18:03:34,18,6,1,0,CUST_SOWMIYA_003,55,Bengaluru,Karnataka,High Risk / 26% Fraud Rate,M020,GameGrid Arena,Gaming,"Esports, Consoles & Virtual Credits",Bengaluru,Koramangala,Karnataka,560095,12.9352,77.6245,4,3400.0,10:00-01:00,"ONLINE,UPI,CARD,WALLET",Virtual item laundering & bot-driven micro transactions,0.055,137,35798.28,INR,PURCHASE,WALLET,MOBILE_APP,0,0,Bengaluru,3.0,0,0,1,DEV-SOWMIYA-ONEPLUS-11,mobile_android,0,BEN-CUST_SOWMIYA_003-TRUSTED,Trusted Household Vendor,5,1,3,19,0,0,0,None,Resolved Genuine,Standard Habitual Purchase,0
TXN-CUST_SOWMIYA_003-10039,2026-06-28 19:28:08,2026-06-28,19:28:08,19,6,1,0,CUST_SOWMIYA_003,55,Bengaluru,Karnataka,High Risk / 26% Fraud Rate,M015,HomeSphere Appliances,Home Appliances,"Refrigerators, ACs & Kitchen Tech",Coimbatore,Saibaba Colony,Tamil Nadu,641011,11.0315,76.945,9,27500.0,09:30-21:00,"POS,EMI,CARD,UPI",Carding attacks with immediate in-store pickup,0.038,95,32745.69,INR,PURCHASE,POS,MOBILE_APP,1,0,Bengaluru,12.0,0,0,1,DEV-SOWMIYA-ONEPLUS-11,mobile_android,0,BEN-CUST_SOWMIYA_003-TRUSTED,Trusted Household Vendor,12,1,1,10,0,0,0,None,Resolved Genuine,Standard Habitual Purchase,0
TXN-CUST_SOWMIYA_003-10040,2026-06-28 20:53:00,2026-06-28,20:53:00,20,6,1,0,CUST_SOWMIYA_003,55,Bengaluru,Karnataka,High Risk / 26% Fraud Rate,M020,GameGrid Arena,Gaming,"Esports, Consoles & Virtual Credits",Bengaluru,Koramangala,Karnataka,560095,12.9352,77.6245,4,3400.0,10:00-01:00,"ONLINE,UPI,CARD,WALLET",Virtual item laundering & bot-driven micro transactions,0.055,137,35456.98,INR,PURCHASE,UPI,MOBILE_APP,0,0,Bengaluru,8.0,0,0,1,DEV-SOWMIYA-ONEPLUS-11,mobile_android,0,BEN-CUST_SOWMIYA_003-TRUSTED,Trusted Household Vendor,10,1,3,20,0,0,0,None,Resolved Genuine,Standard Habitual Purchase,0
TXN-CUST_SOWMIYA_003-10041,2026-06-28 22:16:42,2026-06-28,22:16:42,22,6,1,0,CUST_SOWMIYA_003,55,Bengaluru,Karnataka,High Risk / 26% Fraud Rate,M004,Aurelia Gold House,Jewellery,Gold & Diamond Jewellery,Coimbatore,RS Puram,Tamil Nadu,641002,11.0089,76.9514,14,78000.0,10:00-20:30,"POS,CARD,TRANSFER",Account takeover / card-not-present luxury surge,0.065,162,22842.46,INR,PURCHASE,CARD,MOBILE_APP,1,0,Bengaluru,13.0,0,0,1,DEV-SOWMIYA-ONEPLUS-11,mobile_android,0,BEN-CUST_SOWMIYA_003-TRUSTED,Trusted Household Vendor,4,0,1,6,0,0,0,None,Resolved Genuine,Standard Habitual Purchase,0
TXN-CUST_SOWMIYA_003-10042,2026-06-28 23:44:35,2026-06-28,23:44:35,23,6,1,1,CUST_SOWMIYA_003,55,Bengaluru,Karnataka,High Risk / 26% Fraud Rate,M004,Aurelia Gold House,Jewellery,Gold & Diamond Jewellery,Coimbatore,RS Puram,Tamil Nadu,641002,11.0089,76.9514,14,78000.0,10:00-20:30,"POS,CARD,TRANSFER",Account takeover / card-not-present luxury surge,0.065,162,186722.63,INR,P2P_TRANSFER,TRANSFER,WEB_PORTAL,0,1,Lagos,4632.0,1,1,0,DEV-ROGUE-EMULATOR-825,unknown_bot,1,BEN-MULE-6712,QuickMule Transfer 81,0,4,12,53,6,1,1,Account takeover,Pre-auth Block,Automated high-velocity attack from unknown device,1
TXN-CUST_SOWMIYA_003-10043,2026-06-29 01:12:00,2026-06-29,01:12:00,1,0,0,1,CUST_SOWMIYA_003,55,Bengaluru,Karnataka,High Risk / 26% Fraud Rate,M028,CraftCove Home Decor,Home Decor,Handicrafts & Art Pieces,Thanjavur,Medical College Road,Tamil Nadu,613004,10.7684,79.1245,8,7400.0,09:30-20:30,"POS,UPI,CARD,ONLINE",Cross-border tourist chargebacks,0.023,57,27430.44,INR,PURCHASE,CARD,MOBILE_APP,1,0,Bengaluru,6.0,0,0,1,DEV-SOWMIYA-ONEPLUS-11,mobile_android,0,BEN-CUST_SOWMIYA_003-TRUSTED,Trusted Household Vendor,6,0,2,14,0,0,0,None,Resolved Genuine,Standard Habitual Purchase,0
TXN-CUST_SOWMIYA_003-10044,2026-06-29 02:38:26,2026-06-29,02:38:26,2,0,0,1,CUST_SOWMIYA_003,55,Bengaluru,Karnataka,High Risk / 26% Fraud Rate,M023,SwiftBox Logistics,Courier / Logistics,Express Parcel & Freight Delivery,Tiruppur,Avinashi Road,Tamil Nadu,641603,11.1085,77.3411,9,4200.0,08:00-21:00,"POS,UPI,CARD,ONLINE",Interception fraud / address redirection,0.02,50,18479.95,INR,PURCHASE,CARD,MOBILE_APP,1,0,Bengaluru,8.0,0,0,1,DEV-SOWMIYA-ONEPLUS-11,mobile_android,0,BEN-CUST_SOWMIYA_003-TRUSTED,Trusted Household Vendor,4,0,2,16,0,0,0,None,Resolved Genuine,Standard Habitual Purchase,0
TXN-CUST_SOWMIYA_003-10045,2026-06-29 04:04:40,2026-06-29,04:04:40,4,0,0,1,CUST_SOWMIYA_003,55,Bengaluru,Karnataka,High Risk / 26% Fraud Rate,M003,Pulse Mobile Hub,Mobile Store,Smartphones & Accessories,Chennai,Tambaram,Tamil Nadu,600045,12.9249,80.1278,4,18500.0,09:30-21:30,"POS,UPI,CARD",New device abuse / rapid checkout surge,0.035,87,60612.12,INR,P2P_TRANSFER,UPI,WEB_PORTAL,0,0,Unknown Proxy,4584.0,1,1,0,DEV-ROGUE-EMULATOR-827,unknown_bot,1,BEN-MULE-4402,QuickMule Transfer 21,0,10,21,88,3,2,1,Credential compromise,Pre-auth Block,Automated high-velocity attack from unknown device,1
TXN-CUST_SOWMIYA_003-10046,2026-06-29 05:32:58,2026-06-29,05:32:58,5,0,0,1,CUST_SOWMIYA_003,55,Bengaluru,Karnataka,High Risk / 26% Fraud Rate,M014,OakLine Furnishings,Furniture,Teak Wood & Modern Home Decor,Madurai,Bypass Road,Tamil Nadu,625016,9.932,78.109,12,38000.0,10:00-21:00,"POS,CARD,TRANSFER,EMI",Invoice redirection fraud / fake payment slips,0.029,72,25876.27,INR,PURCHASE,EMI,MOBILE_APP,1,0,Bengaluru,3.0,0,0,1,DEV-SOWMIYA-ONEPLUS-11,mobile_android,0,BEN-CUST_SOWMIYA_003-TRUSTED,Trusted Household Vendor,7,0,2,18,0,0,0,None,Resolved Genuine,Standard Habitual Purchase,0
TXN-CUST_SOWMIYA_003-10047,2026-06-29 06:58:22,2026-06-29,06:58:22,6,0,0,0,CUST_SOWMIYA_003,55,Bengaluru,Karnataka,High Risk / 26% Fraud Rate,M028,CraftCove Home Decor,Home Decor,Handicrafts & Art Pieces,Thanjavur,Medical College Road,Tamil Nadu,613004,10.7684,79.1245,8,7400.0,09:30-20:30,"POS,UPI,CARD,ONLINE",Cross-border tourist chargebacks,0.023,57,41802.83,INR,PURCHASE,UPI,MOBILE_APP,1,0,Bengaluru,15.0,0,0,1,DEV-SOWMIYA-ONEPLUS-11,mobile_android,0,BEN-CUST_SOWMIYA_003-TRUSTED,Trusted Household Vendor,13,1,4,22,0,0,0,None,Resolved Genuine,Standard Habitual Purchase,0
TXN-CUST_SOWMIYA_003-10048,2026-06-29 08:21:47,2026-06-29,08:21:47,8,0,0,0,CUST_SOWMIYA_003,55,Bengaluru,Karnataka,High Risk / 26% Fraud Rate,M026,GreenLeaf Wellness,Health & Wellness,Organic Nutrition & Ayurveda,Trichy,Srirangam,Tamil Nadu,620006,10.8624,78.6947,6,2100.0,08:00-21:00,"POS,UPI,ONLINE,CARD",Subscription card stuffing,0.013,32,12575.89,INR,PURCHASE,CARD,MOBILE_APP,1,0,Bengaluru,15.0,0,0,1,DEV-SOWMIYA-ONEPLUS-11,mobile_android,0,BEN-CUST_SOWMIYA_003-TRUSTED,Trusted Household Vendor,3,0,2,10,0,0,0,None,Resolved Genuine,Standard Habitual Purchase,0
TXN-CUST_SOWMIYA_003-10049,2026-06-29 09:45:42,2026-06-29,09:45:42,9,0,0,0,CUST_SOWMIYA_003,55,Bengaluru,Karnataka,High Risk / 26% Fraud Rate,M022,SkillSpring Academy,Education / Training,Professional Certifications & Tech Bootcamps,Chennai,Mylapore,Tamil Nadu,600004,13.0368,80.2676,8,22000.0,08:30-19:30,"ONLINE,NETBANKING,CARD,UPI",Stolen corporate card enrollments,0.028,70,36922.88,INR,PURCHASE,ONLINE,MOBILE_APP,0,0,Bengaluru,13.0,0,0,1,DEV-SOWMIYA-ONEPLUS-11,mobile_android,0,BEN-CUST_SOWMIYA_003-TRUSTED,Trusted Household Vendor,12,1,1,14,0,0,0,None,Resolved Genuine,Standard Habitual Purchase,0
TXN-CUST_SOWMIYA_003-10050,2026-06-29 11:13:42,2026-06-29,11:13:42,11,0,0,0,CUST_SOWMIYA_003,55,Bengaluru,Karnataka,High Risk / 26% Fraud Rate,M009,RapidFuel Station,Fuel Station,"Petrol, Diesel & EV Fast Charge",Salem,Fairlands,Tamil Nadu,636016,11.6643,78.146,9,3100.0,24_HOURS,"POS,FLEET_CARD,UPI",Automated fleet card skimming,0.024,60,13971.47,INR,P2P_TRANSFER,UPI,WEB_PORTAL,0,1,Dubai,4482.0,1,1,0,DEV-ROGUE-EMULATOR-607,unknown_bot,1,BEN-MULE-6247,QuickMule Transfer 63,0,7,35,145,2,2,0,Card testing,Pre-auth Block,Automated high-velocity attack from unknown device,1
TXN-CUST_SOWMIYA_003-10051,2026-06-29 12:39:23,2026-06-29,12:39:23,12,0,0,0,CUST_SOWMIYA_003,55,Bengaluru,Karnataka,High Risk / 26% Fraud Rate,M023,SwiftBox Logistics,Courier / Logistics,Express Parcel & Freight Delivery,Tiruppur,Avinashi Road,Tamil Nadu,641603,11.1085,77.3411,9,4200.0,08:00-21:00,"POS,UPI,CARD,ONLINE",Interception fraud / address redirection,0.02,50,37481.85,INR,PURCHASE,POS,MOBILE_APP,1,0,Bengaluru,15.0,0,0,1,DEV-SOWMIYA-ONEPLUS-11,mobile_android,0,BEN-CUST_SOWMIYA_003-TRUSTED,Trusted Household Vendor,4,0,1,6,0,0,0,None,Resolved Genuine,Standard Habitual Purchase,0
TXN-CUST_SOWMIYA_003-10052,2026-06-29 14:07:07,2026-06-29,14:07:07,14,0,0,0,CUST_SOWMIYA_003,55,Bengaluru,Karnataka,High Risk / 26% Fraud Rate,M019,ArenaSport World,Sports Retail,Fitness Equipment & Sports Wear,Chennai,Nungambakkam,Tamil Nadu,600034,13.0604,80.2405,6,5600.0,10:00-21:30,"POS,ONLINE,UPI,CARD",Stolen card chargeback on premium sports gear,0.026,65,13192.6,INR,PURCHASE,CARD,MOBILE_APP,1,0,Bengaluru,14.0,0,0,1,DEV-SOWMIYA-ONEPLUS-11,mobile_android,0,BEN-CUST_SOWMIYA_003-TRUSTED,Trusted Household Vendor,4,0,2,18,0,0,0,None,Resolved Genuine,Standard Habitual Purchase,0
TXN-CUST_SOWMIYA_003-10053,2026-06-29 15:31:12,2026-06-29,15:31:12,15,0,0,0,CUST_SOWMIYA_003,55,Bengaluru,Karnataka,High Risk / 26% Fraud Rate,M001,NovaMart Fresh,Grocery & Supermarket,Supermarket / Hypermarket,Chennai,T Nagar,Tamil Nadu,600017,13.0418,80.2341,8,1250.0,07:00-22:30,"POS,UPI,CARD,ONLINE",Card testing / micro-burst velocity,0.012,30,39086.35,INR,PURCHASE,UPI,MOBILE_APP,1,0,Bengaluru,5.0,0,0,1,DEV-SOWMIYA-ONEPLUS-11,mobile_android,0,BEN-CUST_SOWMIYA_003-TRUSTED,Trusted Household Vendor,5,0,1,11,0,0,0,None,Resolved Genuine,Standard Habitual Purchase,0
TXN-CUST_SOWMIYA_003-10054,2026-06-29 16:58:48,2026-06-29,16:58:48,16,0,0,0,CUST_SOWMIYA_003,55,Bengaluru,Karnataka,High Risk / 26% Fraud Rate,M009,RapidFuel Station,Fuel Station,"Petrol, Diesel & EV Fast Charge",Salem,Fairlands,Tamil Nadu,636016,11.6643,78.146,9,3100.0,24_HOURS,"POS,FLEET_CARD,UPI",Automated fleet card skimming,0.024,60,13604.84,INR,PURCHASE,UPI,MOBILE_APP,1,0,Bengaluru,9.0,0,0,1,DEV-SOWMIYA-ONEPLUS-11,mobile_android,0,BEN-CUST_SOWMIYA_003-TRUSTED,Trusted Household Vendor,12,0,2,10,0,0,0,None,Resolved Genuine,Standard Habitual Purchase,0
TXN-CUST_SOWMIYA_003-10055,2026-06-29 18:25:56,2026-06-29,18:25:56,18,0,0,0,CUST_SOWMIYA_003,55,Bengaluru,Karnataka,High Risk / 26% Fraud Rate,M008,BeanCircuit Cafe,Cafe,Specialty Coffee & Bakery,Bengaluru,Indiranagar,Karnataka,560038,12.9784,77.6408,3,650.0,07:30-23:00,"UPI,POS,CARD",QR code spoofing / fast velocity dining,0.009,22,3110.7,INR,P2P_TRANSFER,CARD,WEB_PORTAL,0,1,Lagos,4833.0,1,1,0,DEV-ROGUE-EMULATOR-823,unknown_bot,1,BEN-MULE-7453,QuickMule Transfer 31,0,10,25,102,2,2,0,Account takeover,Pre-auth Block,Automated high-velocity attack from unknown device,1
TXN-CUST_SOWMIYA_003-10056,2026-06-29 19:52:24,2026-06-29,19:52:24,19,0,0,0,CUST_SOWMIYA_003,55,Bengaluru,Karnataka,High Risk / 26% Fraud Rate,M026,GreenLeaf Wellness,Health & Wellness,Organic Nutrition & Ayurveda,Trichy,Srirangam,Tamil Nadu,620006,10.8624,78.6947,6,2100.0,08:00-21:00,"POS,UPI,ONLINE,CARD",Subscription card stuffing,0.013,32,14216.28,INR,PURCHASE,POS,MOBILE_APP,1,0,Bengaluru,3.0,0,0,1,DEV-SOWMIYA-ONEPLUS-11,mobile_android,0,BEN-CUST_SOWMIYA_003-TRUSTED,Trusted Household Vendor,11,0,4,23,0,0,0,None,Resolved Genuine,Standard Habitual Purchase,0
TXN-CUST_SOWMIYA_003-10057,2026-06-29 21:20:55,2026-06-29,21:20:55,21,0,0,0,CUST_SOWMIYA_003,55,Bengaluru,Karnataka,High Risk / 26% Fraud Rate,M028,CraftCove Home Decor,Home Decor,Handicrafts & Art Pieces,Thanjavur,Medical College Road,Tamil Nadu,613004,10.7684,79.1245,8,7400.0,09:30-20:30,"POS,UPI,CARD,ONLINE",Cross-border tourist chargebacks,0.023,57,37427.3,INR,PURCHASE,ONLINE,MOBILE_APP,1,0,Bengaluru,5.0,0,0,1,DEV-SOWMIYA-ONEPLUS-11,mobile_android,0,BEN-CUST_SOWMIYA_003-TRUSTED,Trusted Household Vendor,15,0,3,14,0,0,0,None,Resolved Genuine,Standard Habitual Purchase,0
TXN-CUST_SOWMIYA_003-10058,2026-06-29 22:49:33,2026-06-29,22:49:33,22,0,0,0,CUST_SOWMIYA_003,55,Bengaluru,Karnataka,High Risk / 26% Fraud Rate,M023,SwiftBox Logistics,Courier / Logistics,Express Parcel & Freight Delivery,Tiruppur,Avinashi Road,Tamil Nadu,641603,11.1085,77.3411,9,4200.0,08:00-21:00,"POS,UPI,CARD,ONLINE",Interception fraud / address redirection,0.02,50,18933.85,INR,PURCHASE,CARD,MOBILE_APP,1,0,Bengaluru,14.0,0,0,1,DEV-SOWMIYA-ONEPLUS-11,mobile_android,0,BEN-CUST_SOWMIYA_003-TRUSTED,Trusted Household Vendor,3,0,1,14,0,0,0,None,Resolved Genuine,Standard Habitual Purchase,0
TXN-CUST_SOWMIYA_003-10059,2026-06-30 00:18:38,2026-06-30,00:18:38,0,1,0,1,CUST_SOWMIYA_003,55,Bengaluru,Karnataka,High Risk / 26% Fraud Rate,M022,SkillSpring Academy,Education / Training,Professional Certifications & Tech Bootcamps,Chennai,Mylapore,Tamil Nadu,600004,13.0368,80.2676,8,22000.0,08:30-19:30,"ONLINE,NETBANKING,CARD,UPI",Stolen corporate card enrollments,0.028,70,48915.41,INR,P2P_TRANSFER,ONLINE,WEB_PORTAL,0,1,Moscow,5273.0,1,1,0,DEV-ROGUE-EMULATOR-727,unknown_bot,1,BEN-MULE-2550,QuickMule Transfer 81,0,7,31,130,5,3,0,Card testing,Pre-auth Block,Automated high-velocity attack from unknown device,1
TXN-CUST_SOWMIYA_003-10060,2026-06-30 01:42:52,2026-06-30,01:42:52,1,1,0,1,CUST_SOWMIYA_003,55,Bengaluru,Karnataka,High Risk / 26% Fraud Rate,M014,OakLine Furnishings,Furniture,Teak Wood & Modern Home Decor,Madurai,Bypass Road,Tamil Nadu,625016,9.932,78.109,12,38000.0,10:00-21:00,"POS,CARD,TRANSFER,EMI",Invoice redirection fraud / fake payment slips,0.029,72,134073.06,INR,P2P_TRANSFER,EMI,WEB_PORTAL,0,1,Singapore,1435.0,1,1,0,DEV-ROGUE-EMULATOR-517,unknown_bot,1,BEN-MULE-2610,QuickMule Transfer 75,0,5,24,105,5,4,1,Card testing,Pre-auth Block,Automated high-velocity attack from unknown device,1
TXN-CUST_SOWMIYA_003-10061,2026-06-30 03:08:40,2026-06-30,03:08:40,3,1,0,1,CUST_SOWMIYA_003,55,Bengaluru,Karnataka,High Risk / 26% Fraud Rate,M029,CloudDesk Digital,Software / Digital Services,Cloud Infrastructure & SaaS Tools,Bengaluru,Whitefield,Karnataka,560066,12.9698,77.7499,7,19800.0,24_HOURS,"ONLINE,CARD,TRANSFER",Cryptomining VM rental with stolen credit cards,0.058,145,15684.07,INR,PURCHASE,ONLINE,MOBILE_APP,0,0,Bengaluru,9.0,0,0,1,DEV-SOWMIYA-ONEPLUS-11,mobile_android,0,BEN-CUST_SOWMIYA_003-TRUSTED,Trusted Household Vendor,9,0,2,16,0,0,0,None,Resolved Genuine,Standard Habitual Purchase,0
TXN-CUST_SOWMIYA_003-10062,2026-06-30 04:35:20,2026-06-30,04:35:20,4,1,0,1,CUST_SOWMIYA_003,55,Bengaluru,Karnataka,High Risk / 26% Fraud Rate,M029,CloudDesk Digital,Software / Digital Services,Cloud Infrastructure & SaaS Tools,Bengaluru,Whitefield,Karnataka,560066,12.9698,77.7499,7,19800.0,24_HOURS,"ONLINE,CARD,TRANSFER",Cryptomining VM rental with stolen credit cards,0.058,145,34136.21,INR,PURCHASE,TRANSFER,MOBILE_APP,0,0,Bengaluru,6.0,0,0,1,DEV-SOWMIYA-ONEPLUS-11,mobile_android,0,BEN-CUST_SOWMIYA_003-TRUSTED,Trusted Household Vendor,15,1,4,20,0,0,0,None,Resolved Genuine,Standard Habitual Purchase,0
TXN-CUST_SOWMIYA_003-10063,2026-06-30 06:01:29,2026-06-30,06:01:29,6,1,0,0,CUST_SOWMIYA_003,55,Bengaluru,Karnataka,High Risk / 26% Fraud Rate,M013,CartNest Online,E-commerce,Multi-category Marketplace,Chennai,Guindy,Tamil Nadu,600032,13.0067,80.2026,5,6200.0,24_HOURS,"ONLINE,UPI,CARD,NETBANKING",Account takeover + triangulation shipping fraud,0.045,112,23919.28,INR,P2P_TRANSFER,NETBANKING,WEB_PORTAL,0,1,Moscow,4741.0,1,1,0,DEV-ROGUE-EMULATOR-288,unknown_bot,1,BEN-MULE-4190,QuickMule Transfer 67,0,10,26,107,6,1,1,Card testing,Pre-auth Block,Automated high-velocity attack from unknown device,1
TXN-CUST_SOWMIYA_003-10064,2026-06-30 07:30:35,2026-06-30,07:30:35,7,1,0,0,CUST_SOWMIYA_003,55,Bengaluru,Karnataka,High Risk / 26% Fraud Rate,M027,BrickHarbor Realty,Real Estate / Property Services,Rental Escrow & Facility Management,Chennai,Porur,Tamil Nadu,600116,13.035,80.16,11,65000.0,09:00-19:00,"TRANSFER,NETBANKING,CARD",Security deposit phishing / escrow hijacking,0.039,97,22510.37,INR,PURCHASE,NETBANKING,MOBILE_APP,0,0,Bengaluru,3.0,0,0,1,DEV-SOWMIYA-ONEPLUS-11,mobile_android,0,BEN-CUST_SOWMIYA_003-TRUSTED,Trusted Household Vendor,10,0,1,9,0,0,0,None,Resolved Genuine,Standard Habitual Purchase,0
TXN-CUST_SOWMIYA_003-10065,2026-06-30 08:58:50,2026-06-30,08:58:50,8,1,0,0,CUST_SOWMIYA_003,55,Bengaluru,Karnataka,High Risk / 26% Fraud Rate,M019,ArenaSport World,Sports Retail,Fitness Equipment & Sports Wear,Chennai,Nungambakkam,Tamil Nadu,600034,13.0604,80.2405,6,5600.0,10:00-21:30,"POS,ONLINE,UPI,CARD",Stolen card chargeback on premium sports gear,0.026,65,29712.75,INR,PURCHASE,CARD,MOBILE_APP,1,0,Bengaluru,3.0,0,0,1,DEV-SOWMIYA-ONEPLUS-11,mobile_android,0,BEN-CUST_SOWMIYA_003-TRUSTED,Trusted Household Vendor,10,0,4,20,0,0,0,None,Resolved Genuine,Standard Habitual Purchase,0
TXN-CUST_SOWMIYA_003-10066,2026-06-30 10:24:50,2026-06-30,10:24:50,10,1,0,0,CUST_SOWMIYA_003,55,Bengaluru,Karnataka,High Risk / 26% Fraud Rate,M020,GameGrid Arena,Gaming,"Esports, Consoles & Virtual Credits",Bengaluru,Koramangala,Karnataka,560095,12.9352,77.6245,4,3400.0,10:00-01:00,"ONLINE,UPI,CARD,WALLET",Virtual item laundering & bot-driven micro transactions,0.055,137,11099.33,INR,P2P_TRANSFER,ONLINE,WEB_PORTAL,0,0,Unknown Proxy,2739.0,1,1,0,DEV-ROGUE-EMULATOR-125,unknown_bot,1,BEN-MULE-2186,QuickMule Transfer 47,0,12,23,101,6,1,1,Mule-account behavior,Pre-auth Block,Automated high-velocity attack from unknown device,1
TXN-CUST_SOWMIYA_003-10067,2026-06-30 11:48:54,2026-06-30,11:48:54,11,1,0,0,CUST_SOWMIYA_003,55,Bengaluru,Karnataka,High Risk / 26% Fraud Rate,M025,ShieldSure Services,Insurance Services,General & Health Insurance Premium,Chennai,Egmore,Tamil Nadu,600008,13.0784,80.2607,13,14000.0,09:30-18:00,"ONLINE,NETBANKING,CARD",Premium diversion / fake policy payment slips,0.019,47,24653.58,INR,PURCHASE,ONLINE,MOBILE_APP,0,0,Bengaluru,8.0,0,0,1,DEV-SOWMIYA-ONEPLUS-11,mobile_android,0,BEN-CUST_SOWMIYA_003-TRUSTED,Trusted Household Vendor,12,0,2,12,0,0,0,None,Resolved Genuine,Standard Habitual Purchase,0
TXN-CUST_SOWMIYA_003-10068,2026-06-30 13:15:50,2026-06-30,13:15:50,13,1,0,0,CUST_SOWMIYA_003,55,Bengaluru,Karnataka,High Risk / 26% Fraud Rate,M028,CraftCove Home Decor,Home Decor,Handicrafts & Art Pieces,Thanjavur,Medical College Road,Tamil Nadu,613004,10.7684,79.1245,8,7400.0,09:30-20:30,"POS,UPI,CARD,ONLINE",Cross-border tourist chargebacks,0.023,57,34252.58,INR,P2P_TRANSFER,CARD,WEB_PORTAL,0,1,Dubai,4815.0,1,1,0,DEV-ROGUE-EMULATOR-459,unknown_bot,1,BEN-MULE-1645,QuickMule Transfer 17,0,5,32,130,2,3,1,Credential compromise,Pre-auth Block,Automated high-velocity attack from unknown device,1
TXN-CUST_SOWMIYA_003-10069,2026-06-30 14:39:16,2026-06-30,14:39:16,14,1,0,0,CUST_SOWMIYA_003,55,Bengaluru,Karnataka,High Risk / 26% Fraud Rate,M020,GameGrid Arena,Gaming,"Esports, Consoles & Virtual Credits",Bengaluru,Koramangala,Karnataka,560095,12.9352,77.6245,4,3400.0,10:00-01:00,"ONLINE,UPI,CARD,WALLET",Virtual item laundering & bot-driven micro transactions,0.055,137,17680.34,INR,PURCHASE,WALLET,MOBILE_APP,0,0,Bengaluru,5.0,0,0,1,DEV-SOWMIYA-ONEPLUS-11,mobile_android,0,BEN-CUST_SOWMIYA_003-TRUSTED,Trusted Household Vendor,11,0,2,18,0,0,0,None,Resolved Genuine,Standard Habitual Purchase,0
TXN-CUST_SOWMIYA_003-10070,2026-06-30 16:07:40,2026-06-30,16:07:40,16,1,0,0,CUST_SOWMIYA_003,55,Bengaluru,Karnataka,High Risk / 26% Fraud Rate,M016,MotoCare Garage,Auto Service,Car Service & Detailing Hub,Chennai,Pallikaranai,Tamil Nadu,600100,12.9372,80.2014,7,8900.0,08:30-20:30,"POS,UPI,CARD",Over-invoicing / synthetic card payments,0.021,52,23355.66,INR,PURCHASE,POS,MOBILE_APP,1,0,Bengaluru,8.0,0,0,1,DEV-SOWMIYA-ONEPLUS-11,mobile_android,0,BEN-CUST_SOWMIYA_003-TRUSTED,Trusted Household Vendor,13,0,2,12,0,0,0,None,Resolved Genuine,Standard Habitual Purchase,0
TXN-CUST_SOWMIYA_003-10071,2026-06-30 17:34:37,2026-06-30,17:34:37,17,1,0,0,CUST_SOWMIYA_003,55,Bengaluru,Karnataka,High Risk / 26% Fraud Rate,M001,NovaMart Fresh,Grocery & Supermarket,Supermarket / Hypermarket,Chennai,T Nagar,Tamil Nadu,600017,13.0418,80.2341,8,1250.0,07:00-22:30,"POS,UPI,CARD,ONLINE",Card testing / micro-burst velocity,0.012,30,15623.4,INR,PURCHASE,POS,MOBILE_APP,1,0,Bengaluru,12.0,0,0,1,DEV-SOWMIYA-ONEPLUS-11,mobile_android,0,BEN-CUST_SOWMIYA_003-TRUSTED,Trusted Household Vendor,13,0,3,15,0,0,0,None,Resolved Genuine,Standard Habitual Purchase,0
TXN-CUST_SOWMIYA_003-10072,2026-06-30 19:01:52,2026-06-30,19:01:52,19,1,0,0,CUST_SOWMIYA_003,55,Bengaluru,Karnataka,High Risk / 26% Fraud Rate,M013,CartNest Online,E-commerce,Multi-category Marketplace,Chennai,Guindy,Tamil Nadu,600032,13.0067,80.2026,5,6200.0,24_HOURS,"ONLINE,UPI,CARD,NETBANKING",Account takeover + triangulation shipping fraud,0.045,112,39977.97,INR,PURCHASE,ONLINE,MOBILE_APP,0,0,Bengaluru,1.0,0,0,1,DEV-SOWMIYA-ONEPLUS-11,mobile_android,0,BEN-CUST_SOWMIYA_003-TRUSTED,Trusted Household Vendor,12,0,2,16,0,0,0,None,Resolved Genuine,Standard Habitual Purchase,0
TXN-CUST_SOWMIYA_003-10073,2026-06-30 20:29:15,2026-06-30,20:29:15,20,1,0,0,CUST_SOWMIYA_003,55,Bengaluru,Karnataka,High Risk / 26% Fraud Rate,M020,GameGrid Arena,Gaming,"Esports, Consoles & Virtual Credits",Bengaluru,Koramangala,Karnataka,560095,12.9352,77.6245,4,3400.0,10:00-01:00,"ONLINE,UPI,CARD,WALLET",Virtual item laundering & bot-driven micro transactions,0.055,137,23186.33,INR,PURCHASE,UPI,MOBILE_APP,0,0,Bengaluru,3.0,0,0,1,DEV-SOWMIYA-ONEPLUS-11,mobile_android,0,BEN-CUST_SOWMIYA_003-TRUSTED,Trusted Household Vendor,9,1,2,11,0,0,0,None,Resolved Genuine,Standard Habitual Purchase,0
TXN-CUST_SOWMIYA_003-10074,2026-06-30 21:56:27,2026-06-30,21:56:27,21,1,0,0,CUST_SOWMIYA_003,55,Bengaluru,Karnataka,High Risk / 26% Fraud Rate,M001,NovaMart Fresh,Grocery & Supermarket,Supermarket / Hypermarket,Chennai,T Nagar,Tamil Nadu,600017,13.0418,80.2341,8,1250.0,07:00-22:30,"POS,UPI,CARD,ONLINE",Card testing / micro-burst velocity,0.012,30,24547.91,INR,PURCHASE,UPI,MOBILE_APP,1,0,Bengaluru,15.0,0,0,1,DEV-SOWMIYA-ONEPLUS-11,mobile_android,0,BEN-CUST_SOWMIYA_003-TRUSTED,Trusted Household Vendor,13,1,4,18,0,0,0,None,Resolved Genuine,Standard Habitual Purchase,0
TXN-CUST_SOWMIYA_003-10075,2026-06-30 23:25:29,2026-06-30,23:25:29,23,1,0,1,CUST_SOWMIYA_003,55,Bengaluru,Karnataka,High Risk / 26% Fraud Rate,M026,GreenLeaf Wellness,Health & Wellness,Organic Nutrition & Ayurveda,Trichy,Srirangam,Tamil Nadu,620006,10.8624,78.6947,6,2100.0,08:00-21:00,"POS,UPI,ONLINE,CARD",Subscription card stuffing,0.013,32,20349.43,INR,PURCHASE,ONLINE,MOBILE_APP,1,0,Bengaluru,3.0,0,0,1,DEV-SOWMIYA-ONEPLUS-11,mobile_android,0,BEN-CUST_SOWMIYA_003-TRUSTED,Trusted Household Vendor,5,0,4,25,0,0,0,None,Resolved Genuine,Standard Habitual Purchase,0
TXN-CUST_SOWMIYA_003-10076,2026-07-01 00:51:04,2026-07-01,00:51:04,0,2,0,1,CUST_SOWMIYA_003,55,Bengaluru,Karnataka,High Risk / 26% Fraud Rate,M016,MotoCare Garage,Auto Service,Car Service & Detailing Hub,Chennai,Pallikaranai,Tamil Nadu,600100,12.9372,80.2014,7,8900.0,08:30-20:30,"POS,UPI,CARD",Over-invoicing / synthetic card payments,0.021,52,43725.52,INR,PURCHASE,UPI,MOBILE_APP,1,0,Bengaluru,12.0,0,0,1,DEV-SOWMIYA-ONEPLUS-11,mobile_android,0,BEN-CUST_SOWMIYA_003-TRUSTED,Trusted Household Vendor,14,0,1,13,0,0,0,None,Resolved Genuine,Standard Habitual Purchase,0
TXN-CUST_SOWMIYA_003-10077,2026-07-01 02:19:47,2026-07-01,02:19:47,2,2,0,1,CUST_SOWMIYA_003,55,Bengaluru,Karnataka,High Risk / 26% Fraud Rate,M023,SwiftBox Logistics,Courier / Logistics,Express Parcel & Freight Delivery,Tiruppur,Avinashi Road,Tamil Nadu,641603,11.1085,77.3411,9,4200.0,08:00-21:00,"POS,UPI,CARD,ONLINE",Interception fraud / address redirection,0.02,50,14547.14,INR,PURCHASE,CARD,MOBILE_APP,1,0,Bengaluru,11.0,0,0,1,DEV-SOWMIYA-ONEPLUS-11,mobile_android,0,BEN-CUST_SOWMIYA_003-TRUSTED,Trusted Household Vendor,9,0,3,20,0,0,0,None,Resolved Genuine,Standard Habitual Purchase,0
TXN-CUST_SOWMIYA_003-10078,2026-07-01 03:47:15,2026-07-01,03:47:15,3,2,0,1,CUST_SOWMIYA_003,55,Bengaluru,Karnataka,High Risk / 26% Fraud Rate,M016,MotoCare Garage,Auto Service,Car Service & Detailing Hub,Chennai,Pallikaranai,Tamil Nadu,600100,12.9372,80.2014,7,8900.0,08:30-20:30,"POS,UPI,CARD",Over-invoicing / synthetic card payments,0.021,52,20145.36,INR,PURCHASE,POS,MOBILE_APP,1,0,Bengaluru,12.0,0,0,1,DEV-SOWMIYA-ONEPLUS-11,mobile_android,0,BEN-CUST_SOWMIYA_003-TRUSTED,Trusted Household Vendor,15,0,4,23,0,0,0,None,Resolved Genuine,Standard Habitual Purchase,0
TXN-CUST_SOWMIYA_003-10079,2026-07-01 05:14:31,2026-07-01,05:14:31,5,2,0,1,CUST_SOWMIYA_003,55,Bengaluru,Karnataka,High Risk / 26% Fraud Rate,M009,RapidFuel Station,Fuel Station,"Petrol, Diesel & EV Fast Charge",Salem,Fairlands,Tamil Nadu,636016,11.6643,78.146,9,3100.0,24_HOURS,"POS,FLEET_CARD,UPI",Automated fleet card skimming,0.024,60,43539.25,INR,PURCHASE,FLEET_CARD,MOBILE_APP,1,0,Bengaluru,4.0,0,0,1,DEV-SOWMIYA-ONEPLUS-11,mobile_android,0,BEN-CUST_SOWMIYA_003-TRUSTED,Trusted Household Vendor,7,0,1,12,0,0,0,None,Resolved Genuine,Standard Habitual Purchase,0
TXN-CUST_SOWMIYA_003-10080,2026-07-01 06:43:18,2026-07-01,06:43:18,6,2,0,0,CUST_SOWMIYA_003,55,Bengaluru,Karnataka,High Risk / 26% Fraud Rate,M018,PageTurn Book House,Bookstore,"Academic, Fiction & Stationery",Trichy,Thillai Nagar,Tamil Nadu,620018,10.8282,78.6854,16,850.0,09:00-21:30,"POS,UPI,CARD,ONLINE",Low-value card testing bots,0.008,20,34062.97,INR,PURCHASE,CARD,MOBILE_APP,1,0,Bengaluru,7.0,0,0,1,DEV-SOWMIYA-ONEPLUS-11,mobile_android,0,BEN-CUST_SOWMIYA_003-TRUSTED,Trusted Household Vendor,13,0,2,18,0,0,0,None,Resolved Genuine,Standard Habitual Purchase,0
TXN-CUST_SOWMIYA_003-10081,2026-07-01 08:07:53,2026-07-01,08:07:53,8,2,0,0,CUST_SOWMIYA_003,55,Bengaluru,Karnataka,High Risk / 26% Fraud Rate,M010,HarborView Residency,Hotel / Hospitality,Business & Luxury Hotel,Chennai,OMR,Tamil Nadu,600096,12.9165,80.2285,6,9500.0,24_HOURS,"ONLINE,POS,CARD,TRANSFER",Online travel booking fraud with stolen corporate credentials,0.041,102,30605.5,INR,PURCHASE,TRANSFER,MOBILE_APP,1,0,Bengaluru,14.0,0,0,1,DEV-SOWMIYA-ONEPLUS-11,mobile_android,0,BEN-CUST_SOWMIYA_003-TRUSTED,Trusted Household Vendor,13,0,3,16,0,0,0,None,Resolved Genuine,Standard Habitual Purchase,0
TXN-CUST_SOWMIYA_003-10082,2026-07-01 09:36:25,2026-07-01,09:36:25,9,2,0,0,CUST_SOWMIYA_003,55,Bengaluru,Karnataka,High Risk / 26% Fraud Rate,M027,BrickHarbor Realty,Real Estate / Property Services,Rental Escrow & Facility Management,Chennai,Porur,Tamil Nadu,600116,13.035,80.16,11,65000.0,09:00-19:00,"TRANSFER,NETBANKING,CARD",Security deposit phishing / escrow hijacking,0.039,97,28312.7,INR,PURCHASE,NETBANKING,MOBILE_APP,0,0,Bengaluru,7.0,0,0,1,DEV-SOWMIYA-ONEPLUS-11,mobile_android,0,BEN-CUST_SOWMIYA_003-TRUSTED,Trusted Household Vendor,11,0,3,17,0,0,0,None,Resolved Genuine,Standard Habitual Purchase,0
TXN-CUST_SOWMIYA_003-10083,2026-07-01 11:00:45,2026-07-01,11:00:45,11,2,0,0,CUST_SOWMIYA_003,55,Bengaluru,Karnataka,High Risk / 26% Fraud Rate,M028,CraftCove Home Decor,Home Decor,Handicrafts & Art Pieces,Thanjavur,Medical College Road,Tamil Nadu,613004,10.7684,79.1245,8,7400.0,09:30-20:30,"POS,UPI,CARD,ONLINE",Cross-border tourist chargebacks,0.023,57,26075.63,INR,P2P_TRANSFER,UPI,WEB_PORTAL,0,1,Moscow,1237.0,1,1,0,DEV-ROGUE-EMULATOR-637,unknown_bot,1,BEN-MULE-7693,QuickMule Transfer 88,0,12,31,130,4,2,1,Mule-account behavior,Pre-auth Block,Automated high-velocity attack from unknown device,1
TXN-CUST_SOWMIYA_003-10084,2026-07-01 12:25:57,2026-07-01,12:25:57,12,2,0,0,CUST_SOWMIYA_003,55,Bengaluru,Karnataka,High Risk / 26% Fraud Rate,M028,CraftCove Home Decor,Home Decor,Handicrafts & Art Pieces,Thanjavur,Medical College Road,Tamil Nadu,613004,10.7684,79.1245,8,7400.0,09:30-20:30,"POS,UPI,CARD,ONLINE",Cross-border tourist chargebacks,0.023,57,44758.57,INR,PURCHASE,POS,MOBILE_APP,1,0,Bengaluru,7.0,0,0,1,DEV-SOWMIYA-ONEPLUS-11,mobile_android,0,BEN-CUST_SOWMIYA_003-TRUSTED,Trusted Household Vendor,11,0,3,19,0,0,0,None,Resolved Genuine,Standard Habitual Purchase,0
TXN-CUST_SOWMIYA_003-10085,2026-07-01 13:49:29,2026-07-01,13:49:29,13,2,0,0,CUST_SOWMIYA_003,55,Bengaluru,Karnataka,High Risk / 26% Fraud Rate,M024,LinkWave Telecom,Telecom Retail,Fiber Broadband & Postpaid Plans,Erode,Perundurai Road,Tamil Nadu,638011,11.341,77.7172,10,1950.0,09:30-20:30,"UPI,CARD,ONLINE,POS",SIM swap bill recharge surges,0.017,42,6032.43,INR,P2P_TRANSFER,POS,WEB_PORTAL,0,1,Singapore,1461.0,1,1,0,DEV-ROGUE-EMULATOR-161,unknown_bot,1,BEN-MULE-1134,QuickMule Transfer 16,0,6,29,121,4,4,1,Credential compromise,Pre-auth Block,Automated high-velocity attack from unknown device,1
TXN-CUST_SOWMIYA_003-10086,2026-07-01 15:14:34,2026-07-01,15:14:34,15,2,0,0,CUST_SOWMIYA_003,55,Bengaluru,Karnataka,High Risk / 26% Fraud Rate,M025,ShieldSure Services,Insurance Services,General & Health Insurance Premium,Chennai,Egmore,Tamil Nadu,600008,13.0784,80.2607,13,14000.0,09:30-18:00,"ONLINE,NETBANKING,CARD",Premium diversion / fake policy payment slips,0.019,47,32039.99,INR,PURCHASE,ONLINE,MOBILE_APP,0,0,Bengaluru,4.0,0,0,1,DEV-SOWMIYA-ONEPLUS-11,mobile_android,0,BEN-CUST_SOWMIYA_003-TRUSTED,Trusted Household Vendor,10,0,4,25,0,0,0,None,Resolved Genuine,Standard Habitual Purchase,0
TXN-CUST_SOWMIYA_003-10087,2026-07-01 16:43:25,2026-07-01,16:43:25,16,2,0,0,CUST_SOWMIYA_003,55,Bengaluru,Karnataka,High Risk / 26% Fraud Rate,M028,CraftCove Home Decor,Home Decor,Handicrafts & Art Pieces,Thanjavur,Medical College Road,Tamil Nadu,613004,10.7684,79.1245,8,7400.0,09:30-20:30,"POS,UPI,CARD,ONLINE",Cross-border tourist chargebacks,0.023,57,44646.15,INR,PURCHASE,POS,MOBILE_APP,1,0,Bengaluru,6.0,0,0,1,DEV-SOWMIYA-ONEPLUS-11,mobile_android,0,BEN-CUST_SOWMIYA_003-TRUSTED,Trusted Household Vendor,13,0,3,17,0,0,0,None,Resolved Genuine,Standard Habitual Purchase,0
TXN-CUST_SOWMIYA_003-10088,2026-07-01 18:10:11,2026-07-01,18:10:11,18,2,0,0,CUST_SOWMIYA_003,55,Bengaluru,Karnataka,High Risk / 26% Fraud Rate,M001,NovaMart Fresh,Grocery & Supermarket,Supermarket / Hypermarket,Chennai,T Nagar,Tamil Nadu,600017,13.0418,80.2341,8,1250.0,07:00-22:30,"POS,UPI,CARD,ONLINE",Card testing / micro-burst velocity,0.012,30,13569.5,INR,PURCHASE,CARD,MOBILE_APP,1,0,Bengaluru,3.0,0,0,1,DEV-SOWMIYA-ONEPLUS-11,mobile_android,0,BEN-CUST_SOWMIYA_003-TRUSTED,Trusted Household Vendor,4,0,3,14,0,0,0,None,Resolved Genuine,Standard Habitual Purchase,0
TXN-CUST_SOWMIYA_003-10089,2026-07-01 19:37:39,2026-07-01,19:37:39,19,2,0,0,CUST_SOWMIYA_003,55,Bengaluru,Karnataka,High Risk / 26% Fraud Rate,M023,SwiftBox Logistics,Courier / Logistics,Express Parcel & Freight Delivery,Tiruppur,Avinashi Road,Tamil Nadu,641603,11.1085,77.3411,9,4200.0,08:00-21:00,"POS,UPI,CARD,ONLINE",Interception fraud / address redirection,0.02,50,12766.79,INR,P2P_TRANSFER,ONLINE,WEB_PORTAL,0,1,Dubai,2715.0,1,1,0,DEV-ROGUE-EMULATOR-451,unknown_bot,1,BEN-MULE-2060,QuickMule Transfer 27,0,12,15,66,4,2,1,Account takeover,Pre-auth Block,Automated high-velocity attack from unknown device,1
TXN-CUST_SOWMIYA_003-10090,2026-07-01 21:05:41,2026-07-01,21:05:41,21,2,0,0,CUST_SOWMIYA_003,55,Bengaluru,Karnataka,High Risk / 26% Fraud Rate,M022,SkillSpring Academy,Education / Training,Professional Certifications & Tech Bootcamps,Chennai,Mylapore,Tamil Nadu,600004,13.0368,80.2676,8,22000.0,08:30-19:30,"ONLINE,NETBANKING,CARD,UPI",Stolen corporate card enrollments,0.028,70,34393.88,INR,PURCHASE,CARD,MOBILE_APP,0,0,Bengaluru,4.0,0,0,1,DEV-SOWMIYA-ONEPLUS-11,mobile_android,0,BEN-CUST_SOWMIYA_003-TRUSTED,Trusted Household Vendor,12,0,4,21,0,0,0,None,Resolved Genuine,Standard Habitual Purchase,0
TXN-CUST_SOWMIYA_003-10091,2026-07-01 22:29:33,2026-07-01,22:29:33,22,2,0,0,CUST_SOWMIYA_003,55,Bengaluru,Karnataka,High Risk / 26% Fraud Rate,M024,LinkWave Telecom,Telecom Retail,Fiber Broadband & Postpaid Plans,Erode,Perundurai Road,Tamil Nadu,638011,11.341,77.7172,10,1950.0,09:30-20:30,"UPI,CARD,ONLINE,POS",SIM swap bill recharge surges,0.017,42,36191.01,INR,PURCHASE,ONLINE,MOBILE_APP,1,0,Bengaluru,2.0,0,0,1,DEV-SOWMIYA-ONEPLUS-11,mobile_android,0,BEN-CUST_SOWMIYA_003-TRUSTED,Trusted Household Vendor,13,1,2,10,0,0,0,None,Resolved Genuine,Standard Habitual Purchase,0
TXN-CUST_SOWMIYA_003-10092,2026-07-01 23:54:36,2026-07-01,23:54:36,23,2,0,1,CUST_SOWMIYA_003,55,Bengaluru,Karnataka,High Risk / 26% Fraud Rate,M028,CraftCove Home Decor,Home Decor,Handicrafts & Art Pieces,Thanjavur,Medical College Road,Tamil Nadu,613004,10.7684,79.1245,8,7400.0,09:30-20:30,"POS,UPI,CARD,ONLINE",Cross-border tourist chargebacks,0.023,57,17106.95,INR,PURCHASE,UPI,MOBILE_APP,1,0,Bengaluru,6.0,0,0,1,DEV-SOWMIYA-ONEPLUS-11,mobile_android,0,BEN-CUST_SOWMIYA_003-TRUSTED,Trusted Household Vendor,7,1,4,26,0,0,0,None,Resolved Genuine,Standard Habitual Purchase,0
TXN-CUST_SOWMIYA_003-10093,2026-07-02 01:20:36,2026-07-02,01:20:36,1,3,0,1,CUST_SOWMIYA_003,55,Bengaluru,Karnataka,High Risk / 26% Fraud Rate,M022,SkillSpring Academy,Education / Training,Professional Certifications & Tech Bootcamps,Chennai,Mylapore,Tamil Nadu,600004,13.0368,80.2676,8,22000.0,08:30-19:30,"ONLINE,NETBANKING,CARD,UPI",Stolen corporate card enrollments,0.028,70,104216.42,INR,P2P_TRANSFER,CARD,WEB_PORTAL,0,1,Singapore,2109.0,1,1,0,DEV-ROGUE-EMULATOR-925,unknown_bot,1,BEN-MULE-4152,QuickMule Transfer 80,0,4,28,119,4,4,1,Mule-account behavior,Pre-auth Block,Automated high-velocity attack from unknown device,1
TXN-CUST_SOWMIYA_003-10094,2026-07-02 02:45:45,2026-07-02,02:45:45,2,3,0,1,CUST_SOWMIYA_003,55,Bengaluru,Karnataka,High Risk / 26% Fraud Rate,M003,Pulse Mobile Hub,Mobile Store,Smartphones & Accessories,Chennai,Tambaram,Tamil Nadu,600045,12.9249,80.1278,4,18500.0,09:30-21:30,"POS,UPI,CARD",New device abuse / rapid checkout surge,0.035,87,20276.41,INR,PURCHASE,CARD,MOBILE_APP,1,0,Bengaluru,13.0,0,0,1,DEV-SOWMIYA-ONEPLUS-11,mobile_android,0,BEN-CUST_SOWMIYA_003-TRUSTED,Trusted Household Vendor,15,0,1,7,0,0,0,None,Resolved Genuine,Standard Habitual Purchase,0
TXN-CUST_SOWMIYA_003-10095,2026-07-02 04:12:40,2026-07-02,04:12:40,4,3,0,1,CUST_SOWMIYA_003,55,Bengaluru,Karnataka,High Risk / 26% Fraud Rate,M011,SkyTrail Travels,Travel Agency,Flight & International Tour Packages,Coimbatore,Gandhipuram,Tamil Nadu,641012,11.0183,76.9664,11,44000.0,09:00-20:00,"ONLINE,TRANSFER,CARD",Mule-account ticket arbitrage & fast cancellation fraud,0.052,130,106457.95,INR,P2P_TRANSFER,TRANSFER,WEB_PORTAL,0,1,Singapore,4018.0,1,1,0,DEV-ROGUE-EMULATOR-781,unknown_bot,1,BEN-MULE-7846,QuickMule Transfer 27,0,9,22,92,3,4,0,Account takeover,Pre-auth Block,Automated high-velocity attack from unknown device,1
TXN-CUST_SOWMIYA_003-10096,2026-07-02 05:39:20,2026-07-02,05:39:20,5,3,0,1,CUST_SOWMIYA_003,55,Bengaluru,Karnataka,High Risk / 26% Fraud Rate,M004,Aurelia Gold House,Jewellery,Gold & Diamond Jewellery,Coimbatore,RS Puram,Tamil Nadu,641002,11.0089,76.9514,14,78000.0,10:00-20:30,"POS,CARD,TRANSFER",Account takeover / card-not-present luxury surge,0.065,162,25618.07,INR,PURCHASE,POS,MOBILE_APP,1,0,Bengaluru,4.0,0,0,1,DEV-SOWMIYA-ONEPLUS-11,mobile_android,0,BEN-CUST_SOWMIYA_003-TRUSTED,Trusted Household Vendor,9,0,3,16,0,0,0,None,Resolved Genuine,Standard Habitual Purchase,0
TXN-CUST_SOWMIYA_003-10097,2026-07-02 07:07:48,2026-07-02,07:07:48,7,3,0,0,CUST_SOWMIYA_003,55,Bengaluru,Karnataka,High Risk / 26% Fraud Rate,M022,SkillSpring Academy,Education / Training,Professional Certifications & Tech Bootcamps,Chennai,Mylapore,Tamil Nadu,600004,13.0368,80.2676,8,22000.0,08:30-19:30,"ONLINE,NETBANKING,CARD,UPI",Stolen corporate card enrollments,0.028,70,22257.15,INR,PURCHASE,NETBANKING,MOBILE_APP,0,0,Bengaluru,8.0,0,0,1,DEV-SOWMIYA-ONEPLUS-11,mobile_android,0,BEN-CUST_SOWMIYA_003-TRUSTED,Trusted Household Vendor,14,0,4,24,0,0,0,None,Resolved Genuine,Standard Habitual Purchase,0
TXN-CUST_SOWMIYA_003-10098,2026-07-02 08:32:45,2026-07-02,08:32:45,8,3,0,0,CUST_SOWMIYA_003,55,Bengaluru,Karnataka,High Risk / 26% Fraud Rate,M004,Aurelia Gold House,Jewellery,Gold & Diamond Jewellery,Coimbatore,RS Puram,Tamil Nadu,641002,11.0089,76.9514,14,78000.0,10:00-20:30,"POS,CARD,TRANSFER",Account takeover / card-not-present luxury surge,0.065,162,17343.95,INR,PURCHASE,POS,MOBILE_APP,1,0,Bengaluru,7.0,0,0,1,DEV-SOWMIYA-ONEPLUS-11,mobile_android,0,BEN-CUST_SOWMIYA_003-TRUSTED,Trusted Household Vendor,11,1,3,22,0,0,0,None,Resolved Genuine,Standard Habitual Purchase,0
TXN-CUST_SOWMIYA_003-10099,2026-07-02 10:02:00,2026-07-02,10:02:00,10,3,0,0,CUST_SOWMIYA_003,55,Bengaluru,Karnataka,High Risk / 26% Fraud Rate,M021,GlowCraft Salon,Salon / Beauty,Spa & Grooming Studio,Chennai,Porur,Tamil Nadu,600116,13.0382,80.1565,5,2800.0,09:00-21:00,"POS,UPI,CARD",Unusual late-night transaction spikes,0.011,27,26518.98,INR,PURCHASE,CARD,MOBILE_APP,1,0,Bengaluru,3.0,0,0,1,DEV-SOWMIYA-ONEPLUS-11,mobile_android,0,BEN-CUST_SOWMIYA_003-TRUSTED,Trusted Household Vendor,9,1,1,9,0,0,0,None,Resolved Genuine,Standard Habitual Purchase,0
TXN-CUST_SOWMIYA_003-10100,2026-07-02 11:25:54,2026-07-02,11:25:54,11,3,0,0,CUST_SOWMIYA_003,55,Bengaluru,Karnataka,High Risk / 26% Fraud Rate,M027,BrickHarbor Realty,Real Estate / Property Services,Rental Escrow & Facility Management,Chennai,Porur,Tamil Nadu,600116,13.035,80.16,11,65000.0,09:00-19:00,"TRANSFER,NETBANKING,CARD",Security deposit phishing / escrow hijacking,0.039,97,186770.81,INR,P2P_TRANSFER,CARD,WEB_PORTAL,0,1,Lagos,3952.0,1,1,0,DEV-ROGUE-EMULATOR-909,unknown_bot,1,BEN-MULE-1532,QuickMule Transfer 52,0,5,25,110,5,1,1,Mule-account behavior,Pre-auth Block,Automated high-velocity attack from unknown device,1
TXN-CUST_SOWMIYA_003-10101,2026-07-02 12:50:10,2026-07-02,12:50:10,12,3,0,0,CUST_SOWMIYA_003,55,Bengaluru,Karnataka,High Risk / 26% Fraud Rate,M027,BrickHarbor Realty,Real Estate / Property Services,Rental Escrow & Facility Management,Chennai,Porur,Tamil Nadu,600116,13.035,80.16,11,65000.0,09:00-19:00,"TRANSFER,NETBANKING,CARD",Security deposit phishing / escrow hijacking,0.039,97,15676.46,INR,PURCHASE,TRANSFER,MOBILE_APP,0,0,Bengaluru,11.0,0,0,1,DEV-SOWMIYA-ONEPLUS-11,mobile_android,0,BEN-CUST_SOWMIYA_003-TRUSTED,Trusted Household Vendor,10,0,4,19,0,0,0,None,Resolved Genuine,Standard Habitual Purchase,0
TXN-CUST_SOWMIYA_003-10102,2026-07-02 14:19:15,2026-07-02,14:19:15,14,3,0,0,CUST_SOWMIYA_003,55,Bengaluru,Karnataka,High Risk / 26% Fraud Rate,M025,ShieldSure Services,Insurance Services,General & Health Insurance Premium,Chennai,Egmore,Tamil Nadu,600008,13.0784,80.2607,13,14000.0,09:30-18:00,"ONLINE,NETBANKING,CARD",Premium diversion / fake policy payment slips,0.019,47,18763.71,INR,PURCHASE,CARD,MOBILE_APP,0,0,Bengaluru,13.0,0,0,1,DEV-SOWMIYA-ONEPLUS-11,mobile_android,0,BEN-CUST_SOWMIYA_003-TRUSTED,Trusted Household Vendor,7,0,1,11,0,0,0,None,Resolved Genuine,Standard Habitual Purchase,0
TXN-CUST_SOWMIYA_003-10103,2026-07-02 15:47:45,2026-07-02,15:47:45,15,3,0,0,CUST_SOWMIYA_003,55,Bengaluru,Karnataka,High Risk / 26% Fraud Rate,M003,Pulse Mobile Hub,Mobile Store,Smartphones & Accessories,Chennai,Tambaram,Tamil Nadu,600045,12.9249,80.1278,4,18500.0,09:30-21:30,"POS,UPI,CARD",New device abuse / rapid checkout surge,0.035,87,33888.92,INR,PURCHASE,CARD,MOBILE_APP,1,0,Bengaluru,11.0,0,0,1,DEV-SOWMIYA-ONEPLUS-11,mobile_android,0,BEN-CUST_SOWMIYA_003-TRUSTED,Trusted Household Vendor,8,1,2,13,0,0,0,None,Resolved Genuine,Standard Habitual Purchase,0
TXN-CUST_SOWMIYA_003-10104,2026-07-02 17:13:33,2026-07-02,17:13:33,17,3,0,0,CUST_SOWMIYA_003,55,Bengaluru,Karnataka,High Risk / 26% Fraud Rate,M012,DashDine Delivery,Food Delivery,Quick Commerce & Meal Delivery,Chennai,Sholinganallur,Tamil Nadu,600119,12.901,80.2279,4,520.0,06:00-02:00,"UPI,CARD,ONLINE,WALLET",Promo code abuse / stolen wallet balances,0.014,35,12979.97,INR,PURCHASE,CARD,MOBILE_APP,0,0,Bengaluru,11.0,0,0,1,DEV-SOWMIYA-ONEPLUS-11,mobile_android,0,BEN-CUST_SOWMIYA_003-TRUSTED,Trusted Household Vendor,15,1,2,11,0,0,0,None,Resolved Genuine,Standard Habitual Purchase,0
TXN-CUST_SOWMIYA_003-10105,2026-07-02 18:38:26,2026-07-02,18:38:26,18,3,0,0,CUST_SOWMIYA_003,55,Bengaluru,Karnataka,High Risk / 26% Fraud Rate,M005,UrbanThread Studio,Fashion / Apparel,Designer & Ready-to-wear,Chennai,Anna Nagar,Tamil Nadu,600040,13.085,80.2101,5,4800.0,10:30-22:00,"POS,ONLINE,UPI,CARD",Refund abuse / credential stuffing,0.022,55,27521.22,INR,PURCHASE,ONLINE,MOBILE_APP,1,0,Bengaluru,13.0,0,0,1,DEV-SOWMIYA-ONEPLUS-11,mobile_android,0,BEN-CUST_SOWMIYA_003-TRUSTED,Trusted Household Vendor,10,0,4,19,0,0,0,None,Resolved Genuine,Standard Habitual Purchase,0
TXN-CUST_SOWMIYA_003-10106,2026-07-02 20:02:30,2026-07-02,20:02:30,20,3,0,0,CUST_SOWMIYA_003,55,Bengaluru,Karnataka,High Risk / 26% Fraud Rate,M011,SkyTrail Travels,Travel Agency,Flight & International Tour Packages,Coimbatore,Gandhipuram,Tamil Nadu,641012,11.0183,76.9664,11,44000.0,09:00-20:00,"ONLINE,TRANSFER,CARD",Mule-account ticket arbitrage & fast cancellation fraud,0.052,130,21413.92,INR,PURCHASE,ONLINE,MOBILE_APP,0,0,Bengaluru,1.0,0,0,1,DEV-SOWMIYA-ONEPLUS-11,mobile_android,0,BEN-CUST_SOWMIYA_003-TRUSTED,Trusted Household Vendor,6,0,3,22,0,0,0,None,Resolved Genuine,Standard Habitual Purchase,0
TXN-CUST_SOWMIYA_003-10107,2026-07-02 21:31:00,2026-07-02,21:31:00,21,3,0,0,CUST_SOWMIYA_003,55,Bengaluru,Karnataka,High Risk / 26% Fraud Rate,M007,SpiceRoute Kitchen,Restaurant,Fine Dining & Chettinad,Chennai,Adyar,Tamil Nadu,600020,13.0012,80.2565,7,2200.0,11:30-23:30,"POS,UPI,CARD",Cloned card POS terminal replay,0.018,45,33523.87,INR,PURCHASE,POS,MOBILE_APP,1,0,Bengaluru,4.0,0,0,1,DEV-SOWMIYA-ONEPLUS-11,mobile_android,0,BEN-CUST_SOWMIYA_003-TRUSTED,Trusted Household Vendor,6,0,3,14,0,0,0,None,Resolved Genuine,Standard Habitual Purchase,0
TXN-CUST_SOWMIYA_003-10108,2026-07-02 22:58:31,2026-07-02,22:58:31,22,3,0,0,CUST_SOWMIYA_003,55,Bengaluru,Karnataka,High Risk / 26% Fraud Rate,M028,CraftCove Home Decor,Home Decor,Handicrafts & Art Pieces,Thanjavur,Medical College Road,Tamil Nadu,613004,10.7684,79.1245,8,7400.0,09:30-20:30,"POS,UPI,CARD,ONLINE",Cross-border tourist chargebacks,0.023,57,16761.98,INR,PURCHASE,POS,MOBILE_APP,1,0,Bengaluru,10.0,0,0,1,DEV-SOWMIYA-ONEPLUS-11,mobile_android,0,BEN-CUST_SOWMIYA_003-TRUSTED,Trusted Household Vendor,13,0,1,11,0,0,0,None,Resolved Genuine,Standard Habitual Purchase,0
TXN-CUST_SOWMIYA_003-10109,2026-07-03 00:22:00,2026-07-03,00:22:00,0,4,0,1,CUST_SOWMIYA_003,55,Bengaluru,Karnataka,High Risk / 26% Fraud Rate,M005,UrbanThread Studio,Fashion / Apparel,Designer & Ready-to-wear,Chennai,Anna Nagar,Tamil Nadu,600040,13.085,80.2101,5,4800.0,10:30-22:00,"POS,ONLINE,UPI,CARD",Refund abuse / credential stuffing,0.022,55,34769.54,INR,PURCHASE,ONLINE,MOBILE_APP,1,0,Bengaluru,2.0,0,0,1,DEV-SOWMIYA-ONEPLUS-11,mobile_android,0,BEN-CUST_SOWMIYA_003-TRUSTED,Trusted Household Vendor,12,0,4,24,0,0,0,None,Resolved Genuine,Standard Habitual Purchase,0
TXN-CUST_SOWMIYA_003-10110,2026-07-03 01:50:50,2026-07-03,01:50:50,1,4,0,1,CUST_SOWMIYA_003,55,Bengaluru,Karnataka,High Risk / 26% Fraud Rate,M011,SkyTrail Travels,Travel Agency,Flight & International Tour Packages,Coimbatore,Gandhipuram,Tamil Nadu,641012,11.0183,76.9664,11,44000.0,09:00-20:00,"ONLINE,TRANSFER,CARD",Mule-account ticket arbitrage & fast cancellation fraud,0.052,130,39064.31,INR,PURCHASE,ONLINE,MOBILE_APP,0,0,Bengaluru,15.0,0,0,1,DEV-SOWMIYA-ONEPLUS-11,mobile_android,0,BEN-CUST_SOWMIYA_003-TRUSTED,Trusted Household Vendor,11,0,2,16,0,0,0,None,Resolved Genuine,Standard Habitual Purchase,0
TXN-CUST_SOWMIYA_003-10111,2026-07-03 03:15:04,2026-07-03,03:15:04,3,4,0,1,CUST_SOWMIYA_003,55,Bengaluru,Karnataka,High Risk / 26% Fraud Rate,M020,GameGrid Arena,Gaming,"Esports, Consoles & Virtual Credits",Bengaluru,Koramangala,Karnataka,560095,12.9352,77.6245,4,3400.0,10:00-01:00,"ONLINE,UPI,CARD,WALLET",Virtual item laundering & bot-driven micro transactions,0.055,137,14251.64,INR,PURCHASE,UPI,MOBILE_APP,0,0,Bengaluru,1.0,0,0,1,DEV-SOWMIYA-ONEPLUS-11,mobile_android,0,BEN-CUST_SOWMIYA_003-TRUSTED,Trusted Household Vendor,6,0,4,20,0,0,0,None,Resolved Genuine,Standard Habitual Purchase,0
TXN-CUST_SOWMIYA_003-10112,2026-07-03 04:39:04,2026-07-03,04:39:04,4,4,0,1,CUST_SOWMIYA_003,55,Bengaluru,Karnataka,High Risk / 26% Fraud Rate,M018,PageTurn Book House,Bookstore,"Academic, Fiction & Stationery",Trichy,Thillai Nagar,Tamil Nadu,620018,10.8282,78.6854,16,850.0,09:00-21:30,"POS,UPI,CARD,ONLINE",Low-value card testing bots,0.008,20,19819.55,INR,PURCHASE,UPI,MOBILE_APP,1,0,Bengaluru,10.0,0,0,1,DEV-SOWMIYA-ONEPLUS-11,mobile_android,0,BEN-CUST_SOWMIYA_003-TRUSTED,Trusted Household Vendor,10,0,3,21,0,0,0,None,Resolved Genuine,Standard Habitual Purchase,0
TXN-CUST_SOWMIYA_003-10113,2026-07-03 06:05:04,2026-07-03,06:05:04,6,4,0,0,CUST_SOWMIYA_003,55,Bengaluru,Karnataka,High Risk / 26% Fraud Rate,M016,MotoCare Garage,Auto Service,Car Service & Detailing Hub,Chennai,Pallikaranai,Tamil Nadu,600100,12.9372,80.2014,7,8900.0,08:30-20:30,"POS,UPI,CARD",Over-invoicing / synthetic card payments,0.021,52,38840.07,INR,P2P_TRANSFER,CARD,WEB_PORTAL,0,1,Lagos,5409.0,1,1,0,DEV-ROGUE-EMULATOR-467,unknown_bot,1,BEN-MULE-6673,QuickMule Transfer 86,0,11,27,111,2,4,0,Account takeover,Pre-auth Block,Automated high-velocity attack from unknown device,1
TXN-CUST_SOWMIYA_003-10114,2026-07-03 07:30:43,2026-07-03,07:30:43,7,4,0,0,CUST_SOWMIYA_003,55,Bengaluru,Karnataka,High Risk / 26% Fraud Rate,M007,SpiceRoute Kitchen,Restaurant,Fine Dining & Chettinad,Chennai,Adyar,Tamil Nadu,600020,13.0012,80.2565,7,2200.0,11:30-23:30,"POS,UPI,CARD",Cloned card POS terminal replay,0.018,45,13331.61,INR,PURCHASE,POS,MOBILE_APP,1,0,Bengaluru,5.0,0,0,1,DEV-SOWMIYA-ONEPLUS-11,mobile_android,0,BEN-CUST_SOWMIYA_003-TRUSTED,Trusted Household Vendor,15,0,1,6,0,0,0,None,Resolved Genuine,Standard Habitual Purchase,0
TXN-CUST_SOWMIYA_003-10115,2026-07-03 08:54:54,2026-07-03,08:54:54,8,4,0,0,CUST_SOWMIYA_003,55,Bengaluru,Karnataka,High Risk / 26% Fraud Rate,M021,GlowCraft Salon,Salon / Beauty,Spa & Grooming Studio,Chennai,Porur,Tamil Nadu,600116,13.0382,80.1565,5,2800.0,09:00-21:00,"POS,UPI,CARD",Unusual late-night transaction spikes,0.011,27,24303.1,INR,PURCHASE,CARD,MOBILE_APP,1,0,Bengaluru,13.0,0,0,1,DEV-SOWMIYA-ONEPLUS-11,mobile_android,0,BEN-CUST_SOWMIYA_003-TRUSTED,Trusted Household Vendor,11,0,4,18,0,0,0,None,Resolved Genuine,Standard Habitual Purchase,0
TXN-CUST_SOWMIYA_003-10116,2026-07-03 10:23:37,2026-07-03,10:23:37,10,4,0,0,CUST_SOWMIYA_003,55,Bengaluru,Karnataka,High Risk / 26% Fraud Rate,M024,LinkWave Telecom,Telecom Retail,Fiber Broadband & Postpaid Plans,Erode,Perundurai Road,Tamil Nadu,638011,11.341,77.7172,10,1950.0,09:30-20:30,"UPI,CARD,ONLINE,POS",SIM swap bill recharge surges,0.017,42,43552.52,INR,PURCHASE,ONLINE,MOBILE_APP,1,0,Bengaluru,11.0,0,0,1,DEV-SOWMIYA-ONEPLUS-11,mobile_android,0,BEN-CUST_SOWMIYA_003-TRUSTED,Trusted Household Vendor,5,0,1,14,0,0,0,None,Resolved Genuine,Standard Habitual Purchase,0
TXN-CUST_SOWMIYA_003-10117,2026-07-03 11:49:25,2026-07-03,11:49:25,11,4,0,0,CUST_SOWMIYA_003,55,Bengaluru,Karnataka,High Risk / 26% Fraud Rate,M025,ShieldSure Services,Insurance Services,General & Health Insurance Premium,Chennai,Egmore,Tamil Nadu,600008,13.0784,80.2607,13,14000.0,09:30-18:00,"ONLINE,NETBANKING,CARD",Premium diversion / fake policy payment slips,0.019,47,24963.75,INR,PURCHASE,ONLINE,MOBILE_APP,0,0,Bengaluru,4.0,0,0,1,DEV-SOWMIYA-ONEPLUS-11,mobile_android,0,BEN-CUST_SOWMIYA_003-TRUSTED,Trusted Household Vendor,7,0,1,9,0,0,0,None,Resolved Genuine,Standard Habitual Purchase,0
TXN-CUST_SOWMIYA_003-10118,2026-07-03 13:14:27,2026-07-03,13:14:27,13,4,0,0,CUST_SOWMIYA_003,55,Bengaluru,Karnataka,High Risk / 26% Fraud Rate,M022,SkillSpring Academy,Education / Training,Professional Certifications & Tech Bootcamps,Chennai,Mylapore,Tamil Nadu,600004,13.0368,80.2676,8,22000.0,08:30-19:30,"ONLINE,NETBANKING,CARD,UPI",Stolen corporate card enrollments,0.028,70,34990.26,INR,PURCHASE,NETBANKING,MOBILE_APP,0,0,Bengaluru,11.0,0,0,1,DEV-SOWMIYA-ONEPLUS-11,mobile_android,0,BEN-CUST_SOWMIYA_003-TRUSTED,Trusted Household Vendor,11,0,1,9,0,0,0,None,Resolved Genuine,Standard Habitual Purchase,0
TXN-CUST_SOWMIYA_003-10119,2026-07-03 14:42:35,2026-07-03,14:42:35,14,4,0,0,CUST_SOWMIYA_003,55,Bengaluru,Karnataka,High Risk / 26% Fraud Rate,M018,PageTurn Book House,Bookstore,"Academic, Fiction & Stationery",Trichy,Thillai Nagar,Tamil Nadu,620018,10.8282,78.6854,16,850.0,09:00-21:30,"POS,UPI,CARD,ONLINE",Low-value card testing bots,0.008,20,28670.61,INR,PURCHASE,UPI,MOBILE_APP,1,0,Bengaluru,1.0,0,0,1,DEV-SOWMIYA-ONEPLUS-11,mobile_android,0,BEN-CUST_SOWMIYA_003-TRUSTED,Trusted Household Vendor,11,1,2,17,0,0,0,None,Resolved Genuine,Standard Habitual Purchase,0
TXN-CUST_SOWMIYA_003-10120,2026-07-03 16:07:01,2026-07-03,16:07:01,16,4,0,0,CUST_SOWMIYA_003,55,Bengaluru,Karnataka,High Risk / 26% Fraud Rate,M002,CircuitBay Electronics,Consumer Electronics,Laptops & Gadgets,Chennai,Velachery,Tamil Nadu,600042,12.9759,80.2212,6,32000.0,10:00-21:30,"POS,ONLINE,EMI,UPI",Stolen payment details / high-ticket electronics delivery,0.048,120,79371.53,INR,P2P_TRANSFER,ONLINE,WEB_PORTAL,0,1,Singapore,4274.0,1,1,0,DEV-ROGUE-EMULATOR-350,unknown_bot,1,BEN-MULE-1047,QuickMule Transfer 22,0,4,15,70,6,3,1,Credential compromise,Pre-auth Block,Automated high-velocity attack from unknown device,1
TXN-CUST_SOWMIYA_003-10121,2026-07-03 17:34:22,2026-07-03,17:34:22,17,4,0,0,CUST_SOWMIYA_003,55,Bengaluru,Karnataka,High Risk / 26% Fraud Rate,M006,MedicoCare Pharmacy,Pharmacy,Medicines & Surgical Supplies,Madurai,KK Nagar,Tamil Nadu,625020,9.9252,78.1498,10,1450.0,24_HOURS,"POS,UPI,CARD,ONLINE",Nighttime micro card testing,0.015,37,23768.84,INR,PURCHASE,POS,MOBILE_APP,1,0,Bengaluru,4.0,0,0,1,DEV-SOWMIYA-ONEPLUS-11,mobile_android,0,BEN-CUST_SOWMIYA_003-TRUSTED,Trusted Household Vendor,13,1,2,16,0,0,0,None,Resolved Genuine,Standard Habitual Purchase,0
TXN-CUST_SOWMIYA_003-10122,2026-07-03 19:00:54,2026-07-03,19:00:54,19,4,0,0,CUST_SOWMIYA_003,55,Bengaluru,Karnataka,High Risk / 26% Fraud Rate,M024,LinkWave Telecom,Telecom Retail,Fiber Broadband & Postpaid Plans,Erode,Perundurai Road,Tamil Nadu,638011,11.341,77.7172,10,1950.0,09:30-20:30,"UPI,CARD,ONLINE,POS",SIM swap bill recharge surges,0.017,42,38066.94,INR,PURCHASE,UPI,MOBILE_APP,1,0,Bengaluru,7.0,0,0,1,DEV-SOWMIYA-ONEPLUS-11,mobile_android,0,BEN-CUST_SOWMIYA_003-TRUSTED,Trusted Household Vendor,6,0,1,13,0,0,0,None,Resolved Genuine,Standard Habitual Purchase,0
TXN-CUST_SOWMIYA_003-10123,2026-07-03 20:30:15,2026-07-03,20:30:15,20,4,0,0,CUST_SOWMIYA_003,55,Bengaluru,Karnataka,High Risk / 26% Fraud Rate,M024,LinkWave Telecom,Telecom Retail,Fiber Broadband & Postpaid Plans,Erode,Perundurai Road,Tamil Nadu,638011,11.341,77.7172,10,1950.0,09:30-20:30,"UPI,CARD,ONLINE,POS",SIM swap bill recharge surges,0.017,42,7567.27,INR,P2P_TRANSFER,CARD,WEB_PORTAL,0,0,Unknown Proxy,3708.0,1,1,0,DEV-ROGUE-EMULATOR-577,unknown_bot,1,BEN-MULE-1379,QuickMule Transfer 55,0,11,25,103,5,2,1,Mule-account behavior,Pre-auth Block,Automated high-velocity attack from unknown device,1
TXN-CUST_SOWMIYA_003-10124,2026-07-03 21:55:11,2026-07-03,21:55:11,21,4,0,0,CUST_SOWMIYA_003,55,Bengaluru,Karnataka,High Risk / 26% Fraud Rate,M023,SwiftBox Logistics,Courier / Logistics,Express Parcel & Freight Delivery,Tiruppur,Avinashi Road,Tamil Nadu,641603,11.1085,77.3411,9,4200.0,08:00-21:00,"POS,UPI,CARD,ONLINE",Interception fraud / address redirection,0.02,50,14810.53,INR,PURCHASE,POS,MOBILE_APP,1,0,Bengaluru,1.0,0,0,1,DEV-SOWMIYA-ONEPLUS-11,mobile_android,0,BEN-CUST_SOWMIYA_003-TRUSTED,Trusted Household Vendor,10,0,1,12,0,0,0,None,Resolved Genuine,Standard Habitual Purchase,0
TXN-CUST_SOWMIYA_003-10125,2026-07-03 23:20:02,2026-07-03,23:20:02,23,4,0,1,CUST_SOWMIYA_003,55,Bengaluru,Karnataka,High Risk / 26% Fraud Rate,M018,PageTurn Book House,Bookstore,"Academic, Fiction & Stationery",Trichy,Thillai Nagar,Tamil Nadu,620018,10.8282,78.6854,16,850.0,09:00-21:30,"POS,UPI,CARD,ONLINE",Low-value card testing bots,0.008,20,23889.29,INR,PURCHASE,UPI,MOBILE_APP,1,0,Bengaluru,13.0,0,0,1,DEV-SOWMIYA-ONEPLUS-11,mobile_android,0,BEN-CUST_SOWMIYA_003-TRUSTED,Trusted Household Vendor,4,1,3,17,0,0,0,None,Resolved Genuine,Standard Habitual Purchase,0
TXN-CUST_SOWMIYA_003-10126,2026-07-04 00:46:12,2026-07-04,00:46:12,0,5,1,1,CUST_SOWMIYA_003,55,Bengaluru,Karnataka,High Risk / 26% Fraud Rate,M017,AutoForge Parts,Spare Parts,OEM Industrial & Auto Components,Hosur,Mookandapalli,Tamil Nadu,635126,12.7409,77.8253,15,16500.0,09:00-19:30,"TRANSFER,POS,CARD",Business email compromise / fake beneficiary update,0.033,82,40038.83,INR,P2P_TRANSFER,CARD,WEB_PORTAL,0,0,Unknown Proxy,1859.0,1,1,0,DEV-ROGUE-EMULATOR-212,unknown_bot,1,BEN-MULE-6953,QuickMule Transfer 63,0,8,32,137,4,3,1,Credential compromise,Pre-auth Block,Automated high-velocity attack from unknown device,1
TXN-CUST_SOWMIYA_003-10127,2026-07-04 02:10:27,2026-07-04,02:10:27,2,5,1,1,CUST_SOWMIYA_003,55,Bengaluru,Karnataka,High Risk / 26% Fraud Rate,M013,CartNest Online,E-commerce,Multi-category Marketplace,Chennai,Guindy,Tamil Nadu,600032,13.0067,80.2026,5,6200.0,24_HOURS,"ONLINE,UPI,CARD,NETBANKING",Account takeover + triangulation shipping fraud,0.045,112,19515.17,INR,P2P_TRANSFER,ONLINE,WEB_PORTAL,0,1,Dubai,2724.0,1,1,0,DEV-ROGUE-EMULATOR-942,unknown_bot,1,BEN-MULE-8309,QuickMule Transfer 97,0,11,25,110,5,1,1,Credential compromise,Pre-auth Block,Automated high-velocity attack from unknown device,1
TXN-CUST_SOWMIYA_003-10128,2026-07-04 03:36:51,2026-07-04,03:36:51,3,5,1,1,CUST_SOWMIYA_003,55,Bengaluru,Karnataka,High Risk / 26% Fraud Rate,M025,ShieldSure Services,Insurance Services,General & Health Insurance Premium,Chennai,Egmore,Tamil Nadu,600008,13.0784,80.2607,13,14000.0,09:30-18:00,"ONLINE,NETBANKING,CARD",Premium diversion / fake policy payment slips,0.019,47,16234.73,INR,PURCHASE,ONLINE,MOBILE_APP,0,0,Bengaluru,7.0,0,0,1,DEV-SOWMIYA-ONEPLUS-11,mobile_android,0,BEN-CUST_SOWMIYA_003-TRUSTED,Trusted Household Vendor,9,0,3,16,0,0,0,None,Resolved Genuine,Standard Habitual Purchase,0
TXN-CUST_SOWMIYA_003-10129,2026-07-04 05:04:42,2026-07-04,05:04:42,5,5,1,1,CUST_SOWMIYA_003,55,Bengaluru,Karnataka,High Risk / 26% Fraud Rate,M025,ShieldSure Services,Insurance Services,General & Health Insurance Premium,Chennai,Egmore,Tamil Nadu,600008,13.0784,80.2607,13,14000.0,09:30-18:00,"ONLINE,NETBANKING,CARD",Premium diversion / fake policy payment slips,0.019,47,39758.0,INR,PURCHASE,NETBANKING,MOBILE_APP,0,0,Bengaluru,15.0,0,0,1,DEV-SOWMIYA-ONEPLUS-11,mobile_android,0,BEN-CUST_SOWMIYA_003-TRUSTED,Trusted Household Vendor,3,0,2,15,0,0,0,None,Resolved Genuine,Standard Habitual Purchase,0
TXN-CUST_SOWMIYA_003-10130,2026-07-04 06:31:04,2026-07-04,06:31:04,6,5,1,0,CUST_SOWMIYA_003,55,Bengaluru,Karnataka,High Risk / 26% Fraud Rate,M015,HomeSphere Appliances,Home Appliances,"Refrigerators, ACs & Kitchen Tech",Coimbatore,Saibaba Colony,Tamil Nadu,641011,11.0315,76.945,9,27500.0,09:30-21:00,"POS,EMI,CARD,UPI",Carding attacks with immediate in-store pickup,0.038,95,14766.84,INR,PURCHASE,CARD,MOBILE_APP,1,0,Bengaluru,9.0,0,0,1,DEV-SOWMIYA-ONEPLUS-11,mobile_android,0,BEN-CUST_SOWMIYA_003-TRUSTED,Trusted Household Vendor,14,0,4,18,0,0,0,None,Resolved Genuine,Standard Habitual Purchase,0
TXN-CUST_SOWMIYA_003-10131,2026-07-04 07:55:28,2026-07-04,07:55:28,7,5,1,0,CUST_SOWMIYA_003,55,Bengaluru,Karnataka,High Risk / 26% Fraud Rate,M005,UrbanThread Studio,Fashion / Apparel,Designer & Ready-to-wear,Chennai,Anna Nagar,Tamil Nadu,600040,13.085,80.2101,5,4800.0,10:30-22:00,"POS,ONLINE,UPI,CARD",Refund abuse / credential stuffing,0.022,55,19798.53,INR,P2P_TRANSFER,CARD,WEB_PORTAL,0,1,Singapore,4319.0,1,1,0,DEV-ROGUE-EMULATOR-834,unknown_bot,1,BEN-MULE-3882,QuickMule Transfer 73,0,5,21,89,4,4,0,Card testing,Pre-auth Block,Automated high-velocity attack from unknown device,1
TXN-CUST_SOWMIYA_003-10132,2026-07-04 09:23:14,2026-07-04,09:23:14,9,5,1,0,CUST_SOWMIYA_003,55,Bengaluru,Karnataka,High Risk / 26% Fraud Rate,M001,NovaMart Fresh,Grocery & Supermarket,Supermarket / Hypermarket,Chennai,T Nagar,Tamil Nadu,600017,13.0418,80.2341,8,1250.0,07:00-22:30,"POS,UPI,CARD,ONLINE",Card testing / micro-burst velocity,0.012,30,6080.0,INR,P2P_TRANSFER,UPI,WEB_PORTAL,0,1,Dubai,4944.0,1,1,0,DEV-ROGUE-EMULATOR-213,unknown_bot,1,BEN-MULE-2675,QuickMule Transfer 57,0,10,15,66,4,2,0,Credential compromise,Pre-auth Block,Automated high-velocity attack from unknown device,1
TXN-CUST_SOWMIYA_003-10133,2026-07-04 10:49:42,2026-07-04,10:49:42,10,5,1,0,CUST_SOWMIYA_003,55,Bengaluru,Karnataka,High Risk / 26% Fraud Rate,M004,Aurelia Gold House,Jewellery,Gold & Diamond Jewellery,Coimbatore,RS Puram,Tamil Nadu,641002,11.0089,76.9514,14,78000.0,10:00-20:30,"POS,CARD,TRANSFER",Account takeover / card-not-present luxury surge,0.065,162,31953.02,INR,PURCHASE,CARD,MOBILE_APP,1,0,Bengaluru,9.0,0,0,1,DEV-SOWMIYA-ONEPLUS-11,mobile_android,0,BEN-CUST_SOWMIYA_003-TRUSTED,Trusted Household Vendor,9,0,2,17,0,0,0,None,Resolved Genuine,Standard Habitual Purchase,0
TXN-CUST_SOWMIYA_003-10134,2026-07-04 12:13:15,2026-07-04,12:13:15,12,5,1,0,CUST_SOWMIYA_003,55,Bengaluru,Karnataka,High Risk / 26% Fraud Rate,M009,RapidFuel Station,Fuel Station,"Petrol, Diesel & EV Fast Charge",Salem,Fairlands,Tamil Nadu,636016,11.6643,78.146,9,3100.0,24_HOURS,"POS,FLEET_CARD,UPI",Automated fleet card skimming,0.024,60,24679.8,INR,PURCHASE,UPI,MOBILE_APP,1,0,Bengaluru,7.0,0,0,1,DEV-SOWMIYA-ONEPLUS-11,mobile_android,0,BEN-CUST_SOWMIYA_003-TRUSTED,Trusted Household Vendor,12,0,4,25,0,0,0,None,Resolved Genuine,Standard Habitual Purchase,0
TXN-CUST_SOWMIYA_003-10135,2026-07-04 13:42:13,2026-07-04,13:42:13,13,5,1,0,CUST_SOWMIYA_003,55,Bengaluru,Karnataka,High Risk / 26% Fraud Rate,M007,SpiceRoute Kitchen,Restaurant,Fine Dining & Chettinad,Chennai,Adyar,Tamil Nadu,600020,13.0012,80.2565,7,2200.0,11:30-23:30,"POS,UPI,CARD",Cloned card POS terminal replay,0.018,45,24307.23,INR,PURCHASE,POS,MOBILE_APP,1,0,Bengaluru,9.0,0,0,1,DEV-SOWMIYA-ONEPLUS-11,mobile_android,0,BEN-CUST_SOWMIYA_003-TRUSTED,Trusted Household Vendor,3,0,2,14,0,0,0,None,Resolved Genuine,Standard Habitual Purchase,0
TXN-CUST_SOWMIYA_003-10136,2026-07-04 15:08:52,2026-07-04,15:08:52,15,5,1,0,CUST_SOWMIYA_003,55,Bengaluru,Karnataka,High Risk / 26% Fraud Rate,M016,MotoCare Garage,Auto Service,Car Service & Detailing Hub,Chennai,Pallikaranai,Tamil Nadu,600100,12.9372,80.2014,7,8900.0,08:30-20:30,"POS,UPI,CARD",Over-invoicing / synthetic card payments,0.021,52,34755.57,INR,PURCHASE,POS,MOBILE_APP,1,0,Bengaluru,15.0,0,0,1,DEV-SOWMIYA-ONEPLUS-11,mobile_android,0,BEN-CUST_SOWMIYA_003-TRUSTED,Trusted Household Vendor,14,0,4,19,0,0,0,None,Resolved Genuine,Standard Habitual Purchase,0
TXN-CUST_SOWMIYA_003-10137,2026-07-04 16:36:52,2026-07-04,16:36:52,16,5,1,0,CUST_SOWMIYA_003,55,Bengaluru,Karnataka,High Risk / 26% Fraud Rate,M019,ArenaSport World,Sports Retail,Fitness Equipment & Sports Wear,Chennai,Nungambakkam,Tamil Nadu,600034,13.0604,80.2405,6,5600.0,10:00-21:30,"POS,ONLINE,UPI,CARD",Stolen card chargeback on premium sports gear,0.026,65,44763.11,INR,PURCHASE,ONLINE,MOBILE_APP,1,0,Bengaluru,12.0,0,0,1,DEV-SOWMIYA-ONEPLUS-11,mobile_android,0,BEN-CUST_SOWMIYA_003-TRUSTED,Trusted Household Vendor,13,0,1,13,0,0,0,None,Resolved Genuine,Standard Habitual Purchase,0
TXN-CUST_SOWMIYA_003-10138,2026-07-04 18:05:52,2026-07-04,18:05:52,18,5,1,0,CUST_SOWMIYA_003,55,Bengaluru,Karnataka,High Risk / 26% Fraud Rate,M013,CartNest Online,E-commerce,Multi-category Marketplace,Chennai,Guindy,Tamil Nadu,600032,13.0067,80.2026,5,6200.0,24_HOURS,"ONLINE,UPI,CARD,NETBANKING",Account takeover + triangulation shipping fraud,0.045,112,24026.66,INR,P2P_TRANSFER,NETBANKING,WEB_PORTAL,0,1,Dubai,1557.0,1,1,0,DEV-ROGUE-EMULATOR-386,unknown_bot,1,BEN-MULE-2342,QuickMule Transfer 79,0,8,13,56,5,2,1,Credential compromise,Pre-auth Block,Automated high-velocity attack from unknown device,1
TXN-CUST_SOWMIYA_003-10139,2026-07-04 19:30:02,2026-07-04,19:30:02,19,5,1,0,CUST_SOWMIYA_003,55,Bengaluru,Karnataka,High Risk / 26% Fraud Rate,M006,MedicoCare Pharmacy,Pharmacy,Medicines & Surgical Supplies,Madurai,KK Nagar,Tamil Nadu,625020,9.9252,78.1498,10,1450.0,24_HOURS,"POS,UPI,CARD,ONLINE",Nighttime micro card testing,0.015,37,21002.19,INR,PURCHASE,POS,MOBILE_APP,1,0,Bengaluru,2.0,0,0,1,DEV-SOWMIYA-ONEPLUS-11,mobile_android,0,BEN-CUST_SOWMIYA_003-TRUSTED,Trusted Household Vendor,4,0,1,13,0,0,0,None,Resolved Genuine,Standard Habitual Purchase,0
TXN-CUST_SOWMIYA_003-10140,2026-07-04 20:57:37,2026-07-04,20:57:37,20,5,1,0,CUST_SOWMIYA_003,55,Bengaluru,Karnataka,High Risk / 26% Fraud Rate,M025,ShieldSure Services,Insurance Services,General & Health Insurance Premium,Chennai,Egmore,Tamil Nadu,600008,13.0784,80.2607,13,14000.0,09:30-18:00,"ONLINE,NETBANKING,CARD",Premium diversion / fake policy payment slips,0.019,47,45220.43,INR,PURCHASE,CARD,MOBILE_APP,0,0,Bengaluru,7.0,0,0,1,DEV-SOWMIYA-ONEPLUS-11,mobile_android,0,BEN-CUST_SOWMIYA_003-TRUSTED,Trusted Household Vendor,8,0,4,25,0,0,0,None,Resolved Genuine,Standard Habitual Purchase,0
TXN-CUST_SOWMIYA_003-10141,2026-07-04 22:24:10,2026-07-04,22:24:10,22,5,1,0,CUST_SOWMIYA_003,55,Bengaluru,Karnataka,High Risk / 26% Fraud Rate,M024,LinkWave Telecom,Telecom Retail,Fiber Broadband & Postpaid Plans,Erode,Perundurai Road,Tamil Nadu,638011,11.341,77.7172,10,1950.0,09:30-20:30,"UPI,CARD,ONLINE,POS",SIM swap bill recharge surges,0.017,42,38420.01,INR,PURCHASE,POS,MOBILE_APP,1,0,Bengaluru,12.0,0,0,1,DEV-SOWMIYA-ONEPLUS-11,mobile_android,0,BEN-CUST_SOWMIYA_003-TRUSTED,Trusted Household Vendor,12,0,3,18,0,0,0,None,Resolved Genuine,Standard Habitual Purchase,0
TXN-CUST_SOWMIYA_003-10142,2026-07-04 23:51:04,2026-07-04,23:51:04,23,5,1,1,CUST_SOWMIYA_003,55,Bengaluru,Karnataka,High Risk / 26% Fraud Rate,M015,HomeSphere Appliances,Home Appliances,"Refrigerators, ACs & Kitchen Tech",Coimbatore,Saibaba Colony,Tamil Nadu,641011,11.0315,76.945,9,27500.0,09:30-21:00,"POS,EMI,CARD,UPI",Carding attacks with immediate in-store pickup,0.038,95,84810.73,INR,P2P_TRANSFER,UPI,WEB_PORTAL,0,1,Lagos,2072.0,1,1,0,DEV-ROGUE-EMULATOR-989,unknown_bot,1,BEN-MULE-7704,QuickMule Transfer 52,0,11,15,67,2,3,1,Account takeover,Pre-auth Block,Automated high-velocity attack from unknown device,1
TXN-CUST_SOWMIYA_003-10143,2026-07-05 01:17:34,2026-07-05,01:17:34,1,6,1,1,CUST_SOWMIYA_003,55,Bengaluru,Karnataka,High Risk / 26% Fraud Rate,M004,Aurelia Gold House,Jewellery,Gold & Diamond Jewellery,Coimbatore,RS Puram,Tamil Nadu,641002,11.0089,76.9514,14,78000.0,10:00-20:30,"POS,CARD,TRANSFER",Account takeover / card-not-present luxury surge,0.065,162,30308.9,INR,PURCHASE,POS,MOBILE_APP,1,0,Bengaluru,9.0,0,0,1,DEV-SOWMIYA-ONEPLUS-11,mobile_android,0,BEN-CUST_SOWMIYA_003-TRUSTED,Trusted Household Vendor,9,0,1,13,0,0,0,None,Resolved Genuine,Standard Habitual Purchase,0
TXN-CUST_SOWMIYA_003-10144,2026-07-05 02:42:14,2026-07-05,02:42:14,2,6,1,1,CUST_SOWMIYA_003,55,Bengaluru,Karnataka,High Risk / 26% Fraud Rate,M026,GreenLeaf Wellness,Health & Wellness,Organic Nutrition & Ayurveda,Trichy,Srirangam,Tamil Nadu,620006,10.8624,78.6947,6,2100.0,08:00-21:00,"POS,UPI,ONLINE,CARD",Subscription card stuffing,0.013,32,34817.13,INR,PURCHASE,POS,MOBILE_APP,1,0,Bengaluru,14.0,0,0,1,DEV-SOWMIYA-ONEPLUS-11,mobile_android,0,BEN-CUST_SOWMIYA_003-TRUSTED,Trusted Household Vendor,6,0,4,24,0,0,0,None,Resolved Genuine,Standard Habitual Purchase,0
TXN-CUST_SOWMIYA_003-10145,2026-07-05 04:06:50,2026-07-05,04:06:50,4,6,1,1,CUST_SOWMIYA_003,55,Bengaluru,Karnataka,High Risk / 26% Fraud Rate,M004,Aurelia Gold House,Jewellery,Gold & Diamond Jewellery,Coimbatore,RS Puram,Tamil Nadu,641002,11.0089,76.9514,14,78000.0,10:00-20:30,"POS,CARD,TRANSFER",Account takeover / card-not-present luxury surge,0.065,162,17151.17,INR,PURCHASE,CARD,MOBILE_APP,1,0,Bengaluru,8.0,0,0,1,DEV-SOWMIYA-ONEPLUS-11,mobile_android,0,BEN-CUST_SOWMIYA_003-TRUSTED,Trusted Household Vendor,8,0,3,16,0,0,0,None,Resolved Genuine,Standard Habitual Purchase,0
TXN-CUST_SOWMIYA_003-10146,2026-07-05 05:34:42,2026-07-05,05:34:42,5,6,1,1,CUST_SOWMIYA_003,55,Bengaluru,Karnataka,High Risk / 26% Fraud Rate,M025,ShieldSure Services,Insurance Services,General & Health Insurance Premium,Chennai,Egmore,Tamil Nadu,600008,13.0784,80.2607,13,14000.0,09:30-18:00,"ONLINE,NETBANKING,CARD",Premium diversion / fake policy payment slips,0.019,47,25573.09,INR,PURCHASE,NETBANKING,MOBILE_APP,0,0,Bengaluru,7.0,0,0,1,DEV-SOWMIYA-ONEPLUS-11,mobile_android,0,BEN-CUST_SOWMIYA_003-TRUSTED,Trusted Household Vendor,6,0,4,26,0,0,0,None,Resolved Genuine,Standard Habitual Purchase,0
TXN-CUST_SOWMIYA_003-10147,2026-07-05 07:01:09,2026-07-05,07:01:09,7,6,1,0,CUST_SOWMIYA_003,55,Bengaluru,Karnataka,High Risk / 26% Fraud Rate,M003,Pulse Mobile Hub,Mobile Store,Smartphones & Accessories,Chennai,Tambaram,Tamil Nadu,600045,12.9249,80.1278,4,18500.0,09:30-21:30,"POS,UPI,CARD",New device abuse / rapid checkout surge,0.035,87,67923.79,INR,P2P_TRANSFER,POS,WEB_PORTAL,0,0,Unknown Proxy,1638.0,1,1,0,DEV-ROGUE-EMULATOR-806,unknown_bot,1,BEN-MULE-4394,QuickMule Transfer 92,0,10,28,121,3,1,1,Card testing,Pre-auth Block,Automated high-velocity attack from unknown device,1
TXN-CUST_SOWMIYA_003-10148,2026-07-05 08:25:00,2026-07-05,08:25:00,8,6,1,0,CUST_SOWMIYA_003,55,Bengaluru,Karnataka,High Risk / 26% Fraud Rate,M016,MotoCare Garage,Auto Service,Car Service & Detailing Hub,Chennai,Pallikaranai,Tamil Nadu,600100,12.9372,80.2014,7,8900.0,08:30-20:30,"POS,UPI,CARD",Over-invoicing / synthetic card payments,0.021,52,23303.62,INR,PURCHASE,UPI,MOBILE_APP,1,0,Bengaluru,13.0,0,0,1,DEV-SOWMIYA-ONEPLUS-11,mobile_android,0,BEN-CUST_SOWMIYA_003-TRUSTED,Trusted Household Vendor,4,0,2,13,0,0,0,None,Resolved Genuine,Standard Habitual Purchase,0
TXN-CUST_SOWMIYA_003-10149,2026-07-05 09:53:13,2026-07-05,09:53:13,9,6,1,0,CUST_SOWMIYA_003,55,Bengaluru,Karnataka,High Risk / 26% Fraud Rate,M023,SwiftBox Logistics,Courier / Logistics,Express Parcel & Freight Delivery,Tiruppur,Avinashi Road,Tamil Nadu,641603,11.1085,77.3411,9,4200.0,08:00-21:00,"POS,UPI,CARD,ONLINE",Interception fraud / address redirection,0.02,50,18050.87,INR,PURCHASE,ONLINE,MOBILE_APP,1,0,Bengaluru,15.0,0,0,1,DEV-SOWMIYA-ONEPLUS-11,mobile_android,0,BEN-CUST_SOWMIYA_003-TRUSTED,Trusted Household Vendor,4,1,2,18,0,0,0,None,Resolved Genuine,Standard Habitual Purchase,0
TXN-CUST_SOWMIYA_003-10150,2026-07-05 11:18:36,2026-07-05,11:18:36,11,6,1,0,CUST_SOWMIYA_003,55,Bengaluru,Karnataka,High Risk / 26% Fraud Rate,M019,ArenaSport World,Sports Retail,Fitness Equipment & Sports Wear,Chennai,Nungambakkam,Tamil Nadu,600034,13.0604,80.2405,6,5600.0,10:00-21:30,"POS,ONLINE,UPI,CARD",Stolen card chargeback on premium sports gear,0.026,65,24147.63,INR,P2P_TRANSFER,UPI,WEB_PORTAL,0,1,Singapore,1661.0,1,1,0,DEV-ROGUE-EMULATOR-146,unknown_bot,1,BEN-MULE-7087,QuickMule Transfer 76,0,7,27,118,3,3,0,Account takeover,Pre-auth Block,Automated high-velocity attack from unknown device,1
TXN-CUST_SOWMIYA_003-10151,2026-07-05 12:43:21,2026-07-05,12:43:21,12,6,1,0,CUST_SOWMIYA_003,55,Bengaluru,Karnataka,High Risk / 26% Fraud Rate,M023,SwiftBox Logistics,Courier / Logistics,Express Parcel & Freight Delivery,Tiruppur,Avinashi Road,Tamil Nadu,641603,11.1085,77.3411,9,4200.0,08:00-21:00,"POS,UPI,CARD,ONLINE",Interception fraud / address redirection,0.02,50,25801.55,INR,PURCHASE,ONLINE,MOBILE_APP,1,0,Bengaluru,14.0,0,0,1,DEV-SOWMIYA-ONEPLUS-11,mobile_android,0,BEN-CUST_SOWMIYA_003-TRUSTED,Trusted Household Vendor,5,0,1,10,0,0,0,None,Resolved Genuine,Standard Habitual Purchase,0
TXN-CUST_SOWMIYA_003-10152,2026-07-05 14:12:45,2026-07-05,14:12:45,14,6,1,0,CUST_SOWMIYA_003,55,Bengaluru,Karnataka,High Risk / 26% Fraud Rate,M007,SpiceRoute Kitchen,Restaurant,Fine Dining & Chettinad,Chennai,Adyar,Tamil Nadu,600020,13.0012,80.2565,7,2200.0,11:30-23:30,"POS,UPI,CARD",Cloned card POS terminal replay,0.018,45,5736.28,INR,P2P_TRANSFER,CARD,WEB_PORTAL,0,1,Singapore,2067.0,1,1,0,DEV-ROGUE-EMULATOR-429,unknown_bot,1,BEN-MULE-2093,QuickMule Transfer 90,0,11,20,86,2,2,1,Card testing,Pre-auth Block,Automated high-velocity attack from unknown device,1
TXN-CUST_SOWMIYA_003-10153,2026-07-05 15:41:08,2026-07-05,15:41:08,15,6,1,0,CUST_SOWMIYA_003,55,Bengaluru,Karnataka,High Risk / 26% Fraud Rate,M028,CraftCove Home Decor,Home Decor,Handicrafts & Art Pieces,Thanjavur,Medical College Road,Tamil Nadu,613004,10.7684,79.1245,8,7400.0,09:30-20:30,"POS,UPI,CARD,ONLINE",Cross-border tourist chargebacks,0.023,57,25797.24,INR,PURCHASE,UPI,MOBILE_APP,1,0,Bengaluru,3.0,0,0,1,DEV-SOWMIYA-ONEPLUS-11,mobile_android,0,BEN-CUST_SOWMIYA_003-TRUSTED,Trusted Household Vendor,14,0,1,9,0,0,0,None,Resolved Genuine,Standard Habitual Purchase,0
TXN-CUST_SOWMIYA_003-10154,2026-07-05 17:06:58,2026-07-05,17:06:58,17,6,1,0,CUST_SOWMIYA_003,55,Bengaluru,Karnataka,High Risk / 26% Fraud Rate,M002,CircuitBay Electronics,Consumer Electronics,Laptops & Gadgets,Chennai,Velachery,Tamil Nadu,600042,12.9759,80.2212,6,32000.0,10:00-21:30,"POS,ONLINE,EMI,UPI",Stolen payment details / high-ticket electronics delivery,0.048,120,15555.79,INR,PURCHASE,EMI,MOBILE_APP,1,0,Bengaluru,9.0,0,0,1,DEV-SOWMIYA-ONEPLUS-11,mobile_android,0,BEN-CUST_SOWMIYA_003-TRUSTED,Trusted Household Vendor,8,0,3,15,0,0,0,None,Resolved Genuine,Standard Habitual Purchase,0
TXN-CUST_SOWMIYA_003-10155,2026-07-05 18:35:19,2026-07-05,18:35:19,18,6,1,0,CUST_SOWMIYA_003,55,Bengaluru,Karnataka,High Risk / 26% Fraud Rate,M024,LinkWave Telecom,Telecom Retail,Fiber Broadband & Postpaid Plans,Erode,Perundurai Road,Tamil Nadu,638011,11.341,77.7172,10,1950.0,09:30-20:30,"UPI,CARD,ONLINE,POS",SIM swap bill recharge surges,0.017,42,6028.13,INR,P2P_TRANSFER,POS,WEB_PORTAL,0,1,Singapore,4391.0,1,1,0,DEV-ROGUE-EMULATOR-196,unknown_bot,1,BEN-MULE-8705,QuickMule Transfer 86,0,7,13,62,6,2,1,Credential compromise,Pre-auth Block,Automated high-velocity attack from unknown device,1
TXN-CUST_SOWMIYA_003-10156,2026-07-05 20:02:41,2026-07-05,20:02:41,20,6,1,0,CUST_SOWMIYA_003,55,Bengaluru,Karnataka,High Risk / 26% Fraud Rate,M011,SkyTrail Travels,Travel Agency,Flight & International Tour Packages,Coimbatore,Gandhipuram,Tamil Nadu,641012,11.0183,76.9664,11,44000.0,09:00-20:00,"ONLINE,TRANSFER,CARD",Mule-account ticket arbitrage & fast cancellation fraud,0.052,130,37910.82,INR,PURCHASE,CARD,MOBILE_APP,0,0,Bengaluru,10.0,0,0,1,DEV-SOWMIYA-ONEPLUS-11,mobile_android,0,BEN-CUST_SOWMIYA_003-TRUSTED,Trusted Household Vendor,14,1,4,22,0,0,0,None,Resolved Genuine,Standard Habitual Purchase,0
TXN-CUST_SOWMIYA_003-10157,2026-07-05 21:28:16,2026-07-05,21:28:16,21,6,1,0,CUST_SOWMIYA_003,55,Bengaluru,Karnataka,High Risk / 26% Fraud Rate,M026,GreenLeaf Wellness,Health & Wellness,Organic Nutrition & Ayurveda,Trichy,Srirangam,Tamil Nadu,620006,10.8624,78.6947,6,2100.0,08:00-21:00,"POS,UPI,ONLINE,CARD",Subscription card stuffing,0.013,32,31211.88,INR,PURCHASE,POS,MOBILE_APP,1,0,Bengaluru,8.0,0,0,1,DEV-SOWMIYA-ONEPLUS-11,mobile_android,0,BEN-CUST_SOWMIYA_003-TRUSTED,Trusted Household Vendor,14,1,3,22,0,0,0,None,Resolved Genuine,Standard Habitual Purchase,0
TXN-CUST_SOWMIYA_003-10158,2026-07-05 22:57:34,2026-07-05,22:57:34,22,6,1,0,CUST_SOWMIYA_003,55,Bengaluru,Karnataka,High Risk / 26% Fraud Rate,M020,GameGrid Arena,Gaming,"Esports, Consoles & Virtual Credits",Bengaluru,Koramangala,Karnataka,560095,12.9352,77.6245,4,3400.0,10:00-01:00,"ONLINE,UPI,CARD,WALLET",Virtual item laundering & bot-driven micro transactions,0.055,137,32103.03,INR,PURCHASE,UPI,MOBILE_APP,0,0,Bengaluru,3.0,0,0,1,DEV-SOWMIYA-ONEPLUS-11,mobile_android,0,BEN-CUST_SOWMIYA_003-TRUSTED,Trusted Household Vendor,10,0,4,23,0,0,0,None,Resolved Genuine,Standard Habitual Purchase,0
TXN-CUST_SOWMIYA_003-10159,2026-07-06 00:24:53,2026-07-06,00:24:53,0,0,0,1,CUST_SOWMIYA_003,55,Bengaluru,Karnataka,High Risk / 26% Fraud Rate,M025,ShieldSure Services,Insurance Services,General & Health Insurance Premium,Chennai,Egmore,Tamil Nadu,600008,13.0784,80.2607,13,14000.0,09:30-18:00,"ONLINE,NETBANKING,CARD",Premium diversion / fake policy payment slips,0.019,47,43059.94,INR,PURCHASE,ONLINE,MOBILE_APP,0,0,Bengaluru,7.0,0,0,1,DEV-SOWMIYA-ONEPLUS-11,mobile_android,0,BEN-CUST_SOWMIYA_003-TRUSTED,Trusted Household Vendor,4,0,1,9,0,0,0,None,Resolved Genuine,Standard Habitual Purchase,0
TXN-CUST_SOWMIYA_003-10160,2026-07-06 01:54:03,2026-07-06,01:54:03,1,0,0,1,CUST_SOWMIYA_003,55,Bengaluru,Karnataka,High Risk / 26% Fraud Rate,M016,MotoCare Garage,Auto Service,Car Service & Detailing Hub,Chennai,Pallikaranai,Tamil Nadu,600100,12.9372,80.2014,7,8900.0,08:30-20:30,"POS,UPI,CARD",Over-invoicing / synthetic card payments,0.021,52,17970.14,INR,PURCHASE,POS,MOBILE_APP,1,0,Bengaluru,7.0,0,0,1,DEV-SOWMIYA-ONEPLUS-11,mobile_android,0,BEN-CUST_SOWMIYA_003-TRUSTED,Trusted Household Vendor,14,0,4,19,0,0,0,None,Resolved Genuine,Standard Habitual Purchase,0
TXN-CUST_SOWMIYA_003-10161,2026-07-06 03:20:20,2026-07-06,03:20:20,3,0,0,1,CUST_SOWMIYA_003,55,Bengaluru,Karnataka,High Risk / 26% Fraud Rate,M008,BeanCircuit Cafe,Cafe,Specialty Coffee & Bakery,Bengaluru,Indiranagar,Karnataka,560038,12.9784,77.6408,3,650.0,07:30-23:00,"UPI,POS,CARD",QR code spoofing / fast velocity dining,0.009,22,35566.14,INR,PURCHASE,UPI,MOBILE_APP,1,0,Bengaluru,1.0,0,0,1,DEV-SOWMIYA-ONEPLUS-11,mobile_android,0,BEN-CUST_SOWMIYA_003-TRUSTED,Trusted Household Vendor,7,0,2,12,0,0,0,None,Resolved Genuine,Standard Habitual Purchase,0
TXN-CUST_SOWMIYA_003-10162,2026-07-06 04:47:36,2026-07-06,04:47:36,4,0,0,1,CUST_SOWMIYA_003,55,Bengaluru,Karnataka,High Risk / 26% Fraud Rate,M024,LinkWave Telecom,Telecom Retail,Fiber Broadband & Postpaid Plans,Erode,Perundurai Road,Tamil Nadu,638011,11.341,77.7172,10,1950.0,09:30-20:30,"UPI,CARD,ONLINE,POS",SIM swap bill recharge surges,0.017,42,40503.65,INR,PURCHASE,UPI,MOBILE_APP,1,0,Bengaluru,5.0,0,0,1,DEV-SOWMIYA-ONEPLUS-11,mobile_android,0,BEN-CUST_SOWMIYA_003-TRUSTED,Trusted Household Vendor,15,1,2,16,0,0,0,None,Resolved Genuine,Standard Habitual Purchase,0
TXN-CUST_SOWMIYA_003-10163,2026-07-06 06:15:03,2026-07-06,06:15:03,6,0,0,0,CUST_SOWMIYA_003,55,Bengaluru,Karnataka,High Risk / 26% Fraud Rate,M008,BeanCircuit Cafe,Cafe,Specialty Coffee & Bakery,Bengaluru,Indiranagar,Karnataka,560038,12.9784,77.6408,3,650.0,07:30-23:00,"UPI,POS,CARD",QR code spoofing / fast velocity dining,0.009,22,17721.1,INR,PURCHASE,UPI,MOBILE_APP,1,0,Bengaluru,4.0,0,0,1,DEV-SOWMIYA-ONEPLUS-11,mobile_android,0,BEN-CUST_SOWMIYA_003-TRUSTED,Trusted Household Vendor,3,0,3,22,0,0,0,None,Resolved Genuine,Standard Habitual Purchase,0
TXN-CUST_SOWMIYA_003-10164,2026-07-06 07:39:03,2026-07-06,07:39:03,7,0,0,0,CUST_SOWMIYA_003,55,Bengaluru,Karnataka,High Risk / 26% Fraud Rate,M026,GreenLeaf Wellness,Health & Wellness,Organic Nutrition & Ayurveda,Trichy,Srirangam,Tamil Nadu,620006,10.8624,78.6947,6,2100.0,08:00-21:00,"POS,UPI,ONLINE,CARD",Subscription card stuffing,0.013,32,6326.31,INR,P2P_TRANSFER,POS,WEB_PORTAL,0,1,Singapore,3417.0,1,1,0,DEV-ROGUE-EMULATOR-272,unknown_bot,1,BEN-MULE-5008,QuickMule Transfer 57,0,6,33,138,2,2,0,Credential compromise,Pre-auth Block,Automated high-velocity attack from unknown device,1
TXN-CUST_SOWMIYA_003-10165,2026-07-06 09:05:05,2026-07-06,09:05:05,9,0,0,0,CUST_SOWMIYA_003,55,Bengaluru,Karnataka,High Risk / 26% Fraud Rate,M012,DashDine Delivery,Food Delivery,Quick Commerce & Meal Delivery,Chennai,Sholinganallur,Tamil Nadu,600119,12.901,80.2279,4,520.0,06:00-02:00,"UPI,CARD,ONLINE,WALLET",Promo code abuse / stolen wallet balances,0.014,35,1315.83,INR,P2P_TRANSFER,ONLINE,WEB_PORTAL,0,0,Unknown Proxy,4688.0,1,1,0,DEV-ROGUE-EMULATOR-853,unknown_bot,1,BEN-MULE-5669,QuickMule Transfer 23,0,5,22,97,5,3,1,Account takeover,Pre-auth Block,Automated high-velocity attack from unknown device,1
TXN-CUST_SOWMIYA_003-10166,2026-07-06 10:30:36,2026-07-06,10:30:36,10,0,0,0,CUST_SOWMIYA_003,55,Bengaluru,Karnataka,High Risk / 26% Fraud Rate,M020,GameGrid Arena,Gaming,"Esports, Consoles & Virtual Credits",Bengaluru,Koramangala,Karnataka,560095,12.9352,77.6245,4,3400.0,10:00-01:00,"ONLINE,UPI,CARD,WALLET",Virtual item laundering & bot-driven micro transactions,0.055,137,29838.99,INR,PURCHASE,ONLINE,MOBILE_APP,0,0,Bengaluru,12.0,0,0,1,DEV-SOWMIYA-ONEPLUS-11,mobile_android,0,BEN-CUST_SOWMIYA_003-TRUSTED,Trusted Household Vendor,10,1,2,15,0,0,0,None,Resolved Genuine,Standard Habitual Purchase,0
TXN-CUST_SOWMIYA_003-10167,2026-07-06 11:55:52,2026-07-06,11:55:52,11,0,0,0,CUST_SOWMIYA_003,55,Bengaluru,Karnataka,High Risk / 26% Fraud Rate,M021,GlowCraft Salon,Salon / Beauty,Spa & Grooming Studio,Chennai,Porur,Tamil Nadu,600116,13.0382,80.1565,5,2800.0,09:00-21:00,"POS,UPI,CARD",Unusual late-night transaction spikes,0.011,27,15990.84,INR,PURCHASE,CARD,MOBILE_APP,1,0,Bengaluru,14.0,0,0,1,DEV-SOWMIYA-ONEPLUS-11,mobile_android,0,BEN-CUST_SOWMIYA_003-TRUSTED,Trusted Household Vendor,13,0,1,6,0,0,0,None,Resolved Genuine,Standard Habitual Purchase,0
TXN-CUST_SOWMIYA_003-10168,2026-07-06 13:22:19,2026-07-06,13:22:19,13,0,0,0,CUST_SOWMIYA_003,55,Bengaluru,Karnataka,High Risk / 26% Fraud Rate,M027,BrickHarbor Realty,Real Estate / Property Services,Rental Escrow & Facility Management,Chennai,Porur,Tamil Nadu,600116,13.035,80.16,11,65000.0,09:00-19:00,"TRANSFER,NETBANKING,CARD",Security deposit phishing / escrow hijacking,0.039,97,17524.65,INR,PURCHASE,CARD,MOBILE_APP,0,0,Bengaluru,14.0,0,0,1,DEV-SOWMIYA-ONEPLUS-11,mobile_android,0,BEN-CUST_SOWMIYA_003-TRUSTED,Trusted Household Vendor,3,1,1,9,0,0,0,None,Resolved Genuine,Standard Habitual Purchase,0
TXN-CUST_SOWMIYA_003-10169,2026-07-06 14:47:37,2026-07-06,14:47:37,14,0,0,0,CUST_SOWMIYA_003,55,Bengaluru,Karnataka,High Risk / 26% Fraud Rate,M011,SkyTrail Travels,Travel Agency,Flight & International Tour Packages,Coimbatore,Gandhipuram,Tamil Nadu,641012,11.0183,76.9664,11,44000.0,09:00-20:00,"ONLINE,TRANSFER,CARD",Mule-account ticket arbitrage & fast cancellation fraud,0.052,130,32484.4,INR,PURCHASE,CARD,MOBILE_APP,0,0,Bengaluru,3.0,0,0,1,DEV-SOWMIYA-ONEPLUS-11,mobile_android,0,BEN-CUST_SOWMIYA_003-TRUSTED,Trusted Household Vendor,3,0,2,12,0,0,0,None,Resolved Genuine,Standard Habitual Purchase,0
TXN-CUST_SOWMIYA_003-10170,2026-07-06 16:12:28,2026-07-06,16:12:28,16,0,0,0,CUST_SOWMIYA_003,55,Bengaluru,Karnataka,High Risk / 26% Fraud Rate,M013,CartNest Online,E-commerce,Multi-category Marketplace,Chennai,Guindy,Tamil Nadu,600032,13.0067,80.2026,5,6200.0,24_HOURS,"ONLINE,UPI,CARD,NETBANKING",Account takeover + triangulation shipping fraud,0.045,112,21153.1,INR,P2P_TRANSFER,CARD,WEB_PORTAL,0,1,Moscow,2619.0,1,1,0,DEV-ROGUE-EMULATOR-779,unknown_bot,1,BEN-MULE-7286,QuickMule Transfer 21,0,6,30,123,4,2,1,Mule-account behavior,Pre-auth Block,Automated high-velocity attack from unknown device,1
TXN-CUST_SOWMIYA_003-10171,2026-07-06 17:40:53,2026-07-06,17:40:53,17,0,0,0,CUST_SOWMIYA_003,55,Bengaluru,Karnataka,High Risk / 26% Fraud Rate,M021,GlowCraft Salon,Salon / Beauty,Spa & Grooming Studio,Chennai,Porur,Tamil Nadu,600116,13.0382,80.1565,5,2800.0,09:00-21:00,"POS,UPI,CARD",Unusual late-night transaction spikes,0.011,27,10933.23,INR,P2P_TRANSFER,CARD,WEB_PORTAL,0,0,Unknown Proxy,3088.0,1,1,0,DEV-ROGUE-EMULATOR-116,unknown_bot,1,BEN-MULE-7202,QuickMule Transfer 64,0,8,16,68,4,2,1,Card testing,Pre-auth Block,Automated high-velocity attack from unknown device,1
TXN-CUST_SOWMIYA_003-10172,2026-07-06 19:07:21,2026-07-06,19:07:21,19,0,0,0,CUST_SOWMIYA_003,55,Bengaluru,Karnataka,High Risk / 26% Fraud Rate,M007,SpiceRoute Kitchen,Restaurant,Fine Dining & Chettinad,Chennai,Adyar,Tamil Nadu,600020,13.0012,80.2565,7,2200.0,11:30-23:30,"POS,UPI,CARD",Cloned card POS terminal replay,0.018,45,7366.29,INR,P2P_TRANSFER,POS,WEB_PORTAL,0,1,Singapore,5438.0,1,1,0,DEV-ROGUE-EMULATOR-306,unknown_bot,1,BEN-MULE-8743,QuickMule Transfer 57,0,12,31,134,3,2,1,Credential compromise,Pre-auth Block,Automated high-velocity attack from unknown device,1
TXN-CUST_SOWMIYA_003-10173,2026-07-06 20:33:03,2026-07-06,20:33:03,20,0,0,0,CUST_SOWMIYA_003,55,Bengaluru,Karnataka,High Risk / 26% Fraud Rate,M029,CloudDesk Digital,Software / Digital Services,Cloud Infrastructure & SaaS Tools,Bengaluru,Whitefield,Karnataka,560066,12.9698,77.7499,7,19800.0,24_HOURS,"ONLINE,CARD,TRANSFER",Cryptomining VM rental with stolen credit cards,0.058,145,32340.46,INR,PURCHASE,CARD,MOBILE_APP,0,0,Bengaluru,12.0,0,0,1,DEV-SOWMIYA-ONEPLUS-11,mobile_android,0,BEN-CUST_SOWMIYA_003-TRUSTED,Trusted Household Vendor,15,1,4,22,0,0,0,None,Resolved Genuine,Standard Habitual Purchase,0
TXN-CUST_SOWMIYA_003-10174,2026-07-06 21:57:30,2026-07-06,21:57:30,21,0,0,0,CUST_SOWMIYA_003,55,Bengaluru,Karnataka,High Risk / 26% Fraud Rate,M008,BeanCircuit Cafe,Cafe,Specialty Coffee & Bakery,Bengaluru,Indiranagar,Karnataka,560038,12.9784,77.6408,3,650.0,07:30-23:00,"UPI,POS,CARD",QR code spoofing / fast velocity dining,0.009,22,2128.37,INR,P2P_TRANSFER,POS,WEB_PORTAL,0,1,Lagos,3901.0,1,1,0,DEV-ROGUE-EMULATOR-735,unknown_bot,1,BEN-MULE-1355,QuickMule Transfer 83,0,9,12,52,5,3,1,Card testing,Pre-auth Block,Automated high-velocity attack from unknown device,1
TXN-CUST_SOWMIYA_003-10175,2026-07-06 23:26:44,2026-07-06,23:26:44,23,0,0,1,CUST_SOWMIYA_003,55,Bengaluru,Karnataka,High Risk / 26% Fraud Rate,M028,CraftCove Home Decor,Home Decor,Handicrafts & Art Pieces,Thanjavur,Medical College Road,Tamil Nadu,613004,10.7684,79.1245,8,7400.0,09:30-20:30,"POS,UPI,CARD,ONLINE",Cross-border tourist chargebacks,0.023,57,30532.93,INR,PURCHASE,CARD,MOBILE_APP,1,0,Bengaluru,15.0,0,0,1,DEV-SOWMIYA-ONEPLUS-11,mobile_android,0,BEN-CUST_SOWMIYA_003-TRUSTED,Trusted Household Vendor,12,0,3,21,0,0,0,None,Resolved Genuine,Standard Habitual Purchase,0
TXN-CUST_SOWMIYA_003-10176,2026-07-07 00:55:12,2026-07-07,00:55:12,0,1,0,1,CUST_SOWMIYA_003,55,Bengaluru,Karnataka,High Risk / 26% Fraud Rate,M028,CraftCove Home Decor,Home Decor,Handicrafts & Art Pieces,Thanjavur,Medical College Road,Tamil Nadu,613004,10.7684,79.1245,8,7400.0,09:30-20:30,"POS,UPI,CARD,ONLINE",Cross-border tourist chargebacks,0.023,57,11682.38,INR,PURCHASE,CARD,MOBILE_APP,1,0,Bengaluru,10.0,0,0,1,DEV-SOWMIYA-ONEPLUS-11,mobile_android,0,BEN-CUST_SOWMIYA_003-TRUSTED,Trusted Household Vendor,7,0,4,21,0,0,0,None,Resolved Genuine,Standard Habitual Purchase,0
TXN-CUST_SOWMIYA_003-10177,2026-07-07 02:20:32,2026-07-07,02:20:32,2,1,0,1,CUST_SOWMIYA_003,55,Bengaluru,Karnataka,High Risk / 26% Fraud Rate,M004,Aurelia Gold House,Jewellery,Gold & Diamond Jewellery,Coimbatore,RS Puram,Tamil Nadu,641002,11.0089,76.9514,14,78000.0,10:00-20:30,"POS,CARD,TRANSFER",Account takeover / card-not-present luxury surge,0.065,162,40111.13,INR,PURCHASE,CARD,MOBILE_APP,1,0,Bengaluru,8.0,0,0,1,DEV-SOWMIYA-ONEPLUS-11,mobile_android,0,BEN-CUST_SOWMIYA_003-TRUSTED,Trusted Household Vendor,7,0,1,7,0,0,0,None,Resolved Genuine,Standard Habitual Purchase,0
TXN-CUST_SOWMIYA_003-10178,2026-07-07 03:48:45,2026-07-07,03:48:45,3,1,0,1,CUST_SOWMIYA_003,55,Bengaluru,Karnataka,High Risk / 26% Fraud Rate,M017,AutoForge Parts,Spare Parts,OEM Industrial & Auto Components,Hosur,Mookandapalli,Tamil Nadu,635126,12.7409,77.8253,15,16500.0,09:00-19:30,"TRANSFER,POS,CARD",Business email compromise / fake beneficiary update,0.033,82,36509.3,INR,P2P_TRANSFER,CARD,WEB_PORTAL,0,0,Unknown Proxy,3987.0,1,1,0,DEV-ROGUE-EMULATOR-880,unknown_bot,1,BEN-MULE-5501,QuickMule Transfer 46,0,8,16,72,6,4,1,Card testing,Pre-auth Block,Automated high-velocity attack from unknown device,1
TXN-CUST_SOWMIYA_003-10179,2026-07-07 05:16:09,2026-07-07,05:16:09,5,1,0,1,CUST_SOWMIYA_003,55,Bengaluru,Karnataka,High Risk / 26% Fraud Rate,M017,AutoForge Parts,Spare Parts,OEM Industrial & Auto Components,Hosur,Mookandapalli,Tamil Nadu,635126,12.7409,77.8253,15,16500.0,09:00-19:30,"TRANSFER,POS,CARD",Business email compromise / fake beneficiary update,0.033,82,56152.12,INR,P2P_TRANSFER,CARD,WEB_PORTAL,0,0,Unknown Proxy,3315.0,1,1,0,DEV-ROGUE-EMULATOR-703,unknown_bot,1,BEN-MULE-1364,QuickMule Transfer 65,0,11,12,50,5,1,1,Mule-account behavior,Pre-auth Block,Automated high-velocity attack from unknown device,1
TXN-CUST_SOWMIYA_003-10180,2026-07-07 06:40:04,2026-07-07,06:40:04,6,1,0,0,CUST_SOWMIYA_003,55,Bengaluru,Karnataka,High Risk / 26% Fraud Rate,M009,RapidFuel Station,Fuel Station,"Petrol, Diesel & EV Fast Charge",Salem,Fairlands,Tamil Nadu,636016,11.6643,78.146,9,3100.0,24_HOURS,"POS,FLEET_CARD,UPI",Automated fleet card skimming,0.024,60,32645.91,INR,PURCHASE,POS,MOBILE_APP,1,0,Bengaluru,15.0,0,0,1,DEV-SOWMIYA-ONEPLUS-11,mobile_android,0,BEN-CUST_SOWMIYA_003-TRUSTED,Trusted Household Vendor,15,1,1,14,0,0,0,None,Resolved Genuine,Standard Habitual Purchase,0
TXN-CUST_SOWMIYA_003-10181,2026-07-07 08:05:02,2026-07-07,08:05:02,8,1,0,0,CUST_SOWMIYA_003,55,Bengaluru,Karnataka,High Risk / 26% Fraud Rate,M023,SwiftBox Logistics,Courier / Logistics,Express Parcel & Freight Delivery,Tiruppur,Avinashi Road,Tamil Nadu,641603,11.1085,77.3411,9,4200.0,08:00-21:00,"POS,UPI,CARD,ONLINE",Interception fraud / address redirection,0.02,50,43286.1,INR,PURCHASE,CARD,MOBILE_APP,1,0,Bengaluru,8.0,0,0,1,DEV-SOWMIYA-ONEPLUS-11,mobile_android,0,BEN-CUST_SOWMIYA_003-TRUSTED,Trusted Household Vendor,10,1,4,24,0,0,0,None,Resolved Genuine,Standard Habitual Purchase,0
TXN-CUST_SOWMIYA_003-10182,2026-07-07 09:31:01,2026-07-07,09:31:01,9,1,0,0,CUST_SOWMIYA_003,55,Bengaluru,Karnataka,High Risk / 26% Fraud Rate,M011,SkyTrail Travels,Travel Agency,Flight & International Tour Packages,Coimbatore,Gandhipuram,Tamil Nadu,641012,11.0183,76.9664,11,44000.0,09:00-20:00,"ONLINE,TRANSFER,CARD",Mule-account ticket arbitrage & fast cancellation fraud,0.052,130,11401.76,INR,PURCHASE,CARD,MOBILE_APP,0,0,Bengaluru,6.0,0,0,1,DEV-SOWMIYA-ONEPLUS-11,mobile_android,0,BEN-CUST_SOWMIYA_003-TRUSTED,Trusted Household Vendor,3,1,4,19,0,0,0,None,Resolved Genuine,Standard Habitual Purchase,0
TXN-CUST_SOWMIYA_003-10183,2026-07-07 10:56:44,2026-07-07,10:56:44,10,1,0,0,CUST_SOWMIYA_003,55,Bengaluru,Karnataka,High Risk / 26% Fraud Rate,M022,SkillSpring Academy,Education / Training,Professional Certifications & Tech Bootcamps,Chennai,Mylapore,Tamil Nadu,600004,13.0368,80.2676,8,22000.0,08:30-19:30,"ONLINE,NETBANKING,CARD,UPI",Stolen corporate card enrollments,0.028,70,21404.57,INR,PURCHASE,CARD,MOBILE_APP,0,0,Bengaluru,10.0,0,0,1,DEV-SOWMIYA-ONEPLUS-11,mobile_android,0,BEN-CUST_SOWMIYA_003-TRUSTED,Trusted Household Vendor,6,0,2,13,0,0,0,None,Resolved Genuine,Standard Habitual Purchase,0
TXN-CUST_SOWMIYA_003-10184,2026-07-07 12:25:57,2026-07-07,12:25:57,12,1,0,0,CUST_SOWMIYA_003,55,Bengaluru,Karnataka,High Risk / 26% Fraud Rate,M012,DashDine Delivery,Food Delivery,Quick Commerce & Meal Delivery,Chennai,Sholinganallur,Tamil Nadu,600119,12.901,80.2279,4,520.0,06:00-02:00,"UPI,CARD,ONLINE,WALLET",Promo code abuse / stolen wallet balances,0.014,35,32285.81,INR,PURCHASE,ONLINE,MOBILE_APP,0,0,Bengaluru,11.0,0,0,1,DEV-SOWMIYA-ONEPLUS-11,mobile_android,0,BEN-CUST_SOWMIYA_003-TRUSTED,Trusted Household Vendor,3,0,3,19,0,0,0,None,Resolved Genuine,Standard Habitual Purchase,0
TXN-CUST_SOWMIYA_003-10185,2026-07-07 13:53:54,2026-07-07,13:53:54,13,1,0,0,CUST_SOWMIYA_003,55,Bengaluru,Karnataka,High Risk / 26% Fraud Rate,M001,NovaMart Fresh,Grocery & Supermarket,Supermarket / Hypermarket,Chennai,T Nagar,Tamil Nadu,600017,13.0418,80.2341,8,1250.0,07:00-22:30,"POS,UPI,CARD,ONLINE",Card testing / micro-burst velocity,0.012,30,33483.38,INR,PURCHASE,CARD,MOBILE_APP,1,0,Bengaluru,13.0,0,0,1,DEV-SOWMIYA-ONEPLUS-11,mobile_android,0,BEN-CUST_SOWMIYA_003-TRUSTED,Trusted Household Vendor,10,0,2,14,0,0,0,None,Resolved Genuine,Standard Habitual Purchase,0
TXN-CUST_SOWMIYA_003-10186,2026-07-07 15:17:35,2026-07-07,15:17:35,15,1,0,0,CUST_SOWMIYA_003,55,Bengaluru,Karnataka,High Risk / 26% Fraud Rate,M027,BrickHarbor Realty,Real Estate / Property Services,Rental Escrow & Facility Management,Chennai,Porur,Tamil Nadu,600116,13.035,80.16,11,65000.0,09:00-19:00,"TRANSFER,NETBANKING,CARD",Security deposit phishing / escrow hijacking,0.039,97,307025.87,INR,P2P_TRANSFER,NETBANKING,WEB_PORTAL,0,0,Unknown Proxy,4760.0,1,1,0,DEV-ROGUE-EMULATOR-914,unknown_bot,1,BEN-MULE-8302,QuickMule Transfer 25,0,5,27,110,6,2,0,Credential compromise,Pre-auth Block,Automated high-velocity attack from unknown device,1
TXN-CUST_SOWMIYA_003-10187,2026-07-07 16:46:03,2026-07-07,16:46:03,16,1,0,0,CUST_SOWMIYA_003,55,Bengaluru,Karnataka,High Risk / 26% Fraud Rate,M011,SkyTrail Travels,Travel Agency,Flight & International Tour Packages,Coimbatore,Gandhipuram,Tamil Nadu,641012,11.0183,76.9664,11,44000.0,09:00-20:00,"ONLINE,TRANSFER,CARD",Mule-account ticket arbitrage & fast cancellation fraud,0.052,130,13304.84,INR,PURCHASE,TRANSFER,MOBILE_APP,0,0,Bengaluru,14.0,0,0,1,DEV-SOWMIYA-ONEPLUS-11,mobile_android,0,BEN-CUST_SOWMIYA_003-TRUSTED,Trusted Household Vendor,11,0,2,17,0,0,0,None,Resolved Genuine,Standard Habitual Purchase,0
TXN-CUST_SOWMIYA_003-10188,2026-07-07 18:12:01,2026-07-07,18:12:01,18,1,0,0,CUST_SOWMIYA_003,55,Bengaluru,Karnataka,High Risk / 26% Fraud Rate,M006,MedicoCare Pharmacy,Pharmacy,Medicines & Surgical Supplies,Madurai,KK Nagar,Tamil Nadu,625020,9.9252,78.1498,10,1450.0,24_HOURS,"POS,UPI,CARD,ONLINE",Nighttime micro card testing,0.015,37,37240.49,INR,PURCHASE,ONLINE,MOBILE_APP,1,0,Bengaluru,14.0,0,0,1,DEV-SOWMIYA-ONEPLUS-11,mobile_android,0,BEN-CUST_SOWMIYA_003-TRUSTED,Trusted Household Vendor,13,0,1,9,0,0,0,None,Resolved Genuine,Standard Habitual Purchase,0
TXN-CUST_SOWMIYA_003-10189,2026-07-07 19:38:31,2026-07-07,19:38:31,19,1,0,0,CUST_SOWMIYA_003,55,Bengaluru,Karnataka,High Risk / 26% Fraud Rate,M010,HarborView Residency,Hotel / Hospitality,Business & Luxury Hotel,Chennai,OMR,Tamil Nadu,600096,12.9165,80.2285,6,9500.0,24_HOURS,"ONLINE,POS,CARD,TRANSFER",Online travel booking fraud with stolen corporate credentials,0.041,102,30995.58,INR,PURCHASE,TRANSFER,MOBILE_APP,1,0,Bengaluru,13.0,0,0,1,DEV-SOWMIYA-ONEPLUS-11,mobile_android,0,BEN-CUST_SOWMIYA_003-TRUSTED,Trusted Household Vendor,13,0,1,9,0,0,0,None,Resolved Genuine,Standard Habitual Purchase,0
TXN-CUST_SOWMIYA_003-10190,2026-07-07 21:03:51,2026-07-07,21:03:51,21,1,0,0,CUST_SOWMIYA_003,55,Bengaluru,Karnataka,High Risk / 26% Fraud Rate,M012,DashDine Delivery,Food Delivery,Quick Commerce & Meal Delivery,Chennai,Sholinganallur,Tamil Nadu,600119,12.901,80.2279,4,520.0,06:00-02:00,"UPI,CARD,ONLINE,WALLET",Promo code abuse / stolen wallet balances,0.014,35,18949.13,INR,PURCHASE,UPI,MOBILE_APP,0,0,Bengaluru,12.0,0,0,1,DEV-SOWMIYA-ONEPLUS-11,mobile_android,0,BEN-CUST_SOWMIYA_003-TRUSTED,Trusted Household Vendor,15,0,1,8,0,0,0,None,Resolved Genuine,Standard Habitual Purchase,0
TXN-CUST_SOWMIYA_003-10191,2026-07-07 22:29:53,2026-07-07,22:29:53,22,1,0,0,CUST_SOWMIYA_003,55,Bengaluru,Karnataka,High Risk / 26% Fraud Rate,M019,ArenaSport World,Sports Retail,Fitness Equipment & Sports Wear,Chennai,Nungambakkam,Tamil Nadu,600034,13.0604,80.2405,6,5600.0,10:00-21:30,"POS,ONLINE,UPI,CARD",Stolen card chargeback on premium sports gear,0.026,65,21744.97,INR,P2P_TRANSFER,UPI,WEB_PORTAL,0,0,Unknown Proxy,2907.0,1,1,0,DEV-ROGUE-EMULATOR-186,unknown_bot,1,BEN-MULE-9023,QuickMule Transfer 68,0,4,21,94,6,3,1,Mule-account behavior,Pre-auth Block,Automated high-velocity attack from unknown device,1
TXN-CUST_SOWMIYA_003-10192,2026-07-07 23:55:33,2026-07-07,23:55:33,23,1,0,1,CUST_SOWMIYA_003,55,Bengaluru,Karnataka,High Risk / 26% Fraud Rate,M016,MotoCare Garage,Auto Service,Car Service & Detailing Hub,Chennai,Pallikaranai,Tamil Nadu,600100,12.9372,80.2014,7,8900.0,08:30-20:30,"POS,UPI,CARD",Over-invoicing / synthetic card payments,0.021,52,13068.02,INR,PURCHASE,POS,MOBILE_APP,1,0,Bengaluru,4.0,0,0,1,DEV-SOWMIYA-ONEPLUS-11,mobile_android,0,BEN-CUST_SOWMIYA_003-TRUSTED,Trusted Household Vendor,5,0,4,21,0,0,0,None,Resolved Genuine,Standard Habitual Purchase,0
TXN-CUST_SOWMIYA_003-10193,2026-07-08 01:23:26,2026-07-08,01:23:26,1,2,0,1,CUST_SOWMIYA_003,55,Bengaluru,Karnataka,High Risk / 26% Fraud Rate,M007,SpiceRoute Kitchen,Restaurant,Fine Dining & Chettinad,Chennai,Adyar,Tamil Nadu,600020,13.0012,80.2565,7,2200.0,11:30-23:30,"POS,UPI,CARD",Cloned card POS terminal replay,0.018,45,20077.55,INR,PURCHASE,CARD,MOBILE_APP,1,0,Bengaluru,11.0,0,0,1,DEV-SOWMIYA-ONEPLUS-11,mobile_android,0,BEN-CUST_SOWMIYA_003-TRUSTED,Trusted Household Vendor,9,0,3,20,0,0,0,None,Resolved Genuine,Standard Habitual Purchase,0
TXN-CUST_SOWMIYA_003-10194,2026-07-08 02:51:19,2026-07-08,02:51:19,2,2,0,1,CUST_SOWMIYA_003,55,Bengaluru,Karnataka,High Risk / 26% Fraud Rate,M023,SwiftBox Logistics,Courier / Logistics,Express Parcel & Freight Delivery,Tiruppur,Avinashi Road,Tamil Nadu,641603,11.1085,77.3411,9,4200.0,08:00-21:00,"POS,UPI,CARD,ONLINE",Interception fraud / address redirection,0.02,50,11975.72,INR,P2P_TRANSFER,POS,WEB_PORTAL,0,1,Dubai,2433.0,1,1,0,DEV-ROGUE-EMULATOR-650,unknown_bot,1,BEN-MULE-2454,QuickMule Transfer 71,0,7,19,85,4,4,0,Card testing,Pre-auth Block,Automated high-velocity attack from unknown device,1
TXN-CUST_SOWMIYA_003-10195,2026-07-08 04:20:01,2026-07-08,04:20:01,4,2,0,1,CUST_SOWMIYA_003,55,Bengaluru,Karnataka,High Risk / 26% Fraud Rate,M027,BrickHarbor Realty,Real Estate / Property Services,Rental Escrow & Facility Management,Chennai,Porur,Tamil Nadu,600116,13.035,80.16,11,65000.0,09:00-19:00,"TRANSFER,NETBANKING,CARD",Security deposit phishing / escrow hijacking,0.039,97,15641.89,INR,PURCHASE,NETBANKING,MOBILE_APP,0,0,Bengaluru,8.0,0,0,1,DEV-SOWMIYA-ONEPLUS-11,mobile_android,0,BEN-CUST_SOWMIYA_003-TRUSTED,Trusted Household Vendor,10,0,3,20,0,0,0,None,Resolved Genuine,Standard Habitual Purchase,0
TXN-CUST_SOWMIYA_003-10196,2026-07-08 05:44:27,2026-07-08,05:44:27,5,2,0,1,CUST_SOWMIYA_003,55,Bengaluru,Karnataka,High Risk / 26% Fraud Rate,M014,OakLine Furnishings,Furniture,Teak Wood & Modern Home Decor,Madurai,Bypass Road,Tamil Nadu,625016,9.932,78.109,12,38000.0,10:00-21:00,"POS,CARD,TRANSFER,EMI",Invoice redirection fraud / fake payment slips,0.029,72,124896.41,INR,P2P_TRANSFER,TRANSFER,WEB_PORTAL,0,1,Moscow,3765.0,1,1,0,DEV-ROGUE-EMULATOR-501,unknown_bot,1,BEN-MULE-5341,QuickMule Transfer 73,0,4,28,118,6,4,0,Card testing,Pre-auth Block,Automated high-velocity attack from unknown device,1
TXN-CUST_SOWMIYA_003-10197,2026-07-08 07:11:57,2026-07-08,07:11:57,7,2,0,0,CUST_SOWMIYA_003,55,Bengaluru,Karnataka,High Risk / 26% Fraud Rate,M021,GlowCraft Salon,Salon / Beauty,Spa & Grooming Studio,Chennai,Porur,Tamil Nadu,600116,13.0382,80.1565,5,2800.0,09:00-21:00,"POS,UPI,CARD",Unusual late-night transaction spikes,0.011,27,19588.4,INR,PURCHASE,CARD,MOBILE_APP,1,0,Bengaluru,5.0,0,0,1,DEV-SOWMIYA-ONEPLUS-11,mobile_android,0,BEN-CUST_SOWMIYA_003-TRUSTED,Trusted Household Vendor,5,0,3,19,0,0,0,None,Resolved Genuine,Standard Habitual Purchase,0
TXN-CUST_SOWMIYA_003-10198,2026-07-08 08:40:27,2026-07-08,08:40:27,8,2,0,0,CUST_SOWMIYA_003,55,Bengaluru,Karnataka,High Risk / 26% Fraud Rate,M015,HomeSphere Appliances,Home Appliances,"Refrigerators, ACs & Kitchen Tech",Coimbatore,Saibaba Colony,Tamil Nadu,641011,11.0315,76.945,9,27500.0,09:30-21:00,"POS,EMI,CARD,UPI",Carding attacks with immediate in-store pickup,0.038,95,37046.74,INR,PURCHASE,EMI,MOBILE_APP,1,0,Bengaluru,13.0,0,0,1,DEV-SOWMIYA-ONEPLUS-11,mobile_android,0,BEN-CUST_SOWMIYA_003-TRUSTED,Trusted Household Vendor,15,0,1,13,0,0,0,None,Resolved Genuine,Standard Habitual Purchase,0
TXN-CUST_SOWMIYA_003-10199,2026-07-08 10:06:11,2026-07-08,10:06:11,10,2,0,0,CUST_SOWMIYA_003,55,Bengaluru,Karnataka,High Risk / 26% Fraud Rate,M014,OakLine Furnishings,Furniture,Teak Wood & Modern Home Decor,Madurai,Bypass Road,Tamil Nadu,625016,9.932,78.109,12,38000.0,10:00-21:00,"POS,CARD,TRANSFER,EMI",Invoice redirection fraud / fake payment slips,0.029,72,30468.98,INR,PURCHASE,EMI,MOBILE_APP,1,0,Bengaluru,5.0,0,0,1,DEV-SOWMIYA-ONEPLUS-11,mobile_android,0,BEN-CUST_SOWMIYA_003-TRUSTED,Trusted Household Vendor,3,1,2,16,0,0,0,None,Resolved Genuine,Standard Habitual Purchase,0
TXN-CUST_SOWMIYA_003-10200,2026-07-08 11:32:23,2026-07-08,11:32:23,11,2,0,0,CUST_SOWMIYA_003,55,Bengaluru,Karnataka,High Risk / 26% Fraud Rate,M003,Pulse Mobile Hub,Mobile Store,Smartphones & Accessories,Chennai,Tambaram,Tamil Nadu,600045,12.9249,80.1278,4,18500.0,09:30-21:30,"POS,UPI,CARD",New device abuse / rapid checkout surge,0.035,87,21937.89,INR,PURCHASE,POS,MOBILE_APP,1,0,Bengaluru,8.0,0,0,1,DEV-SOWMIYA-ONEPLUS-11,mobile_android,0,BEN-CUST_SOWMIYA_003-TRUSTED,Trusted Household Vendor,4,0,3,19,0,0,0,None,Resolved Genuine,Standard Habitual Purchase,0
TXN-CUST_SOWMIYA_003-10201,2026-07-08 13:00:19,2026-07-08,13:00:19,13,2,0,0,CUST_SOWMIYA_003,55,Bengaluru,Karnataka,High Risk / 26% Fraud Rate,M025,ShieldSure Services,Insurance Services,General & Health Insurance Premium,Chennai,Egmore,Tamil Nadu,600008,13.0784,80.2607,13,14000.0,09:30-18:00,"ONLINE,NETBANKING,CARD",Premium diversion / fake policy payment slips,0.019,47,18503.24,INR,PURCHASE,ONLINE,MOBILE_APP,0,0,Bengaluru,13.0,0,0,1,DEV-SOWMIYA-ONEPLUS-11,mobile_android,0,BEN-CUST_SOWMIYA_003-TRUSTED,Trusted Household Vendor,15,0,1,6,0,0,0,None,Resolved Genuine,Standard Habitual Purchase,0
TXN-CUST_SOWMIYA_003-10202,2026-07-08 14:27:08,2026-07-08,14:27:08,14,2,0,0,CUST_SOWMIYA_003,55,Bengaluru,Karnataka,High Risk / 26% Fraud Rate,M009,RapidFuel Station,Fuel Station,"Petrol, Diesel & EV Fast Charge",Salem,Fairlands,Tamil Nadu,636016,11.6643,78.146,9,3100.0,24_HOURS,"POS,FLEET_CARD,UPI",Automated fleet card skimming,0.024,60,13731.96,INR,P2P_TRANSFER,UPI,WEB_PORTAL,0,1,Moscow,4125.0,1,1,0,DEV-ROGUE-EMULATOR-481,unknown_bot,1,BEN-MULE-6626,QuickMule Transfer 41,0,12,16,71,3,3,0,Account takeover,Pre-auth Block,Automated high-velocity attack from unknown device,1
TXN-CUST_SOWMIYA_003-10203,2026-07-08 15:54:28,2026-07-08,15:54:28,15,2,0,0,CUST_SOWMIYA_003,55,Bengaluru,Karnataka,High Risk / 26% Fraud Rate,M014,OakLine Furnishings,Furniture,Teak Wood & Modern Home Decor,Madurai,Bypass Road,Tamil Nadu,625016,9.932,78.109,12,38000.0,10:00-21:00,"POS,CARD,TRANSFER,EMI",Invoice redirection fraud / fake payment slips,0.029,72,23898.63,INR,PURCHASE,CARD,MOBILE_APP,1,0,Bengaluru,6.0,0,0,1,DEV-SOWMIYA-ONEPLUS-11,mobile_android,0,BEN-CUST_SOWMIYA_003-TRUSTED,Trusted Household Vendor,13,0,2,16,0,0,0,None,Resolved Genuine,Standard Habitual Purchase,0
TXN-CUST_SOWMIYA_003-10204,2026-07-08 17:20:27,2026-07-08,17:20:27,17,2,0,0,CUST_SOWMIYA_003,55,Bengaluru,Karnataka,High Risk / 26% Fraud Rate,M002,CircuitBay Electronics,Consumer Electronics,Laptops & Gadgets,Chennai,Velachery,Tamil Nadu,600042,12.9759,80.2212,6,32000.0,10:00-21:30,"POS,ONLINE,EMI,UPI",Stolen payment details / high-ticket electronics delivery,0.048,120,147608.4,INR,P2P_TRANSFER,EMI,WEB_PORTAL,0,1,Singapore,5020.0,1,1,0,DEV-ROGUE-EMULATOR-137,unknown_bot,1,BEN-MULE-5022,QuickMule Transfer 49,0,4,30,128,2,1,1,Account takeover,Pre-auth Block,Automated high-velocity attack from unknown device,1
TXN-CUST_SOWMIYA_003-10205,2026-07-08 18:44:19,2026-07-08,18:44:19,18,2,0,0,CUST_SOWMIYA_003,55,Bengaluru,Karnataka,High Risk / 26% Fraud Rate,M020,GameGrid Arena,Gaming,"Esports, Consoles & Virtual Credits",Bengaluru,Koramangala,Karnataka,560095,12.9352,77.6245,4,3400.0,10:00-01:00,"ONLINE,UPI,CARD,WALLET",Virtual item laundering & bot-driven micro transactions,0.055,137,34978.67,INR,PURCHASE,ONLINE,MOBILE_APP,0,0,Bengaluru,10.0,0,0,1,DEV-SOWMIYA-ONEPLUS-11,mobile_android,0,BEN-CUST_SOWMIYA_003-TRUSTED,Trusted Household Vendor,8,0,4,19,0,0,0,None,Resolved Genuine,Standard Habitual Purchase,0
TXN-CUST_SOWMIYA_003-10206,2026-07-08 20:11:00,2026-07-08,20:11:00,20,2,0,0,CUST_SOWMIYA_003,55,Bengaluru,Karnataka,High Risk / 26% Fraud Rate,M022,SkillSpring Academy,Education / Training,Professional Certifications & Tech Bootcamps,Chennai,Mylapore,Tamil Nadu,600004,13.0368,80.2676,8,22000.0,08:30-19:30,"ONLINE,NETBANKING,CARD,UPI",Stolen corporate card enrollments,0.028,70,41726.22,INR,PURCHASE,CARD,MOBILE_APP,0,0,Bengaluru,9.0,0,0,1,DEV-SOWMIYA-ONEPLUS-11,mobile_android,0,BEN-CUST_SOWMIYA_003-TRUSTED,Trusted Household Vendor,15,0,4,24,0,0,0,None,Resolved Genuine,Standard Habitual Purchase,0
TXN-CUST_SOWMIYA_003-10207,2026-07-08 21:36:57,2026-07-08,21:36:57,21,2,0,0,CUST_SOWMIYA_003,55,Bengaluru,Karnataka,High Risk / 26% Fraud Rate,M010,HarborView Residency,Hotel / Hospitality,Business & Luxury Hotel,Chennai,OMR,Tamil Nadu,600096,12.9165,80.2285,6,9500.0,24_HOURS,"ONLINE,POS,CARD,TRANSFER",Online travel booking fraud with stolen corporate credentials,0.041,102,36371.69,INR,PURCHASE,TRANSFER,MOBILE_APP,1,0,Bengaluru,8.0,0,0,1,DEV-SOWMIYA-ONEPLUS-11,mobile_android,0,BEN-CUST_SOWMIYA_003-TRUSTED,Trusted Household Vendor,11,0,1,14,0,0,0,None,Resolved Genuine,Standard Habitual Purchase,0
TXN-CUST_SOWMIYA_003-10208,2026-07-08 23:03:16,2026-07-08,23:03:16,23,2,0,1,CUST_SOWMIYA_003,55,Bengaluru,Karnataka,High Risk / 26% Fraud Rate,M001,NovaMart Fresh,Grocery & Supermarket,Supermarket / Hypermarket,Chennai,T Nagar,Tamil Nadu,600017,13.0418,80.2341,8,1250.0,07:00-22:30,"POS,UPI,CARD,ONLINE",Card testing / micro-burst velocity,0.012,30,20998.71,INR,PURCHASE,ONLINE,MOBILE_APP,1,0,Bengaluru,8.0,0,0,1,DEV-SOWMIYA-ONEPLUS-11,mobile_android,0,BEN-CUST_SOWMIYA_003-TRUSTED,Trusted Household Vendor,9,0,4,26,0,0,0,None,Resolved Genuine,Standard Habitual Purchase,0
TXN-CUST_SOWMIYA_003-10209,2026-07-09 00:31:59,2026-07-09,00:31:59,0,3,0,1,CUST_SOWMIYA_003,55,Bengaluru,Karnataka,High Risk / 26% Fraud Rate,M023,SwiftBox Logistics,Courier / Logistics,Express Parcel & Freight Delivery,Tiruppur,Avinashi Road,Tamil Nadu,641603,11.1085,77.3411,9,4200.0,08:00-21:00,"POS,UPI,CARD,ONLINE",Interception fraud / address redirection,0.02,50,32402.57,INR,PURCHASE,ONLINE,MOBILE_APP,1,0,Bengaluru,12.0,0,0,1,DEV-SOWMIYA-ONEPLUS-11,mobile_android,0,BEN-CUST_SOWMIYA_003-TRUSTED,Trusted Household Vendor,8,0,2,15,0,0,0,None,Resolved Genuine,Standard Habitual Purchase,0
TXN-CUST_SOWMIYA_003-10210,2026-07-09 02:01:15,2026-07-09,02:01:15,2,3,0,1,CUST_SOWMIYA_003,55,Bengaluru,Karnataka,High Risk / 26% Fraud Rate,M019,ArenaSport World,Sports Retail,Fitness Equipment & Sports Wear,Chennai,Nungambakkam,Tamil Nadu,600034,13.0604,80.2405,6,5600.0,10:00-21:30,"POS,ONLINE,UPI,CARD",Stolen card chargeback on premium sports gear,0.026,65,24222.51,INR,PURCHASE,ONLINE,MOBILE_APP,1,0,Bengaluru,9.0,0,0,1,DEV-SOWMIYA-ONEPLUS-11,mobile_android,0,BEN-CUST_SOWMIYA_003-TRUSTED,Trusted Household Vendor,7,0,1,9,0,0,0,None,Resolved Genuine,Standard Habitual Purchase,0
TXN-CUST_SOWMIYA_003-10211,2026-07-09 03:28:48,2026-07-09,03:28:48,3,3,0,1,CUST_SOWMIYA_003,55,Bengaluru,Karnataka,High Risk / 26% Fraud Rate,M001,NovaMart Fresh,Grocery & Supermarket,Supermarket / Hypermarket,Chennai,T Nagar,Tamil Nadu,600017,13.0418,80.2341,8,1250.0,07:00-22:30,"POS,UPI,CARD,ONLINE",Card testing / micro-burst velocity,0.012,30,36365.83,INR,PURCHASE,CARD,MOBILE_APP,1,0,Bengaluru,10.0,0,0,1,DEV-SOWMIYA-ONEPLUS-11,mobile_android,0,BEN-CUST_SOWMIYA_003-TRUSTED,Trusted Household Vendor,9,0,4,18,0,0,0,None,Resolved Genuine,Standard Habitual Purchase,0
TXN-CUST_SOWMIYA_003-10212,2026-07-09 04:54:06,2026-07-09,04:54:06,4,3,0,1,CUST_SOWMIYA_003,55,Bengaluru,Karnataka,High Risk / 26% Fraud Rate,M027,BrickHarbor Realty,Real Estate / Property Services,Rental Escrow & Facility Management,Chennai,Porur,Tamil Nadu,600116,13.035,80.16,11,65000.0,09:00-19:00,"TRANSFER,NETBANKING,CARD",Security deposit phishing / escrow hijacking,0.039,97,266834.46,INR,P2P_TRANSFER,TRANSFER,WEB_PORTAL,0,0,Unknown Proxy,4659.0,1,1,0,DEV-ROGUE-EMULATOR-738,unknown_bot,1,BEN-MULE-2101,QuickMule Transfer 37,0,6,16,74,2,3,1,Mule-account behavior,Pre-auth Block,Automated high-velocity attack from unknown device,1
TXN-CUST_SOWMIYA_003-10213,2026-07-09 06:19:50,2026-07-09,06:19:50,6,3,0,0,CUST_SOWMIYA_003,55,Bengaluru,Karnataka,High Risk / 26% Fraud Rate,M002,CircuitBay Electronics,Consumer Electronics,Laptops & Gadgets,Chennai,Velachery,Tamil Nadu,600042,12.9759,80.2212,6,32000.0,10:00-21:30,"POS,ONLINE,EMI,UPI",Stolen payment details / high-ticket electronics delivery,0.048,120,21944.78,INR,PURCHASE,POS,MOBILE_APP,1,0,Bengaluru,5.0,0,0,1,DEV-SOWMIYA-ONEPLUS-11,mobile_android,0,BEN-CUST_SOWMIYA_003-TRUSTED,Trusted Household Vendor,6,0,2,14,0,0,0,None,Resolved Genuine,Standard Habitual Purchase,0
TXN-CUST_SOWMIYA_003-10214,2026-07-09 07:45:57,2026-07-09,07:45:57,7,3,0,0,CUST_SOWMIYA_003,55,Bengaluru,Karnataka,High Risk / 26% Fraud Rate,M024,LinkWave Telecom,Telecom Retail,Fiber Broadband & Postpaid Plans,Erode,Perundurai Road,Tamil Nadu,638011,11.341,77.7172,10,1950.0,09:30-20:30,"UPI,CARD,ONLINE,POS",SIM swap bill recharge surges,0.017,42,5205.42,INR,P2P_TRANSFER,UPI,WEB_PORTAL,0,1,Singapore,3677.0,1,1,0,DEV-ROGUE-EMULATOR-566,unknown_bot,1,BEN-MULE-5620,QuickMule Transfer 23,0,6,12,52,3,3,0,Credential compromise,Pre-auth Block,Automated high-velocity attack from unknown device,1
TXN-CUST_SOWMIYA_003-10215,2026-07-09 09:14:51,2026-07-09,09:14:51,9,3,0,0,CUST_SOWMIYA_003,55,Bengaluru,Karnataka,High Risk / 26% Fraud Rate,M008,BeanCircuit Cafe,Cafe,Specialty Coffee & Bakery,Bengaluru,Indiranagar,Karnataka,560038,12.9784,77.6408,3,650.0,07:30-23:00,"UPI,POS,CARD",QR code spoofing / fast velocity dining,0.009,22,38181.71,INR,PURCHASE,CARD,MOBILE_APP,1,0,Bengaluru,8.0,0,0,1,DEV-SOWMIYA-ONEPLUS-11,mobile_android,0,BEN-CUST_SOWMIYA_003-TRUSTED,Trusted Household Vendor,4,0,3,20,0,0,0,None,Resolved Genuine,Standard Habitual Purchase,0
TXN-CUST_SOWMIYA_003-10216,2026-07-09 10:40:44,2026-07-09,10:40:44,10,3,0,0,CUST_SOWMIYA_003,55,Bengaluru,Karnataka,High Risk / 26% Fraud Rate,M028,CraftCove Home Decor,Home Decor,Handicrafts & Art Pieces,Thanjavur,Medical College Road,Tamil Nadu,613004,10.7684,79.1245,8,7400.0,09:30-20:30,"POS,UPI,CARD,ONLINE",Cross-border tourist chargebacks,0.023,57,40966.84,INR,PURCHASE,UPI,MOBILE_APP,1,0,Bengaluru,8.0,0,0,1,DEV-SOWMIYA-ONEPLUS-11,mobile_android,0,BEN-CUST_SOWMIYA_003-TRUSTED,Trusted Household Vendor,4,0,2,15,0,0,0,None,Resolved Genuine,Standard Habitual Purchase,0
TXN-CUST_SOWMIYA_003-10217,2026-07-09 12:04:35,2026-07-09,12:04:35,12,3,0,0,CUST_SOWMIYA_003,55,Bengaluru,Karnataka,High Risk / 26% Fraud Rate,M022,SkillSpring Academy,Education / Training,Professional Certifications & Tech Bootcamps,Chennai,Mylapore,Tamil Nadu,600004,13.0368,80.2676,8,22000.0,08:30-19:30,"ONLINE,NETBANKING,CARD,UPI",Stolen corporate card enrollments,0.028,70,17826.13,INR,PURCHASE,CARD,MOBILE_APP,0,0,Bengaluru,3.0,0,0,1,DEV-SOWMIYA-ONEPLUS-11,mobile_android,0,BEN-CUST_SOWMIYA_003-TRUSTED,Trusted Household Vendor,6,0,3,20,0,0,0,None,Resolved Genuine,Standard Habitual Purchase,0
TXN-CUST_SOWMIYA_003-10218,2026-07-09 13:32:37,2026-07-09,13:32:37,13,3,0,0,CUST_SOWMIYA_003,55,Bengaluru,Karnataka,High Risk / 26% Fraud Rate,M018,PageTurn Book House,Bookstore,"Academic, Fiction & Stationery",Trichy,Thillai Nagar,Tamil Nadu,620018,10.8282,78.6854,16,850.0,09:00-21:30,"POS,UPI,CARD,ONLINE",Low-value card testing bots,0.008,20,2701.24,INR,P2P_TRANSFER,POS,WEB_PORTAL,0,0,Unknown Proxy,4187.0,1,1,0,DEV-ROGUE-EMULATOR-736,unknown_bot,1,BEN-MULE-6371,QuickMule Transfer 53,0,6,34,146,2,4,1,Account takeover,Pre-auth Block,Automated high-velocity attack from unknown device,1
TXN-CUST_SOWMIYA_003-10219,2026-07-09 14:57:51,2026-07-09,14:57:51,14,3,0,0,CUST_SOWMIYA_003,55,Bengaluru,Karnataka,High Risk / 26% Fraud Rate,M029,CloudDesk Digital,Software / Digital Services,Cloud Infrastructure & SaaS Tools,Bengaluru,Whitefield,Karnataka,560066,12.9698,77.7499,7,19800.0,24_HOURS,"ONLINE,CARD,TRANSFER",Cryptomining VM rental with stolen credit cards,0.058,145,34567.65,INR,PURCHASE,CARD,MOBILE_APP,0,0,Bengaluru,2.0,0,0,1,DEV-SOWMIYA-ONEPLUS-11,mobile_android,0,BEN-CUST_SOWMIYA_003-TRUSTED,Trusted Household Vendor,8,0,4,26,0,0,0,None,Resolved Genuine,Standard Habitual Purchase,0
TXN-CUST_SOWMIYA_003-10220,2026-07-09 16:26:17,2026-07-09,16:26:17,16,3,0,0,CUST_SOWMIYA_003,55,Bengaluru,Karnataka,High Risk / 26% Fraud Rate,M028,CraftCove Home Decor,Home Decor,Handicrafts & Art Pieces,Thanjavur,Medical College Road,Tamil Nadu,613004,10.7684,79.1245,8,7400.0,09:30-20:30,"POS,UPI,CARD,ONLINE",Cross-border tourist chargebacks,0.023,57,15182.59,INR,PURCHASE,UPI,MOBILE_APP,1,0,Bengaluru,8.0,0,0,1,DEV-SOWMIYA-ONEPLUS-11,mobile_android,0,BEN-CUST_SOWMIYA_003-TRUSTED,Trusted Household Vendor,6,0,2,11,0,0,0,None,Resolved Genuine,Standard Habitual Purchase,0
TXN-CUST_SOWMIYA_003-10221,2026-07-09 17:53:12,2026-07-09,17:53:12,17,3,0,0,CUST_SOWMIYA_003,55,Bengaluru,Karnataka,High Risk / 26% Fraud Rate,M010,HarborView Residency,Hotel / Hospitality,Business & Luxury Hotel,Chennai,OMR,Tamil Nadu,600096,12.9165,80.2285,6,9500.0,24_HOURS,"ONLINE,POS,CARD,TRANSFER",Online travel booking fraud with stolen corporate credentials,0.041,102,29611.28,INR,PURCHASE,ONLINE,MOBILE_APP,1,0,Bengaluru,10.0,0,0,1,DEV-SOWMIYA-ONEPLUS-11,mobile_android,0,BEN-CUST_SOWMIYA_003-TRUSTED,Trusted Household Vendor,14,1,1,9,0,0,0,None,Resolved Genuine,Standard Habitual Purchase,0
TXN-CUST_SOWMIYA_003-10222,2026-07-09 19:22:22,2026-07-09,19:22:22,19,3,0,0,CUST_SOWMIYA_003,55,Bengaluru,Karnataka,High Risk / 26% Fraud Rate,M003,Pulse Mobile Hub,Mobile Store,Smartphones & Accessories,Chennai,Tambaram,Tamil Nadu,600045,12.9249,80.1278,4,18500.0,09:30-21:30,"POS,UPI,CARD",New device abuse / rapid checkout surge,0.035,87,85566.5,INR,P2P_TRANSFER,UPI,WEB_PORTAL,0,1,Singapore,2241.0,1,1,0,DEV-ROGUE-EMULATOR-293,unknown_bot,1,BEN-MULE-7061,QuickMule Transfer 83,0,6,21,89,3,1,0,Credential compromise,Pre-auth Block,Automated high-velocity attack from unknown device,1
TXN-CUST_SOWMIYA_003-10223,2026-07-09 20:51:38,2026-07-09,20:51:38,20,3,0,0,CUST_SOWMIYA_003,55,Bengaluru,Karnataka,High Risk / 26% Fraud Rate,M028,CraftCove Home Decor,Home Decor,Handicrafts & Art Pieces,Thanjavur,Medical College Road,Tamil Nadu,613004,10.7684,79.1245,8,7400.0,09:30-20:30,"POS,UPI,CARD,ONLINE",Cross-border tourist chargebacks,0.023,57,13179.16,INR,PURCHASE,POS,MOBILE_APP,1,0,Bengaluru,10.0,0,0,1,DEV-SOWMIYA-ONEPLUS-11,mobile_android,0,BEN-CUST_SOWMIYA_003-TRUSTED,Trusted Household Vendor,5,0,1,14,0,0,0,None,Resolved Genuine,Standard Habitual Purchase,0
TXN-CUST_SOWMIYA_003-10224,2026-07-09 22:16:56,2026-07-09,22:16:56,22,3,0,0,CUST_SOWMIYA_003,55,Bengaluru,Karnataka,High Risk / 26% Fraud Rate,M016,MotoCare Garage,Auto Service,Car Service & Detailing Hub,Chennai,Pallikaranai,Tamil Nadu,600100,12.9372,80.2014,7,8900.0,08:30-20:30,"POS,UPI,CARD",Over-invoicing / synthetic card payments,0.021,52,42337.41,INR,PURCHASE,CARD,MOBILE_APP,1,0,Bengaluru,5.0,0,0,1,DEV-SOWMIYA-ONEPLUS-11,mobile_android,0,BEN-CUST_SOWMIYA_003-TRUSTED,Trusted Household Vendor,7,1,1,12,0,0,0,None,Resolved Genuine,Standard Habitual Purchase,0
TXN-CUST_SOWMIYA_003-10225,2026-07-09 23:40:51,2026-07-09,23:40:51,23,3,0,1,CUST_SOWMIYA_003,55,Bengaluru,Karnataka,High Risk / 26% Fraud Rate,M008,BeanCircuit Cafe,Cafe,Specialty Coffee & Bakery,Bengaluru,Indiranagar,Karnataka,560038,12.9784,77.6408,3,650.0,07:30-23:00,"UPI,POS,CARD",QR code spoofing / fast velocity dining,0.009,22,14267.58,INR,PURCHASE,UPI,MOBILE_APP,1,0,Bengaluru,15.0,0,0,1,DEV-SOWMIYA-ONEPLUS-11,mobile_android,0,BEN-CUST_SOWMIYA_003-TRUSTED,Trusted Household Vendor,6,0,3,15,0,0,0,None,Resolved Genuine,Standard Habitual Purchase,0
TXN-CUST_SOWMIYA_003-10226,2026-07-10 01:06:11,2026-07-10,01:06:11,1,4,0,1,CUST_SOWMIYA_003,55,Bengaluru,Karnataka,High Risk / 26% Fraud Rate,M002,CircuitBay Electronics,Consumer Electronics,Laptops & Gadgets,Chennai,Velachery,Tamil Nadu,600042,12.9759,80.2212,6,32000.0,10:00-21:30,"POS,ONLINE,EMI,UPI",Stolen payment details / high-ticket electronics delivery,0.048,120,17891.48,INR,PURCHASE,UPI,MOBILE_APP,1,0,Bengaluru,13.0,0,0,1,DEV-SOWMIYA-ONEPLUS-11,mobile_android,0,BEN-CUST_SOWMIYA_003-TRUSTED,Trusted Household Vendor,10,0,1,14,0,0,0,None,Resolved Genuine,Standard Habitual Purchase,0
TXN-CUST_SOWMIYA_003-10227,2026-07-10 02:30:06,2026-07-10,02:30:06,2,4,0,1,CUST_SOWMIYA_003,55,Bengaluru,Karnataka,High Risk / 26% Fraud Rate,M023,SwiftBox Logistics,Courier / Logistics,Express Parcel & Freight Delivery,Tiruppur,Avinashi Road,Tamil Nadu,641603,11.1085,77.3411,9,4200.0,08:00-21:00,"POS,UPI,CARD,ONLINE",Interception fraud / address redirection,0.02,50,19749.95,INR,P2P_TRANSFER,CARD,WEB_PORTAL,0,1,Moscow,4153.0,1,1,0,DEV-ROGUE-EMULATOR-731,unknown_bot,1,BEN-MULE-8080,QuickMule Transfer 40,0,12,21,91,4,3,1,Account takeover,Pre-auth Block,Automated high-velocity attack from unknown device,1
TXN-CUST_SOWMIYA_003-10228,2026-07-10 03:59:26,2026-07-10,03:59:26,3,4,0,1,CUST_SOWMIYA_003,55,Bengaluru,Karnataka,High Risk / 26% Fraud Rate,M010,HarborView Residency,Hotel / Hospitality,Business & Luxury Hotel,Chennai,OMR,Tamil Nadu,600096,12.9165,80.2285,6,9500.0,24_HOURS,"ONLINE,POS,CARD,TRANSFER",Online travel booking fraud with stolen corporate credentials,0.041,102,15493.03,INR,PURCHASE,ONLINE,MOBILE_APP,1,0,Bengaluru,9.0,0,0,1,DEV-SOWMIYA-ONEPLUS-11,mobile_android,0,BEN-CUST_SOWMIYA_003-TRUSTED,Trusted Household Vendor,12,0,2,12,0,0,0,None,Resolved Genuine,Standard Habitual Purchase,0
TXN-CUST_SOWMIYA_003-10229,2026-07-10 05:25:16,2026-07-10,05:25:16,5,4,0,1,CUST_SOWMIYA_003,55,Bengaluru,Karnataka,High Risk / 26% Fraud Rate,M020,GameGrid Arena,Gaming,"Esports, Consoles & Virtual Credits",Bengaluru,Koramangala,Karnataka,560095,12.9352,77.6245,4,3400.0,10:00-01:00,"ONLINE,UPI,CARD,WALLET",Virtual item laundering & bot-driven micro transactions,0.055,137,40732.9,INR,PURCHASE,WALLET,MOBILE_APP,0,0,Bengaluru,10.0,0,0,1,DEV-SOWMIYA-ONEPLUS-11,mobile_android,0,BEN-CUST_SOWMIYA_003-TRUSTED,Trusted Household Vendor,3,0,2,14,0,0,0,None,Resolved Genuine,Standard Habitual Purchase,0
TXN-CUST_SOWMIYA_003-10230,2026-07-10 06:52:47,2026-07-10,06:52:47,6,4,0,0,CUST_SOWMIYA_003,55,Bengaluru,Karnataka,High Risk / 26% Fraud Rate,M020,GameGrid Arena,Gaming,"Esports, Consoles & Virtual Credits",Bengaluru,Koramangala,Karnataka,560095,12.9352,77.6245,4,3400.0,10:00-01:00,"ONLINE,UPI,CARD,WALLET",Virtual item laundering & bot-driven micro transactions,0.055,137,42773.75,INR,PURCHASE,WALLET,MOBILE_APP,0,0,Bengaluru,13.0,0,0,1,DEV-SOWMIYA-ONEPLUS-11,mobile_android,0,BEN-CUST_SOWMIYA_003-TRUSTED,Trusted Household Vendor,4,1,4,24,0,0,0,None,Resolved Genuine,Standard Habitual Purchase,0
TXN-CUST_SOWMIYA_003-10231,2026-07-10 08:20:19,2026-07-10,08:20:19,8,4,0,0,CUST_SOWMIYA_003,55,Bengaluru,Karnataka,High Risk / 26% Fraud Rate,M003,Pulse Mobile Hub,Mobile Store,Smartphones & Accessories,Chennai,Tambaram,Tamil Nadu,600045,12.9249,80.1278,4,18500.0,09:30-21:30,"POS,UPI,CARD",New device abuse / rapid checkout surge,0.035,87,11990.61,INR,PURCHASE,CARD,MOBILE_APP,1,0,Bengaluru,15.0,0,0,1,DEV-SOWMIYA-ONEPLUS-11,mobile_android,0,BEN-CUST_SOWMIYA_003-TRUSTED,Trusted Household Vendor,5,0,2,14,0,0,0,None,Resolved Genuine,Standard Habitual Purchase,0
TXN-CUST_SOWMIYA_003-10232,2026-07-10 09:44:31,2026-07-10,09:44:31,9,4,0,0,CUST_SOWMIYA_003,55,Bengaluru,Karnataka,High Risk / 26% Fraud Rate,M024,LinkWave Telecom,Telecom Retail,Fiber Broadband & Postpaid Plans,Erode,Perundurai Road,Tamil Nadu,638011,11.341,77.7172,10,1950.0,09:30-20:30,"UPI,CARD,ONLINE,POS",SIM swap bill recharge surges,0.017,42,15623.63,INR,PURCHASE,UPI,MOBILE_APP,1,0,Bengaluru,9.0,0,0,1,DEV-SOWMIYA-ONEPLUS-11,mobile_android,0,BEN-CUST_SOWMIYA_003-TRUSTED,Trusted Household Vendor,5,1,2,17,0,0,0,None,Resolved Genuine,Standard Habitual Purchase,0
TXN-CUST_SOWMIYA_003-10233,2026-07-10 11:10:04,2026-07-10,11:10:04,11,4,0,0,CUST_SOWMIYA_003,55,Bengaluru,Karnataka,High Risk / 26% Fraud Rate,M021,GlowCraft Salon,Salon / Beauty,Spa & Grooming Studio,Chennai,Porur,Tamil Nadu,600116,13.0382,80.1565,5,2800.0,09:00-21:00,"POS,UPI,CARD",Unusual late-night transaction spikes,0.011,27,25152.11,INR,PURCHASE,POS,MOBILE_APP,1,0,Bengaluru,11.0,0,0,1,DEV-SOWMIYA-ONEPLUS-11,mobile_android,0,BEN-CUST_SOWMIYA_003-TRUSTED,Trusted Household Vendor,5,0,4,26,0,0,0,None,Resolved Genuine,Standard Habitual Purchase,0
TXN-CUST_SOWMIYA_003-10234,2026-07-10 12:34:37,2026-07-10,12:34:37,12,4,0,0,CUST_SOWMIYA_003,55,Bengaluru,Karnataka,High Risk / 26% Fraud Rate,M009,RapidFuel Station,Fuel Station,"Petrol, Diesel & EV Fast Charge",Salem,Fairlands,Tamil Nadu,636016,11.6643,78.146,9,3100.0,24_HOURS,"POS,FLEET_CARD,UPI",Automated fleet card skimming,0.024,60,11793.08,INR,P2P_TRANSFER,POS,WEB_PORTAL,0,1,Dubai,1231.0,1,1,0,DEV-ROGUE-EMULATOR-825,unknown_bot,1,BEN-MULE-6762,QuickMule Transfer 73,0,4,23,96,6,2,1,Mule-account behavior,Pre-auth Block,Automated high-velocity attack from unknown device,1
TXN-CUST_SOWMIYA_003-10235,2026-07-10 14:01:20,2026-07-10,14:01:20,14,4,0,0,CUST_SOWMIYA_003,55,Bengaluru,Karnataka,High Risk / 26% Fraud Rate,M015,HomeSphere Appliances,Home Appliances,"Refrigerators, ACs & Kitchen Tech",Coimbatore,Saibaba Colony,Tamil Nadu,641011,11.0315,76.945,9,27500.0,09:30-21:00,"POS,EMI,CARD,UPI",Carding attacks with immediate in-store pickup,0.038,95,13081.15,INR,PURCHASE,UPI,MOBILE_APP,1,0,Bengaluru,4.0,0,0,1,DEV-SOWMIYA-ONEPLUS-11,mobile_android,0,BEN-CUST_SOWMIYA_003-TRUSTED,Trusted Household Vendor,3,1,1,10,0,0,0,None,Resolved Genuine,Standard Habitual Purchase,0
TXN-CUST_SOWMIYA_003-10236,2026-07-10 15:28:05,2026-07-10,15:28:05,15,4,0,0,CUST_SOWMIYA_003,55,Bengaluru,Karnataka,High Risk / 26% Fraud Rate,M020,GameGrid Arena,Gaming,"Esports, Consoles & Virtual Credits",Bengaluru,Koramangala,Karnataka,560095,12.9352,77.6245,4,3400.0,10:00-01:00,"ONLINE,UPI,CARD,WALLET",Virtual item laundering & bot-driven micro transactions,0.055,137,28272.43,INR,PURCHASE,WALLET,MOBILE_APP,0,0,Bengaluru,3.0,0,0,1,DEV-SOWMIYA-ONEPLUS-11,mobile_android,0,BEN-CUST_SOWMIYA_003-TRUSTED,Trusted Household Vendor,11,0,2,11,0,0,0,None,Resolved Genuine,Standard Habitual Purchase,0
TXN-CUST_SOWMIYA_003-10237,2026-07-10 16:52:21,2026-07-10,16:52:21,16,4,0,0,CUST_SOWMIYA_003,55,Bengaluru,Karnataka,High Risk / 26% Fraud Rate,M012,DashDine Delivery,Food Delivery,Quick Commerce & Meal Delivery,Chennai,Sholinganallur,Tamil Nadu,600119,12.901,80.2279,4,520.0,06:00-02:00,"UPI,CARD,ONLINE,WALLET",Promo code abuse / stolen wallet balances,0.014,35,14422.33,INR,PURCHASE,UPI,MOBILE_APP,0,0,Bengaluru,6.0,0,0,1,DEV-SOWMIYA-ONEPLUS-11,mobile_android,0,BEN-CUST_SOWMIYA_003-TRUSTED,Trusted Household Vendor,8,1,1,8,0,0,0,None,Resolved Genuine,Standard Habitual Purchase,0
TXN-CUST_SOWMIYA_003-10238,2026-07-10 18:21:14,2026-07-10,18:21:14,18,4,0,0,CUST_SOWMIYA_003,55,Bengaluru,Karnataka,High Risk / 26% Fraud Rate,M017,AutoForge Parts,Spare Parts,OEM Industrial & Auto Components,Hosur,Mookandapalli,Tamil Nadu,635126,12.7409,77.8253,15,16500.0,09:00-19:30,"TRANSFER,POS,CARD",Business email compromise / fake beneficiary update,0.033,82,25060.63,INR,PURCHASE,TRANSFER,MOBILE_APP,1,0,Bengaluru,13.0,0,0,1,DEV-SOWMIYA-ONEPLUS-11,mobile_android,0,BEN-CUST_SOWMIYA_003-TRUSTED,Trusted Household Vendor,11,0,3,16,0,0,0,None,Resolved Genuine,Standard Habitual Purchase,0
TXN-CUST_SOWMIYA_003-10239,2026-07-10 19:49:23,2026-07-10,19:49:23,19,4,0,0,CUST_SOWMIYA_003,55,Bengaluru,Karnataka,High Risk / 26% Fraud Rate,M027,BrickHarbor Realty,Real Estate / Property Services,Rental Escrow & Facility Management,Chennai,Porur,Tamil Nadu,600116,13.035,80.16,11,65000.0,09:00-19:00,"TRANSFER,NETBANKING,CARD",Security deposit phishing / escrow hijacking,0.039,97,17621.97,INR,PURCHASE,NETBANKING,MOBILE_APP,0,0,Bengaluru,1.0,0,0,1,DEV-SOWMIYA-ONEPLUS-11,mobile_android,0,BEN-CUST_SOWMIYA_003-TRUSTED,Trusted Household Vendor,7,0,3,18,0,0,0,None,Resolved Genuine,Standard Habitual Purchase,0
TXN-CUST_SOWMIYA_003-10240,2026-07-10 21:15:29,2026-07-10,21:15:29,21,4,0,0,CUST_SOWMIYA_003,55,Bengaluru,Karnataka,High Risk / 26% Fraud Rate,M026,GreenLeaf Wellness,Health & Wellness,Organic Nutrition & Ayurveda,Trichy,Srirangam,Tamil Nadu,620006,10.8624,78.6947,6,2100.0,08:00-21:00,"POS,UPI,ONLINE,CARD",Subscription card stuffing,0.013,32,25050.57,INR,PURCHASE,POS,MOBILE_APP,1,0,Bengaluru,10.0,0,0,1,DEV-SOWMIYA-ONEPLUS-11,mobile_android,0,BEN-CUST_SOWMIYA_003-TRUSTED,Trusted Household Vendor,14,0,1,10,0,0,0,None,Resolved Genuine,Standard Habitual Purchase,0
TXN-CUST_SOWMIYA_003-10241,2026-07-10 22:44:07,2026-07-10,22:44:07,22,4,0,0,CUST_SOWMIYA_003,55,Bengaluru,Karnataka,High Risk / 26% Fraud Rate,M021,GlowCraft Salon,Salon / Beauty,Spa & Grooming Studio,Chennai,Porur,Tamil Nadu,600116,13.0382,80.1565,5,2800.0,09:00-21:00,"POS,UPI,CARD",Unusual late-night transaction spikes,0.011,27,28591.53,INR,PURCHASE,UPI,MOBILE_APP,1,0,Bengaluru,12.0,0,0,1,DEV-SOWMIYA-ONEPLUS-11,mobile_android,0,BEN-CUST_SOWMIYA_003-TRUSTED,Trusted Household Vendor,9,0,3,18,0,0,0,None,Resolved Genuine,Standard Habitual Purchase,0
TXN-CUST_SOWMIYA_003-10242,2026-07-11 00:08:44,2026-07-11,00:08:44,0,5,1,1,CUST_SOWMIYA_003,55,Bengaluru,Karnataka,High Risk / 26% Fraud Rate,M004,Aurelia Gold House,Jewellery,Gold & Diamond Jewellery,Coimbatore,RS Puram,Tamil Nadu,641002,11.0089,76.9514,14,78000.0,10:00-20:30,"POS,CARD,TRANSFER",Account takeover / card-not-present luxury surge,0.065,162,42199.84,INR,PURCHASE,POS,MOBILE_APP,1,0,Bengaluru,6.0,0,0,1,DEV-SOWMIYA-ONEPLUS-11,mobile_android,0,BEN-CUST_SOWMIYA_003-TRUSTED,Trusted Household Vendor,9,0,3,17,0,0,0,None,Resolved Genuine,Standard Habitual Purchase,0
TXN-CUST_SOWMIYA_003-10243,2026-07-11 01:35:13,2026-07-11,01:35:13,1,5,1,1,CUST_SOWMIYA_003,55,Bengaluru,Karnataka,High Risk / 26% Fraud Rate,M016,MotoCare Garage,Auto Service,Car Service & Detailing Hub,Chennai,Pallikaranai,Tamil Nadu,600100,12.9372,80.2014,7,8900.0,08:30-20:30,"POS,UPI,CARD",Over-invoicing / synthetic card payments,0.021,52,37721.89,INR,P2P_TRANSFER,CARD,WEB_PORTAL,0,1,Singapore,4686.0,1,1,0,DEV-ROGUE-EMULATOR-490,unknown_bot,1,BEN-MULE-1859,QuickMule Transfer 63,0,7,14,60,3,4,0,Mule-account behavior,Pre-auth Block,Automated high-velocity attack from unknown device,1
TXN-CUST_SOWMIYA_003-10244,2026-07-11 03:03:56,2026-07-11,03:03:56,3,5,1,1,CUST_SOWMIYA_003,55,Bengaluru,Karnataka,High Risk / 26% Fraud Rate,M005,UrbanThread Studio,Fashion / Apparel,Designer & Ready-to-wear,Chennai,Anna Nagar,Tamil Nadu,600040,13.085,80.2101,5,4800.0,10:30-22:00,"POS,ONLINE,UPI,CARD",Refund abuse / credential stuffing,0.022,55,40242.43,INR,PURCHASE,ONLINE,MOBILE_APP,1,0,Bengaluru,1.0,0,0,1,DEV-SOWMIYA-ONEPLUS-11,mobile_android,0,BEN-CUST_SOWMIYA_003-TRUSTED,Trusted Household Vendor,15,0,1,14,0,0,0,None,Resolved Genuine,Standard Habitual Purchase,0
TXN-CUST_SOWMIYA_003-10245,2026-07-11 04:29:38,2026-07-11,04:29:38,4,5,1,1,CUST_SOWMIYA_003,55,Bengaluru,Karnataka,High Risk / 26% Fraud Rate,M009,RapidFuel Station,Fuel Station,"Petrol, Diesel & EV Fast Charge",Salem,Fairlands,Tamil Nadu,636016,11.6643,78.146,9,3100.0,24_HOURS,"POS,FLEET_CARD,UPI",Automated fleet card skimming,0.024,60,14030.54,INR,P2P_TRANSFER,UPI,WEB_PORTAL,0,1,Moscow,1852.0,1,1,0,DEV-ROGUE-EMULATOR-383,unknown_bot,1,BEN-MULE-2986,QuickMule Transfer 42,0,4,18,79,6,1,1,Mule-account behavior,Pre-auth Block,Automated high-velocity attack from unknown device,1
TXN-CUST_SOWMIYA_003-10246,2026-07-11 05:57:24,2026-07-11,05:57:24,5,5,1,1,CUST_SOWMIYA_003,55,Bengaluru,Karnataka,High Risk / 26% Fraud Rate,M018,PageTurn Book House,Bookstore,"Academic, Fiction & Stationery",Trichy,Thillai Nagar,Tamil Nadu,620018,10.8282,78.6854,16,850.0,09:00-21:30,"POS,UPI,CARD,ONLINE",Low-value card testing bots,0.008,20,17162.3,INR,PURCHASE,POS,MOBILE_APP,1,0,Bengaluru,12.0,0,0,1,DEV-SOWMIYA-ONEPLUS-11,mobile_android,0,BEN-CUST_SOWMIYA_003-TRUSTED,Trusted Household Vendor,4,0,3,18,0,0,0,None,Resolved Genuine,Standard Habitual Purchase,0
TXN-CUST_SOWMIYA_003-10247,2026-07-11 07:23:34,2026-07-11,07:23:34,7,5,1,0,CUST_SOWMIYA_003,55,Bengaluru,Karnataka,High Risk / 26% Fraud Rate,M019,ArenaSport World,Sports Retail,Fitness Equipment & Sports Wear,Chennai,Nungambakkam,Tamil Nadu,600034,13.0604,80.2405,6,5600.0,10:00-21:30,"POS,ONLINE,UPI,CARD",Stolen card chargeback on premium sports gear,0.026,65,27326.28,INR,P2P_TRANSFER,ONLINE,WEB_PORTAL,0,1,Singapore,4808.0,1,1,0,DEV-ROGUE-EMULATOR-338,unknown_bot,1,BEN-MULE-7698,QuickMule Transfer 70,0,6,29,118,3,3,0,Account takeover,Pre-auth Block,Automated high-velocity attack from unknown device,1
TXN-CUST_SOWMIYA_003-10248,2026-07-11 08:51:53,2026-07-11,08:51:53,8,5,1,0,CUST_SOWMIYA_003,55,Bengaluru,Karnataka,High Risk / 26% Fraud Rate,M011,SkyTrail Travels,Travel Agency,Flight & International Tour Packages,Coimbatore,Gandhipuram,Tamil Nadu,641012,11.0183,76.9664,11,44000.0,09:00-20:00,"ONLINE,TRANSFER,CARD",Mule-account ticket arbitrage & fast cancellation fraud,0.052,130,36321.98,INR,PURCHASE,ONLINE,MOBILE_APP,0,0,Bengaluru,3.0,0,0,1,DEV-SOWMIYA-ONEPLUS-11,mobile_android,0,BEN-CUST_SOWMIYA_003-TRUSTED,Trusted Household Vendor,10,0,4,26,0,0,0,None,Resolved Genuine,Standard Habitual Purchase,0
TXN-CUST_SOWMIYA_003-10249,2026-07-11 10:16:49,2026-07-11,10:16:49,10,5,1,0,CUST_SOWMIYA_003,55,Bengaluru,Karnataka,High Risk / 26% Fraud Rate,M017,AutoForge Parts,Spare Parts,OEM Industrial & Auto Components,Hosur,Mookandapalli,Tamil Nadu,635126,12.7409,77.8253,15,16500.0,09:00-19:30,"TRANSFER,POS,CARD",Business email compromise / fake beneficiary update,0.033,82,73938.79,INR,P2P_TRANSFER,TRANSFER,WEB_PORTAL,0,1,Moscow,3917.0,1,1,0,DEV-ROGUE-EMULATOR-641,unknown_bot,1,BEN-MULE-9762,QuickMule Transfer 94,0,10,34,140,3,2,1,Mule-account behavior,Pre-auth Block,Automated high-velocity attack from unknown device,1
TXN-CUST_SOWMIYA_003-10250,2026-07-11 11:43:22,2026-07-11,11:43:22,11,5,1,0,CUST_SOWMIYA_003,55,Bengaluru,Karnataka,High Risk / 26% Fraud Rate,M006,MedicoCare Pharmacy,Pharmacy,Medicines & Surgical Supplies,Madurai,KK Nagar,Tamil Nadu,625020,9.9252,78.1498,10,1450.0,24_HOURS,"POS,UPI,CARD,ONLINE",Nighttime micro card testing,0.015,37,35918.12,INR,PURCHASE,UPI,MOBILE_APP,1,0,Bengaluru,15.0,0,0,1,DEV-SOWMIYA-ONEPLUS-11,mobile_android,0,BEN-CUST_SOWMIYA_003-TRUSTED,Trusted Household Vendor,11,1,1,8,0,0,0,None,Resolved Genuine,Standard Habitual Purchase,0
TXN-CUST_SOWMIYA_003-10251,2026-07-11 13:08:15,2026-07-11,13:08:15,13,5,1,0,CUST_SOWMIYA_003,55,Bengaluru,Karnataka,High Risk / 26% Fraud Rate,M007,SpiceRoute Kitchen,Restaurant,Fine Dining & Chettinad,Chennai,Adyar,Tamil Nadu,600020,13.0012,80.2565,7,2200.0,11:30-23:30,"POS,UPI,CARD",Cloned card POS terminal replay,0.018,45,12827.32,INR,PURCHASE,CARD,MOBILE_APP,1,0,Bengaluru,15.0,0,0,1,DEV-SOWMIYA-ONEPLUS-11,mobile_android,0,BEN-CUST_SOWMIYA_003-TRUSTED,Trusted Household Vendor,9,0,3,18,0,0,0,None,Resolved Genuine,Standard Habitual Purchase,0
TXN-CUST_SOWMIYA_003-10252,2026-07-11 14:35:44,2026-07-11,14:35:44,14,5,1,0,CUST_SOWMIYA_003,55,Bengaluru,Karnataka,High Risk / 26% Fraud Rate,M027,BrickHarbor Realty,Real Estate / Property Services,Rental Escrow & Facility Management,Chennai,Porur,Tamil Nadu,600116,13.035,80.16,11,65000.0,09:00-19:00,"TRANSFER,NETBANKING,CARD",Security deposit phishing / escrow hijacking,0.039,97,25846.26,INR,PURCHASE,TRANSFER,MOBILE_APP,0,0,Bengaluru,15.0,0,0,1,DEV-SOWMIYA-ONEPLUS-11,mobile_android,0,BEN-CUST_SOWMIYA_003-TRUSTED,Trusted Household Vendor,11,0,4,24,0,0,0,None,Resolved Genuine,Standard Habitual Purchase,0
TXN-CUST_SOWMIYA_003-10253,2026-07-11 16:00:48,2026-07-11,16:00:48,16,5,1,0,CUST_SOWMIYA_003,55,Bengaluru,Karnataka,High Risk / 26% Fraud Rate,M026,GreenLeaf Wellness,Health & Wellness,Organic Nutrition & Ayurveda,Trichy,Srirangam,Tamil Nadu,620006,10.8624,78.6947,6,2100.0,08:00-21:00,"POS,UPI,ONLINE,CARD",Subscription card stuffing,0.013,32,7440.22,INR,P2P_TRANSFER,CARD,WEB_PORTAL,0,1,Singapore,3866.0,1,1,0,DEV-ROGUE-EMULATOR-375,unknown_bot,1,BEN-MULE-4287,QuickMule Transfer 20,0,11,22,95,3,1,1,Card testing,Pre-auth Block,Automated high-velocity attack from unknown device,1
TXN-CUST_SOWMIYA_003-10254,2026-07-11 17:29:35,2026-07-11,17:29:35,17,5,1,0,CUST_SOWMIYA_003,55,Bengaluru,Karnataka,High Risk / 26% Fraud Rate,M022,SkillSpring Academy,Education / Training,Professional Certifications & Tech Bootcamps,Chennai,Mylapore,Tamil Nadu,600004,13.0368,80.2676,8,22000.0,08:30-19:30,"ONLINE,NETBANKING,CARD,UPI",Stolen corporate card enrollments,0.028,70,38325.37,INR,PURCHASE,UPI,MOBILE_APP,0,0,Bengaluru,6.0,0,0,1,DEV-SOWMIYA-ONEPLUS-11,mobile_android,0,BEN-CUST_SOWMIYA_003-TRUSTED,Trusted Household Vendor,11,0,2,14,0,0,0,None,Resolved Genuine,Standard Habitual Purchase,0
TXN-CUST_SOWMIYA_003-10255,2026-07-11 18:56:13,2026-07-11,18:56:13,18,5,1,0,CUST_SOWMIYA_003,55,Bengaluru,Karnataka,High Risk / 26% Fraud Rate,M015,HomeSphere Appliances,Home Appliances,"Refrigerators, ACs & Kitchen Tech",Coimbatore,Saibaba Colony,Tamil Nadu,641011,11.0315,76.945,9,27500.0,09:30-21:00,"POS,EMI,CARD,UPI",Carding attacks with immediate in-store pickup,0.038,95,44415.58,INR,PURCHASE,CARD,MOBILE_APP,1,0,Bengaluru,2.0,0,0,1,DEV-SOWMIYA-ONEPLUS-11,mobile_android,0,BEN-CUST_SOWMIYA_003-TRUSTED,Trusted Household Vendor,14,0,1,14,0,0,0,None,Resolved Genuine,Standard Habitual Purchase,0
TXN-CUST_SOWMIYA_003-10256,2026-07-11 20:21:56,2026-07-11,20:21:56,20,5,1,0,CUST_SOWMIYA_003,55,Bengaluru,Karnataka,High Risk / 26% Fraud Rate,M029,CloudDesk Digital,Software / Digital Services,Cloud Infrastructure & SaaS Tools,Bengaluru,Whitefield,Karnataka,560066,12.9698,77.7499,7,19800.0,24_HOURS,"ONLINE,CARD,TRANSFER",Cryptomining VM rental with stolen credit cards,0.058,145,45010.4,INR,PURCHASE,ONLINE,MOBILE_APP,0,0,Bengaluru,3.0,0,0,1,DEV-SOWMIYA-ONEPLUS-11,mobile_android,0,BEN-CUST_SOWMIYA_003-TRUSTED,Trusted Household Vendor,15,0,3,15,0,0,0,None,Resolved Genuine,Standard Habitual Purchase,0
TXN-CUST_SOWMIYA_003-10257,2026-07-11 21:50:04,2026-07-11,21:50:04,21,5,1,0,CUST_SOWMIYA_003,55,Bengaluru,Karnataka,High Risk / 26% Fraud Rate,M020,GameGrid Arena,Gaming,"Esports, Consoles & Virtual Credits",Bengaluru,Koramangala,Karnataka,560095,12.9352,77.6245,4,3400.0,10:00-01:00,"ONLINE,UPI,CARD,WALLET",Virtual item laundering & bot-driven micro transactions,0.055,137,11520.3,INR,P2P_TRANSFER,ONLINE,WEB_PORTAL,0,1,Lagos,3397.0,1,1,0,DEV-ROGUE-EMULATOR-442,unknown_bot,1,BEN-MULE-8140,QuickMule Transfer 49,0,10,23,100,4,1,0,Mule-account behavior,Pre-auth Block,Automated high-velocity attack from unknown device,1
TXN-CUST_SOWMIYA_003-10258,2026-07-11 23:16:07,2026-07-11,23:16:07,23,5,1,1,CUST_SOWMIYA_003,55,Bengaluru,Karnataka,High Risk / 26% Fraud Rate,M020,GameGrid Arena,Gaming,"Esports, Consoles & Virtual Credits",Bengaluru,Koramangala,Karnataka,560095,12.9352,77.6245,4,3400.0,10:00-01:00,"ONLINE,UPI,CARD,WALLET",Virtual item laundering & bot-driven micro transactions,0.055,137,25995.46,INR,PURCHASE,UPI,MOBILE_APP,0,0,Bengaluru,15.0,0,0,1,DEV-SOWMIYA-ONEPLUS-11,mobile_android,0,BEN-CUST_SOWMIYA_003-TRUSTED,Trusted Household Vendor,12,0,1,11,0,0,0,None,Resolved Genuine,Standard Habitual Purchase,0
TXN-CUST_SOWMIYA_003-10259,2026-07-12 00:43:56,2026-07-12,00:43:56,0,6,1,1,CUST_SOWMIYA_003,55,Bengaluru,Karnataka,High Risk / 26% Fraud Rate,M027,BrickHarbor Realty,Real Estate / Property Services,Rental Escrow & Facility Management,Chennai,Porur,Tamil Nadu,600116,13.035,80.16,11,65000.0,09:00-19:00,"TRANSFER,NETBANKING,CARD",Security deposit phishing / escrow hijacking,0.039,97,154106.65,INR,P2P_TRANSFER,NETBANKING,WEB_PORTAL,0,1,Moscow,2770.0,1,1,0,DEV-ROGUE-EMULATOR-212,unknown_bot,1,BEN-MULE-3543,QuickMule Transfer 32,0,4,14,60,4,4,0,Card testing,Pre-auth Block,Automated high-velocity attack from unknown device,1
TXN-CUST_SOWMIYA_003-10260,2026-07-12 02:08:05,2026-07-12,02:08:05,2,6,1,1,CUST_SOWMIYA_003,55,Bengaluru,Karnataka,High Risk / 26% Fraud Rate,M009,RapidFuel Station,Fuel Station,"Petrol, Diesel & EV Fast Charge",Salem,Fairlands,Tamil Nadu,636016,11.6643,78.146,9,3100.0,24_HOURS,"POS,FLEET_CARD,UPI",Automated fleet card skimming,0.024,60,9470.09,INR,P2P_TRANSFER,FLEET_CARD,WEB_PORTAL,0,0,Unknown Proxy,2571.0,1,1,0,DEV-ROGUE-EMULATOR-778,unknown_bot,1,BEN-MULE-9518,QuickMule Transfer 42,0,11,24,98,5,1,1,Card testing,Pre-auth Block,Automated high-velocity attack from unknown device,1
TXN-CUST_SOWMIYA_003-10261,2026-07-12 03:37:13,2026-07-12,03:37:13,3,6,1,1,CUST_SOWMIYA_003,55,Bengaluru,Karnataka,High Risk / 26% Fraud Rate,M026,GreenLeaf Wellness,Health & Wellness,Organic Nutrition & Ayurveda,Trichy,Srirangam,Tamil Nadu,620006,10.8624,78.6947,6,2100.0,08:00-21:00,"POS,UPI,ONLINE,CARD",Subscription card stuffing,0.013,32,33074.88,INR,PURCHASE,UPI,MOBILE_APP,1,0,Bengaluru,9.0,0,0,1,DEV-SOWMIYA-ONEPLUS-11,mobile_android,0,BEN-CUST_SOWMIYA_003-TRUSTED,Trusted Household Vendor,3,0,3,17,0,0,0,None,Resolved Genuine,Standard Habitual Purchase,0
TXN-CUST_SOWMIYA_003-10262,2026-07-12 05:06:05,2026-07-12,05:06:05,5,6,1,1,CUST_SOWMIYA_003,55,Bengaluru,Karnataka,High Risk / 26% Fraud Rate,M018,PageTurn Book House,Bookstore,"Academic, Fiction & Stationery",Trichy,Thillai Nagar,Tamil Nadu,620018,10.8282,78.6854,16,850.0,09:00-21:30,"POS,UPI,CARD,ONLINE",Low-value card testing bots,0.008,20,11571.28,INR,PURCHASE,UPI,MOBILE_APP,1,0,Bengaluru,14.0,0,0,1,DEV-SOWMIYA-ONEPLUS-11,mobile_android,0,BEN-CUST_SOWMIYA_003-TRUSTED,Trusted Household Vendor,10,0,2,15,0,0,0,None,Resolved Genuine,Standard Habitual Purchase,0
TXN-CUST_SOWMIYA_003-10263,2026-07-12 06:34:15,2026-07-12,06:34:15,6,6,1,0,CUST_SOWMIYA_003,55,Bengaluru,Karnataka,High Risk / 26% Fraud Rate,M017,AutoForge Parts,Spare Parts,OEM Industrial & Auto Components,Hosur,Mookandapalli,Tamil Nadu,635126,12.7409,77.8253,15,16500.0,09:00-19:30,"TRANSFER,POS,CARD",Business email compromise / fake beneficiary update,0.033,82,25050.31,INR,PURCHASE,POS,MOBILE_APP,1,0,Bengaluru,12.0,0,0,1,DEV-SOWMIYA-ONEPLUS-11,mobile_android,0,BEN-CUST_SOWMIYA_003-TRUSTED,Trusted Household Vendor,8,0,3,18,0,0,0,None,Resolved Genuine,Standard Habitual Purchase,0
TXN-CUST_SOWMIYA_003-10264,2026-07-12 08:00:09,2026-07-12,08:00:09,8,6,1,0,CUST_SOWMIYA_003,55,Bengaluru,Karnataka,High Risk / 26% Fraud Rate,M001,NovaMart Fresh,Grocery & Supermarket,Supermarket / Hypermarket,Chennai,T Nagar,Tamil Nadu,600017,13.0418,80.2341,8,1250.0,07:00-22:30,"POS,UPI,CARD,ONLINE",Card testing / micro-burst velocity,0.012,30,23200.72,INR,PURCHASE,ONLINE,MOBILE_APP,1,0,Bengaluru,10.0,0,0,1,DEV-SOWMIYA-ONEPLUS-11,mobile_android,0,BEN-CUST_SOWMIYA_003-TRUSTED,Trusted Household Vendor,3,1,4,25,0,0,0,None,Resolved Genuine,Standard Habitual Purchase,0
TXN-CUST_SOWMIYA_003-10265,2026-07-12 09:28:41,2026-07-12,09:28:41,9,6,1,0,CUST_SOWMIYA_003,55,Bengaluru,Karnataka,High Risk / 26% Fraud Rate,M024,LinkWave Telecom,Telecom Retail,Fiber Broadband & Postpaid Plans,Erode,Perundurai Road,Tamil Nadu,638011,11.341,77.7172,10,1950.0,09:30-20:30,"UPI,CARD,ONLINE,POS",SIM swap bill recharge surges,0.017,42,39604.58,INR,PURCHASE,CARD,MOBILE_APP,1,0,Bengaluru,7.0,0,0,1,DEV-SOWMIYA-ONEPLUS-11,mobile_android,0,BEN-CUST_SOWMIYA_003-TRUSTED,Trusted Household Vendor,10,0,2,10,0,0,0,None,Resolved Genuine,Standard Habitual Purchase,0
TXN-CUST_SOWMIYA_003-10266,2026-07-12 10:55:51,2026-07-12,10:55:51,10,6,1,0,CUST_SOWMIYA_003,55,Bengaluru,Karnataka,High Risk / 26% Fraud Rate,M024,LinkWave Telecom,Telecom Retail,Fiber Broadband & Postpaid Plans,Erode,Perundurai Road,Tamil Nadu,638011,11.341,77.7172,10,1950.0,09:30-20:30,"UPI,CARD,ONLINE,POS",SIM swap bill recharge surges,0.017,42,18452.39,INR,PURCHASE,UPI,MOBILE_APP,1,0,Bengaluru,15.0,0,0,1,DEV-SOWMIYA-ONEPLUS-11,mobile_android,0,BEN-CUST_SOWMIYA_003-TRUSTED,Trusted Household Vendor,12,0,3,15,0,0,0,None,Resolved Genuine,Standard Habitual Purchase,0
TXN-CUST_SOWMIYA_003-10267,2026-07-12 12:22:51,2026-07-12,12:22:51,12,6,1,0,CUST_SOWMIYA_003,55,Bengaluru,Karnataka,High Risk / 26% Fraud Rate,M005,UrbanThread Studio,Fashion / Apparel,Designer & Ready-to-wear,Chennai,Anna Nagar,Tamil Nadu,600040,13.085,80.2101,5,4800.0,10:30-22:00,"POS,ONLINE,UPI,CARD",Refund abuse / credential stuffing,0.022,55,35702.43,INR,PURCHASE,ONLINE,MOBILE_APP,1,0,Bengaluru,14.0,0,0,1,DEV-SOWMIYA-ONEPLUS-11,mobile_android,0,BEN-CUST_SOWMIYA_003-TRUSTED,Trusted Household Vendor,10,0,4,26,0,0,0,None,Resolved Genuine,Standard Habitual Purchase,0
TXN-CUST_SOWMIYA_003-10268,2026-07-12 13:48:26,2026-07-12,13:48:26,13,6,1,0,CUST_SOWMIYA_003,55,Bengaluru,Karnataka,High Risk / 26% Fraud Rate,M002,CircuitBay Electronics,Consumer Electronics,Laptops & Gadgets,Chennai,Velachery,Tamil Nadu,600042,12.9759,80.2212,6,32000.0,10:00-21:30,"POS,ONLINE,EMI,UPI",Stolen payment details / high-ticket electronics delivery,0.048,120,17238.37,INR,PURCHASE,ONLINE,MOBILE_APP,1,0,Bengaluru,2.0,0,0,1,DEV-SOWMIYA-ONEPLUS-11,mobile_android,0,BEN-CUST_SOWMIYA_003-TRUSTED,Trusted Household Vendor,8,0,3,22,0,0,0,None,Resolved Genuine,Standard Habitual Purchase,0
TXN-CUST_SOWMIYA_003-10269,2026-07-12 15:13:19,2026-07-12,15:13:19,15,6,1,0,CUST_SOWMIYA_003,55,Bengaluru,Karnataka,High Risk / 26% Fraud Rate,M001,NovaMart Fresh,Grocery & Supermarket,Supermarket / Hypermarket,Chennai,T Nagar,Tamil Nadu,600017,13.0418,80.2341,8,1250.0,07:00-22:30,"POS,UPI,CARD,ONLINE",Card testing / micro-burst velocity,0.012,30,4338.96,INR,P2P_TRANSFER,CARD,WEB_PORTAL,0,1,Singapore,2336.0,1,1,0,DEV-ROGUE-EMULATOR-995,unknown_bot,1,BEN-MULE-4564,QuickMule Transfer 87,0,5,17,76,5,2,1,Mule-account behavior,Pre-auth Block,Automated high-velocity attack from unknown device,1
TXN-CUST_SOWMIYA_003-10270,2026-07-12 16:39:35,2026-07-12,16:39:35,16,6,1,0,CUST_SOWMIYA_003,55,Bengaluru,Karnataka,High Risk / 26% Fraud Rate,M017,AutoForge Parts,Spare Parts,OEM Industrial & Auto Components,Hosur,Mookandapalli,Tamil Nadu,635126,12.7409,77.8253,15,16500.0,09:00-19:30,"TRANSFER,POS,CARD",Business email compromise / fake beneficiary update,0.033,82,20531.23,INR,PURCHASE,CARD,MOBILE_APP,1,0,Bengaluru,12.0,0,0,1,DEV-SOWMIYA-ONEPLUS-11,mobile_android,0,BEN-CUST_SOWMIYA_003-TRUSTED,Trusted Household Vendor,11,0,4,18,0,0,0,None,Resolved Genuine,Standard Habitual Purchase,0
TXN-CUST_SOWMIYA_003-10271,2026-07-12 18:07:58,2026-07-12,18:07:58,18,6,1,0,CUST_SOWMIYA_003,55,Bengaluru,Karnataka,High Risk / 26% Fraud Rate,M027,BrickHarbor Realty,Real Estate / Property Services,Rental Escrow & Facility Management,Chennai,Porur,Tamil Nadu,600116,13.035,80.16,11,65000.0,09:00-19:00,"TRANSFER,NETBANKING,CARD",Security deposit phishing / escrow hijacking,0.039,97,157957.87,INR,P2P_TRANSFER,CARD,WEB_PORTAL,0,0,Unknown Proxy,2019.0,1,1,0,DEV-ROGUE-EMULATOR-900,unknown_bot,1,BEN-MULE-2122,QuickMule Transfer 29,0,12,14,62,5,4,1,Credential compromise,Pre-auth Block,Automated high-velocity attack from unknown device,1
TXN-CUST_SOWMIYA_003-10272,2026-07-12 19:33:10,2026-07-12,19:33:10,19,6,1,0,CUST_SOWMIYA_003,55,Bengaluru,Karnataka,High Risk / 26% Fraud Rate,M026,GreenLeaf Wellness,Health & Wellness,Organic Nutrition & Ayurveda,Trichy,Srirangam,Tamil Nadu,620006,10.8624,78.6947,6,2100.0,08:00-21:00,"POS,UPI,ONLINE,CARD",Subscription card stuffing,0.013,32,21893.21,INR,PURCHASE,POS,MOBILE_APP,1,0,Bengaluru,13.0,0,0,1,DEV-SOWMIYA-ONEPLUS-11,mobile_android,0,BEN-CUST_SOWMIYA_003-TRUSTED,Trusted Household Vendor,13,1,2,16,0,0,0,None,Resolved Genuine,Standard Habitual Purchase,0
TXN-CUST_SOWMIYA_003-10273,2026-07-12 21:02:04,2026-07-12,21:02:04,21,6,1,0,CUST_SOWMIYA_003,55,Bengaluru,Karnataka,High Risk / 26% Fraud Rate,M020,GameGrid Arena,Gaming,"Esports, Consoles & Virtual Credits",Bengaluru,Koramangala,Karnataka,560095,12.9352,77.6245,4,3400.0,10:00-01:00,"ONLINE,UPI,CARD,WALLET",Virtual item laundering & bot-driven micro transactions,0.055,137,29919.22,INR,PURCHASE,CARD,MOBILE_APP,0,0,Bengaluru,9.0,0,0,1,DEV-SOWMIYA-ONEPLUS-11,mobile_android,0,BEN-CUST_SOWMIYA_003-TRUSTED,Trusted Household Vendor,11,0,2,17,0,0,0,None,Resolved Genuine,Standard Habitual Purchase,0
TXN-CUST_SOWMIYA_003-10274,2026-07-12 22:27:06,2026-07-12,22:27:06,22,6,1,0,CUST_SOWMIYA_003,55,Bengaluru,Karnataka,High Risk / 26% Fraud Rate,M015,HomeSphere Appliances,Home Appliances,"Refrigerators, ACs & Kitchen Tech",Coimbatore,Saibaba Colony,Tamil Nadu,641011,11.0315,76.945,9,27500.0,09:30-21:00,"POS,EMI,CARD,UPI",Carding attacks with immediate in-store pickup,0.038,95,26255.56,INR,PURCHASE,POS,MOBILE_APP,1,0,Bengaluru,7.0,0,0,1,DEV-SOWMIYA-ONEPLUS-11,mobile_android,0,BEN-CUST_SOWMIYA_003-TRUSTED,Trusted Household Vendor,10,0,1,11,0,0,0,None,Resolved Genuine,Standard Habitual Purchase,0
TXN-CUST_SOWMIYA_003-10275,2026-07-12 23:52:27,2026-07-12,23:52:27,23,6,1,1,CUST_SOWMIYA_003,55,Bengaluru,Karnataka,High Risk / 26% Fraud Rate,M024,LinkWave Telecom,Telecom Retail,Fiber Broadband & Postpaid Plans,Erode,Perundurai Road,Tamil Nadu,638011,11.341,77.7172,10,1950.0,09:30-20:30,"UPI,CARD,ONLINE,POS",SIM swap bill recharge surges,0.017,42,32356.29,INR,PURCHASE,ONLINE,MOBILE_APP,1,0,Bengaluru,11.0,0,0,1,DEV-SOWMIYA-ONEPLUS-11,mobile_android,0,BEN-CUST_SOWMIYA_003-TRUSTED,Trusted Household Vendor,13,0,2,13,0,0,0,None,Resolved Genuine,Standard Habitual Purchase,0
TXN-CUST_SOWMIYA_003-10276,2026-07-13 01:21:46,2026-07-13,01:21:46,1,0,0,1,CUST_SOWMIYA_003,55,Bengaluru,Karnataka,High Risk / 26% Fraud Rate,M014,OakLine Furnishings,Furniture,Teak Wood & Modern Home Decor,Madurai,Bypass Road,Tamil Nadu,625016,9.932,78.109,12,38000.0,10:00-21:00,"POS,CARD,TRANSFER,EMI",Invoice redirection fraud / fake payment slips,0.029,72,29766.89,INR,PURCHASE,CARD,MOBILE_APP,1,0,Bengaluru,11.0,0,0,1,DEV-SOWMIYA-ONEPLUS-11,mobile_android,0,BEN-CUST_SOWMIYA_003-TRUSTED,Trusted Household Vendor,9,0,3,16,0,0,0,None,Resolved Genuine,Standard Habitual Purchase,0
TXN-CUST_SOWMIYA_003-10277,2026-07-13 02:49:31,2026-07-13,02:49:31,2,0,0,1,CUST_SOWMIYA_003,55,Bengaluru,Karnataka,High Risk / 26% Fraud Rate,M027,BrickHarbor Realty,Real Estate / Property Services,Rental Escrow & Facility Management,Chennai,Porur,Tamil Nadu,600116,13.035,80.16,11,65000.0,09:00-19:00,"TRANSFER,NETBANKING,CARD",Security deposit phishing / escrow hijacking,0.039,97,31313.38,INR,PURCHASE,NETBANKING,MOBILE_APP,0,0,Bengaluru,13.0,0,0,1,DEV-SOWMIYA-ONEPLUS-11,mobile_android,0,BEN-CUST_SOWMIYA_003-TRUSTED,Trusted Household Vendor,10,0,1,9,0,0,0,None,Resolved Genuine,Standard Habitual Purchase,0
TXN-CUST_SOWMIYA_003-10278,2026-07-13 04:14:42,2026-07-13,04:14:42,4,0,0,1,CUST_SOWMIYA_003,55,Bengaluru,Karnataka,High Risk / 26% Fraud Rate,M004,Aurelia Gold House,Jewellery,Gold & Diamond Jewellery,Coimbatore,RS Puram,Tamil Nadu,641002,11.0089,76.9514,14,78000.0,10:00-20:30,"POS,CARD,TRANSFER",Account takeover / card-not-present luxury surge,0.065,162,217575.18,INR,P2P_TRANSFER,CARD,WEB_PORTAL,0,1,Moscow,5022.0,1,1,0,DEV-ROGUE-EMULATOR-707,unknown_bot,1,BEN-MULE-6456,QuickMule Transfer 92,0,5,13,61,2,1,1,Credential compromise,Pre-auth Block,Automated high-velocity attack from unknown device,1
TXN-CUST_SOWMIYA_003-10279,2026-07-13 05:40:50,2026-07-13,05:40:50,5,0,0,1,CUST_SOWMIYA_003,55,Bengaluru,Karnataka,High Risk / 26% Fraud Rate,M008,BeanCircuit Cafe,Cafe,Specialty Coffee & Bakery,Bengaluru,Indiranagar,Karnataka,560038,12.9784,77.6408,3,650.0,07:30-23:00,"UPI,POS,CARD",QR code spoofing / fast velocity dining,0.009,22,37614.29,INR,PURCHASE,UPI,MOBILE_APP,1,0,Bengaluru,10.0,0,0,1,DEV-SOWMIYA-ONEPLUS-11,mobile_android,0,BEN-CUST_SOWMIYA_003-TRUSTED,Trusted Household Vendor,13,0,2,14,0,0,0,None,Resolved Genuine,Standard Habitual Purchase,0
TXN-CUST_SOWMIYA_003-10280,2026-07-13 07:08:24,2026-07-13,07:08:24,7,0,0,0,CUST_SOWMIYA_003,55,Bengaluru,Karnataka,High Risk / 26% Fraud Rate,M016,MotoCare Garage,Auto Service,Car Service & Detailing Hub,Chennai,Pallikaranai,Tamil Nadu,600100,12.9372,80.2014,7,8900.0,08:30-20:30,"POS,UPI,CARD",Over-invoicing / synthetic card payments,0.021,52,23889.88,INR,P2P_TRANSFER,CARD,WEB_PORTAL,0,1,Moscow,5299.0,1,1,0,DEV-ROGUE-EMULATOR-474,unknown_bot,1,BEN-MULE-5429,QuickMule Transfer 92,0,9,24,105,4,1,1,Card testing,Pre-auth Block,Automated high-velocity attack from unknown device,1
TXN-CUST_SOWMIYA_003-10281,2026-07-13 08:33:39,2026-07-13,08:33:39,8,0,0,0,CUST_SOWMIYA_003,55,Bengaluru,Karnataka,High Risk / 26% Fraud Rate,M013,CartNest Online,E-commerce,Multi-category Marketplace,Chennai,Guindy,Tamil Nadu,600032,13.0067,80.2026,5,6200.0,24_HOURS,"ONLINE,UPI,CARD,NETBANKING",Account takeover + triangulation shipping fraud,0.045,112,29661.68,INR,PURCHASE,CARD,MOBILE_APP,0,0,Bengaluru,15.0,0,0,1,DEV-SOWMIYA-ONEPLUS-11,mobile_android,0,BEN-CUST_SOWMIYA_003-TRUSTED,Trusted Household Vendor,6,0,4,20,0,0,0,None,Resolved Genuine,Standard Habitual Purchase,0
TXN-CUST_SOWMIYA_003-10282,2026-07-13 09:58:29,2026-07-13,09:58:29,9,0,0,0,CUST_SOWMIYA_003,55,Bengaluru,Karnataka,High Risk / 26% Fraud Rate,M005,UrbanThread Studio,Fashion / Apparel,Designer & Ready-to-wear,Chennai,Anna Nagar,Tamil Nadu,600040,13.085,80.2101,5,4800.0,10:30-22:00,"POS,ONLINE,UPI,CARD",Refund abuse / credential stuffing,0.022,55,29745.11,INR,PURCHASE,UPI,MOBILE_APP,1,0,Bengaluru,6.0,0,0,1,DEV-SOWMIYA-ONEPLUS-11,mobile_android,0,BEN-CUST_SOWMIYA_003-TRUSTED,Trusted Household Vendor,15,0,1,13,0,0,0,None,Resolved Genuine,Standard Habitual Purchase,0
TXN-CUST_SOWMIYA_003-10283,2026-07-13 11:26:22,2026-07-13,11:26:22,11,0,0,0,CUST_SOWMIYA_003,55,Bengaluru,Karnataka,High Risk / 26% Fraud Rate,M010,HarborView Residency,Hotel / Hospitality,Business & Luxury Hotel,Chennai,OMR,Tamil Nadu,600096,12.9165,80.2285,6,9500.0,24_HOURS,"ONLINE,POS,CARD,TRANSFER",Online travel booking fraud with stolen corporate credentials,0.041,102,30532.53,INR,P2P_TRANSFER,TRANSFER,WEB_PORTAL,0,1,Dubai,4548.0,1,1,0,DEV-ROGUE-EMULATOR-613,unknown_bot,1,BEN-MULE-2926,QuickMule Transfer 34,0,10,13,56,3,3,0,Mule-account behavior,Pre-auth Block,Automated high-velocity attack from unknown device,1
TXN-CUST_SOWMIYA_003-10284,2026-07-13 12:51:12,2026-07-13,12:51:12,12,0,0,0,CUST_SOWMIYA_003,55,Bengaluru,Karnataka,High Risk / 26% Fraud Rate,M024,LinkWave Telecom,Telecom Retail,Fiber Broadband & Postpaid Plans,Erode,Perundurai Road,Tamil Nadu,638011,11.341,77.7172,10,1950.0,09:30-20:30,"UPI,CARD,ONLINE,POS",SIM swap bill recharge surges,0.017,42,36573.32,INR,PURCHASE,UPI,MOBILE_APP,1,0,Bengaluru,13.0,0,0,1,DEV-SOWMIYA-ONEPLUS-11,mobile_android,0,BEN-CUST_SOWMIYA_003-TRUSTED,Trusted Household Vendor,10,0,3,18,0,0,0,None,Resolved Genuine,Standard Habitual Purchase,0
TXN-CUST_SOWMIYA_003-10285,2026-07-13 14:14:42,2026-07-13,14:14:42,14,0,0,0,CUST_SOWMIYA_003,55,Bengaluru,Karnataka,High Risk / 26% Fraud Rate,M004,Aurelia Gold House,Jewellery,Gold & Diamond Jewellery,Coimbatore,RS Puram,Tamil Nadu,641002,11.0089,76.9514,14,78000.0,10:00-20:30,"POS,CARD,TRANSFER",Account takeover / card-not-present luxury surge,0.065,162,259057.66,INR,P2P_TRANSFER,POS,WEB_PORTAL,0,1,Moscow,1986.0,1,1,0,DEV-ROGUE-EMULATOR-707,unknown_bot,1,BEN-MULE-5023,QuickMule Transfer 47,0,8,35,150,5,4,0,Credential compromise,Pre-auth Block,Automated high-velocity attack from unknown device,1
TXN-CUST_SOWMIYA_003-10286,2026-07-13 15:40:12,2026-07-13,15:40:12,15,0,0,0,CUST_SOWMIYA_003,55,Bengaluru,Karnataka,High Risk / 26% Fraud Rate,M011,SkyTrail Travels,Travel Agency,Flight & International Tour Packages,Coimbatore,Gandhipuram,Tamil Nadu,641012,11.0183,76.9664,11,44000.0,09:00-20:00,"ONLINE,TRANSFER,CARD",Mule-account ticket arbitrage & fast cancellation fraud,0.052,130,219346.3,INR,P2P_TRANSFER,CARD,WEB_PORTAL,0,1,Lagos,5290.0,1,1,0,DEV-ROGUE-EMULATOR-630,unknown_bot,1,BEN-MULE-1416,QuickMule Transfer 34,0,8,23,100,5,1,1,Credential compromise,Pre-auth Block,Automated high-velocity attack from unknown device,1
TXN-CUST_SOWMIYA_003-10287,2026-07-13 17:04:12,2026-07-13,17:04:12,17,0,0,0,CUST_SOWMIYA_003,55,Bengaluru,Karnataka,High Risk / 26% Fraud Rate,M003,Pulse Mobile Hub,Mobile Store,Smartphones & Accessories,Chennai,Tambaram,Tamil Nadu,600045,12.9249,80.1278,4,18500.0,09:30-21:30,"POS,UPI,CARD",New device abuse / rapid checkout surge,0.035,87,58723.01,INR,P2P_TRANSFER,POS,WEB_PORTAL,0,1,Dubai,1522.0,1,1,0,DEV-ROGUE-EMULATOR-794,unknown_bot,1,BEN-MULE-5418,QuickMule Transfer 83,0,5,26,113,2,4,1,Mule-account behavior,Pre-auth Block,Automated high-velocity attack from unknown device,1
TXN-CUST_SOWMIYA_003-10288,2026-07-13 18:30:52,2026-07-13,18:30:52,18,0,0,0,CUST_SOWMIYA_003,55,Bengaluru,Karnataka,High Risk / 26% Fraud Rate,M023,SwiftBox Logistics,Courier / Logistics,Express Parcel & Freight Delivery,Tiruppur,Avinashi Road,Tamil Nadu,641603,11.1085,77.3411,9,4200.0,08:00-21:00,"POS,UPI,CARD,ONLINE",Interception fraud / address redirection,0.02,50,31830.48,INR,PURCHASE,UPI,MOBILE_APP,1,0,Bengaluru,9.0,0,0,1,DEV-SOWMIYA-ONEPLUS-11,mobile_android,0,BEN-CUST_SOWMIYA_003-TRUSTED,Trusted Household Vendor,9,0,1,7,0,0,0,None,Resolved Genuine,Standard Habitual Purchase,0
TXN-CUST_SOWMIYA_003-10289,2026-07-13 19:58:45,2026-07-13,19:58:45,19,0,0,0,CUST_SOWMIYA_003,55,Bengaluru,Karnataka,High Risk / 26% Fraud Rate,M012,DashDine Delivery,Food Delivery,Quick Commerce & Meal Delivery,Chennai,Sholinganallur,Tamil Nadu,600119,12.901,80.2279,4,520.0,06:00-02:00,"UPI,CARD,ONLINE,WALLET",Promo code abuse / stolen wallet balances,0.014,35,2111.63,INR,P2P_TRANSFER,CARD,WEB_PORTAL,0,0,Unknown Proxy,4675.0,1,1,0,DEV-ROGUE-EMULATOR-889,unknown_bot,1,BEN-MULE-8019,QuickMule Transfer 72,0,11,24,103,3,3,0,Card testing,Pre-auth Block,Automated high-velocity attack from unknown device,1
TXN-CUST_SOWMIYA_003-10290,2026-07-13 21:27:26,2026-07-13,21:27:26,21,0,0,0,CUST_SOWMIYA_003,55,Bengaluru,Karnataka,High Risk / 26% Fraud Rate,M026,GreenLeaf Wellness,Health & Wellness,Organic Nutrition & Ayurveda,Trichy,Srirangam,Tamil Nadu,620006,10.8624,78.6947,6,2100.0,08:00-21:00,"POS,UPI,ONLINE,CARD",Subscription card stuffing,0.013,32,23576.77,INR,PURCHASE,POS,MOBILE_APP,1,0,Bengaluru,9.0,0,0,1,DEV-SOWMIYA-ONEPLUS-11,mobile_android,0,BEN-CUST_SOWMIYA_003-TRUSTED,Trusted Household Vendor,10,0,1,13,0,0,0,None,Resolved Genuine,Standard Habitual Purchase,0
TXN-CUST_SOWMIYA_003-10291,2026-07-13 22:51:36,2026-07-13,22:51:36,22,0,0,0,CUST_SOWMIYA_003,55,Bengaluru,Karnataka,High Risk / 26% Fraud Rate,M018,PageTurn Book House,Bookstore,"Academic, Fiction & Stationery",Trichy,Thillai Nagar,Tamil Nadu,620018,10.8282,78.6854,16,850.0,09:00-21:30,"POS,UPI,CARD,ONLINE",Low-value card testing bots,0.008,20,29810.92,INR,PURCHASE,CARD,MOBILE_APP,1,0,Bengaluru,5.0,0,0,1,DEV-SOWMIYA-ONEPLUS-11,mobile_android,0,BEN-CUST_SOWMIYA_003-TRUSTED,Trusted Household Vendor,6,0,2,11,0,0,0,None,Resolved Genuine,Standard Habitual Purchase,0
TXN-CUST_SOWMIYA_003-10292,2026-07-14 00:19:31,2026-07-14,00:19:31,0,1,0,1,CUST_SOWMIYA_003,55,Bengaluru,Karnataka,High Risk / 26% Fraud Rate,M020,GameGrid Arena,Gaming,"Esports, Consoles & Virtual Credits",Bengaluru,Koramangala,Karnataka,560095,12.9352,77.6245,4,3400.0,10:00-01:00,"ONLINE,UPI,CARD,WALLET",Virtual item laundering & bot-driven micro transactions,0.055,137,11649.71,INR,PURCHASE,UPI,MOBILE_APP,0,0,Bengaluru,5.0,0,0,1,DEV-SOWMIYA-ONEPLUS-11,mobile_android,0,BEN-CUST_SOWMIYA_003-TRUSTED,Trusted Household Vendor,7,1,4,25,0,0,0,None,Resolved Genuine,Standard Habitual Purchase,0
TXN-CUST_SOWMIYA_003-10293,2026-07-14 01:46:44,2026-07-14,01:46:44,1,1,0,1,CUST_SOWMIYA_003,55,Bengaluru,Karnataka,High Risk / 26% Fraud Rate,M020,GameGrid Arena,Gaming,"Esports, Consoles & Virtual Credits",Bengaluru,Koramangala,Karnataka,560095,12.9352,77.6245,4,3400.0,10:00-01:00,"ONLINE,UPI,CARD,WALLET",Virtual item laundering & bot-driven micro transactions,0.055,137,11594.67,INR,P2P_TRANSFER,CARD,WEB_PORTAL,0,1,Lagos,3769.0,1,1,0,DEV-ROGUE-EMULATOR-971,unknown_bot,1,BEN-MULE-2024,QuickMule Transfer 98,0,11,34,146,6,4,1,Card testing,Pre-auth Block,Automated high-velocity attack from unknown device,1
TXN-CUST_SOWMIYA_003-10294,2026-07-14 03:15:55,2026-07-14,03:15:55,3,1,0,1,CUST_SOWMIYA_003,55,Bengaluru,Karnataka,High Risk / 26% Fraud Rate,M007,SpiceRoute Kitchen,Restaurant,Fine Dining & Chettinad,Chennai,Adyar,Tamil Nadu,600020,13.0012,80.2565,7,2200.0,11:30-23:30,"POS,UPI,CARD",Cloned card POS terminal replay,0.018,45,8931.43,INR,P2P_TRANSFER,POS,WEB_PORTAL,0,1,Lagos,4183.0,1,1,0,DEV-ROGUE-EMULATOR-567,unknown_bot,1,BEN-MULE-1412,QuickMule Transfer 75,0,10,23,99,6,2,1,Account takeover,Pre-auth Block,Automated high-velocity attack from unknown device,1
TXN-CUST_SOWMIYA_003-10295,2026-07-14 04:40:24,2026-07-14,04:40:24,4,1,0,1,CUST_SOWMIYA_003,55,Bengaluru,Karnataka,High Risk / 26% Fraud Rate,M022,SkillSpring Academy,Education / Training,Professional Certifications & Tech Bootcamps,Chennai,Mylapore,Tamil Nadu,600004,13.0368,80.2676,8,22000.0,08:30-19:30,"ONLINE,NETBANKING,CARD,UPI",Stolen corporate card enrollments,0.028,70,63016.73,INR,P2P_TRANSFER,NETBANKING,WEB_PORTAL,0,1,Moscow,3366.0,1,1,0,DEV-ROGUE-EMULATOR-846,unknown_bot,1,BEN-MULE-2698,QuickMule Transfer 21,0,5,16,68,6,4,1,Mule-account behavior,Pre-auth Block,Automated high-velocity attack from unknown device,1
TXN-CUST_SOWMIYA_003-10296,2026-07-14 06:09:32,2026-07-14,06:09:32,6,1,0,0,CUST_SOWMIYA_003,55,Bengaluru,Karnataka,High Risk / 26% Fraud Rate,M026,GreenLeaf Wellness,Health & Wellness,Organic Nutrition & Ayurveda,Trichy,Srirangam,Tamil Nadu,620006,10.8624,78.6947,6,2100.0,08:00-21:00,"POS,UPI,ONLINE,CARD",Subscription card stuffing,0.013,32,5064.29,INR,P2P_TRANSFER,UPI,WEB_PORTAL,0,1,Lagos,3840.0,1,1,0,DEV-ROGUE-EMULATOR-741,unknown_bot,1,BEN-MULE-9954,QuickMule Transfer 82,0,6,24,103,2,1,1,Card testing,Pre-auth Block,Automated high-velocity attack from unknown device,1
TXN-CUST_SOWMIYA_003-10297,2026-07-14 07:37:48,2026-07-14,07:37:48,7,1,0,0,CUST_SOWMIYA_003,55,Bengaluru,Karnataka,High Risk / 26% Fraud Rate,M028,CraftCove Home Decor,Home Decor,Handicrafts & Art Pieces,Thanjavur,Medical College Road,Tamil Nadu,613004,10.7684,79.1245,8,7400.0,09:30-20:30,"POS,UPI,CARD,ONLINE",Cross-border tourist chargebacks,0.023,57,21869.78,INR,PURCHASE,CARD,MOBILE_APP,1,0,Bengaluru,13.0,0,0,1,DEV-SOWMIYA-ONEPLUS-11,mobile_android,0,BEN-CUST_SOWMIYA_003-TRUSTED,Trusted Household Vendor,7,0,4,24,0,0,0,None,Resolved Genuine,Standard Habitual Purchase,0
TXN-CUST_SOWMIYA_003-10298,2026-07-14 09:06:41,2026-07-14,09:06:41,9,1,0,0,CUST_SOWMIYA_003,55,Bengaluru,Karnataka,High Risk / 26% Fraud Rate,M023,SwiftBox Logistics,Courier / Logistics,Express Parcel & Freight Delivery,Tiruppur,Avinashi Road,Tamil Nadu,641603,11.1085,77.3411,9,4200.0,08:00-21:00,"POS,UPI,CARD,ONLINE",Interception fraud / address redirection,0.02,50,18745.14,INR,PURCHASE,CARD,MOBILE_APP,1,0,Bengaluru,6.0,0,0,1,DEV-SOWMIYA-ONEPLUS-11,mobile_android,0,BEN-CUST_SOWMIYA_003-TRUSTED,Trusted Household Vendor,7,0,3,15,0,0,0,None,Resolved Genuine,Standard Habitual Purchase,0
TXN-CUST_SOWMIYA_003-10299,2026-07-14 10:30:45,2026-07-14,10:30:45,10,1,0,0,CUST_SOWMIYA_003,55,Bengaluru,Karnataka,High Risk / 26% Fraud Rate,M004,Aurelia Gold House,Jewellery,Gold & Diamond Jewellery,Coimbatore,RS Puram,Tamil Nadu,641002,11.0089,76.9514,14,78000.0,10:00-20:30,"POS,CARD,TRANSFER",Account takeover / card-not-present luxury surge,0.065,162,38667.41,INR,PURCHASE,POS,MOBILE_APP,1,0,Bengaluru,12.0,0,0,1,DEV-SOWMIYA-ONEPLUS-11,mobile_android,0,BEN-CUST_SOWMIYA_003-TRUSTED,Trusted Household Vendor,4,0,3,20,0,0,0,None,Resolved Genuine,Standard Habitual Purchase,0
TXN-CUST_SOWMIYA_003-10300,2026-07-14 11:59:40,2026-07-14,11:59:40,11,1,0,0,CUST_SOWMIYA_003,55,Bengaluru,Karnataka,High Risk / 26% Fraud Rate,M007,SpiceRoute Kitchen,Restaurant,Fine Dining & Chettinad,Chennai,Adyar,Tamil Nadu,600020,13.0012,80.2565,7,2200.0,11:30-23:30,"POS,UPI,CARD",Cloned card POS terminal replay,0.018,45,9072.84,INR,P2P_TRANSFER,CARD,WEB_PORTAL,0,1,Dubai,2888.0,1,1,0,DEV-ROGUE-EMULATOR-247,unknown_bot,1,BEN-MULE-4545,QuickMule Transfer 66,0,12,32,136,6,1,0,Account takeover,Pre-auth Block,Automated high-velocity attack from unknown device,1
TXN-CUST_SOWMIYA_003-10301,2026-07-14 13:26:09,2026-07-14,13:26:09,13,1,0,0,CUST_SOWMIYA_003,55,Bengaluru,Karnataka,High Risk / 26% Fraud Rate,M025,ShieldSure Services,Insurance Services,General & Health Insurance Premium,Chennai,Egmore,Tamil Nadu,600008,13.0784,80.2607,13,14000.0,09:30-18:00,"ONLINE,NETBANKING,CARD",Premium diversion / fake policy payment slips,0.019,47,14810.32,INR,PURCHASE,NETBANKING,MOBILE_APP,0,0,Bengaluru,13.0,0,0,1,DEV-SOWMIYA-ONEPLUS-11,mobile_android,0,BEN-CUST_SOWMIYA_003-TRUSTED,Trusted Household Vendor,4,0,4,24,0,0,0,None,Resolved Genuine,Standard Habitual Purchase,0
TXN-CUST_SOWMIYA_003-10302,2026-07-14 14:53:35,2026-07-14,14:53:35,14,1,0,0,CUST_SOWMIYA_003,55,Bengaluru,Karnataka,High Risk / 26% Fraud Rate,M006,MedicoCare Pharmacy,Pharmacy,Medicines & Surgical Supplies,Madurai,KK Nagar,Tamil Nadu,625020,9.9252,78.1498,10,1450.0,24_HOURS,"POS,UPI,CARD,ONLINE",Nighttime micro card testing,0.015,37,12354.22,INR,PURCHASE,UPI,MOBILE_APP,1,0,Bengaluru,2.0,0,0,1,DEV-SOWMIYA-ONEPLUS-11,mobile_android,0,BEN-CUST_SOWMIYA_003-TRUSTED,Trusted Household Vendor,6,0,2,15,0,0,0,None,Resolved Genuine,Standard Habitual Purchase,0
TXN-CUST_SOWMIYA_003-10303,2026-07-14 16:18:35,2026-07-14,16:18:35,16,1,0,0,CUST_SOWMIYA_003,55,Bengaluru,Karnataka,High Risk / 26% Fraud Rate,M002,CircuitBay Electronics,Consumer Electronics,Laptops & Gadgets,Chennai,Velachery,Tamil Nadu,600042,12.9759,80.2212,6,32000.0,10:00-21:30,"POS,ONLINE,EMI,UPI",Stolen payment details / high-ticket electronics delivery,0.048,120,42159.49,INR,PURCHASE,ONLINE,MOBILE_APP,1,0,Bengaluru,2.0,0,0,1,DEV-SOWMIYA-ONEPLUS-11,mobile_android,0,BEN-CUST_SOWMIYA_003-TRUSTED,Trusted Household Vendor,11,1,2,16,0,0,0,None,Resolved Genuine,Standard Habitual Purchase,0
TXN-CUST_SOWMIYA_003-10304,2026-07-14 17:42:03,2026-07-14,17:42:03,17,1,0,0,CUST_SOWMIYA_003,55,Bengaluru,Karnataka,High Risk / 26% Fraud Rate,M001,NovaMart Fresh,Grocery & Supermarket,Supermarket / Hypermarket,Chennai,T Nagar,Tamil Nadu,600017,13.0418,80.2341,8,1250.0,07:00-22:30,"POS,UPI,CARD,ONLINE",Card testing / micro-burst velocity,0.012,30,28779.01,INR,PURCHASE,ONLINE,MOBILE_APP,1,0,Bengaluru,15.0,0,0,1,DEV-SOWMIYA-ONEPLUS-11,mobile_android,0,BEN-CUST_SOWMIYA_003-TRUSTED,Trusted Household Vendor,10,0,3,14,0,0,0,None,Resolved Genuine,Standard Habitual Purchase,0
TXN-CUST_SOWMIYA_003-10305,2026-07-14 19:09:50,2026-07-14,19:09:50,19,1,0,0,CUST_SOWMIYA_003,55,Bengaluru,Karnataka,High Risk / 26% Fraud Rate,M001,NovaMart Fresh,Grocery & Supermarket,Supermarket / Hypermarket,Chennai,T Nagar,Tamil Nadu,600017,13.0418,80.2341,8,1250.0,07:00-22:30,"POS,UPI,CARD,ONLINE",Card testing / micro-burst velocity,0.012,30,5064.9,INR,P2P_TRANSFER,ONLINE,WEB_PORTAL,0,1,Moscow,2088.0,1,1,0,DEV-ROGUE-EMULATOR-594,unknown_bot,1,BEN-MULE-7114,QuickMule Transfer 10,0,12,19,84,5,4,1,Mule-account behavior,Pre-auth Block,Automated high-velocity attack from unknown device,1
TXN-CUST_SOWMIYA_003-10306,2026-07-14 20:37:10,2026-07-14,20:37:10,20,1,0,0,CUST_SOWMIYA_003,55,Bengaluru,Karnataka,High Risk / 26% Fraud Rate,M023,SwiftBox Logistics,Courier / Logistics,Express Parcel & Freight Delivery,Tiruppur,Avinashi Road,Tamil Nadu,641603,11.1085,77.3411,9,4200.0,08:00-21:00,"POS,UPI,CARD,ONLINE",Interception fraud / address redirection,0.02,50,40071.15,INR,PURCHASE,UPI,MOBILE_APP,1,0,Bengaluru,11.0,0,0,1,DEV-SOWMIYA-ONEPLUS-11,mobile_android,0,BEN-CUST_SOWMIYA_003-TRUSTED,Trusted Household Vendor,10,0,1,6,0,0,0,None,Resolved Genuine,Standard Habitual Purchase,0
TXN-CUST_SOWMIYA_003-10307,2026-07-14 22:02:15,2026-07-14,22:02:15,22,1,0,0,CUST_SOWMIYA_003,55,Bengaluru,Karnataka,High Risk / 26% Fraud Rate,M017,AutoForge Parts,Spare Parts,OEM Industrial & Auto Components,Hosur,Mookandapalli,Tamil Nadu,635126,12.7409,77.8253,15,16500.0,09:00-19:30,"TRANSFER,POS,CARD",Business email compromise / fake beneficiary update,0.033,82,40318.0,INR,PURCHASE,CARD,MOBILE_APP,1,0,Bengaluru,7.0,0,0,1,DEV-SOWMIYA-ONEPLUS-11,mobile_android,0,BEN-CUST_SOWMIYA_003-TRUSTED,Trusted Household Vendor,4,0,3,20,0,0,0,None,Resolved Genuine,Standard Habitual Purchase,0
TXN-CUST_SOWMIYA_003-10308,2026-07-14 23:30:32,2026-07-14,23:30:32,23,1,0,1,CUST_SOWMIYA_003,55,Bengaluru,Karnataka,High Risk / 26% Fraud Rate,M008,BeanCircuit Cafe,Cafe,Specialty Coffee & Bakery,Bengaluru,Indiranagar,Karnataka,560038,12.9784,77.6408,3,650.0,07:30-23:00,"UPI,POS,CARD",QR code spoofing / fast velocity dining,0.009,22,12929.29,INR,PURCHASE,POS,MOBILE_APP,1,0,Bengaluru,15.0,0,0,1,DEV-SOWMIYA-ONEPLUS-11,mobile_android,0,BEN-CUST_SOWMIYA_003-TRUSTED,Trusted Household Vendor,9,0,2,15,0,0,0,None,Resolved Genuine,Standard Habitual Purchase,0
TXN-CUST_SOWMIYA_003-10309,2026-07-15 00:58:43,2026-07-15,00:58:43,0,2,0,1,CUST_SOWMIYA_003,55,Bengaluru,Karnataka,High Risk / 26% Fraud Rate,M009,RapidFuel Station,Fuel Station,"Petrol, Diesel & EV Fast Charge",Salem,Fairlands,Tamil Nadu,636016,11.6643,78.146,9,3100.0,24_HOURS,"POS,FLEET_CARD,UPI",Automated fleet card skimming,0.024,60,32424.73,INR,PURCHASE,POS,MOBILE_APP,1,0,Bengaluru,8.0,0,0,1,DEV-SOWMIYA-ONEPLUS-11,mobile_android,0,BEN-CUST_SOWMIYA_003-TRUSTED,Trusted Household Vendor,9,0,1,11,0,0,0,None,Resolved Genuine,Standard Habitual Purchase,0
TXN-CUST_SOWMIYA_003-10310,2026-07-15 02:26:25,2026-07-15,02:26:25,2,2,0,1,CUST_SOWMIYA_003,55,Bengaluru,Karnataka,High Risk / 26% Fraud Rate,M022,SkillSpring Academy,Education / Training,Professional Certifications & Tech Bootcamps,Chennai,Mylapore,Tamil Nadu,600004,13.0368,80.2676,8,22000.0,08:30-19:30,"ONLINE,NETBANKING,CARD,UPI",Stolen corporate card enrollments,0.028,70,85928.33,INR,P2P_TRANSFER,ONLINE,WEB_PORTAL,0,1,Moscow,3249.0,1,1,0,DEV-ROGUE-EMULATOR-120,unknown_bot,1,BEN-MULE-3141,QuickMule Transfer 53,0,4,30,129,5,1,1,Card testing,Pre-auth Block,Automated high-velocity attack from unknown device,1
TXN-CUST_SOWMIYA_003-10311,2026-07-15 03:53:55,2026-07-15,03:53:55,3,2,0,1,CUST_SOWMIYA_003,55,Bengaluru,Karnataka,High Risk / 26% Fraud Rate,M004,Aurelia Gold House,Jewellery,Gold & Diamond Jewellery,Coimbatore,RS Puram,Tamil Nadu,641002,11.0089,76.9514,14,78000.0,10:00-20:30,"POS,CARD,TRANSFER",Account takeover / card-not-present luxury surge,0.065,162,30289.05,INR,PURCHASE,CARD,MOBILE_APP,1,0,Bengaluru,12.0,0,0,1,DEV-SOWMIYA-ONEPLUS-11,mobile_android,0,BEN-CUST_SOWMIYA_003-TRUSTED,Trusted Household Vendor,6,0,1,14,0,0,0,None,Resolved Genuine,Standard Habitual Purchase,0
TXN-CUST_SOWMIYA_003-10312,2026-07-15 05:18:10,2026-07-15,05:18:10,5,2,0,1,CUST_SOWMIYA_003,55,Bengaluru,Karnataka,High Risk / 26% Fraud Rate,M013,CartNest Online,E-commerce,Multi-category Marketplace,Chennai,Guindy,Tamil Nadu,600032,13.0067,80.2026,5,6200.0,24_HOURS,"ONLINE,UPI,CARD,NETBANKING",Account takeover + triangulation shipping fraud,0.045,112,30209.85,INR,P2P_TRANSFER,CARD,WEB_PORTAL,0,1,Singapore,2634.0,1,1,0,DEV-ROGUE-EMULATOR-573,unknown_bot,1,BEN-MULE-7520,QuickMule Transfer 27,0,5,22,92,3,1,1,Mule-account behavior,Pre-auth Block,Automated high-velocity attack from unknown device,1
TXN-CUST_SOWMIYA_003-10313,2026-07-15 06:43:59,2026-07-15,06:43:59,6,2,0,0,CUST_SOWMIYA_003,55,Bengaluru,Karnataka,High Risk / 26% Fraud Rate,M001,NovaMart Fresh,Grocery & Supermarket,Supermarket / Hypermarket,Chennai,T Nagar,Tamil Nadu,600017,13.0418,80.2341,8,1250.0,07:00-22:30,"POS,UPI,CARD,ONLINE",Card testing / micro-burst velocity,0.012,30,16208.37,INR,PURCHASE,ONLINE,MOBILE_APP,1,0,Bengaluru,2.0,0,0,1,DEV-SOWMIYA-ONEPLUS-11,mobile_android,0,BEN-CUST_SOWMIYA_003-TRUSTED,Trusted Household Vendor,11,0,1,11,0,0,0,None,Resolved Genuine,Standard Habitual Purchase,0
TXN-CUST_SOWMIYA_003-10314,2026-07-15 08:12:08,2026-07-15,08:12:08,8,2,0,0,CUST_SOWMIYA_003,55,Bengaluru,Karnataka,High Risk / 26% Fraud Rate,M017,AutoForge Parts,Spare Parts,OEM Industrial & Auto Components,Hosur,Mookandapalli,Tamil Nadu,635126,12.7409,77.8253,15,16500.0,09:00-19:30,"TRANSFER,POS,CARD",Business email compromise / fake beneficiary update,0.033,82,11757.89,INR,PURCHASE,POS,MOBILE_APP,1,0,Bengaluru,14.0,0,0,1,DEV-SOWMIYA-ONEPLUS-11,mobile_android,0,BEN-CUST_SOWMIYA_003-TRUSTED,Trusted Household Vendor,6,0,2,18,0,0,0,None,Resolved Genuine,Standard Habitual Purchase,0
TXN-CUST_SOWMIYA_003-10315,2026-07-15 09:36:55,2026-07-15,09:36:55,9,2,0,0,CUST_SOWMIYA_003,55,Bengaluru,Karnataka,High Risk / 26% Fraud Rate,M017,AutoForge Parts,Spare Parts,OEM Industrial & Auto Components,Hosur,Mookandapalli,Tamil Nadu,635126,12.7409,77.8253,15,16500.0,09:00-19:30,"TRANSFER,POS,CARD",Business email compromise / fake beneficiary update,0.033,82,39702.42,INR,PURCHASE,POS,MOBILE_APP,1,0,Bengaluru,4.0,0,0,1,DEV-SOWMIYA-ONEPLUS-11,mobile_android,0,BEN-CUST_SOWMIYA_003-TRUSTED,Trusted Household Vendor,3,0,1,11,0,0,0,None,Resolved Genuine,Standard Habitual Purchase,0
TXN-CUST_SOWMIYA_003-10316,2026-07-15 11:03:01,2026-07-15,11:03:01,11,2,0,0,CUST_SOWMIYA_003,55,Bengaluru,Karnataka,High Risk / 26% Fraud Rate,M029,CloudDesk Digital,Software / Digital Services,Cloud Infrastructure & SaaS Tools,Bengaluru,Whitefield,Karnataka,560066,12.9698,77.7499,7,19800.0,24_HOURS,"ONLINE,CARD,TRANSFER",Cryptomining VM rental with stolen credit cards,0.058,145,38877.55,INR,PURCHASE,CARD,MOBILE_APP,0,0,Bengaluru,14.0,0,0,1,DEV-SOWMIYA-ONEPLUS-11,mobile_android,0,BEN-CUST_SOWMIYA_003-TRUSTED,Trusted Household Vendor,8,1,3,20,0,0,0,None,Resolved Genuine,Standard Habitual Purchase,0
TXN-CUST_SOWMIYA_003-10317,2026-07-15 12:29:51,2026-07-15,12:29:51,12,2,0,0,CUST_SOWMIYA_003,55,Bengaluru,Karnataka,High Risk / 26% Fraud Rate,M025,ShieldSure Services,Insurance Services,General & Health Insurance Premium,Chennai,Egmore,Tamil Nadu,600008,13.0784,80.2607,13,14000.0,09:30-18:00,"ONLINE,NETBANKING,CARD",Premium diversion / fake policy payment slips,0.019,47,35007.15,INR,PURCHASE,ONLINE,MOBILE_APP,0,0,Bengaluru,6.0,0,0,1,DEV-SOWMIYA-ONEPLUS-11,mobile_android,0,BEN-CUST_SOWMIYA_003-TRUSTED,Trusted Household Vendor,14,1,2,14,0,0,0,None,Resolved Genuine,Standard Habitual Purchase,0
TXN-CUST_SOWMIYA_003-10318,2026-07-15 13:53:32,2026-07-15,13:53:32,13,2,0,0,CUST_SOWMIYA_003,55,Bengaluru,Karnataka,High Risk / 26% Fraud Rate,M026,GreenLeaf Wellness,Health & Wellness,Organic Nutrition & Ayurveda,Trichy,Srirangam,Tamil Nadu,620006,10.8624,78.6947,6,2100.0,08:00-21:00,"POS,UPI,ONLINE,CARD",Subscription card stuffing,0.013,32,37568.38,INR,PURCHASE,POS,MOBILE_APP,1,0,Bengaluru,3.0,0,0,1,DEV-SOWMIYA-ONEPLUS-11,mobile_android,0,BEN-CUST_SOWMIYA_003-TRUSTED,Trusted Household Vendor,6,0,2,15,0,0,0,None,Resolved Genuine,Standard Habitual Purchase,0
TXN-CUST_SOWMIYA_003-10319,2026-07-15 15:19:09,2026-07-15,15:19:09,15,2,0,0,CUST_SOWMIYA_003,55,Bengaluru,Karnataka,High Risk / 26% Fraud Rate,M021,GlowCraft Salon,Salon / Beauty,Spa & Grooming Studio,Chennai,Porur,Tamil Nadu,600116,13.0382,80.1565,5,2800.0,09:00-21:00,"POS,UPI,CARD",Unusual late-night transaction spikes,0.011,27,10599.49,INR,P2P_TRANSFER,POS,WEB_PORTAL,0,1,Lagos,3976.0,1,1,0,DEV-ROGUE-EMULATOR-112,unknown_bot,1,BEN-MULE-8961,QuickMule Transfer 99,0,11,15,65,5,4,1,Mule-account behavior,Pre-auth Block,Automated high-velocity attack from unknown device,1
TXN-CUST_SOWMIYA_003-10320,2026-07-15 16:42:44,2026-07-15,16:42:44,16,2,0,0,CUST_SOWMIYA_003,55,Bengaluru,Karnataka,High Risk / 26% Fraud Rate,M014,OakLine Furnishings,Furniture,Teak Wood & Modern Home Decor,Madurai,Bypass Road,Tamil Nadu,625016,9.932,78.109,12,38000.0,10:00-21:00,"POS,CARD,TRANSFER,EMI",Invoice redirection fraud / fake payment slips,0.029,72,180163.82,INR,P2P_TRANSFER,CARD,WEB_PORTAL,0,1,Singapore,1803.0,1,1,0,DEV-ROGUE-EMULATOR-686,unknown_bot,1,BEN-MULE-7425,QuickMule Transfer 42,0,6,20,90,5,1,1,Mule-account behavior,Pre-auth Block,Automated high-velocity attack from unknown device,1
TXN-CUST_SOWMIYA_003-10321,2026-07-15 18:09:41,2026-07-15,18:09:41,18,2,0,0,CUST_SOWMIYA_003,55,Bengaluru,Karnataka,High Risk / 26% Fraud Rate,M007,SpiceRoute Kitchen,Restaurant,Fine Dining & Chettinad,Chennai,Adyar,Tamil Nadu,600020,13.0012,80.2565,7,2200.0,11:30-23:30,"POS,UPI,CARD",Cloned card POS terminal replay,0.018,45,19576.12,INR,PURCHASE,CARD,MOBILE_APP,1,0,Bengaluru,7.0,0,0,1,DEV-SOWMIYA-ONEPLUS-11,mobile_android,0,BEN-CUST_SOWMIYA_003-TRUSTED,Trusted Household Vendor,15,0,1,13,0,0,0,None,Resolved Genuine,Standard Habitual Purchase,0
TXN-CUST_SOWMIYA_003-10322,2026-07-15 19:37:40,2026-07-15,19:37:40,19,2,0,0,CUST_SOWMIYA_003,55,Bengaluru,Karnataka,High Risk / 26% Fraud Rate,M013,CartNest Online,E-commerce,Multi-category Marketplace,Chennai,Guindy,Tamil Nadu,600032,13.0067,80.2026,5,6200.0,24_HOURS,"ONLINE,UPI,CARD,NETBANKING",Account takeover + triangulation shipping fraud,0.045,112,21708.72,INR,P2P_TRANSFER,UPI,WEB_PORTAL,0,1,Moscow,1696.0,1,1,0,DEV-ROGUE-EMULATOR-783,unknown_bot,1,BEN-MULE-8455,QuickMule Transfer 96,0,4,24,99,4,2,1,Mule-account behavior,Pre-auth Block,Automated high-velocity attack from unknown device,1
TXN-CUST_SOWMIYA_003-10323,2026-07-15 21:04:54,2026-07-15,21:04:54,21,2,0,0,CUST_SOWMIYA_003,55,Bengaluru,Karnataka,High Risk / 26% Fraud Rate,M016,MotoCare Garage,Auto Service,Car Service & Detailing Hub,Chennai,Pallikaranai,Tamil Nadu,600100,12.9372,80.2014,7,8900.0,08:30-20:30,"POS,UPI,CARD",Over-invoicing / synthetic card payments,0.021,52,37402.41,INR,PURCHASE,CARD,MOBILE_APP,1,0,Bengaluru,1.0,0,0,1,DEV-SOWMIYA-ONEPLUS-11,mobile_android,0,BEN-CUST_SOWMIYA_003-TRUSTED,Trusted Household Vendor,7,0,2,16,0,0,0,None,Resolved Genuine,Standard Habitual Purchase,0
TXN-CUST_SOWMIYA_003-10324,2026-07-15 22:32:48,2026-07-15,22:32:48,22,2,0,0,CUST_SOWMIYA_003,55,Bengaluru,Karnataka,High Risk / 26% Fraud Rate,M024,LinkWave Telecom,Telecom Retail,Fiber Broadband & Postpaid Plans,Erode,Perundurai Road,Tamil Nadu,638011,11.341,77.7172,10,1950.0,09:30-20:30,"UPI,CARD,ONLINE,POS",SIM swap bill recharge surges,0.017,42,6109.99,INR,P2P_TRANSFER,ONLINE,WEB_PORTAL,0,1,Moscow,3362.0,1,1,0,DEV-ROGUE-EMULATOR-873,unknown_bot,1,BEN-MULE-9738,QuickMule Transfer 15,0,9,15,69,2,3,1,Mule-account behavior,Pre-auth Block,Automated high-velocity attack from unknown device,1
TXN-CUST_SOWMIYA_003-10325,2026-07-16 00:00:33,2026-07-16,00:00:33,0,3,0,1,CUST_SOWMIYA_003,55,Bengaluru,Karnataka,High Risk / 26% Fraud Rate,M007,SpiceRoute Kitchen,Restaurant,Fine Dining & Chettinad,Chennai,Adyar,Tamil Nadu,600020,13.0012,80.2565,7,2200.0,11:30-23:30,"POS,UPI,CARD",Cloned card POS terminal replay,0.018,45,40254.45,INR,PURCHASE,POS,MOBILE_APP,1,0,Bengaluru,9.0,0,0,1,DEV-SOWMIYA-ONEPLUS-11,mobile_android,0,BEN-CUST_SOWMIYA_003-TRUSTED,Trusted Household Vendor,9,1,3,19,0,0,0,None,Resolved Genuine,Standard Habitual Purchase,0
TXN-CUST_SOWMIYA_003-10326,2026-07-16 01:29:01,2026-07-16,01:29:01,1,3,0,1,CUST_SOWMIYA_003,55,Bengaluru,Karnataka,High Risk / 26% Fraud Rate,M006,MedicoCare Pharmacy,Pharmacy,Medicines & Surgical Supplies,Madurai,KK Nagar,Tamil Nadu,625020,9.9252,78.1498,10,1450.0,24_HOURS,"POS,UPI,CARD,ONLINE",Nighttime micro card testing,0.015,37,27940.79,INR,PURCHASE,CARD,MOBILE_APP,1,0,Bengaluru,8.0,0,0,1,DEV-SOWMIYA-ONEPLUS-11,mobile_android,0,BEN-CUST_SOWMIYA_003-TRUSTED,Trusted Household Vendor,12,0,3,21,0,0,0,None,Resolved Genuine,Standard Habitual Purchase,0
TXN-CUST_SOWMIYA_003-10327,2026-07-16 02:54:54,2026-07-16,02:54:54,2,3,0,1,CUST_SOWMIYA_003,55,Bengaluru,Karnataka,High Risk / 26% Fraud Rate,M004,Aurelia Gold House,Jewellery,Gold & Diamond Jewellery,Coimbatore,RS Puram,Tamil Nadu,641002,11.0089,76.9514,14,78000.0,10:00-20:30,"POS,CARD,TRANSFER",Account takeover / card-not-present luxury surge,0.065,162,14997.37,INR,PURCHASE,CARD,MOBILE_APP,1,0,Bengaluru,1.0,0,0,1,DEV-SOWMIYA-ONEPLUS-11,mobile_android,0,BEN-CUST_SOWMIYA_003-TRUSTED,Trusted Household Vendor,9,0,4,25,0,0,0,None,Resolved Genuine,Standard Habitual Purchase,0
TXN-CUST_SOWMIYA_003-10328,2026-07-16 04:20:28,2026-07-16,04:20:28,4,3,0,1,CUST_SOWMIYA_003,55,Bengaluru,Karnataka,High Risk / 26% Fraud Rate,M022,SkillSpring Academy,Education / Training,Professional Certifications & Tech Bootcamps,Chennai,Mylapore,Tamil Nadu,600004,13.0368,80.2676,8,22000.0,08:30-19:30,"ONLINE,NETBANKING,CARD,UPI",Stolen corporate card enrollments,0.028,70,74168.98,INR,P2P_TRANSFER,CARD,WEB_PORTAL,0,1,Lagos,5392.0,1,1,0,DEV-ROGUE-EMULATOR-572,unknown_bot,1,BEN-MULE-4442,QuickMule Transfer 47,0,11,16,70,3,4,0,Credential compromise,Pre-auth Block,Automated high-velocity attack from unknown device,1
TXN-CUST_SOWMIYA_003-10329,2026-07-16 05:49:32,2026-07-16,05:49:32,5,3,0,1,CUST_SOWMIYA_003,55,Bengaluru,Karnataka,High Risk / 26% Fraud Rate,M022,SkillSpring Academy,Education / Training,Professional Certifications & Tech Bootcamps,Chennai,Mylapore,Tamil Nadu,600004,13.0368,80.2676,8,22000.0,08:30-19:30,"ONLINE,NETBANKING,CARD,UPI",Stolen corporate card enrollments,0.028,70,12245.74,INR,PURCHASE,UPI,MOBILE_APP,0,0,Bengaluru,4.0,0,0,1,DEV-SOWMIYA-ONEPLUS-11,mobile_android,0,BEN-CUST_SOWMIYA_003-TRUSTED,Trusted Household Vendor,13,0,3,22,0,0,0,None,Resolved Genuine,Standard Habitual Purchase,0
TXN-CUST_SOWMIYA_003-10330,2026-07-16 07:18:05,2026-07-16,07:18:05,7,3,0,0,CUST_SOWMIYA_003,55,Bengaluru,Karnataka,High Risk / 26% Fraud Rate,M024,LinkWave Telecom,Telecom Retail,Fiber Broadband & Postpaid Plans,Erode,Perundurai Road,Tamil Nadu,638011,11.341,77.7172,10,1950.0,09:30-20:30,"UPI,CARD,ONLINE,POS",SIM swap bill recharge surges,0.017,42,4352.29,INR,P2P_TRANSFER,UPI,WEB_PORTAL,0,1,Moscow,2690.0,1,1,0,DEV-ROGUE-EMULATOR-544,unknown_bot,1,BEN-MULE-9976,QuickMule Transfer 70,0,10,14,65,3,2,0,Mule-account behavior,Pre-auth Block,Automated high-velocity attack from unknown device,1
TXN-CUST_SOWMIYA_003-10331,2026-07-16 08:46:47,2026-07-16,08:46:47,8,3,0,0,CUST_SOWMIYA_003,55,Bengaluru,Karnataka,High Risk / 26% Fraud Rate,M029,CloudDesk Digital,Software / Digital Services,Cloud Infrastructure & SaaS Tools,Bengaluru,Whitefield,Karnataka,560066,12.9698,77.7499,7,19800.0,24_HOURS,"ONLINE,CARD,TRANSFER",Cryptomining VM rental with stolen credit cards,0.058,145,27002.56,INR,PURCHASE,TRANSFER,MOBILE_APP,0,0,Bengaluru,10.0,0,0,1,DEV-SOWMIYA-ONEPLUS-11,mobile_android,0,BEN-CUST_SOWMIYA_003-TRUSTED,Trusted Household Vendor,15,0,1,9,0,0,0,None,Resolved Genuine,Standard Habitual Purchase,0
TXN-CUST_SOWMIYA_003-10332,2026-07-16 10:13:36,2026-07-16,10:13:36,10,3,0,0,CUST_SOWMIYA_003,55,Bengaluru,Karnataka,High Risk / 26% Fraud Rate,M029,CloudDesk Digital,Software / Digital Services,Cloud Infrastructure & SaaS Tools,Bengaluru,Whitefield,Karnataka,560066,12.9698,77.7499,7,19800.0,24_HOURS,"ONLINE,CARD,TRANSFER",Cryptomining VM rental with stolen credit cards,0.058,145,39629.18,INR,PURCHASE,TRANSFER,MOBILE_APP,0,0,Bengaluru,3.0,0,0,1,DEV-SOWMIYA-ONEPLUS-11,mobile_android,0,BEN-CUST_SOWMIYA_003-TRUSTED,Trusted Household Vendor,10,0,4,20,0,0,0,None,Resolved Genuine,Standard Habitual Purchase,0
TXN-CUST_SOWMIYA_003-10333,2026-07-16 11:42:16,2026-07-16,11:42:16,11,3,0,0,CUST_SOWMIYA_003,55,Bengaluru,Karnataka,High Risk / 26% Fraud Rate,M026,GreenLeaf Wellness,Health & Wellness,Organic Nutrition & Ayurveda,Trichy,Srirangam,Tamil Nadu,620006,10.8624,78.6947,6,2100.0,08:00-21:00,"POS,UPI,ONLINE,CARD",Subscription card stuffing,0.013,32,5030.18,INR,P2P_TRANSFER,UPI,WEB_PORTAL,0,1,Dubai,1651.0,1,1,0,DEV-ROGUE-EMULATOR-904,unknown_bot,1,BEN-MULE-7872,QuickMule Transfer 32,0,11,19,78,4,1,1,Mule-account behavior,Pre-auth Block,Automated high-velocity attack from unknown device,1
TXN-CUST_SOWMIYA_003-10334,2026-07-16 13:08:07,2026-07-16,13:08:07,13,3,0,0,CUST_SOWMIYA_003,55,Bengaluru,Karnataka,High Risk / 26% Fraud Rate,M029,CloudDesk Digital,Software / Digital Services,Cloud Infrastructure & SaaS Tools,Bengaluru,Whitefield,Karnataka,560066,12.9698,77.7499,7,19800.0,24_HOURS,"ONLINE,CARD,TRANSFER",Cryptomining VM rental with stolen credit cards,0.058,145,33738.01,INR,PURCHASE,ONLINE,MOBILE_APP,0,0,Bengaluru,3.0,0,0,1,DEV-SOWMIYA-ONEPLUS-11,mobile_android,0,BEN-CUST_SOWMIYA_003-TRUSTED,Trusted Household Vendor,6,0,2,13,0,0,0,None,Resolved Genuine,Standard Habitual Purchase,0
TXN-CUST_SOWMIYA_003-10335,2026-07-16 14:31:49,2026-07-16,14:31:49,14,3,0,0,CUST_SOWMIYA_003,55,Bengaluru,Karnataka,High Risk / 26% Fraud Rate,M005,UrbanThread Studio,Fashion / Apparel,Designer & Ready-to-wear,Chennai,Anna Nagar,Tamil Nadu,600040,13.085,80.2101,5,4800.0,10:30-22:00,"POS,ONLINE,UPI,CARD",Refund abuse / credential stuffing,0.022,55,18776.09,INR,PURCHASE,CARD,MOBILE_APP,1,0,Bengaluru,10.0,0,0,1,DEV-SOWMIYA-ONEPLUS-11,mobile_android,0,BEN-CUST_SOWMIYA_003-TRUSTED,Trusted Household Vendor,7,0,3,14,0,0,0,None,Resolved Genuine,Standard Habitual Purchase,0
TXN-CUST_SOWMIYA_003-10336,2026-07-16 15:59:57,2026-07-16,15:59:57,15,3,0,0,CUST_SOWMIYA_003,55,Bengaluru,Karnataka,High Risk / 26% Fraud Rate,M027,BrickHarbor Realty,Real Estate / Property Services,Rental Escrow & Facility Management,Chennai,Porur,Tamil Nadu,600116,13.035,80.16,11,65000.0,09:00-19:00,"TRANSFER,NETBANKING,CARD",Security deposit phishing / escrow hijacking,0.039,97,294882.36,INR,P2P_TRANSFER,NETBANKING,WEB_PORTAL,0,0,Unknown Proxy,3318.0,1,1,0,DEV-ROGUE-EMULATOR-486,unknown_bot,1,BEN-MULE-3138,QuickMule Transfer 34,0,7,33,141,2,4,0,Account takeover,Pre-auth Block,Automated high-velocity attack from unknown device,1
TXN-CUST_SOWMIYA_003-10337,2026-07-16 17:26:35,2026-07-16,17:26:35,17,3,0,0,CUST_SOWMIYA_003,55,Bengaluru,Karnataka,High Risk / 26% Fraud Rate,M013,CartNest Online,E-commerce,Multi-category Marketplace,Chennai,Guindy,Tamil Nadu,600032,13.0067,80.2026,5,6200.0,24_HOURS,"ONLINE,UPI,CARD,NETBANKING",Account takeover + triangulation shipping fraud,0.045,112,27155.25,INR,P2P_TRANSFER,NETBANKING,WEB_PORTAL,0,1,Singapore,1940.0,1,1,0,DEV-ROGUE-EMULATOR-713,unknown_bot,1,BEN-MULE-1795,QuickMule Transfer 14,0,6,28,118,4,2,1,Credential compromise,Pre-auth Block,Automated high-velocity attack from unknown device,1
TXN-CUST_SOWMIYA_003-10338,2026-07-16 18:51:30,2026-07-16,18:51:30,18,3,0,0,CUST_SOWMIYA_003,55,Bengaluru,Karnataka,High Risk / 26% Fraud Rate,M029,CloudDesk Digital,Software / Digital Services,Cloud Infrastructure & SaaS Tools,Bengaluru,Whitefield,Karnataka,560066,12.9698,77.7499,7,19800.0,24_HOURS,"ONLINE,CARD,TRANSFER",Cryptomining VM rental with stolen credit cards,0.058,145,59486.16,INR,P2P_TRANSFER,CARD,WEB_PORTAL,0,1,Singapore,3210.0,1,1,0,DEV-ROGUE-EMULATOR-590,unknown_bot,1,BEN-MULE-6932,QuickMule Transfer 54,0,5,15,64,6,1,1,Credential compromise,Pre-auth Block,Automated high-velocity attack from unknown device,1
TXN-CUST_SOWMIYA_003-10339,2026-07-16 20:18:04,2026-07-16,20:18:04,20,3,0,0,CUST_SOWMIYA_003,55,Bengaluru,Karnataka,High Risk / 26% Fraud Rate,M001,NovaMart Fresh,Grocery & Supermarket,Supermarket / Hypermarket,Chennai,T Nagar,Tamil Nadu,600017,13.0418,80.2341,8,1250.0,07:00-22:30,"POS,UPI,CARD,ONLINE",Card testing / micro-burst velocity,0.012,30,22480.23,INR,PURCHASE,CARD,MOBILE_APP,1,0,Bengaluru,8.0,0,0,1,DEV-SOWMIYA-ONEPLUS-11,mobile_android,0,BEN-CUST_SOWMIYA_003-TRUSTED,Trusted Household Vendor,5,0,3,19,0,0,0,None,Resolved Genuine,Standard Habitual Purchase,0
TXN-CUST_SOWMIYA_003-10340,2026-07-16 21:46:17,2026-07-16,21:46:17,21,3,0,0,CUST_SOWMIYA_003,55,Bengaluru,Karnataka,High Risk / 26% Fraud Rate,M016,MotoCare Garage,Auto Service,Car Service & Detailing Hub,Chennai,Pallikaranai,Tamil Nadu,600100,12.9372,80.2014,7,8900.0,08:30-20:30,"POS,UPI,CARD",Over-invoicing / synthetic card payments,0.021,52,30453.87,INR,PURCHASE,UPI,MOBILE_APP,1,0,Bengaluru,7.0,0,0,1,DEV-SOWMIYA-ONEPLUS-11,mobile_android,0,BEN-CUST_SOWMIYA_003-TRUSTED,Trusted Household Vendor,11,0,4,18,0,0,0,None,Resolved Genuine,Standard Habitual Purchase,0
TXN-CUST_SOWMIYA_003-10341,2026-07-16 23:13:45,2026-07-16,23:13:45,23,3,0,1,CUST_SOWMIYA_003,55,Bengaluru,Karnataka,High Risk / 26% Fraud Rate,M002,CircuitBay Electronics,Consumer Electronics,Laptops & Gadgets,Chennai,Velachery,Tamil Nadu,600042,12.9759,80.2212,6,32000.0,10:00-21:30,"POS,ONLINE,EMI,UPI",Stolen payment details / high-ticket electronics delivery,0.048,120,19221.02,INR,PURCHASE,ONLINE,MOBILE_APP,1,0,Bengaluru,10.0,0,0,1,DEV-SOWMIYA-ONEPLUS-11,mobile_android,0,BEN-CUST_SOWMIYA_003-TRUSTED,Trusted Household Vendor,4,0,2,11,0,0,0,None,Resolved Genuine,Standard Habitual Purchase,0
TXN-CUST_SOWMIYA_003-10342,2026-07-17 00:42:39,2026-07-17,00:42:39,0,4,0,1,CUST_SOWMIYA_003,55,Bengaluru,Karnataka,High Risk / 26% Fraud Rate,M002,CircuitBay Electronics,Consumer Electronics,Laptops & Gadgets,Chennai,Velachery,Tamil Nadu,600042,12.9759,80.2212,6,32000.0,10:00-21:30,"POS,ONLINE,EMI,UPI",Stolen payment details / high-ticket electronics delivery,0.048,120,42247.18,INR,PURCHASE,UPI,MOBILE_APP,1,0,Bengaluru,2.0,0,0,1,DEV-SOWMIYA-ONEPLUS-11,mobile_android,0,BEN-CUST_SOWMIYA_003-TRUSTED,Trusted Household Vendor,11,0,3,20,0,0,0,None,Resolved Genuine,Standard Habitual Purchase,0
TXN-CUST_SOWMIYA_003-10343,2026-07-17 02:11:35,2026-07-17,02:11:35,2,4,0,1,CUST_SOWMIYA_003,55,Bengaluru,Karnataka,High Risk / 26% Fraud Rate,M019,ArenaSport World,Sports Retail,Fitness Equipment & Sports Wear,Chennai,Nungambakkam,Tamil Nadu,600034,13.0604,80.2405,6,5600.0,10:00-21:30,"POS,ONLINE,UPI,CARD",Stolen card chargeback on premium sports gear,0.026,65,37928.46,INR,PURCHASE,CARD,MOBILE_APP,1,0,Bengaluru,11.0,0,0,1,DEV-SOWMIYA-ONEPLUS-11,mobile_android,0,BEN-CUST_SOWMIYA_003-TRUSTED,Trusted Household Vendor,12,1,4,20,0,0,0,None,Resolved Genuine,Standard Habitual Purchase,0
TXN-CUST_SOWMIYA_003-10344,2026-07-17 03:40:30,2026-07-17,03:40:30,3,4,0,1,CUST_SOWMIYA_003,55,Bengaluru,Karnataka,High Risk / 26% Fraud Rate,M017,AutoForge Parts,Spare Parts,OEM Industrial & Auto Components,Hosur,Mookandapalli,Tamil Nadu,635126,12.7409,77.8253,15,16500.0,09:00-19:30,"TRANSFER,POS,CARD",Business email compromise / fake beneficiary update,0.033,82,28399.56,INR,PURCHASE,TRANSFER,MOBILE_APP,1,0,Bengaluru,14.0,0,0,1,DEV-SOWMIYA-ONEPLUS-11,mobile_android,0,BEN-CUST_SOWMIYA_003-TRUSTED,Trusted Household Vendor,7,0,1,10,0,0,0,None,Resolved Genuine,Standard Habitual Purchase,0
TXN-CUST_SOWMIYA_003-10345,2026-07-17 05:07:19,2026-07-17,05:07:19,5,4,0,1,CUST_SOWMIYA_003,55,Bengaluru,Karnataka,High Risk / 26% Fraud Rate,M026,GreenLeaf Wellness,Health & Wellness,Organic Nutrition & Ayurveda,Trichy,Srirangam,Tamil Nadu,620006,10.8624,78.6947,6,2100.0,08:00-21:00,"POS,UPI,ONLINE,CARD",Subscription card stuffing,0.013,32,25377.26,INR,PURCHASE,CARD,MOBILE_APP,1,0,Bengaluru,10.0,0,0,1,DEV-SOWMIYA-ONEPLUS-11,mobile_android,0,BEN-CUST_SOWMIYA_003-TRUSTED,Trusted Household Vendor,13,0,4,22,0,0,0,None,Resolved Genuine,Standard Habitual Purchase,0
TXN-CUST_SOWMIYA_003-10346,2026-07-17 06:32:31,2026-07-17,06:32:31,6,4,0,0,CUST_SOWMIYA_003,55,Bengaluru,Karnataka,High Risk / 26% Fraud Rate,M014,OakLine Furnishings,Furniture,Teak Wood & Modern Home Decor,Madurai,Bypass Road,Tamil Nadu,625016,9.932,78.109,12,38000.0,10:00-21:00,"POS,CARD,TRANSFER,EMI",Invoice redirection fraud / fake payment slips,0.029,72,11685.3,INR,PURCHASE,POS,MOBILE_APP,1,0,Bengaluru,4.0,0,0,1,DEV-SOWMIYA-ONEPLUS-11,mobile_android,0,BEN-CUST_SOWMIYA_003-TRUSTED,Trusted Household Vendor,10,0,1,6,0,0,0,None,Resolved Genuine,Standard Habitual Purchase,0
TXN-CUST_SOWMIYA_003-10347,2026-07-17 07:57:52,2026-07-17,07:57:52,7,4,0,0,CUST_SOWMIYA_003,55,Bengaluru,Karnataka,High Risk / 26% Fraud Rate,M023,SwiftBox Logistics,Courier / Logistics,Express Parcel & Freight Delivery,Tiruppur,Avinashi Road,Tamil Nadu,641603,11.1085,77.3411,9,4200.0,08:00-21:00,"POS,UPI,CARD,ONLINE",Interception fraud / address redirection,0.02,50,12813.4,INR,PURCHASE,POS,MOBILE_APP,1,0,Bengaluru,9.0,0,0,1,DEV-SOWMIYA-ONEPLUS-11,mobile_android,0,BEN-CUST_SOWMIYA_003-TRUSTED,Trusted Household Vendor,13,0,3,16,0,0,0,None,Resolved Genuine,Standard Habitual Purchase,0
TXN-CUST_SOWMIYA_003-10348,2026-07-17 09:26:54,2026-07-17,09:26:54,9,4,0,0,CUST_SOWMIYA_003,55,Bengaluru,Karnataka,High Risk / 26% Fraud Rate,M005,UrbanThread Studio,Fashion / Apparel,Designer & Ready-to-wear,Chennai,Anna Nagar,Tamil Nadu,600040,13.085,80.2101,5,4800.0,10:30-22:00,"POS,ONLINE,UPI,CARD",Refund abuse / credential stuffing,0.022,55,34693.81,INR,PURCHASE,CARD,MOBILE_APP,1,0,Bengaluru,12.0,0,0,1,DEV-SOWMIYA-ONEPLUS-11,mobile_android,0,BEN-CUST_SOWMIYA_003-TRUSTED,Trusted Household Vendor,4,0,1,11,0,0,0,None,Resolved Genuine,Standard Habitual Purchase,0
TXN-CUST_SOWMIYA_003-10349,2026-07-17 10:52:05,2026-07-17,10:52:05,10,4,0,0,CUST_SOWMIYA_003,55,Bengaluru,Karnataka,High Risk / 26% Fraud Rate,M009,RapidFuel Station,Fuel Station,"Petrol, Diesel & EV Fast Charge",Salem,Fairlands,Tamil Nadu,636016,11.6643,78.146,9,3100.0,24_HOURS,"POS,FLEET_CARD,UPI",Automated fleet card skimming,0.024,60,13685.35,INR,PURCHASE,UPI,MOBILE_APP,1,0,Bengaluru,5.0,0,0,1,DEV-SOWMIYA-ONEPLUS-11,mobile_android,0,BEN-CUST_SOWMIYA_003-TRUSTED,Trusted Household Vendor,13,0,2,11,0,0,0,None,Resolved Genuine,Standard Habitual Purchase,0
TXN-CUST_SOWMIYA_003-10350,2026-07-17 12:15:49,2026-07-17,12:15:49,12,4,0,0,CUST_SOWMIYA_003,55,Bengaluru,Karnataka,High Risk / 26% Fraud Rate,M029,CloudDesk Digital,Software / Digital Services,Cloud Infrastructure & SaaS Tools,Bengaluru,Whitefield,Karnataka,560066,12.9698,77.7499,7,19800.0,24_HOURS,"ONLINE,CARD,TRANSFER",Cryptomining VM rental with stolen credit cards,0.058,145,20601.86,INR,PURCHASE,TRANSFER,MOBILE_APP,0,0,Bengaluru,7.0,0,0,1,DEV-SOWMIYA-ONEPLUS-11,mobile_android,0,BEN-CUST_SOWMIYA_003-TRUSTED,Trusted Household Vendor,8,1,4,18,0,0,0,None,Resolved Genuine,Standard Habitual Purchase,0
TXN-CUST_SOWMIYA_003-10351,2026-07-17 13:43:53,2026-07-17,13:43:53,13,4,0,0,CUST_SOWMIYA_003,55,Bengaluru,Karnataka,High Risk / 26% Fraud Rate,M012,DashDine Delivery,Food Delivery,Quick Commerce & Meal Delivery,Chennai,Sholinganallur,Tamil Nadu,600119,12.901,80.2279,4,520.0,06:00-02:00,"UPI,CARD,ONLINE,WALLET",Promo code abuse / stolen wallet balances,0.014,35,17252.21,INR,PURCHASE,ONLINE,MOBILE_APP,0,0,Bengaluru,11.0,0,0,1,DEV-SOWMIYA-ONEPLUS-11,mobile_android,0,BEN-CUST_SOWMIYA_003-TRUSTED,Trusted Household Vendor,7,0,4,20,0,0,0,None,Resolved Genuine,Standard Habitual Purchase,0
TXN-CUST_SOWMIYA_003-10352,2026-07-17 15:12:15,2026-07-17,15:12:15,15,4,0,0,CUST_SOWMIYA_003,55,Bengaluru,Karnataka,High Risk / 26% Fraud Rate,M008,BeanCircuit Cafe,Cafe,Specialty Coffee & Bakery,Bengaluru,Indiranagar,Karnataka,560038,12.9784,77.6408,3,650.0,07:30-23:00,"UPI,POS,CARD",QR code spoofing / fast velocity dining,0.009,22,41076.06,INR,PURCHASE,CARD,MOBILE_APP,1,0,Bengaluru,7.0,0,0,1,DEV-SOWMIYA-ONEPLUS-11,mobile_android,0,BEN-CUST_SOWMIYA_003-TRUSTED,Trusted Household Vendor,7,1,3,22,0,0,0,None,Resolved Genuine,Standard Habitual Purchase,0
TXN-CUST_SOWMIYA_003-10353,2026-07-17 16:41:14,2026-07-17,16:41:14,16,4,0,0,CUST_SOWMIYA_003,55,Bengaluru,Karnataka,High Risk / 26% Fraud Rate,M026,GreenLeaf Wellness,Health & Wellness,Organic Nutrition & Ayurveda,Trichy,Srirangam,Tamil Nadu,620006,10.8624,78.6947,6,2100.0,08:00-21:00,"POS,UPI,ONLINE,CARD",Subscription card stuffing,0.013,32,17851.46,INR,PURCHASE,CARD,MOBILE_APP,1,0,Bengaluru,1.0,0,0,1,DEV-SOWMIYA-ONEPLUS-11,mobile_android,0,BEN-CUST_SOWMIYA_003-TRUSTED,Trusted Household Vendor,11,0,3,16,0,0,0,None,Resolved Genuine,Standard Habitual Purchase,0
TXN-CUST_SOWMIYA_003-10354,2026-07-17 18:10:03,2026-07-17,18:10:03,18,4,0,0,CUST_SOWMIYA_003,55,Bengaluru,Karnataka,High Risk / 26% Fraud Rate,M023,SwiftBox Logistics,Courier / Logistics,Express Parcel & Freight Delivery,Tiruppur,Avinashi Road,Tamil Nadu,641603,11.1085,77.3411,9,4200.0,08:00-21:00,"POS,UPI,CARD,ONLINE",Interception fraud / address redirection,0.02,50,30394.36,INR,PURCHASE,POS,MOBILE_APP,1,0,Bengaluru,7.0,0,0,1,DEV-SOWMIYA-ONEPLUS-11,mobile_android,0,BEN-CUST_SOWMIYA_003-TRUSTED,Trusted Household Vendor,9,0,1,7,0,0,0,None,Resolved Genuine,Standard Habitual Purchase,0
TXN-CUST_SOWMIYA_003-10355,2026-07-17 19:38:38,2026-07-17,19:38:38,19,4,0,0,CUST_SOWMIYA_003,55,Bengaluru,Karnataka,High Risk / 26% Fraud Rate,M011,SkyTrail Travels,Travel Agency,Flight & International Tour Packages,Coimbatore,Gandhipuram,Tamil Nadu,641012,11.0183,76.9664,11,44000.0,09:00-20:00,"ONLINE,TRANSFER,CARD",Mule-account ticket arbitrage & fast cancellation fraud,0.052,130,26633.85,INR,PURCHASE,TRANSFER,MOBILE_APP,0,0,Bengaluru,10.0,0,0,1,DEV-SOWMIYA-ONEPLUS-11,mobile_android,0,BEN-CUST_SOWMIYA_003-TRUSTED,Trusted Household Vendor,9,1,2,11,0,0,0,None,Resolved Genuine,Standard Habitual Purchase,0
TXN-CUST_SOWMIYA_003-10356,2026-07-17 21:03:38,2026-07-17,21:03:38,21,4,0,0,CUST_SOWMIYA_003,55,Bengaluru,Karnataka,High Risk / 26% Fraud Rate,M022,SkillSpring Academy,Education / Training,Professional Certifications & Tech Bootcamps,Chennai,Mylapore,Tamil Nadu,600004,13.0368,80.2676,8,22000.0,08:30-19:30,"ONLINE,NETBANKING,CARD,UPI",Stolen corporate card enrollments,0.028,70,29578.15,INR,PURCHASE,ONLINE,MOBILE_APP,0,0,Bengaluru,9.0,0,0,1,DEV-SOWMIYA-ONEPLUS-11,mobile_android,0,BEN-CUST_SOWMIYA_003-TRUSTED,Trusted Household Vendor,3,0,4,23,0,0,0,None,Resolved Genuine,Standard Habitual Purchase,0
TXN-CUST_SOWMIYA_003-10357,2026-07-17 22:27:18,2026-07-17,22:27:18,22,4,0,0,CUST_SOWMIYA_003,55,Bengaluru,Karnataka,High Risk / 26% Fraud Rate,M004,Aurelia Gold House,Jewellery,Gold & Diamond Jewellery,Coimbatore,RS Puram,Tamil Nadu,641002,11.0089,76.9514,14,78000.0,10:00-20:30,"POS,CARD,TRANSFER",Account takeover / card-not-present luxury surge,0.065,162,280003.16,INR,P2P_TRANSFER,POS,WEB_PORTAL,0,1,Moscow,2283.0,1,1,0,DEV-ROGUE-EMULATOR-967,unknown_bot,1,BEN-MULE-3141,QuickMule Transfer 15,0,4,31,134,3,3,1,Mule-account behavior,Pre-auth Block,Automated high-velocity attack from unknown device,1
TXN-CUST_SOWMIYA_003-10358,2026-07-17 23:51:38,2026-07-17,23:51:38,23,4,0,1,CUST_SOWMIYA_003,55,Bengaluru,Karnataka,High Risk / 26% Fraud Rate,M024,LinkWave Telecom,Telecom Retail,Fiber Broadband & Postpaid Plans,Erode,Perundurai Road,Tamil Nadu,638011,11.341,77.7172,10,1950.0,09:30-20:30,"UPI,CARD,ONLINE,POS",SIM swap bill recharge surges,0.017,42,36053.77,INR,PURCHASE,POS,MOBILE_APP,1,0,Bengaluru,3.0,0,0,1,DEV-SOWMIYA-ONEPLUS-11,mobile_android,0,BEN-CUST_SOWMIYA_003-TRUSTED,Trusted Household Vendor,12,0,2,10,0,0,0,None,Resolved Genuine,Standard Habitual Purchase,0
TXN-CUST_SOWMIYA_003-10359,2026-07-18 01:20:01,2026-07-18,01:20:01,1,5,1,1,CUST_SOWMIYA_003,55,Bengaluru,Karnataka,High Risk / 26% Fraud Rate,M019,ArenaSport World,Sports Retail,Fitness Equipment & Sports Wear,Chennai,Nungambakkam,Tamil Nadu,600034,13.0604,80.2405,6,5600.0,10:00-21:30,"POS,ONLINE,UPI,CARD",Stolen card chargeback on premium sports gear,0.026,65,33542.63,INR,PURCHASE,ONLINE,MOBILE_APP,1,0,Bengaluru,4.0,0,0,1,DEV-SOWMIYA-ONEPLUS-11,mobile_android,0,BEN-CUST_SOWMIYA_003-TRUSTED,Trusted Household Vendor,11,0,3,15,0,0,0,None,Resolved Genuine,Standard Habitual Purchase,0
TXN-CUST_SOWMIYA_003-10360,2026-07-18 02:45:29,2026-07-18,02:45:29,2,5,1,1,CUST_SOWMIYA_003,55,Bengaluru,Karnataka,High Risk / 26% Fraud Rate,M021,GlowCraft Salon,Salon / Beauty,Spa & Grooming Studio,Chennai,Porur,Tamil Nadu,600116,13.0382,80.1565,5,2800.0,09:00-21:00,"POS,UPI,CARD",Unusual late-night transaction spikes,0.011,27,42472.56,INR,PURCHASE,UPI,MOBILE_APP,1,0,Bengaluru,15.0,0,0,1,DEV-SOWMIYA-ONEPLUS-11,mobile_android,0,BEN-CUST_SOWMIYA_003-TRUSTED,Trusted Household Vendor,4,0,1,9,0,0,0,None,Resolved Genuine,Standard Habitual Purchase,0
TXN-CUST_SOWMIYA_003-10361,2026-07-18 04:13:42,2026-07-18,04:13:42,4,5,1,1,CUST_SOWMIYA_003,55,Bengaluru,Karnataka,High Risk / 26% Fraud Rate,M021,GlowCraft Salon,Salon / Beauty,Spa & Grooming Studio,Chennai,Porur,Tamil Nadu,600116,13.0382,80.1565,5,2800.0,09:00-21:00,"POS,UPI,CARD",Unusual late-night transaction spikes,0.011,27,6812.93,INR,P2P_TRANSFER,POS,WEB_PORTAL,0,1,Lagos,1358.0,1,1,0,DEV-ROGUE-EMULATOR-715,unknown_bot,1,BEN-MULE-2813,QuickMule Transfer 49,0,11,22,94,5,3,0,Mule-account behavior,Pre-auth Block,Automated high-velocity attack from unknown device,1
TXN-CUST_SOWMIYA_003-10362,2026-07-18 05:40:28,2026-07-18,05:40:28,5,5,1,1,CUST_SOWMIYA_003,55,Bengaluru,Karnataka,High Risk / 26% Fraud Rate,M015,HomeSphere Appliances,Home Appliances,"Refrigerators, ACs & Kitchen Tech",Coimbatore,Saibaba Colony,Tamil Nadu,641011,11.0315,76.945,9,27500.0,09:30-21:00,"POS,EMI,CARD,UPI",Carding attacks with immediate in-store pickup,0.038,95,39674.02,INR,PURCHASE,CARD,MOBILE_APP,1,0,Bengaluru,10.0,0,0,1,DEV-SOWMIYA-ONEPLUS-11,mobile_android,0,BEN-CUST_SOWMIYA_003-TRUSTED,Trusted Household Vendor,5,0,4,19,0,0,0,None,Resolved Genuine,Standard Habitual Purchase,0
TXN-CUST_SOWMIYA_003-10363,2026-07-18 07:06:58,2026-07-18,07:06:58,7,5,1,0,CUST_SOWMIYA_003,55,Bengaluru,Karnataka,High Risk / 26% Fraud Rate,M018,PageTurn Book House,Bookstore,"Academic, Fiction & Stationery",Trichy,Thillai Nagar,Tamil Nadu,620018,10.8282,78.6854,16,850.0,09:00-21:30,"POS,UPI,CARD,ONLINE",Low-value card testing bots,0.008,20,3519.58,INR,P2P_TRANSFER,UPI,WEB_PORTAL,0,1,Singapore,5048.0,1,1,0,DEV-ROGUE-EMULATOR-282,unknown_bot,1,BEN-MULE-5225,QuickMule Transfer 48,0,11,19,82,5,4,1,Card testing,Pre-auth Block,Automated high-velocity attack from unknown device,1
TXN-CUST_SOWMIYA_003-10364,2026-07-18 08:31:33,2026-07-18,08:31:33,8,5,1,0,CUST_SOWMIYA_003,55,Bengaluru,Karnataka,High Risk / 26% Fraud Rate,M029,CloudDesk Digital,Software / Digital Services,Cloud Infrastructure & SaaS Tools,Bengaluru,Whitefield,Karnataka,560066,12.9698,77.7499,7,19800.0,24_HOURS,"ONLINE,CARD,TRANSFER",Cryptomining VM rental with stolen credit cards,0.058,145,23117.19,INR,PURCHASE,CARD,MOBILE_APP,0,0,Bengaluru,5.0,0,0,1,DEV-SOWMIYA-ONEPLUS-11,mobile_android,0,BEN-CUST_SOWMIYA_003-TRUSTED,Trusted Household Vendor,11,0,4,20,0,0,0,None,Resolved Genuine,Standard Habitual Purchase,0
TXN-CUST_SOWMIYA_003-10365,2026-07-18 09:58:34,2026-07-18,09:58:34,9,5,1,0,CUST_SOWMIYA_003,55,Bengaluru,Karnataka,High Risk / 26% Fraud Rate,M028,CraftCove Home Decor,Home Decor,Handicrafts & Art Pieces,Thanjavur,Medical College Road,Tamil Nadu,613004,10.7684,79.1245,8,7400.0,09:30-20:30,"POS,UPI,CARD,ONLINE",Cross-border tourist chargebacks,0.023,57,24272.6,INR,PURCHASE,CARD,MOBILE_APP,1,0,Bengaluru,8.0,0,0,1,DEV-SOWMIYA-ONEPLUS-11,mobile_android,0,BEN-CUST_SOWMIYA_003-TRUSTED,Trusted Household Vendor,15,1,4,21,0,0,0,None,Resolved Genuine,Standard Habitual Purchase,0
TXN-CUST_SOWMIYA_003-10366,2026-07-18 11:27:20,2026-07-18,11:27:20,11,5,1,0,CUST_SOWMIYA_003,55,Bengaluru,Karnataka,High Risk / 26% Fraud Rate,M028,CraftCove Home Decor,Home Decor,Handicrafts & Art Pieces,Thanjavur,Medical College Road,Tamil Nadu,613004,10.7684,79.1245,8,7400.0,09:30-20:30,"POS,UPI,CARD,ONLINE",Cross-border tourist chargebacks,0.023,57,34531.14,INR,PURCHASE,UPI,MOBILE_APP,1,0,Bengaluru,1.0,0,0,1,DEV-SOWMIYA-ONEPLUS-11,mobile_android,0,BEN-CUST_SOWMIYA_003-TRUSTED,Trusted Household Vendor,15,0,1,10,0,0,0,None,Resolved Genuine,Standard Habitual Purchase,0
TXN-CUST_SOWMIYA_003-10367,2026-07-18 12:56:19,2026-07-18,12:56:19,12,5,1,0,CUST_SOWMIYA_003,55,Bengaluru,Karnataka,High Risk / 26% Fraud Rate,M021,GlowCraft Salon,Salon / Beauty,Spa & Grooming Studio,Chennai,Porur,Tamil Nadu,600116,13.0382,80.1565,5,2800.0,09:00-21:00,"POS,UPI,CARD",Unusual late-night transaction spikes,0.011,27,12041.69,INR,PURCHASE,UPI,MOBILE_APP,1,0,Bengaluru,5.0,0,0,1,DEV-SOWMIYA-ONEPLUS-11,mobile_android,0,BEN-CUST_SOWMIYA_003-TRUSTED,Trusted Household Vendor,12,1,4,18,0,0,0,None,Resolved Genuine,Standard Habitual Purchase,0
TXN-CUST_SOWMIYA_003-10368,2026-07-18 14:23:28,2026-07-18,14:23:28,14,5,1,0,CUST_SOWMIYA_003,55,Bengaluru,Karnataka,High Risk / 26% Fraud Rate,M024,LinkWave Telecom,Telecom Retail,Fiber Broadband & Postpaid Plans,Erode,Perundurai Road,Tamil Nadu,638011,11.341,77.7172,10,1950.0,09:30-20:30,"UPI,CARD,ONLINE,POS",SIM swap bill recharge surges,0.017,42,13104.5,INR,PURCHASE,ONLINE,MOBILE_APP,1,0,Bengaluru,5.0,0,0,1,DEV-SOWMIYA-ONEPLUS-11,mobile_android,0,BEN-CUST_SOWMIYA_003-TRUSTED,Trusted Household Vendor,9,1,1,13,0,0,0,None,Resolved Genuine,Standard Habitual Purchase,0
TXN-CUST_SOWMIYA_003-10369,2026-07-18 15:48:14,2026-07-18,15:48:14,15,5,1,0,CUST_SOWMIYA_003,55,Bengaluru,Karnataka,High Risk / 26% Fraud Rate,M014,OakLine Furnishings,Furniture,Teak Wood & Modern Home Decor,Madurai,Bypass Road,Tamil Nadu,625016,9.932,78.109,12,38000.0,10:00-21:00,"POS,CARD,TRANSFER,EMI",Invoice redirection fraud / fake payment slips,0.029,72,15758.61,INR,PURCHASE,CARD,MOBILE_APP,1,0,Bengaluru,15.0,0,0,1,DEV-SOWMIYA-ONEPLUS-11,mobile_android,0,BEN-CUST_SOWMIYA_003-TRUSTED,Trusted Household Vendor,14,1,4,20,0,0,0,None,Resolved Genuine,Standard Habitual Purchase,0
TXN-CUST_SOWMIYA_003-10370,2026-07-18 17:13:50,2026-07-18,17:13:50,17,5,1,0,CUST_SOWMIYA_003,55,Bengaluru,Karnataka,High Risk / 26% Fraud Rate,M020,GameGrid Arena,Gaming,"Esports, Consoles & Virtual Credits",Bengaluru,Koramangala,Karnataka,560095,12.9352,77.6245,4,3400.0,10:00-01:00,"ONLINE,UPI,CARD,WALLET",Virtual item laundering & bot-driven micro transactions,0.055,137,16265.46,INR,P2P_TRANSFER,CARD,WEB_PORTAL,0,1,Moscow,3091.0,1,1,0,DEV-ROGUE-EMULATOR-326,unknown_bot,1,BEN-MULE-1960,QuickMule Transfer 22,0,4,31,128,2,3,0,Card testing,Pre-auth Block,Automated high-velocity attack from unknown device,1
TXN-CUST_SOWMIYA_003-10371,2026-07-18 18:40:02,2026-07-18,18:40:02,18,5,1,0,CUST_SOWMIYA_003,55,Bengaluru,Karnataka,High Risk / 26% Fraud Rate,M004,Aurelia Gold House,Jewellery,Gold & Diamond Jewellery,Coimbatore,RS Puram,Tamil Nadu,641002,11.0089,76.9514,14,78000.0,10:00-20:30,"POS,CARD,TRANSFER",Account takeover / card-not-present luxury surge,0.065,162,43692.42,INR,PURCHASE,CARD,MOBILE_APP,1,0,Bengaluru,2.0,0,0,1,DEV-SOWMIYA-ONEPLUS-11,mobile_android,0,BEN-CUST_SOWMIYA_003-TRUSTED,Trusted Household Vendor,5,0,2,14,0,0,0,None,Resolved Genuine,Standard Habitual Purchase,0
TXN-CUST_SOWMIYA_003-10372,2026-07-18 20:08:54,2026-07-18,20:08:54,20,5,1,0,CUST_SOWMIYA_003,55,Bengaluru,Karnataka,High Risk / 26% Fraud Rate,M009,RapidFuel Station,Fuel Station,"Petrol, Diesel & EV Fast Charge",Salem,Fairlands,Tamil Nadu,636016,11.6643,78.146,9,3100.0,24_HOURS,"POS,FLEET_CARD,UPI",Automated fleet card skimming,0.024,60,15152.81,INR,P2P_TRANSFER,FLEET_CARD,WEB_PORTAL,0,1,Moscow,1304.0,1,1,0,DEV-ROGUE-EMULATOR-436,unknown_bot,1,BEN-MULE-4649,QuickMule Transfer 37,0,4,32,138,2,3,1,Mule-account behavior,Pre-auth Block,Automated high-velocity attack from unknown device,1
TXN-CUST_SOWMIYA_003-10373,2026-07-18 21:38:13,2026-07-18,21:38:13,21,5,1,0,CUST_SOWMIYA_003,55,Bengaluru,Karnataka,High Risk / 26% Fraud Rate,M009,RapidFuel Station,Fuel Station,"Petrol, Diesel & EV Fast Charge",Salem,Fairlands,Tamil Nadu,636016,11.6643,78.146,9,3100.0,24_HOURS,"POS,FLEET_CARD,UPI",Automated fleet card skimming,0.024,60,26734.43,INR,PURCHASE,UPI,MOBILE_APP,1,0,Bengaluru,5.0,0,0,1,DEV-SOWMIYA-ONEPLUS-11,mobile_android,0,BEN-CUST_SOWMIYA_003-TRUSTED,Trusted Household Vendor,15,1,2,15,0,0,0,None,Resolved Genuine,Standard Habitual Purchase,0
TXN-CUST_SOWMIYA_003-10374,2026-07-18 23:05:19,2026-07-18,23:05:19,23,5,1,1,CUST_SOWMIYA_003,55,Bengaluru,Karnataka,High Risk / 26% Fraud Rate,M022,SkillSpring Academy,Education / Training,Professional Certifications & Tech Bootcamps,Chennai,Mylapore,Tamil Nadu,600004,13.0368,80.2676,8,22000.0,08:30-19:30,"ONLINE,NETBANKING,CARD,UPI",Stolen corporate card enrollments,0.028,70,25608.0,INR,PURCHASE,ONLINE,MOBILE_APP,0,0,Bengaluru,12.0,0,0,1,DEV-SOWMIYA-ONEPLUS-11,mobile_android,0,BEN-CUST_SOWMIYA_003-TRUSTED,Trusted Household Vendor,15,0,4,23,0,0,0,None,Resolved Genuine,Standard Habitual Purchase,0
TXN-CUST_SOWMIYA_003-10375,2026-07-19 00:30:12,2026-07-19,00:30:12,0,6,1,1,CUST_SOWMIYA_003,55,Bengaluru,Karnataka,High Risk / 26% Fraud Rate,M020,GameGrid Arena,Gaming,"Esports, Consoles & Virtual Credits",Bengaluru,Koramangala,Karnataka,560095,12.9352,77.6245,4,3400.0,10:00-01:00,"ONLINE,UPI,CARD,WALLET",Virtual item laundering & bot-driven micro transactions,0.055,137,14997.41,INR,P2P_TRANSFER,UPI,WEB_PORTAL,0,1,Moscow,2539.0,1,1,0,DEV-ROGUE-EMULATOR-270,unknown_bot,1,BEN-MULE-1699,QuickMule Transfer 35,0,8,26,106,3,4,1,Account takeover,Pre-auth Block,Automated high-velocity attack from unknown device,1
TXN-CUST_SOWMIYA_003-10376,2026-07-19 01:57:03,2026-07-19,01:57:03,1,6,1,1,CUST_SOWMIYA_003,55,Bengaluru,Karnataka,High Risk / 26% Fraud Rate,M023,SwiftBox Logistics,Courier / Logistics,Express Parcel & Freight Delivery,Tiruppur,Avinashi Road,Tamil Nadu,641603,11.1085,77.3411,9,4200.0,08:00-21:00,"POS,UPI,CARD,ONLINE",Interception fraud / address redirection,0.02,50,44621.53,INR,PURCHASE,POS,MOBILE_APP,1,0,Bengaluru,1.0,0,0,1,DEV-SOWMIYA-ONEPLUS-11,mobile_android,0,BEN-CUST_SOWMIYA_003-TRUSTED,Trusted Household Vendor,9,0,4,22,0,0,0,None,Resolved Genuine,Standard Habitual Purchase,0
TXN-CUST_SOWMIYA_003-10377,2026-07-19 03:22:16,2026-07-19,03:22:16,3,6,1,1,CUST_SOWMIYA_003,55,Bengaluru,Karnataka,High Risk / 26% Fraud Rate,M015,HomeSphere Appliances,Home Appliances,"Refrigerators, ACs & Kitchen Tech",Coimbatore,Saibaba Colony,Tamil Nadu,641011,11.0315,76.945,9,27500.0,09:30-21:00,"POS,EMI,CARD,UPI",Carding attacks with immediate in-store pickup,0.038,95,79705.31,INR,P2P_TRANSFER,UPI,WEB_PORTAL,0,1,Singapore,3805.0,1,1,0,DEV-ROGUE-EMULATOR-855,unknown_bot,1,BEN-MULE-5072,QuickMule Transfer 25,0,8,33,141,2,3,1,Mule-account behavior,Pre-auth Block,Automated high-velocity attack from unknown device,1
TXN-CUST_SOWMIYA_003-10378,2026-07-19 04:49:15,2026-07-19,04:49:15,4,6,1,1,CUST_SOWMIYA_003,55,Bengaluru,Karnataka,High Risk / 26% Fraud Rate,M024,LinkWave Telecom,Telecom Retail,Fiber Broadband & Postpaid Plans,Erode,Perundurai Road,Tamil Nadu,638011,11.341,77.7172,10,1950.0,09:30-20:30,"UPI,CARD,ONLINE,POS",SIM swap bill recharge surges,0.017,42,8301.5,INR,P2P_TRANSFER,UPI,WEB_PORTAL,0,1,Singapore,3392.0,1,1,0,DEV-ROGUE-EMULATOR-553,unknown_bot,1,BEN-MULE-7557,QuickMule Transfer 85,0,7,31,130,3,3,0,Account takeover,Pre-auth Block,Automated high-velocity attack from unknown device,1
TXN-CUST_SOWMIYA_003-10379,2026-07-19 06:14:34,2026-07-19,06:14:34,6,6,1,0,CUST_SOWMIYA_003,55,Bengaluru,Karnataka,High Risk / 26% Fraud Rate,M007,SpiceRoute Kitchen,Restaurant,Fine Dining & Chettinad,Chennai,Adyar,Tamil Nadu,600020,13.0012,80.2565,7,2200.0,11:30-23:30,"POS,UPI,CARD",Cloned card POS terminal replay,0.018,45,9713.7,INR,P2P_TRANSFER,CARD,WEB_PORTAL,0,1,Singapore,2629.0,1,1,0,DEV-ROGUE-EMULATOR-805,unknown_bot,1,BEN-MULE-4246,QuickMule Transfer 41,0,12,27,111,6,2,1,Card testing,Pre-auth Block,Automated high-velocity attack from unknown device,1
TXN-CUST_SOWMIYA_003-10380,2026-07-19 07:43:19,2026-07-19,07:43:19,7,6,1,0,CUST_SOWMIYA_003,55,Bengaluru,Karnataka,High Risk / 26% Fraud Rate,M008,BeanCircuit Cafe,Cafe,Specialty Coffee & Bakery,Bengaluru,Indiranagar,Karnataka,560038,12.9784,77.6408,3,650.0,07:30-23:00,"UPI,POS,CARD",QR code spoofing / fast velocity dining,0.009,22,12073.53,INR,PURCHASE,CARD,MOBILE_APP,1,0,Bengaluru,8.0,0,0,1,DEV-SOWMIYA-ONEPLUS-11,mobile_android,0,BEN-CUST_SOWMIYA_003-TRUSTED,Trusted Household Vendor,6,0,3,17,0,0,0,None,Resolved Genuine,Standard Habitual Purchase,0
TXN-CUST_SOWMIYA_003-10381,2026-07-19 09:07:01,2026-07-19,09:07:01,9,6,1,0,CUST_SOWMIYA_003,55,Bengaluru,Karnataka,High Risk / 26% Fraud Rate,M008,BeanCircuit Cafe,Cafe,Specialty Coffee & Bakery,Bengaluru,Indiranagar,Karnataka,560038,12.9784,77.6408,3,650.0,07:30-23:00,"UPI,POS,CARD",QR code spoofing / fast velocity dining,0.009,22,25870.04,INR,PURCHASE,POS,MOBILE_APP,1,0,Bengaluru,2.0,0,0,1,DEV-SOWMIYA-ONEPLUS-11,mobile_android,0,BEN-CUST_SOWMIYA_003-TRUSTED,Trusted Household Vendor,7,0,2,14,0,0,0,None,Resolved Genuine,Standard Habitual Purchase,0
TXN-CUST_SOWMIYA_003-10382,2026-07-19 10:30:33,2026-07-19,10:30:33,10,6,1,0,CUST_SOWMIYA_003,55,Bengaluru,Karnataka,High Risk / 26% Fraud Rate,M019,ArenaSport World,Sports Retail,Fitness Equipment & Sports Wear,Chennai,Nungambakkam,Tamil Nadu,600034,13.0604,80.2405,6,5600.0,10:00-21:30,"POS,ONLINE,UPI,CARD",Stolen card chargeback on premium sports gear,0.026,65,29824.69,INR,PURCHASE,POS,MOBILE_APP,1,0,Bengaluru,4.0,0,0,1,DEV-SOWMIYA-ONEPLUS-11,mobile_android,0,BEN-CUST_SOWMIYA_003-TRUSTED,Trusted Household Vendor,5,0,4,21,0,0,0,None,Resolved Genuine,Standard Habitual Purchase,0
TXN-CUST_SOWMIYA_003-10383,2026-07-19 11:55:20,2026-07-19,11:55:20,11,6,1,0,CUST_SOWMIYA_003,55,Bengaluru,Karnataka,High Risk / 26% Fraud Rate,M002,CircuitBay Electronics,Consumer Electronics,Laptops & Gadgets,Chennai,Velachery,Tamil Nadu,600042,12.9759,80.2212,6,32000.0,10:00-21:30,"POS,ONLINE,EMI,UPI",Stolen payment details / high-ticket electronics delivery,0.048,120,22487.53,INR,PURCHASE,ONLINE,MOBILE_APP,1,0,Bengaluru,2.0,0,0,1,DEV-SOWMIYA-ONEPLUS-11,mobile_android,0,BEN-CUST_SOWMIYA_003-TRUSTED,Trusted Household Vendor,6,0,2,15,0,0,0,None,Resolved Genuine,Standard Habitual Purchase,0
TXN-CUST_SOWMIYA_003-10384,2026-07-19 13:19:19,2026-07-19,13:19:19,13,6,1,0,CUST_SOWMIYA_003,55,Bengaluru,Karnataka,High Risk / 26% Fraud Rate,M001,NovaMart Fresh,Grocery & Supermarket,Supermarket / Hypermarket,Chennai,T Nagar,Tamil Nadu,600017,13.0418,80.2341,8,1250.0,07:00-22:30,"POS,UPI,CARD,ONLINE",Card testing / micro-burst velocity,0.012,30,28071.6,INR,PURCHASE,ONLINE,MOBILE_APP,1,0,Bengaluru,2.0,0,0,1,DEV-SOWMIYA-ONEPLUS-11,mobile_android,0,BEN-CUST_SOWMIYA_003-TRUSTED,Trusted Household Vendor,8,0,3,14,0,0,0,None,Resolved Genuine,Standard Habitual Purchase,0
TXN-CUST_SOWMIYA_003-10385,2026-07-19 14:47:32,2026-07-19,14:47:32,14,6,1,0,CUST_SOWMIYA_003,55,Bengaluru,Karnataka,High Risk / 26% Fraud Rate,M009,RapidFuel Station,Fuel Station,"Petrol, Diesel & EV Fast Charge",Salem,Fairlands,Tamil Nadu,636016,11.6643,78.146,9,3100.0,24_HOURS,"POS,FLEET_CARD,UPI",Automated fleet card skimming,0.024,60,33084.51,INR,PURCHASE,UPI,MOBILE_APP,1,0,Bengaluru,12.0,0,0,1,DEV-SOWMIYA-ONEPLUS-11,mobile_android,0,BEN-CUST_SOWMIYA_003-TRUSTED,Trusted Household Vendor,5,1,2,14,0,0,0,None,Resolved Genuine,Standard Habitual Purchase,0
TXN-CUST_SOWMIYA_003-10386,2026-07-19 16:16:37,2026-07-19,16:16:37,16,6,1,0,CUST_SOWMIYA_003,55,Bengaluru,Karnataka,High Risk / 26% Fraud Rate,M013,CartNest Online,E-commerce,Multi-category Marketplace,Chennai,Guindy,Tamil Nadu,600032,13.0067,80.2026,5,6200.0,24_HOURS,"ONLINE,UPI,CARD,NETBANKING",Account takeover + triangulation shipping fraud,0.045,112,21849.76,INR,PURCHASE,CARD,MOBILE_APP,0,0,Bengaluru,2.0,0,0,1,DEV-SOWMIYA-ONEPLUS-11,mobile_android,0,BEN-CUST_SOWMIYA_003-TRUSTED,Trusted Household Vendor,8,0,2,11,0,0,0,None,Resolved Genuine,Standard Habitual Purchase,0
TXN-CUST_SOWMIYA_003-10387,2026-07-19 17:40:48,2026-07-19,17:40:48,17,6,1,0,CUST_SOWMIYA_003,55,Bengaluru,Karnataka,High Risk / 26% Fraud Rate,M008,BeanCircuit Cafe,Cafe,Specialty Coffee & Bakery,Bengaluru,Indiranagar,Karnataka,560038,12.9784,77.6408,3,650.0,07:30-23:00,"UPI,POS,CARD",QR code spoofing / fast velocity dining,0.009,22,28865.66,INR,PURCHASE,CARD,MOBILE_APP,1,0,Bengaluru,14.0,0,0,1,DEV-SOWMIYA-ONEPLUS-11,mobile_android,0,BEN-CUST_SOWMIYA_003-TRUSTED,Trusted Household Vendor,15,1,4,19,0,0,0,None,Resolved Genuine,Standard Habitual Purchase,0
TXN-CUST_SOWMIYA_003-10388,2026-07-19 19:07:43,2026-07-19,19:07:43,19,6,1,0,CUST_SOWMIYA_003,55,Bengaluru,Karnataka,High Risk / 26% Fraud Rate,M028,CraftCove Home Decor,Home Decor,Handicrafts & Art Pieces,Thanjavur,Medical College Road,Tamil Nadu,613004,10.7684,79.1245,8,7400.0,09:30-20:30,"POS,UPI,CARD,ONLINE",Cross-border tourist chargebacks,0.023,57,19931.74,INR,PURCHASE,CARD,MOBILE_APP,1,0,Bengaluru,12.0,0,0,1,DEV-SOWMIYA-ONEPLUS-11,mobile_android,0,BEN-CUST_SOWMIYA_003-TRUSTED,Trusted Household Vendor,3,0,3,17,0,0,0,None,Resolved Genuine,Standard Habitual Purchase,0
TXN-CUST_SOWMIYA_003-10389,2026-07-19 20:35:30,2026-07-19,20:35:30,20,6,1,0,CUST_SOWMIYA_003,55,Bengaluru,Karnataka,High Risk / 26% Fraud Rate,M010,HarborView Residency,Hotel / Hospitality,Business & Luxury Hotel,Chennai,OMR,Tamil Nadu,600096,12.9165,80.2285,6,9500.0,24_HOURS,"ONLINE,POS,CARD,TRANSFER",Online travel booking fraud with stolen corporate credentials,0.041,102,32304.42,INR,PURCHASE,TRANSFER,MOBILE_APP,1,0,Bengaluru,5.0,0,0,1,DEV-SOWMIYA-ONEPLUS-11,mobile_android,0,BEN-CUST_SOWMIYA_003-TRUSTED,Trusted Household Vendor,12,0,1,7,0,0,0,None,Resolved Genuine,Standard Habitual Purchase,0
TXN-CUST_SOWMIYA_003-10390,2026-07-19 22:00:54,2026-07-19,22:00:54,22,6,1,0,CUST_SOWMIYA_003,55,Bengaluru,Karnataka,High Risk / 26% Fraud Rate,M016,MotoCare Garage,Auto Service,Car Service & Detailing Hub,Chennai,Pallikaranai,Tamil Nadu,600100,12.9372,80.2014,7,8900.0,08:30-20:30,"POS,UPI,CARD",Over-invoicing / synthetic card payments,0.021,52,40754.6,INR,PURCHASE,UPI,MOBILE_APP,1,0,Bengaluru,6.0,0,0,1,DEV-SOWMIYA-ONEPLUS-11,mobile_android,0,BEN-CUST_SOWMIYA_003-TRUSTED,Trusted Household Vendor,9,0,1,9,0,0,0,None,Resolved Genuine,Standard Habitual Purchase,0
TXN-CUST_SOWMIYA_003-10391,2026-07-19 23:25:20,2026-07-19,23:25:20,23,6,1,1,CUST_SOWMIYA_003,55,Bengaluru,Karnataka,High Risk / 26% Fraud Rate,M017,AutoForge Parts,Spare Parts,OEM Industrial & Auto Components,Hosur,Mookandapalli,Tamil Nadu,635126,12.7409,77.8253,15,16500.0,09:00-19:30,"TRANSFER,POS,CARD",Business email compromise / fake beneficiary update,0.033,82,33007.68,INR,PURCHASE,TRANSFER,MOBILE_APP,1,0,Bengaluru,3.0,0,0,1,DEV-SOWMIYA-ONEPLUS-11,mobile_android,0,BEN-CUST_SOWMIYA_003-TRUSTED,Trusted Household Vendor,6,0,4,24,0,0,0,None,Resolved Genuine,Standard Habitual Purchase,0
TXN-CUST_SOWMIYA_003-10392,2026-07-20 00:49:27,2026-07-20,00:49:27,0,0,0,1,CUST_SOWMIYA_003,55,Bengaluru,Karnataka,High Risk / 26% Fraud Rate,M014,OakLine Furnishings,Furniture,Teak Wood & Modern Home Decor,Madurai,Bypass Road,Tamil Nadu,625016,9.932,78.109,12,38000.0,10:00-21:00,"POS,CARD,TRANSFER,EMI",Invoice redirection fraud / fake payment slips,0.029,72,15987.17,INR,PURCHASE,EMI,MOBILE_APP,1,0,Bengaluru,14.0,0,0,1,DEV-SOWMIYA-ONEPLUS-11,mobile_android,0,BEN-CUST_SOWMIYA_003-TRUSTED,Trusted Household Vendor,14,1,3,17,0,0,0,None,Resolved Genuine,Standard Habitual Purchase,0
TXN-CUST_SOWMIYA_003-10393,2026-07-20 02:14:45,2026-07-20,02:14:45,2,0,0,1,CUST_SOWMIYA_003,55,Bengaluru,Karnataka,High Risk / 26% Fraud Rate,M001,NovaMart Fresh,Grocery & Supermarket,Supermarket / Hypermarket,Chennai,T Nagar,Tamil Nadu,600017,13.0418,80.2341,8,1250.0,07:00-22:30,"POS,UPI,CARD,ONLINE",Card testing / micro-burst velocity,0.012,30,41290.83,INR,PURCHASE,POS,MOBILE_APP,1,0,Bengaluru,1.0,0,0,1,DEV-SOWMIYA-ONEPLUS-11,mobile_android,0,BEN-CUST_SOWMIYA_003-TRUSTED,Trusted Household Vendor,8,0,1,10,0,0,0,None,Resolved Genuine,Standard Habitual Purchase,0
TXN-CUST_SOWMIYA_003-10394,2026-07-20 03:39:05,2026-07-20,03:39:05,3,0,0,1,CUST_SOWMIYA_003,55,Bengaluru,Karnataka,High Risk / 26% Fraud Rate,M011,SkyTrail Travels,Travel Agency,Flight & International Tour Packages,Coimbatore,Gandhipuram,Tamil Nadu,641012,11.0183,76.9664,11,44000.0,09:00-20:00,"ONLINE,TRANSFER,CARD",Mule-account ticket arbitrage & fast cancellation fraud,0.052,130,32163.28,INR,PURCHASE,CARD,MOBILE_APP,0,0,Bengaluru,11.0,0,0,1,DEV-SOWMIYA-ONEPLUS-11,mobile_android,0,BEN-CUST_SOWMIYA_003-TRUSTED,Trusted Household Vendor,13,0,3,20,0,0,0,None,Resolved Genuine,Standard Habitual Purchase,0
TXN-CUST_SOWMIYA_003-10395,2026-07-20 05:06:03,2026-07-20,05:06:03,5,0,0,1,CUST_SOWMIYA_003,55,Bengaluru,Karnataka,High Risk / 26% Fraud Rate,M015,HomeSphere Appliances,Home Appliances,"Refrigerators, ACs & Kitchen Tech",Coimbatore,Saibaba Colony,Tamil Nadu,641011,11.0315,76.945,9,27500.0,09:30-21:00,"POS,EMI,CARD,UPI",Carding attacks with immediate in-store pickup,0.038,95,84067.54,INR,P2P_TRANSFER,UPI,WEB_PORTAL,0,1,Lagos,4660.0,1,1,0,DEV-ROGUE-EMULATOR-802,unknown_bot,1,BEN-MULE-2288,QuickMule Transfer 46,0,4,28,115,2,1,1,Account takeover,Pre-auth Block,Automated high-velocity attack from unknown device,1
TXN-CUST_SOWMIYA_003-10396,2026-07-20 06:34:33,2026-07-20,06:34:33,6,0,0,0,CUST_SOWMIYA_003,55,Bengaluru,Karnataka,High Risk / 26% Fraud Rate,M024,LinkWave Telecom,Telecom Retail,Fiber Broadband & Postpaid Plans,Erode,Perundurai Road,Tamil Nadu,638011,11.341,77.7172,10,1950.0,09:30-20:30,"UPI,CARD,ONLINE,POS",SIM swap bill recharge surges,0.017,42,18805.98,INR,PURCHASE,CARD,MOBILE_APP,1,0,Bengaluru,3.0,0,0,1,DEV-SOWMIYA-ONEPLUS-11,mobile_android,0,BEN-CUST_SOWMIYA_003-TRUSTED,Trusted Household Vendor,11,0,1,6,0,0,0,None,Resolved Genuine,Standard Habitual Purchase,0
TXN-CUST_SOWMIYA_003-10397,2026-07-20 07:59:38,2026-07-20,07:59:38,7,0,0,0,CUST_SOWMIYA_003,55,Bengaluru,Karnataka,High Risk / 26% Fraud Rate,M029,CloudDesk Digital,Software / Digital Services,Cloud Infrastructure & SaaS Tools,Bengaluru,Whitefield,Karnataka,560066,12.9698,77.7499,7,19800.0,24_HOURS,"ONLINE,CARD,TRANSFER",Cryptomining VM rental with stolen credit cards,0.058,145,24763.28,INR,PURCHASE,TRANSFER,MOBILE_APP,0,0,Bengaluru,2.0,0,0,1,DEV-SOWMIYA-ONEPLUS-11,mobile_android,0,BEN-CUST_SOWMIYA_003-TRUSTED,Trusted Household Vendor,11,0,2,11,0,0,0,None,Resolved Genuine,Standard Habitual Purchase,0
TXN-CUST_SOWMIYA_003-10398,2026-07-20 09:25:29,2026-07-20,09:25:29,9,0,0,0,CUST_SOWMIYA_003,55,Bengaluru,Karnataka,High Risk / 26% Fraud Rate,M017,AutoForge Parts,Spare Parts,OEM Industrial & Auto Components,Hosur,Mookandapalli,Tamil Nadu,635126,12.7409,77.8253,15,16500.0,09:00-19:30,"TRANSFER,POS,CARD",Business email compromise / fake beneficiary update,0.033,82,27581.12,INR,PURCHASE,CARD,MOBILE_APP,1,0,Bengaluru,9.0,0,0,1,DEV-SOWMIYA-ONEPLUS-11,mobile_android,0,BEN-CUST_SOWMIYA_003-TRUSTED,Trusted Household Vendor,11,0,1,11,0,0,0,None,Resolved Genuine,Standard Habitual Purchase,0
TXN-CUST_SOWMIYA_003-10399,2026-07-20 10:54:29,2026-07-20,10:54:29,10,0,0,0,CUST_SOWMIYA_003,55,Bengaluru,Karnataka,High Risk / 26% Fraud Rate,M020,GameGrid Arena,Gaming,"Esports, Consoles & Virtual Credits",Bengaluru,Koramangala,Karnataka,560095,12.9352,77.6245,4,3400.0,10:00-01:00,"ONLINE,UPI,CARD,WALLET",Virtual item laundering & bot-driven micro transactions,0.055,137,16933.47,INR,P2P_TRANSFER,ONLINE,WEB_PORTAL,0,1,Dubai,4327.0,1,1,0,DEV-ROGUE-EMULATOR-742,unknown_bot,1,BEN-MULE-3885,QuickMule Transfer 77,0,9,24,98,6,2,1,Account takeover,Pre-auth Block,Automated high-velocity attack from unknown device,1
TXN-CUST_SOWMIYA_003-10400,2026-07-20 12:20:45,2026-07-20,12:20:45,12,0,0,0,CUST_SOWMIYA_003,55,Bengaluru,Karnataka,High Risk / 26% Fraud Rate,M005,UrbanThread Studio,Fashion / Apparel,Designer & Ready-to-wear,Chennai,Anna Nagar,Tamil Nadu,600040,13.085,80.2101,5,4800.0,10:30-22:00,"POS,ONLINE,UPI,CARD",Refund abuse / credential stuffing,0.022,55,35837.12,INR,PURCHASE,UPI,MOBILE_APP,1,0,Bengaluru,3.0,0,0,1,DEV-SOWMIYA-ONEPLUS-11,mobile_android,0,BEN-CUST_SOWMIYA_003-TRUSTED,Trusted Household Vendor,13,0,1,13,0,0,0,None,Resolved Genuine,Standard Habitual Purchase,0
TXN-CUST_SOWMIYA_003-10401,2026-07-20 13:45:05,2026-07-20,13:45:05,13,0,0,0,CUST_SOWMIYA_003,55,Bengaluru,Karnataka,High Risk / 26% Fraud Rate,M007,SpiceRoute Kitchen,Restaurant,Fine Dining & Chettinad,Chennai,Adyar,Tamil Nadu,600020,13.0012,80.2565,7,2200.0,11:30-23:30,"POS,UPI,CARD",Cloned card POS terminal replay,0.018,45,27067.07,INR,PURCHASE,CARD,MOBILE_APP,1,0,Bengaluru,6.0,0,0,1,DEV-SOWMIYA-ONEPLUS-11,mobile_android,0,BEN-CUST_SOWMIYA_003-TRUSTED,Trusted Household Vendor,10,0,1,9,0,0,0,None,Resolved Genuine,Standard Habitual Purchase,0
TXN-CUST_SOWMIYA_003-10402,2026-07-20 15:12:50,2026-07-20,15:12:50,15,0,0,0,CUST_SOWMIYA_003,55,Bengaluru,Karnataka,High Risk / 26% Fraud Rate,M023,SwiftBox Logistics,Courier / Logistics,Express Parcel & Freight Delivery,Tiruppur,Avinashi Road,Tamil Nadu,641603,11.1085,77.3411,9,4200.0,08:00-21:00,"POS,UPI,CARD,ONLINE",Interception fraud / address redirection,0.02,50,20522.87,INR,P2P_TRANSFER,CARD,WEB_PORTAL,0,1,Dubai,4479.0,1,1,0,DEV-ROGUE-EMULATOR-327,unknown_bot,1,BEN-MULE-5182,QuickMule Transfer 54,0,11,28,122,6,3,1,Account takeover,Pre-auth Block,Automated high-velocity attack from unknown device,1
TXN-CUST_SOWMIYA_003-10403,2026-07-20 16:37:28,2026-07-20,16:37:28,16,0,0,0,CUST_SOWMIYA_003,55,Bengaluru,Karnataka,High Risk / 26% Fraud Rate,M015,HomeSphere Appliances,Home Appliances,"Refrigerators, ACs & Kitchen Tech",Coimbatore,Saibaba Colony,Tamil Nadu,641011,11.0315,76.945,9,27500.0,09:30-21:00,"POS,EMI,CARD,UPI",Carding attacks with immediate in-store pickup,0.038,95,41896.1,INR,PURCHASE,POS,MOBILE_APP,1,0,Bengaluru,5.0,0,0,1,DEV-SOWMIYA-ONEPLUS-11,mobile_android,0,BEN-CUST_SOWMIYA_003-TRUSTED,Trusted Household Vendor,12,0,3,20,0,0,0,None,Resolved Genuine,Standard Habitual Purchase,0
TXN-CUST_SOWMIYA_003-10404,2026-07-20 18:03:08,2026-07-20,18:03:08,18,0,0,0,CUST_SOWMIYA_003,55,Bengaluru,Karnataka,High Risk / 26% Fraud Rate,M017,AutoForge Parts,Spare Parts,OEM Industrial & Auto Components,Hosur,Mookandapalli,Tamil Nadu,635126,12.7409,77.8253,15,16500.0,09:00-19:30,"TRANSFER,POS,CARD",Business email compromise / fake beneficiary update,0.033,82,36134.05,INR,PURCHASE,POS,MOBILE_APP,1,0,Bengaluru,8.0,0,0,1,DEV-SOWMIYA-ONEPLUS-11,mobile_android,0,BEN-CUST_SOWMIYA_003-TRUSTED,Trusted Household Vendor,15,0,3,15,0,0,0,None,Resolved Genuine,Standard Habitual Purchase,0
TXN-CUST_SOWMIYA_003-10405,2026-07-20 19:27:03,2026-07-20,19:27:03,19,0,0,0,CUST_SOWMIYA_003,55,Bengaluru,Karnataka,High Risk / 26% Fraud Rate,M010,HarborView Residency,Hotel / Hospitality,Business & Luxury Hotel,Chennai,OMR,Tamil Nadu,600096,12.9165,80.2285,6,9500.0,24_HOURS,"ONLINE,POS,CARD,TRANSFER",Online travel booking fraud with stolen corporate credentials,0.041,102,23517.86,INR,PURCHASE,POS,MOBILE_APP,1,0,Bengaluru,1.0,0,0,1,DEV-SOWMIYA-ONEPLUS-11,mobile_android,0,BEN-CUST_SOWMIYA_003-TRUSTED,Trusted Household Vendor,9,0,3,18,0,0,0,None,Resolved Genuine,Standard Habitual Purchase,0
TXN-CUST_SOWMIYA_003-10406,2026-07-20 20:51:56,2026-07-20,20:51:56,20,0,0,0,CUST_SOWMIYA_003,55,Bengaluru,Karnataka,High Risk / 26% Fraud Rate,M025,ShieldSure Services,Insurance Services,General & Health Insurance Premium,Chennai,Egmore,Tamil Nadu,600008,13.0784,80.2607,13,14000.0,09:30-18:00,"ONLINE,NETBANKING,CARD",Premium diversion / fake policy payment slips,0.019,47,14457.65,INR,PURCHASE,CARD,MOBILE_APP,0,0,Bengaluru,1.0,0,0,1,DEV-SOWMIYA-ONEPLUS-11,mobile_android,0,BEN-CUST_SOWMIYA_003-TRUSTED,Trusted Household Vendor,6,0,4,20,0,0,0,None,Resolved Genuine,Standard Habitual Purchase,0
TXN-CUST_SOWMIYA_003-10407,2026-07-20 22:15:26,2026-07-20,22:15:26,22,0,0,0,CUST_SOWMIYA_003,55,Bengaluru,Karnataka,High Risk / 26% Fraud Rate,M002,CircuitBay Electronics,Consumer Electronics,Laptops & Gadgets,Chennai,Velachery,Tamil Nadu,600042,12.9759,80.2212,6,32000.0,10:00-21:30,"POS,ONLINE,EMI,UPI",Stolen payment details / high-ticket electronics delivery,0.048,120,101714.3,INR,P2P_TRANSFER,POS,WEB_PORTAL,0,1,Singapore,4710.0,1,1,0,DEV-ROGUE-EMULATOR-954,unknown_bot,1,BEN-MULE-8898,QuickMule Transfer 40,0,9,18,77,3,4,0,Card testing,Pre-auth Block,Automated high-velocity attack from unknown device,1
TXN-CUST_SOWMIYA_003-10408,2026-07-20 23:39:26,2026-07-20,23:39:26,23,0,0,1,CUST_SOWMIYA_003,55,Bengaluru,Karnataka,High Risk / 26% Fraud Rate,M016,MotoCare Garage,Auto Service,Car Service & Detailing Hub,Chennai,Pallikaranai,Tamil Nadu,600100,12.9372,80.2014,7,8900.0,08:30-20:30,"POS,UPI,CARD",Over-invoicing / synthetic card payments,0.021,52,34912.94,INR,PURCHASE,POS,MOBILE_APP,1,0,Bengaluru,8.0,0,0,1,DEV-SOWMIYA-ONEPLUS-11,mobile_android,0,BEN-CUST_SOWMIYA_003-TRUSTED,Trusted Household Vendor,9,1,2,15,0,0,0,None,Resolved Genuine,Standard Habitual Purchase,0
TXN-CUST_SOWMIYA_003-10409,2026-07-21 01:04:32,2026-07-21,01:04:32,1,1,0,1,CUST_SOWMIYA_003,55,Bengaluru,Karnataka,High Risk / 26% Fraud Rate,M016,MotoCare Garage,Auto Service,Car Service & Detailing Hub,Chennai,Pallikaranai,Tamil Nadu,600100,12.9372,80.2014,7,8900.0,08:30-20:30,"POS,UPI,CARD",Over-invoicing / synthetic card payments,0.021,52,34426.78,INR,PURCHASE,CARD,MOBILE_APP,1,0,Bengaluru,1.0,0,0,1,DEV-SOWMIYA-ONEPLUS-11,mobile_android,0,BEN-CUST_SOWMIYA_003-TRUSTED,Trusted Household Vendor,7,0,2,10,0,0,0,None,Resolved Genuine,Standard Habitual Purchase,0
TXN-CUST_SOWMIYA_003-10410,2026-07-21 02:28:46,2026-07-21,02:28:46,2,1,0,1,CUST_SOWMIYA_003,55,Bengaluru,Karnataka,High Risk / 26% Fraud Rate,M012,DashDine Delivery,Food Delivery,Quick Commerce & Meal Delivery,Chennai,Sholinganallur,Tamil Nadu,600119,12.901,80.2279,4,520.0,06:00-02:00,"UPI,CARD,ONLINE,WALLET",Promo code abuse / stolen wallet balances,0.014,35,44071.43,INR,PURCHASE,UPI,MOBILE_APP,0,0,Bengaluru,5.0,0,0,1,DEV-SOWMIYA-ONEPLUS-11,mobile_android,0,BEN-CUST_SOWMIYA_003-TRUSTED,Trusted Household Vendor,13,0,1,11,0,0,0,None,Resolved Genuine,Standard Habitual Purchase,0
TXN-CUST_SOWMIYA_003-10411,2026-07-21 03:53:56,2026-07-21,03:53:56,3,1,0,1,CUST_SOWMIYA_003,55,Bengaluru,Karnataka,High Risk / 26% Fraud Rate,M002,CircuitBay Electronics,Consumer Electronics,Laptops & Gadgets,Chennai,Velachery,Tamil Nadu,600042,12.9759,80.2212,6,32000.0,10:00-21:30,"POS,ONLINE,EMI,UPI",Stolen payment details / high-ticket electronics delivery,0.048,120,28749.0,INR,PURCHASE,UPI,MOBILE_APP,1,0,Bengaluru,12.0,0,0,1,DEV-SOWMIYA-ONEPLUS-11,mobile_android,0,BEN-CUST_SOWMIYA_003-TRUSTED,Trusted Household Vendor,12,0,2,16,0,0,0,None,Resolved Genuine,Standard Habitual Purchase,0
TXN-CUST_SOWMIYA_003-10412,2026-07-21 05:21:07,2026-07-21,05:21:07,5,1,0,1,CUST_SOWMIYA_003,55,Bengaluru,Karnataka,High Risk / 26% Fraud Rate,M008,BeanCircuit Cafe,Cafe,Specialty Coffee & Bakery,Bengaluru,Indiranagar,Karnataka,560038,12.9784,77.6408,3,650.0,07:30-23:00,"UPI,POS,CARD",QR code spoofing / fast velocity dining,0.009,22,29198.65,INR,PURCHASE,POS,MOBILE_APP,1,0,Bengaluru,8.0,0,0,1,DEV-SOWMIYA-ONEPLUS-11,mobile_android,0,BEN-CUST_SOWMIYA_003-TRUSTED,Trusted Household Vendor,4,1,4,21,0,0,0,None,Resolved Genuine,Standard Habitual Purchase,0
TXN-CUST_SOWMIYA_003-10413,2026-07-21 06:44:36,2026-07-21,06:44:36,6,1,0,0,CUST_SOWMIYA_003,55,Bengaluru,Karnataka,High Risk / 26% Fraud Rate,M026,GreenLeaf Wellness,Health & Wellness,Organic Nutrition & Ayurveda,Trichy,Srirangam,Tamil Nadu,620006,10.8624,78.6947,6,2100.0,08:00-21:00,"POS,UPI,ONLINE,CARD",Subscription card stuffing,0.013,32,38539.56,INR,PURCHASE,POS,MOBILE_APP,1,0,Bengaluru,5.0,0,0,1,DEV-SOWMIYA-ONEPLUS-11,mobile_android,0,BEN-CUST_SOWMIYA_003-TRUSTED,Trusted Household Vendor,15,0,2,10,0,0,0,None,Resolved Genuine,Standard Habitual Purchase,0
TXN-CUST_SOWMIYA_003-10414,2026-07-21 08:08:11,2026-07-21,08:08:11,8,1,0,0,CUST_SOWMIYA_003,55,Bengaluru,Karnataka,High Risk / 26% Fraud Rate,M003,Pulse Mobile Hub,Mobile Store,Smartphones & Accessories,Chennai,Tambaram,Tamil Nadu,600045,12.9249,80.1278,4,18500.0,09:30-21:30,"POS,UPI,CARD",New device abuse / rapid checkout surge,0.035,87,52272.2,INR,P2P_TRANSFER,UPI,WEB_PORTAL,0,0,Unknown Proxy,3716.0,1,1,0,DEV-ROGUE-EMULATOR-261,unknown_bot,1,BEN-MULE-7762,QuickMule Transfer 50,0,7,12,56,5,3,1,Credential compromise,Pre-auth Block,Automated high-velocity attack from unknown device,1
TXN-CUST_SOWMIYA_003-10415,2026-07-21 09:36:06,2026-07-21,09:36:06,9,1,0,0,CUST_SOWMIYA_003,55,Bengaluru,Karnataka,High Risk / 26% Fraud Rate,M005,UrbanThread Studio,Fashion / Apparel,Designer & Ready-to-wear,Chennai,Anna Nagar,Tamil Nadu,600040,13.085,80.2101,5,4800.0,10:30-22:00,"POS,ONLINE,UPI,CARD",Refund abuse / credential stuffing,0.022,55,28909.88,INR,PURCHASE,CARD,MOBILE_APP,1,0,Bengaluru,8.0,0,0,1,DEV-SOWMIYA-ONEPLUS-11,mobile_android,0,BEN-CUST_SOWMIYA_003-TRUSTED,Trusted Household Vendor,4,0,3,16,0,0,0,None,Resolved Genuine,Standard Habitual Purchase,0
TXN-CUST_SOWMIYA_003-10416,2026-07-21 11:00:23,2026-07-21,11:00:23,11,1,0,0,CUST_SOWMIYA_003,55,Bengaluru,Karnataka,High Risk / 26% Fraud Rate,M005,UrbanThread Studio,Fashion / Apparel,Designer & Ready-to-wear,Chennai,Anna Nagar,Tamil Nadu,600040,13.085,80.2101,5,4800.0,10:30-22:00,"POS,ONLINE,UPI,CARD",Refund abuse / credential stuffing,0.022,55,26870.08,INR,PURCHASE,ONLINE,MOBILE_APP,1,0,Bengaluru,6.0,0,0,1,DEV-SOWMIYA-ONEPLUS-11,mobile_android,0,BEN-CUST_SOWMIYA_003-TRUSTED,Trusted Household Vendor,3,0,1,8,0,0,0,None,Resolved Genuine,Standard Habitual Purchase,0
TXN-CUST_SOWMIYA_003-10417,2026-07-21 12:25:17,2026-07-21,12:25:17,12,1,0,0,CUST_SOWMIYA_003,55,Bengaluru,Karnataka,High Risk / 26% Fraud Rate,M005,UrbanThread Studio,Fashion / Apparel,Designer & Ready-to-wear,Chennai,Anna Nagar,Tamil Nadu,600040,13.085,80.2101,5,4800.0,10:30-22:00,"POS,ONLINE,UPI,CARD",Refund abuse / credential stuffing,0.022,55,19076.35,INR,PURCHASE,CARD,MOBILE_APP,1,0,Bengaluru,5.0,0,0,1,DEV-SOWMIYA-ONEPLUS-11,mobile_android,0,BEN-CUST_SOWMIYA_003-TRUSTED,Trusted Household Vendor,14,1,4,25,0,0,0,None,Resolved Genuine,Standard Habitual Purchase,0
TXN-CUST_SOWMIYA_003-10418,2026-07-21 13:53:48,2026-07-21,13:53:48,13,1,0,0,CUST_SOWMIYA_003,55,Bengaluru,Karnataka,High Risk / 26% Fraud Rate,M004,Aurelia Gold House,Jewellery,Gold & Diamond Jewellery,Coimbatore,RS Puram,Tamil Nadu,641002,11.0089,76.9514,14,78000.0,10:00-20:30,"POS,CARD,TRANSFER",Account takeover / card-not-present luxury surge,0.065,162,17708.27,INR,PURCHASE,POS,MOBILE_APP,1,0,Bengaluru,2.0,0,0,1,DEV-SOWMIYA-ONEPLUS-11,mobile_android,0,BEN-CUST_SOWMIYA_003-TRUSTED,Trusted Household Vendor,7,0,1,14,0,0,0,None,Resolved Genuine,Standard Habitual Purchase,0
TXN-CUST_SOWMIYA_003-10419,2026-07-21 15:22:18,2026-07-21,15:22:18,15,1,0,0,CUST_SOWMIYA_003,55,Bengaluru,Karnataka,High Risk / 26% Fraud Rate,M006,MedicoCare Pharmacy,Pharmacy,Medicines & Surgical Supplies,Madurai,KK Nagar,Tamil Nadu,625020,9.9252,78.1498,10,1450.0,24_HOURS,"POS,UPI,CARD,ONLINE",Nighttime micro card testing,0.015,37,4557.47,INR,P2P_TRANSFER,UPI,WEB_PORTAL,0,1,Moscow,4733.0,1,1,0,DEV-ROGUE-EMULATOR-522,unknown_bot,1,BEN-MULE-4563,QuickMule Transfer 84,0,4,34,145,6,1,0,Account takeover,Pre-auth Block,Automated high-velocity attack from unknown device,1
TXN-CUST_SOWMIYA_003-10420,2026-07-21 16:48:52,2026-07-21,16:48:52,16,1,0,0,CUST_SOWMIYA_003,55,Bengaluru,Karnataka,High Risk / 26% Fraud Rate,M010,HarborView Residency,Hotel / Hospitality,Business & Luxury Hotel,Chennai,OMR,Tamil Nadu,600096,12.9165,80.2285,6,9500.0,24_HOURS,"ONLINE,POS,CARD,TRANSFER",Online travel booking fraud with stolen corporate credentials,0.041,102,37779.28,INR,PURCHASE,TRANSFER,MOBILE_APP,1,0,Bengaluru,8.0,0,0,1,DEV-SOWMIYA-ONEPLUS-11,mobile_android,0,BEN-CUST_SOWMIYA_003-TRUSTED,Trusted Household Vendor,12,0,1,9,0,0,0,None,Resolved Genuine,Standard Habitual Purchase,0
TXN-CUST_SOWMIYA_003-10421,2026-07-21 18:14:46,2026-07-21,18:14:46,18,1,0,0,CUST_SOWMIYA_003,55,Bengaluru,Karnataka,High Risk / 26% Fraud Rate,M011,SkyTrail Travels,Travel Agency,Flight & International Tour Packages,Coimbatore,Gandhipuram,Tamil Nadu,641012,11.0183,76.9664,11,44000.0,09:00-20:00,"ONLINE,TRANSFER,CARD",Mule-account ticket arbitrage & fast cancellation fraud,0.052,130,16206.3,INR,PURCHASE,TRANSFER,MOBILE_APP,0,0,Bengaluru,7.0,0,0,1,DEV-SOWMIYA-ONEPLUS-11,mobile_android,0,BEN-CUST_SOWMIYA_003-TRUSTED,Trusted Household Vendor,7,0,3,16,0,0,0,None,Resolved Genuine,Standard Habitual Purchase,0
TXN-CUST_SOWMIYA_003-10422,2026-07-21 19:38:15,2026-07-21,19:38:15,19,1,0,0,CUST_SOWMIYA_003,55,Bengaluru,Karnataka,High Risk / 26% Fraud Rate,M006,MedicoCare Pharmacy,Pharmacy,Medicines & Surgical Supplies,Madurai,KK Nagar,Tamil Nadu,625020,9.9252,78.1498,10,1450.0,24_HOURS,"POS,UPI,CARD,ONLINE",Nighttime micro card testing,0.015,37,38734.17,INR,PURCHASE,ONLINE,MOBILE_APP,1,0,Bengaluru,5.0,0,0,1,DEV-SOWMIYA-ONEPLUS-11,mobile_android,0,BEN-CUST_SOWMIYA_003-TRUSTED,Trusted Household Vendor,7,0,2,13,0,0,0,None,Resolved Genuine,Standard Habitual Purchase,0
TXN-CUST_SOWMIYA_003-10423,2026-07-21 21:06:00,2026-07-21,21:06:00,21,1,0,0,CUST_SOWMIYA_003,55,Bengaluru,Karnataka,High Risk / 26% Fraud Rate,M008,BeanCircuit Cafe,Cafe,Specialty Coffee & Bakery,Bengaluru,Indiranagar,Karnataka,560038,12.9784,77.6408,3,650.0,07:30-23:00,"UPI,POS,CARD",QR code spoofing / fast velocity dining,0.009,22,41096.08,INR,PURCHASE,UPI,MOBILE_APP,1,0,Bengaluru,4.0,0,0,1,DEV-SOWMIYA-ONEPLUS-11,mobile_android,0,BEN-CUST_SOWMIYA_003-TRUSTED,Trusted Household Vendor,8,0,3,17,0,0,0,None,Resolved Genuine,Standard Habitual Purchase,0
TXN-CUST_SOWMIYA_003-10424,2026-07-21 22:35:03,2026-07-21,22:35:03,22,1,0,0,CUST_SOWMIYA_003,55,Bengaluru,Karnataka,High Risk / 26% Fraud Rate,M027,BrickHarbor Realty,Real Estate / Property Services,Rental Escrow & Facility Management,Chennai,Porur,Tamil Nadu,600116,13.035,80.16,11,65000.0,09:00-19:00,"TRANSFER,NETBANKING,CARD",Security deposit phishing / escrow hijacking,0.039,97,39976.62,INR,PURCHASE,TRANSFER,MOBILE_APP,0,0,Bengaluru,2.0,0,0,1,DEV-SOWMIYA-ONEPLUS-11,mobile_android,0,BEN-CUST_SOWMIYA_003-TRUSTED,Trusted Household Vendor,14,0,1,12,0,0,0,None,Resolved Genuine,Standard Habitual Purchase,0
TXN-CUST_SOWMIYA_003-10425,2026-07-22 00:02:32,2026-07-22,00:02:32,0,2,0,1,CUST_SOWMIYA_003,55,Bengaluru,Karnataka,High Risk / 26% Fraud Rate,M021,GlowCraft Salon,Salon / Beauty,Spa & Grooming Studio,Chennai,Porur,Tamil Nadu,600116,13.0382,80.1565,5,2800.0,09:00-21:00,"POS,UPI,CARD",Unusual late-night transaction spikes,0.011,27,13373.48,INR,P2P_TRANSFER,CARD,WEB_PORTAL,0,1,Dubai,3236.0,1,1,0,DEV-ROGUE-EMULATOR-906,unknown_bot,1,BEN-MULE-8441,QuickMule Transfer 21,0,10,12,51,5,1,1,Account takeover,Pre-auth Block,Automated high-velocity attack from unknown device,1
TXN-CUST_SOWMIYA_003-10426,2026-07-22 01:30:55,2026-07-22,01:30:55,1,2,0,1,CUST_SOWMIYA_003,55,Bengaluru,Karnataka,High Risk / 26% Fraud Rate,M027,BrickHarbor Realty,Real Estate / Property Services,Rental Escrow & Facility Management,Chennai,Porur,Tamil Nadu,600116,13.035,80.16,11,65000.0,09:00-19:00,"TRANSFER,NETBANKING,CARD",Security deposit phishing / escrow hijacking,0.039,97,31241.51,INR,PURCHASE,CARD,MOBILE_APP,0,0,Bengaluru,13.0,0,0,1,DEV-SOWMIYA-ONEPLUS-11,mobile_android,0,BEN-CUST_SOWMIYA_003-TRUSTED,Trusted Household Vendor,9,0,3,16,0,0,0,None,Resolved Genuine,Standard Habitual Purchase,0
TXN-CUST_SOWMIYA_003-10427,2026-07-22 02:59:39,2026-07-22,02:59:39,2,2,0,1,CUST_SOWMIYA_003,55,Bengaluru,Karnataka,High Risk / 26% Fraud Rate,M024,LinkWave Telecom,Telecom Retail,Fiber Broadband & Postpaid Plans,Erode,Perundurai Road,Tamil Nadu,638011,11.341,77.7172,10,1950.0,09:30-20:30,"UPI,CARD,ONLINE,POS",SIM swap bill recharge surges,0.017,42,28028.11,INR,PURCHASE,UPI,MOBILE_APP,1,0,Bengaluru,9.0,0,0,1,DEV-SOWMIYA-ONEPLUS-11,mobile_android,0,BEN-CUST_SOWMIYA_003-TRUSTED,Trusted Household Vendor,7,0,2,10,0,0,0,None,Resolved Genuine,Standard Habitual Purchase,0
TXN-CUST_SOWMIYA_003-10428,2026-07-22 04:24:22,2026-07-22,04:24:22,4,2,0,1,CUST_SOWMIYA_003,55,Bengaluru,Karnataka,High Risk / 26% Fraud Rate,M003,Pulse Mobile Hub,Mobile Store,Smartphones & Accessories,Chennai,Tambaram,Tamil Nadu,600045,12.9249,80.1278,4,18500.0,09:30-21:30,"POS,UPI,CARD",New device abuse / rapid checkout surge,0.035,87,45529.64,INR,P2P_TRANSFER,CARD,WEB_PORTAL,0,1,Dubai,5424.0,1,1,0,DEV-ROGUE-EMULATOR-873,unknown_bot,1,BEN-MULE-6600,QuickMule Transfer 20,0,5,15,65,6,1,1,Credential compromise,Pre-auth Block,Automated high-velocity attack from unknown device,1
TXN-CUST_SOWMIYA_003-10429,2026-07-22 05:48:42,2026-07-22,05:48:42,5,2,0,1,CUST_SOWMIYA_003,55,Bengaluru,Karnataka,High Risk / 26% Fraud Rate,M021,GlowCraft Salon,Salon / Beauty,Spa & Grooming Studio,Chennai,Porur,Tamil Nadu,600116,13.0382,80.1565,5,2800.0,09:00-21:00,"POS,UPI,CARD",Unusual late-night transaction spikes,0.011,27,15361.87,INR,PURCHASE,UPI,MOBILE_APP,1,0,Bengaluru,14.0,0,0,1,DEV-SOWMIYA-ONEPLUS-11,mobile_android,0,BEN-CUST_SOWMIYA_003-TRUSTED,Trusted Household Vendor,7,0,1,13,0,0,0,None,Resolved Genuine,Standard Habitual Purchase,0
TXN-CUST_SOWMIYA_003-10430,2026-07-22 07:12:20,2026-07-22,07:12:20,7,2,0,0,CUST_SOWMIYA_003,55,Bengaluru,Karnataka,High Risk / 26% Fraud Rate,M012,DashDine Delivery,Food Delivery,Quick Commerce & Meal Delivery,Chennai,Sholinganallur,Tamil Nadu,600119,12.901,80.2279,4,520.0,06:00-02:00,"UPI,CARD,ONLINE,WALLET",Promo code abuse / stolen wallet balances,0.014,35,1145.99,INR,P2P_TRANSFER,CARD,WEB_PORTAL,0,1,Singapore,1591.0,1,1,0,DEV-ROGUE-EMULATOR-862,unknown_bot,1,BEN-MULE-9246,QuickMule Transfer 68,0,10,26,107,2,3,0,Mule-account behavior,Pre-auth Block,Automated high-velocity attack from unknown device,1
TXN-CUST_SOWMIYA_003-10431,2026-07-22 08:35:52,2026-07-22,08:35:52,8,2,0,0,CUST_SOWMIYA_003,55,Bengaluru,Karnataka,High Risk / 26% Fraud Rate,M004,Aurelia Gold House,Jewellery,Gold & Diamond Jewellery,Coimbatore,RS Puram,Tamil Nadu,641002,11.0089,76.9514,14,78000.0,10:00-20:30,"POS,CARD,TRANSFER",Account takeover / card-not-present luxury surge,0.065,162,348356.41,INR,P2P_TRANSFER,CARD,WEB_PORTAL,0,1,Moscow,3426.0,1,1,0,DEV-ROGUE-EMULATOR-462,unknown_bot,1,BEN-MULE-8739,QuickMule Transfer 86,0,9,27,110,3,2,1,Credential compromise,Pre-auth Block,Automated high-velocity attack from unknown device,1
TXN-CUST_SOWMIYA_003-10432,2026-07-22 10:02:00,2026-07-22,10:02:00,10,2,0,0,CUST_SOWMIYA_003,55,Bengaluru,Karnataka,High Risk / 26% Fraud Rate,M009,RapidFuel Station,Fuel Station,"Petrol, Diesel & EV Fast Charge",Salem,Fairlands,Tamil Nadu,636016,11.6643,78.146,9,3100.0,24_HOURS,"POS,FLEET_CARD,UPI",Automated fleet card skimming,0.024,60,12334.39,INR,PURCHASE,FLEET_CARD,MOBILE_APP,1,0,Bengaluru,4.0,0,0,1,DEV-SOWMIYA-ONEPLUS-11,mobile_android,0,BEN-CUST_SOWMIYA_003-TRUSTED,Trusted Household Vendor,7,0,4,26,0,0,0,None,Resolved Genuine,Standard Habitual Purchase,0
TXN-CUST_SOWMIYA_003-10433,2026-07-22 11:28:06,2026-07-22,11:28:06,11,2,0,0,CUST_SOWMIYA_003,55,Bengaluru,Karnataka,High Risk / 26% Fraud Rate,M020,GameGrid Arena,Gaming,"Esports, Consoles & Virtual Credits",Bengaluru,Koramangala,Karnataka,560095,12.9352,77.6245,4,3400.0,10:00-01:00,"ONLINE,UPI,CARD,WALLET",Virtual item laundering & bot-driven micro transactions,0.055,137,43635.83,INR,PURCHASE,CARD,MOBILE_APP,0,0,Bengaluru,4.0,0,0,1,DEV-SOWMIYA-ONEPLUS-11,mobile_android,0,BEN-CUST_SOWMIYA_003-TRUSTED,Trusted Household Vendor,9,0,2,11,0,0,0,None,Resolved Genuine,Standard Habitual Purchase,0
TXN-CUST_SOWMIYA_003-10434,2026-07-22 12:52:37,2026-07-22,12:52:37,12,2,0,0,CUST_SOWMIYA_003,55,Bengaluru,Karnataka,High Risk / 26% Fraud Rate,M021,GlowCraft Salon,Salon / Beauty,Spa & Grooming Studio,Chennai,Porur,Tamil Nadu,600116,13.0382,80.1565,5,2800.0,09:00-21:00,"POS,UPI,CARD",Unusual late-night transaction spikes,0.011,27,13713.62,INR,P2P_TRANSFER,POS,WEB_PORTAL,0,1,Dubai,4356.0,1,1,0,DEV-ROGUE-EMULATOR-172,unknown_bot,1,BEN-MULE-8387,QuickMule Transfer 54,0,4,19,79,3,4,0,Mule-account behavior,Pre-auth Block,Automated high-velocity attack from unknown device,1
TXN-CUST_SOWMIYA_003-10435,2026-07-22 14:20:14,2026-07-22,14:20:14,14,2,0,0,CUST_SOWMIYA_003,55,Bengaluru,Karnataka,High Risk / 26% Fraud Rate,M018,PageTurn Book House,Bookstore,"Academic, Fiction & Stationery",Trichy,Thillai Nagar,Tamil Nadu,620018,10.8282,78.6854,16,850.0,09:00-21:30,"POS,UPI,CARD,ONLINE",Low-value card testing bots,0.008,20,12955.19,INR,PURCHASE,POS,MOBILE_APP,1,0,Bengaluru,8.0,0,0,1,DEV-SOWMIYA-ONEPLUS-11,mobile_android,0,BEN-CUST_SOWMIYA_003-TRUSTED,Trusted Household Vendor,6,0,4,18,0,0,0,None,Resolved Genuine,Standard Habitual Purchase,0
TXN-CUST_SOWMIYA_003-10436,2026-07-22 15:44:07,2026-07-22,15:44:07,15,2,0,0,CUST_SOWMIYA_003,55,Bengaluru,Karnataka,High Risk / 26% Fraud Rate,M018,PageTurn Book House,Bookstore,"Academic, Fiction & Stationery",Trichy,Thillai Nagar,Tamil Nadu,620018,10.8282,78.6854,16,850.0,09:00-21:30,"POS,UPI,CARD,ONLINE",Low-value card testing bots,0.008,20,3402.74,INR,P2P_TRANSFER,POS,WEB_PORTAL,0,1,Moscow,1975.0,1,1,0,DEV-ROGUE-EMULATOR-402,unknown_bot,1,BEN-MULE-5728,QuickMule Transfer 12,0,6,22,94,3,4,1,Mule-account behavior,Pre-auth Block,Automated high-velocity attack from unknown device,1
TXN-CUST_SOWMIYA_003-10437,2026-07-22 17:10:10,2026-07-22,17:10:10,17,2,0,0,CUST_SOWMIYA_003,55,Bengaluru,Karnataka,High Risk / 26% Fraud Rate,M017,AutoForge Parts,Spare Parts,OEM Industrial & Auto Components,Hosur,Mookandapalli,Tamil Nadu,635126,12.7409,77.8253,15,16500.0,09:00-19:30,"TRANSFER,POS,CARD",Business email compromise / fake beneficiary update,0.033,82,57731.22,INR,P2P_TRANSFER,CARD,WEB_PORTAL,0,0,Unknown Proxy,4301.0,1,1,0,DEV-ROGUE-EMULATOR-407,unknown_bot,1,BEN-MULE-8656,QuickMule Transfer 11,0,12,30,125,4,3,1,Mule-account behavior,Pre-auth Block,Automated high-velocity attack from unknown device,1
TXN-CUST_SOWMIYA_003-10438,2026-07-22 18:36:00,2026-07-22,18:36:00,18,2,0,0,CUST_SOWMIYA_003,55,Bengaluru,Karnataka,High Risk / 26% Fraud Rate,M004,Aurelia Gold House,Jewellery,Gold & Diamond Jewellery,Coimbatore,RS Puram,Tamil Nadu,641002,11.0089,76.9514,14,78000.0,10:00-20:30,"POS,CARD,TRANSFER",Account takeover / card-not-present luxury surge,0.065,162,12267.08,INR,PURCHASE,CARD,MOBILE_APP,1,0,Bengaluru,1.0,0,0,1,DEV-SOWMIYA-ONEPLUS-11,mobile_android,0,BEN-CUST_SOWMIYA_003-TRUSTED,Trusted Household Vendor,15,0,4,18,0,0,0,None,Resolved Genuine,Standard Habitual Purchase,0
TXN-CUST_SOWMIYA_003-10439,2026-07-22 20:03:55,2026-07-22,20:03:55,20,2,0,0,CUST_SOWMIYA_003,55,Bengaluru,Karnataka,High Risk / 26% Fraud Rate,M015,HomeSphere Appliances,Home Appliances,"Refrigerators, ACs & Kitchen Tech",Coimbatore,Saibaba Colony,Tamil Nadu,641011,11.0315,76.945,9,27500.0,09:30-21:00,"POS,EMI,CARD,UPI",Carding attacks with immediate in-store pickup,0.038,95,28031.0,INR,PURCHASE,CARD,MOBILE_APP,1,0,Bengaluru,13.0,0,0,1,DEV-SOWMIYA-ONEPLUS-11,mobile_android,0,BEN-CUST_SOWMIYA_003-TRUSTED,Trusted Household Vendor,8,0,4,21,0,0,0,None,Resolved Genuine,Standard Habitual Purchase,0
TXN-CUST_SOWMIYA_003-10440,2026-07-22 21:32:10,2026-07-22,21:32:10,21,2,0,0,CUST_SOWMIYA_003,55,Bengaluru,Karnataka,High Risk / 26% Fraud Rate,M027,BrickHarbor Realty,Real Estate / Property Services,Rental Escrow & Facility Management,Chennai,Porur,Tamil Nadu,600116,13.035,80.16,11,65000.0,09:00-19:00,"TRANSFER,NETBANKING,CARD",Security deposit phishing / escrow hijacking,0.039,97,45265.88,INR,PURCHASE,TRANSFER,MOBILE_APP,0,0,Bengaluru,1.0,0,0,1,DEV-SOWMIYA-ONEPLUS-11,mobile_android,0,BEN-CUST_SOWMIYA_003-TRUSTED,Trusted Household Vendor,4,0,1,13,0,0,0,None,Resolved Genuine,Standard Habitual Purchase,0
TXN-CUST_SOWMIYA_003-10441,2026-07-22 22:56:12,2026-07-22,22:56:12,22,2,0,0,CUST_SOWMIYA_003,55,Bengaluru,Karnataka,High Risk / 26% Fraud Rate,M023,SwiftBox Logistics,Courier / Logistics,Express Parcel & Freight Delivery,Tiruppur,Avinashi Road,Tamil Nadu,641603,11.1085,77.3411,9,4200.0,08:00-21:00,"POS,UPI,CARD,ONLINE",Interception fraud / address redirection,0.02,50,37354.03,INR,PURCHASE,POS,MOBILE_APP,1,0,Bengaluru,14.0,0,0,1,DEV-SOWMIYA-ONEPLUS-11,mobile_android,0,BEN-CUST_SOWMIYA_003-TRUSTED,Trusted Household Vendor,7,1,1,8,0,0,0,None,Resolved Genuine,Standard Habitual Purchase,0
TXN-CUST_SOWMIYA_003-10442,2026-07-23 00:25:08,2026-07-23,00:25:08,0,3,0,1,CUST_SOWMIYA_003,55,Bengaluru,Karnataka,High Risk / 26% Fraud Rate,M009,RapidFuel Station,Fuel Station,"Petrol, Diesel & EV Fast Charge",Salem,Fairlands,Tamil Nadu,636016,11.6643,78.146,9,3100.0,24_HOURS,"POS,FLEET_CARD,UPI",Automated fleet card skimming,0.024,60,9369.53,INR,P2P_TRANSFER,UPI,WEB_PORTAL,0,1,Singapore,3937.0,1,1,0,DEV-ROGUE-EMULATOR-929,unknown_bot,1,BEN-MULE-9503,QuickMule Transfer 48,0,10,26,112,4,2,1,Credential compromise,Pre-auth Block,Automated high-velocity attack from unknown device,1
TXN-CUST_SOWMIYA_003-10443,2026-07-23 01:54:27,2026-07-23,01:54:27,1,3,0,1,CUST_SOWMIYA_003,55,Bengaluru,Karnataka,High Risk / 26% Fraud Rate,M011,SkyTrail Travels,Travel Agency,Flight & International Tour Packages,Coimbatore,Gandhipuram,Tamil Nadu,641012,11.0183,76.9664,11,44000.0,09:00-20:00,"ONLINE,TRANSFER,CARD",Mule-account ticket arbitrage & fast cancellation fraud,0.052,130,24191.68,INR,PURCHASE,CARD,MOBILE_APP,0,0,Bengaluru,3.0,0,0,1,DEV-SOWMIYA-ONEPLUS-11,mobile_android,0,BEN-CUST_SOWMIYA_003-TRUSTED,Trusted Household Vendor,10,0,1,6,0,0,0,None,Resolved Genuine,Standard Habitual Purchase,0
TXN-CUST_SOWMIYA_003-10444,2026-07-23 03:22:46,2026-07-23,03:22:46,3,3,0,1,CUST_SOWMIYA_003,55,Bengaluru,Karnataka,High Risk / 26% Fraud Rate,M024,LinkWave Telecom,Telecom Retail,Fiber Broadband & Postpaid Plans,Erode,Perundurai Road,Tamil Nadu,638011,11.341,77.7172,10,1950.0,09:30-20:30,"UPI,CARD,ONLINE,POS",SIM swap bill recharge surges,0.017,42,19407.53,INR,PURCHASE,CARD,MOBILE_APP,1,0,Bengaluru,4.0,0,0,1,DEV-SOWMIYA-ONEPLUS-11,mobile_android,0,BEN-CUST_SOWMIYA_003-TRUSTED,Trusted Household Vendor,7,0,1,12,0,0,0,None,Resolved Genuine,Standard Habitual Purchase,0
TXN-CUST_SOWMIYA_003-10445,2026-07-23 04:49:55,2026-07-23,04:49:55,4,3,0,1,CUST_SOWMIYA_003,55,Bengaluru,Karnataka,High Risk / 26% Fraud Rate,M012,DashDine Delivery,Food Delivery,Quick Commerce & Meal Delivery,Chennai,Sholinganallur,Tamil Nadu,600119,12.901,80.2279,4,520.0,06:00-02:00,"UPI,CARD,ONLINE,WALLET",Promo code abuse / stolen wallet balances,0.014,35,2191.36,INR,P2P_TRANSFER,CARD,WEB_PORTAL,0,1,Dubai,5112.0,1,1,0,DEV-ROGUE-EMULATOR-834,unknown_bot,1,BEN-MULE-5971,QuickMule Transfer 64,0,11,19,82,2,4,1,Card testing,Pre-auth Block,Automated high-velocity attack from unknown device,1
TXN-CUST_SOWMIYA_003-10446,2026-07-23 06:16:22,2026-07-23,06:16:22,6,3,0,0,CUST_SOWMIYA_003,55,Bengaluru,Karnataka,High Risk / 26% Fraud Rate,M023,SwiftBox Logistics,Courier / Logistics,Express Parcel & Freight Delivery,Tiruppur,Avinashi Road,Tamil Nadu,641603,11.1085,77.3411,9,4200.0,08:00-21:00,"POS,UPI,CARD,ONLINE",Interception fraud / address redirection,0.02,50,36118.89,INR,PURCHASE,ONLINE,MOBILE_APP,1,0,Bengaluru,15.0,0,0,1,DEV-SOWMIYA-ONEPLUS-11,mobile_android,0,BEN-CUST_SOWMIYA_003-TRUSTED,Trusted Household Vendor,11,0,3,19,0,0,0,None,Resolved Genuine,Standard Habitual Purchase,0
TXN-CUST_SOWMIYA_003-10447,2026-07-23 07:45:35,2026-07-23,07:45:35,7,3,0,0,CUST_SOWMIYA_003,55,Bengaluru,Karnataka,High Risk / 26% Fraud Rate,M008,BeanCircuit Cafe,Cafe,Specialty Coffee & Bakery,Bengaluru,Indiranagar,Karnataka,560038,12.9784,77.6408,3,650.0,07:30-23:00,"UPI,POS,CARD",QR code spoofing / fast velocity dining,0.009,22,39977.3,INR,PURCHASE,POS,MOBILE_APP,1,0,Bengaluru,3.0,0,0,1,DEV-SOWMIYA-ONEPLUS-11,mobile_android,0,BEN-CUST_SOWMIYA_003-TRUSTED,Trusted Household Vendor,11,0,4,19,0,0,0,None,Resolved Genuine,Standard Habitual Purchase,0
TXN-CUST_SOWMIYA_003-10448,2026-07-23 09:10:33,2026-07-23,09:10:33,9,3,0,0,CUST_SOWMIYA_003,55,Bengaluru,Karnataka,High Risk / 26% Fraud Rate,M003,Pulse Mobile Hub,Mobile Store,Smartphones & Accessories,Chennai,Tambaram,Tamil Nadu,600045,12.9249,80.1278,4,18500.0,09:30-21:30,"POS,UPI,CARD",New device abuse / rapid checkout surge,0.035,87,45293.33,INR,PURCHASE,POS,MOBILE_APP,1,0,Bengaluru,4.0,0,0,1,DEV-SOWMIYA-ONEPLUS-11,mobile_android,0,BEN-CUST_SOWMIYA_003-TRUSTED,Trusted Household Vendor,15,0,2,17,0,0,0,None,Resolved Genuine,Standard Habitual Purchase,0
TXN-CUST_SOWMIYA_003-10449,2026-07-23 10:39:27,2026-07-23,10:39:27,10,3,0,0,CUST_SOWMIYA_003,55,Bengaluru,Karnataka,High Risk / 26% Fraud Rate,M013,CartNest Online,E-commerce,Multi-category Marketplace,Chennai,Guindy,Tamil Nadu,600032,13.0067,80.2026,5,6200.0,24_HOURS,"ONLINE,UPI,CARD,NETBANKING",Account takeover + triangulation shipping fraud,0.045,112,26458.89,INR,PURCHASE,ONLINE,MOBILE_APP,0,0,Bengaluru,1.0,0,0,1,DEV-SOWMIYA-ONEPLUS-11,mobile_android,0,BEN-CUST_SOWMIYA_003-TRUSTED,Trusted Household Vendor,8,0,3,21,0,0,0,None,Resolved Genuine,Standard Habitual Purchase,0
TXN-CUST_SOWMIYA_003-10450,2026-07-23 12:08:05,2026-07-23,12:08:05,12,3,0,0,CUST_SOWMIYA_003,55,Bengaluru,Karnataka,High Risk / 26% Fraud Rate,M027,BrickHarbor Realty,Real Estate / Property Services,Rental Escrow & Facility Management,Chennai,Porur,Tamil Nadu,600116,13.035,80.16,11,65000.0,09:00-19:00,"TRANSFER,NETBANKING,CARD",Security deposit phishing / escrow hijacking,0.039,97,22324.51,INR,PURCHASE,TRANSFER,MOBILE_APP,0,0,Bengaluru,10.0,0,0,1,DEV-SOWMIYA-ONEPLUS-11,mobile_android,0,BEN-CUST_SOWMIYA_003-TRUSTED,Trusted Household Vendor,9,1,1,11,0,0,0,None,Resolved Genuine,Standard Habitual Purchase,0
TXN-CUST_SOWMIYA_003-10451,2026-07-23 13:31:38,2026-07-23,13:31:38,13,3,0,0,CUST_SOWMIYA_003,55,Bengaluru,Karnataka,High Risk / 26% Fraud Rate,M023,SwiftBox Logistics,Courier / Logistics,Express Parcel & Freight Delivery,Tiruppur,Avinashi Road,Tamil Nadu,641603,11.1085,77.3411,9,4200.0,08:00-21:00,"POS,UPI,CARD,ONLINE",Interception fraud / address redirection,0.02,50,20229.28,INR,P2P_TRANSFER,CARD,WEB_PORTAL,0,1,Singapore,4420.0,1,1,0,DEV-ROGUE-EMULATOR-479,unknown_bot,1,BEN-MULE-5849,QuickMule Transfer 94,0,8,24,103,3,4,1,Card testing,Pre-auth Block,Automated high-velocity attack from unknown device,1
TXN-CUST_SOWMIYA_003-10452,2026-07-23 14:57:57,2026-07-23,14:57:57,14,3,0,0,CUST_SOWMIYA_003,55,Bengaluru,Karnataka,High Risk / 26% Fraud Rate,M028,CraftCove Home Decor,Home Decor,Handicrafts & Art Pieces,Thanjavur,Medical College Road,Tamil Nadu,613004,10.7684,79.1245,8,7400.0,09:30-20:30,"POS,UPI,CARD,ONLINE",Cross-border tourist chargebacks,0.023,57,28697.49,INR,P2P_TRANSFER,CARD,WEB_PORTAL,0,1,Singapore,2283.0,1,1,0,DEV-ROGUE-EMULATOR-343,unknown_bot,1,BEN-MULE-3472,QuickMule Transfer 56,0,11,34,140,2,4,1,Card testing,Pre-auth Block,Automated high-velocity attack from unknown device,1
TXN-CUST_SOWMIYA_003-10453,2026-07-23 16:24:58,2026-07-23,16:24:58,16,3,0,0,CUST_SOWMIYA_003,55,Bengaluru,Karnataka,High Risk / 26% Fraud Rate,M028,CraftCove Home Decor,Home Decor,Handicrafts & Art Pieces,Thanjavur,Medical College Road,Tamil Nadu,613004,10.7684,79.1245,8,7400.0,09:30-20:30,"POS,UPI,CARD,ONLINE",Cross-border tourist chargebacks,0.023,57,33576.89,INR,PURCHASE,POS,MOBILE_APP,1,0,Bengaluru,6.0,0,0,1,DEV-SOWMIYA-ONEPLUS-11,mobile_android,0,BEN-CUST_SOWMIYA_003-TRUSTED,Trusted Household Vendor,9,1,2,10,0,0,0,None,Resolved Genuine,Standard Habitual Purchase,0
TXN-CUST_SOWMIYA_003-10454,2026-07-23 17:48:40,2026-07-23,17:48:40,17,3,0,0,CUST_SOWMIYA_003,55,Bengaluru,Karnataka,High Risk / 26% Fraud Rate,M003,Pulse Mobile Hub,Mobile Store,Smartphones & Accessories,Chennai,Tambaram,Tamil Nadu,600045,12.9249,80.1278,4,18500.0,09:30-21:30,"POS,UPI,CARD",New device abuse / rapid checkout surge,0.035,87,75262.12,INR,P2P_TRANSFER,CARD,WEB_PORTAL,0,1,Dubai,1881.0,1,1,0,DEV-ROGUE-EMULATOR-867,unknown_bot,1,BEN-MULE-8531,QuickMule Transfer 34,0,9,25,106,2,4,1,Account takeover,Pre-auth Block,Automated high-velocity attack from unknown device,1
TXN-CUST_SOWMIYA_003-10455,2026-07-23 19:16:47,2026-07-23,19:16:47,19,3,0,0,CUST_SOWMIYA_003,55,Bengaluru,Karnataka,High Risk / 26% Fraud Rate,M025,ShieldSure Services,Insurance Services,General & Health Insurance Premium,Chennai,Egmore,Tamil Nadu,600008,13.0784,80.2607,13,14000.0,09:30-18:00,"ONLINE,NETBANKING,CARD",Premium diversion / fake policy payment slips,0.019,47,36946.89,INR,PURCHASE,ONLINE,MOBILE_APP,0,0,Bengaluru,11.0,0,0,1,DEV-SOWMIYA-ONEPLUS-11,mobile_android,0,BEN-CUST_SOWMIYA_003-TRUSTED,Trusted Household Vendor,4,0,2,10,0,0,0,None,Resolved Genuine,Standard Habitual Purchase,0
TXN-CUST_SOWMIYA_003-10456,2026-07-23 20:40:28,2026-07-23,20:40:28,20,3,0,0,CUST_SOWMIYA_003,55,Bengaluru,Karnataka,High Risk / 26% Fraud Rate,M024,LinkWave Telecom,Telecom Retail,Fiber Broadband & Postpaid Plans,Erode,Perundurai Road,Tamil Nadu,638011,11.341,77.7172,10,1950.0,09:30-20:30,"UPI,CARD,ONLINE,POS",SIM swap bill recharge surges,0.017,42,7867.11,INR,P2P_TRANSFER,CARD,WEB_PORTAL,0,0,Unknown Proxy,3681.0,1,1,0,DEV-ROGUE-EMULATOR-297,unknown_bot,1,BEN-MULE-7633,QuickMule Transfer 71,0,10,30,125,6,1,0,Card testing,Pre-auth Block,Automated high-velocity attack from unknown device,1
TXN-CUST_SOWMIYA_003-10457,2026-07-23 22:07:55,2026-07-23,22:07:55,22,3,0,0,CUST_SOWMIYA_003,55,Bengaluru,Karnataka,High Risk / 26% Fraud Rate,M007,SpiceRoute Kitchen,Restaurant,Fine Dining & Chettinad,Chennai,Adyar,Tamil Nadu,600020,13.0012,80.2565,7,2200.0,11:30-23:30,"POS,UPI,CARD",Cloned card POS terminal replay,0.018,45,5217.99,INR,P2P_TRANSFER,UPI,WEB_PORTAL,0,1,Singapore,2222.0,1,1,0,DEV-ROGUE-EMULATOR-781,unknown_bot,1,BEN-MULE-7761,QuickMule Transfer 56,0,11,33,140,5,2,0,Account takeover,Pre-auth Block,Automated high-velocity attack from unknown device,1
TXN-CUST_SOWMIYA_003-10458,2026-07-23 23:31:44,2026-07-23,23:31:44,23,3,0,1,CUST_SOWMIYA_003,55,Bengaluru,Karnataka,High Risk / 26% Fraud Rate,M005,UrbanThread Studio,Fashion / Apparel,Designer & Ready-to-wear,Chennai,Anna Nagar,Tamil Nadu,600040,13.085,80.2101,5,4800.0,10:30-22:00,"POS,ONLINE,UPI,CARD",Refund abuse / credential stuffing,0.022,55,15724.43,INR,PURCHASE,POS,MOBILE_APP,1,0,Bengaluru,2.0,0,0,1,DEV-SOWMIYA-ONEPLUS-11,mobile_android,0,BEN-CUST_SOWMIYA_003-TRUSTED,Trusted Household Vendor,5,0,2,16,0,0,0,None,Resolved Genuine,Standard Habitual Purchase,0
TXN-CUST_SOWMIYA_003-10459,2026-07-24 00:56:25,2026-07-24,00:56:25,0,4,0,1,CUST_SOWMIYA_003,55,Bengaluru,Karnataka,High Risk / 26% Fraud Rate,M003,Pulse Mobile Hub,Mobile Store,Smartphones & Accessories,Chennai,Tambaram,Tamil Nadu,600045,12.9249,80.1278,4,18500.0,09:30-21:30,"POS,UPI,CARD",New device abuse / rapid checkout surge,0.035,87,29398.41,INR,PURCHASE,UPI,MOBILE_APP,1,0,Bengaluru,7.0,0,0,1,DEV-SOWMIYA-ONEPLUS-11,mobile_android,0,BEN-CUST_SOWMIYA_003-TRUSTED,Trusted Household Vendor,10,0,1,7,0,0,0,None,Resolved Genuine,Standard Habitual Purchase,0
TXN-CUST_SOWMIYA_003-10460,2026-07-24 02:23:38,2026-07-24,02:23:38,2,4,0,1,CUST_SOWMIYA_003,55,Bengaluru,Karnataka,High Risk / 26% Fraud Rate,M021,GlowCraft Salon,Salon / Beauty,Spa & Grooming Studio,Chennai,Porur,Tamil Nadu,600116,13.0382,80.1565,5,2800.0,09:00-21:00,"POS,UPI,CARD",Unusual late-night transaction spikes,0.011,27,44736.36,INR,PURCHASE,UPI,MOBILE_APP,1,0,Bengaluru,4.0,0,0,1,DEV-SOWMIYA-ONEPLUS-11,mobile_android,0,BEN-CUST_SOWMIYA_003-TRUSTED,Trusted Household Vendor,6,0,2,14,0,0,0,None,Resolved Genuine,Standard Habitual Purchase,0
TXN-CUST_SOWMIYA_003-10461,2026-07-24 03:51:38,2026-07-24,03:51:38,3,4,0,1,CUST_SOWMIYA_003,55,Bengaluru,Karnataka,High Risk / 26% Fraud Rate,M023,SwiftBox Logistics,Courier / Logistics,Express Parcel & Freight Delivery,Tiruppur,Avinashi Road,Tamil Nadu,641603,11.1085,77.3411,9,4200.0,08:00-21:00,"POS,UPI,CARD,ONLINE",Interception fraud / address redirection,0.02,50,32870.47,INR,PURCHASE,POS,MOBILE_APP,1,0,Bengaluru,10.0,0,0,1,DEV-SOWMIYA-ONEPLUS-11,mobile_android,0,BEN-CUST_SOWMIYA_003-TRUSTED,Trusted Household Vendor,8,0,2,16,0,0,0,None,Resolved Genuine,Standard Habitual Purchase,0
TXN-CUST_SOWMIYA_003-10462,2026-07-24 05:20:07,2026-07-24,05:20:07,5,4,0,1,CUST_SOWMIYA_003,55,Bengaluru,Karnataka,High Risk / 26% Fraud Rate,M014,OakLine Furnishings,Furniture,Teak Wood & Modern Home Decor,Madurai,Bypass Road,Tamil Nadu,625016,9.932,78.109,12,38000.0,10:00-21:00,"POS,CARD,TRANSFER,EMI",Invoice redirection fraud / fake payment slips,0.029,72,20767.89,INR,PURCHASE,POS,MOBILE_APP,1,0,Bengaluru,14.0,0,0,1,DEV-SOWMIYA-ONEPLUS-11,mobile_android,0,BEN-CUST_SOWMIYA_003-TRUSTED,Trusted Household Vendor,15,0,2,13,0,0,0,None,Resolved Genuine,Standard Habitual Purchase,0
TXN-CUST_SOWMIYA_003-10463,2026-07-24 06:47:28,2026-07-24,06:47:28,6,4,0,0,CUST_SOWMIYA_003,55,Bengaluru,Karnataka,High Risk / 26% Fraud Rate,M011,SkyTrail Travels,Travel Agency,Flight & International Tour Packages,Coimbatore,Gandhipuram,Tamil Nadu,641012,11.0183,76.9664,11,44000.0,09:00-20:00,"ONLINE,TRANSFER,CARD",Mule-account ticket arbitrage & fast cancellation fraud,0.052,130,193930.14,INR,P2P_TRANSFER,CARD,WEB_PORTAL,0,1,Lagos,4495.0,1,1,0,DEV-ROGUE-EMULATOR-646,unknown_bot,1,BEN-MULE-4938,QuickMule Transfer 69,0,11,15,66,3,4,0,Card testing,Pre-auth Block,Automated high-velocity attack from unknown device,1
TXN-CUST_SOWMIYA_003-10464,2026-07-24 08:14:30,2026-07-24,08:14:30,8,4,0,0,CUST_SOWMIYA_003,55,Bengaluru,Karnataka,High Risk / 26% Fraud Rate,M020,GameGrid Arena,Gaming,"Esports, Consoles & Virtual Credits",Bengaluru,Koramangala,Karnataka,560095,12.9352,77.6245,4,3400.0,10:00-01:00,"ONLINE,UPI,CARD,WALLET",Virtual item laundering & bot-driven micro transactions,0.055,137,15530.68,INR,P2P_TRANSFER,UPI,WEB_PORTAL,0,1,Lagos,3764.0,1,1,0,DEV-ROGUE-EMULATOR-269,unknown_bot,1,BEN-MULE-9523,QuickMule Transfer 45,0,6,31,132,5,3,1,Credential compromise,Pre-auth Block,Automated high-velocity attack from unknown device,1
TXN-CUST_SOWMIYA_003-10465,2026-07-24 09:42:30,2026-07-24,09:42:30,9,4,0,0,CUST_SOWMIYA_003,55,Bengaluru,Karnataka,High Risk / 26% Fraud Rate,M024,LinkWave Telecom,Telecom Retail,Fiber Broadband & Postpaid Plans,Erode,Perundurai Road,Tamil Nadu,638011,11.341,77.7172,10,1950.0,09:30-20:30,"UPI,CARD,ONLINE,POS",SIM swap bill recharge surges,0.017,42,7059.83,INR,P2P_TRANSFER,UPI,WEB_PORTAL,0,1,Dubai,1809.0,1,1,0,DEV-ROGUE-EMULATOR-993,unknown_bot,1,BEN-MULE-1398,QuickMule Transfer 87,0,8,19,83,3,1,1,Mule-account behavior,Pre-auth Block,Automated high-velocity attack from unknown device,1
TXN-CUST_SOWMIYA_003-10466,2026-07-24 11:09:16,2026-07-24,11:09:16,11,4,0,0,CUST_SOWMIYA_003,55,Bengaluru,Karnataka,High Risk / 26% Fraud Rate,M016,MotoCare Garage,Auto Service,Car Service & Detailing Hub,Chennai,Pallikaranai,Tamil Nadu,600100,12.9372,80.2014,7,8900.0,08:30-20:30,"POS,UPI,CARD",Over-invoicing / synthetic card payments,0.021,52,14312.91,INR,PURCHASE,CARD,MOBILE_APP,1,0,Bengaluru,6.0,0,0,1,DEV-SOWMIYA-ONEPLUS-11,mobile_android,0,BEN-CUST_SOWMIYA_003-TRUSTED,Trusted Household Vendor,12,0,3,14,0,0,0,None,Resolved Genuine,Standard Habitual Purchase,0
TXN-CUST_SOWMIYA_003-10467,2026-07-24 12:37:18,2026-07-24,12:37:18,12,4,0,0,CUST_SOWMIYA_003,55,Bengaluru,Karnataka,High Risk / 26% Fraud Rate,M013,CartNest Online,E-commerce,Multi-category Marketplace,Chennai,Guindy,Tamil Nadu,600032,13.0067,80.2026,5,6200.0,24_HOURS,"ONLINE,UPI,CARD,NETBANKING",Account takeover + triangulation shipping fraud,0.045,112,35292.13,INR,PURCHASE,ONLINE,MOBILE_APP,0,0,Bengaluru,3.0,0,0,1,DEV-SOWMIYA-ONEPLUS-11,mobile_android,0,BEN-CUST_SOWMIYA_003-TRUSTED,Trusted Household Vendor,12,0,4,20,0,0,0,None,Resolved Genuine,Standard Habitual Purchase,0
TXN-CUST_SOWMIYA_003-10468,2026-07-24 14:06:14,2026-07-24,14:06:14,14,4,0,0,CUST_SOWMIYA_003,55,Bengaluru,Karnataka,High Risk / 26% Fraud Rate,M019,ArenaSport World,Sports Retail,Fitness Equipment & Sports Wear,Chennai,Nungambakkam,Tamil Nadu,600034,13.0604,80.2405,6,5600.0,10:00-21:30,"POS,ONLINE,UPI,CARD",Stolen card chargeback on premium sports gear,0.026,65,14750.54,INR,PURCHASE,ONLINE,MOBILE_APP,1,0,Bengaluru,3.0,0,0,1,DEV-SOWMIYA-ONEPLUS-11,mobile_android,0,BEN-CUST_SOWMIYA_003-TRUSTED,Trusted Household Vendor,9,1,3,21,0,0,0,None,Resolved Genuine,Standard Habitual Purchase,0
TXN-CUST_SOWMIYA_003-10469,2026-07-24 15:30:38,2026-07-24,15:30:38,15,4,0,0,CUST_SOWMIYA_003,55,Bengaluru,Karnataka,High Risk / 26% Fraud Rate,M014,OakLine Furnishings,Furniture,Teak Wood & Modern Home Decor,Madurai,Bypass Road,Tamil Nadu,625016,9.932,78.109,12,38000.0,10:00-21:00,"POS,CARD,TRANSFER,EMI",Invoice redirection fraud / fake payment slips,0.029,72,17507.35,INR,PURCHASE,POS,MOBILE_APP,1,0,Bengaluru,12.0,0,0,1,DEV-SOWMIYA-ONEPLUS-11,mobile_android,0,BEN-CUST_SOWMIYA_003-TRUSTED,Trusted Household Vendor,14,0,4,21,0,0,0,None,Resolved Genuine,Standard Habitual Purchase,0
TXN-CUST_SOWMIYA_003-10470,2026-07-24 16:54:55,2026-07-24,16:54:55,16,4,0,0,CUST_SOWMIYA_003,55,Bengaluru,Karnataka,High Risk / 26% Fraud Rate,M011,SkyTrail Travels,Travel Agency,Flight & International Tour Packages,Coimbatore,Gandhipuram,Tamil Nadu,641012,11.0183,76.9664,11,44000.0,09:00-20:00,"ONLINE,TRANSFER,CARD",Mule-account ticket arbitrage & fast cancellation fraud,0.052,130,28798.22,INR,PURCHASE,CARD,MOBILE_APP,0,0,Bengaluru,2.0,0,0,1,DEV-SOWMIYA-ONEPLUS-11,mobile_android,0,BEN-CUST_SOWMIYA_003-TRUSTED,Trusted Household Vendor,5,0,1,11,0,0,0,None,Resolved Genuine,Standard Habitual Purchase,0
TXN-CUST_SOWMIYA_003-10471,2026-07-24 18:20:23,2026-07-24,18:20:23,18,4,0,0,CUST_SOWMIYA_003,55,Bengaluru,Karnataka,High Risk / 26% Fraud Rate,M020,GameGrid Arena,Gaming,"Esports, Consoles & Virtual Credits",Bengaluru,Koramangala,Karnataka,560095,12.9352,77.6245,4,3400.0,10:00-01:00,"ONLINE,UPI,CARD,WALLET",Virtual item laundering & bot-driven micro transactions,0.055,137,31558.75,INR,PURCHASE,WALLET,MOBILE_APP,0,0,Bengaluru,8.0,0,0,1,DEV-SOWMIYA-ONEPLUS-11,mobile_android,0,BEN-CUST_SOWMIYA_003-TRUSTED,Trusted Household Vendor,14,0,2,13,0,0,0,None,Resolved Genuine,Standard Habitual Purchase,0
TXN-CUST_SOWMIYA_003-10472,2026-07-24 19:47:23,2026-07-24,19:47:23,19,4,0,0,CUST_SOWMIYA_003,55,Bengaluru,Karnataka,High Risk / 26% Fraud Rate,M012,DashDine Delivery,Food Delivery,Quick Commerce & Meal Delivery,Chennai,Sholinganallur,Tamil Nadu,600119,12.901,80.2279,4,520.0,06:00-02:00,"UPI,CARD,ONLINE,WALLET",Promo code abuse / stolen wallet balances,0.014,35,44804.71,INR,PURCHASE,CARD,MOBILE_APP,0,0,Bengaluru,14.0,0,0,1,DEV-SOWMIYA-ONEPLUS-11,mobile_android,0,BEN-CUST_SOWMIYA_003-TRUSTED,Trusted Household Vendor,4,0,3,18,0,0,0,None,Resolved Genuine,Standard Habitual Purchase,0
TXN-CUST_SOWMIYA_003-10473,2026-07-24 21:15:06,2026-07-24,21:15:06,21,4,0,0,CUST_SOWMIYA_003,55,Bengaluru,Karnataka,High Risk / 26% Fraud Rate,M009,RapidFuel Station,Fuel Station,"Petrol, Diesel & EV Fast Charge",Salem,Fairlands,Tamil Nadu,636016,11.6643,78.146,9,3100.0,24_HOURS,"POS,FLEET_CARD,UPI",Automated fleet card skimming,0.024,60,7457.9,INR,P2P_TRANSFER,UPI,WEB_PORTAL,0,1,Lagos,4407.0,1,1,0,DEV-ROGUE-EMULATOR-590,unknown_bot,1,BEN-MULE-6818,QuickMule Transfer 60,0,11,12,57,3,4,1,Account takeover,Pre-auth Block,Automated high-velocity attack from unknown device,1
TXN-CUST_SOWMIYA_003-10474,2026-07-24 22:43:41,2026-07-24,22:43:41,22,4,0,0,CUST_SOWMIYA_003,55,Bengaluru,Karnataka,High Risk / 26% Fraud Rate,M004,Aurelia Gold House,Jewellery,Gold & Diamond Jewellery,Coimbatore,RS Puram,Tamil Nadu,641002,11.0089,76.9514,14,78000.0,10:00-20:30,"POS,CARD,TRANSFER",Account takeover / card-not-present luxury surge,0.065,162,14936.62,INR,PURCHASE,POS,MOBILE_APP,1,0,Bengaluru,6.0,0,0,1,DEV-SOWMIYA-ONEPLUS-11,mobile_android,0,BEN-CUST_SOWMIYA_003-TRUSTED,Trusted Household Vendor,14,0,3,17,0,0,0,None,Resolved Genuine,Standard Habitual Purchase,0
TXN-CUST_SOWMIYA_003-10475,2026-07-25 00:08:20,2026-07-25,00:08:20,0,5,1,1,CUST_SOWMIYA_003,55,Bengaluru,Karnataka,High Risk / 26% Fraud Rate,M026,GreenLeaf Wellness,Health & Wellness,Organic Nutrition & Ayurveda,Trichy,Srirangam,Tamil Nadu,620006,10.8624,78.6947,6,2100.0,08:00-21:00,"POS,UPI,ONLINE,CARD",Subscription card stuffing,0.013,32,11892.95,INR,PURCHASE,UPI,MOBILE_APP,1,0,Bengaluru,1.0,0,0,1,DEV-SOWMIYA-ONEPLUS-11,mobile_android,0,BEN-CUST_SOWMIYA_003-TRUSTED,Trusted Household Vendor,3,0,2,12,0,0,0,None,Resolved Genuine,Standard Habitual Purchase,0
TXN-CUST_SOWMIYA_003-10476,2026-07-25 01:35:30,2026-07-25,01:35:30,1,5,1,1,CUST_SOWMIYA_003,55,Bengaluru,Karnataka,High Risk / 26% Fraud Rate,M021,GlowCraft Salon,Salon / Beauty,Spa & Grooming Studio,Chennai,Porur,Tamil Nadu,600116,13.0382,80.1565,5,2800.0,09:00-21:00,"POS,UPI,CARD",Unusual late-night transaction spikes,0.011,27,30504.79,INR,PURCHASE,POS,MOBILE_APP,1,0,Bengaluru,9.0,0,0,1,DEV-SOWMIYA-ONEPLUS-11,mobile_android,0,BEN-CUST_SOWMIYA_003-TRUSTED,Trusted Household Vendor,15,0,2,10,0,0,0,None,Resolved Genuine,Standard Habitual Purchase,0
TXN-CUST_SOWMIYA_003-10477,2026-07-25 03:04:14,2026-07-25,03:04:14,3,5,1,1,CUST_SOWMIYA_003,55,Bengaluru,Karnataka,High Risk / 26% Fraud Rate,M022,SkillSpring Academy,Education / Training,Professional Certifications & Tech Bootcamps,Chennai,Mylapore,Tamil Nadu,600004,13.0368,80.2676,8,22000.0,08:30-19:30,"ONLINE,NETBANKING,CARD,UPI",Stolen corporate card enrollments,0.028,70,35891.19,INR,PURCHASE,UPI,MOBILE_APP,0,0,Bengaluru,9.0,0,0,1,DEV-SOWMIYA-ONEPLUS-11,mobile_android,0,BEN-CUST_SOWMIYA_003-TRUSTED,Trusted Household Vendor,13,0,2,13,0,0,0,None,Resolved Genuine,Standard Habitual Purchase,0
TXN-CUST_SOWMIYA_003-10478,2026-07-25 04:31:56,2026-07-25,04:31:56,4,5,1,1,CUST_SOWMIYA_003,55,Bengaluru,Karnataka,High Risk / 26% Fraud Rate,M012,DashDine Delivery,Food Delivery,Quick Commerce & Meal Delivery,Chennai,Sholinganallur,Tamil Nadu,600119,12.901,80.2279,4,520.0,06:00-02:00,"UPI,CARD,ONLINE,WALLET",Promo code abuse / stolen wallet balances,0.014,35,37477.39,INR,PURCHASE,UPI,MOBILE_APP,0,0,Bengaluru,5.0,0,0,1,DEV-SOWMIYA-ONEPLUS-11,mobile_android,0,BEN-CUST_SOWMIYA_003-TRUSTED,Trusted Household Vendor,5,0,2,17,0,0,0,None,Resolved Genuine,Standard Habitual Purchase,0
TXN-CUST_SOWMIYA_003-10479,2026-07-25 05:56:08,2026-07-25,05:56:08,5,5,1,1,CUST_SOWMIYA_003,55,Bengaluru,Karnataka,High Risk / 26% Fraud Rate,M003,Pulse Mobile Hub,Mobile Store,Smartphones & Accessories,Chennai,Tambaram,Tamil Nadu,600045,12.9249,80.1278,4,18500.0,09:30-21:30,"POS,UPI,CARD",New device abuse / rapid checkout surge,0.035,87,32507.65,INR,PURCHASE,CARD,MOBILE_APP,1,0,Bengaluru,14.0,0,0,1,DEV-SOWMIYA-ONEPLUS-11,mobile_android,0,BEN-CUST_SOWMIYA_003-TRUSTED,Trusted Household Vendor,5,1,3,21,0,0,0,None,Resolved Genuine,Standard Habitual Purchase,0
TXN-CUST_SOWMIYA_003-10480,2026-07-25 07:21:03,2026-07-25,07:21:03,7,5,1,0,CUST_SOWMIYA_003,55,Bengaluru,Karnataka,High Risk / 26% Fraud Rate,M022,SkillSpring Academy,Education / Training,Professional Certifications & Tech Bootcamps,Chennai,Mylapore,Tamil Nadu,600004,13.0368,80.2676,8,22000.0,08:30-19:30,"ONLINE,NETBANKING,CARD,UPI",Stolen corporate card enrollments,0.028,70,75310.18,INR,P2P_TRANSFER,CARD,WEB_PORTAL,0,1,Lagos,5214.0,1,1,0,DEV-ROGUE-EMULATOR-833,unknown_bot,1,BEN-MULE-6361,QuickMule Transfer 55,0,10,18,75,5,3,1,Account takeover,Pre-auth Block,Automated high-velocity attack from unknown device,1
TXN-CUST_SOWMIYA_003-10481,2026-07-25 08:48:33,2026-07-25,08:48:33,8,5,1,0,CUST_SOWMIYA_003,55,Bengaluru,Karnataka,High Risk / 26% Fraud Rate,M001,NovaMart Fresh,Grocery & Supermarket,Supermarket / Hypermarket,Chennai,T Nagar,Tamil Nadu,600017,13.0418,80.2341,8,1250.0,07:00-22:30,"POS,UPI,CARD,ONLINE",Card testing / micro-burst velocity,0.012,30,12026.56,INR,PURCHASE,POS,MOBILE_APP,1,0,Bengaluru,6.0,0,0,1,DEV-SOWMIYA-ONEPLUS-11,mobile_android,0,BEN-CUST_SOWMIYA_003-TRUSTED,Trusted Household Vendor,11,0,1,10,0,0,0,None,Resolved Genuine,Standard Habitual Purchase,0
TXN-CUST_SOWMIYA_003-10482,2026-07-25 10:16:05,2026-07-25,10:16:05,10,5,1,0,CUST_SOWMIYA_003,55,Bengaluru,Karnataka,High Risk / 26% Fraud Rate,M025,ShieldSure Services,Insurance Services,General & Health Insurance Premium,Chennai,Egmore,Tamil Nadu,600008,13.0784,80.2607,13,14000.0,09:30-18:00,"ONLINE,NETBANKING,CARD",Premium diversion / fake policy payment slips,0.019,47,20152.9,INR,PURCHASE,CARD,MOBILE_APP,0,0,Bengaluru,3.0,0,0,1,DEV-SOWMIYA-ONEPLUS-11,mobile_android,0,BEN-CUST_SOWMIYA_003-TRUSTED,Trusted Household Vendor,6,1,2,10,0,0,0,None,Resolved Genuine,Standard Habitual Purchase,0
TXN-CUST_SOWMIYA_003-10483,2026-07-25 11:39:34,2026-07-25,11:39:34,11,5,1,0,CUST_SOWMIYA_003,55,Bengaluru,Karnataka,High Risk / 26% Fraud Rate,M014,OakLine Furnishings,Furniture,Teak Wood & Modern Home Decor,Madurai,Bypass Road,Tamil Nadu,625016,9.932,78.109,12,38000.0,10:00-21:00,"POS,CARD,TRANSFER,EMI",Invoice redirection fraud / fake payment slips,0.029,72,11767.15,INR,PURCHASE,POS,MOBILE_APP,1,0,Bengaluru,8.0,0,0,1,DEV-SOWMIYA-ONEPLUS-11,mobile_android,0,BEN-CUST_SOWMIYA_003-TRUSTED,Trusted Household Vendor,8,1,2,12,0,0,0,None,Resolved Genuine,Standard Habitual Purchase,0
TXN-CUST_SOWMIYA_003-10484,2026-07-25 13:07:26,2026-07-25,13:07:26,13,5,1,0,CUST_SOWMIYA_003,55,Bengaluru,Karnataka,High Risk / 26% Fraud Rate,M017,AutoForge Parts,Spare Parts,OEM Industrial & Auto Components,Hosur,Mookandapalli,Tamil Nadu,635126,12.7409,77.8253,15,16500.0,09:00-19:30,"TRANSFER,POS,CARD",Business email compromise / fake beneficiary update,0.033,82,19297.25,INR,PURCHASE,TRANSFER,MOBILE_APP,1,0,Bengaluru,12.0,0,0,1,DEV-SOWMIYA-ONEPLUS-11,mobile_android,0,BEN-CUST_SOWMIYA_003-TRUSTED,Trusted Household Vendor,13,0,3,18,0,0,0,None,Resolved Genuine,Standard Habitual Purchase,0
TXN-CUST_SOWMIYA_003-10485,2026-07-25 14:32:02,2026-07-25,14:32:02,14,5,1,0,CUST_SOWMIYA_003,55,Bengaluru,Karnataka,High Risk / 26% Fraud Rate,M015,HomeSphere Appliances,Home Appliances,"Refrigerators, ACs & Kitchen Tech",Coimbatore,Saibaba Colony,Tamil Nadu,641011,11.0315,76.945,9,27500.0,09:30-21:00,"POS,EMI,CARD,UPI",Carding attacks with immediate in-store pickup,0.038,95,22716.58,INR,PURCHASE,EMI,MOBILE_APP,1,0,Bengaluru,4.0,0,0,1,DEV-SOWMIYA-ONEPLUS-11,mobile_android,0,BEN-CUST_SOWMIYA_003-TRUSTED,Trusted Household Vendor,15,0,4,26,0,0,0,None,Resolved Genuine,Standard Habitual Purchase,0
TXN-CUST_SOWMIYA_003-10486,2026-07-25 15:55:36,2026-07-25,15:55:36,15,5,1,0,CUST_SOWMIYA_003,55,Bengaluru,Karnataka,High Risk / 26% Fraud Rate,M020,GameGrid Arena,Gaming,"Esports, Consoles & Virtual Credits",Bengaluru,Koramangala,Karnataka,560095,12.9352,77.6245,4,3400.0,10:00-01:00,"ONLINE,UPI,CARD,WALLET",Virtual item laundering & bot-driven micro transactions,0.055,137,15225.52,INR,PURCHASE,WALLET,MOBILE_APP,0,0,Bengaluru,7.0,0,0,1,DEV-SOWMIYA-ONEPLUS-11,mobile_android,0,BEN-CUST_SOWMIYA_003-TRUSTED,Trusted Household Vendor,4,0,2,16,0,0,0,None,Resolved Genuine,Standard Habitual Purchase,0
TXN-CUST_SOWMIYA_003-10487,2026-07-25 17:22:41,2026-07-25,17:22:41,17,5,1,0,CUST_SOWMIYA_003,55,Bengaluru,Karnataka,High Risk / 26% Fraud Rate,M027,BrickHarbor Realty,Real Estate / Property Services,Rental Escrow & Facility Management,Chennai,Porur,Tamil Nadu,600116,13.035,80.16,11,65000.0,09:00-19:00,"TRANSFER,NETBANKING,CARD",Security deposit phishing / escrow hijacking,0.039,97,30488.79,INR,PURCHASE,TRANSFER,MOBILE_APP,0,0,Bengaluru,12.0,0,0,1,DEV-SOWMIYA-ONEPLUS-11,mobile_android,0,BEN-CUST_SOWMIYA_003-TRUSTED,Trusted Household Vendor,6,0,1,6,0,0,0,None,Resolved Genuine,Standard Habitual Purchase,0
TXN-CUST_SOWMIYA_003-10488,2026-07-25 18:47:36,2026-07-25,18:47:36,18,5,1,0,CUST_SOWMIYA_003,55,Bengaluru,Karnataka,High Risk / 26% Fraud Rate,M009,RapidFuel Station,Fuel Station,"Petrol, Diesel & EV Fast Charge",Salem,Fairlands,Tamil Nadu,636016,11.6643,78.146,9,3100.0,24_HOURS,"POS,FLEET_CARD,UPI",Automated fleet card skimming,0.024,60,42517.95,INR,PURCHASE,FLEET_CARD,MOBILE_APP,1,0,Bengaluru,2.0,0,0,1,DEV-SOWMIYA-ONEPLUS-11,mobile_android,0,BEN-CUST_SOWMIYA_003-TRUSTED,Trusted Household Vendor,4,0,4,24,0,0,0,None,Resolved Genuine,Standard Habitual Purchase,0
TXN-CUST_SOWMIYA_003-10489,2026-07-25 20:12:35,2026-07-25,20:12:35,20,5,1,0,CUST_SOWMIYA_003,55,Bengaluru,Karnataka,High Risk / 26% Fraud Rate,M015,HomeSphere Appliances,Home Appliances,"Refrigerators, ACs & Kitchen Tech",Coimbatore,Saibaba Colony,Tamil Nadu,641011,11.0315,76.945,9,27500.0,09:30-21:00,"POS,EMI,CARD,UPI",Carding attacks with immediate in-store pickup,0.038,95,11546.52,INR,PURCHASE,CARD,MOBILE_APP,1,0,Bengaluru,11.0,0,0,1,DEV-SOWMIYA-ONEPLUS-11,mobile_android,0,BEN-CUST_SOWMIYA_003-TRUSTED,Trusted Household Vendor,15,0,3,22,0,0,0,None,Resolved Genuine,Standard Habitual Purchase,0
TXN-CUST_SOWMIYA_003-10490,2026-07-25 21:36:09,2026-07-25,21:36:09,21,5,1,0,CUST_SOWMIYA_003,55,Bengaluru,Karnataka,High Risk / 26% Fraud Rate,M011,SkyTrail Travels,Travel Agency,Flight & International Tour Packages,Coimbatore,Gandhipuram,Tamil Nadu,641012,11.0183,76.9664,11,44000.0,09:00-20:00,"ONLINE,TRANSFER,CARD",Mule-account ticket arbitrage & fast cancellation fraud,0.052,130,157143.54,INR,P2P_TRANSFER,ONLINE,WEB_PORTAL,0,1,Lagos,4582.0,1,1,0,DEV-ROGUE-EMULATOR-406,unknown_bot,1,BEN-MULE-2949,QuickMule Transfer 55,0,6,28,119,2,2,1,Account takeover,Pre-auth Block,Automated high-velocity attack from unknown device,1
TXN-CUST_SOWMIYA_003-10491,2026-07-25 23:04:28,2026-07-25,23:04:28,23,5,1,1,CUST_SOWMIYA_003,55,Bengaluru,Karnataka,High Risk / 26% Fraud Rate,M021,GlowCraft Salon,Salon / Beauty,Spa & Grooming Studio,Chennai,Porur,Tamil Nadu,600116,13.0382,80.1565,5,2800.0,09:00-21:00,"POS,UPI,CARD",Unusual late-night transaction spikes,0.011,27,10983.75,INR,P2P_TRANSFER,CARD,WEB_PORTAL,0,1,Moscow,2008.0,1,1,0,DEV-ROGUE-EMULATOR-822,unknown_bot,1,BEN-MULE-7102,QuickMule Transfer 30,0,7,15,65,4,2,0,Mule-account behavior,Pre-auth Block,Automated high-velocity attack from unknown device,1
TXN-CUST_SOWMIYA_003-10492,2026-07-26 00:32:02,2026-07-26,00:32:02,0,6,1,1,CUST_SOWMIYA_003,55,Bengaluru,Karnataka,High Risk / 26% Fraud Rate,M005,UrbanThread Studio,Fashion / Apparel,Designer & Ready-to-wear,Chennai,Anna Nagar,Tamil Nadu,600040,13.085,80.2101,5,4800.0,10:30-22:00,"POS,ONLINE,UPI,CARD",Refund abuse / credential stuffing,0.022,55,33994.53,INR,PURCHASE,ONLINE,MOBILE_APP,1,0,Bengaluru,9.0,0,0,1,DEV-SOWMIYA-ONEPLUS-11,mobile_android,0,BEN-CUST_SOWMIYA_003-TRUSTED,Trusted Household Vendor,11,0,3,21,0,0,0,None,Resolved Genuine,Standard Habitual Purchase,0
TXN-CUST_SOWMIYA_003-10493,2026-07-26 01:59:20,2026-07-26,01:59:20,1,6,1,1,CUST_SOWMIYA_003,55,Bengaluru,Karnataka,High Risk / 26% Fraud Rate,M021,GlowCraft Salon,Salon / Beauty,Spa & Grooming Studio,Chennai,Porur,Tamil Nadu,600116,13.0382,80.1565,5,2800.0,09:00-21:00,"POS,UPI,CARD",Unusual late-night transaction spikes,0.011,27,8002.49,INR,P2P_TRANSFER,UPI,WEB_PORTAL,0,1,Dubai,3707.0,1,1,0,DEV-ROGUE-EMULATOR-377,unknown_bot,1,BEN-MULE-4251,QuickMule Transfer 86,0,11,24,98,3,3,0,Credential compromise,Pre-auth Block,Automated high-velocity attack from unknown device,1
TXN-CUST_SOWMIYA_003-10494,2026-07-26 03:27:21,2026-07-26,03:27:21,3,6,1,1,CUST_SOWMIYA_003,55,Bengaluru,Karnataka,High Risk / 26% Fraud Rate,M003,Pulse Mobile Hub,Mobile Store,Smartphones & Accessories,Chennai,Tambaram,Tamil Nadu,600045,12.9249,80.1278,4,18500.0,09:30-21:30,"POS,UPI,CARD",New device abuse / rapid checkout surge,0.035,87,88078.12,INR,P2P_TRANSFER,CARD,WEB_PORTAL,0,1,Lagos,3859.0,1,1,0,DEV-ROGUE-EMULATOR-894,unknown_bot,1,BEN-MULE-9901,QuickMule Transfer 80,0,9,28,116,5,2,1,Account takeover,Pre-auth Block,Automated high-velocity attack from unknown device,1
TXN-CUST_SOWMIYA_003-10495,2026-07-26 04:53:10,2026-07-26,04:53:10,4,6,1,1,CUST_SOWMIYA_003,55,Bengaluru,Karnataka,High Risk / 26% Fraud Rate,M008,BeanCircuit Cafe,Cafe,Specialty Coffee & Bakery,Bengaluru,Indiranagar,Karnataka,560038,12.9784,77.6408,3,650.0,07:30-23:00,"UPI,POS,CARD",QR code spoofing / fast velocity dining,0.009,22,14220.0,INR,PURCHASE,UPI,MOBILE_APP,1,0,Bengaluru,8.0,0,0,1,DEV-SOWMIYA-ONEPLUS-11,mobile_android,0,BEN-CUST_SOWMIYA_003-TRUSTED,Trusted Household Vendor,6,0,1,10,0,0,0,None,Resolved Genuine,Standard Habitual Purchase,0
TXN-CUST_SOWMIYA_003-10496,2026-07-26 06:22:01,2026-07-26,06:22:01,6,6,1,0,CUST_SOWMIYA_003,55,Bengaluru,Karnataka,High Risk / 26% Fraud Rate,M012,DashDine Delivery,Food Delivery,Quick Commerce & Meal Delivery,Chennai,Sholinganallur,Tamil Nadu,600119,12.901,80.2279,4,520.0,06:00-02:00,"UPI,CARD,ONLINE,WALLET",Promo code abuse / stolen wallet balances,0.014,35,38840.08,INR,PURCHASE,WALLET,MOBILE_APP,0,0,Bengaluru,9.0,0,0,1,DEV-SOWMIYA-ONEPLUS-11,mobile_android,0,BEN-CUST_SOWMIYA_003-TRUSTED,Trusted Household Vendor,14,0,1,7,0,0,0,None,Resolved Genuine,Standard Habitual Purchase,0
TXN-CUST_SOWMIYA_003-10497,2026-07-26 07:50:26,2026-07-26,07:50:26,7,6,1,0,CUST_SOWMIYA_003,55,Bengaluru,Karnataka,High Risk / 26% Fraud Rate,M014,OakLine Furnishings,Furniture,Teak Wood & Modern Home Decor,Madurai,Bypass Road,Tamil Nadu,625016,9.932,78.109,12,38000.0,10:00-21:00,"POS,CARD,TRANSFER,EMI",Invoice redirection fraud / fake payment slips,0.029,72,13705.32,INR,PURCHASE,CARD,MOBILE_APP,1,0,Bengaluru,15.0,0,0,1,DEV-SOWMIYA-ONEPLUS-11,mobile_android,0,BEN-CUST_SOWMIYA_003-TRUSTED,Trusted Household Vendor,5,0,3,17,0,0,0,None,Resolved Genuine,Standard Habitual Purchase,0
TXN-CUST_SOWMIYA_003-10498,2026-07-26 09:16:03,2026-07-26,09:16:03,9,6,1,0,CUST_SOWMIYA_003,55,Bengaluru,Karnataka,High Risk / 26% Fraud Rate,M023,SwiftBox Logistics,Courier / Logistics,Express Parcel & Freight Delivery,Tiruppur,Avinashi Road,Tamil Nadu,641603,11.1085,77.3411,9,4200.0,08:00-21:00,"POS,UPI,CARD,ONLINE",Interception fraud / address redirection,0.02,50,22633.91,INR,PURCHASE,UPI,MOBILE_APP,1,0,Bengaluru,12.0,0,0,1,DEV-SOWMIYA-ONEPLUS-11,mobile_android,0,BEN-CUST_SOWMIYA_003-TRUSTED,Trusted Household Vendor,12,0,3,14,0,0,0,None,Resolved Genuine,Standard Habitual Purchase,0
TXN-CUST_SOWMIYA_003-10499,2026-07-26 10:41:24,2026-07-26,10:41:24,10,6,1,0,CUST_SOWMIYA_003,55,Bengaluru,Karnataka,High Risk / 26% Fraud Rate,M026,GreenLeaf Wellness,Health & Wellness,Organic Nutrition & Ayurveda,Trichy,Srirangam,Tamil Nadu,620006,10.8624,78.6947,6,2100.0,08:00-21:00,"POS,UPI,ONLINE,CARD",Subscription card stuffing,0.013,32,7933.56,INR,P2P_TRANSFER,UPI,WEB_PORTAL,0,1,Singapore,4844.0,1,1,0,DEV-ROGUE-EMULATOR-553,unknown_bot,1,BEN-MULE-4086,QuickMule Transfer 67,0,11,31,126,6,1,1,Credential compromise,Pre-auth Block,Automated high-velocity attack from unknown device,1
TXN-CUST_SOWMIYA_003-10500,2026-07-26 12:09:03,2026-07-26,12:09:03,12,6,1,0,CUST_SOWMIYA_003,55,Bengaluru,Karnataka,High Risk / 26% Fraud Rate,M025,ShieldSure Services,Insurance Services,General & Health Insurance Premium,Chennai,Egmore,Tamil Nadu,600008,13.0784,80.2607,13,14000.0,09:30-18:00,"ONLINE,NETBANKING,CARD",Premium diversion / fake policy payment slips,0.019,47,22732.45,INR,PURCHASE,NETBANKING,MOBILE_APP,0,0,Bengaluru,7.0,0,0,1,DEV-SOWMIYA-ONEPLUS-11,mobile_android,0,BEN-CUST_SOWMIYA_003-TRUSTED,Trusted Household Vendor,7,0,4,19,0,0,0,None,Resolved Genuine,Standard Habitual Purchase,0
TXN-CUST_SOWMIYA_003-10501,2026-07-26 13:32:59,2026-07-26,13:32:59,13,6,1,0,CUST_SOWMIYA_003,55,Bengaluru,Karnataka,High Risk / 26% Fraud Rate,M013,CartNest Online,E-commerce,Multi-category Marketplace,Chennai,Guindy,Tamil Nadu,600032,13.0067,80.2026,5,6200.0,24_HOURS,"ONLINE,UPI,CARD,NETBANKING",Account takeover + triangulation shipping fraud,0.045,112,11419.23,INR,PURCHASE,NETBANKING,MOBILE_APP,0,0,Bengaluru,10.0,0,0,1,DEV-SOWMIYA-ONEPLUS-11,mobile_android,0,BEN-CUST_SOWMIYA_003-TRUSTED,Trusted Household Vendor,11,0,3,14,0,0,0,None,Resolved Genuine,Standard Habitual Purchase,0
TXN-CUST_SOWMIYA_003-10502,2026-07-26 15:01:10,2026-07-26,15:01:10,15,6,1,0,CUST_SOWMIYA_003,55,Bengaluru,Karnataka,High Risk / 26% Fraud Rate,M004,Aurelia Gold House,Jewellery,Gold & Diamond Jewellery,Coimbatore,RS Puram,Tamil Nadu,641002,11.0089,76.9514,14,78000.0,10:00-20:30,"POS,CARD,TRANSFER",Account takeover / card-not-present luxury surge,0.065,162,315590.59,INR,P2P_TRANSFER,CARD,WEB_PORTAL,0,1,Lagos,2152.0,1,1,0,DEV-ROGUE-EMULATOR-271,unknown_bot,1,BEN-MULE-9421,QuickMule Transfer 35,0,7,18,81,5,4,1,Credential compromise,Pre-auth Block,Automated high-velocity attack from unknown device,1
TXN-CUST_SOWMIYA_003-10503,2026-07-26 16:27:10,2026-07-26,16:27:10,16,6,1,0,CUST_SOWMIYA_003,55,Bengaluru,Karnataka,High Risk / 26% Fraud Rate,M024,LinkWave Telecom,Telecom Retail,Fiber Broadband & Postpaid Plans,Erode,Perundurai Road,Tamil Nadu,638011,11.341,77.7172,10,1950.0,09:30-20:30,"UPI,CARD,ONLINE,POS",SIM swap bill recharge surges,0.017,42,13805.9,INR,PURCHASE,POS,MOBILE_APP,1,0,Bengaluru,11.0,0,0,1,DEV-SOWMIYA-ONEPLUS-11,mobile_android,0,BEN-CUST_SOWMIYA_003-TRUSTED,Trusted Household Vendor,3,0,2,14,0,0,0,None,Resolved Genuine,Standard Habitual Purchase,0
TXN-CUST_SOWMIYA_003-10504,2026-07-26 17:52:54,2026-07-26,17:52:54,17,6,1,0,CUST_SOWMIYA_003,55,Bengaluru,Karnataka,High Risk / 26% Fraud Rate,M004,Aurelia Gold House,Jewellery,Gold & Diamond Jewellery,Coimbatore,RS Puram,Tamil Nadu,641002,11.0089,76.9514,14,78000.0,10:00-20:30,"POS,CARD,TRANSFER",Account takeover / card-not-present luxury surge,0.065,162,334897.92,INR,P2P_TRANSFER,POS,WEB_PORTAL,0,0,Unknown Proxy,5125.0,1,1,0,DEV-ROGUE-EMULATOR-848,unknown_bot,1,BEN-MULE-1796,QuickMule Transfer 38,0,6,26,114,2,3,0,Account takeover,Pre-auth Block,Automated high-velocity attack from unknown device,1
TXN-CUST_SOWMIYA_003-10505,2026-07-26 19:20:22,2026-07-26,19:20:22,19,6,1,0,CUST_SOWMIYA_003,55,Bengaluru,Karnataka,High Risk / 26% Fraud Rate,M024,LinkWave Telecom,Telecom Retail,Fiber Broadband & Postpaid Plans,Erode,Perundurai Road,Tamil Nadu,638011,11.341,77.7172,10,1950.0,09:30-20:30,"UPI,CARD,ONLINE,POS",SIM swap bill recharge surges,0.017,42,29902.31,INR,PURCHASE,ONLINE,MOBILE_APP,1,0,Bengaluru,9.0,0,0,1,DEV-SOWMIYA-ONEPLUS-11,mobile_android,0,BEN-CUST_SOWMIYA_003-TRUSTED,Trusted Household Vendor,11,0,2,18,0,0,0,None,Resolved Genuine,Standard Habitual Purchase,0
TXN-CUST_SOWMIYA_003-10506,2026-07-26 20:48:56,2026-07-26,20:48:56,20,6,1,0,CUST_SOWMIYA_003,55,Bengaluru,Karnataka,High Risk / 26% Fraud Rate,M017,AutoForge Parts,Spare Parts,OEM Industrial & Auto Components,Hosur,Mookandapalli,Tamil Nadu,635126,12.7409,77.8253,15,16500.0,09:00-19:30,"TRANSFER,POS,CARD",Business email compromise / fake beneficiary update,0.033,82,59978.86,INR,P2P_TRANSFER,TRANSFER,WEB_PORTAL,0,0,Unknown Proxy,3315.0,1,1,0,DEV-ROGUE-EMULATOR-207,unknown_bot,1,BEN-MULE-1838,QuickMule Transfer 82,0,7,30,122,5,4,0,Mule-account behavior,Pre-auth Block,Automated high-velocity attack from unknown device,1
TXN-CUST_SOWMIYA_003-10507,2026-07-26 22:15:09,2026-07-26,22:15:09,22,6,1,0,CUST_SOWMIYA_003,55,Bengaluru,Karnataka,High Risk / 26% Fraud Rate,M016,MotoCare Garage,Auto Service,Car Service & Detailing Hub,Chennai,Pallikaranai,Tamil Nadu,600100,12.9372,80.2014,7,8900.0,08:30-20:30,"POS,UPI,CARD",Over-invoicing / synthetic card payments,0.021,52,31488.58,INR,PURCHASE,UPI,MOBILE_APP,1,0,Bengaluru,10.0,0,0,1,DEV-SOWMIYA-ONEPLUS-11,mobile_android,0,BEN-CUST_SOWMIYA_003-TRUSTED,Trusted Household Vendor,15,0,3,19,0,0,0,None,Resolved Genuine,Standard Habitual Purchase,0
TXN-CUST_SOWMIYA_003-10508,2026-07-26 23:41:20,2026-07-26,23:41:20,23,6,1,1,CUST_SOWMIYA_003,55,Bengaluru,Karnataka,High Risk / 26% Fraud Rate,M029,CloudDesk Digital,Software / Digital Services,Cloud Infrastructure & SaaS Tools,Bengaluru,Whitefield,Karnataka,560066,12.9698,77.7499,7,19800.0,24_HOURS,"ONLINE,CARD,TRANSFER",Cryptomining VM rental with stolen credit cards,0.058,145,33375.9,INR,PURCHASE,ONLINE,MOBILE_APP,0,0,Bengaluru,5.0,0,0,1,DEV-SOWMIYA-ONEPLUS-11,mobile_android,0,BEN-CUST_SOWMIYA_003-TRUSTED,Trusted Household Vendor,7,0,3,14,0,0,0,None,Resolved Genuine,Standard Habitual Purchase,0
TXN-CUST_SOWMIYA_003-10509,2026-07-27 01:07:26,2026-07-27,01:07:26,1,0,0,1,CUST_SOWMIYA_003,55,Bengaluru,Karnataka,High Risk / 26% Fraud Rate,M019,ArenaSport World,Sports Retail,Fitness Equipment & Sports Wear,Chennai,Nungambakkam,Tamil Nadu,600034,13.0604,80.2405,6,5600.0,10:00-21:30,"POS,ONLINE,UPI,CARD",Stolen card chargeback on premium sports gear,0.026,65,42372.43,INR,PURCHASE,UPI,MOBILE_APP,1,0,Bengaluru,3.0,0,0,1,DEV-SOWMIYA-ONEPLUS-11,mobile_android,0,BEN-CUST_SOWMIYA_003-TRUSTED,Trusted Household Vendor,9,0,2,14,0,0,0,None,Resolved Genuine,Standard Habitual Purchase,0
TXN-CUST_SOWMIYA_003-10510,2026-07-27 02:34:46,2026-07-27,02:34:46,2,0,0,1,CUST_SOWMIYA_003,55,Bengaluru,Karnataka,High Risk / 26% Fraud Rate,M010,HarborView Residency,Hotel / Hospitality,Business & Luxury Hotel,Chennai,OMR,Tamil Nadu,600096,12.9165,80.2285,6,9500.0,24_HOURS,"ONLINE,POS,CARD,TRANSFER",Online travel booking fraud with stolen corporate credentials,0.041,102,42987.17,INR,P2P_TRANSFER,CARD,WEB_PORTAL,0,1,Dubai,4403.0,1,1,0,DEV-ROGUE-EMULATOR-681,unknown_bot,1,BEN-MULE-9444,QuickMule Transfer 36,0,4,35,142,4,2,1,Mule-account behavior,Pre-auth Block,Automated high-velocity attack from unknown device,1
TXN-CUST_SOWMIYA_003-10511,2026-07-27 04:00:56,2026-07-27,04:00:56,4,0,0,1,CUST_SOWMIYA_003,55,Bengaluru,Karnataka,High Risk / 26% Fraud Rate,M020,GameGrid Arena,Gaming,"Esports, Consoles & Virtual Credits",Bengaluru,Koramangala,Karnataka,560095,12.9352,77.6245,4,3400.0,10:00-01:00,"ONLINE,UPI,CARD,WALLET",Virtual item laundering & bot-driven micro transactions,0.055,137,35478.26,INR,PURCHASE,CARD,MOBILE_APP,0,0,Bengaluru,10.0,0,0,1,DEV-SOWMIYA-ONEPLUS-11,mobile_android,0,BEN-CUST_SOWMIYA_003-TRUSTED,Trusted Household Vendor,11,0,3,21,0,0,0,None,Resolved Genuine,Standard Habitual Purchase,0
TXN-CUST_SOWMIYA_003-10512,2026-07-27 05:27:23,2026-07-27,05:27:23,5,0,0,1,CUST_SOWMIYA_003,55,Bengaluru,Karnataka,High Risk / 26% Fraud Rate,M008,BeanCircuit Cafe,Cafe,Specialty Coffee & Bakery,Bengaluru,Indiranagar,Karnataka,560038,12.9784,77.6408,3,650.0,07:30-23:00,"UPI,POS,CARD",QR code spoofing / fast velocity dining,0.009,22,42930.1,INR,PURCHASE,POS,MOBILE_APP,1,0,Bengaluru,8.0,0,0,1,DEV-SOWMIYA-ONEPLUS-11,mobile_android,0,BEN-CUST_SOWMIYA_003-TRUSTED,Trusted Household Vendor,9,0,1,14,0,0,0,None,Resolved Genuine,Standard Habitual Purchase,0
TXN-CUST_SOWMIYA_003-10513,2026-07-27 06:52:38,2026-07-27,06:52:38,6,0,0,0,CUST_SOWMIYA_003,55,Bengaluru,Karnataka,High Risk / 26% Fraud Rate,M027,BrickHarbor Realty,Real Estate / Property Services,Rental Escrow & Facility Management,Chennai,Porur,Tamil Nadu,600116,13.035,80.16,11,65000.0,09:00-19:00,"TRANSFER,NETBANKING,CARD",Security deposit phishing / escrow hijacking,0.039,97,18858.37,INR,PURCHASE,TRANSFER,MOBILE_APP,0,0,Bengaluru,5.0,0,0,1,DEV-SOWMIYA-ONEPLUS-11,mobile_android,0,BEN-CUST_SOWMIYA_003-TRUSTED,Trusted Household Vendor,14,0,4,18,0,0,0,None,Resolved Genuine,Standard Habitual Purchase,0
TXN-CUST_SOWMIYA_003-10514,2026-07-27 08:22:01,2026-07-27,08:22:01,8,0,0,0,CUST_SOWMIYA_003,55,Bengaluru,Karnataka,High Risk / 26% Fraud Rate,M021,GlowCraft Salon,Salon / Beauty,Spa & Grooming Studio,Chennai,Porur,Tamil Nadu,600116,13.0382,80.1565,5,2800.0,09:00-21:00,"POS,UPI,CARD",Unusual late-night transaction spikes,0.011,27,12481.94,INR,P2P_TRANSFER,CARD,WEB_PORTAL,0,1,Moscow,5014.0,1,1,0,DEV-ROGUE-EMULATOR-960,unknown_bot,1,BEN-MULE-1042,QuickMule Transfer 72,0,10,15,70,3,3,0,Account takeover,Pre-auth Block,Automated high-velocity attack from unknown device,1
TXN-CUST_SOWMIYA_003-10515,2026-07-27 09:46:43,2026-07-27,09:46:43,9,0,0,0,CUST_SOWMIYA_003,55,Bengaluru,Karnataka,High Risk / 26% Fraud Rate,M019,ArenaSport World,Sports Retail,Fitness Equipment & Sports Wear,Chennai,Nungambakkam,Tamil Nadu,600034,13.0604,80.2405,6,5600.0,10:00-21:30,"POS,ONLINE,UPI,CARD",Stolen card chargeback on premium sports gear,0.026,65,16759.9,INR,PURCHASE,POS,MOBILE_APP,1,0,Bengaluru,4.0,0,0,1,DEV-SOWMIYA-ONEPLUS-11,mobile_android,0,BEN-CUST_SOWMIYA_003-TRUSTED,Trusted Household Vendor,7,1,3,17,0,0,0,None,Resolved Genuine,Standard Habitual Purchase,0
TXN-CUST_SOWMIYA_003-10516,2026-07-27 11:15:33,2026-07-27,11:15:33,11,0,0,0,CUST_SOWMIYA_003,55,Bengaluru,Karnataka,High Risk / 26% Fraud Rate,M014,OakLine Furnishings,Furniture,Teak Wood & Modern Home Decor,Madurai,Bypass Road,Tamil Nadu,625016,9.932,78.109,12,38000.0,10:00-21:00,"POS,CARD,TRANSFER,EMI",Invoice redirection fraud / fake payment slips,0.029,72,31292.19,INR,PURCHASE,POS,MOBILE_APP,1,0,Bengaluru,10.0,0,0,1,DEV-SOWMIYA-ONEPLUS-11,mobile_android,0,BEN-CUST_SOWMIYA_003-TRUSTED,Trusted Household Vendor,13,0,3,16,0,0,0,None,Resolved Genuine,Standard Habitual Purchase,0
TXN-CUST_SOWMIYA_003-10517,2026-07-27 12:40:18,2026-07-27,12:40:18,12,0,0,0,CUST_SOWMIYA_003,55,Bengaluru,Karnataka,High Risk / 26% Fraud Rate,M025,ShieldSure Services,Insurance Services,General & Health Insurance Premium,Chennai,Egmore,Tamil Nadu,600008,13.0784,80.2607,13,14000.0,09:30-18:00,"ONLINE,NETBANKING,CARD",Premium diversion / fake policy payment slips,0.019,47,45588.99,INR,PURCHASE,ONLINE,MOBILE_APP,0,0,Bengaluru,3.0,0,0,1,DEV-SOWMIYA-ONEPLUS-11,mobile_android,0,BEN-CUST_SOWMIYA_003-TRUSTED,Trusted Household Vendor,8,0,4,20,0,0,0,None,Resolved Genuine,Standard Habitual Purchase,0
TXN-CUST_SOWMIYA_003-10518,2026-07-27 14:06:27,2026-07-27,14:06:27,14,0,0,0,CUST_SOWMIYA_003,55,Bengaluru,Karnataka,High Risk / 26% Fraud Rate,M011,SkyTrail Travels,Travel Agency,Flight & International Tour Packages,Coimbatore,Gandhipuram,Tamil Nadu,641012,11.0183,76.9664,11,44000.0,09:00-20:00,"ONLINE,TRANSFER,CARD",Mule-account ticket arbitrage & fast cancellation fraud,0.052,130,35146.97,INR,PURCHASE,CARD,MOBILE_APP,0,0,Bengaluru,12.0,0,0,1,DEV-SOWMIYA-ONEPLUS-11,mobile_android,0,BEN-CUST_SOWMIYA_003-TRUSTED,Trusted Household Vendor,7,0,1,13,0,0,0,None,Resolved Genuine,Standard Habitual Purchase,0
TXN-CUST_SOWMIYA_003-10519,2026-07-27 15:30:47,2026-07-27,15:30:47,15,0,0,0,CUST_SOWMIYA_003,55,Bengaluru,Karnataka,High Risk / 26% Fraud Rate,M020,GameGrid Arena,Gaming,"Esports, Consoles & Virtual Credits",Bengaluru,Koramangala,Karnataka,560095,12.9352,77.6245,4,3400.0,10:00-01:00,"ONLINE,UPI,CARD,WALLET",Virtual item laundering & bot-driven micro transactions,0.055,137,34997.04,INR,PURCHASE,CARD,MOBILE_APP,0,0,Bengaluru,4.0,0,0,1,DEV-SOWMIYA-ONEPLUS-11,mobile_android,0,BEN-CUST_SOWMIYA_003-TRUSTED,Trusted Household Vendor,6,1,2,17,0,0,0,None,Resolved Genuine,Standard Habitual Purchase,0
TXN-CUST_SOWMIYA_003-10520,2026-07-27 16:57:06,2026-07-27,16:57:06,16,0,0,0,CUST_SOWMIYA_003,55,Bengaluru,Karnataka,High Risk / 26% Fraud Rate,M010,HarborView Residency,Hotel / Hospitality,Business & Luxury Hotel,Chennai,OMR,Tamil Nadu,600096,12.9165,80.2285,6,9500.0,24_HOURS,"ONLINE,POS,CARD,TRANSFER",Online travel booking fraud with stolen corporate credentials,0.041,102,25896.73,INR,PURCHASE,POS,MOBILE_APP,1,0,Bengaluru,10.0,0,0,1,DEV-SOWMIYA-ONEPLUS-11,mobile_android,0,BEN-CUST_SOWMIYA_003-TRUSTED,Trusted Household Vendor,12,0,1,11,0,0,0,None,Resolved Genuine,Standard Habitual Purchase,0
TXN-CUST_SOWMIYA_003-10521,2026-07-27 18:22:23,2026-07-27,18:22:23,18,0,0,0,CUST_SOWMIYA_003,55,Bengaluru,Karnataka,High Risk / 26% Fraud Rate,M012,DashDine Delivery,Food Delivery,Quick Commerce & Meal Delivery,Chennai,Sholinganallur,Tamil Nadu,600119,12.901,80.2279,4,520.0,06:00-02:00,"UPI,CARD,ONLINE,WALLET",Promo code abuse / stolen wallet balances,0.014,35,35164.24,INR,PURCHASE,UPI,MOBILE_APP,0,0,Bengaluru,1.0,0,0,1,DEV-SOWMIYA-ONEPLUS-11,mobile_android,0,BEN-CUST_SOWMIYA_003-TRUSTED,Trusted Household Vendor,3,0,2,16,0,0,0,None,Resolved Genuine,Standard Habitual Purchase,0
TXN-CUST_SOWMIYA_003-10522,2026-07-27 19:46:28,2026-07-27,19:46:28,19,0,0,0,CUST_SOWMIYA_003,55,Bengaluru,Karnataka,High Risk / 26% Fraud Rate,M009,RapidFuel Station,Fuel Station,"Petrol, Diesel & EV Fast Charge",Salem,Fairlands,Tamil Nadu,636016,11.6643,78.146,9,3100.0,24_HOURS,"POS,FLEET_CARD,UPI",Automated fleet card skimming,0.024,60,13918.59,INR,PURCHASE,FLEET_CARD,MOBILE_APP,1,0,Bengaluru,7.0,0,0,1,DEV-SOWMIYA-ONEPLUS-11,mobile_android,0,BEN-CUST_SOWMIYA_003-TRUSTED,Trusted Household Vendor,15,0,3,18,0,0,0,None,Resolved Genuine,Standard Habitual Purchase,0
TXN-CUST_SOWMIYA_003-10523,2026-07-27 21:14:40,2026-07-27,21:14:40,21,0,0,0,CUST_SOWMIYA_003,55,Bengaluru,Karnataka,High Risk / 26% Fraud Rate,M026,GreenLeaf Wellness,Health & Wellness,Organic Nutrition & Ayurveda,Trichy,Srirangam,Tamil Nadu,620006,10.8624,78.6947,6,2100.0,08:00-21:00,"POS,UPI,ONLINE,CARD",Subscription card stuffing,0.013,32,24793.68,INR,PURCHASE,POS,MOBILE_APP,1,0,Bengaluru,13.0,0,0,1,DEV-SOWMIYA-ONEPLUS-11,mobile_android,0,BEN-CUST_SOWMIYA_003-TRUSTED,Trusted Household Vendor,13,1,2,12,0,0,0,None,Resolved Genuine,Standard Habitual Purchase,0
TXN-CUST_SOWMIYA_003-10524,2026-07-27 22:40:56,2026-07-27,22:40:56,22,0,0,0,CUST_SOWMIYA_003,55,Bengaluru,Karnataka,High Risk / 26% Fraud Rate,M024,LinkWave Telecom,Telecom Retail,Fiber Broadband & Postpaid Plans,Erode,Perundurai Road,Tamil Nadu,638011,11.341,77.7172,10,1950.0,09:30-20:30,"UPI,CARD,ONLINE,POS",SIM swap bill recharge surges,0.017,42,37249.21,INR,PURCHASE,POS,MOBILE_APP,1,0,Bengaluru,1.0,0,0,1,DEV-SOWMIYA-ONEPLUS-11,mobile_android,0,BEN-CUST_SOWMIYA_003-TRUSTED,Trusted Household Vendor,3,0,3,20,0,0,0,None,Resolved Genuine,Standard Habitual Purchase,0
TXN-CUST_SOWMIYA_003-10525,2026-07-28 00:04:57,2026-07-28,00:04:57,0,1,0,1,CUST_SOWMIYA_003,55,Bengaluru,Karnataka,High Risk / 26% Fraud Rate,M005,UrbanThread Studio,Fashion / Apparel,Designer & Ready-to-wear,Chennai,Anna Nagar,Tamil Nadu,600040,13.085,80.2101,5,4800.0,10:30-22:00,"POS,ONLINE,UPI,CARD",Refund abuse / credential stuffing,0.022,55,17175.01,INR,PURCHASE,POS,MOBILE_APP,1,0,Bengaluru,3.0,0,0,1,DEV-SOWMIYA-ONEPLUS-11,mobile_android,0,BEN-CUST_SOWMIYA_003-TRUSTED,Trusted Household Vendor,13,0,2,15,0,0,0,None,Resolved Genuine,Standard Habitual Purchase,0
TXN-CUST_SOWMIYA_003-10526,2026-07-28 01:30:40,2026-07-28,01:30:40,1,1,0,1,CUST_SOWMIYA_003,55,Bengaluru,Karnataka,High Risk / 26% Fraud Rate,M010,HarborView Residency,Hotel / Hospitality,Business & Luxury Hotel,Chennai,OMR,Tamil Nadu,600096,12.9165,80.2285,6,9500.0,24_HOURS,"ONLINE,POS,CARD,TRANSFER",Online travel booking fraud with stolen corporate credentials,0.041,102,25738.22,INR,PURCHASE,CARD,MOBILE_APP,1,0,Bengaluru,12.0,0,0,1,DEV-SOWMIYA-ONEPLUS-11,mobile_android,0,BEN-CUST_SOWMIYA_003-TRUSTED,Trusted Household Vendor,7,0,1,11,0,0,0,None,Resolved Genuine,Standard Habitual Purchase,0
TXN-CUST_SOWMIYA_003-10527,2026-07-28 02:56:01,2026-07-28,02:56:01,2,1,0,1,CUST_SOWMIYA_003,55,Bengaluru,Karnataka,High Risk / 26% Fraud Rate,M011,SkyTrail Travels,Travel Agency,Flight & International Tour Packages,Coimbatore,Gandhipuram,Tamil Nadu,641012,11.0183,76.9664,11,44000.0,09:00-20:00,"ONLINE,TRANSFER,CARD",Mule-account ticket arbitrage & fast cancellation fraud,0.052,130,31257.63,INR,PURCHASE,CARD,MOBILE_APP,0,0,Bengaluru,1.0,0,0,1,DEV-SOWMIYA-ONEPLUS-11,mobile_android,0,BEN-CUST_SOWMIYA_003-TRUSTED,Trusted Household Vendor,6,1,4,23,0,0,0,None,Resolved Genuine,Standard Habitual Purchase,0
TXN-CUST_SOWMIYA_003-10528,2026-07-28 04:21:59,2026-07-28,04:21:59,4,1,0,1,CUST_SOWMIYA_003,55,Bengaluru,Karnataka,High Risk / 26% Fraud Rate,M016,MotoCare Garage,Auto Service,Car Service & Detailing Hub,Chennai,Pallikaranai,Tamil Nadu,600100,12.9372,80.2014,7,8900.0,08:30-20:30,"POS,UPI,CARD",Over-invoicing / synthetic card payments,0.021,52,28445.93,INR,PURCHASE,POS,MOBILE_APP,1,0,Bengaluru,13.0,0,0,1,DEV-SOWMIYA-ONEPLUS-11,mobile_android,0,BEN-CUST_SOWMIYA_003-TRUSTED,Trusted Household Vendor,15,0,3,17,0,0,0,None,Resolved Genuine,Standard Habitual Purchase,0
TXN-CUST_SOWMIYA_003-10529,2026-07-28 05:49:16,2026-07-28,05:49:16,5,1,0,1,CUST_SOWMIYA_003,55,Bengaluru,Karnataka,High Risk / 26% Fraud Rate,M016,MotoCare Garage,Auto Service,Car Service & Detailing Hub,Chennai,Pallikaranai,Tamil Nadu,600100,12.9372,80.2014,7,8900.0,08:30-20:30,"POS,UPI,CARD",Over-invoicing / synthetic card payments,0.021,52,40957.02,INR,P2P_TRANSFER,CARD,WEB_PORTAL,0,0,Unknown Proxy,1705.0,1,1,0,DEV-ROGUE-EMULATOR-296,unknown_bot,1,BEN-MULE-3915,QuickMule Transfer 98,0,8,33,137,5,1,1,Mule-account behavior,Pre-auth Block,Automated high-velocity attack from unknown device,1
TXN-CUST_SOWMIYA_003-10530,2026-07-28 07:15:04,2026-07-28,07:15:04,7,1,0,0,CUST_SOWMIYA_003,55,Bengaluru,Karnataka,High Risk / 26% Fraud Rate,M013,CartNest Online,E-commerce,Multi-category Marketplace,Chennai,Guindy,Tamil Nadu,600032,13.0067,80.2026,5,6200.0,24_HOURS,"ONLINE,UPI,CARD,NETBANKING",Account takeover + triangulation shipping fraud,0.045,112,36053.85,INR,PURCHASE,ONLINE,MOBILE_APP,0,0,Bengaluru,14.0,0,0,1,DEV-SOWMIYA-ONEPLUS-11,mobile_android,0,BEN-CUST_SOWMIYA_003-TRUSTED,Trusted Household Vendor,12,0,4,20,0,0,0,None,Resolved Genuine,Standard Habitual Purchase,0
TXN-CUST_SOWMIYA_003-10531,2026-07-28 08:44:09,2026-07-28,08:44:09,8,1,0,0,CUST_SOWMIYA_003,55,Bengaluru,Karnataka,High Risk / 26% Fraud Rate,M006,MedicoCare Pharmacy,Pharmacy,Medicines & Surgical Supplies,Madurai,KK Nagar,Tamil Nadu,625020,9.9252,78.1498,10,1450.0,24_HOURS,"POS,UPI,CARD,ONLINE",Nighttime micro card testing,0.015,37,16518.6,INR,PURCHASE,POS,MOBILE_APP,1,0,Bengaluru,10.0,0,0,1,DEV-SOWMIYA-ONEPLUS-11,mobile_android,0,BEN-CUST_SOWMIYA_003-TRUSTED,Trusted Household Vendor,13,0,3,20,0,0,0,None,Resolved Genuine,Standard Habitual Purchase,0
TXN-CUST_SOWMIYA_003-10532,2026-07-28 10:08:10,2026-07-28,10:08:10,10,1,0,0,CUST_SOWMIYA_003,55,Bengaluru,Karnataka,High Risk / 26% Fraud Rate,M025,ShieldSure Services,Insurance Services,General & Health Insurance Premium,Chennai,Egmore,Tamil Nadu,600008,13.0784,80.2607,13,14000.0,09:30-18:00,"ONLINE,NETBANKING,CARD",Premium diversion / fake policy payment slips,0.019,47,47721.3,INR,P2P_TRANSFER,ONLINE,WEB_PORTAL,0,1,Dubai,1749.0,1,1,0,DEV-ROGUE-EMULATOR-573,unknown_bot,1,BEN-MULE-4394,QuickMule Transfer 84,0,9,33,138,2,2,1,Account takeover,Pre-auth Block,Automated high-velocity attack from unknown device,1
TXN-CUST_SOWMIYA_003-10533,2026-07-28 11:33:26,2026-07-28,11:33:26,11,1,0,0,CUST_SOWMIYA_003,55,Bengaluru,Karnataka,High Risk / 26% Fraud Rate,M002,CircuitBay Electronics,Consumer Electronics,Laptops & Gadgets,Chennai,Velachery,Tamil Nadu,600042,12.9759,80.2212,6,32000.0,10:00-21:30,"POS,ONLINE,EMI,UPI",Stolen payment details / high-ticket electronics delivery,0.048,120,109503.56,INR,P2P_TRANSFER,POS,WEB_PORTAL,0,1,Lagos,2138.0,1,1,0,DEV-ROGUE-EMULATOR-587,unknown_bot,1,BEN-MULE-4788,QuickMule Transfer 85,0,10,17,72,2,2,0,Mule-account behavior,Pre-auth Block,Automated high-velocity attack from unknown device,1
TXN-CUST_SOWMIYA_003-10534,2026-07-28 13:00:18,2026-07-28,13:00:18,13,1,0,0,CUST_SOWMIYA_003,55,Bengaluru,Karnataka,High Risk / 26% Fraud Rate,M013,CartNest Online,E-commerce,Multi-category Marketplace,Chennai,Guindy,Tamil Nadu,600032,13.0067,80.2026,5,6200.0,24_HOURS,"ONLINE,UPI,CARD,NETBANKING",Account takeover + triangulation shipping fraud,0.045,112,38185.32,INR,PURCHASE,UPI,MOBILE_APP,0,0,Bengaluru,10.0,0,0,1,DEV-SOWMIYA-ONEPLUS-11,mobile_android,0,BEN-CUST_SOWMIYA_003-TRUSTED,Trusted Household Vendor,8,1,1,6,0,0,0,None,Resolved Genuine,Standard Habitual Purchase,0
TXN-CUST_SOWMIYA_003-10535,2026-07-28 14:26:35,2026-07-28,14:26:35,14,1,0,0,CUST_SOWMIYA_003,55,Bengaluru,Karnataka,High Risk / 26% Fraud Rate,M006,MedicoCare Pharmacy,Pharmacy,Medicines & Surgical Supplies,Madurai,KK Nagar,Tamil Nadu,625020,9.9252,78.1498,10,1450.0,24_HOURS,"POS,UPI,CARD,ONLINE",Nighttime micro card testing,0.015,37,17328.1,INR,PURCHASE,UPI,MOBILE_APP,1,0,Bengaluru,7.0,0,0,1,DEV-SOWMIYA-ONEPLUS-11,mobile_android,0,BEN-CUST_SOWMIYA_003-TRUSTED,Trusted Household Vendor,11,1,1,8,0,0,0,None,Resolved Genuine,Standard Habitual Purchase,0
TXN-CUST_SOWMIYA_003-10536,2026-07-28 15:53:02,2026-07-28,15:53:02,15,1,0,0,CUST_SOWMIYA_003,55,Bengaluru,Karnataka,High Risk / 26% Fraud Rate,M021,GlowCraft Salon,Salon / Beauty,Spa & Grooming Studio,Chennai,Porur,Tamil Nadu,600116,13.0382,80.1565,5,2800.0,09:00-21:00,"POS,UPI,CARD",Unusual late-night transaction spikes,0.011,27,27244.9,INR,PURCHASE,POS,MOBILE_APP,1,0,Bengaluru,12.0,0,0,1,DEV-SOWMIYA-ONEPLUS-11,mobile_android,0,BEN-CUST_SOWMIYA_003-TRUSTED,Trusted Household Vendor,15,0,4,23,0,0,0,None,Resolved Genuine,Standard Habitual Purchase,0
TXN-CUST_SOWMIYA_003-10537,2026-07-28 17:18:09,2026-07-28,17:18:09,17,1,0,0,CUST_SOWMIYA_003,55,Bengaluru,Karnataka,High Risk / 26% Fraud Rate,M018,PageTurn Book House,Bookstore,"Academic, Fiction & Stationery",Trichy,Thillai Nagar,Tamil Nadu,620018,10.8282,78.6854,16,850.0,09:00-21:30,"POS,UPI,CARD,ONLINE",Low-value card testing bots,0.008,20,22485.95,INR,PURCHASE,UPI,MOBILE_APP,1,0,Bengaluru,12.0,0,0,1,DEV-SOWMIYA-ONEPLUS-11,mobile_android,0,BEN-CUST_SOWMIYA_003-TRUSTED,Trusted Household Vendor,15,0,4,26,0,0,0,None,Resolved Genuine,Standard Habitual Purchase,0
TXN-CUST_SOWMIYA_003-10538,2026-07-28 18:47:10,2026-07-28,18:47:10,18,1,0,0,CUST_SOWMIYA_003,55,Bengaluru,Karnataka,High Risk / 26% Fraud Rate,M002,CircuitBay Electronics,Consumer Electronics,Laptops & Gadgets,Chennai,Velachery,Tamil Nadu,600042,12.9759,80.2212,6,32000.0,10:00-21:30,"POS,ONLINE,EMI,UPI",Stolen payment details / high-ticket electronics delivery,0.048,120,25087.84,INR,PURCHASE,ONLINE,MOBILE_APP,1,0,Bengaluru,3.0,0,0,1,DEV-SOWMIYA-ONEPLUS-11,mobile_android,0,BEN-CUST_SOWMIYA_003-TRUSTED,Trusted Household Vendor,4,1,1,12,0,0,0,None,Resolved Genuine,Standard Habitual Purchase,0
TXN-CUST_SOWMIYA_003-10539,2026-07-28 20:16:25,2026-07-28,20:16:25,20,1,0,0,CUST_SOWMIYA_003,55,Bengaluru,Karnataka,High Risk / 26% Fraud Rate,M018,PageTurn Book House,Bookstore,"Academic, Fiction & Stationery",Trichy,Thillai Nagar,Tamil Nadu,620018,10.8282,78.6854,16,850.0,09:00-21:30,"POS,UPI,CARD,ONLINE",Low-value card testing bots,0.008,20,13213.14,INR,PURCHASE,CARD,MOBILE_APP,1,0,Bengaluru,5.0,0,0,1,DEV-SOWMIYA-ONEPLUS-11,mobile_android,0,BEN-CUST_SOWMIYA_003-TRUSTED,Trusted Household Vendor,8,0,4,20,0,0,0,None,Resolved Genuine,Standard Habitual Purchase,0
TXN-CUST_SOWMIYA_003-10540,2026-07-28 21:44:16,2026-07-28,21:44:16,21,1,0,0,CUST_SOWMIYA_003,55,Bengaluru,Karnataka,High Risk / 26% Fraud Rate,M009,RapidFuel Station,Fuel Station,"Petrol, Diesel & EV Fast Charge",Salem,Fairlands,Tamil Nadu,636016,11.6643,78.146,9,3100.0,24_HOURS,"POS,FLEET_CARD,UPI",Automated fleet card skimming,0.024,60,28194.58,INR,PURCHASE,POS,MOBILE_APP,1,0,Bengaluru,1.0,0,0,1,DEV-SOWMIYA-ONEPLUS-11,mobile_android,0,BEN-CUST_SOWMIYA_003-TRUSTED,Trusted Household Vendor,14,0,4,24,0,0,0,None,Resolved Genuine,Standard Habitual Purchase,0
TXN-CUST_SOWMIYA_003-10541,2026-07-28 23:12:59,2026-07-28,23:12:59,23,1,0,1,CUST_SOWMIYA_003,55,Bengaluru,Karnataka,High Risk / 26% Fraud Rate,M009,RapidFuel Station,Fuel Station,"Petrol, Diesel & EV Fast Charge",Salem,Fairlands,Tamil Nadu,636016,11.6643,78.146,9,3100.0,24_HOURS,"POS,FLEET_CARD,UPI",Automated fleet card skimming,0.024,60,26446.66,INR,PURCHASE,FLEET_CARD,MOBILE_APP,1,0,Bengaluru,12.0,0,0,1,DEV-SOWMIYA-ONEPLUS-11,mobile_android,0,BEN-CUST_SOWMIYA_003-TRUSTED,Trusted Household Vendor,5,0,3,21,0,0,0,None,Resolved Genuine,Standard Habitual Purchase,0
TXN-CUST_SOWMIYA_003-10542,2026-07-29 00:37:41,2026-07-29,00:37:41,0,2,0,1,CUST_SOWMIYA_003,55,Bengaluru,Karnataka,High Risk / 26% Fraud Rate,M018,PageTurn Book House,Bookstore,"Academic, Fiction & Stationery",Trichy,Thillai Nagar,Tamil Nadu,620018,10.8282,78.6854,16,850.0,09:00-21:30,"POS,UPI,CARD,ONLINE",Low-value card testing bots,0.008,20,27329.55,INR,PURCHASE,ONLINE,MOBILE_APP,1,0,Bengaluru,5.0,0,0,1,DEV-SOWMIYA-ONEPLUS-11,mobile_android,0,BEN-CUST_SOWMIYA_003-TRUSTED,Trusted Household Vendor,3,0,3,14,0,0,0,None,Resolved Genuine,Standard Habitual Purchase,0
TXN-CUST_SOWMIYA_003-10543,2026-07-29 02:05:57,2026-07-29,02:05:57,2,2,0,1,CUST_SOWMIYA_003,55,Bengaluru,Karnataka,High Risk / 26% Fraud Rate,M023,SwiftBox Logistics,Courier / Logistics,Express Parcel & Freight Delivery,Tiruppur,Avinashi Road,Tamil Nadu,641603,11.1085,77.3411,9,4200.0,08:00-21:00,"POS,UPI,CARD,ONLINE",Interception fraud / address redirection,0.02,50,32125.06,INR,PURCHASE,POS,MOBILE_APP,1,0,Bengaluru,7.0,0,0,1,DEV-SOWMIYA-ONEPLUS-11,mobile_android,0,BEN-CUST_SOWMIYA_003-TRUSTED,Trusted Household Vendor,10,0,4,24,0,0,0,None,Resolved Genuine,Standard Habitual Purchase,0
TXN-CUST_SOWMIYA_003-10544,2026-07-29 03:29:52,2026-07-29,03:29:52,3,2,0,1,CUST_SOWMIYA_003,55,Bengaluru,Karnataka,High Risk / 26% Fraud Rate,M029,CloudDesk Digital,Software / Digital Services,Cloud Infrastructure & SaaS Tools,Bengaluru,Whitefield,Karnataka,560066,12.9698,77.7499,7,19800.0,24_HOURS,"ONLINE,CARD,TRANSFER",Cryptomining VM rental with stolen credit cards,0.058,145,32426.9,INR,PURCHASE,CARD,MOBILE_APP,0,0,Bengaluru,9.0,0,0,1,DEV-SOWMIYA-ONEPLUS-11,mobile_android,0,BEN-CUST_SOWMIYA_003-TRUSTED,Trusted Household Vendor,11,0,2,12,0,0,0,None,Resolved Genuine,Standard Habitual Purchase,0
TXN-CUST_SOWMIYA_003-10545,2026-07-29 04:55:39,2026-07-29,04:55:39,4,2,0,1,CUST_SOWMIYA_003,55,Bengaluru,Karnataka,High Risk / 26% Fraud Rate,M002,CircuitBay Electronics,Consumer Electronics,Laptops & Gadgets,Chennai,Velachery,Tamil Nadu,600042,12.9759,80.2212,6,32000.0,10:00-21:30,"POS,ONLINE,EMI,UPI",Stolen payment details / high-ticket electronics delivery,0.048,120,38608.34,INR,PURCHASE,POS,MOBILE_APP,1,0,Bengaluru,3.0,0,0,1,DEV-SOWMIYA-ONEPLUS-11,mobile_android,0,BEN-CUST_SOWMIYA_003-TRUSTED,Trusted Household Vendor,9,0,2,16,0,0,0,None,Resolved Genuine,Standard Habitual Purchase,0
TXN-CUST_SOWMIYA_003-10546,2026-07-29 06:20:36,2026-07-29,06:20:36,6,2,0,0,CUST_SOWMIYA_003,55,Bengaluru,Karnataka,High Risk / 26% Fraud Rate,M015,HomeSphere Appliances,Home Appliances,"Refrigerators, ACs & Kitchen Tech",Coimbatore,Saibaba Colony,Tamil Nadu,641011,11.0315,76.945,9,27500.0,09:30-21:00,"POS,EMI,CARD,UPI",Carding attacks with immediate in-store pickup,0.038,95,12318.13,INR,PURCHASE,UPI,MOBILE_APP,1,0,Bengaluru,6.0,0,0,1,DEV-SOWMIYA-ONEPLUS-11,mobile_android,0,BEN-CUST_SOWMIYA_003-TRUSTED,Trusted Household Vendor,4,1,4,18,0,0,0,None,Resolved Genuine,Standard Habitual Purchase,0
TXN-CUST_SOWMIYA_003-10547,2026-07-29 07:46:00,2026-07-29,07:46:00,7,2,0,0,CUST_SOWMIYA_003,55,Bengaluru,Karnataka,High Risk / 26% Fraud Rate,M024,LinkWave Telecom,Telecom Retail,Fiber Broadband & Postpaid Plans,Erode,Perundurai Road,Tamil Nadu,638011,11.341,77.7172,10,1950.0,09:30-20:30,"UPI,CARD,ONLINE,POS",SIM swap bill recharge surges,0.017,42,35929.45,INR,PURCHASE,POS,MOBILE_APP,1,0,Bengaluru,9.0,0,0,1,DEV-SOWMIYA-ONEPLUS-11,mobile_android,0,BEN-CUST_SOWMIYA_003-TRUSTED,Trusted Household Vendor,4,0,2,16,0,0,0,None,Resolved Genuine,Standard Habitual Purchase,0
TXN-CUST_SOWMIYA_003-10548,2026-07-29 09:11:14,2026-07-29,09:11:14,9,2,0,0,CUST_SOWMIYA_003,55,Bengaluru,Karnataka,High Risk / 26% Fraud Rate,M016,MotoCare Garage,Auto Service,Car Service & Detailing Hub,Chennai,Pallikaranai,Tamil Nadu,600100,12.9372,80.2014,7,8900.0,08:30-20:30,"POS,UPI,CARD",Over-invoicing / synthetic card payments,0.021,52,44553.96,INR,PURCHASE,UPI,MOBILE_APP,1,0,Bengaluru,10.0,0,0,1,DEV-SOWMIYA-ONEPLUS-11,mobile_android,0,BEN-CUST_SOWMIYA_003-TRUSTED,Trusted Household Vendor,5,0,1,14,0,0,0,None,Resolved Genuine,Standard Habitual Purchase,0
TXN-CUST_SOWMIYA_003-10549,2026-07-29 10:35:47,2026-07-29,10:35:47,10,2,0,0,CUST_SOWMIYA_003,55,Bengaluru,Karnataka,High Risk / 26% Fraud Rate,M004,Aurelia Gold House,Jewellery,Gold & Diamond Jewellery,Coimbatore,RS Puram,Tamil Nadu,641002,11.0089,76.9514,14,78000.0,10:00-20:30,"POS,CARD,TRANSFER",Account takeover / card-not-present luxury surge,0.065,162,41500.01,INR,PURCHASE,TRANSFER,MOBILE_APP,1,0,Bengaluru,13.0,0,0,1,DEV-SOWMIYA-ONEPLUS-11,mobile_android,0,BEN-CUST_SOWMIYA_003-TRUSTED,Trusted Household Vendor,5,0,3,19,0,0,0,None,Resolved Genuine,Standard Habitual Purchase,0
TXN-CUST_SOWMIYA_003-10550,2026-07-29 12:00:37,2026-07-29,12:00:37,12,2,0,0,CUST_SOWMIYA_003,55,Bengaluru,Karnataka,High Risk / 26% Fraud Rate,M012,DashDine Delivery,Food Delivery,Quick Commerce & Meal Delivery,Chennai,Sholinganallur,Tamil Nadu,600119,12.901,80.2279,4,520.0,06:00-02:00,"UPI,CARD,ONLINE,WALLET",Promo code abuse / stolen wallet balances,0.014,35,34391.0,INR,PURCHASE,UPI,MOBILE_APP,0,0,Bengaluru,5.0,0,0,1,DEV-SOWMIYA-ONEPLUS-11,mobile_android,0,BEN-CUST_SOWMIYA_003-TRUSTED,Trusted Household Vendor,15,1,4,19,0,0,0,None,Resolved Genuine,Standard Habitual Purchase,0
TXN-CUST_SOWMIYA_003-10551,2026-07-29 13:27:29,2026-07-29,13:27:29,13,2,0,0,CUST_SOWMIYA_003,55,Bengaluru,Karnataka,High Risk / 26% Fraud Rate,M003,Pulse Mobile Hub,Mobile Store,Smartphones & Accessories,Chennai,Tambaram,Tamil Nadu,600045,12.9249,80.1278,4,18500.0,09:30-21:30,"POS,UPI,CARD",New device abuse / rapid checkout surge,0.035,87,44816.96,INR,PURCHASE,UPI,MOBILE_APP,1,0,Bengaluru,9.0,0,0,1,DEV-SOWMIYA-ONEPLUS-11,mobile_android,0,BEN-CUST_SOWMIYA_003-TRUSTED,Trusted Household Vendor,11,0,1,6,0,0,0,None,Resolved Genuine,Standard Habitual Purchase,0
TXN-CUST_SOWMIYA_003-10552,2026-07-29 14:56:28,2026-07-29,14:56:28,14,2,0,0,CUST_SOWMIYA_003,55,Bengaluru,Karnataka,High Risk / 26% Fraud Rate,M004,Aurelia Gold House,Jewellery,Gold & Diamond Jewellery,Coimbatore,RS Puram,Tamil Nadu,641002,11.0089,76.9514,14,78000.0,10:00-20:30,"POS,CARD,TRANSFER",Account takeover / card-not-present luxury surge,0.065,162,171856.55,INR,P2P_TRANSFER,CARD,WEB_PORTAL,0,1,Moscow,5180.0,1,1,0,DEV-ROGUE-EMULATOR-626,unknown_bot,1,BEN-MULE-2695,QuickMule Transfer 17,0,5,23,98,3,1,1,Mule-account behavior,Pre-auth Block,Automated high-velocity attack from unknown device,1
TXN-CUST_SOWMIYA_003-10553,2026-07-29 16:20:13,2026-07-29,16:20:13,16,2,0,0,CUST_SOWMIYA_003,55,Bengaluru,Karnataka,High Risk / 26% Fraud Rate,M008,BeanCircuit Cafe,Cafe,Specialty Coffee & Bakery,Bengaluru,Indiranagar,Karnataka,560038,12.9784,77.6408,3,650.0,07:30-23:00,"UPI,POS,CARD",QR code spoofing / fast velocity dining,0.009,22,19092.79,INR,PURCHASE,POS,MOBILE_APP,1,0,Bengaluru,9.0,0,0,1,DEV-SOWMIYA-ONEPLUS-11,mobile_android,0,BEN-CUST_SOWMIYA_003-TRUSTED,Trusted Household Vendor,12,0,4,25,0,0,0,None,Resolved Genuine,Standard Habitual Purchase,0
TXN-CUST_SOWMIYA_003-10554,2026-07-29 17:47:48,2026-07-29,17:47:48,17,2,0,0,CUST_SOWMIYA_003,55,Bengaluru,Karnataka,High Risk / 26% Fraud Rate,M021,GlowCraft Salon,Salon / Beauty,Spa & Grooming Studio,Chennai,Porur,Tamil Nadu,600116,13.0382,80.1565,5,2800.0,09:00-21:00,"POS,UPI,CARD",Unusual late-night transaction spikes,0.011,27,42590.81,INR,PURCHASE,POS,MOBILE_APP,1,0,Bengaluru,7.0,0,0,1,DEV-SOWMIYA-ONEPLUS-11,mobile_android,0,BEN-CUST_SOWMIYA_003-TRUSTED,Trusted Household Vendor,8,1,1,7,0,0,0,None,Resolved Genuine,Standard Habitual Purchase,0
TXN-CUST_SOWMIYA_003-10555,2026-07-29 19:11:25,2026-07-29,19:11:25,19,2,0,0,CUST_SOWMIYA_003,55,Bengaluru,Karnataka,High Risk / 26% Fraud Rate,M027,BrickHarbor Realty,Real Estate / Property Services,Rental Escrow & Facility Management,Chennai,Porur,Tamil Nadu,600116,13.035,80.16,11,65000.0,09:00-19:00,"TRANSFER,NETBANKING,CARD",Security deposit phishing / escrow hijacking,0.039,97,30916.23,INR,PURCHASE,TRANSFER,MOBILE_APP,0,0,Bengaluru,1.0,0,0,1,DEV-SOWMIYA-ONEPLUS-11,mobile_android,0,BEN-CUST_SOWMIYA_003-TRUSTED,Trusted Household Vendor,3,1,4,25,0,0,0,None,Resolved Genuine,Standard Habitual Purchase,0
TXN-CUST_SOWMIYA_003-10556,2026-07-29 20:38:09,2026-07-29,20:38:09,20,2,0,0,CUST_SOWMIYA_003,55,Bengaluru,Karnataka,High Risk / 26% Fraud Rate,M012,DashDine Delivery,Food Delivery,Quick Commerce & Meal Delivery,Chennai,Sholinganallur,Tamil Nadu,600119,12.901,80.2279,4,520.0,06:00-02:00,"UPI,CARD,ONLINE,WALLET",Promo code abuse / stolen wallet balances,0.014,35,12360.24,INR,PURCHASE,ONLINE,MOBILE_APP,0,0,Bengaluru,3.0,0,0,1,DEV-SOWMIYA-ONEPLUS-11,mobile_android,0,BEN-CUST_SOWMIYA_003-TRUSTED,Trusted Household Vendor,5,1,1,10,0,0,0,None,Resolved Genuine,Standard Habitual Purchase,0
TXN-CUST_SOWMIYA_003-10557,2026-07-29 22:04:56,2026-07-29,22:04:56,22,2,0,0,CUST_SOWMIYA_003,55,Bengaluru,Karnataka,High Risk / 26% Fraud Rate,M006,MedicoCare Pharmacy,Pharmacy,Medicines & Surgical Supplies,Madurai,KK Nagar,Tamil Nadu,625020,9.9252,78.1498,10,1450.0,24_HOURS,"POS,UPI,CARD,ONLINE",Nighttime micro card testing,0.015,37,34863.85,INR,PURCHASE,POS,MOBILE_APP,1,0,Bengaluru,15.0,0,0,1,DEV-SOWMIYA-ONEPLUS-11,mobile_android,0,BEN-CUST_SOWMIYA_003-TRUSTED,Trusted Household Vendor,3,0,2,10,0,0,0,None,Resolved Genuine,Standard Habitual Purchase,0
TXN-CUST_SOWMIYA_003-10558,2026-07-29 23:34:17,2026-07-29,23:34:17,23,2,0,1,CUST_SOWMIYA_003,55,Bengaluru,Karnataka,High Risk / 26% Fraud Rate,M006,MedicoCare Pharmacy,Pharmacy,Medicines & Surgical Supplies,Madurai,KK Nagar,Tamil Nadu,625020,9.9252,78.1498,10,1450.0,24_HOURS,"POS,UPI,CARD,ONLINE",Nighttime micro card testing,0.015,37,32607.56,INR,PURCHASE,ONLINE,MOBILE_APP,1,0,Bengaluru,15.0,0,0,1,DEV-SOWMIYA-ONEPLUS-11,mobile_android,0,BEN-CUST_SOWMIYA_003-TRUSTED,Trusted Household Vendor,7,0,4,23,0,0,0,None,Resolved Genuine,Standard Habitual Purchase,0
TXN-CUST_SOWMIYA_003-10559,2026-07-30 01:01:31,2026-07-30,01:01:31,1,3,0,1,CUST_SOWMIYA_003,55,Bengaluru,Karnataka,High Risk / 26% Fraud Rate,M028,CraftCove Home Decor,Home Decor,Handicrafts & Art Pieces,Thanjavur,Medical College Road,Tamil Nadu,613004,10.7684,79.1245,8,7400.0,09:30-20:30,"POS,UPI,CARD,ONLINE",Cross-border tourist chargebacks,0.023,57,31890.8,INR,PURCHASE,CARD,MOBILE_APP,1,0,Bengaluru,6.0,0,0,1,DEV-SOWMIYA-ONEPLUS-11,mobile_android,0,BEN-CUST_SOWMIYA_003-TRUSTED,Trusted Household Vendor,14,0,4,22,0,0,0,None,Resolved Genuine,Standard Habitual Purchase,0
TXN-CUST_SOWMIYA_003-10560,2026-07-30 02:29:54,2026-07-30,02:29:54,2,3,0,1,CUST_SOWMIYA_003,55,Bengaluru,Karnataka,High Risk / 26% Fraud Rate,M006,MedicoCare Pharmacy,Pharmacy,Medicines & Surgical Supplies,Madurai,KK Nagar,Tamil Nadu,625020,9.9252,78.1498,10,1450.0,24_HOURS,"POS,UPI,CARD,ONLINE",Nighttime micro card testing,0.015,37,23251.96,INR,PURCHASE,UPI,MOBILE_APP,1,0,Bengaluru,7.0,0,0,1,DEV-SOWMIYA-ONEPLUS-11,mobile_android,0,BEN-CUST_SOWMIYA_003-TRUSTED,Trusted Household Vendor,13,0,3,14,0,0,0,None,Resolved Genuine,Standard Habitual Purchase,0
TXN-CUST_SOWMIYA_003-10561,2026-07-30 03:55:00,2026-07-30,03:55:00,3,3,0,1,CUST_SOWMIYA_003,55,Bengaluru,Karnataka,High Risk / 26% Fraud Rate,M013,CartNest Online,E-commerce,Multi-category Marketplace,Chennai,Guindy,Tamil Nadu,600032,13.0067,80.2026,5,6200.0,24_HOURS,"ONLINE,UPI,CARD,NETBANKING",Account takeover + triangulation shipping fraud,0.045,112,15601.78,INR,P2P_TRANSFER,NETBANKING,WEB_PORTAL,0,1,Lagos,4811.0,1,1,0,DEV-ROGUE-EMULATOR-897,unknown_bot,1,BEN-MULE-4074,QuickMule Transfer 40,0,8,13,57,4,1,0,Credential compromise,Pre-auth Block,Automated high-velocity attack from unknown device,1
TXN-CUST_SOWMIYA_003-10562,2026-07-30 05:23:36,2026-07-30,05:23:36,5,3,0,1,CUST_SOWMIYA_003,55,Bengaluru,Karnataka,High Risk / 26% Fraud Rate,M026,GreenLeaf Wellness,Health & Wellness,Organic Nutrition & Ayurveda,Trichy,Srirangam,Tamil Nadu,620006,10.8624,78.6947,6,2100.0,08:00-21:00,"POS,UPI,ONLINE,CARD",Subscription card stuffing,0.013,32,25892.21,INR,PURCHASE,POS,MOBILE_APP,1,0,Bengaluru,13.0,0,0,1,DEV-SOWMIYA-ONEPLUS-11,mobile_android,0,BEN-CUST_SOWMIYA_003-TRUSTED,Trusted Household Vendor,9,0,4,24,0,0,0,None,Resolved Genuine,Standard Habitual Purchase,0
TXN-CUST_SOWMIYA_003-10563,2026-07-30 06:51:37,2026-07-30,06:51:37,6,3,0,0,CUST_SOWMIYA_003,55,Bengaluru,Karnataka,High Risk / 26% Fraud Rate,M001,NovaMart Fresh,Grocery & Supermarket,Supermarket / Hypermarket,Chennai,T Nagar,Tamil Nadu,600017,13.0418,80.2341,8,1250.0,07:00-22:30,"POS,UPI,CARD,ONLINE",Card testing / micro-burst velocity,0.012,30,3952.27,INR,P2P_TRANSFER,POS,WEB_PORTAL,0,1,Dubai,4950.0,1,1,0,DEV-ROGUE-EMULATOR-885,unknown_bot,1,BEN-MULE-7405,QuickMule Transfer 76,0,8,31,130,2,3,1,Credential compromise,Pre-auth Block,Automated high-velocity attack from unknown device,1
TXN-CUST_SOWMIYA_003-10564,2026-07-30 08:16:39,2026-07-30,08:16:39,8,3,0,0,CUST_SOWMIYA_003,55,Bengaluru,Karnataka,High Risk / 26% Fraud Rate,M020,GameGrid Arena,Gaming,"Esports, Consoles & Virtual Credits",Bengaluru,Koramangala,Karnataka,560095,12.9352,77.6245,4,3400.0,10:00-01:00,"ONLINE,UPI,CARD,WALLET",Virtual item laundering & bot-driven micro transactions,0.055,137,12592.22,INR,PURCHASE,WALLET,MOBILE_APP,0,0,Bengaluru,1.0,0,0,1,DEV-SOWMIYA-ONEPLUS-11,mobile_android,0,BEN-CUST_SOWMIYA_003-TRUSTED,Trusted Household Vendor,11,0,3,16,0,0,0,None,Resolved Genuine,Standard Habitual Purchase,0
TXN-CUST_SOWMIYA_003-10565,2026-07-30 09:41:45,2026-07-30,09:41:45,9,3,0,0,CUST_SOWMIYA_003,55,Bengaluru,Karnataka,High Risk / 26% Fraud Rate,M002,CircuitBay Electronics,Consumer Electronics,Laptops & Gadgets,Chennai,Velachery,Tamil Nadu,600042,12.9759,80.2212,6,32000.0,10:00-21:30,"POS,ONLINE,EMI,UPI",Stolen payment details / high-ticket electronics delivery,0.048,120,34445.34,INR,PURCHASE,UPI,MOBILE_APP,1,0,Bengaluru,8.0,0,0,1,DEV-SOWMIYA-ONEPLUS-11,mobile_android,0,BEN-CUST_SOWMIYA_003-TRUSTED,Trusted Household Vendor,3,0,3,17,0,0,0,None,Resolved Genuine,Standard Habitual Purchase,0
TXN-CUST_SOWMIYA_003-10566,2026-07-30 11:06:14,2026-07-30,11:06:14,11,3,0,0,CUST_SOWMIYA_003,55,Bengaluru,Karnataka,High Risk / 26% Fraud Rate,M012,DashDine Delivery,Food Delivery,Quick Commerce & Meal Delivery,Chennai,Sholinganallur,Tamil Nadu,600119,12.901,80.2279,4,520.0,06:00-02:00,"UPI,CARD,ONLINE,WALLET",Promo code abuse / stolen wallet balances,0.014,35,37557.96,INR,PURCHASE,UPI,MOBILE_APP,0,0,Bengaluru,6.0,0,0,1,DEV-SOWMIYA-ONEPLUS-11,mobile_android,0,BEN-CUST_SOWMIYA_003-TRUSTED,Trusted Household Vendor,14,1,4,19,0,0,0,None,Resolved Genuine,Standard Habitual Purchase,0
TXN-CUST_SOWMIYA_003-10567,2026-07-30 12:35:03,2026-07-30,12:35:03,12,3,0,0,CUST_SOWMIYA_003,55,Bengaluru,Karnataka,High Risk / 26% Fraud Rate,M003,Pulse Mobile Hub,Mobile Store,Smartphones & Accessories,Chennai,Tambaram,Tamil Nadu,600045,12.9249,80.1278,4,18500.0,09:30-21:30,"POS,UPI,CARD",New device abuse / rapid checkout surge,0.035,87,35048.43,INR,PURCHASE,CARD,MOBILE_APP,1,0,Bengaluru,1.0,0,0,1,DEV-SOWMIYA-ONEPLUS-11,mobile_android,0,BEN-CUST_SOWMIYA_003-TRUSTED,Trusted Household Vendor,15,0,3,15,0,0,0,None,Resolved Genuine,Standard Habitual Purchase,0
TXN-CUST_SOWMIYA_003-10568,2026-07-30 14:04:13,2026-07-30,14:04:13,14,3,0,0,CUST_SOWMIYA_003,55,Bengaluru,Karnataka,High Risk / 26% Fraud Rate,M009,RapidFuel Station,Fuel Station,"Petrol, Diesel & EV Fast Charge",Salem,Fairlands,Tamil Nadu,636016,11.6643,78.146,9,3100.0,24_HOURS,"POS,FLEET_CARD,UPI",Automated fleet card skimming,0.024,60,25434.26,INR,PURCHASE,POS,MOBILE_APP,1,0,Bengaluru,7.0,0,0,1,DEV-SOWMIYA-ONEPLUS-11,mobile_android,0,BEN-CUST_SOWMIYA_003-TRUSTED,Trusted Household Vendor,12,0,3,16,0,0,0,None,Resolved Genuine,Standard Habitual Purchase,0
TXN-CUST_SOWMIYA_003-10569,2026-07-30 15:28:05,2026-07-30,15:28:05,15,3,0,0,CUST_SOWMIYA_003,55,Bengaluru,Karnataka,High Risk / 26% Fraud Rate,M012,DashDine Delivery,Food Delivery,Quick Commerce & Meal Delivery,Chennai,Sholinganallur,Tamil Nadu,600119,12.901,80.2279,4,520.0,06:00-02:00,"UPI,CARD,ONLINE,WALLET",Promo code abuse / stolen wallet balances,0.014,35,1315.49,INR,P2P_TRANSFER,UPI,WEB_PORTAL,0,1,Lagos,1628.0,1,1,0,DEV-ROGUE-EMULATOR-781,unknown_bot,1,BEN-MULE-9714,QuickMule Transfer 11,0,11,35,144,3,3,0,Mule-account behavior,Pre-auth Block,Automated high-velocity attack from unknown device,1
TXN-CUST_SOWMIYA_003-10570,2026-07-30 16:52:22,2026-07-30,16:52:22,16,3,0,0,CUST_SOWMIYA_003,55,Bengaluru,Karnataka,High Risk / 26% Fraud Rate,M028,CraftCove Home Decor,Home Decor,Handicrafts & Art Pieces,Thanjavur,Medical College Road,Tamil Nadu,613004,10.7684,79.1245,8,7400.0,09:30-20:30,"POS,UPI,CARD,ONLINE",Cross-border tourist chargebacks,0.023,57,25715.82,INR,PURCHASE,UPI,MOBILE_APP,1,0,Bengaluru,3.0,0,0,1,DEV-SOWMIYA-ONEPLUS-11,mobile_android,0,BEN-CUST_SOWMIYA_003-TRUSTED,Trusted Household Vendor,13,0,4,18,0,0,0,None,Resolved Genuine,Standard Habitual Purchase,0
TXN-CUST_SOWMIYA_003-10571,2026-07-30 18:17:47,2026-07-30,18:17:47,18,3,0,0,CUST_SOWMIYA_003,55,Bengaluru,Karnataka,High Risk / 26% Fraud Rate,M011,SkyTrail Travels,Travel Agency,Flight & International Tour Packages,Coimbatore,Gandhipuram,Tamil Nadu,641012,11.0183,76.9664,11,44000.0,09:00-20:00,"ONLINE,TRANSFER,CARD",Mule-account ticket arbitrage & fast cancellation fraud,0.052,130,164147.15,INR,P2P_TRANSFER,CARD,WEB_PORTAL,0,0,Unknown Proxy,5435.0,1,1,0,DEV-ROGUE-EMULATOR-267,unknown_bot,1,BEN-MULE-5618,QuickMule Transfer 70,0,11,29,122,2,2,0,Credential compromise,Pre-auth Block,Automated high-velocity attack from unknown device,1
TXN-CUST_SOWMIYA_003-10572,2026-07-30 19:44:50,2026-07-30,19:44:50,19,3,0,0,CUST_SOWMIYA_003,55,Bengaluru,Karnataka,High Risk / 26% Fraud Rate,M018,PageTurn Book House,Bookstore,"Academic, Fiction & Stationery",Trichy,Thillai Nagar,Tamil Nadu,620018,10.8282,78.6854,16,850.0,09:00-21:30,"POS,UPI,CARD,ONLINE",Low-value card testing bots,0.008,20,20977.4,INR,PURCHASE,UPI,MOBILE_APP,1,0,Bengaluru,5.0,0,0,1,DEV-SOWMIYA-ONEPLUS-11,mobile_android,0,BEN-CUST_SOWMIYA_003-TRUSTED,Trusted Household Vendor,5,0,3,21,0,0,0,None,Resolved Genuine,Standard Habitual Purchase,0
TXN-CUST_SOWMIYA_003-10573,2026-07-30 21:13:59,2026-07-30,21:13:59,21,3,0,0,CUST_SOWMIYA_003,55,Bengaluru,Karnataka,High Risk / 26% Fraud Rate,M016,MotoCare Garage,Auto Service,Car Service & Detailing Hub,Chennai,Pallikaranai,Tamil Nadu,600100,12.9372,80.2014,7,8900.0,08:30-20:30,"POS,UPI,CARD",Over-invoicing / synthetic card payments,0.021,52,36580.25,INR,P2P_TRANSFER,POS,WEB_PORTAL,0,1,Lagos,1860.0,1,1,0,DEV-ROGUE-EMULATOR-913,unknown_bot,1,BEN-MULE-6504,QuickMule Transfer 78,0,8,25,106,2,4,1,Credential compromise,Pre-auth Block,Automated high-velocity attack from unknown device,1
TXN-CUST_SOWMIYA_003-10574,2026-07-30 22:39:27,2026-07-30,22:39:27,22,3,0,0,CUST_SOWMIYA_003,55,Bengaluru,Karnataka,High Risk / 26% Fraud Rate,M005,UrbanThread Studio,Fashion / Apparel,Designer & Ready-to-wear,Chennai,Anna Nagar,Tamil Nadu,600040,13.085,80.2101,5,4800.0,10:30-22:00,"POS,ONLINE,UPI,CARD",Refund abuse / credential stuffing,0.022,55,32655.12,INR,PURCHASE,CARD,MOBILE_APP,1,0,Bengaluru,15.0,0,0,1,DEV-SOWMIYA-ONEPLUS-11,mobile_android,0,BEN-CUST_SOWMIYA_003-TRUSTED,Trusted Household Vendor,9,1,4,26,0,0,0,None,Resolved Genuine,Standard Habitual Purchase,0
TXN-CUST_SOWMIYA_003-10575,2026-07-31 00:06:00,2026-07-31,00:06:00,0,4,0,1,CUST_SOWMIYA_003,55,Bengaluru,Karnataka,High Risk / 26% Fraud Rate,M016,MotoCare Garage,Auto Service,Car Service & Detailing Hub,Chennai,Pallikaranai,Tamil Nadu,600100,12.9372,80.2014,7,8900.0,08:30-20:30,"POS,UPI,CARD",Over-invoicing / synthetic card payments,0.021,52,26886.4,INR,P2P_TRANSFER,POS,WEB_PORTAL,0,0,Unknown Proxy,3313.0,1,1,0,DEV-ROGUE-EMULATOR-437,unknown_bot,1,BEN-MULE-2893,QuickMule Transfer 88,0,11,21,89,2,2,1,Credential compromise,Pre-auth Block,Automated high-velocity attack from unknown device,1
TXN-CUST_SOWMIYA_003-10576,2026-07-31 01:31:53,2026-07-31,01:31:53,1,4,0,1,CUST_SOWMIYA_003,55,Bengaluru,Karnataka,High Risk / 26% Fraud Rate,M029,CloudDesk Digital,Software / Digital Services,Cloud Infrastructure & SaaS Tools,Bengaluru,Whitefield,Karnataka,560066,12.9698,77.7499,7,19800.0,24_HOURS,"ONLINE,CARD,TRANSFER",Cryptomining VM rental with stolen credit cards,0.058,145,81883.22,INR,P2P_TRANSFER,TRANSFER,WEB_PORTAL,0,1,Moscow,2690.0,1,1,0,DEV-ROGUE-EMULATOR-716,unknown_bot,1,BEN-MULE-5082,QuickMule Transfer 76,0,11,22,90,2,2,1,Account takeover,Pre-auth Block,Automated high-velocity attack from unknown device,1
TXN-CUST_SOWMIYA_003-10577,2026-07-31 02:55:57,2026-07-31,02:55:57,2,4,0,1,CUST_SOWMIYA_003,55,Bengaluru,Karnataka,High Risk / 26% Fraud Rate,M027,BrickHarbor Realty,Real Estate / Property Services,Rental Escrow & Facility Management,Chennai,Porur,Tamil Nadu,600116,13.035,80.16,11,65000.0,09:00-19:00,"TRANSFER,NETBANKING,CARD",Security deposit phishing / escrow hijacking,0.039,97,20934.96,INR,PURCHASE,CARD,MOBILE_APP,0,0,Bengaluru,9.0,0,0,1,DEV-SOWMIYA-ONEPLUS-11,mobile_android,0,BEN-CUST_SOWMIYA_003-TRUSTED,Trusted Household Vendor,10,0,3,17,0,0,0,None,Resolved Genuine,Standard Habitual Purchase,0
TXN-CUST_SOWMIYA_003-10578,2026-07-31 04:21:53,2026-07-31,04:21:53,4,4,0,1,CUST_SOWMIYA_003,55,Bengaluru,Karnataka,High Risk / 26% Fraud Rate,M026,GreenLeaf Wellness,Health & Wellness,Organic Nutrition & Ayurveda,Trichy,Srirangam,Tamil Nadu,620006,10.8624,78.6947,6,2100.0,08:00-21:00,"POS,UPI,ONLINE,CARD",Subscription card stuffing,0.013,32,7013.89,INR,P2P_TRANSFER,CARD,WEB_PORTAL,0,1,Singapore,4555.0,1,1,0,DEV-ROGUE-EMULATOR-171,unknown_bot,1,BEN-MULE-4932,QuickMule Transfer 17,0,12,24,98,3,2,0,Credential compromise,Pre-auth Block,Automated high-velocity attack from unknown device,1
TXN-CUST_SOWMIYA_003-10579,2026-07-31 05:49:14,2026-07-31,05:49:14,5,4,0,1,CUST_SOWMIYA_003,55,Bengaluru,Karnataka,High Risk / 26% Fraud Rate,M011,SkyTrail Travels,Travel Agency,Flight & International Tour Packages,Coimbatore,Gandhipuram,Tamil Nadu,641012,11.0183,76.9664,11,44000.0,09:00-20:00,"ONLINE,TRANSFER,CARD",Mule-account ticket arbitrage & fast cancellation fraud,0.052,130,32374.49,INR,PURCHASE,ONLINE,MOBILE_APP,0,0,Bengaluru,9.0,0,0,1,DEV-SOWMIYA-ONEPLUS-11,mobile_android,0,BEN-CUST_SOWMIYA_003-TRUSTED,Trusted Household Vendor,6,1,3,20,0,0,0,None,Resolved Genuine,Standard Habitual Purchase,0
TXN-CUST_SOWMIYA_003-10580,2026-07-31 07:12:50,2026-07-31,07:12:50,7,4,0,0,CUST_SOWMIYA_003,55,Bengaluru,Karnataka,High Risk / 26% Fraud Rate,M023,SwiftBox Logistics,Courier / Logistics,Express Parcel & Freight Delivery,Tiruppur,Avinashi Road,Tamil Nadu,641603,11.1085,77.3411,9,4200.0,08:00-21:00,"POS,UPI,CARD,ONLINE",Interception fraud / address redirection,0.02,50,15864.34,INR,PURCHASE,POS,MOBILE_APP,1,0,Bengaluru,11.0,0,0,1,DEV-SOWMIYA-ONEPLUS-11,mobile_android,0,BEN-CUST_SOWMIYA_003-TRUSTED,Trusted Household Vendor,6,0,2,13,0,0,0,None,Resolved Genuine,Standard Habitual Purchase,0
TXN-CUST_SOWMIYA_003-10581,2026-07-31 08:41:16,2026-07-31,08:41:16,8,4,0,0,CUST_SOWMIYA_003,55,Bengaluru,Karnataka,High Risk / 26% Fraud Rate,M022,SkillSpring Academy,Education / Training,Professional Certifications & Tech Bootcamps,Chennai,Mylapore,Tamil Nadu,600004,13.0368,80.2676,8,22000.0,08:30-19:30,"ONLINE,NETBANKING,CARD,UPI",Stolen corporate card enrollments,0.028,70,17428.12,INR,PURCHASE,UPI,MOBILE_APP,0,0,Bengaluru,15.0,0,0,1,DEV-SOWMIYA-ONEPLUS-11,mobile_android,0,BEN-CUST_SOWMIYA_003-TRUSTED,Trusted Household Vendor,4,0,4,20,0,0,0,None,Resolved Genuine,Standard Habitual Purchase,0
TXN-CUST_SOWMIYA_003-10582,2026-07-31 10:06:22,2026-07-31,10:06:22,10,4,0,0,CUST_SOWMIYA_003,55,Bengaluru,Karnataka,High Risk / 26% Fraud Rate,M015,HomeSphere Appliances,Home Appliances,"Refrigerators, ACs & Kitchen Tech",Coimbatore,Saibaba Colony,Tamil Nadu,641011,11.0315,76.945,9,27500.0,09:30-21:00,"POS,EMI,CARD,UPI",Carding attacks with immediate in-store pickup,0.038,95,41229.41,INR,PURCHASE,POS,MOBILE_APP,1,0,Bengaluru,6.0,0,0,1,DEV-SOWMIYA-ONEPLUS-11,mobile_android,0,BEN-CUST_SOWMIYA_003-TRUSTED,Trusted Household Vendor,15,0,1,8,0,0,0,None,Resolved Genuine,Standard Habitual Purchase,0
TXN-CUST_SOWMIYA_003-10583,2026-07-31 11:33:31,2026-07-31,11:33:31,11,4,0,0,CUST_SOWMIYA_003,55,Bengaluru,Karnataka,High Risk / 26% Fraud Rate,M007,SpiceRoute Kitchen,Restaurant,Fine Dining & Chettinad,Chennai,Adyar,Tamil Nadu,600020,13.0012,80.2565,7,2200.0,11:30-23:30,"POS,UPI,CARD",Cloned card POS terminal replay,0.018,45,7867.9,INR,P2P_TRANSFER,CARD,WEB_PORTAL,0,1,Lagos,5199.0,1,1,0,DEV-ROGUE-EMULATOR-967,unknown_bot,1,BEN-MULE-5895,QuickMule Transfer 54,0,12,13,62,5,4,1,Account takeover,Pre-auth Block,Automated high-velocity attack from unknown device,1
TXN-CUST_SOWMIYA_003-10584,2026-07-31 12:58:55,2026-07-31,12:58:55,12,4,0,0,CUST_SOWMIYA_003,55,Bengaluru,Karnataka,High Risk / 26% Fraud Rate,M013,CartNest Online,E-commerce,Multi-category Marketplace,Chennai,Guindy,Tamil Nadu,600032,13.0067,80.2026,5,6200.0,24_HOURS,"ONLINE,UPI,CARD,NETBANKING",Account takeover + triangulation shipping fraud,0.045,112,17661.39,INR,P2P_TRANSFER,CARD,WEB_PORTAL,0,1,Singapore,3628.0,1,1,0,DEV-ROGUE-EMULATOR-543,unknown_bot,1,BEN-MULE-9556,QuickMule Transfer 32,0,5,28,116,2,2,0,Mule-account behavior,Pre-auth Block,Automated high-velocity attack from unknown device,1
TXN-CUST_SOWMIYA_003-10585,2026-07-31 14:22:46,2026-07-31,14:22:46,14,4,0,0,CUST_SOWMIYA_003,55,Bengaluru,Karnataka,High Risk / 26% Fraud Rate,M006,MedicoCare Pharmacy,Pharmacy,Medicines & Surgical Supplies,Madurai,KK Nagar,Tamil Nadu,625020,9.9252,78.1498,10,1450.0,24_HOURS,"POS,UPI,CARD,ONLINE",Nighttime micro card testing,0.015,37,42688.56,INR,PURCHASE,POS,MOBILE_APP,1,0,Bengaluru,9.0,0,0,1,DEV-SOWMIYA-ONEPLUS-11,mobile_android,0,BEN-CUST_SOWMIYA_003-TRUSTED,Trusted Household Vendor,9,0,4,23,0,0,0,None,Resolved Genuine,Standard Habitual Purchase,0
TXN-CUST_SOWMIYA_003-10586,2026-07-31 15:51:10,2026-07-31,15:51:10,15,4,0,0,CUST_SOWMIYA_003,55,Bengaluru,Karnataka,High Risk / 26% Fraud Rate,M020,GameGrid Arena,Gaming,"Esports, Consoles & Virtual Credits",Bengaluru,Koramangala,Karnataka,560095,12.9352,77.6245,4,3400.0,10:00-01:00,"ONLINE,UPI,CARD,WALLET",Virtual item laundering & bot-driven micro transactions,0.055,137,11193.88,INR,P2P_TRANSFER,WALLET,WEB_PORTAL,0,0,Unknown Proxy,3740.0,1,1,0,DEV-ROGUE-EMULATOR-831,unknown_bot,1,BEN-MULE-9726,QuickMule Transfer 46,0,6,29,118,6,2,0,Credential compromise,Pre-auth Block,Automated high-velocity attack from unknown device,1
TXN-CUST_SOWMIYA_003-10587,2026-07-31 17:16:32,2026-07-31,17:16:32,17,4,0,0,CUST_SOWMIYA_003,55,Bengaluru,Karnataka,High Risk / 26% Fraud Rate,M002,CircuitBay Electronics,Consumer Electronics,Laptops & Gadgets,Chennai,Velachery,Tamil Nadu,600042,12.9759,80.2212,6,32000.0,10:00-21:30,"POS,ONLINE,EMI,UPI",Stolen payment details / high-ticket electronics delivery,0.048,120,19694.83,INR,PURCHASE,UPI,MOBILE_APP,1,0,Bengaluru,11.0,0,0,1,DEV-SOWMIYA-ONEPLUS-11,mobile_android,0,BEN-CUST_SOWMIYA_003-TRUSTED,Trusted Household Vendor,12,0,2,11,0,0,0,None,Resolved Genuine,Standard Habitual Purchase,0
TXN-CUST_SOWMIYA_003-10588,2026-07-31 18:44:42,2026-07-31,18:44:42,18,4,0,0,CUST_SOWMIYA_003,55,Bengaluru,Karnataka,High Risk / 26% Fraud Rate,M025,ShieldSure Services,Insurance Services,General & Health Insurance Premium,Chennai,Egmore,Tamil Nadu,600008,13.0784,80.2607,13,14000.0,09:30-18:00,"ONLINE,NETBANKING,CARD",Premium diversion / fake policy payment slips,0.019,47,40978.69,INR,PURCHASE,NETBANKING,MOBILE_APP,0,0,Bengaluru,4.0,0,0,1,DEV-SOWMIYA-ONEPLUS-11,mobile_android,0,BEN-CUST_SOWMIYA_003-TRUSTED,Trusted Household Vendor,6,0,1,12,0,0,0,None,Resolved Genuine,Standard Habitual Purchase,0
TXN-CUST_SOWMIYA_003-10589,2026-07-31 20:11:14,2026-07-31,20:11:14,20,4,0,0,CUST_SOWMIYA_003,55,Bengaluru,Karnataka,High Risk / 26% Fraud Rate,M010,HarborView Residency,Hotel / Hospitality,Business & Luxury Hotel,Chennai,OMR,Tamil Nadu,600096,12.9165,80.2285,6,9500.0,24_HOURS,"ONLINE,POS,CARD,TRANSFER",Online travel booking fraud with stolen corporate credentials,0.041,102,15735.74,INR,PURCHASE,TRANSFER,MOBILE_APP,1,0,Bengaluru,8.0,0,0,1,DEV-SOWMIYA-ONEPLUS-11,mobile_android,0,BEN-CUST_SOWMIYA_003-TRUSTED,Trusted Household Vendor,11,0,4,20,0,0,0,None,Resolved Genuine,Standard Habitual Purchase,0
TXN-CUST_SOWMIYA_003-10590,2026-07-31 21:37:12,2026-07-31,21:37:12,21,4,0,0,CUST_SOWMIYA_003,55,Bengaluru,Karnataka,High Risk / 26% Fraud Rate,M018,PageTurn Book House,Bookstore,"Academic, Fiction & Stationery",Trichy,Thillai Nagar,Tamil Nadu,620018,10.8282,78.6854,16,850.0,09:00-21:30,"POS,UPI,CARD,ONLINE",Low-value card testing bots,0.008,20,2313.04,INR,P2P_TRANSFER,UPI,WEB_PORTAL,0,0,Unknown Proxy,4990.0,1,1,0,DEV-ROGUE-EMULATOR-247,unknown_bot,1,BEN-MULE-8915,QuickMule Transfer 67,0,10,12,54,3,2,1,Credential compromise,Pre-auth Block,Automated high-velocity attack from unknown device,1
TXN-CUST_SOWMIYA_003-10591,2026-07-31 23:03:14,2026-07-31,23:03:14,23,4,0,1,CUST_SOWMIYA_003,55,Bengaluru,Karnataka,High Risk / 26% Fraud Rate,M003,Pulse Mobile Hub,Mobile Store,Smartphones & Accessories,Chennai,Tambaram,Tamil Nadu,600045,12.9249,80.1278,4,18500.0,09:30-21:30,"POS,UPI,CARD",New device abuse / rapid checkout surge,0.035,87,44115.31,INR,PURCHASE,UPI,MOBILE_APP,1,0,Bengaluru,1.0,0,0,1,DEV-SOWMIYA-ONEPLUS-11,mobile_android,0,BEN-CUST_SOWMIYA_003-TRUSTED,Trusted Household Vendor,6,0,2,15,0,0,0,None,Resolved Genuine,Standard Habitual Purchase,0
TXN-CUST_SOWMIYA_003-10592,2026-08-01 00:31:30,2026-08-01,00:31:30,0,5,1,1,CUST_SOWMIYA_003,55,Bengaluru,Karnataka,High Risk / 26% Fraud Rate,M025,ShieldSure Services,Insurance Services,General & Health Insurance Premium,Chennai,Egmore,Tamil Nadu,600008,13.0784,80.2607,13,14000.0,09:30-18:00,"ONLINE,NETBANKING,CARD",Premium diversion / fake policy payment slips,0.019,47,37280.7,INR,PURCHASE,NETBANKING,MOBILE_APP,0,0,Bengaluru,11.0,0,0,1,DEV-SOWMIYA-ONEPLUS-11,mobile_android,0,BEN-CUST_SOWMIYA_003-TRUSTED,Trusted Household Vendor,6,0,4,24,0,0,0,None,Resolved Genuine,Standard Habitual Purchase,0
TXN-CUST_SOWMIYA_003-10593,2026-08-01 01:55:57,2026-08-01,01:55:57,1,5,1,1,CUST_SOWMIYA_003,55,Bengaluru,Karnataka,High Risk / 26% Fraud Rate,M021,GlowCraft Salon,Salon / Beauty,Spa & Grooming Studio,Chennai,Porur,Tamil Nadu,600116,13.0382,80.1565,5,2800.0,09:00-21:00,"POS,UPI,CARD",Unusual late-night transaction spikes,0.011,27,15814.03,INR,PURCHASE,CARD,MOBILE_APP,1,0,Bengaluru,13.0,0,0,1,DEV-SOWMIYA-ONEPLUS-11,mobile_android,0,BEN-CUST_SOWMIYA_003-TRUSTED,Trusted Household Vendor,10,0,4,18,0,0,0,None,Resolved Genuine,Standard Habitual Purchase,0
TXN-CUST_SOWMIYA_003-10594,2026-08-01 03:19:41,2026-08-01,03:19:41,3,5,1,1,CUST_SOWMIYA_003,55,Bengaluru,Karnataka,High Risk / 26% Fraud Rate,M011,SkyTrail Travels,Travel Agency,Flight & International Tour Packages,Coimbatore,Gandhipuram,Tamil Nadu,641012,11.0183,76.9664,11,44000.0,09:00-20:00,"ONLINE,TRANSFER,CARD",Mule-account ticket arbitrage & fast cancellation fraud,0.052,130,138645.73,INR,P2P_TRANSFER,CARD,WEB_PORTAL,0,0,Unknown Proxy,5048.0,1,1,0,DEV-ROGUE-EMULATOR-465,unknown_bot,1,BEN-MULE-3073,QuickMule Transfer 31,0,7,13,59,3,4,1,Card testing,Pre-auth Block,Automated high-velocity attack from unknown device,1
TXN-CUST_SOWMIYA_003-10595,2026-08-01 04:47:59,2026-08-01,04:47:59,4,5,1,1,CUST_SOWMIYA_003,55,Bengaluru,Karnataka,High Risk / 26% Fraud Rate,M026,GreenLeaf Wellness,Health & Wellness,Organic Nutrition & Ayurveda,Trichy,Srirangam,Tamil Nadu,620006,10.8624,78.6947,6,2100.0,08:00-21:00,"POS,UPI,ONLINE,CARD",Subscription card stuffing,0.013,32,26727.15,INR,PURCHASE,ONLINE,MOBILE_APP,1,0,Bengaluru,15.0,0,0,1,DEV-SOWMIYA-ONEPLUS-11,mobile_android,0,BEN-CUST_SOWMIYA_003-TRUSTED,Trusted Household Vendor,15,1,2,10,0,0,0,None,Resolved Genuine,Standard Habitual Purchase,0
TXN-CUST_SOWMIYA_003-10596,2026-08-01 06:15:57,2026-08-01,06:15:57,6,5,1,0,CUST_SOWMIYA_003,55,Bengaluru,Karnataka,High Risk / 26% Fraud Rate,M005,UrbanThread Studio,Fashion / Apparel,Designer & Ready-to-wear,Chennai,Anna Nagar,Tamil Nadu,600040,13.085,80.2101,5,4800.0,10:30-22:00,"POS,ONLINE,UPI,CARD",Refund abuse / credential stuffing,0.022,55,22722.5,INR,PURCHASE,ONLINE,MOBILE_APP,1,0,Bengaluru,6.0,0,0,1,DEV-SOWMIYA-ONEPLUS-11,mobile_android,0,BEN-CUST_SOWMIYA_003-TRUSTED,Trusted Household Vendor,11,0,4,25,0,0,0,None,Resolved Genuine,Standard Habitual Purchase,0
TXN-CUST_SOWMIYA_003-10597,2026-08-01 07:44:43,2026-08-01,07:44:43,7,5,1,0,CUST_SOWMIYA_003,55,Bengaluru,Karnataka,High Risk / 26% Fraud Rate,M015,HomeSphere Appliances,Home Appliances,"Refrigerators, ACs & Kitchen Tech",Coimbatore,Saibaba Colony,Tamil Nadu,641011,11.0315,76.945,9,27500.0,09:30-21:00,"POS,EMI,CARD,UPI",Carding attacks with immediate in-store pickup,0.038,95,83074.22,INR,P2P_TRANSFER,CARD,WEB_PORTAL,0,1,Moscow,5104.0,1,1,0,DEV-ROGUE-EMULATOR-206,unknown_bot,1,BEN-MULE-7903,QuickMule Transfer 91,0,12,29,124,2,3,0,Account takeover,Pre-auth Block,Automated high-velocity attack from unknown device,1
TXN-CUST_SOWMIYA_003-10598,2026-08-01 09:13:20,2026-08-01,09:13:20,9,5,1,0,CUST_SOWMIYA_003,55,Bengaluru,Karnataka,High Risk / 26% Fraud Rate,M015,HomeSphere Appliances,Home Appliances,"Refrigerators, ACs & Kitchen Tech",Coimbatore,Saibaba Colony,Tamil Nadu,641011,11.0315,76.945,9,27500.0,09:30-21:00,"POS,EMI,CARD,UPI",Carding attacks with immediate in-store pickup,0.038,95,19363.36,INR,PURCHASE,POS,MOBILE_APP,1,0,Bengaluru,7.0,0,0,1,DEV-SOWMIYA-ONEPLUS-11,mobile_android,0,BEN-CUST_SOWMIYA_003-TRUSTED,Trusted Household Vendor,9,0,3,18,0,0,0,None,Resolved Genuine,Standard Habitual Purchase,0
TXN-CUST_SOWMIYA_003-10599,2026-08-01 10:42:31,2026-08-01,10:42:31,10,5,1,0,CUST_SOWMIYA_003,55,Bengaluru,Karnataka,High Risk / 26% Fraud Rate,M009,RapidFuel Station,Fuel Station,"Petrol, Diesel & EV Fast Charge",Salem,Fairlands,Tamil Nadu,636016,11.6643,78.146,9,3100.0,24_HOURS,"POS,FLEET_CARD,UPI",Automated fleet card skimming,0.024,60,29009.55,INR,PURCHASE,UPI,MOBILE_APP,1,0,Bengaluru,15.0,0,0,1,DEV-SOWMIYA-ONEPLUS-11,mobile_android,0,BEN-CUST_SOWMIYA_003-TRUSTED,Trusted Household Vendor,10,0,4,21,0,0,0,None,Resolved Genuine,Standard Habitual Purchase,0
TXN-CUST_SOWMIYA_003-10600,2026-08-01 12:07:09,2026-08-01,12:07:09,12,5,1,0,CUST_SOWMIYA_003,55,Bengaluru,Karnataka,High Risk / 26% Fraud Rate,M023,SwiftBox Logistics,Courier / Logistics,Express Parcel & Freight Delivery,Tiruppur,Avinashi Road,Tamil Nadu,641603,11.1085,77.3411,9,4200.0,08:00-21:00,"POS,UPI,CARD,ONLINE",Interception fraud / address redirection,0.02,50,16573.53,INR,P2P_TRANSFER,POS,WEB_PORTAL,0,1,Lagos,3521.0,1,1,0,DEV-ROGUE-EMULATOR-172,unknown_bot,1,BEN-MULE-8171,QuickMule Transfer 13,0,12,31,132,4,3,1,Card testing,Pre-auth Block,Automated high-velocity attack from unknown device,1
TXN-CUST_SOWMIYA_003-10601,2026-08-01 13:35:54,2026-08-01,13:35:54,13,5,1,0,CUST_SOWMIYA_003,55,Bengaluru,Karnataka,High Risk / 26% Fraud Rate,M008,BeanCircuit Cafe,Cafe,Specialty Coffee & Bakery,Bengaluru,Indiranagar,Karnataka,560038,12.9784,77.6408,3,650.0,07:30-23:00,"UPI,POS,CARD",QR code spoofing / fast velocity dining,0.009,22,34566.75,INR,PURCHASE,POS,MOBILE_APP,1,0,Bengaluru,5.0,0,0,1,DEV-SOWMIYA-ONEPLUS-11,mobile_android,0,BEN-CUST_SOWMIYA_003-TRUSTED,Trusted Household Vendor,5,0,3,18,0,0,0,None,Resolved Genuine,Standard Habitual Purchase,0
TXN-CUST_SOWMIYA_003-10602,2026-08-01 14:59:29,2026-08-01,14:59:29,14,5,1,0,CUST_SOWMIYA_003,55,Bengaluru,Karnataka,High Risk / 26% Fraud Rate,M014,OakLine Furnishings,Furniture,Teak Wood & Modern Home Decor,Madurai,Bypass Road,Tamil Nadu,625016,9.932,78.109,12,38000.0,10:00-21:00,"POS,CARD,TRANSFER,EMI",Invoice redirection fraud / fake payment slips,0.029,72,151289.56,INR,P2P_TRANSFER,POS,WEB_PORTAL,0,1,Singapore,2890.0,1,1,0,DEV-ROGUE-EMULATOR-708,unknown_bot,1,BEN-MULE-5013,QuickMule Transfer 83,0,4,14,59,3,1,1,Account takeover,Pre-auth Block,Automated high-velocity attack from unknown device,1
TXN-CUST_SOWMIYA_003-10603,2026-08-01 16:24:20,2026-08-01,16:24:20,16,5,1,0,CUST_SOWMIYA_003,55,Bengaluru,Karnataka,High Risk / 26% Fraud Rate,M017,AutoForge Parts,Spare Parts,OEM Industrial & Auto Components,Hosur,Mookandapalli,Tamil Nadu,635126,12.7409,77.8253,15,16500.0,09:00-19:30,"TRANSFER,POS,CARD",Business email compromise / fake beneficiary update,0.033,82,28458.93,INR,PURCHASE,TRANSFER,MOBILE_APP,1,0,Bengaluru,14.0,0,0,1,DEV-SOWMIYA-ONEPLUS-11,mobile_android,0,BEN-CUST_SOWMIYA_003-TRUSTED,Trusted Household Vendor,11,0,2,13,0,0,0,None,Resolved Genuine,Standard Habitual Purchase,0
TXN-CUST_SOWMIYA_003-10604,2026-08-01 17:49:52,2026-08-01,17:49:52,17,5,1,0,CUST_SOWMIYA_003,55,Bengaluru,Karnataka,High Risk / 26% Fraud Rate,M018,PageTurn Book House,Bookstore,"Academic, Fiction & Stationery",Trichy,Thillai Nagar,Tamil Nadu,620018,10.8282,78.6854,16,850.0,09:00-21:30,"POS,UPI,CARD,ONLINE",Low-value card testing bots,0.008,20,32759.76,INR,PURCHASE,POS,MOBILE_APP,1,0,Bengaluru,6.0,0,0,1,DEV-SOWMIYA-ONEPLUS-11,mobile_android,0,BEN-CUST_SOWMIYA_003-TRUSTED,Trusted Household Vendor,3,0,1,7,0,0,0,None,Resolved Genuine,Standard Habitual Purchase,0
TXN-CUST_SOWMIYA_003-10605,2026-08-01 19:15:28,2026-08-01,19:15:28,19,5,1,0,CUST_SOWMIYA_003,55,Bengaluru,Karnataka,High Risk / 26% Fraud Rate,M007,SpiceRoute Kitchen,Restaurant,Fine Dining & Chettinad,Chennai,Adyar,Tamil Nadu,600020,13.0012,80.2565,7,2200.0,11:30-23:30,"POS,UPI,CARD",Cloned card POS terminal replay,0.018,45,18469.35,INR,PURCHASE,UPI,MOBILE_APP,1,0,Bengaluru,5.0,0,0,1,DEV-SOWMIYA-ONEPLUS-11,mobile_android,0,BEN-CUST_SOWMIYA_003-TRUSTED,Trusted Household Vendor,8,0,2,17,0,0,0,None,Resolved Genuine,Standard Habitual Purchase,0
TXN-CUST_SOWMIYA_003-10606,2026-08-01 20:39:00,2026-08-01,20:39:00,20,5,1,0,CUST_SOWMIYA_003,55,Bengaluru,Karnataka,High Risk / 26% Fraud Rate,M021,GlowCraft Salon,Salon / Beauty,Spa & Grooming Studio,Chennai,Porur,Tamil Nadu,600116,13.0382,80.1565,5,2800.0,09:00-21:00,"POS,UPI,CARD",Unusual late-night transaction spikes,0.011,27,10009.46,INR,P2P_TRANSFER,CARD,WEB_PORTAL,0,1,Moscow,1780.0,1,1,0,DEV-ROGUE-EMULATOR-623,unknown_bot,1,BEN-MULE-7030,QuickMule Transfer 69,0,9,24,102,4,4,0,Mule-account behavior,Pre-auth Block,Automated high-velocity attack from unknown device,1
TXN-CUST_SOWMIYA_003-10607,2026-08-01 22:04:31,2026-08-01,22:04:31,22,5,1,0,CUST_SOWMIYA_003,55,Bengaluru,Karnataka,High Risk / 26% Fraud Rate,M016,MotoCare Garage,Auto Service,Car Service & Detailing Hub,Chennai,Pallikaranai,Tamil Nadu,600100,12.9372,80.2014,7,8900.0,08:30-20:30,"POS,UPI,CARD",Over-invoicing / synthetic card payments,0.021,52,23049.43,INR,PURCHASE,POS,MOBILE_APP,1,0,Bengaluru,6.0,0,0,1,DEV-SOWMIYA-ONEPLUS-11,mobile_android,0,BEN-CUST_SOWMIYA_003-TRUSTED,Trusted Household Vendor,8,0,3,19,0,0,0,None,Resolved Genuine,Standard Habitual Purchase,0
TXN-CUST_SOWMIYA_003-10608,2026-08-01 23:29:52,2026-08-01,23:29:52,23,5,1,1,CUST_SOWMIYA_003,55,Bengaluru,Karnataka,High Risk / 26% Fraud Rate,M021,GlowCraft Salon,Salon / Beauty,Spa & Grooming Studio,Chennai,Porur,Tamil Nadu,600116,13.0382,80.1565,5,2800.0,09:00-21:00,"POS,UPI,CARD",Unusual late-night transaction spikes,0.011,27,19607.67,INR,PURCHASE,POS,MOBILE_APP,1,0,Bengaluru,11.0,0,0,1,DEV-SOWMIYA-ONEPLUS-11,mobile_android,0,BEN-CUST_SOWMIYA_003-TRUSTED,Trusted Household Vendor,10,0,1,10,0,0,0,None,Resolved Genuine,Standard Habitual Purchase,0
TXN-CUST_SOWMIYA_003-10609,2026-08-02 00:56:21,2026-08-02,00:56:21,0,6,1,1,CUST_SOWMIYA_003,55,Bengaluru,Karnataka,High Risk / 26% Fraud Rate,M029,CloudDesk Digital,Software / Digital Services,Cloud Infrastructure & SaaS Tools,Bengaluru,Whitefield,Karnataka,560066,12.9698,77.7499,7,19800.0,24_HOURS,"ONLINE,CARD,TRANSFER",Cryptomining VM rental with stolen credit cards,0.058,145,41841.13,INR,PURCHASE,ONLINE,MOBILE_APP,0,0,Bengaluru,14.0,0,0,1,DEV-SOWMIYA-ONEPLUS-11,mobile_android,0,BEN-CUST_SOWMIYA_003-TRUSTED,Trusted Household Vendor,11,0,1,11,0,0,0,None,Resolved Genuine,Standard Habitual Purchase,0
TXN-CUST_SOWMIYA_003-10610,2026-08-02 02:25:24,2026-08-02,02:25:24,2,6,1,1,CUST_SOWMIYA_003,55,Bengaluru,Karnataka,High Risk / 26% Fraud Rate,M023,SwiftBox Logistics,Courier / Logistics,Express Parcel & Freight Delivery,Tiruppur,Avinashi Road,Tamil Nadu,641603,11.1085,77.3411,9,4200.0,08:00-21:00,"POS,UPI,CARD,ONLINE",Interception fraud / address redirection,0.02,50,22102.64,INR,PURCHASE,POS,MOBILE_APP,1,0,Bengaluru,12.0,0,0,1,DEV-SOWMIYA-ONEPLUS-11,mobile_android,0,BEN-CUST_SOWMIYA_003-TRUSTED,Trusted Household Vendor,5,0,3,21,0,0,0,None,Resolved Genuine,Standard Habitual Purchase,0
TXN-CUST_SOWMIYA_003-10611,2026-08-02 03:54:10,2026-08-02,03:54:10,3,6,1,1,CUST_SOWMIYA_003,55,Bengaluru,Karnataka,High Risk / 26% Fraud Rate,M025,ShieldSure Services,Insurance Services,General & Health Insurance Premium,Chennai,Egmore,Tamil Nadu,600008,13.0784,80.2607,13,14000.0,09:30-18:00,"ONLINE,NETBANKING,CARD",Premium diversion / fake policy payment slips,0.019,47,29512.1,INR,PURCHASE,CARD,MOBILE_APP,0,0,Bengaluru,9.0,0,0,1,DEV-SOWMIYA-ONEPLUS-11,mobile_android,0,BEN-CUST_SOWMIYA_003-TRUSTED,Trusted Household Vendor,9,1,1,11,0,0,0,None,Resolved Genuine,Standard Habitual Purchase,0
TXN-CUST_SOWMIYA_003-10612,2026-08-02 05:18:09,2026-08-02,05:18:09,5,6,1,1,CUST_SOWMIYA_003,55,Bengaluru,Karnataka,High Risk / 26% Fraud Rate,M003,Pulse Mobile Hub,Mobile Store,Smartphones & Accessories,Chennai,Tambaram,Tamil Nadu,600045,12.9249,80.1278,4,18500.0,09:30-21:30,"POS,UPI,CARD",New device abuse / rapid checkout surge,0.035,87,32270.84,INR,PURCHASE,UPI,MOBILE_APP,1,0,Bengaluru,12.0,0,0,1,DEV-SOWMIYA-ONEPLUS-11,mobile_android,0,BEN-CUST_SOWMIYA_003-TRUSTED,Trusted Household Vendor,8,1,3,18,0,0,0,None,Resolved Genuine,Standard Habitual Purchase,0
TXN-CUST_SOWMIYA_003-10613,2026-08-02 06:45:48,2026-08-02,06:45:48,6,6,1,0,CUST_SOWMIYA_003,55,Bengaluru,Karnataka,High Risk / 26% Fraud Rate,M011,SkyTrail Travels,Travel Agency,Flight & International Tour Packages,Coimbatore,Gandhipuram,Tamil Nadu,641012,11.0183,76.9664,11,44000.0,09:00-20:00,"ONLINE,TRANSFER,CARD",Mule-account ticket arbitrage & fast cancellation fraud,0.052,130,104197.2,INR,P2P_TRANSFER,CARD,WEB_PORTAL,0,1,Dubai,2310.0,1,1,0,DEV-ROGUE-EMULATOR-309,unknown_bot,1,BEN-MULE-1421,QuickMule Transfer 75,0,11,32,138,5,3,1,Card testing,Pre-auth Block,Automated high-velocity attack from unknown device,1
TXN-CUST_SOWMIYA_003-10614,2026-08-02 08:10:03,2026-08-02,08:10:03,8,6,1,0,CUST_SOWMIYA_003,55,Bengaluru,Karnataka,High Risk / 26% Fraud Rate,M002,CircuitBay Electronics,Consumer Electronics,Laptops & Gadgets,Chennai,Velachery,Tamil Nadu,600042,12.9759,80.2212,6,32000.0,10:00-21:30,"POS,ONLINE,EMI,UPI",Stolen payment details / high-ticket electronics delivery,0.048,120,17848.51,INR,PURCHASE,POS,MOBILE_APP,1,0,Bengaluru,12.0,0,0,1,DEV-SOWMIYA-ONEPLUS-11,mobile_android,0,BEN-CUST_SOWMIYA_003-TRUSTED,Trusted Household Vendor,5,0,2,12,0,0,0,None,Resolved Genuine,Standard Habitual Purchase,0
TXN-CUST_SOWMIYA_003-10615,2026-08-02 09:37:53,2026-08-02,09:37:53,9,6,1,0,CUST_SOWMIYA_003,55,Bengaluru,Karnataka,High Risk / 26% Fraud Rate,M010,HarborView Residency,Hotel / Hospitality,Business & Luxury Hotel,Chennai,OMR,Tamil Nadu,600096,12.9165,80.2285,6,9500.0,24_HOURS,"ONLINE,POS,CARD,TRANSFER",Online travel booking fraud with stolen corporate credentials,0.041,102,41429.42,INR,PURCHASE,POS,MOBILE_APP,1,0,Bengaluru,5.0,0,0,1,DEV-SOWMIYA-ONEPLUS-11,mobile_android,0,BEN-CUST_SOWMIYA_003-TRUSTED,Trusted Household Vendor,12,1,2,16,0,0,0,None,Resolved Genuine,Standard Habitual Purchase,0
TXN-CUST_SOWMIYA_003-10616,2026-08-02 11:02:41,2026-08-02,11:02:41,11,6,1,0,CUST_SOWMIYA_003,55,Bengaluru,Karnataka,High Risk / 26% Fraud Rate,M021,GlowCraft Salon,Salon / Beauty,Spa & Grooming Studio,Chennai,Porur,Tamil Nadu,600116,13.0382,80.1565,5,2800.0,09:00-21:00,"POS,UPI,CARD",Unusual late-night transaction spikes,0.011,27,39973.98,INR,PURCHASE,POS,MOBILE_APP,1,0,Bengaluru,13.0,0,0,1,DEV-SOWMIYA-ONEPLUS-11,mobile_android,0,BEN-CUST_SOWMIYA_003-TRUSTED,Trusted Household Vendor,4,1,3,15,0,0,0,None,Resolved Genuine,Standard Habitual Purchase,0
TXN-CUST_SOWMIYA_003-10617,2026-08-02 12:31:01,2026-08-02,12:31:01,12,6,1,0,CUST_SOWMIYA_003,55,Bengaluru,Karnataka,High Risk / 26% Fraud Rate,M029,CloudDesk Digital,Software / Digital Services,Cloud Infrastructure & SaaS Tools,Bengaluru,Whitefield,Karnataka,560066,12.9698,77.7499,7,19800.0,24_HOURS,"ONLINE,CARD,TRANSFER",Cryptomining VM rental with stolen credit cards,0.058,145,12726.45,INR,PURCHASE,CARD,MOBILE_APP,0,0,Bengaluru,12.0,0,0,1,DEV-SOWMIYA-ONEPLUS-11,mobile_android,0,BEN-CUST_SOWMIYA_003-TRUSTED,Trusted Household Vendor,8,0,2,15,0,0,0,None,Resolved Genuine,Standard Habitual Purchase,0
TXN-CUST_SOWMIYA_003-10618,2026-08-02 13:57:55,2026-08-02,13:57:55,13,6,1,0,CUST_SOWMIYA_003,55,Bengaluru,Karnataka,High Risk / 26% Fraud Rate,M002,CircuitBay Electronics,Consumer Electronics,Laptops & Gadgets,Chennai,Velachery,Tamil Nadu,600042,12.9759,80.2212,6,32000.0,10:00-21:30,"POS,ONLINE,EMI,UPI",Stolen payment details / high-ticket electronics delivery,0.048,120,95695.26,INR,P2P_TRANSFER,POS,WEB_PORTAL,0,1,Moscow,3271.0,1,1,0,DEV-ROGUE-EMULATOR-936,unknown_bot,1,BEN-MULE-7662,QuickMule Transfer 11,0,5,16,74,3,2,1,Account takeover,Pre-auth Block,Automated high-velocity attack from unknown device,1
TXN-CUST_SOWMIYA_003-10619,2026-08-02 15:26:43,2026-08-02,15:26:43,15,6,1,0,CUST_SOWMIYA_003,55,Bengaluru,Karnataka,High Risk / 26% Fraud Rate,M003,Pulse Mobile Hub,Mobile Store,Smartphones & Accessories,Chennai,Tambaram,Tamil Nadu,600045,12.9249,80.1278,4,18500.0,09:30-21:30,"POS,UPI,CARD",New device abuse / rapid checkout surge,0.035,87,51264.42,INR,P2P_TRANSFER,CARD,WEB_PORTAL,0,1,Lagos,3346.0,1,1,0,DEV-ROGUE-EMULATOR-409,unknown_bot,1,BEN-MULE-4511,QuickMule Transfer 86,0,12,34,144,4,4,1,Account takeover,Pre-auth Block,Automated high-velocity attack from unknown device,1
TXN-CUST_SOWMIYA_003-10620,2026-08-02 16:54:16,2026-08-02,16:54:16,16,6,1,0,CUST_SOWMIYA_003,55,Bengaluru,Karnataka,High Risk / 26% Fraud Rate,M029,CloudDesk Digital,Software / Digital Services,Cloud Infrastructure & SaaS Tools,Bengaluru,Whitefield,Karnataka,560066,12.9698,77.7499,7,19800.0,24_HOURS,"ONLINE,CARD,TRANSFER",Cryptomining VM rental with stolen credit cards,0.058,145,27189.48,INR,PURCHASE,ONLINE,MOBILE_APP,0,0,Bengaluru,9.0,0,0,1,DEV-SOWMIYA-ONEPLUS-11,mobile_android,0,BEN-CUST_SOWMIYA_003-TRUSTED,Trusted Household Vendor,10,0,2,14,0,0,0,None,Resolved Genuine,Standard Habitual Purchase,0
TXN-CUST_SOWMIYA_003-10621,2026-08-02 18:22:35,2026-08-02,18:22:35,18,6,1,0,CUST_SOWMIYA_003,55,Bengaluru,Karnataka,High Risk / 26% Fraud Rate,M004,Aurelia Gold House,Jewellery,Gold & Diamond Jewellery,Coimbatore,RS Puram,Tamil Nadu,641002,11.0089,76.9514,14,78000.0,10:00-20:30,"POS,CARD,TRANSFER",Account takeover / card-not-present luxury surge,0.065,162,37665.71,INR,PURCHASE,POS,MOBILE_APP,1,0,Bengaluru,3.0,0,0,1,DEV-SOWMIYA-ONEPLUS-11,mobile_android,0,BEN-CUST_SOWMIYA_003-TRUSTED,Trusted Household Vendor,12,1,2,13,0,0,0,None,Resolved Genuine,Standard Habitual Purchase,0
TXN-CUST_SOWMIYA_003-10622,2026-08-02 19:49:00,2026-08-02,19:49:00,19,6,1,0,CUST_SOWMIYA_003,55,Bengaluru,Karnataka,High Risk / 26% Fraud Rate,M008,BeanCircuit Cafe,Cafe,Specialty Coffee & Bakery,Bengaluru,Indiranagar,Karnataka,560038,12.9784,77.6408,3,650.0,07:30-23:00,"UPI,POS,CARD",QR code spoofing / fast velocity dining,0.009,22,12748.63,INR,PURCHASE,UPI,MOBILE_APP,1,0,Bengaluru,5.0,0,0,1,DEV-SOWMIYA-ONEPLUS-11,mobile_android,0,BEN-CUST_SOWMIYA_003-TRUSTED,Trusted Household Vendor,11,0,3,16,0,0,0,None,Resolved Genuine,Standard Habitual Purchase,0
TXN-CUST_SOWMIYA_003-10623,2026-08-02 21:16:07,2026-08-02,21:16:07,21,6,1,0,CUST_SOWMIYA_003,55,Bengaluru,Karnataka,High Risk / 26% Fraud Rate,M020,GameGrid Arena,Gaming,"Esports, Consoles & Virtual Credits",Bengaluru,Koramangala,Karnataka,560095,12.9352,77.6245,4,3400.0,10:00-01:00,"ONLINE,UPI,CARD,WALLET",Virtual item laundering & bot-driven micro transactions,0.055,137,13135.28,INR,PURCHASE,WALLET,MOBILE_APP,0,0,Bengaluru,9.0,0,0,1,DEV-SOWMIYA-ONEPLUS-11,mobile_android,0,BEN-CUST_SOWMIYA_003-TRUSTED,Trusted Household Vendor,12,0,1,12,0,0,0,None,Resolved Genuine,Standard Habitual Purchase,0
TXN-CUST_SOWMIYA_003-10624,2026-08-02 22:41:19,2026-08-02,22:41:19,22,6,1,0,CUST_SOWMIYA_003,55,Bengaluru,Karnataka,High Risk / 26% Fraud Rate,M012,DashDine Delivery,Food Delivery,Quick Commerce & Meal Delivery,Chennai,Sholinganallur,Tamil Nadu,600119,12.901,80.2279,4,520.0,06:00-02:00,"UPI,CARD,ONLINE,WALLET",Promo code abuse / stolen wallet balances,0.014,35,16796.19,INR,PURCHASE,UPI,MOBILE_APP,0,0,Bengaluru,2.0,0,0,1,DEV-SOWMIYA-ONEPLUS-11,mobile_android,0,BEN-CUST_SOWMIYA_003-TRUSTED,Trusted Household Vendor,13,0,1,14,0,0,0,None,Resolved Genuine,Standard Habitual Purchase,0
TXN-CUST_SOWMIYA_003-10625,2026-08-03 00:05:39,2026-08-03,00:05:39,0,0,0,1,CUST_SOWMIYA_003,55,Bengaluru,Karnataka,High Risk / 26% Fraud Rate,M022,SkillSpring Academy,Education / Training,Professional Certifications & Tech Bootcamps,Chennai,Mylapore,Tamil Nadu,600004,13.0368,80.2676,8,22000.0,08:30-19:30,"ONLINE,NETBANKING,CARD,UPI",Stolen corporate card enrollments,0.028,70,18819.97,INR,PURCHASE,UPI,MOBILE_APP,0,0,Bengaluru,6.0,0,0,1,DEV-SOWMIYA-ONEPLUS-11,mobile_android,0,BEN-CUST_SOWMIYA_003-TRUSTED,Trusted Household Vendor,4,0,2,12,0,0,0,None,Resolved Genuine,Standard Habitual Purchase,0
TXN-CUST_SOWMIYA_003-10626,2026-08-03 01:30:27,2026-08-03,01:30:27,1,0,0,1,CUST_SOWMIYA_003,55,Bengaluru,Karnataka,High Risk / 26% Fraud Rate,M014,OakLine Furnishings,Furniture,Teak Wood & Modern Home Decor,Madurai,Bypass Road,Tamil Nadu,625016,9.932,78.109,12,38000.0,10:00-21:00,"POS,CARD,TRANSFER,EMI",Invoice redirection fraud / fake payment slips,0.029,72,41530.25,INR,PURCHASE,POS,MOBILE_APP,1,0,Bengaluru,11.0,0,0,1,DEV-SOWMIYA-ONEPLUS-11,mobile_android,0,BEN-CUST_SOWMIYA_003-TRUSTED,Trusted Household Vendor,7,0,1,13,0,0,0,None,Resolved Genuine,Standard Habitual Purchase,0
TXN-CUST_SOWMIYA_003-10627,2026-08-03 02:54:21,2026-08-03,02:54:21,2,0,0,1,CUST_SOWMIYA_003,55,Bengaluru,Karnataka,High Risk / 26% Fraud Rate,M028,CraftCove Home Decor,Home Decor,Handicrafts & Art Pieces,Thanjavur,Medical College Road,Tamil Nadu,613004,10.7684,79.1245,8,7400.0,09:30-20:30,"POS,UPI,CARD,ONLINE",Cross-border tourist chargebacks,0.023,57,33807.66,INR,PURCHASE,POS,MOBILE_APP,1,0,Bengaluru,12.0,0,0,1,DEV-SOWMIYA-ONEPLUS-11,mobile_android,0,BEN-CUST_SOWMIYA_003-TRUSTED,Trusted Household Vendor,12,0,1,14,0,0,0,None,Resolved Genuine,Standard Habitual Purchase,0
TXN-CUST_SOWMIYA_003-10628,2026-08-03 04:22:31,2026-08-03,04:22:31,4,0,0,1,CUST_SOWMIYA_003,55,Bengaluru,Karnataka,High Risk / 26% Fraud Rate,M016,MotoCare Garage,Auto Service,Car Service & Detailing Hub,Chennai,Pallikaranai,Tamil Nadu,600100,12.9372,80.2014,7,8900.0,08:30-20:30,"POS,UPI,CARD",Over-invoicing / synthetic card payments,0.021,52,21337.23,INR,PURCHASE,POS,MOBILE_APP,1,0,Bengaluru,6.0,0,0,1,DEV-SOWMIYA-ONEPLUS-11,mobile_android,0,BEN-CUST_SOWMIYA_003-TRUSTED,Trusted Household Vendor,4,0,1,9,0,0,0,None,Resolved Genuine,Standard Habitual Purchase,0
TXN-CUST_SOWMIYA_003-10629,2026-08-03 05:50:36,2026-08-03,05:50:36,5,0,0,1,CUST_SOWMIYA_003,55,Bengaluru,Karnataka,High Risk / 26% Fraud Rate,M001,NovaMart Fresh,Grocery & Supermarket,Supermarket / Hypermarket,Chennai,T Nagar,Tamil Nadu,600017,13.0418,80.2341,8,1250.0,07:00-22:30,"POS,UPI,CARD,ONLINE",Card testing / micro-burst velocity,0.012,30,3703.51,INR,P2P_TRANSFER,ONLINE,WEB_PORTAL,0,1,Singapore,4213.0,1,1,0,DEV-ROGUE-EMULATOR-918,unknown_bot,1,BEN-MULE-9507,QuickMule Transfer 70,0,10,12,55,5,1,1,Card testing,Pre-auth Block,Automated high-velocity attack from unknown device,1
TXN-CUST_SOWMIYA_003-10630,2026-08-03 07:14:21,2026-08-03,07:14:21,7,0,0,0,CUST_SOWMIYA_003,55,Bengaluru,Karnataka,High Risk / 26% Fraud Rate,M023,SwiftBox Logistics,Courier / Logistics,Express Parcel & Freight Delivery,Tiruppur,Avinashi Road,Tamil Nadu,641603,11.1085,77.3411,9,4200.0,08:00-21:00,"POS,UPI,CARD,ONLINE",Interception fraud / address redirection,0.02,50,28360.86,INR,PURCHASE,ONLINE,MOBILE_APP,1,0,Bengaluru,6.0,0,0,1,DEV-SOWMIYA-ONEPLUS-11,mobile_android,0,BEN-CUST_SOWMIYA_003-TRUSTED,Trusted Household Vendor,8,0,2,12,0,0,0,None,Resolved Genuine,Standard Habitual Purchase,0
TXN-CUST_SOWMIYA_003-10631,2026-08-03 08:39:07,2026-08-03,08:39:07,8,0,0,0,CUST_SOWMIYA_003,55,Bengaluru,Karnataka,High Risk / 26% Fraud Rate,M027,BrickHarbor Realty,Real Estate / Property Services,Rental Escrow & Facility Management,Chennai,Porur,Tamil Nadu,600116,13.035,80.16,11,65000.0,09:00-19:00,"TRANSFER,NETBANKING,CARD",Security deposit phishing / escrow hijacking,0.039,97,280574.28,INR,P2P_TRANSFER,CARD,WEB_PORTAL,0,1,Dubai,4430.0,1,1,0,DEV-ROGUE-EMULATOR-313,unknown_bot,1,BEN-MULE-1898,QuickMule Transfer 50,0,4,18,81,5,1,1,Mule-account behavior,Pre-auth Block,Automated high-velocity attack from unknown device,1
TXN-CUST_SOWMIYA_003-10632,2026-08-03 10:08:22,2026-08-03,10:08:22,10,0,0,0,CUST_SOWMIYA_003,55,Bengaluru,Karnataka,High Risk / 26% Fraud Rate,M001,NovaMart Fresh,Grocery & Supermarket,Supermarket / Hypermarket,Chennai,T Nagar,Tamil Nadu,600017,13.0418,80.2341,8,1250.0,07:00-22:30,"POS,UPI,CARD,ONLINE",Card testing / micro-burst velocity,0.012,30,44030.44,INR,PURCHASE,UPI,MOBILE_APP,1,0,Bengaluru,13.0,0,0,1,DEV-SOWMIYA-ONEPLUS-11,mobile_android,0,BEN-CUST_SOWMIYA_003-TRUSTED,Trusted Household Vendor,15,0,4,18,0,0,0,None,Resolved Genuine,Standard Habitual Purchase,0
TXN-CUST_SOWMIYA_003-10633,2026-08-03 11:34:19,2026-08-03,11:34:19,11,0,0,0,CUST_SOWMIYA_003,55,Bengaluru,Karnataka,High Risk / 26% Fraud Rate,M028,CraftCove Home Decor,Home Decor,Handicrafts & Art Pieces,Thanjavur,Medical College Road,Tamil Nadu,613004,10.7684,79.1245,8,7400.0,09:30-20:30,"POS,UPI,CARD,ONLINE",Cross-border tourist chargebacks,0.023,57,27188.66,INR,PURCHASE,ONLINE,MOBILE_APP,1,0,Bengaluru,1.0,0,0,1,DEV-SOWMIYA-ONEPLUS-11,mobile_android,0,BEN-CUST_SOWMIYA_003-TRUSTED,Trusted Household Vendor,9,0,3,20,0,0,0,None,Resolved Genuine,Standard Habitual Purchase,0
TXN-CUST_SOWMIYA_003-10634,2026-08-03 13:01:50,2026-08-03,13:01:50,13,0,0,0,CUST_SOWMIYA_003,55,Bengaluru,Karnataka,High Risk / 26% Fraud Rate,M008,BeanCircuit Cafe,Cafe,Specialty Coffee & Bakery,Bengaluru,Indiranagar,Karnataka,560038,12.9784,77.6408,3,650.0,07:30-23:00,"UPI,POS,CARD",QR code spoofing / fast velocity dining,0.009,22,3226.0,INR,P2P_TRANSFER,UPI,WEB_PORTAL,0,1,Lagos,4978.0,1,1,0,DEV-ROGUE-EMULATOR-353,unknown_bot,1,BEN-MULE-6214,QuickMule Transfer 76,0,4,12,50,5,1,0,Card testing,Pre-auth Block,Automated high-velocity attack from unknown device,1
TXN-CUST_SOWMIYA_003-10635,2026-08-03 14:28:43,2026-08-03,14:28:43,14,0,0,0,CUST_SOWMIYA_003,55,Bengaluru,Karnataka,High Risk / 26% Fraud Rate,M028,CraftCove Home Decor,Home Decor,Handicrafts & Art Pieces,Thanjavur,Medical College Road,Tamil Nadu,613004,10.7684,79.1245,8,7400.0,09:30-20:30,"POS,UPI,CARD,ONLINE",Cross-border tourist chargebacks,0.023,57,42627.05,INR,PURCHASE,UPI,MOBILE_APP,1,0,Bengaluru,5.0,0,0,1,DEV-SOWMIYA-ONEPLUS-11,mobile_android,0,BEN-CUST_SOWMIYA_003-TRUSTED,Trusted Household Vendor,6,0,4,20,0,0,0,None,Resolved Genuine,Standard Habitual Purchase,0
TXN-CUST_SOWMIYA_003-10636,2026-08-03 15:53:25,2026-08-03,15:53:25,15,0,0,0,CUST_SOWMIYA_003,55,Bengaluru,Karnataka,High Risk / 26% Fraud Rate,M007,SpiceRoute Kitchen,Restaurant,Fine Dining & Chettinad,Chennai,Adyar,Tamil Nadu,600020,13.0012,80.2565,7,2200.0,11:30-23:30,"POS,UPI,CARD",Cloned card POS terminal replay,0.018,45,40277.8,INR,PURCHASE,UPI,MOBILE_APP,1,0,Bengaluru,13.0,0,0,1,DEV-SOWMIYA-ONEPLUS-11,mobile_android,0,BEN-CUST_SOWMIYA_003-TRUSTED,Trusted Household Vendor,11,0,3,18,0,0,0,None,Resolved Genuine,Standard Habitual Purchase,0
TXN-CUST_SOWMIYA_003-10637,2026-08-03 17:18:32,2026-08-03,17:18:32,17,0,0,0,CUST_SOWMIYA_003,55,Bengaluru,Karnataka,High Risk / 26% Fraud Rate,M023,SwiftBox Logistics,Courier / Logistics,Express Parcel & Freight Delivery,Tiruppur,Avinashi Road,Tamil Nadu,641603,11.1085,77.3411,9,4200.0,08:00-21:00,"POS,UPI,CARD,ONLINE",Interception fraud / address redirection,0.02,50,29926.53,INR,PURCHASE,ONLINE,MOBILE_APP,1,0,Bengaluru,9.0,0,0,1,DEV-SOWMIYA-ONEPLUS-11,mobile_android,0,BEN-CUST_SOWMIYA_003-TRUSTED,Trusted Household Vendor,6,0,2,15,0,0,0,None,Resolved Genuine,Standard Habitual Purchase,0
TXN-CUST_SOWMIYA_003-10638,2026-08-03 18:45:31,2026-08-03,18:45:31,18,0,0,0,CUST_SOWMIYA_003,55,Bengaluru,Karnataka,High Risk / 26% Fraud Rate,M001,NovaMart Fresh,Grocery & Supermarket,Supermarket / Hypermarket,Chennai,T Nagar,Tamil Nadu,600017,13.0418,80.2341,8,1250.0,07:00-22:30,"POS,UPI,CARD,ONLINE",Card testing / micro-burst velocity,0.012,30,40152.95,INR,PURCHASE,UPI,MOBILE_APP,1,0,Bengaluru,8.0,0,0,1,DEV-SOWMIYA-ONEPLUS-11,mobile_android,0,BEN-CUST_SOWMIYA_003-TRUSTED,Trusted Household Vendor,11,1,3,19,0,0,0,None,Resolved Genuine,Standard Habitual Purchase,0
TXN-CUST_SOWMIYA_003-10639,2026-08-03 20:12:14,2026-08-03,20:12:14,20,0,0,0,CUST_SOWMIYA_003,55,Bengaluru,Karnataka,High Risk / 26% Fraud Rate,M011,SkyTrail Travels,Travel Agency,Flight & International Tour Packages,Coimbatore,Gandhipuram,Tamil Nadu,641012,11.0183,76.9664,11,44000.0,09:00-20:00,"ONLINE,TRANSFER,CARD",Mule-account ticket arbitrage & fast cancellation fraud,0.052,130,140667.91,INR,P2P_TRANSFER,ONLINE,WEB_PORTAL,0,1,Dubai,2933.0,1,1,0,DEV-ROGUE-EMULATOR-991,unknown_bot,1,BEN-MULE-6092,QuickMule Transfer 76,0,5,30,125,5,1,0,Credential compromise,Pre-auth Block,Automated high-velocity attack from unknown device,1
TXN-CUST_SOWMIYA_003-10640,2026-08-03 21:38:12,2026-08-03,21:38:12,21,0,0,0,CUST_SOWMIYA_003,55,Bengaluru,Karnataka,High Risk / 26% Fraud Rate,M018,PageTurn Book House,Bookstore,"Academic, Fiction & Stationery",Trichy,Thillai Nagar,Tamil Nadu,620018,10.8282,78.6854,16,850.0,09:00-21:30,"POS,UPI,CARD,ONLINE",Low-value card testing bots,0.008,20,30579.15,INR,PURCHASE,ONLINE,MOBILE_APP,1,0,Bengaluru,4.0,0,0,1,DEV-SOWMIYA-ONEPLUS-11,mobile_android,0,BEN-CUST_SOWMIYA_003-TRUSTED,Trusted Household Vendor,6,0,4,21,0,0,0,None,Resolved Genuine,Standard Habitual Purchase,0
TXN-CUST_SOWMIYA_003-10641,2026-08-03 23:02:28,2026-08-03,23:02:28,23,0,0,1,CUST_SOWMIYA_003,55,Bengaluru,Karnataka,High Risk / 26% Fraud Rate,M008,BeanCircuit Cafe,Cafe,Specialty Coffee & Bakery,Bengaluru,Indiranagar,Karnataka,560038,12.9784,77.6408,3,650.0,07:30-23:00,"UPI,POS,CARD",QR code spoofing / fast velocity dining,0.009,22,29590.61,INR,PURCHASE,POS,MOBILE_APP,1,0,Bengaluru,1.0,0,0,1,DEV-SOWMIYA-ONEPLUS-11,mobile_android,0,BEN-CUST_SOWMIYA_003-TRUSTED,Trusted Household Vendor,9,0,2,17,0,0,0,None,Resolved Genuine,Standard Habitual Purchase,0
TXN-CUST_SOWMIYA_003-10642,2026-08-04 00:28:03,2026-08-04,00:28:03,0,1,0,1,CUST_SOWMIYA_003,55,Bengaluru,Karnataka,High Risk / 26% Fraud Rate,M010,HarborView Residency,Hotel / Hospitality,Business & Luxury Hotel,Chennai,OMR,Tamil Nadu,600096,12.9165,80.2285,6,9500.0,24_HOURS,"ONLINE,POS,CARD,TRANSFER",Online travel booking fraud with stolen corporate credentials,0.041,102,25534.7,INR,PURCHASE,TRANSFER,MOBILE_APP,1,0,Bengaluru,15.0,0,0,1,DEV-SOWMIYA-ONEPLUS-11,mobile_android,0,BEN-CUST_SOWMIYA_003-TRUSTED,Trusted Household Vendor,14,0,4,22,0,0,0,None,Resolved Genuine,Standard Habitual Purchase,0
TXN-CUST_SOWMIYA_003-10643,2026-08-04 01:52:03,2026-08-04,01:52:03,1,1,0,1,CUST_SOWMIYA_003,55,Bengaluru,Karnataka,High Risk / 26% Fraud Rate,M008,BeanCircuit Cafe,Cafe,Specialty Coffee & Bakery,Bengaluru,Indiranagar,Karnataka,560038,12.9784,77.6408,3,650.0,07:30-23:00,"UPI,POS,CARD",QR code spoofing / fast velocity dining,0.009,22,28195.41,INR,PURCHASE,UPI,MOBILE_APP,1,0,Bengaluru,2.0,0,0,1,DEV-SOWMIYA-ONEPLUS-11,mobile_android,0,BEN-CUST_SOWMIYA_003-TRUSTED,Trusted Household Vendor,6,1,4,25,0,0,0,None,Resolved Genuine,Standard Habitual Purchase,0
TXN-CUST_SOWMIYA_003-10644,2026-08-04 03:17:26,2026-08-04,03:17:26,3,1,0,1,CUST_SOWMIYA_003,55,Bengaluru,Karnataka,High Risk / 26% Fraud Rate,M029,CloudDesk Digital,Software / Digital Services,Cloud Infrastructure & SaaS Tools,Bengaluru,Whitefield,Karnataka,560066,12.9698,77.7499,7,19800.0,24_HOURS,"ONLINE,CARD,TRANSFER",Cryptomining VM rental with stolen credit cards,0.058,145,75442.85,INR,P2P_TRANSFER,TRANSFER,WEB_PORTAL,0,1,Moscow,1505.0,1,1,0,DEV-ROGUE-EMULATOR-592,unknown_bot,1,BEN-MULE-2694,QuickMule Transfer 24,0,5,20,86,4,3,1,Card testing,Pre-auth Block,Automated high-velocity attack from unknown device,1
TXN-CUST_SOWMIYA_003-10645,2026-08-04 04:42:22,2026-08-04,04:42:22,4,1,0,1,CUST_SOWMIYA_003,55,Bengaluru,Karnataka,High Risk / 26% Fraud Rate,M003,Pulse Mobile Hub,Mobile Store,Smartphones & Accessories,Chennai,Tambaram,Tamil Nadu,600045,12.9249,80.1278,4,18500.0,09:30-21:30,"POS,UPI,CARD",New device abuse / rapid checkout surge,0.035,87,24049.6,INR,PURCHASE,POS,MOBILE_APP,1,0,Bengaluru,3.0,0,0,1,DEV-SOWMIYA-ONEPLUS-11,mobile_android,0,BEN-CUST_SOWMIYA_003-TRUSTED,Trusted Household Vendor,14,0,3,20,0,0,0,None,Resolved Genuine,Standard Habitual Purchase,0
TXN-CUST_SOWMIYA_003-10646,2026-08-04 06:11:07,2026-08-04,06:11:07,6,1,0,0,CUST_SOWMIYA_003,55,Bengaluru,Karnataka,High Risk / 26% Fraud Rate,M003,Pulse Mobile Hub,Mobile Store,Smartphones & Accessories,Chennai,Tambaram,Tamil Nadu,600045,12.9249,80.1278,4,18500.0,09:30-21:30,"POS,UPI,CARD",New device abuse / rapid checkout surge,0.035,87,68620.97,INR,P2P_TRANSFER,POS,WEB_PORTAL,0,1,Dubai,3714.0,1,1,0,DEV-ROGUE-EMULATOR-221,unknown_bot,1,BEN-MULE-9460,QuickMule Transfer 87,0,10,12,56,3,4,1,Mule-account behavior,Pre-auth Block,Automated high-velocity attack from unknown device,1
TXN-CUST_SOWMIYA_003-10647,2026-08-04 07:39:00,2026-08-04,07:39:00,7,1,0,0,CUST_SOWMIYA_003,55,Bengaluru,Karnataka,High Risk / 26% Fraud Rate,M001,NovaMart Fresh,Grocery & Supermarket,Supermarket / Hypermarket,Chennai,T Nagar,Tamil Nadu,600017,13.0418,80.2341,8,1250.0,07:00-22:30,"POS,UPI,CARD,ONLINE",Card testing / micro-burst velocity,0.012,30,38168.14,INR,PURCHASE,CARD,MOBILE_APP,1,0,Bengaluru,6.0,0,0,1,DEV-SOWMIYA-ONEPLUS-11,mobile_android,0,BEN-CUST_SOWMIYA_003-TRUSTED,Trusted Household Vendor,9,0,3,18,0,0,0,None,Resolved Genuine,Standard Habitual Purchase,0
TXN-CUST_SOWMIYA_003-10648,2026-08-04 09:03:27,2026-08-04,09:03:27,9,1,0,0,CUST_SOWMIYA_003,55,Bengaluru,Karnataka,High Risk / 26% Fraud Rate,M013,CartNest Online,E-commerce,Multi-category Marketplace,Chennai,Guindy,Tamil Nadu,600032,13.0067,80.2026,5,6200.0,24_HOURS,"ONLINE,UPI,CARD,NETBANKING",Account takeover + triangulation shipping fraud,0.045,112,20232.89,INR,P2P_TRANSFER,CARD,WEB_PORTAL,0,1,Singapore,3096.0,1,1,0,DEV-ROGUE-EMULATOR-871,unknown_bot,1,BEN-MULE-4250,QuickMule Transfer 47,0,11,26,111,2,3,0,Card testing,Pre-auth Block,Automated high-velocity attack from unknown device,1
TXN-CUST_SOWMIYA_003-10649,2026-08-04 10:28:32,2026-08-04,10:28:32,10,1,0,0,CUST_SOWMIYA_003,55,Bengaluru,Karnataka,High Risk / 26% Fraud Rate,M011,SkyTrail Travels,Travel Agency,Flight & International Tour Packages,Coimbatore,Gandhipuram,Tamil Nadu,641012,11.0183,76.9664,11,44000.0,09:00-20:00,"ONLINE,TRANSFER,CARD",Mule-account ticket arbitrage & fast cancellation fraud,0.052,130,40387.91,INR,PURCHASE,ONLINE,MOBILE_APP,0,0,Bengaluru,6.0,0,0,1,DEV-SOWMIYA-ONEPLUS-11,mobile_android,0,BEN-CUST_SOWMIYA_003-TRUSTED,Trusted Household Vendor,3,0,4,21,0,0,0,None,Resolved Genuine,Standard Habitual Purchase,0
TXN-CUST_SOWMIYA_003-10650,2026-08-04 11:57:54,2026-08-04,11:57:54,11,1,0,0,CUST_SOWMIYA_003,55,Bengaluru,Karnataka,High Risk / 26% Fraud Rate,M028,CraftCove Home Decor,Home Decor,Handicrafts & Art Pieces,Thanjavur,Medical College Road,Tamil Nadu,613004,10.7684,79.1245,8,7400.0,09:30-20:30,"POS,UPI,CARD,ONLINE",Cross-border tourist chargebacks,0.023,57,14349.17,INR,PURCHASE,ONLINE,MOBILE_APP,1,0,Bengaluru,10.0,0,0,1,DEV-SOWMIYA-ONEPLUS-11,mobile_android,0,BEN-CUST_SOWMIYA_003-TRUSTED,Trusted Household Vendor,5,0,2,12,0,0,0,None,Resolved Genuine,Standard Habitual Purchase,0
TXN-CUST_SOWMIYA_003-10651,2026-08-04 13:27:02,2026-08-04,13:27:02,13,1,0,0,CUST_SOWMIYA_003,55,Bengaluru,Karnataka,High Risk / 26% Fraud Rate,M017,AutoForge Parts,Spare Parts,OEM Industrial & Auto Components,Hosur,Mookandapalli,Tamil Nadu,635126,12.7409,77.8253,15,16500.0,09:00-19:30,"TRANSFER,POS,CARD",Business email compromise / fake beneficiary update,0.033,82,24273.13,INR,PURCHASE,TRANSFER,MOBILE_APP,1,0,Bengaluru,10.0,0,0,1,DEV-SOWMIYA-ONEPLUS-11,mobile_android,0,BEN-CUST_SOWMIYA_003-TRUSTED,Trusted Household Vendor,13,0,3,15,0,0,0,None,Resolved Genuine,Standard Habitual Purchase,0
TXN-CUST_SOWMIYA_003-10652,2026-08-04 14:54:20,2026-08-04,14:54:20,14,1,0,0,CUST_SOWMIYA_003,55,Bengaluru,Karnataka,High Risk / 26% Fraud Rate,M024,LinkWave Telecom,Telecom Retail,Fiber Broadband & Postpaid Plans,Erode,Perundurai Road,Tamil Nadu,638011,11.341,77.7172,10,1950.0,09:30-20:30,"UPI,CARD,ONLINE,POS",SIM swap bill recharge surges,0.017,42,8350.85,INR,P2P_TRANSFER,ONLINE,WEB_PORTAL,0,1,Lagos,4399.0,1,1,0,DEV-ROGUE-EMULATOR-922,unknown_bot,1,BEN-MULE-1906,QuickMule Transfer 84,0,12,19,85,6,3,0,Mule-account behavior,Pre-auth Block,Automated high-velocity attack from unknown device,1
TXN-CUST_SOWMIYA_003-10653,2026-08-04 16:17:52,2026-08-04,16:17:52,16,1,0,0,CUST_SOWMIYA_003,55,Bengaluru,Karnataka,High Risk / 26% Fraud Rate,M026,GreenLeaf Wellness,Health & Wellness,Organic Nutrition & Ayurveda,Trichy,Srirangam,Tamil Nadu,620006,10.8624,78.6947,6,2100.0,08:00-21:00,"POS,UPI,ONLINE,CARD",Subscription card stuffing,0.013,32,31423.31,INR,PURCHASE,ONLINE,MOBILE_APP,1,0,Bengaluru,5.0,0,0,1,DEV-SOWMIYA-ONEPLUS-11,mobile_android,0,BEN-CUST_SOWMIYA_003-TRUSTED,Trusted Household Vendor,9,1,1,6,0,0,0,None,Resolved Genuine,Standard Habitual Purchase,0
TXN-CUST_SOWMIYA_003-10654,2026-08-04 17:44:32,2026-08-04,17:44:32,17,1,0,0,CUST_SOWMIYA_003,55,Bengaluru,Karnataka,High Risk / 26% Fraud Rate,M003,Pulse Mobile Hub,Mobile Store,Smartphones & Accessories,Chennai,Tambaram,Tamil Nadu,600045,12.9249,80.1278,4,18500.0,09:30-21:30,"POS,UPI,CARD",New device abuse / rapid checkout surge,0.035,87,17862.98,INR,PURCHASE,POS,MOBILE_APP,1,0,Bengaluru,13.0,0,0,1,DEV-SOWMIYA-ONEPLUS-11,mobile_android,0,BEN-CUST_SOWMIYA_003-TRUSTED,Trusted Household Vendor,15,0,3,17,0,0,0,None,Resolved Genuine,Standard Habitual Purchase,0
TXN-CUST_SOWMIYA_003-10655,2026-08-04 19:09:35,2026-08-04,19:09:35,19,1,0,0,CUST_SOWMIYA_003,55,Bengaluru,Karnataka,High Risk / 26% Fraud Rate,M017,AutoForge Parts,Spare Parts,OEM Industrial & Auto Components,Hosur,Mookandapalli,Tamil Nadu,635126,12.7409,77.8253,15,16500.0,09:00-19:30,"TRANSFER,POS,CARD",Business email compromise / fake beneficiary update,0.033,82,32890.07,INR,PURCHASE,TRANSFER,MOBILE_APP,1,0,Bengaluru,9.0,0,0,1,DEV-SOWMIYA-ONEPLUS-11,mobile_android,0,BEN-CUST_SOWMIYA_003-TRUSTED,Trusted Household Vendor,10,0,4,18,0,0,0,None,Resolved Genuine,Standard Habitual Purchase,0
TXN-CUST_SOWMIYA_003-10656,2026-08-04 20:37:08,2026-08-04,20:37:08,20,1,0,0,CUST_SOWMIYA_003,55,Bengaluru,Karnataka,High Risk / 26% Fraud Rate,M006,MedicoCare Pharmacy,Pharmacy,Medicines & Surgical Supplies,Madurai,KK Nagar,Tamil Nadu,625020,9.9252,78.1498,10,1450.0,24_HOURS,"POS,UPI,CARD,ONLINE",Nighttime micro card testing,0.015,37,39118.11,INR,PURCHASE,POS,MOBILE_APP,1,0,Bengaluru,15.0,0,0,1,DEV-SOWMIYA-ONEPLUS-11,mobile_android,0,BEN-CUST_SOWMIYA_003-TRUSTED,Trusted Household Vendor,14,0,3,18,0,0,0,None,Resolved Genuine,Standard Habitual Purchase,0
TXN-CUST_SOWMIYA_003-10657,2026-08-04 22:05:24,2026-08-04,22:05:24,22,1,0,0,CUST_SOWMIYA_003,55,Bengaluru,Karnataka,High Risk / 26% Fraud Rate,M020,GameGrid Arena,Gaming,"Esports, Consoles & Virtual Credits",Bengaluru,Koramangala,Karnataka,560095,12.9352,77.6245,4,3400.0,10:00-01:00,"ONLINE,UPI,CARD,WALLET",Virtual item laundering & bot-driven micro transactions,0.055,137,44049.21,INR,PURCHASE,CARD,MOBILE_APP,0,0,Bengaluru,5.0,0,0,1,DEV-SOWMIYA-ONEPLUS-11,mobile_android,0,BEN-CUST_SOWMIYA_003-TRUSTED,Trusted Household Vendor,9,0,4,22,0,0,0,None,Resolved Genuine,Standard Habitual Purchase,0
TXN-CUST_SOWMIYA_003-10658,2026-08-04 23:29:37,2026-08-04,23:29:37,23,1,0,1,CUST_SOWMIYA_003,55,Bengaluru,Karnataka,High Risk / 26% Fraud Rate,M003,Pulse Mobile Hub,Mobile Store,Smartphones & Accessories,Chennai,Tambaram,Tamil Nadu,600045,12.9249,80.1278,4,18500.0,09:30-21:30,"POS,UPI,CARD",New device abuse / rapid checkout surge,0.035,87,84345.1,INR,P2P_TRANSFER,UPI,WEB_PORTAL,0,1,Singapore,4764.0,1,1,0,DEV-ROGUE-EMULATOR-814,unknown_bot,1,BEN-MULE-1196,QuickMule Transfer 24,0,6,27,111,4,2,1,Mule-account behavior,Pre-auth Block,Automated high-velocity attack from unknown device,1
TXN-CUST_SOWMIYA_003-10659,2026-08-05 00:56:55,2026-08-05,00:56:55,0,2,0,1,CUST_SOWMIYA_003,55,Bengaluru,Karnataka,High Risk / 26% Fraud Rate,M015,HomeSphere Appliances,Home Appliances,"Refrigerators, ACs & Kitchen Tech",Coimbatore,Saibaba Colony,Tamil Nadu,641011,11.0315,76.945,9,27500.0,09:30-21:00,"POS,EMI,CARD,UPI",Carding attacks with immediate in-store pickup,0.038,95,18400.52,INR,PURCHASE,CARD,MOBILE_APP,1,0,Bengaluru,5.0,0,0,1,DEV-SOWMIYA-ONEPLUS-11,mobile_android,0,BEN-CUST_SOWMIYA_003-TRUSTED,Trusted Household Vendor,14,0,3,16,0,0,0,None,Resolved Genuine,Standard Habitual Purchase,0
TXN-CUST_SOWMIYA_003-10660,2026-08-05 02:21:43,2026-08-05,02:21:43,2,2,0,1,CUST_SOWMIYA_003,55,Bengaluru,Karnataka,High Risk / 26% Fraud Rate,M022,SkillSpring Academy,Education / Training,Professional Certifications & Tech Bootcamps,Chennai,Mylapore,Tamil Nadu,600004,13.0368,80.2676,8,22000.0,08:30-19:30,"ONLINE,NETBANKING,CARD,UPI",Stolen corporate card enrollments,0.028,70,98672.66,INR,P2P_TRANSFER,ONLINE,WEB_PORTAL,0,1,Lagos,3067.0,1,1,0,DEV-ROGUE-EMULATOR-828,unknown_bot,1,BEN-MULE-1756,QuickMule Transfer 16,0,6,25,109,4,4,0,Account takeover,Pre-auth Block,Automated high-velocity attack from unknown device,1
TXN-CUST_SOWMIYA_003-10661,2026-08-05 03:45:12,2026-08-05,03:45:12,3,2,0,1,CUST_SOWMIYA_003,55,Bengaluru,Karnataka,High Risk / 26% Fraud Rate,M018,PageTurn Book House,Bookstore,"Academic, Fiction & Stationery",Trichy,Thillai Nagar,Tamil Nadu,620018,10.8282,78.6854,16,850.0,09:00-21:30,"POS,UPI,CARD,ONLINE",Low-value card testing bots,0.008,20,44435.69,INR,PURCHASE,CARD,MOBILE_APP,1,0,Bengaluru,2.0,0,0,1,DEV-SOWMIYA-ONEPLUS-11,mobile_android,0,BEN-CUST_SOWMIYA_003-TRUSTED,Trusted Household Vendor,13,1,3,21,0,0,0,None,Resolved Genuine,Standard Habitual Purchase,0
TXN-CUST_SOWMIYA_003-10662,2026-08-05 05:11:02,2026-08-05,05:11:02,5,2,0,1,CUST_SOWMIYA_003,55,Bengaluru,Karnataka,High Risk / 26% Fraud Rate,M003,Pulse Mobile Hub,Mobile Store,Smartphones & Accessories,Chennai,Tambaram,Tamil Nadu,600045,12.9249,80.1278,4,18500.0,09:30-21:30,"POS,UPI,CARD",New device abuse / rapid checkout surge,0.035,87,42821.42,INR,P2P_TRANSFER,CARD,WEB_PORTAL,0,0,Unknown Proxy,3671.0,1,1,0,DEV-ROGUE-EMULATOR-377,unknown_bot,1,BEN-MULE-5017,QuickMule Transfer 50,0,12,21,91,2,3,1,Card testing,Pre-auth Block,Automated high-velocity attack from unknown device,1
TXN-CUST_SOWMIYA_003-10663,2026-08-05 06:39:04,2026-08-05,06:39:04,6,2,0,0,CUST_SOWMIYA_003,55,Bengaluru,Karnataka,High Risk / 26% Fraud Rate,M026,GreenLeaf Wellness,Health & Wellness,Organic Nutrition & Ayurveda,Trichy,Srirangam,Tamil Nadu,620006,10.8624,78.6947,6,2100.0,08:00-21:00,"POS,UPI,ONLINE,CARD",Subscription card stuffing,0.013,32,45478.8,INR,PURCHASE,UPI,MOBILE_APP,1,0,Bengaluru,14.0,0,0,1,DEV-SOWMIYA-ONEPLUS-11,mobile_android,0,BEN-CUST_SOWMIYA_003-TRUSTED,Trusted Household Vendor,13,0,2,17,0,0,0,None,Resolved Genuine,Standard Habitual Purchase,0
TXN-CUST_SOWMIYA_003-10664,2026-08-05 08:03:29,2026-08-05,08:03:29,8,2,0,0,CUST_SOWMIYA_003,55,Bengaluru,Karnataka,High Risk / 26% Fraud Rate,M018,PageTurn Book House,Bookstore,"Academic, Fiction & Stationery",Trichy,Thillai Nagar,Tamil Nadu,620018,10.8282,78.6854,16,850.0,09:00-21:30,"POS,UPI,CARD,ONLINE",Low-value card testing bots,0.008,20,39090.98,INR,PURCHASE,ONLINE,MOBILE_APP,1,0,Bengaluru,12.0,0,0,1,DEV-SOWMIYA-ONEPLUS-11,mobile_android,0,BEN-CUST_SOWMIYA_003-TRUSTED,Trusted Household Vendor,13,0,4,26,0,0,0,None,Resolved Genuine,Standard Habitual Purchase,0
TXN-CUST_SOWMIYA_003-10665,2026-08-05 09:27:38,2026-08-05,09:27:38,9,2,0,0,CUST_SOWMIYA_003,55,Bengaluru,Karnataka,High Risk / 26% Fraud Rate,M007,SpiceRoute Kitchen,Restaurant,Fine Dining & Chettinad,Chennai,Adyar,Tamil Nadu,600020,13.0012,80.2565,7,2200.0,11:30-23:30,"POS,UPI,CARD",Cloned card POS terminal replay,0.018,45,13051.1,INR,PURCHASE,UPI,MOBILE_APP,1,0,Bengaluru,3.0,0,0,1,DEV-SOWMIYA-ONEPLUS-11,mobile_android,0,BEN-CUST_SOWMIYA_003-TRUSTED,Trusted Household Vendor,9,0,3,21,0,0,0,None,Resolved Genuine,Standard Habitual Purchase,0
TXN-CUST_SOWMIYA_003-10666,2026-08-05 10:56:44,2026-08-05,10:56:44,10,2,0,0,CUST_SOWMIYA_003,55,Bengaluru,Karnataka,High Risk / 26% Fraud Rate,M016,MotoCare Garage,Auto Service,Car Service & Detailing Hub,Chennai,Pallikaranai,Tamil Nadu,600100,12.9372,80.2014,7,8900.0,08:30-20:30,"POS,UPI,CARD",Over-invoicing / synthetic card payments,0.021,52,14678.29,INR,PURCHASE,CARD,MOBILE_APP,1,0,Bengaluru,2.0,0,0,1,DEV-SOWMIYA-ONEPLUS-11,mobile_android,0,BEN-CUST_SOWMIYA_003-TRUSTED,Trusted Household Vendor,14,0,2,11,0,0,0,None,Resolved Genuine,Standard Habitual Purchase,0
TXN-CUST_SOWMIYA_003-10667,2026-08-05 12:25:09,2026-08-05,12:25:09,12,2,0,0,CUST_SOWMIYA_003,55,Bengaluru,Karnataka,High Risk / 26% Fraud Rate,M028,CraftCove Home Decor,Home Decor,Handicrafts & Art Pieces,Thanjavur,Medical College Road,Tamil Nadu,613004,10.7684,79.1245,8,7400.0,09:30-20:30,"POS,UPI,CARD,ONLINE",Cross-border tourist chargebacks,0.023,57,45186.41,INR,PURCHASE,POS,MOBILE_APP,1,0,Bengaluru,8.0,0,0,1,DEV-SOWMIYA-ONEPLUS-11,mobile_android,0,BEN-CUST_SOWMIYA_003-TRUSTED,Trusted Household Vendor,4,0,3,21,0,0,0,None,Resolved Genuine,Standard Habitual Purchase,0
TXN-CUST_SOWMIYA_003-10668,2026-08-05 13:52:55,2026-08-05,13:52:55,13,2,0,0,CUST_SOWMIYA_003,55,Bengaluru,Karnataka,High Risk / 26% Fraud Rate,M004,Aurelia Gold House,Jewellery,Gold & Diamond Jewellery,Coimbatore,RS Puram,Tamil Nadu,641002,11.0089,76.9514,14,78000.0,10:00-20:30,"POS,CARD,TRANSFER",Account takeover / card-not-present luxury surge,0.065,162,15366.98,INR,PURCHASE,CARD,MOBILE_APP,1,0,Bengaluru,7.0,0,0,1,DEV-SOWMIYA-ONEPLUS-11,mobile_android,0,BEN-CUST_SOWMIYA_003-TRUSTED,Trusted Household Vendor,9,1,3,18,0,0,0,None,Resolved Genuine,Standard Habitual Purchase,0
TXN-CUST_SOWMIYA_003-10669,2026-08-05 15:18:36,2026-08-05,15:18:36,15,2,0,0,CUST_SOWMIYA_003,55,Bengaluru,Karnataka,High Risk / 26% Fraud Rate,M021,GlowCraft Salon,Salon / Beauty,Spa & Grooming Studio,Chennai,Porur,Tamil Nadu,600116,13.0382,80.1565,5,2800.0,09:00-21:00,"POS,UPI,CARD",Unusual late-night transaction spikes,0.011,27,14195.03,INR,PURCHASE,CARD,MOBILE_APP,1,0,Bengaluru,2.0,0,0,1,DEV-SOWMIYA-ONEPLUS-11,mobile_android,0,BEN-CUST_SOWMIYA_003-TRUSTED,Trusted Household Vendor,3,0,2,17,0,0,0,None,Resolved Genuine,Standard Habitual Purchase,0
TXN-CUST_SOWMIYA_003-10670,2026-08-05 16:44:11,2026-08-05,16:44:11,16,2,0,0,CUST_SOWMIYA_003,55,Bengaluru,Karnataka,High Risk / 26% Fraud Rate,M010,HarborView Residency,Hotel / Hospitality,Business & Luxury Hotel,Chennai,OMR,Tamil Nadu,600096,12.9165,80.2285,6,9500.0,24_HOURS,"ONLINE,POS,CARD,TRANSFER",Online travel booking fraud with stolen corporate credentials,0.041,102,17298.2,INR,PURCHASE,CARD,MOBILE_APP,1,0,Bengaluru,13.0,0,0,1,DEV-SOWMIYA-ONEPLUS-11,mobile_android,0,BEN-CUST_SOWMIYA_003-TRUSTED,Trusted Household Vendor,6,0,4,20,0,0,0,None,Resolved Genuine,Standard Habitual Purchase,0
TXN-CUST_SOWMIYA_003-10671,2026-08-05 18:09:02,2026-08-05,18:09:02,18,2,0,0,CUST_SOWMIYA_003,55,Bengaluru,Karnataka,High Risk / 26% Fraud Rate,M024,LinkWave Telecom,Telecom Retail,Fiber Broadband & Postpaid Plans,Erode,Perundurai Road,Tamil Nadu,638011,11.341,77.7172,10,1950.0,09:30-20:30,"UPI,CARD,ONLINE,POS",SIM swap bill recharge surges,0.017,42,9588.87,INR,P2P_TRANSFER,CARD,WEB_PORTAL,0,1,Moscow,4955.0,1,1,0,DEV-ROGUE-EMULATOR-672,unknown_bot,1,BEN-MULE-6580,QuickMule Transfer 41,0,4,13,59,5,1,0,Mule-account behavior,Pre-auth Block,Automated high-velocity attack from unknown device,1
TXN-CUST_SOWMIYA_003-10672,2026-08-05 19:38:01,2026-08-05,19:38:01,19,2,0,0,CUST_SOWMIYA_003,55,Bengaluru,Karnataka,High Risk / 26% Fraud Rate,M006,MedicoCare Pharmacy,Pharmacy,Medicines & Surgical Supplies,Madurai,KK Nagar,Tamil Nadu,625020,9.9252,78.1498,10,1450.0,24_HOURS,"POS,UPI,CARD,ONLINE",Nighttime micro card testing,0.015,37,14359.88,INR,PURCHASE,UPI,MOBILE_APP,1,0,Bengaluru,11.0,0,0,1,DEV-SOWMIYA-ONEPLUS-11,mobile_android,0,BEN-CUST_SOWMIYA_003-TRUSTED,Trusted Household Vendor,11,0,1,8,0,0,0,None,Resolved Genuine,Standard Habitual Purchase,0
TXN-CUST_SOWMIYA_003-10673,2026-08-05 21:03:52,2026-08-05,21:03:52,21,2,0,0,CUST_SOWMIYA_003,55,Bengaluru,Karnataka,High Risk / 26% Fraud Rate,M019,ArenaSport World,Sports Retail,Fitness Equipment & Sports Wear,Chennai,Nungambakkam,Tamil Nadu,600034,13.0604,80.2405,6,5600.0,10:00-21:30,"POS,ONLINE,UPI,CARD",Stolen card chargeback on premium sports gear,0.026,65,44628.35,INR,PURCHASE,POS,MOBILE_APP,1,0,Bengaluru,1.0,0,0,1,DEV-SOWMIYA-ONEPLUS-11,mobile_android,0,BEN-CUST_SOWMIYA_003-TRUSTED,Trusted Household Vendor,9,0,4,20,0,0,0,None,Resolved Genuine,Standard Habitual Purchase,0
TXN-CUST_SOWMIYA_003-10674,2026-08-05 22:30:30,2026-08-05,22:30:30,22,2,0,0,CUST_SOWMIYA_003,55,Bengaluru,Karnataka,High Risk / 26% Fraud Rate,M012,DashDine Delivery,Food Delivery,Quick Commerce & Meal Delivery,Chennai,Sholinganallur,Tamil Nadu,600119,12.901,80.2279,4,520.0,06:00-02:00,"UPI,CARD,ONLINE,WALLET",Promo code abuse / stolen wallet balances,0.014,35,42541.31,INR,PURCHASE,ONLINE,MOBILE_APP,0,0,Bengaluru,14.0,0,0,1,DEV-SOWMIYA-ONEPLUS-11,mobile_android,0,BEN-CUST_SOWMIYA_003-TRUSTED,Trusted Household Vendor,12,0,2,17,0,0,0,None,Resolved Genuine,Standard Habitual Purchase,0
TXN-CUST_SOWMIYA_003-10675,2026-08-05 23:54:17,2026-08-05,23:54:17,23,2,0,1,CUST_SOWMIYA_003,55,Bengaluru,Karnataka,High Risk / 26% Fraud Rate,M010,HarborView Residency,Hotel / Hospitality,Business & Luxury Hotel,Chennai,OMR,Tamil Nadu,600096,12.9165,80.2285,6,9500.0,24_HOURS,"ONLINE,POS,CARD,TRANSFER",Online travel booking fraud with stolen corporate credentials,0.041,102,25165.88,INR,PURCHASE,ONLINE,MOBILE_APP,1,0,Bengaluru,14.0,0,0,1,DEV-SOWMIYA-ONEPLUS-11,mobile_android,0,BEN-CUST_SOWMIYA_003-TRUSTED,Trusted Household Vendor,4,0,2,10,0,0,0,None,Resolved Genuine,Standard Habitual Purchase,0
TXN-CUST_SOWMIYA_003-10676,2026-08-06 01:18:49,2026-08-06,01:18:49,1,3,0,1,CUST_SOWMIYA_003,55,Bengaluru,Karnataka,High Risk / 26% Fraud Rate,M024,LinkWave Telecom,Telecom Retail,Fiber Broadband & Postpaid Plans,Erode,Perundurai Road,Tamil Nadu,638011,11.341,77.7172,10,1950.0,09:30-20:30,"UPI,CARD,ONLINE,POS",SIM swap bill recharge surges,0.017,42,27555.62,INR,PURCHASE,UPI,MOBILE_APP,1,0,Bengaluru,14.0,0,0,1,DEV-SOWMIYA-ONEPLUS-11,mobile_android,0,BEN-CUST_SOWMIYA_003-TRUSTED,Trusted Household Vendor,10,0,1,9,0,0,0,None,Resolved Genuine,Standard Habitual Purchase,0
TXN-CUST_SOWMIYA_003-10677,2026-08-06 02:45:09,2026-08-06,02:45:09,2,3,0,1,CUST_SOWMIYA_003,55,Bengaluru,Karnataka,High Risk / 26% Fraud Rate,M025,ShieldSure Services,Insurance Services,General & Health Insurance Premium,Chennai,Egmore,Tamil Nadu,600008,13.0784,80.2607,13,14000.0,09:30-18:00,"ONLINE,NETBANKING,CARD",Premium diversion / fake policy payment slips,0.019,47,13478.36,INR,PURCHASE,CARD,MOBILE_APP,0,0,Bengaluru,11.0,0,0,1,DEV-SOWMIYA-ONEPLUS-11,mobile_android,0,BEN-CUST_SOWMIYA_003-TRUSTED,Trusted Household Vendor,14,0,4,24,0,0,0,None,Resolved Genuine,Standard Habitual Purchase,0
TXN-CUST_SOWMIYA_003-10678,2026-08-06 04:13:03,2026-08-06,04:13:03,4,3,0,1,CUST_SOWMIYA_003,55,Bengaluru,Karnataka,High Risk / 26% Fraud Rate,M019,ArenaSport World,Sports Retail,Fitness Equipment & Sports Wear,Chennai,Nungambakkam,Tamil Nadu,600034,13.0604,80.2405,6,5600.0,10:00-21:30,"POS,ONLINE,UPI,CARD",Stolen card chargeback on premium sports gear,0.026,65,14894.99,INR,P2P_TRANSFER,UPI,WEB_PORTAL,0,1,Dubai,5417.0,1,1,0,DEV-ROGUE-EMULATOR-610,unknown_bot,1,BEN-MULE-8130,QuickMule Transfer 72,0,7,20,90,6,3,1,Card testing,Pre-auth Block,Automated high-velocity attack from unknown device,1
TXN-CUST_SOWMIYA_003-10679,2026-08-06 05:39:06,2026-08-06,05:39:06,5,3,0,1,CUST_SOWMIYA_003,55,Bengaluru,Karnataka,High Risk / 26% Fraud Rate,M014,OakLine Furnishings,Furniture,Teak Wood & Modern Home Decor,Madurai,Bypass Road,Tamil Nadu,625016,9.932,78.109,12,38000.0,10:00-21:00,"POS,CARD,TRANSFER,EMI",Invoice redirection fraud / fake payment slips,0.029,72,149109.49,INR,P2P_TRANSFER,EMI,WEB_PORTAL,0,1,Dubai,5089.0,1,1,0,DEV-ROGUE-EMULATOR-455,unknown_bot,1,BEN-MULE-8235,QuickMule Transfer 27,0,8,33,141,4,3,1,Card testing,Pre-auth Block,Automated high-velocity attack from unknown device,1
TXN-CUST_SOWMIYA_003-10680,2026-08-06 07:04:52,2026-08-06,07:04:52,7,3,0,0,CUST_SOWMIYA_003,55,Bengaluru,Karnataka,High Risk / 26% Fraud Rate,M022,SkillSpring Academy,Education / Training,Professional Certifications & Tech Bootcamps,Chennai,Mylapore,Tamil Nadu,600004,13.0368,80.2676,8,22000.0,08:30-19:30,"ONLINE,NETBANKING,CARD,UPI",Stolen corporate card enrollments,0.028,70,20845.24,INR,PURCHASE,ONLINE,MOBILE_APP,0,0,Bengaluru,13.0,0,0,1,DEV-SOWMIYA-ONEPLUS-11,mobile_android,0,BEN-CUST_SOWMIYA_003-TRUSTED,Trusted Household Vendor,11,0,2,17,0,0,0,None,Resolved Genuine,Standard Habitual Purchase,0
TXN-CUST_SOWMIYA_003-10681,2026-08-06 08:34:15,2026-08-06,08:34:15,8,3,0,0,CUST_SOWMIYA_003,55,Bengaluru,Karnataka,High Risk / 26% Fraud Rate,M009,RapidFuel Station,Fuel Station,"Petrol, Diesel & EV Fast Charge",Salem,Fairlands,Tamil Nadu,636016,11.6643,78.146,9,3100.0,24_HOURS,"POS,FLEET_CARD,UPI",Automated fleet card skimming,0.024,60,28445.69,INR,PURCHASE,FLEET_CARD,MOBILE_APP,1,0,Bengaluru,10.0,0,0,1,DEV-SOWMIYA-ONEPLUS-11,mobile_android,0,BEN-CUST_SOWMIYA_003-TRUSTED,Trusted Household Vendor,6,0,1,11,0,0,0,None,Resolved Genuine,Standard Habitual Purchase,0
TXN-CUST_SOWMIYA_003-10682,2026-08-06 10:02:14,2026-08-06,10:02:14,10,3,0,0,CUST_SOWMIYA_003,55,Bengaluru,Karnataka,High Risk / 26% Fraud Rate,M025,ShieldSure Services,Insurance Services,General & Health Insurance Premium,Chennai,Egmore,Tamil Nadu,600008,13.0784,80.2607,13,14000.0,09:30-18:00,"ONLINE,NETBANKING,CARD",Premium diversion / fake policy payment slips,0.019,47,16501.46,INR,PURCHASE,CARD,MOBILE_APP,0,0,Bengaluru,3.0,0,0,1,DEV-SOWMIYA-ONEPLUS-11,mobile_android,0,BEN-CUST_SOWMIYA_003-TRUSTED,Trusted Household Vendor,9,0,2,13,0,0,0,None,Resolved Genuine,Standard Habitual Purchase,0
TXN-CUST_SOWMIYA_003-10683,2026-08-06 11:25:59,2026-08-06,11:25:59,11,3,0,0,CUST_SOWMIYA_003,55,Bengaluru,Karnataka,High Risk / 26% Fraud Rate,M005,UrbanThread Studio,Fashion / Apparel,Designer & Ready-to-wear,Chennai,Anna Nagar,Tamil Nadu,600040,13.085,80.2101,5,4800.0,10:30-22:00,"POS,ONLINE,UPI,CARD",Refund abuse / credential stuffing,0.022,55,40304.36,INR,PURCHASE,ONLINE,MOBILE_APP,1,0,Bengaluru,7.0,0,0,1,DEV-SOWMIYA-ONEPLUS-11,mobile_android,0,BEN-CUST_SOWMIYA_003-TRUSTED,Trusted Household Vendor,8,0,3,19,0,0,0,None,Resolved Genuine,Standard Habitual Purchase,0
TXN-CUST_SOWMIYA_003-10684,2026-08-06 12:55:06,2026-08-06,12:55:06,12,3,0,0,CUST_SOWMIYA_003,55,Bengaluru,Karnataka,High Risk / 26% Fraud Rate,M008,BeanCircuit Cafe,Cafe,Specialty Coffee & Bakery,Bengaluru,Indiranagar,Karnataka,560038,12.9784,77.6408,3,650.0,07:30-23:00,"UPI,POS,CARD",QR code spoofing / fast velocity dining,0.009,22,19660.06,INR,PURCHASE,POS,MOBILE_APP,1,0,Bengaluru,10.0,0,0,1,DEV-SOWMIYA-ONEPLUS-11,mobile_android,0,BEN-CUST_SOWMIYA_003-TRUSTED,Trusted Household Vendor,10,0,1,6,0,0,0,None,Resolved Genuine,Standard Habitual Purchase,0
TXN-CUST_SOWMIYA_003-10685,2026-08-06 14:22:54,2026-08-06,14:22:54,14,3,0,0,CUST_SOWMIYA_003,55,Bengaluru,Karnataka,High Risk / 26% Fraud Rate,M008,BeanCircuit Cafe,Cafe,Specialty Coffee & Bakery,Bengaluru,Indiranagar,Karnataka,560038,12.9784,77.6408,3,650.0,07:30-23:00,"UPI,POS,CARD",QR code spoofing / fast velocity dining,0.009,22,22857.39,INR,PURCHASE,UPI,MOBILE_APP,1,0,Bengaluru,7.0,0,0,1,DEV-SOWMIYA-ONEPLUS-11,mobile_android,0,BEN-CUST_SOWMIYA_003-TRUSTED,Trusted Household Vendor,13,0,2,14,0,0,0,None,Resolved Genuine,Standard Habitual Purchase,0
TXN-CUST_SOWMIYA_003-10686,2026-08-06 15:49:05,2026-08-06,15:49:05,15,3,0,0,CUST_SOWMIYA_003,55,Bengaluru,Karnataka,High Risk / 26% Fraud Rate,M024,LinkWave Telecom,Telecom Retail,Fiber Broadband & Postpaid Plans,Erode,Perundurai Road,Tamil Nadu,638011,11.341,77.7172,10,1950.0,09:30-20:30,"UPI,CARD,ONLINE,POS",SIM swap bill recharge surges,0.017,42,27769.34,INR,PURCHASE,UPI,MOBILE_APP,1,0,Bengaluru,2.0,0,0,1,DEV-SOWMIYA-ONEPLUS-11,mobile_android,0,BEN-CUST_SOWMIYA_003-TRUSTED,Trusted Household Vendor,10,1,2,10,0,0,0,None,Resolved Genuine,Standard Habitual Purchase,0
TXN-CUST_SOWMIYA_003-10687,2026-08-06 17:16:49,2026-08-06,17:16:49,17,3,0,0,CUST_SOWMIYA_003,55,Bengaluru,Karnataka,High Risk / 26% Fraud Rate,M012,DashDine Delivery,Food Delivery,Quick Commerce & Meal Delivery,Chennai,Sholinganallur,Tamil Nadu,600119,12.901,80.2279,4,520.0,06:00-02:00,"UPI,CARD,ONLINE,WALLET",Promo code abuse / stolen wallet balances,0.014,35,1725.59,INR,P2P_TRANSFER,CARD,WEB_PORTAL,0,1,Moscow,2911.0,1,1,0,DEV-ROGUE-EMULATOR-885,unknown_bot,1,BEN-MULE-5224,QuickMule Transfer 26,0,7,16,74,5,4,1,Card testing,Pre-auth Block,Automated high-velocity attack from unknown device,1
TXN-CUST_SOWMIYA_003-10688,2026-08-06 18:45:52,2026-08-06,18:45:52,18,3,0,0,CUST_SOWMIYA_003,55,Bengaluru,Karnataka,High Risk / 26% Fraud Rate,M023,SwiftBox Logistics,Courier / Logistics,Express Parcel & Freight Delivery,Tiruppur,Avinashi Road,Tamil Nadu,641603,11.1085,77.3411,9,4200.0,08:00-21:00,"POS,UPI,CARD,ONLINE",Interception fraud / address redirection,0.02,50,25088.44,INR,PURCHASE,UPI,MOBILE_APP,1,0,Bengaluru,13.0,0,0,1,DEV-SOWMIYA-ONEPLUS-11,mobile_android,0,BEN-CUST_SOWMIYA_003-TRUSTED,Trusted Household Vendor,10,0,2,13,0,0,0,None,Resolved Genuine,Standard Habitual Purchase,0
TXN-CUST_SOWMIYA_003-10689,2026-08-06 20:12:15,2026-08-06,20:12:15,20,3,0,0,CUST_SOWMIYA_003,55,Bengaluru,Karnataka,High Risk / 26% Fraud Rate,M006,MedicoCare Pharmacy,Pharmacy,Medicines & Surgical Supplies,Madurai,KK Nagar,Tamil Nadu,625020,9.9252,78.1498,10,1450.0,24_HOURS,"POS,UPI,CARD,ONLINE",Nighttime micro card testing,0.015,37,17769.36,INR,PURCHASE,UPI,MOBILE_APP,1,0,Bengaluru,13.0,0,0,1,DEV-SOWMIYA-ONEPLUS-11,mobile_android,0,BEN-CUST_SOWMIYA_003-TRUSTED,Trusted Household Vendor,3,0,1,9,0,0,0,None,Resolved Genuine,Standard Habitual Purchase,0
TXN-CUST_SOWMIYA_003-10690,2026-08-06 21:39:58,2026-08-06,21:39:58,21,3,0,0,CUST_SOWMIYA_003,55,Bengaluru,Karnataka,High Risk / 26% Fraud Rate,M027,BrickHarbor Realty,Real Estate / Property Services,Rental Escrow & Facility Management,Chennai,Porur,Tamil Nadu,600116,13.035,80.16,11,65000.0,09:00-19:00,"TRANSFER,NETBANKING,CARD",Security deposit phishing / escrow hijacking,0.039,97,144256.82,INR,P2P_TRANSFER,CARD,WEB_PORTAL,0,0,Unknown Proxy,3757.0,1,1,0,DEV-ROGUE-EMULATOR-809,unknown_bot,1,BEN-MULE-1557,QuickMule Transfer 36,0,6,32,137,3,3,0,Account takeover,Pre-auth Block,Automated high-velocity attack from unknown device,1
TXN-CUST_SOWMIYA_003-10691,2026-08-06 23:03:26,2026-08-06,23:03:26,23,3,0,1,CUST_SOWMIYA_003,55,Bengaluru,Karnataka,High Risk / 26% Fraud Rate,M007,SpiceRoute Kitchen,Restaurant,Fine Dining & Chettinad,Chennai,Adyar,Tamil Nadu,600020,13.0012,80.2565,7,2200.0,11:30-23:30,"POS,UPI,CARD",Cloned card POS terminal replay,0.018,45,17935.19,INR,PURCHASE,CARD,MOBILE_APP,1,0,Bengaluru,15.0,0,0,1,DEV-SOWMIYA-ONEPLUS-11,mobile_android,0,BEN-CUST_SOWMIYA_003-TRUSTED,Trusted Household Vendor,13,0,1,14,0,0,0,None,Resolved Genuine,Standard Habitual Purchase,0
TXN-CUST_SOWMIYA_003-10692,2026-08-07 00:32:09,2026-08-07,00:32:09,0,4,0,1,CUST_SOWMIYA_003,55,Bengaluru,Karnataka,High Risk / 26% Fraud Rate,M017,AutoForge Parts,Spare Parts,OEM Industrial & Auto Components,Hosur,Mookandapalli,Tamil Nadu,635126,12.7409,77.8253,15,16500.0,09:00-19:30,"TRANSFER,POS,CARD",Business email compromise / fake beneficiary update,0.033,82,18600.54,INR,PURCHASE,POS,MOBILE_APP,1,0,Bengaluru,5.0,0,0,1,DEV-SOWMIYA-ONEPLUS-11,mobile_android,0,BEN-CUST_SOWMIYA_003-TRUSTED,Trusted Household Vendor,5,0,1,13,0,0,0,None,Resolved Genuine,Standard Habitual Purchase,0
TXN-CUST_SOWMIYA_003-10693,2026-08-07 02:00:54,2026-08-07,02:00:54,2,4,0,1,CUST_SOWMIYA_003,55,Bengaluru,Karnataka,High Risk / 26% Fraud Rate,M021,GlowCraft Salon,Salon / Beauty,Spa & Grooming Studio,Chennai,Porur,Tamil Nadu,600116,13.0382,80.1565,5,2800.0,09:00-21:00,"POS,UPI,CARD",Unusual late-night transaction spikes,0.011,27,8271.96,INR,P2P_TRANSFER,CARD,WEB_PORTAL,0,1,Moscow,2027.0,1,1,0,DEV-ROGUE-EMULATOR-324,unknown_bot,1,BEN-MULE-7897,QuickMule Transfer 83,0,12,34,144,4,1,1,Account takeover,Pre-auth Block,Automated high-velocity attack from unknown device,1
TXN-CUST_SOWMIYA_003-10694,2026-08-07 03:27:32,2026-08-07,03:27:32,3,4,0,1,CUST_SOWMIYA_003,55,Bengaluru,Karnataka,High Risk / 26% Fraud Rate,M029,CloudDesk Digital,Software / Digital Services,Cloud Infrastructure & SaaS Tools,Bengaluru,Whitefield,Karnataka,560066,12.9698,77.7499,7,19800.0,24_HOURS,"ONLINE,CARD,TRANSFER",Cryptomining VM rental with stolen credit cards,0.058,145,44821.73,INR,PURCHASE,CARD,MOBILE_APP,0,0,Bengaluru,11.0,0,0,1,DEV-SOWMIYA-ONEPLUS-11,mobile_android,0,BEN-CUST_SOWMIYA_003-TRUSTED,Trusted Household Vendor,14,0,3,18,0,0,0,None,Resolved Genuine,Standard Habitual Purchase,0
TXN-CUST_SOWMIYA_003-10695,2026-08-07 04:52:45,2026-08-07,04:52:45,4,4,0,1,CUST_SOWMIYA_003,55,Bengaluru,Karnataka,High Risk / 26% Fraud Rate,M027,BrickHarbor Realty,Real Estate / Property Services,Rental Escrow & Facility Management,Chennai,Porur,Tamil Nadu,600116,13.035,80.16,11,65000.0,09:00-19:00,"TRANSFER,NETBANKING,CARD",Security deposit phishing / escrow hijacking,0.039,97,35037.7,INR,PURCHASE,CARD,MOBILE_APP,0,0,Bengaluru,2.0,0,0,1,DEV-SOWMIYA-ONEPLUS-11,mobile_android,0,BEN-CUST_SOWMIYA_003-TRUSTED,Trusted Household Vendor,10,0,2,12,0,0,0,None,Resolved Genuine,Standard Habitual Purchase,0
TXN-CUST_SOWMIYA_003-10696,2026-08-07 06:18:46,2026-08-07,06:18:46,6,4,0,0,CUST_SOWMIYA_003,55,Bengaluru,Karnataka,High Risk / 26% Fraud Rate,M001,NovaMart Fresh,Grocery & Supermarket,Supermarket / Hypermarket,Chennai,T Nagar,Tamil Nadu,600017,13.0418,80.2341,8,1250.0,07:00-22:30,"POS,UPI,CARD,ONLINE",Card testing / micro-burst velocity,0.012,30,22453.74,INR,PURCHASE,ONLINE,MOBILE_APP,1,0,Bengaluru,12.0,0,0,1,DEV-SOWMIYA-ONEPLUS-11,mobile_android,0,BEN-CUST_SOWMIYA_003-TRUSTED,Trusted Household Vendor,6,1,4,26,0,0,0,None,Resolved Genuine,Standard Habitual Purchase,0
TXN-CUST_SOWMIYA_003-10697,2026-08-07 07:45:20,2026-08-07,07:45:20,7,4,0,0,CUST_SOWMIYA_003,55,Bengaluru,Karnataka,High Risk / 26% Fraud Rate,M020,GameGrid Arena,Gaming,"Esports, Consoles & Virtual Credits",Bengaluru,Koramangala,Karnataka,560095,12.9352,77.6245,4,3400.0,10:00-01:00,"ONLINE,UPI,CARD,WALLET",Virtual item laundering & bot-driven micro transactions,0.055,137,9984.46,INR,P2P_TRANSFER,UPI,WEB_PORTAL,0,0,Unknown Proxy,2948.0,1,1,0,DEV-ROGUE-EMULATOR-235,unknown_bot,1,BEN-MULE-8679,QuickMule Transfer 96,0,4,19,81,6,4,0,Card testing,Pre-auth Block,Automated high-velocity attack from unknown device,1
TXN-CUST_SOWMIYA_003-10698,2026-08-07 09:09:13,2026-08-07,09:09:13,9,4,0,0,CUST_SOWMIYA_003,55,Bengaluru,Karnataka,High Risk / 26% Fraud Rate,M012,DashDine Delivery,Food Delivery,Quick Commerce & Meal Delivery,Chennai,Sholinganallur,Tamil Nadu,600119,12.901,80.2279,4,520.0,06:00-02:00,"UPI,CARD,ONLINE,WALLET",Promo code abuse / stolen wallet balances,0.014,35,1490.56,INR,P2P_TRANSFER,UPI,WEB_PORTAL,0,0,Unknown Proxy,5376.0,1,1,0,DEV-ROGUE-EMULATOR-196,unknown_bot,1,BEN-MULE-2322,QuickMule Transfer 97,0,9,30,124,5,3,0,Account takeover,Pre-auth Block,Automated high-velocity attack from unknown device,1
TXN-CUST_SOWMIYA_003-10699,2026-08-07 10:34:37,2026-08-07,10:34:37,10,4,0,0,CUST_SOWMIYA_003,55,Bengaluru,Karnataka,High Risk / 26% Fraud Rate,M013,CartNest Online,E-commerce,Multi-category Marketplace,Chennai,Guindy,Tamil Nadu,600032,13.0067,80.2026,5,6200.0,24_HOURS,"ONLINE,UPI,CARD,NETBANKING",Account takeover + triangulation shipping fraud,0.045,112,21181.21,INR,P2P_TRANSFER,NETBANKING,WEB_PORTAL,0,0,Unknown Proxy,4516.0,1,1,0,DEV-ROGUE-EMULATOR-854,unknown_bot,1,BEN-MULE-9097,QuickMule Transfer 63,0,4,24,99,5,2,0,Mule-account behavior,Pre-auth Block,Automated high-velocity attack from unknown device,1
TXN-CUST_SOWMIYA_003-10700,2026-08-07 12:03:14,2026-08-07,12:03:14,12,4,0,0,CUST_SOWMIYA_003,55,Bengaluru,Karnataka,High Risk / 26% Fraud Rate,M027,BrickHarbor Realty,Real Estate / Property Services,Rental Escrow & Facility Management,Chennai,Porur,Tamil Nadu,600116,13.035,80.16,11,65000.0,09:00-19:00,"TRANSFER,NETBANKING,CARD",Security deposit phishing / escrow hijacking,0.039,97,187883.59,INR,P2P_TRANSFER,TRANSFER,WEB_PORTAL,0,0,Unknown Proxy,4135.0,1,1,0,DEV-ROGUE-EMULATOR-672,unknown_bot,1,BEN-MULE-4034,QuickMule Transfer 49,0,5,35,149,2,2,1,Mule-account behavior,Pre-auth Block,Automated high-velocity attack from unknown device,1
TXN-CUST_SOWMIYA_003-10701,2026-08-07 13:28:55,2026-08-07,13:28:55,13,4,0,0,CUST_SOWMIYA_003,55,Bengaluru,Karnataka,High Risk / 26% Fraud Rate,M005,UrbanThread Studio,Fashion / Apparel,Designer & Ready-to-wear,Chennai,Anna Nagar,Tamil Nadu,600040,13.085,80.2101,5,4800.0,10:30-22:00,"POS,ONLINE,UPI,CARD",Refund abuse / credential stuffing,0.022,55,14931.42,INR,P2P_TRANSFER,UPI,WEB_PORTAL,0,1,Moscow,3182.0,1,1,0,DEV-ROGUE-EMULATOR-679,unknown_bot,1,BEN-MULE-5213,QuickMule Transfer 88,0,11,21,90,3,4,1,Account takeover,Pre-auth Block,Automated high-velocity attack from unknown device,1
TXN-CUST_SOWMIYA_003-10702,2026-08-07 14:52:22,2026-08-07,14:52:22,14,4,0,0,CUST_SOWMIYA_003,55,Bengaluru,Karnataka,High Risk / 26% Fraud Rate,M018,PageTurn Book House,Bookstore,"Academic, Fiction & Stationery",Trichy,Thillai Nagar,Tamil Nadu,620018,10.8282,78.6854,16,850.0,09:00-21:30,"POS,UPI,CARD,ONLINE",Low-value card testing bots,0.008,20,2632.52,INR,P2P_TRANSFER,ONLINE,WEB_PORTAL,0,1,Singapore,4597.0,1,1,0,DEV-ROGUE-EMULATOR-861,unknown_bot,1,BEN-MULE-1953,QuickMule Transfer 75,0,9,25,105,4,2,1,Credential compromise,Pre-auth Block,Automated high-velocity attack from unknown device,1
TXN-CUST_SOWMIYA_003-10703,2026-08-07 16:15:57,2026-08-07,16:15:57,16,4,0,0,CUST_SOWMIYA_003,55,Bengaluru,Karnataka,High Risk / 26% Fraud Rate,M005,UrbanThread Studio,Fashion / Apparel,Designer & Ready-to-wear,Chennai,Anna Nagar,Tamil Nadu,600040,13.085,80.2101,5,4800.0,10:30-22:00,"POS,ONLINE,UPI,CARD",Refund abuse / credential stuffing,0.022,55,36650.91,INR,PURCHASE,CARD,MOBILE_APP,1,0,Bengaluru,2.0,0,0,1,DEV-SOWMIYA-ONEPLUS-11,mobile_android,0,BEN-CUST_SOWMIYA_003-TRUSTED,Trusted Household Vendor,14,1,2,13,0,0,0,None,Resolved Genuine,Standard Habitual Purchase,0
TXN-CUST_SOWMIYA_003-10704,2026-08-07 17:41:38,2026-08-07,17:41:38,17,4,0,0,CUST_SOWMIYA_003,55,Bengaluru,Karnataka,High Risk / 26% Fraud Rate,M013,CartNest Online,E-commerce,Multi-category Marketplace,Chennai,Guindy,Tamil Nadu,600032,13.0067,80.2026,5,6200.0,24_HOURS,"ONLINE,UPI,CARD,NETBANKING",Account takeover + triangulation shipping fraud,0.045,112,18973.5,INR,PURCHASE,NETBANKING,MOBILE_APP,0,0,Bengaluru,12.0,0,0,1,DEV-SOWMIYA-ONEPLUS-11,mobile_android,0,BEN-CUST_SOWMIYA_003-TRUSTED,Trusted Household Vendor,14,0,3,21,0,0,0,None,Resolved Genuine,Standard Habitual Purchase,0
TXN-CUST_SOWMIYA_003-10705,2026-08-07 19:06:16,2026-08-07,19:06:16,19,4,0,0,CUST_SOWMIYA_003,55,Bengaluru,Karnataka,High Risk / 26% Fraud Rate,M023,SwiftBox Logistics,Courier / Logistics,Express Parcel & Freight Delivery,Tiruppur,Avinashi Road,Tamil Nadu,641603,11.1085,77.3411,9,4200.0,08:00-21:00,"POS,UPI,CARD,ONLINE",Interception fraud / address redirection,0.02,50,11239.34,INR,P2P_TRANSFER,ONLINE,WEB_PORTAL,0,1,Lagos,3535.0,1,1,0,DEV-ROGUE-EMULATOR-847,unknown_bot,1,BEN-MULE-2070,QuickMule Transfer 64,0,12,26,106,4,2,1,Card testing,Pre-auth Block,Automated high-velocity attack from unknown device,1
TXN-CUST_SOWMIYA_003-10706,2026-08-07 20:34:27,2026-08-07,20:34:27,20,4,0,0,CUST_SOWMIYA_003,55,Bengaluru,Karnataka,High Risk / 26% Fraud Rate,M019,ArenaSport World,Sports Retail,Fitness Equipment & Sports Wear,Chennai,Nungambakkam,Tamil Nadu,600034,13.0604,80.2405,6,5600.0,10:00-21:30,"POS,ONLINE,UPI,CARD",Stolen card chargeback on premium sports gear,0.026,65,12843.48,INR,P2P_TRANSFER,UPI,WEB_PORTAL,0,1,Singapore,5454.0,1,1,0,DEV-ROGUE-EMULATOR-110,unknown_bot,1,BEN-MULE-3527,QuickMule Transfer 62,0,10,24,102,2,4,1,Account takeover,Pre-auth Block,Automated high-velocity attack from unknown device,1
TXN-CUST_SOWMIYA_003-10707,2026-08-07 22:03:23,2026-08-07,22:03:23,22,4,0,0,CUST_SOWMIYA_003,55,Bengaluru,Karnataka,High Risk / 26% Fraud Rate,M015,HomeSphere Appliances,Home Appliances,"Refrigerators, ACs & Kitchen Tech",Coimbatore,Saibaba Colony,Tamil Nadu,641011,11.0315,76.945,9,27500.0,09:30-21:00,"POS,EMI,CARD,UPI",Carding attacks with immediate in-store pickup,0.038,95,37855.39,INR,PURCHASE,UPI,MOBILE_APP,1,0,Bengaluru,9.0,0,0,1,DEV-SOWMIYA-ONEPLUS-11,mobile_android,0,BEN-CUST_SOWMIYA_003-TRUSTED,Trusted Household Vendor,13,0,2,18,0,0,0,None,Resolved Genuine,Standard Habitual Purchase,0
TXN-CUST_SOWMIYA_003-10708,2026-08-07 23:28:56,2026-08-07,23:28:56,23,4,0,1,CUST_SOWMIYA_003,55,Bengaluru,Karnataka,High Risk / 26% Fraud Rate,M012,DashDine Delivery,Food Delivery,Quick Commerce & Meal Delivery,Chennai,Sholinganallur,Tamil Nadu,600119,12.901,80.2279,4,520.0,06:00-02:00,"UPI,CARD,ONLINE,WALLET",Promo code abuse / stolen wallet balances,0.014,35,1277.03,INR,P2P_TRANSFER,UPI,WEB_PORTAL,0,1,Dubai,1390.0,1,1,0,DEV-ROGUE-EMULATOR-541,unknown_bot,1,BEN-MULE-6992,QuickMule Transfer 91,0,7,27,110,2,4,1,Credential compromise,Pre-auth Block,Automated high-velocity attack from unknown device,1
TXN-CUST_SOWMIYA_003-10709,2026-08-08 00:54:03,2026-08-08,00:54:03,0,5,1,1,CUST_SOWMIYA_003,55,Bengaluru,Karnataka,High Risk / 26% Fraud Rate,M025,ShieldSure Services,Insurance Services,General & Health Insurance Premium,Chennai,Egmore,Tamil Nadu,600008,13.0784,80.2607,13,14000.0,09:30-18:00,"ONLINE,NETBANKING,CARD",Premium diversion / fake policy payment slips,0.019,47,28186.81,INR,PURCHASE,CARD,MOBILE_APP,0,0,Bengaluru,4.0,0,0,1,DEV-SOWMIYA-ONEPLUS-11,mobile_android,0,BEN-CUST_SOWMIYA_003-TRUSTED,Trusted Household Vendor,9,0,4,22,0,0,0,None,Resolved Genuine,Standard Habitual Purchase,0
TXN-CUST_SOWMIYA_003-10710,2026-08-08 02:18:59,2026-08-08,02:18:59,2,5,1,1,CUST_SOWMIYA_003,55,Bengaluru,Karnataka,High Risk / 26% Fraud Rate,M016,MotoCare Garage,Auto Service,Car Service & Detailing Hub,Chennai,Pallikaranai,Tamil Nadu,600100,12.9372,80.2014,7,8900.0,08:30-20:30,"POS,UPI,CARD",Over-invoicing / synthetic card payments,0.021,52,38512.91,INR,PURCHASE,UPI,MOBILE_APP,1,0,Bengaluru,12.0,0,0,1,DEV-SOWMIYA-ONEPLUS-11,mobile_android,0,BEN-CUST_SOWMIYA_003-TRUSTED,Trusted Household Vendor,11,0,2,18,0,0,0,None,Resolved Genuine,Standard Habitual Purchase,0
TXN-CUST_SOWMIYA_003-10711,2026-08-08 03:47:40,2026-08-08,03:47:40,3,5,1,1,CUST_SOWMIYA_003,55,Bengaluru,Karnataka,High Risk / 26% Fraud Rate,M024,LinkWave Telecom,Telecom Retail,Fiber Broadband & Postpaid Plans,Erode,Perundurai Road,Tamil Nadu,638011,11.341,77.7172,10,1950.0,09:30-20:30,"UPI,CARD,ONLINE,POS",SIM swap bill recharge surges,0.017,42,37767.96,INR,PURCHASE,UPI,MOBILE_APP,1,0,Bengaluru,15.0,0,0,1,DEV-SOWMIYA-ONEPLUS-11,mobile_android,0,BEN-CUST_SOWMIYA_003-TRUSTED,Trusted Household Vendor,5,0,3,19,0,0,0,None,Resolved Genuine,Standard Habitual Purchase,0
TXN-CUST_SOWMIYA_003-10712,2026-08-08 05:13:24,2026-08-08,05:13:24,5,5,1,1,CUST_SOWMIYA_003,55,Bengaluru,Karnataka,High Risk / 26% Fraud Rate,M012,DashDine Delivery,Food Delivery,Quick Commerce & Meal Delivery,Chennai,Sholinganallur,Tamil Nadu,600119,12.901,80.2279,4,520.0,06:00-02:00,"UPI,CARD,ONLINE,WALLET",Promo code abuse / stolen wallet balances,0.014,35,42808.97,INR,PURCHASE,ONLINE,MOBILE_APP,0,0,Bengaluru,2.0,0,0,1,DEV-SOWMIYA-ONEPLUS-11,mobile_android,0,BEN-CUST_SOWMIYA_003-TRUSTED,Trusted Household Vendor,11,0,4,25,0,0,0,None,Resolved Genuine,Standard Habitual Purchase,0
TXN-CUST_SOWMIYA_003-10713,2026-08-08 06:39:28,2026-08-08,06:39:28,6,5,1,0,CUST_SOWMIYA_003,55,Bengaluru,Karnataka,High Risk / 26% Fraud Rate,M019,ArenaSport World,Sports Retail,Fitness Equipment & Sports Wear,Chennai,Nungambakkam,Tamil Nadu,600034,13.0604,80.2405,6,5600.0,10:00-21:30,"POS,ONLINE,UPI,CARD",Stolen card chargeback on premium sports gear,0.026,65,29480.35,INR,PURCHASE,UPI,MOBILE_APP,1,0,Bengaluru,13.0,0,0,1,DEV-SOWMIYA-ONEPLUS-11,mobile_android,0,BEN-CUST_SOWMIYA_003-TRUSTED,Trusted Household Vendor,10,0,2,13,0,0,0,None,Resolved Genuine,Standard Habitual Purchase,0
TXN-CUST_SOWMIYA_003-10714,2026-08-08 08:07:45,2026-08-08,08:07:45,8,5,1,0,CUST_SOWMIYA_003,55,Bengaluru,Karnataka,High Risk / 26% Fraud Rate,M012,DashDine Delivery,Food Delivery,Quick Commerce & Meal Delivery,Chennai,Sholinganallur,Tamil Nadu,600119,12.901,80.2279,4,520.0,06:00-02:00,"UPI,CARD,ONLINE,WALLET",Promo code abuse / stolen wallet balances,0.014,35,12884.15,INR,PURCHASE,CARD,MOBILE_APP,0,0,Bengaluru,14.0,0,0,1,DEV-SOWMIYA-ONEPLUS-11,mobile_android,0,BEN-CUST_SOWMIYA_003-TRUSTED,Trusted Household Vendor,12,0,3,22,0,0,0,None,Resolved Genuine,Standard Habitual Purchase,0
TXN-CUST_SOWMIYA_003-10715,2026-08-08 09:31:24,2026-08-08,09:31:24,9,5,1,0,CUST_SOWMIYA_003,55,Bengaluru,Karnataka,High Risk / 26% Fraud Rate,M006,MedicoCare Pharmacy,Pharmacy,Medicines & Surgical Supplies,Madurai,KK Nagar,Tamil Nadu,625020,9.9252,78.1498,10,1450.0,24_HOURS,"POS,UPI,CARD,ONLINE",Nighttime micro card testing,0.015,37,36944.2,INR,PURCHASE,ONLINE,MOBILE_APP,1,0,Bengaluru,1.0,0,0,1,DEV-SOWMIYA-ONEPLUS-11,mobile_android,0,BEN-CUST_SOWMIYA_003-TRUSTED,Trusted Household Vendor,11,1,1,10,0,0,0,None,Resolved Genuine,Standard Habitual Purchase,0
TXN-CUST_SOWMIYA_003-10716,2026-08-08 10:57:09,2026-08-08,10:57:09,10,5,1,0,CUST_SOWMIYA_003,55,Bengaluru,Karnataka,High Risk / 26% Fraud Rate,M020,GameGrid Arena,Gaming,"Esports, Consoles & Virtual Credits",Bengaluru,Koramangala,Karnataka,560095,12.9352,77.6245,4,3400.0,10:00-01:00,"ONLINE,UPI,CARD,WALLET",Virtual item laundering & bot-driven micro transactions,0.055,137,43968.72,INR,PURCHASE,UPI,MOBILE_APP,0,0,Bengaluru,3.0,0,0,1,DEV-SOWMIYA-ONEPLUS-11,mobile_android,0,BEN-CUST_SOWMIYA_003-TRUSTED,Trusted Household Vendor,7,0,2,15,0,0,0,None,Resolved Genuine,Standard Habitual Purchase,0
TXN-CUST_SOWMIYA_003-10717,2026-08-08 12:22:04,2026-08-08,12:22:04,12,5,1,0,CUST_SOWMIYA_003,55,Bengaluru,Karnataka,High Risk / 26% Fraud Rate,M013,CartNest Online,E-commerce,Multi-category Marketplace,Chennai,Guindy,Tamil Nadu,600032,13.0067,80.2026,5,6200.0,24_HOURS,"ONLINE,UPI,CARD,NETBANKING",Account takeover + triangulation shipping fraud,0.045,112,31744.37,INR,PURCHASE,CARD,MOBILE_APP,0,0,Bengaluru,3.0,0,0,1,DEV-SOWMIYA-ONEPLUS-11,mobile_android,0,BEN-CUST_SOWMIYA_003-TRUSTED,Trusted Household Vendor,4,0,2,16,0,0,0,None,Resolved Genuine,Standard Habitual Purchase,0
TXN-CUST_SOWMIYA_003-10718,2026-08-08 13:45:39,2026-08-08,13:45:39,13,5,1,0,CUST_SOWMIYA_003,55,Bengaluru,Karnataka,High Risk / 26% Fraud Rate,M008,BeanCircuit Cafe,Cafe,Specialty Coffee & Bakery,Bengaluru,Indiranagar,Karnataka,560038,12.9784,77.6408,3,650.0,07:30-23:00,"UPI,POS,CARD",QR code spoofing / fast velocity dining,0.009,22,28650.61,INR,PURCHASE,POS,MOBILE_APP,1,0,Bengaluru,2.0,0,0,1,DEV-SOWMIYA-ONEPLUS-11,mobile_android,0,BEN-CUST_SOWMIYA_003-TRUSTED,Trusted Household Vendor,6,1,1,10,0,0,0,None,Resolved Genuine,Standard Habitual Purchase,0
TXN-CUST_SOWMIYA_003-10719,2026-08-08 15:11:34,2026-08-08,15:11:34,15,5,1,0,CUST_SOWMIYA_003,55,Bengaluru,Karnataka,High Risk / 26% Fraud Rate,M010,HarborView Residency,Hotel / Hospitality,Business & Luxury Hotel,Chennai,OMR,Tamil Nadu,600096,12.9165,80.2285,6,9500.0,24_HOURS,"ONLINE,POS,CARD,TRANSFER",Online travel booking fraud with stolen corporate credentials,0.041,102,24456.22,INR,PURCHASE,TRANSFER,MOBILE_APP,1,0,Bengaluru,1.0,0,0,1,DEV-SOWMIYA-ONEPLUS-11,mobile_android,0,BEN-CUST_SOWMIYA_003-TRUSTED,Trusted Household Vendor,6,0,1,12,0,0,0,None,Resolved Genuine,Standard Habitual Purchase,0
TXN-CUST_SOWMIYA_003-10720,2026-08-08 16:36:32,2026-08-08,16:36:32,16,5,1,0,CUST_SOWMIYA_003,55,Bengaluru,Karnataka,High Risk / 26% Fraud Rate,M009,RapidFuel Station,Fuel Station,"Petrol, Diesel & EV Fast Charge",Salem,Fairlands,Tamil Nadu,636016,11.6643,78.146,9,3100.0,24_HOURS,"POS,FLEET_CARD,UPI",Automated fleet card skimming,0.024,60,27116.81,INR,PURCHASE,UPI,MOBILE_APP,1,0,Bengaluru,12.0,0,0,1,DEV-SOWMIYA-ONEPLUS-11,mobile_android,0,BEN-CUST_SOWMIYA_003-TRUSTED,Trusted Household Vendor,13,0,1,7,0,0,0,None,Resolved Genuine,Standard Habitual Purchase,0
TXN-CUST_SOWMIYA_003-10721,2026-08-08 18:02:29,2026-08-08,18:02:29,18,5,1,0,CUST_SOWMIYA_003,55,Bengaluru,Karnataka,High Risk / 26% Fraud Rate,M006,MedicoCare Pharmacy,Pharmacy,Medicines & Surgical Supplies,Madurai,KK Nagar,Tamil Nadu,625020,9.9252,78.1498,10,1450.0,24_HOURS,"POS,UPI,CARD,ONLINE",Nighttime micro card testing,0.015,37,17467.74,INR,PURCHASE,ONLINE,MOBILE_APP,1,0,Bengaluru,13.0,0,0,1,DEV-SOWMIYA-ONEPLUS-11,mobile_android,0,BEN-CUST_SOWMIYA_003-TRUSTED,Trusted Household Vendor,14,0,2,15,0,0,0,None,Resolved Genuine,Standard Habitual Purchase,0
TXN-CUST_SOWMIYA_003-10722,2026-08-08 19:31:46,2026-08-08,19:31:46,19,5,1,0,CUST_SOWMIYA_003,55,Bengaluru,Karnataka,High Risk / 26% Fraud Rate,M018,PageTurn Book House,Bookstore,"Academic, Fiction & Stationery",Trichy,Thillai Nagar,Tamil Nadu,620018,10.8282,78.6854,16,850.0,09:00-21:30,"POS,UPI,CARD,ONLINE",Low-value card testing bots,0.008,20,38371.88,INR,PURCHASE,POS,MOBILE_APP,1,0,Bengaluru,12.0,0,0,1,DEV-SOWMIYA-ONEPLUS-11,mobile_android,0,BEN-CUST_SOWMIYA_003-TRUSTED,Trusted Household Vendor,13,0,1,6,0,0,0,None,Resolved Genuine,Standard Habitual Purchase,0
TXN-CUST_SOWMIYA_003-10723,2026-08-08 20:59:53,2026-08-08,20:59:53,20,5,1,0,CUST_SOWMIYA_003,55,Bengaluru,Karnataka,High Risk / 26% Fraud Rate,M010,HarborView Residency,Hotel / Hospitality,Business & Luxury Hotel,Chennai,OMR,Tamil Nadu,600096,12.9165,80.2285,6,9500.0,24_HOURS,"ONLINE,POS,CARD,TRANSFER",Online travel booking fraud with stolen corporate credentials,0.041,102,29248.57,INR,P2P_TRANSFER,ONLINE,WEB_PORTAL,0,1,Lagos,2960.0,1,1,0,DEV-ROGUE-EMULATOR-716,unknown_bot,1,BEN-MULE-7571,QuickMule Transfer 10,0,7,23,97,3,4,0,Account takeover,Pre-auth Block,Automated high-velocity attack from unknown device,1
TXN-CUST_SOWMIYA_003-10724,2026-08-08 22:26:23,2026-08-08,22:26:23,22,5,1,0,CUST_SOWMIYA_003,55,Bengaluru,Karnataka,High Risk / 26% Fraud Rate,M011,SkyTrail Travels,Travel Agency,Flight & International Tour Packages,Coimbatore,Gandhipuram,Tamil Nadu,641012,11.0183,76.9664,11,44000.0,09:00-20:00,"ONLINE,TRANSFER,CARD",Mule-account ticket arbitrage & fast cancellation fraud,0.052,130,191222.96,INR,P2P_TRANSFER,ONLINE,WEB_PORTAL,0,1,Lagos,3974.0,1,1,0,DEV-ROGUE-EMULATOR-126,unknown_bot,1,BEN-MULE-1510,QuickMule Transfer 18,0,11,18,78,6,1,1,Account takeover,Pre-auth Block,Automated high-velocity attack from unknown device,1
TXN-CUST_SOWMIYA_003-10725,2026-08-08 23:54:39,2026-08-08,23:54:39,23,5,1,1,CUST_SOWMIYA_003,55,Bengaluru,Karnataka,High Risk / 26% Fraud Rate,M028,CraftCove Home Decor,Home Decor,Handicrafts & Art Pieces,Thanjavur,Medical College Road,Tamil Nadu,613004,10.7684,79.1245,8,7400.0,09:30-20:30,"POS,UPI,CARD,ONLINE",Cross-border tourist chargebacks,0.023,57,18241.71,INR,P2P_TRANSFER,ONLINE,WEB_PORTAL,0,1,Dubai,4270.0,1,1,0,DEV-ROGUE-EMULATOR-654,unknown_bot,1,BEN-MULE-2899,QuickMule Transfer 34,0,12,13,59,5,1,1,Mule-account behavior,Pre-auth Block,Automated high-velocity attack from unknown device,1
TXN-CUST_SOWMIYA_003-10726,2026-08-09 01:18:16,2026-08-09,01:18:16,1,6,1,1,CUST_SOWMIYA_003,55,Bengaluru,Karnataka,High Risk / 26% Fraud Rate,M012,DashDine Delivery,Food Delivery,Quick Commerce & Meal Delivery,Chennai,Sholinganallur,Tamil Nadu,600119,12.901,80.2279,4,520.0,06:00-02:00,"UPI,CARD,ONLINE,WALLET",Promo code abuse / stolen wallet balances,0.014,35,22892.67,INR,PURCHASE,WALLET,MOBILE_APP,0,0,Bengaluru,10.0,0,0,1,DEV-SOWMIYA-ONEPLUS-11,mobile_android,0,BEN-CUST_SOWMIYA_003-TRUSTED,Trusted Household Vendor,12,1,2,18,0,0,0,None,Resolved Genuine,Standard Habitual Purchase,0
TXN-CUST_SOWMIYA_003-10727,2026-08-09 02:44:17,2026-08-09,02:44:17,2,6,1,1,CUST_SOWMIYA_003,55,Bengaluru,Karnataka,High Risk / 26% Fraud Rate,M017,AutoForge Parts,Spare Parts,OEM Industrial & Auto Components,Hosur,Mookandapalli,Tamil Nadu,635126,12.7409,77.8253,15,16500.0,09:00-19:30,"TRANSFER,POS,CARD",Business email compromise / fake beneficiary update,0.033,82,73026.85,INR,P2P_TRANSFER,TRANSFER,WEB_PORTAL,0,1,Dubai,5156.0,1,1,0,DEV-ROGUE-EMULATOR-604,unknown_bot,1,BEN-MULE-3418,QuickMule Transfer 86,0,4,29,120,2,3,0,Mule-account behavior,Pre-auth Block,Automated high-velocity attack from unknown device,1
TXN-CUST_SOWMIYA_003-10728,2026-08-09 04:12:12,2026-08-09,04:12:12,4,6,1,1,CUST_SOWMIYA_003,55,Bengaluru,Karnataka,High Risk / 26% Fraud Rate,M028,CraftCove Home Decor,Home Decor,Handicrafts & Art Pieces,Thanjavur,Medical College Road,Tamil Nadu,613004,10.7684,79.1245,8,7400.0,09:30-20:30,"POS,UPI,CARD,ONLINE",Cross-border tourist chargebacks,0.023,57,30500.69,INR,PURCHASE,ONLINE,MOBILE_APP,1,0,Bengaluru,12.0,0,0,1,DEV-SOWMIYA-ONEPLUS-11,mobile_android,0,BEN-CUST_SOWMIYA_003-TRUSTED,Trusted Household Vendor,3,0,3,15,0,0,0,None,Resolved Genuine,Standard Habitual Purchase,0
TXN-CUST_SOWMIYA_003-10729,2026-08-09 05:39:12,2026-08-09,05:39:12,5,6,1,1,CUST_SOWMIYA_003,55,Bengaluru,Karnataka,High Risk / 26% Fraud Rate,M003,Pulse Mobile Hub,Mobile Store,Smartphones & Accessories,Chennai,Tambaram,Tamil Nadu,600045,12.9249,80.1278,4,18500.0,09:30-21:30,"POS,UPI,CARD",New device abuse / rapid checkout surge,0.035,87,90575.06,INR,P2P_TRANSFER,CARD,WEB_PORTAL,0,1,Lagos,2350.0,1,1,0,DEV-ROGUE-EMULATOR-325,unknown_bot,1,BEN-MULE-3208,QuickMule Transfer 15,0,5,18,78,4,3,1,Card testing,Pre-auth Block,Automated high-velocity attack from unknown device,1
TXN-CUST_SOWMIYA_003-10730,2026-08-09 07:02:51,2026-08-09,07:02:51,7,6,1,0,CUST_SOWMIYA_003,55,Bengaluru,Karnataka,High Risk / 26% Fraud Rate,M002,CircuitBay Electronics,Consumer Electronics,Laptops & Gadgets,Chennai,Velachery,Tamil Nadu,600042,12.9759,80.2212,6,32000.0,10:00-21:30,"POS,ONLINE,EMI,UPI",Stolen payment details / high-ticket electronics delivery,0.048,120,43673.49,INR,PURCHASE,UPI,MOBILE_APP,1,0,Bengaluru,14.0,0,0,1,DEV-SOWMIYA-ONEPLUS-11,mobile_android,0,BEN-CUST_SOWMIYA_003-TRUSTED,Trusted Household Vendor,10,0,1,11,0,0,0,None,Resolved Genuine,Standard Habitual Purchase,0
TXN-CUST_SOWMIYA_003-10731,2026-08-09 08:29:23,2026-08-09,08:29:23,8,6,1,0,CUST_SOWMIYA_003,55,Bengaluru,Karnataka,High Risk / 26% Fraud Rate,M012,DashDine Delivery,Food Delivery,Quick Commerce & Meal Delivery,Chennai,Sholinganallur,Tamil Nadu,600119,12.901,80.2279,4,520.0,06:00-02:00,"UPI,CARD,ONLINE,WALLET",Promo code abuse / stolen wallet balances,0.014,35,24579.2,INR,PURCHASE,WALLET,MOBILE_APP,0,0,Bengaluru,12.0,0,0,1,DEV-SOWMIYA-ONEPLUS-11,mobile_android,0,BEN-CUST_SOWMIYA_003-TRUSTED,Trusted Household Vendor,9,0,1,7,0,0,0,None,Resolved Genuine,Standard Habitual Purchase,0
TXN-CUST_SOWMIYA_003-10732,2026-08-09 09:53:11,2026-08-09,09:53:11,9,6,1,0,CUST_SOWMIYA_003,55,Bengaluru,Karnataka,High Risk / 26% Fraud Rate,M029,CloudDesk Digital,Software / Digital Services,Cloud Infrastructure & SaaS Tools,Bengaluru,Whitefield,Karnataka,560066,12.9698,77.7499,7,19800.0,24_HOURS,"ONLINE,CARD,TRANSFER",Cryptomining VM rental with stolen credit cards,0.058,145,43796.24,INR,PURCHASE,ONLINE,MOBILE_APP,0,0,Bengaluru,3.0,0,0,1,DEV-SOWMIYA-ONEPLUS-11,mobile_android,0,BEN-CUST_SOWMIYA_003-TRUSTED,Trusted Household Vendor,14,0,2,13,0,0,0,None,Resolved Genuine,Standard Habitual Purchase,0
TXN-CUST_SOWMIYA_003-10733,2026-08-09 11:22:05,2026-08-09,11:22:05,11,6,1,0,CUST_SOWMIYA_003,55,Bengaluru,Karnataka,High Risk / 26% Fraud Rate,M013,CartNest Online,E-commerce,Multi-category Marketplace,Chennai,Guindy,Tamil Nadu,600032,13.0067,80.2026,5,6200.0,24_HOURS,"ONLINE,UPI,CARD,NETBANKING",Account takeover + triangulation shipping fraud,0.045,112,30013.82,INR,P2P_TRANSFER,ONLINE,WEB_PORTAL,0,1,Singapore,5217.0,1,1,0,DEV-ROGUE-EMULATOR-539,unknown_bot,1,BEN-MULE-1787,QuickMule Transfer 92,0,5,17,78,2,1,1,Credential compromise,Pre-auth Block,Automated high-velocity attack from unknown device,1
TXN-CUST_SOWMIYA_003-10734,2026-08-09 12:45:59,2026-08-09,12:45:59,12,6,1,0,CUST_SOWMIYA_003,55,Bengaluru,Karnataka,High Risk / 26% Fraud Rate,M004,Aurelia Gold House,Jewellery,Gold & Diamond Jewellery,Coimbatore,RS Puram,Tamil Nadu,641002,11.0089,76.9514,14,78000.0,10:00-20:30,"POS,CARD,TRANSFER",Account takeover / card-not-present luxury surge,0.065,162,360183.95,INR,P2P_TRANSFER,TRANSFER,WEB_PORTAL,0,1,Lagos,3015.0,1,1,0,DEV-ROGUE-EMULATOR-827,unknown_bot,1,BEN-MULE-9322,QuickMule Transfer 73,0,7,13,56,3,3,1,Card testing,Pre-auth Block,Automated high-velocity attack from unknown device,1
TXN-CUST_SOWMIYA_003-10735,2026-08-09 14:09:44,2026-08-09,14:09:44,14,6,1,0,CUST_SOWMIYA_003,55,Bengaluru,Karnataka,High Risk / 26% Fraud Rate,M026,GreenLeaf Wellness,Health & Wellness,Organic Nutrition & Ayurveda,Trichy,Srirangam,Tamil Nadu,620006,10.8624,78.6947,6,2100.0,08:00-21:00,"POS,UPI,ONLINE,CARD",Subscription card stuffing,0.013,32,5920.43,INR,P2P_TRANSFER,POS,WEB_PORTAL,0,1,Singapore,3992.0,1,1,0,DEV-ROGUE-EMULATOR-909,unknown_bot,1,BEN-MULE-7339,QuickMule Transfer 91,0,10,29,124,6,1,0,Card testing,Pre-auth Block,Automated high-velocity attack from unknown device,1
TXN-CUST_SOWMIYA_003-10736,2026-08-09 15:38:18,2026-08-09,15:38:18,15,6,1,0,CUST_SOWMIYA_003,55,Bengaluru,Karnataka,High Risk / 26% Fraud Rate,M002,CircuitBay Electronics,Consumer Electronics,Laptops & Gadgets,Chennai,Velachery,Tamil Nadu,600042,12.9759,80.2212,6,32000.0,10:00-21:30,"POS,ONLINE,EMI,UPI",Stolen payment details / high-ticket electronics delivery,0.048,120,102594.19,INR,P2P_TRANSFER,POS,WEB_PORTAL,0,1,Lagos,1929.0,1,1,0,DEV-ROGUE-EMULATOR-452,unknown_bot,1,BEN-MULE-1096,QuickMule Transfer 76,0,5,16,72,2,2,0,Credential compromise,Pre-auth Block,Automated high-velocity attack from unknown device,1
TXN-CUST_SOWMIYA_003-10737,2026-08-09 17:06:25,2026-08-09,17:06:25,17,6,1,0,CUST_SOWMIYA_003,55,Bengaluru,Karnataka,High Risk / 26% Fraud Rate,M025,ShieldSure Services,Insurance Services,General & Health Insurance Premium,Chennai,Egmore,Tamil Nadu,600008,13.0784,80.2607,13,14000.0,09:30-18:00,"ONLINE,NETBANKING,CARD",Premium diversion / fake policy payment slips,0.019,47,14930.08,INR,PURCHASE,NETBANKING,MOBILE_APP,0,0,Bengaluru,12.0,0,0,1,DEV-SOWMIYA-ONEPLUS-11,mobile_android,0,BEN-CUST_SOWMIYA_003-TRUSTED,Trusted Household Vendor,7,0,1,12,0,0,0,None,Resolved Genuine,Standard Habitual Purchase,0
TXN-CUST_SOWMIYA_003-10738,2026-08-09 18:34:51,2026-08-09,18:34:51,18,6,1,0,CUST_SOWMIYA_003,55,Bengaluru,Karnataka,High Risk / 26% Fraud Rate,M029,CloudDesk Digital,Software / Digital Services,Cloud Infrastructure & SaaS Tools,Bengaluru,Whitefield,Karnataka,560066,12.9698,77.7499,7,19800.0,24_HOURS,"ONLINE,CARD,TRANSFER",Cryptomining VM rental with stolen credit cards,0.058,145,29906.14,INR,PURCHASE,CARD,MOBILE_APP,0,0,Bengaluru,2.0,0,0,1,DEV-SOWMIYA-ONEPLUS-11,mobile_android,0,BEN-CUST_SOWMIYA_003-TRUSTED,Trusted Household Vendor,4,0,4,18,0,0,0,None,Resolved Genuine,Standard Habitual Purchase,0
TXN-CUST_SOWMIYA_003-10739,2026-08-09 20:03:05,2026-08-09,20:03:05,20,6,1,0,CUST_SOWMIYA_003,55,Bengaluru,Karnataka,High Risk / 26% Fraud Rate,M018,PageTurn Book House,Bookstore,"Academic, Fiction & Stationery",Trichy,Thillai Nagar,Tamil Nadu,620018,10.8282,78.6854,16,850.0,09:00-21:30,"POS,UPI,CARD,ONLINE",Low-value card testing bots,0.008,20,40154.68,INR,PURCHASE,CARD,MOBILE_APP,1,0,Bengaluru,5.0,0,0,1,DEV-SOWMIYA-ONEPLUS-11,mobile_android,0,BEN-CUST_SOWMIYA_003-TRUSTED,Trusted Household Vendor,7,0,3,19,0,0,0,None,Resolved Genuine,Standard Habitual Purchase,0
TXN-CUST_SOWMIYA_003-10740,2026-08-09 21:26:40,2026-08-09,21:26:40,21,6,1,0,CUST_SOWMIYA_003,55,Bengaluru,Karnataka,High Risk / 26% Fraud Rate,M013,CartNest Online,E-commerce,Multi-category Marketplace,Chennai,Guindy,Tamil Nadu,600032,13.0067,80.2026,5,6200.0,24_HOURS,"ONLINE,UPI,CARD,NETBANKING",Account takeover + triangulation shipping fraud,0.045,112,11795.18,INR,PURCHASE,ONLINE,MOBILE_APP,0,0,Bengaluru,11.0,0,0,1,DEV-SOWMIYA-ONEPLUS-11,mobile_android,0,BEN-CUST_SOWMIYA_003-TRUSTED,Trusted Household Vendor,11,0,3,20,0,0,0,None,Resolved Genuine,Standard Habitual Purchase,0
TXN-CUST_SOWMIYA_003-10741,2026-08-09 22:55:02,2026-08-09,22:55:02,22,6,1,0,CUST_SOWMIYA_003,55,Bengaluru,Karnataka,High Risk / 26% Fraud Rate,M023,SwiftBox Logistics,Courier / Logistics,Express Parcel & Freight Delivery,Tiruppur,Avinashi Road,Tamil Nadu,641603,11.1085,77.3411,9,4200.0,08:00-21:00,"POS,UPI,CARD,ONLINE",Interception fraud / address redirection,0.02,50,43707.53,INR,PURCHASE,UPI,MOBILE_APP,1,0,Bengaluru,5.0,0,0,1,DEV-SOWMIYA-ONEPLUS-11,mobile_android,0,BEN-CUST_SOWMIYA_003-TRUSTED,Trusted Household Vendor,12,0,4,26,0,0,0,None,Resolved Genuine,Standard Habitual Purchase,0
TXN-CUST_SOWMIYA_003-10742,2026-08-10 00:23:55,2026-08-10,00:23:55,0,0,0,1,CUST_SOWMIYA_003,55,Bengaluru,Karnataka,High Risk / 26% Fraud Rate,M012,DashDine Delivery,Food Delivery,Quick Commerce & Meal Delivery,Chennai,Sholinganallur,Tamil Nadu,600119,12.901,80.2279,4,520.0,06:00-02:00,"UPI,CARD,ONLINE,WALLET",Promo code abuse / stolen wallet balances,0.014,35,30945.25,INR,PURCHASE,ONLINE,MOBILE_APP,0,0,Bengaluru,1.0,0,0,1,DEV-SOWMIYA-ONEPLUS-11,mobile_android,0,BEN-CUST_SOWMIYA_003-TRUSTED,Trusted Household Vendor,12,0,2,11,0,0,0,None,Resolved Genuine,Standard Habitual Purchase,0
TXN-CUST_SOWMIYA_003-10743,2026-08-10 01:49:09,2026-08-10,01:49:09,1,0,0,1,CUST_SOWMIYA_003,55,Bengaluru,Karnataka,High Risk / 26% Fraud Rate,M022,SkillSpring Academy,Education / Training,Professional Certifications & Tech Bootcamps,Chennai,Mylapore,Tamil Nadu,600004,13.0368,80.2676,8,22000.0,08:30-19:30,"ONLINE,NETBANKING,CARD,UPI",Stolen corporate card enrollments,0.028,70,32558.27,INR,PURCHASE,UPI,MOBILE_APP,0,0,Bengaluru,1.0,0,0,1,DEV-SOWMIYA-ONEPLUS-11,mobile_android,0,BEN-CUST_SOWMIYA_003-TRUSTED,Trusted Household Vendor,10,0,3,20,0,0,0,None,Resolved Genuine,Standard Habitual Purchase,0
TXN-CUST_SOWMIYA_003-10744,2026-08-10 03:13:37,2026-08-10,03:13:37,3,0,0,1,CUST_SOWMIYA_003,55,Bengaluru,Karnataka,High Risk / 26% Fraud Rate,M028,CraftCove Home Decor,Home Decor,Handicrafts & Art Pieces,Thanjavur,Medical College Road,Tamil Nadu,613004,10.7684,79.1245,8,7400.0,09:30-20:30,"POS,UPI,CARD,ONLINE",Cross-border tourist chargebacks,0.023,57,17916.28,INR,PURCHASE,ONLINE,MOBILE_APP,1,0,Bengaluru,13.0,0,0,1,DEV-SOWMIYA-ONEPLUS-11,mobile_android,0,BEN-CUST_SOWMIYA_003-TRUSTED,Trusted Household Vendor,10,0,3,20,0,0,0,None,Resolved Genuine,Standard Habitual Purchase,0
TXN-CUST_SOWMIYA_003-10745,2026-08-10 04:40:39,2026-08-10,04:40:39,4,0,0,1,CUST_SOWMIYA_003,55,Bengaluru,Karnataka,High Risk / 26% Fraud Rate,M029,CloudDesk Digital,Software / Digital Services,Cloud Infrastructure & SaaS Tools,Bengaluru,Whitefield,Karnataka,560066,12.9698,77.7499,7,19800.0,24_HOURS,"ONLINE,CARD,TRANSFER",Cryptomining VM rental with stolen credit cards,0.058,145,31939.5,INR,PURCHASE,CARD,MOBILE_APP,0,0,Bengaluru,6.0,0,0,1,DEV-SOWMIYA-ONEPLUS-11,mobile_android,0,BEN-CUST_SOWMIYA_003-TRUSTED,Trusted Household Vendor,9,1,1,13,0,0,0,None,Resolved Genuine,Standard Habitual Purchase,0
TXN-CUST_SOWMIYA_003-10746,2026-08-10 06:04:53,2026-08-10,06:04:53,6,0,0,0,CUST_SOWMIYA_003,55,Bengaluru,Karnataka,High Risk / 26% Fraud Rate,M021,GlowCraft Salon,Salon / Beauty,Spa & Grooming Studio,Chennai,Porur,Tamil Nadu,600116,13.0382,80.1565,5,2800.0,09:00-21:00,"POS,UPI,CARD",Unusual late-night transaction spikes,0.011,27,25109.21,INR,PURCHASE,UPI,MOBILE_APP,1,0,Bengaluru,8.0,0,0,1,DEV-SOWMIYA-ONEPLUS-11,mobile_android,0,BEN-CUST_SOWMIYA_003-TRUSTED,Trusted Household Vendor,11,0,4,18,0,0,0,None,Resolved Genuine,Standard Habitual Purchase,0
TXN-CUST_SOWMIYA_003-10747,2026-08-10 07:29:05,2026-08-10,07:29:05,7,0,0,0,CUST_SOWMIYA_003,55,Bengaluru,Karnataka,High Risk / 26% Fraud Rate,M026,GreenLeaf Wellness,Health & Wellness,Organic Nutrition & Ayurveda,Trichy,Srirangam,Tamil Nadu,620006,10.8624,78.6947,6,2100.0,08:00-21:00,"POS,UPI,ONLINE,CARD",Subscription card stuffing,0.013,32,44298.01,INR,PURCHASE,POS,MOBILE_APP,1,0,Bengaluru,7.0,0,0,1,DEV-SOWMIYA-ONEPLUS-11,mobile_android,0,BEN-CUST_SOWMIYA_003-TRUSTED,Trusted Household Vendor,9,1,4,19,0,0,0,None,Resolved Genuine,Standard Habitual Purchase,0
TXN-CUST_SOWMIYA_003-10748,2026-08-10 08:57:03,2026-08-10,08:57:03,8,0,0,0,CUST_SOWMIYA_003,55,Bengaluru,Karnataka,High Risk / 26% Fraud Rate,M013,CartNest Online,E-commerce,Multi-category Marketplace,Chennai,Guindy,Tamil Nadu,600032,13.0067,80.2026,5,6200.0,24_HOURS,"ONLINE,UPI,CARD,NETBANKING",Account takeover + triangulation shipping fraud,0.045,112,16089.01,INR,PURCHASE,UPI,MOBILE_APP,0,0,Bengaluru,12.0,0,0,1,DEV-SOWMIYA-ONEPLUS-11,mobile_android,0,BEN-CUST_SOWMIYA_003-TRUSTED,Trusted Household Vendor,3,0,4,22,0,0,0,None,Resolved Genuine,Standard Habitual Purchase,0
TXN-CUST_SOWMIYA_003-10749,2026-08-10 10:24:01,2026-08-10,10:24:01,10,0,0,0,CUST_SOWMIYA_003,55,Bengaluru,Karnataka,High Risk / 26% Fraud Rate,M005,UrbanThread Studio,Fashion / Apparel,Designer & Ready-to-wear,Chennai,Anna Nagar,Tamil Nadu,600040,13.085,80.2101,5,4800.0,10:30-22:00,"POS,ONLINE,UPI,CARD",Refund abuse / credential stuffing,0.022,55,21418.36,INR,P2P_TRANSFER,CARD,WEB_PORTAL,0,0,Unknown Proxy,4583.0,1,1,0,DEV-ROGUE-EMULATOR-509,unknown_bot,1,BEN-MULE-7200,QuickMule Transfer 30,0,11,32,137,2,1,1,Credential compromise,Pre-auth Block,Automated high-velocity attack from unknown device,1
TXN-CUST_SOWMIYA_003-10750,2026-08-10 11:52:21,2026-08-10,11:52:21,11,0,0,0,CUST_SOWMIYA_003,55,Bengaluru,Karnataka,High Risk / 26% Fraud Rate,M010,HarborView Residency,Hotel / Hospitality,Business & Luxury Hotel,Chennai,OMR,Tamil Nadu,600096,12.9165,80.2285,6,9500.0,24_HOURS,"ONLINE,POS,CARD,TRANSFER",Online travel booking fraud with stolen corporate credentials,0.041,102,12932.34,INR,PURCHASE,POS,MOBILE_APP,1,0,Bengaluru,2.0,0,0,1,DEV-SOWMIYA-ONEPLUS-11,mobile_android,0,BEN-CUST_SOWMIYA_003-TRUSTED,Trusted Household Vendor,5,0,4,19,0,0,0,None,Resolved Genuine,Standard Habitual Purchase,0
TXN-CUST_SOWMIYA_003-10751,2026-08-10 13:20:03,2026-08-10,13:20:03,13,0,0,0,CUST_SOWMIYA_003,55,Bengaluru,Karnataka,High Risk / 26% Fraud Rate,M005,UrbanThread Studio,Fashion / Apparel,Designer & Ready-to-wear,Chennai,Anna Nagar,Tamil Nadu,600040,13.085,80.2101,5,4800.0,10:30-22:00,"POS,ONLINE,UPI,CARD",Refund abuse / credential stuffing,0.022,55,22422.3,INR,PURCHASE,ONLINE,MOBILE_APP,1,0,Bengaluru,5.0,0,0,1,DEV-SOWMIYA-ONEPLUS-11,mobile_android,0,BEN-CUST_SOWMIYA_003-TRUSTED,Trusted Household Vendor,8,1,2,15,0,0,0,None,Resolved Genuine,Standard Habitual Purchase,0
TXN-CUST_SOWMIYA_003-10752,2026-08-10 14:48:25,2026-08-10,14:48:25,14,0,0,0,CUST_SOWMIYA_003,55,Bengaluru,Karnataka,High Risk / 26% Fraud Rate,M013,CartNest Online,E-commerce,Multi-category Marketplace,Chennai,Guindy,Tamil Nadu,600032,13.0067,80.2026,5,6200.0,24_HOURS,"ONLINE,UPI,CARD,NETBANKING",Account takeover + triangulation shipping fraud,0.045,112,39825.07,INR,PURCHASE,NETBANKING,MOBILE_APP,0,0,Bengaluru,1.0,0,0,1,DEV-SOWMIYA-ONEPLUS-11,mobile_android,0,BEN-CUST_SOWMIYA_003-TRUSTED,Trusted Household Vendor,12,0,3,15,0,0,0,None,Resolved Genuine,Standard Habitual Purchase,0
TXN-CUST_SOWMIYA_003-10753,2026-08-10 16:14:32,2026-08-10,16:14:32,16,0,0,0,CUST_SOWMIYA_003,55,Bengaluru,Karnataka,High Risk / 26% Fraud Rate,M004,Aurelia Gold House,Jewellery,Gold & Diamond Jewellery,Coimbatore,RS Puram,Tamil Nadu,641002,11.0089,76.9514,14,78000.0,10:00-20:30,"POS,CARD,TRANSFER",Account takeover / card-not-present luxury surge,0.065,162,380344.52,INR,P2P_TRANSFER,TRANSFER,WEB_PORTAL,0,1,Singapore,2430.0,1,1,0,DEV-ROGUE-EMULATOR-157,unknown_bot,1,BEN-MULE-2436,QuickMule Transfer 34,0,4,32,131,4,2,1,Credential compromise,Pre-auth Block,Automated high-velocity attack from unknown device,1
TXN-CUST_SOWMIYA_003-10754,2026-08-10 17:41:02,2026-08-10,17:41:02,17,0,0,0,CUST_SOWMIYA_003,55,Bengaluru,Karnataka,High Risk / 26% Fraud Rate,M012,DashDine Delivery,Food Delivery,Quick Commerce & Meal Delivery,Chennai,Sholinganallur,Tamil Nadu,600119,12.901,80.2279,4,520.0,06:00-02:00,"UPI,CARD,ONLINE,WALLET",Promo code abuse / stolen wallet balances,0.014,35,42814.14,INR,PURCHASE,CARD,MOBILE_APP,0,0,Bengaluru,1.0,0,0,1,DEV-SOWMIYA-ONEPLUS-11,mobile_android,0,BEN-CUST_SOWMIYA_003-TRUSTED,Trusted Household Vendor,7,0,2,13,0,0,0,None,Resolved Genuine,Standard Habitual Purchase,0
TXN-CUST_SOWMIYA_003-10755,2026-08-10 19:05:19,2026-08-10,19:05:19,19,0,0,0,CUST_SOWMIYA_003,55,Bengaluru,Karnataka,High Risk / 26% Fraud Rate,M024,LinkWave Telecom,Telecom Retail,Fiber Broadband & Postpaid Plans,Erode,Perundurai Road,Tamil Nadu,638011,11.341,77.7172,10,1950.0,09:30-20:30,"UPI,CARD,ONLINE,POS",SIM swap bill recharge surges,0.017,42,4326.19,INR,P2P_TRANSFER,UPI,WEB_PORTAL,0,1,Lagos,3418.0,1,1,0,DEV-ROGUE-EMULATOR-187,unknown_bot,1,BEN-MULE-5541,QuickMule Transfer 99,0,8,35,146,3,1,0,Account takeover,Pre-auth Block,Automated high-velocity attack from unknown device,1
TXN-CUST_SOWMIYA_003-10756,2026-08-10 20:33:54,2026-08-10,20:33:54,20,0,0,0,CUST_SOWMIYA_003,55,Bengaluru,Karnataka,High Risk / 26% Fraud Rate,M026,GreenLeaf Wellness,Health & Wellness,Organic Nutrition & Ayurveda,Trichy,Srirangam,Tamil Nadu,620006,10.8624,78.6947,6,2100.0,08:00-21:00,"POS,UPI,ONLINE,CARD",Subscription card stuffing,0.013,32,7630.52,INR,P2P_TRANSFER,UPI,WEB_PORTAL,0,1,Lagos,5014.0,1,1,0,DEV-ROGUE-EMULATOR-371,unknown_bot,1,BEN-MULE-5976,QuickMule Transfer 15,0,11,30,123,6,2,0,Mule-account behavior,Pre-auth Block,Automated high-velocity attack from unknown device,1
TXN-CUST_SOWMIYA_003-10757,2026-08-10 22:02:52,2026-08-10,22:02:52,22,0,0,0,CUST_SOWMIYA_003,55,Bengaluru,Karnataka,High Risk / 26% Fraud Rate,M014,OakLine Furnishings,Furniture,Teak Wood & Modern Home Decor,Madurai,Bypass Road,Tamil Nadu,625016,9.932,78.109,12,38000.0,10:00-21:00,"POS,CARD,TRANSFER,EMI",Invoice redirection fraud / fake payment slips,0.029,72,43225.16,INR,PURCHASE,POS,MOBILE_APP,1,0,Bengaluru,3.0,0,0,1,DEV-SOWMIYA-ONEPLUS-11,mobile_android,0,BEN-CUST_SOWMIYA_003-TRUSTED,Trusted Household Vendor,10,0,2,18,0,0,0,None,Resolved Genuine,Standard Habitual Purchase,0
TXN-CUST_SOWMIYA_003-10758,2026-08-10 23:26:55,2026-08-10,23:26:55,23,0,0,1,CUST_SOWMIYA_003,55,Bengaluru,Karnataka,High Risk / 26% Fraud Rate,M001,NovaMart Fresh,Grocery & Supermarket,Supermarket / Hypermarket,Chennai,T Nagar,Tamil Nadu,600017,13.0418,80.2341,8,1250.0,07:00-22:30,"POS,UPI,CARD,ONLINE",Card testing / micro-burst velocity,0.012,30,44235.9,INR,PURCHASE,CARD,MOBILE_APP,1,0,Bengaluru,13.0,0,0,1,DEV-SOWMIYA-ONEPLUS-11,mobile_android,0,BEN-CUST_SOWMIYA_003-TRUSTED,Trusted Household Vendor,5,0,4,20,0,0,0,None,Resolved Genuine,Standard Habitual Purchase,0
TXN-CUST_SOWMIYA_003-10759,2026-08-11 00:56:09,2026-08-11,00:56:09,0,1,0,1,CUST_SOWMIYA_003,55,Bengaluru,Karnataka,High Risk / 26% Fraud Rate,M012,DashDine Delivery,Food Delivery,Quick Commerce & Meal Delivery,Chennai,Sholinganallur,Tamil Nadu,600119,12.901,80.2279,4,520.0,06:00-02:00,"UPI,CARD,ONLINE,WALLET",Promo code abuse / stolen wallet balances,0.014,35,45373.58,INR,PURCHASE,CARD,MOBILE_APP,0,0,Bengaluru,9.0,0,0,1,DEV-SOWMIYA-ONEPLUS-11,mobile_android,0,BEN-CUST_SOWMIYA_003-TRUSTED,Trusted Household Vendor,15,0,4,23,0,0,0,None,Resolved Genuine,Standard Habitual Purchase,0
TXN-CUST_SOWMIYA_003-10760,2026-08-11 02:21:44,2026-08-11,02:21:44,2,1,0,1,CUST_SOWMIYA_003,55,Bengaluru,Karnataka,High Risk / 26% Fraud Rate,M016,MotoCare Garage,Auto Service,Car Service & Detailing Hub,Chennai,Pallikaranai,Tamil Nadu,600100,12.9372,80.2014,7,8900.0,08:30-20:30,"POS,UPI,CARD",Over-invoicing / synthetic card payments,0.021,52,26846.72,INR,PURCHASE,UPI,MOBILE_APP,1,0,Bengaluru,5.0,0,0,1,DEV-SOWMIYA-ONEPLUS-11,mobile_android,0,BEN-CUST_SOWMIYA_003-TRUSTED,Trusted Household Vendor,5,0,3,17,0,0,0,None,Resolved Genuine,Standard Habitual Purchase,0
TXN-CUST_SOWMIYA_003-10761,2026-08-11 03:49:44,2026-08-11,03:49:44,3,1,0,1,CUST_SOWMIYA_003,55,Bengaluru,Karnataka,High Risk / 26% Fraud Rate,M010,HarborView Residency,Hotel / Hospitality,Business & Luxury Hotel,Chennai,OMR,Tamil Nadu,600096,12.9165,80.2285,6,9500.0,24_HOURS,"ONLINE,POS,CARD,TRANSFER",Online travel booking fraud with stolen corporate credentials,0.041,102,28577.59,INR,PURCHASE,POS,MOBILE_APP,1,0,Bengaluru,9.0,0,0,1,DEV-SOWMIYA-ONEPLUS-11,mobile_android,0,BEN-CUST_SOWMIYA_003-TRUSTED,Trusted Household Vendor,13,1,4,23,0,0,0,None,Resolved Genuine,Standard Habitual Purchase,0
TXN-CUST_SOWMIYA_003-10762,2026-08-11 05:15:00,2026-08-11,05:15:00,5,1,0,1,CUST_SOWMIYA_003,55,Bengaluru,Karnataka,High Risk / 26% Fraud Rate,M024,LinkWave Telecom,Telecom Retail,Fiber Broadband & Postpaid Plans,Erode,Perundurai Road,Tamil Nadu,638011,11.341,77.7172,10,1950.0,09:30-20:30,"UPI,CARD,ONLINE,POS",SIM swap bill recharge surges,0.017,42,17750.24,INR,PURCHASE,UPI,MOBILE_APP,1,0,Bengaluru,11.0,0,0,1,DEV-SOWMIYA-ONEPLUS-11,mobile_android,0,BEN-CUST_SOWMIYA_003-TRUSTED,Trusted Household Vendor,4,0,3,21,0,0,0,None,Resolved Genuine,Standard Habitual Purchase,0
TXN-CUST_SOWMIYA_003-10763,2026-08-11 06:44:13,2026-08-11,06:44:13,6,1,0,0,CUST_SOWMIYA_003,55,Bengaluru,Karnataka,High Risk / 26% Fraud Rate,M022,SkillSpring Academy,Education / Training,Professional Certifications & Tech Bootcamps,Chennai,Mylapore,Tamil Nadu,600004,13.0368,80.2676,8,22000.0,08:30-19:30,"ONLINE,NETBANKING,CARD,UPI",Stolen corporate card enrollments,0.028,70,30452.78,INR,PURCHASE,NETBANKING,MOBILE_APP,0,0,Bengaluru,3.0,0,0,1,DEV-SOWMIYA-ONEPLUS-11,mobile_android,0,BEN-CUST_SOWMIYA_003-TRUSTED,Trusted Household Vendor,3,0,3,18,0,0,0,None,Resolved Genuine,Standard Habitual Purchase,0
TXN-CUST_SOWMIYA_003-10764,2026-08-11 08:09:38,2026-08-11,08:09:38,8,1,0,0,CUST_SOWMIYA_003,55,Bengaluru,Karnataka,High Risk / 26% Fraud Rate,M008,BeanCircuit Cafe,Cafe,Specialty Coffee & Bakery,Bengaluru,Indiranagar,Karnataka,560038,12.9784,77.6408,3,650.0,07:30-23:00,"UPI,POS,CARD",QR code spoofing / fast velocity dining,0.009,22,30347.45,INR,PURCHASE,UPI,MOBILE_APP,1,0,Bengaluru,9.0,0,0,1,DEV-SOWMIYA-ONEPLUS-11,mobile_android,0,BEN-CUST_SOWMIYA_003-TRUSTED,Trusted Household Vendor,5,1,4,22,0,0,0,None,Resolved Genuine,Standard Habitual Purchase,0
TXN-CUST_SOWMIYA_003-10765,2026-08-11 09:35:41,2026-08-11,09:35:41,9,1,0,0,CUST_SOWMIYA_003,55,Bengaluru,Karnataka,High Risk / 26% Fraud Rate,M016,MotoCare Garage,Auto Service,Car Service & Detailing Hub,Chennai,Pallikaranai,Tamil Nadu,600100,12.9372,80.2014,7,8900.0,08:30-20:30,"POS,UPI,CARD",Over-invoicing / synthetic card payments,0.021,52,26282.07,INR,PURCHASE,POS,MOBILE_APP,1,0,Bengaluru,15.0,0,0,1,DEV-SOWMIYA-ONEPLUS-11,mobile_android,0,BEN-CUST_SOWMIYA_003-TRUSTED,Trusted Household Vendor,11,0,1,14,0,0,0,None,Resolved Genuine,Standard Habitual Purchase,0
TXN-CUST_SOWMIYA_003-10766,2026-08-11 11:02:21,2026-08-11,11:02:21,11,1,0,0,CUST_SOWMIYA_003,55,Bengaluru,Karnataka,High Risk / 26% Fraud Rate,M016,MotoCare Garage,Auto Service,Car Service & Detailing Hub,Chennai,Pallikaranai,Tamil Nadu,600100,12.9372,80.2014,7,8900.0,08:30-20:30,"POS,UPI,CARD",Over-invoicing / synthetic card payments,0.021,52,27578.15,INR,P2P_TRANSFER,POS,WEB_PORTAL,0,0,Unknown Proxy,4859.0,1,1,0,DEV-ROGUE-EMULATOR-813,unknown_bot,1,BEN-MULE-6134,QuickMule Transfer 36,0,5,35,145,3,1,0,Credential compromise,Pre-auth Block,Automated high-velocity attack from unknown device,1
TXN-CUST_SOWMIYA_003-10767,2026-08-11 12:30:04,2026-08-11,12:30:04,12,1,0,0,CUST_SOWMIYA_003,55,Bengaluru,Karnataka,High Risk / 26% Fraud Rate,M013,CartNest Online,E-commerce,Multi-category Marketplace,Chennai,Guindy,Tamil Nadu,600032,13.0067,80.2026,5,6200.0,24_HOURS,"ONLINE,UPI,CARD,NETBANKING",Account takeover + triangulation shipping fraud,0.045,112,30396.23,INR,PURCHASE,UPI,MOBILE_APP,0,0,Bengaluru,10.0,0,0,1,DEV-SOWMIYA-ONEPLUS-11,mobile_android,0,BEN-CUST_SOWMIYA_003-TRUSTED,Trusted Household Vendor,15,1,3,20,0,0,0,None,Resolved Genuine,Standard Habitual Purchase,0
TXN-CUST_SOWMIYA_003-10768,2026-08-11 13:54:14,2026-08-11,13:54:14,13,1,0,0,CUST_SOWMIYA_003,55,Bengaluru,Karnataka,High Risk / 26% Fraud Rate,M022,SkillSpring Academy,Education / Training,Professional Certifications & Tech Bootcamps,Chennai,Mylapore,Tamil Nadu,600004,13.0368,80.2676,8,22000.0,08:30-19:30,"ONLINE,NETBANKING,CARD,UPI",Stolen corporate card enrollments,0.028,70,33795.52,INR,PURCHASE,CARD,MOBILE_APP,0,0,Bengaluru,8.0,0,0,1,DEV-SOWMIYA-ONEPLUS-11,mobile_android,0,BEN-CUST_SOWMIYA_003-TRUSTED,Trusted Household Vendor,7,0,1,9,0,0,0,None,Resolved Genuine,Standard Habitual Purchase,0
TXN-CUST_SOWMIYA_003-10769,2026-08-11 15:17:39,2026-08-11,15:17:39,15,1,0,0,CUST_SOWMIYA_003,55,Bengaluru,Karnataka,High Risk / 26% Fraud Rate,M027,BrickHarbor Realty,Real Estate / Property Services,Rental Escrow & Facility Management,Chennai,Porur,Tamil Nadu,600116,13.035,80.16,11,65000.0,09:00-19:00,"TRANSFER,NETBANKING,CARD",Security deposit phishing / escrow hijacking,0.039,97,15564.92,INR,PURCHASE,NETBANKING,MOBILE_APP,0,0,Bengaluru,13.0,0,0,1,DEV-SOWMIYA-ONEPLUS-11,mobile_android,0,BEN-CUST_SOWMIYA_003-TRUSTED,Trusted Household Vendor,7,0,3,16,0,0,0,None,Resolved Genuine,Standard Habitual Purchase,0
TXN-CUST_SOWMIYA_003-10770,2026-08-11 16:44:36,2026-08-11,16:44:36,16,1,0,0,CUST_SOWMIYA_003,55,Bengaluru,Karnataka,High Risk / 26% Fraud Rate,M028,CraftCove Home Decor,Home Decor,Handicrafts & Art Pieces,Thanjavur,Medical College Road,Tamil Nadu,613004,10.7684,79.1245,8,7400.0,09:30-20:30,"POS,UPI,CARD,ONLINE",Cross-border tourist chargebacks,0.023,57,31834.58,INR,PURCHASE,CARD,MOBILE_APP,1,0,Bengaluru,15.0,0,0,1,DEV-SOWMIYA-ONEPLUS-11,mobile_android,0,BEN-CUST_SOWMIYA_003-TRUSTED,Trusted Household Vendor,7,0,4,21,0,0,0,None,Resolved Genuine,Standard Habitual Purchase,0
TXN-CUST_SOWMIYA_003-10771,2026-08-11 18:09:17,2026-08-11,18:09:17,18,1,0,0,CUST_SOWMIYA_003,55,Bengaluru,Karnataka,High Risk / 26% Fraud Rate,M020,GameGrid Arena,Gaming,"Esports, Consoles & Virtual Credits",Bengaluru,Koramangala,Karnataka,560095,12.9352,77.6245,4,3400.0,10:00-01:00,"ONLINE,UPI,CARD,WALLET",Virtual item laundering & bot-driven micro transactions,0.055,137,38612.82,INR,PURCHASE,CARD,MOBILE_APP,0,0,Bengaluru,14.0,0,0,1,DEV-SOWMIYA-ONEPLUS-11,mobile_android,0,BEN-CUST_SOWMIYA_003-TRUSTED,Trusted Household Vendor,13,0,1,9,0,0,0,None,Resolved Genuine,Standard Habitual Purchase,0
TXN-CUST_SOWMIYA_003-10772,2026-08-11 19:34:02,2026-08-11,19:34:02,19,1,0,0,CUST_SOWMIYA_003,55,Bengaluru,Karnataka,High Risk / 26% Fraud Rate,M008,BeanCircuit Cafe,Cafe,Specialty Coffee & Bakery,Bengaluru,Indiranagar,Karnataka,560038,12.9784,77.6408,3,650.0,07:30-23:00,"UPI,POS,CARD",QR code spoofing / fast velocity dining,0.009,22,2859.59,INR,P2P_TRANSFER,POS,WEB_PORTAL,0,1,Lagos,4740.0,1,1,0,DEV-ROGUE-EMULATOR-561,unknown_bot,1,BEN-MULE-4375,QuickMule Transfer 91,0,11,12,53,2,1,0,Credential compromise,Pre-auth Block,Automated high-velocity attack from unknown device,1
TXN-CUST_SOWMIYA_003-10773,2026-08-11 20:59:12,2026-08-11,20:59:12,20,1,0,0,CUST_SOWMIYA_003,55,Bengaluru,Karnataka,High Risk / 26% Fraud Rate,M020,GameGrid Arena,Gaming,"Esports, Consoles & Virtual Credits",Bengaluru,Koramangala,Karnataka,560095,12.9352,77.6245,4,3400.0,10:00-01:00,"ONLINE,UPI,CARD,WALLET",Virtual item laundering & bot-driven micro transactions,0.055,137,31908.04,INR,PURCHASE,WALLET,MOBILE_APP,0,0,Bengaluru,6.0,0,0,1,DEV-SOWMIYA-ONEPLUS-11,mobile_android,0,BEN-CUST_SOWMIYA_003-TRUSTED,Trusted Household Vendor,11,0,3,15,0,0,0,None,Resolved Genuine,Standard Habitual Purchase,0
TXN-CUST_SOWMIYA_003-10774,2026-08-11 22:27:01,2026-08-11,22:27:01,22,1,0,0,CUST_SOWMIYA_003,55,Bengaluru,Karnataka,High Risk / 26% Fraud Rate,M017,AutoForge Parts,Spare Parts,OEM Industrial & Auto Components,Hosur,Mookandapalli,Tamil Nadu,635126,12.7409,77.8253,15,16500.0,09:00-19:30,"TRANSFER,POS,CARD",Business email compromise / fake beneficiary update,0.033,82,28725.32,INR,PURCHASE,CARD,MOBILE_APP,1,0,Bengaluru,14.0,0,0,1,DEV-SOWMIYA-ONEPLUS-11,mobile_android,0,BEN-CUST_SOWMIYA_003-TRUSTED,Trusted Household Vendor,3,0,4,20,0,0,0,None,Resolved Genuine,Standard Habitual Purchase,0
TXN-CUST_SOWMIYA_003-10775,2026-08-11 23:51:06,2026-08-11,23:51:06,23,1,0,1,CUST_SOWMIYA_003,55,Bengaluru,Karnataka,High Risk / 26% Fraud Rate,M019,ArenaSport World,Sports Retail,Fitness Equipment & Sports Wear,Chennai,Nungambakkam,Tamil Nadu,600034,13.0604,80.2405,6,5600.0,10:00-21:30,"POS,ONLINE,UPI,CARD",Stolen card chargeback on premium sports gear,0.026,65,31604.11,INR,PURCHASE,CARD,MOBILE_APP,1,0,Bengaluru,8.0,0,0,1,DEV-SOWMIYA-ONEPLUS-11,mobile_android,0,BEN-CUST_SOWMIYA_003-TRUSTED,Trusted Household Vendor,10,0,2,13,0,0,0,None,Resolved Genuine,Standard Habitual Purchase,0
TXN-CUST_SOWMIYA_003-10776,2026-08-12 01:17:36,2026-08-12,01:17:36,1,2,0,1,CUST_SOWMIYA_003,55,Bengaluru,Karnataka,High Risk / 26% Fraud Rate,M016,MotoCare Garage,Auto Service,Car Service & Detailing Hub,Chennai,Pallikaranai,Tamil Nadu,600100,12.9372,80.2014,7,8900.0,08:30-20:30,"POS,UPI,CARD",Over-invoicing / synthetic card payments,0.021,52,34117.62,INR,P2P_TRANSFER,CARD,WEB_PORTAL,0,1,Lagos,2956.0,1,1,0,DEV-ROGUE-EMULATOR-146,unknown_bot,1,BEN-MULE-6267,QuickMule Transfer 43,0,5,17,70,3,2,1,Credential compromise,Pre-auth Block,Automated high-velocity attack from unknown device,1
TXN-CUST_SOWMIYA_003-10777,2026-08-12 02:46:34,2026-08-12,02:46:34,2,2,0,1,CUST_SOWMIYA_003,55,Bengaluru,Karnataka,High Risk / 26% Fraud Rate,M015,HomeSphere Appliances,Home Appliances,"Refrigerators, ACs & Kitchen Tech",Coimbatore,Saibaba Colony,Tamil Nadu,641011,11.0315,76.945,9,27500.0,09:30-21:00,"POS,EMI,CARD,UPI",Carding attacks with immediate in-store pickup,0.038,95,11871.28,INR,PURCHASE,EMI,MOBILE_APP,1,0,Bengaluru,8.0,0,0,1,DEV-SOWMIYA-ONEPLUS-11,mobile_android,0,BEN-CUST_SOWMIYA_003-TRUSTED,Trusted Household Vendor,7,0,1,12,0,0,0,None,Resolved Genuine,Standard Habitual Purchase,0
TXN-CUST_SOWMIYA_003-10778,2026-08-12 04:13:18,2026-08-12,04:13:18,4,2,0,1,CUST_SOWMIYA_003,55,Bengaluru,Karnataka,High Risk / 26% Fraud Rate,M010,HarborView Residency,Hotel / Hospitality,Business & Luxury Hotel,Chennai,OMR,Tamil Nadu,600096,12.9165,80.2285,6,9500.0,24_HOURS,"ONLINE,POS,CARD,TRANSFER",Online travel booking fraud with stolen corporate credentials,0.041,102,27126.24,INR,PURCHASE,TRANSFER,MOBILE_APP,1,0,Bengaluru,12.0,0,0,1,DEV-SOWMIYA-ONEPLUS-11,mobile_android,0,BEN-CUST_SOWMIYA_003-TRUSTED,Trusted Household Vendor,3,0,3,14,0,0,0,None,Resolved Genuine,Standard Habitual Purchase,0
TXN-CUST_SOWMIYA_003-10779,2026-08-12 05:38:02,2026-08-12,05:38:02,5,2,0,1,CUST_SOWMIYA_003,55,Bengaluru,Karnataka,High Risk / 26% Fraud Rate,M013,CartNest Online,E-commerce,Multi-category Marketplace,Chennai,Guindy,Tamil Nadu,600032,13.0067,80.2026,5,6200.0,24_HOURS,"ONLINE,UPI,CARD,NETBANKING",Account takeover + triangulation shipping fraud,0.045,112,28563.15,INR,P2P_TRANSFER,UPI,WEB_PORTAL,0,1,Singapore,4494.0,1,1,0,DEV-ROGUE-EMULATOR-880,unknown_bot,1,BEN-MULE-3281,QuickMule Transfer 30,0,4,12,51,5,4,0,Mule-account behavior,Pre-auth Block,Automated high-velocity attack from unknown device,1
TXN-CUST_SOWMIYA_003-10780,2026-08-12 07:06:37,2026-08-12,07:06:37,7,2,0,0,CUST_SOWMIYA_003,55,Bengaluru,Karnataka,High Risk / 26% Fraud Rate,M006,MedicoCare Pharmacy,Pharmacy,Medicines & Surgical Supplies,Madurai,KK Nagar,Tamil Nadu,625020,9.9252,78.1498,10,1450.0,24_HOURS,"POS,UPI,CARD,ONLINE",Nighttime micro card testing,0.015,37,38330.57,INR,PURCHASE,UPI,MOBILE_APP,1,0,Bengaluru,11.0,0,0,1,DEV-SOWMIYA-ONEPLUS-11,mobile_android,0,BEN-CUST_SOWMIYA_003-TRUSTED,Trusted Household Vendor,12,0,1,14,0,0,0,None,Resolved Genuine,Standard Habitual Purchase,0
TXN-CUST_SOWMIYA_003-10781,2026-08-12 08:32:31,2026-08-12,08:32:31,8,2,0,0,CUST_SOWMIYA_003,55,Bengaluru,Karnataka,High Risk / 26% Fraud Rate,M018,PageTurn Book House,Bookstore,"Academic, Fiction & Stationery",Trichy,Thillai Nagar,Tamil Nadu,620018,10.8282,78.6854,16,850.0,09:00-21:30,"POS,UPI,CARD,ONLINE",Low-value card testing bots,0.008,20,17044.13,INR,PURCHASE,ONLINE,MOBILE_APP,1,0,Bengaluru,9.0,0,0,1,DEV-SOWMIYA-ONEPLUS-11,mobile_android,0,BEN-CUST_SOWMIYA_003-TRUSTED,Trusted Household Vendor,5,0,4,22,0,0,0,None,Resolved Genuine,Standard Habitual Purchase,0
TXN-CUST_SOWMIYA_003-10782,2026-08-12 10:00:10,2026-08-12,10:00:10,10,2,0,0,CUST_SOWMIYA_003,55,Bengaluru,Karnataka,High Risk / 26% Fraud Rate,M007,SpiceRoute Kitchen,Restaurant,Fine Dining & Chettinad,Chennai,Adyar,Tamil Nadu,600020,13.0012,80.2565,7,2200.0,11:30-23:30,"POS,UPI,CARD",Cloned card POS terminal replay,0.018,45,31875.43,INR,PURCHASE,UPI,MOBILE_APP,1,0,Bengaluru,4.0,0,0,1,DEV-SOWMIYA-ONEPLUS-11,mobile_android,0,BEN-CUST_SOWMIYA_003-TRUSTED,Trusted Household Vendor,14,0,3,20,0,0,0,None,Resolved Genuine,Standard Habitual Purchase,0
TXN-CUST_SOWMIYA_003-10783,2026-08-12 11:26:59,2026-08-12,11:26:59,11,2,0,0,CUST_SOWMIYA_003,55,Bengaluru,Karnataka,High Risk / 26% Fraud Rate,M022,SkillSpring Academy,Education / Training,Professional Certifications & Tech Bootcamps,Chennai,Mylapore,Tamil Nadu,600004,13.0368,80.2676,8,22000.0,08:30-19:30,"ONLINE,NETBANKING,CARD,UPI",Stolen corporate card enrollments,0.028,70,37408.76,INR,PURCHASE,CARD,MOBILE_APP,0,0,Bengaluru,15.0,0,0,1,DEV-SOWMIYA-ONEPLUS-11,mobile_android,0,BEN-CUST_SOWMIYA_003-TRUSTED,Trusted Household Vendor,3,0,4,26,0,0,0,None,Resolved Genuine,Standard Habitual Purchase,0
TXN-CUST_SOWMIYA_003-10784,2026-08-12 12:52:30,2026-08-12,12:52:30,12,2,0,0,CUST_SOWMIYA_003,55,Bengaluru,Karnataka,High Risk / 26% Fraud Rate,M008,BeanCircuit Cafe,Cafe,Specialty Coffee & Bakery,Bengaluru,Indiranagar,Karnataka,560038,12.9784,77.6408,3,650.0,07:30-23:00,"UPI,POS,CARD",QR code spoofing / fast velocity dining,0.009,22,1760.7,INR,P2P_TRANSFER,POS,WEB_PORTAL,0,1,Singapore,2884.0,1,1,0,DEV-ROGUE-EMULATOR-358,unknown_bot,1,BEN-MULE-9533,QuickMule Transfer 94,0,9,28,120,4,1,1,Account takeover,Pre-auth Block,Automated high-velocity attack from unknown device,1
TXN-CUST_SOWMIYA_003-10785,2026-08-12 14:18:00,2026-08-12,14:18:00,14,2,0,0,CUST_SOWMIYA_003,55,Bengaluru,Karnataka,High Risk / 26% Fraud Rate,M005,UrbanThread Studio,Fashion / Apparel,Designer & Ready-to-wear,Chennai,Anna Nagar,Tamil Nadu,600040,13.085,80.2101,5,4800.0,10:30-22:00,"POS,ONLINE,UPI,CARD",Refund abuse / credential stuffing,0.022,55,44467.01,INR,PURCHASE,ONLINE,MOBILE_APP,1,0,Bengaluru,3.0,0,0,1,DEV-SOWMIYA-ONEPLUS-11,mobile_android,0,BEN-CUST_SOWMIYA_003-TRUSTED,Trusted Household Vendor,14,1,4,25,0,0,0,None,Resolved Genuine,Standard Habitual Purchase,0
TXN-CUST_SOWMIYA_003-10786,2026-08-12 15:44:45,2026-08-12,15:44:45,15,2,0,0,CUST_SOWMIYA_003,55,Bengaluru,Karnataka,High Risk / 26% Fraud Rate,M003,Pulse Mobile Hub,Mobile Store,Smartphones & Accessories,Chennai,Tambaram,Tamil Nadu,600045,12.9249,80.1278,4,18500.0,09:30-21:30,"POS,UPI,CARD",New device abuse / rapid checkout surge,0.035,87,27605.32,INR,PURCHASE,UPI,MOBILE_APP,1,0,Bengaluru,12.0,0,0,1,DEV-SOWMIYA-ONEPLUS-11,mobile_android,0,BEN-CUST_SOWMIYA_003-TRUSTED,Trusted Household Vendor,15,1,2,14,0,0,0,None,Resolved Genuine,Standard Habitual Purchase,0
TXN-CUST_SOWMIYA_003-10787,2026-08-12 17:11:54,2026-08-12,17:11:54,17,2,0,0,CUST_SOWMIYA_003,55,Bengaluru,Karnataka,High Risk / 26% Fraud Rate,M017,AutoForge Parts,Spare Parts,OEM Industrial & Auto Components,Hosur,Mookandapalli,Tamil Nadu,635126,12.7409,77.8253,15,16500.0,09:00-19:30,"TRANSFER,POS,CARD",Business email compromise / fake beneficiary update,0.033,82,40142.15,INR,P2P_TRANSFER,TRANSFER,WEB_PORTAL,0,1,Singapore,4064.0,1,1,0,DEV-ROGUE-EMULATOR-520,unknown_bot,1,BEN-MULE-5227,QuickMule Transfer 31,0,9,35,145,6,3,1,Account takeover,Pre-auth Block,Automated high-velocity attack from unknown device,1
TXN-CUST_SOWMIYA_003-10788,2026-08-12 18:38:18,2026-08-12,18:38:18,18,2,0,0,CUST_SOWMIYA_003,55,Bengaluru,Karnataka,High Risk / 26% Fraud Rate,M025,ShieldSure Services,Insurance Services,General & Health Insurance Premium,Chennai,Egmore,Tamil Nadu,600008,13.0784,80.2607,13,14000.0,09:30-18:00,"ONLINE,NETBANKING,CARD",Premium diversion / fake policy payment slips,0.019,47,18148.81,INR,PURCHASE,CARD,MOBILE_APP,0,0,Bengaluru,2.0,0,0,1,DEV-SOWMIYA-ONEPLUS-11,mobile_android,0,BEN-CUST_SOWMIYA_003-TRUSTED,Trusted Household Vendor,6,0,4,24,0,0,0,None,Resolved Genuine,Standard Habitual Purchase,0
TXN-CUST_SOWMIYA_003-10789,2026-08-12 20:03:43,2026-08-12,20:03:43,20,2,0,0,CUST_SOWMIYA_003,55,Bengaluru,Karnataka,High Risk / 26% Fraud Rate,M016,MotoCare Garage,Auto Service,Car Service & Detailing Hub,Chennai,Pallikaranai,Tamil Nadu,600100,12.9372,80.2014,7,8900.0,08:30-20:30,"POS,UPI,CARD",Over-invoicing / synthetic card payments,0.021,52,31762.42,INR,P2P_TRANSFER,UPI,WEB_PORTAL,0,1,Moscow,5457.0,1,1,0,DEV-ROGUE-EMULATOR-572,unknown_bot,1,BEN-MULE-6912,QuickMule Transfer 81,0,11,27,111,5,3,1,Card testing,Pre-auth Block,Automated high-velocity attack from unknown device,1
TXN-CUST_SOWMIYA_003-10790,2026-08-12 21:28:23,2026-08-12,21:28:23,21,2,0,0,CUST_SOWMIYA_003,55,Bengaluru,Karnataka,High Risk / 26% Fraud Rate,M025,ShieldSure Services,Insurance Services,General & Health Insurance Premium,Chennai,Egmore,Tamil Nadu,600008,13.0784,80.2607,13,14000.0,09:30-18:00,"ONLINE,NETBANKING,CARD",Premium diversion / fake policy payment slips,0.019,47,21954.07,INR,PURCHASE,NETBANKING,MOBILE_APP,0,0,Bengaluru,8.0,0,0,1,DEV-SOWMIYA-ONEPLUS-11,mobile_android,0,BEN-CUST_SOWMIYA_003-TRUSTED,Trusted Household Vendor,12,0,1,9,0,0,0,None,Resolved Genuine,Standard Habitual Purchase,0
TXN-CUST_SOWMIYA_003-10791,2026-08-12 22:56:25,2026-08-12,22:56:25,22,2,0,0,CUST_SOWMIYA_003,55,Bengaluru,Karnataka,High Risk / 26% Fraud Rate,M018,PageTurn Book House,Bookstore,"Academic, Fiction & Stationery",Trichy,Thillai Nagar,Tamil Nadu,620018,10.8282,78.6854,16,850.0,09:00-21:30,"POS,UPI,CARD,ONLINE",Low-value card testing bots,0.008,20,4154.64,INR,P2P_TRANSFER,ONLINE,WEB_PORTAL,0,0,Unknown Proxy,3639.0,1,1,0,DEV-ROGUE-EMULATOR-768,unknown_bot,1,BEN-MULE-1212,QuickMule Transfer 96,0,6,25,108,5,2,1,Account takeover,Pre-auth Block,Automated high-velocity attack from unknown device,1
TXN-CUST_SOWMIYA_003-10792,2026-08-13 00:20:31,2026-08-13,00:20:31,0,3,0,1,CUST_SOWMIYA_003,55,Bengaluru,Karnataka,High Risk / 26% Fraud Rate,M028,CraftCove Home Decor,Home Decor,Handicrafts & Art Pieces,Thanjavur,Medical College Road,Tamil Nadu,613004,10.7684,79.1245,8,7400.0,09:30-20:30,"POS,UPI,CARD,ONLINE",Cross-border tourist chargebacks,0.023,57,16967.03,INR,P2P_TRANSFER,ONLINE,WEB_PORTAL,0,1,Dubai,3034.0,1,1,0,DEV-ROGUE-EMULATOR-176,unknown_bot,1,BEN-MULE-4005,QuickMule Transfer 35,0,5,22,94,4,1,1,Account takeover,Pre-auth Block,Automated high-velocity attack from unknown device,1
TXN-CUST_SOWMIYA_003-10793,2026-08-13 01:46:54,2026-08-13,01:46:54,1,3,0,1,CUST_SOWMIYA_003,55,Bengaluru,Karnataka,High Risk / 26% Fraud Rate,M006,MedicoCare Pharmacy,Pharmacy,Medicines & Surgical Supplies,Madurai,KK Nagar,Tamil Nadu,625020,9.9252,78.1498,10,1450.0,24_HOURS,"POS,UPI,CARD,ONLINE",Nighttime micro card testing,0.015,37,4251.89,INR,P2P_TRANSFER,ONLINE,WEB_PORTAL,0,0,Unknown Proxy,1304.0,1,1,0,DEV-ROGUE-EMULATOR-699,unknown_bot,1,BEN-MULE-7299,QuickMule Transfer 42,0,5,12,50,6,4,1,Account takeover,Pre-auth Block,Automated high-velocity attack from unknown device,1
TXN-CUST_SOWMIYA_003-10794,2026-08-13 03:12:11,2026-08-13,03:12:11,3,3,0,1,CUST_SOWMIYA_003,55,Bengaluru,Karnataka,High Risk / 26% Fraud Rate,M021,GlowCraft Salon,Salon / Beauty,Spa & Grooming Studio,Chennai,Porur,Tamil Nadu,600116,13.0382,80.1565,5,2800.0,09:00-21:00,"POS,UPI,CARD",Unusual late-night transaction spikes,0.011,27,44942.35,INR,PURCHASE,UPI,MOBILE_APP,1,0,Bengaluru,11.0,0,0,1,DEV-SOWMIYA-ONEPLUS-11,mobile_android,0,BEN-CUST_SOWMIYA_003-TRUSTED,Trusted Household Vendor,8,0,1,9,0,0,0,None,Resolved Genuine,Standard Habitual Purchase,0
TXN-CUST_SOWMIYA_003-10795,2026-08-13 04:38:46,2026-08-13,04:38:46,4,3,0,1,CUST_SOWMIYA_003,55,Bengaluru,Karnataka,High Risk / 26% Fraud Rate,M001,NovaMart Fresh,Grocery & Supermarket,Supermarket / Hypermarket,Chennai,T Nagar,Tamil Nadu,600017,13.0418,80.2341,8,1250.0,07:00-22:30,"POS,UPI,CARD,ONLINE",Card testing / micro-burst velocity,0.012,30,4339.66,INR,P2P_TRANSFER,POS,WEB_PORTAL,0,1,Moscow,4982.0,1,1,0,DEV-ROGUE-EMULATOR-686,unknown_bot,1,BEN-MULE-7461,QuickMule Transfer 25,0,7,24,100,5,2,0,Mule-account behavior,Pre-auth Block,Automated high-velocity attack from unknown device,1
TXN-CUST_SOWMIYA_003-10796,2026-08-13 06:06:44,2026-08-13,06:06:44,6,3,0,0,CUST_SOWMIYA_003,55,Bengaluru,Karnataka,High Risk / 26% Fraud Rate,M015,HomeSphere Appliances,Home Appliances,"Refrigerators, ACs & Kitchen Tech",Coimbatore,Saibaba Colony,Tamil Nadu,641011,11.0315,76.945,9,27500.0,09:30-21:00,"POS,EMI,CARD,UPI",Carding attacks with immediate in-store pickup,0.038,95,17597.19,INR,PURCHASE,CARD,MOBILE_APP,1,0,Bengaluru,5.0,0,0,1,DEV-SOWMIYA-ONEPLUS-11,mobile_android,0,BEN-CUST_SOWMIYA_003-TRUSTED,Trusted Household Vendor,3,0,2,18,0,0,0,None,Resolved Genuine,Standard Habitual Purchase,0
TXN-CUST_SOWMIYA_003-10797,2026-08-13 07:34:55,2026-08-13,07:34:55,7,3,0,0,CUST_SOWMIYA_003,55,Bengaluru,Karnataka,High Risk / 26% Fraud Rate,M019,ArenaSport World,Sports Retail,Fitness Equipment & Sports Wear,Chennai,Nungambakkam,Tamil Nadu,600034,13.0604,80.2405,6,5600.0,10:00-21:30,"POS,ONLINE,UPI,CARD",Stolen card chargeback on premium sports gear,0.026,65,30753.92,INR,PURCHASE,CARD,MOBILE_APP,1,0,Bengaluru,3.0,0,0,1,DEV-SOWMIYA-ONEPLUS-11,mobile_android,0,BEN-CUST_SOWMIYA_003-TRUSTED,Trusted Household Vendor,12,0,3,15,0,0,0,None,Resolved Genuine,Standard Habitual Purchase,0
TXN-CUST_SOWMIYA_003-10798,2026-08-13 09:02:19,2026-08-13,09:02:19,9,3,0,0,CUST_SOWMIYA_003,55,Bengaluru,Karnataka,High Risk / 26% Fraud Rate,M025,ShieldSure Services,Insurance Services,General & Health Insurance Premium,Chennai,Egmore,Tamil Nadu,600008,13.0784,80.2607,13,14000.0,09:30-18:00,"ONLINE,NETBANKING,CARD",Premium diversion / fake policy payment slips,0.019,47,33479.66,INR,PURCHASE,ONLINE,MOBILE_APP,0,0,Bengaluru,6.0,0,0,1,DEV-SOWMIYA-ONEPLUS-11,mobile_android,0,BEN-CUST_SOWMIYA_003-TRUSTED,Trusted Household Vendor,12,0,4,20,0,0,0,None,Resolved Genuine,Standard Habitual Purchase,0
TXN-CUST_SOWMIYA_003-10799,2026-08-13 10:30:19,2026-08-13,10:30:19,10,3,0,0,CUST_SOWMIYA_003,55,Bengaluru,Karnataka,High Risk / 26% Fraud Rate,M016,MotoCare Garage,Auto Service,Car Service & Detailing Hub,Chennai,Pallikaranai,Tamil Nadu,600100,12.9372,80.2014,7,8900.0,08:30-20:30,"POS,UPI,CARD",Over-invoicing / synthetic card payments,0.021,52,27368.15,INR,PURCHASE,CARD,MOBILE_APP,1,0,Bengaluru,2.0,0,0,1,DEV-SOWMIYA-ONEPLUS-11,mobile_android,0,BEN-CUST_SOWMIYA_003-TRUSTED,Trusted Household Vendor,7,1,3,15,0,0,0,None,Resolved Genuine,Standard Habitual Purchase,0
TXN-CUST_SOWMIYA_003-10800,2026-08-13 11:58:43,2026-08-13,11:58:43,11,3,0,0,CUST_SOWMIYA_003,55,Bengaluru,Karnataka,High Risk / 26% Fraud Rate,M015,HomeSphere Appliances,Home Appliances,"Refrigerators, ACs & Kitchen Tech",Coimbatore,Saibaba Colony,Tamil Nadu,641011,11.0315,76.945,9,27500.0,09:30-21:00,"POS,EMI,CARD,UPI",Carding attacks with immediate in-store pickup,0.038,95,34516.72,INR,PURCHASE,UPI,MOBILE_APP,1,0,Bengaluru,4.0,0,0,1,DEV-SOWMIYA-ONEPLUS-11,mobile_android,0,BEN-CUST_SOWMIYA_003-TRUSTED,Trusted Household Vendor,14,0,2,10,0,0,0,None,Resolved Genuine,Standard Habitual Purchase,0
TXN-CUST_SOWMIYA_003-10801,2026-08-13 13:27:01,2026-08-13,13:27:01,13,3,0,0,CUST_SOWMIYA_003,55,Bengaluru,Karnataka,High Risk / 26% Fraud Rate,M019,ArenaSport World,Sports Retail,Fitness Equipment & Sports Wear,Chennai,Nungambakkam,Tamil Nadu,600034,13.0604,80.2405,6,5600.0,10:00-21:30,"POS,ONLINE,UPI,CARD",Stolen card chargeback on premium sports gear,0.026,65,20285.07,INR,P2P_TRANSFER,UPI,WEB_PORTAL,0,0,Unknown Proxy,4641.0,1,1,0,DEV-ROGUE-EMULATOR-516,unknown_bot,1,BEN-MULE-8770,QuickMule Transfer 35,0,5,13,62,6,3,0,Mule-account behavior,Pre-auth Block,Automated high-velocity attack from unknown device,1
TXN-CUST_SOWMIYA_003-10802,2026-08-13 14:52:42,2026-08-13,14:52:42,14,3,0,0,CUST_SOWMIYA_003,55,Bengaluru,Karnataka,High Risk / 26% Fraud Rate,M016,MotoCare Garage,Auto Service,Car Service & Detailing Hub,Chennai,Pallikaranai,Tamil Nadu,600100,12.9372,80.2014,7,8900.0,08:30-20:30,"POS,UPI,CARD",Over-invoicing / synthetic card payments,0.021,52,40880.14,INR,PURCHASE,CARD,MOBILE_APP,1,0,Bengaluru,14.0,0,0,1,DEV-SOWMIYA-ONEPLUS-11,mobile_android,0,BEN-CUST_SOWMIYA_003-TRUSTED,Trusted Household Vendor,6,0,3,17,0,0,0,None,Resolved Genuine,Standard Habitual Purchase,0
TXN-CUST_SOWMIYA_003-10803,2026-08-13 16:22:03,2026-08-13,16:22:03,16,3,0,0,CUST_SOWMIYA_003,55,Bengaluru,Karnataka,High Risk / 26% Fraud Rate,M014,OakLine Furnishings,Furniture,Teak Wood & Modern Home Decor,Madurai,Bypass Road,Tamil Nadu,625016,9.932,78.109,12,38000.0,10:00-21:00,"POS,CARD,TRANSFER,EMI",Invoice redirection fraud / fake payment slips,0.029,72,20764.19,INR,PURCHASE,CARD,MOBILE_APP,1,0,Bengaluru,15.0,0,0,1,DEV-SOWMIYA-ONEPLUS-11,mobile_android,0,BEN-CUST_SOWMIYA_003-TRUSTED,Trusted Household Vendor,9,0,2,12,0,0,0,None,Resolved Genuine,Standard Habitual Purchase,0
TXN-CUST_SOWMIYA_003-10804,2026-08-13 17:48:23,2026-08-13,17:48:23,17,3,0,0,CUST_SOWMIYA_003,55,Bengaluru,Karnataka,High Risk / 26% Fraud Rate,M027,BrickHarbor Realty,Real Estate / Property Services,Rental Escrow & Facility Management,Chennai,Porur,Tamil Nadu,600116,13.035,80.16,11,65000.0,09:00-19:00,"TRANSFER,NETBANKING,CARD",Security deposit phishing / escrow hijacking,0.039,97,262729.23,INR,P2P_TRANSFER,CARD,WEB_PORTAL,0,1,Singapore,4425.0,1,1,0,DEV-ROGUE-EMULATOR-921,unknown_bot,1,BEN-MULE-7344,QuickMule Transfer 59,0,8,35,146,4,4,0,Mule-account behavior,Pre-auth Block,Automated high-velocity attack from unknown device,1
TXN-CUST_SOWMIYA_003-10805,2026-08-13 19:16:42,2026-08-13,19:16:42,19,3,0,0,CUST_SOWMIYA_003,55,Bengaluru,Karnataka,High Risk / 26% Fraud Rate,M021,GlowCraft Salon,Salon / Beauty,Spa & Grooming Studio,Chennai,Porur,Tamil Nadu,600116,13.0382,80.1565,5,2800.0,09:00-21:00,"POS,UPI,CARD",Unusual late-night transaction spikes,0.011,27,13783.98,INR,P2P_TRANSFER,CARD,WEB_PORTAL,0,1,Dubai,4057.0,1,1,0,DEV-ROGUE-EMULATOR-862,unknown_bot,1,BEN-MULE-5140,QuickMule Transfer 50,0,9,32,130,3,3,0,Credential compromise,Pre-auth Block,Automated high-velocity attack from unknown device,1
TXN-CUST_SOWMIYA_003-10806,2026-08-13 20:44:24,2026-08-13,20:44:24,20,3,0,0,CUST_SOWMIYA_003,55,Bengaluru,Karnataka,High Risk / 26% Fraud Rate,M005,UrbanThread Studio,Fashion / Apparel,Designer & Ready-to-wear,Chennai,Anna Nagar,Tamil Nadu,600040,13.085,80.2101,5,4800.0,10:30-22:00,"POS,ONLINE,UPI,CARD",Refund abuse / credential stuffing,0.022,55,20059.02,INR,PURCHASE,ONLINE,MOBILE_APP,1,0,Bengaluru,13.0,0,0,1,DEV-SOWMIYA-ONEPLUS-11,mobile_android,0,BEN-CUST_SOWMIYA_003-TRUSTED,Trusted Household Vendor,10,0,4,18,0,0,0,None,Resolved Genuine,Standard Habitual Purchase,0
TXN-CUST_SOWMIYA_003-10807,2026-08-13 22:11:10,2026-08-13,22:11:10,22,3,0,0,CUST_SOWMIYA_003,55,Bengaluru,Karnataka,High Risk / 26% Fraud Rate,M009,RapidFuel Station,Fuel Station,"Petrol, Diesel & EV Fast Charge",Salem,Fairlands,Tamil Nadu,636016,11.6643,78.146,9,3100.0,24_HOURS,"POS,FLEET_CARD,UPI",Automated fleet card skimming,0.024,60,34629.53,INR,PURCHASE,POS,MOBILE_APP,1,0,Bengaluru,12.0,0,0,1,DEV-SOWMIYA-ONEPLUS-11,mobile_android,0,BEN-CUST_SOWMIYA_003-TRUSTED,Trusted Household Vendor,8,0,4,22,0,0,0,None,Resolved Genuine,Standard Habitual Purchase,0
TXN-CUST_SOWMIYA_003-10808,2026-08-13 23:36:34,2026-08-13,23:36:34,23,3,0,1,CUST_SOWMIYA_003,55,Bengaluru,Karnataka,High Risk / 26% Fraud Rate,M001,NovaMart Fresh,Grocery & Supermarket,Supermarket / Hypermarket,Chennai,T Nagar,Tamil Nadu,600017,13.0418,80.2341,8,1250.0,07:00-22:30,"POS,UPI,CARD,ONLINE",Card testing / micro-burst velocity,0.012,30,19506.2,INR,PURCHASE,POS,MOBILE_APP,1,0,Bengaluru,13.0,0,0,1,DEV-SOWMIYA-ONEPLUS-11,mobile_android,0,BEN-CUST_SOWMIYA_003-TRUSTED,Trusted Household Vendor,11,0,3,21,0,0,0,None,Resolved Genuine,Standard Habitual Purchase,0
TXN-CUST_SOWMIYA_003-10809,2026-08-14 01:03:07,2026-08-14,01:03:07,1,4,0,1,CUST_SOWMIYA_003,55,Bengaluru,Karnataka,High Risk / 26% Fraud Rate,M012,DashDine Delivery,Food Delivery,Quick Commerce & Meal Delivery,Chennai,Sholinganallur,Tamil Nadu,600119,12.901,80.2279,4,520.0,06:00-02:00,"UPI,CARD,ONLINE,WALLET",Promo code abuse / stolen wallet balances,0.014,35,19251.36,INR,PURCHASE,CARD,MOBILE_APP,0,0,Bengaluru,4.0,0,0,1,DEV-SOWMIYA-ONEPLUS-11,mobile_android,0,BEN-CUST_SOWMIYA_003-TRUSTED,Trusted Household Vendor,9,1,3,16,0,0,0,None,Resolved Genuine,Standard Habitual Purchase,0
TXN-CUST_SOWMIYA_003-10810,2026-08-14 02:30:50,2026-08-14,02:30:50,2,4,0,1,CUST_SOWMIYA_003,55,Bengaluru,Karnataka,High Risk / 26% Fraud Rate,M004,Aurelia Gold House,Jewellery,Gold & Diamond Jewellery,Coimbatore,RS Puram,Tamil Nadu,641002,11.0089,76.9514,14,78000.0,10:00-20:30,"POS,CARD,TRANSFER",Account takeover / card-not-present luxury surge,0.065,162,19870.47,INR,PURCHASE,CARD,MOBILE_APP,1,0,Bengaluru,10.0,0,0,1,DEV-SOWMIYA-ONEPLUS-11,mobile_android,0,BEN-CUST_SOWMIYA_003-TRUSTED,Trusted Household Vendor,14,0,1,6,0,0,0,None,Resolved Genuine,Standard Habitual Purchase,0
TXN-CUST_SOWMIYA_003-10811,2026-08-14 03:57:05,2026-08-14,03:57:05,3,4,0,1,CUST_SOWMIYA_003,55,Bengaluru,Karnataka,High Risk / 26% Fraud Rate,M015,HomeSphere Appliances,Home Appliances,"Refrigerators, ACs & Kitchen Tech",Coimbatore,Saibaba Colony,Tamil Nadu,641011,11.0315,76.945,9,27500.0,09:30-21:00,"POS,EMI,CARD,UPI",Carding attacks with immediate in-store pickup,0.038,95,18548.89,INR,PURCHASE,POS,MOBILE_APP,1,0,Bengaluru,13.0,0,0,1,DEV-SOWMIYA-ONEPLUS-11,mobile_android,0,BEN-CUST_SOWMIYA_003-TRUSTED,Trusted Household Vendor,8,0,1,12,0,0,0,None,Resolved Genuine,Standard Habitual Purchase,0
TXN-CUST_SOWMIYA_003-10812,2026-08-14 05:21:48,2026-08-14,05:21:48,5,4,0,1,CUST_SOWMIYA_003,55,Bengaluru,Karnataka,High Risk / 26% Fraud Rate,M026,GreenLeaf Wellness,Health & Wellness,Organic Nutrition & Ayurveda,Trichy,Srirangam,Tamil Nadu,620006,10.8624,78.6947,6,2100.0,08:00-21:00,"POS,UPI,ONLINE,CARD",Subscription card stuffing,0.013,32,9549.97,INR,P2P_TRANSFER,CARD,WEB_PORTAL,0,1,Dubai,1575.0,1,1,0,DEV-ROGUE-EMULATOR-421,unknown_bot,1,BEN-MULE-8404,QuickMule Transfer 90,0,6,25,105,4,2,0,Credential compromise,Pre-auth Block,Automated high-velocity attack from unknown device,1
TXN-CUST_SOWMIYA_003-10813,2026-08-14 06:46:25,2026-08-14,06:46:25,6,4,0,0,CUST_SOWMIYA_003,55,Bengaluru,Karnataka,High Risk / 26% Fraud Rate,M010,HarborView Residency,Hotel / Hospitality,Business & Luxury Hotel,Chennai,OMR,Tamil Nadu,600096,12.9165,80.2285,6,9500.0,24_HOURS,"ONLINE,POS,CARD,TRANSFER",Online travel booking fraud with stolen corporate credentials,0.041,102,43018.76,INR,PURCHASE,TRANSFER,MOBILE_APP,1,0,Bengaluru,8.0,0,0,1,DEV-SOWMIYA-ONEPLUS-11,mobile_android,0,BEN-CUST_SOWMIYA_003-TRUSTED,Trusted Household Vendor,7,0,4,24,0,0,0,None,Resolved Genuine,Standard Habitual Purchase,0
TXN-CUST_SOWMIYA_003-10814,2026-08-14 08:14:17,2026-08-14,08:14:17,8,4,0,0,CUST_SOWMIYA_003,55,Bengaluru,Karnataka,High Risk / 26% Fraud Rate,M008,BeanCircuit Cafe,Cafe,Specialty Coffee & Bakery,Bengaluru,Indiranagar,Karnataka,560038,12.9784,77.6408,3,650.0,07:30-23:00,"UPI,POS,CARD",QR code spoofing / fast velocity dining,0.009,22,18869.64,INR,PURCHASE,CARD,MOBILE_APP,1,0,Bengaluru,14.0,0,0,1,DEV-SOWMIYA-ONEPLUS-11,mobile_android,0,BEN-CUST_SOWMIYA_003-TRUSTED,Trusted Household Vendor,6,0,4,25,0,0,0,None,Resolved Genuine,Standard Habitual Purchase,0
TXN-CUST_SOWMIYA_003-10815,2026-08-14 09:39:16,2026-08-14,09:39:16,9,4,0,0,CUST_SOWMIYA_003,55,Bengaluru,Karnataka,High Risk / 26% Fraud Rate,M011,SkyTrail Travels,Travel Agency,Flight & International Tour Packages,Coimbatore,Gandhipuram,Tamil Nadu,641012,11.0183,76.9664,11,44000.0,09:00-20:00,"ONLINE,TRANSFER,CARD",Mule-account ticket arbitrage & fast cancellation fraud,0.052,130,193211.34,INR,P2P_TRANSFER,ONLINE,WEB_PORTAL,0,0,Unknown Proxy,3523.0,1,1,0,DEV-ROGUE-EMULATOR-825,unknown_bot,1,BEN-MULE-9015,QuickMule Transfer 65,0,5,13,61,2,1,1,Card testing,Pre-auth Block,Automated high-velocity attack from unknown device,1
TXN-CUST_SOWMIYA_003-10816,2026-08-14 11:07:30,2026-08-14,11:07:30,11,4,0,0,CUST_SOWMIYA_003,55,Bengaluru,Karnataka,High Risk / 26% Fraud Rate,M004,Aurelia Gold House,Jewellery,Gold & Diamond Jewellery,Coimbatore,RS Puram,Tamil Nadu,641002,11.0089,76.9514,14,78000.0,10:00-20:30,"POS,CARD,TRANSFER",Account takeover / card-not-present luxury surge,0.065,162,196712.66,INR,P2P_TRANSFER,POS,WEB_PORTAL,0,0,Unknown Proxy,3349.0,1,1,0,DEV-ROGUE-EMULATOR-406,unknown_bot,1,BEN-MULE-4216,QuickMule Transfer 40,0,11,27,116,6,4,1,Credential compromise,Pre-auth Block,Automated high-velocity attack from unknown device,1
TXN-CUST_SOWMIYA_003-10817,2026-08-14 12:31:25,2026-08-14,12:31:25,12,4,0,0,CUST_SOWMIYA_003,55,Bengaluru,Karnataka,High Risk / 26% Fraud Rate,M009,RapidFuel Station,Fuel Station,"Petrol, Diesel & EV Fast Charge",Salem,Fairlands,Tamil Nadu,636016,11.6643,78.146,9,3100.0,24_HOURS,"POS,FLEET_CARD,UPI",Automated fleet card skimming,0.024,60,14540.4,INR,P2P_TRANSFER,UPI,WEB_PORTAL,0,1,Singapore,3408.0,1,1,0,DEV-ROGUE-EMULATOR-557,unknown_bot,1,BEN-MULE-1375,QuickMule Transfer 54,0,11,28,116,6,2,0,Card testing,Pre-auth Block,Automated high-velocity attack from unknown device,1
TXN-CUST_SOWMIYA_003-10818,2026-08-14 13:57:17,2026-08-14,13:57:17,13,4,0,0,CUST_SOWMIYA_003,55,Bengaluru,Karnataka,High Risk / 26% Fraud Rate,M006,MedicoCare Pharmacy,Pharmacy,Medicines & Surgical Supplies,Madurai,KK Nagar,Tamil Nadu,625020,9.9252,78.1498,10,1450.0,24_HOURS,"POS,UPI,CARD,ONLINE",Nighttime micro card testing,0.015,37,3307.71,INR,P2P_TRANSFER,POS,WEB_PORTAL,0,0,Unknown Proxy,5053.0,1,1,0,DEV-ROGUE-EMULATOR-513,unknown_bot,1,BEN-MULE-9876,QuickMule Transfer 97,0,9,25,104,5,1,1,Mule-account behavior,Pre-auth Block,Automated high-velocity attack from unknown device,1
TXN-CUST_SOWMIYA_003-10819,2026-08-14 15:24:17,2026-08-14,15:24:17,15,4,0,0,CUST_SOWMIYA_003,55,Bengaluru,Karnataka,High Risk / 26% Fraud Rate,M008,BeanCircuit Cafe,Cafe,Specialty Coffee & Bakery,Bengaluru,Indiranagar,Karnataka,560038,12.9784,77.6408,3,650.0,07:30-23:00,"UPI,POS,CARD",QR code spoofing / fast velocity dining,0.009,22,41600.18,INR,PURCHASE,UPI,MOBILE_APP,1,0,Bengaluru,7.0,0,0,1,DEV-SOWMIYA-ONEPLUS-11,mobile_android,0,BEN-CUST_SOWMIYA_003-TRUSTED,Trusted Household Vendor,12,0,2,12,0,0,0,None,Resolved Genuine,Standard Habitual Purchase,0
TXN-CUST_SOWMIYA_003-10820,2026-08-14 16:48:48,2026-08-14,16:48:48,16,4,0,0,CUST_SOWMIYA_003,55,Bengaluru,Karnataka,High Risk / 26% Fraud Rate,M015,HomeSphere Appliances,Home Appliances,"Refrigerators, ACs & Kitchen Tech",Coimbatore,Saibaba Colony,Tamil Nadu,641011,11.0315,76.945,9,27500.0,09:30-21:00,"POS,EMI,CARD,UPI",Carding attacks with immediate in-store pickup,0.038,95,20071.53,INR,PURCHASE,POS,MOBILE_APP,1,0,Bengaluru,10.0,0,0,1,DEV-SOWMIYA-ONEPLUS-11,mobile_android,0,BEN-CUST_SOWMIYA_003-TRUSTED,Trusted Household Vendor,13,0,3,17,0,0,0,None,Resolved Genuine,Standard Habitual Purchase,0
TXN-CUST_SOWMIYA_003-10821,2026-08-14 18:17:39,2026-08-14,18:17:39,18,4,0,0,CUST_SOWMIYA_003,55,Bengaluru,Karnataka,High Risk / 26% Fraud Rate,M008,BeanCircuit Cafe,Cafe,Specialty Coffee & Bakery,Bengaluru,Indiranagar,Karnataka,560038,12.9784,77.6408,3,650.0,07:30-23:00,"UPI,POS,CARD",QR code spoofing / fast velocity dining,0.009,22,28439.45,INR,PURCHASE,CARD,MOBILE_APP,1,0,Bengaluru,15.0,0,0,1,DEV-SOWMIYA-ONEPLUS-11,mobile_android,0,BEN-CUST_SOWMIYA_003-TRUSTED,Trusted Household Vendor,8,0,1,14,0,0,0,None,Resolved Genuine,Standard Habitual Purchase,0
TXN-CUST_SOWMIYA_003-10822,2026-08-14 19:45:44,2026-08-14,19:45:44,19,4,0,0,CUST_SOWMIYA_003,55,Bengaluru,Karnataka,High Risk / 26% Fraud Rate,M001,NovaMart Fresh,Grocery & Supermarket,Supermarket / Hypermarket,Chennai,T Nagar,Tamil Nadu,600017,13.0418,80.2341,8,1250.0,07:00-22:30,"POS,UPI,CARD,ONLINE",Card testing / micro-burst velocity,0.012,30,28133.34,INR,PURCHASE,CARD,MOBILE_APP,1,0,Bengaluru,2.0,0,0,1,DEV-SOWMIYA-ONEPLUS-11,mobile_android,0,BEN-CUST_SOWMIYA_003-TRUSTED,Trusted Household Vendor,13,0,4,19,0,0,0,None,Resolved Genuine,Standard Habitual Purchase,0
TXN-CUST_SOWMIYA_003-10823,2026-08-14 21:14:27,2026-08-14,21:14:27,21,4,0,0,CUST_SOWMIYA_003,55,Bengaluru,Karnataka,High Risk / 26% Fraud Rate,M027,BrickHarbor Realty,Real Estate / Property Services,Rental Escrow & Facility Management,Chennai,Porur,Tamil Nadu,600116,13.035,80.16,11,65000.0,09:00-19:00,"TRANSFER,NETBANKING,CARD",Security deposit phishing / escrow hijacking,0.039,97,26014.2,INR,PURCHASE,TRANSFER,MOBILE_APP,0,0,Bengaluru,1.0,0,0,1,DEV-SOWMIYA-ONEPLUS-11,mobile_android,0,BEN-CUST_SOWMIYA_003-TRUSTED,Trusted Household Vendor,11,0,4,26,0,0,0,None,Resolved Genuine,Standard Habitual Purchase,0
TXN-CUST_SOWMIYA_003-10824,2026-08-14 22:41:56,2026-08-14,22:41:56,22,4,0,0,CUST_SOWMIYA_003,55,Bengaluru,Karnataka,High Risk / 26% Fraud Rate,M010,HarborView Residency,Hotel / Hospitality,Business & Luxury Hotel,Chennai,OMR,Tamil Nadu,600096,12.9165,80.2285,6,9500.0,24_HOURS,"ONLINE,POS,CARD,TRANSFER",Online travel booking fraud with stolen corporate credentials,0.041,102,26494.77,INR,PURCHASE,ONLINE,MOBILE_APP,1,0,Bengaluru,12.0,0,0,1,DEV-SOWMIYA-ONEPLUS-11,mobile_android,0,BEN-CUST_SOWMIYA_003-TRUSTED,Trusted Household Vendor,15,0,2,13,0,0,0,None,Resolved Genuine,Standard Habitual Purchase,0
TXN-CUST_SOWMIYA_003-10825,2026-08-15 00:06:51,2026-08-15,00:06:51,0,5,1,1,CUST_SOWMIYA_003,55,Bengaluru,Karnataka,High Risk / 26% Fraud Rate,M027,BrickHarbor Realty,Real Estate / Property Services,Rental Escrow & Facility Management,Chennai,Porur,Tamil Nadu,600116,13.035,80.16,11,65000.0,09:00-19:00,"TRANSFER,NETBANKING,CARD",Security deposit phishing / escrow hijacking,0.039,97,37691.94,INR,PURCHASE,NETBANKING,MOBILE_APP,0,0,Bengaluru,8.0,0,0,1,DEV-SOWMIYA-ONEPLUS-11,mobile_android,0,BEN-CUST_SOWMIYA_003-TRUSTED,Trusted Household Vendor,13,0,3,14,0,0,0,None,Resolved Genuine,Standard Habitual Purchase,0
TXN-CUST_SOWMIYA_003-10826,2026-08-15 01:35:28,2026-08-15,01:35:28,1,5,1,1,CUST_SOWMIYA_003,55,Bengaluru,Karnataka,High Risk / 26% Fraud Rate,M029,CloudDesk Digital,Software / Digital Services,Cloud Infrastructure & SaaS Tools,Bengaluru,Whitefield,Karnataka,560066,12.9698,77.7499,7,19800.0,24_HOURS,"ONLINE,CARD,TRANSFER",Cryptomining VM rental with stolen credit cards,0.058,145,20371.35,INR,PURCHASE,ONLINE,MOBILE_APP,0,0,Bengaluru,3.0,0,0,1,DEV-SOWMIYA-ONEPLUS-11,mobile_android,0,BEN-CUST_SOWMIYA_003-TRUSTED,Trusted Household Vendor,12,0,1,9,0,0,0,None,Resolved Genuine,Standard Habitual Purchase,0
TXN-CUST_SOWMIYA_003-10827,2026-08-15 02:59:34,2026-08-15,02:59:34,2,5,1,1,CUST_SOWMIYA_003,55,Bengaluru,Karnataka,High Risk / 26% Fraud Rate,M015,HomeSphere Appliances,Home Appliances,"Refrigerators, ACs & Kitchen Tech",Coimbatore,Saibaba Colony,Tamil Nadu,641011,11.0315,76.945,9,27500.0,09:30-21:00,"POS,EMI,CARD,UPI",Carding attacks with immediate in-store pickup,0.038,95,30349.57,INR,PURCHASE,CARD,MOBILE_APP,1,0,Bengaluru,14.0,0,0,1,DEV-SOWMIYA-ONEPLUS-11,mobile_android,0,BEN-CUST_SOWMIYA_003-TRUSTED,Trusted Household Vendor,15,0,4,21,0,0,0,None,Resolved Genuine,Standard Habitual Purchase,0
TXN-CUST_SOWMIYA_003-10828,2026-08-15 04:27:24,2026-08-15,04:27:24,4,5,1,1,CUST_SOWMIYA_003,55,Bengaluru,Karnataka,High Risk / 26% Fraud Rate,M003,Pulse Mobile Hub,Mobile Store,Smartphones & Accessories,Chennai,Tambaram,Tamil Nadu,600045,12.9249,80.1278,4,18500.0,09:30-21:30,"POS,UPI,CARD",New device abuse / rapid checkout surge,0.035,87,26038.37,INR,PURCHASE,UPI,MOBILE_APP,1,0,Bengaluru,12.0,0,0,1,DEV-SOWMIYA-ONEPLUS-11,mobile_android,0,BEN-CUST_SOWMIYA_003-TRUSTED,Trusted Household Vendor,7,0,3,14,0,0,0,None,Resolved Genuine,Standard Habitual Purchase,0
TXN-CUST_SOWMIYA_003-10829,2026-08-15 05:54:07,2026-08-15,05:54:07,5,5,1,1,CUST_SOWMIYA_003,55,Bengaluru,Karnataka,High Risk / 26% Fraud Rate,M022,SkillSpring Academy,Education / Training,Professional Certifications & Tech Bootcamps,Chennai,Mylapore,Tamil Nadu,600004,13.0368,80.2676,8,22000.0,08:30-19:30,"ONLINE,NETBANKING,CARD,UPI",Stolen corporate card enrollments,0.028,70,30980.73,INR,PURCHASE,NETBANKING,MOBILE_APP,0,0,Bengaluru,6.0,0,0,1,DEV-SOWMIYA-ONEPLUS-11,mobile_android,0,BEN-CUST_SOWMIYA_003-TRUSTED,Trusted Household Vendor,3,0,2,12,0,0,0,None,Resolved Genuine,Standard Habitual Purchase,0
TXN-CUST_SOWMIYA_003-10830,2026-08-15 07:23:21,2026-08-15,07:23:21,7,5,1,0,CUST_SOWMIYA_003,55,Bengaluru,Karnataka,High Risk / 26% Fraud Rate,M002,CircuitBay Electronics,Consumer Electronics,Laptops & Gadgets,Chennai,Velachery,Tamil Nadu,600042,12.9759,80.2212,6,32000.0,10:00-21:30,"POS,ONLINE,EMI,UPI",Stolen payment details / high-ticket electronics delivery,0.048,120,27171.93,INR,PURCHASE,EMI,MOBILE_APP,1,0,Bengaluru,15.0,0,0,1,DEV-SOWMIYA-ONEPLUS-11,mobile_android,0,BEN-CUST_SOWMIYA_003-TRUSTED,Trusted Household Vendor,14,0,1,8,0,0,0,None,Resolved Genuine,Standard Habitual Purchase,0
TXN-CUST_SOWMIYA_003-10831,2026-08-15 08:49:17,2026-08-15,08:49:17,8,5,1,0,CUST_SOWMIYA_003,55,Bengaluru,Karnataka,High Risk / 26% Fraud Rate,M020,GameGrid Arena,Gaming,"Esports, Consoles & Virtual Credits",Bengaluru,Koramangala,Karnataka,560095,12.9352,77.6245,4,3400.0,10:00-01:00,"ONLINE,UPI,CARD,WALLET",Virtual item laundering & bot-driven micro transactions,0.055,137,38118.34,INR,PURCHASE,ONLINE,MOBILE_APP,0,0,Bengaluru,2.0,0,0,1,DEV-SOWMIYA-ONEPLUS-11,mobile_android,0,BEN-CUST_SOWMIYA_003-TRUSTED,Trusted Household Vendor,6,0,2,12,0,0,0,None,Resolved Genuine,Standard Habitual Purchase,0
TXN-CUST_SOWMIYA_003-10832,2026-08-15 10:16:19,2026-08-15,10:16:19,10,5,1,0,CUST_SOWMIYA_003,55,Bengaluru,Karnataka,High Risk / 26% Fraud Rate,M020,GameGrid Arena,Gaming,"Esports, Consoles & Virtual Credits",Bengaluru,Koramangala,Karnataka,560095,12.9352,77.6245,4,3400.0,10:00-01:00,"ONLINE,UPI,CARD,WALLET",Virtual item laundering & bot-driven micro transactions,0.055,137,11108.05,INR,P2P_TRANSFER,ONLINE,WEB_PORTAL,0,1,Dubai,2552.0,1,1,0,DEV-ROGUE-EMULATOR-324,unknown_bot,1,BEN-MULE-1052,QuickMule Transfer 41,0,7,23,101,5,3,1,Mule-account behavior,Pre-auth Block,Automated high-velocity attack from unknown device,1
TXN-CUST_SOWMIYA_003-10833,2026-08-15 11:43:18,2026-08-15,11:43:18,11,5,1,0,CUST_SOWMIYA_003,55,Bengaluru,Karnataka,High Risk / 26% Fraud Rate,M019,ArenaSport World,Sports Retail,Fitness Equipment & Sports Wear,Chennai,Nungambakkam,Tamil Nadu,600034,13.0604,80.2405,6,5600.0,10:00-21:30,"POS,ONLINE,UPI,CARD",Stolen card chargeback on premium sports gear,0.026,65,15413.01,INR,PURCHASE,ONLINE,MOBILE_APP,1,0,Bengaluru,6.0,0,0,1,DEV-SOWMIYA-ONEPLUS-11,mobile_android,0,BEN-CUST_SOWMIYA_003-TRUSTED,Trusted Household Vendor,15,0,1,13,0,0,0,None,Resolved Genuine,Standard Habitual Purchase,0
TXN-CUST_SOWMIYA_003-10834,2026-08-15 13:07:58,2026-08-15,13:07:58,13,5,1,0,CUST_SOWMIYA_003,55,Bengaluru,Karnataka,High Risk / 26% Fraud Rate,M006,MedicoCare Pharmacy,Pharmacy,Medicines & Surgical Supplies,Madurai,KK Nagar,Tamil Nadu,625020,9.9252,78.1498,10,1450.0,24_HOURS,"POS,UPI,CARD,ONLINE",Nighttime micro card testing,0.015,37,3666.95,INR,P2P_TRANSFER,UPI,WEB_PORTAL,0,0,Unknown Proxy,4126.0,1,1,0,DEV-ROGUE-EMULATOR-987,unknown_bot,1,BEN-MULE-5787,QuickMule Transfer 26,0,7,14,59,6,3,1,Account takeover,Pre-auth Block,Automated high-velocity attack from unknown device,1
TXN-CUST_SOWMIYA_003-10835,2026-08-15 14:35:21,2026-08-15,14:35:21,14,5,1,0,CUST_SOWMIYA_003,55,Bengaluru,Karnataka,High Risk / 26% Fraud Rate,M018,PageTurn Book House,Bookstore,"Academic, Fiction & Stationery",Trichy,Thillai Nagar,Tamil Nadu,620018,10.8282,78.6854,16,850.0,09:00-21:30,"POS,UPI,CARD,ONLINE",Low-value card testing bots,0.008,20,3535.48,INR,P2P_TRANSFER,UPI,WEB_PORTAL,0,1,Moscow,5436.0,1,1,0,DEV-ROGUE-EMULATOR-876,unknown_bot,1,BEN-MULE-1533,QuickMule Transfer 82,0,6,13,54,4,1,0,Card testing,Pre-auth Block,Automated high-velocity attack from unknown device,1
TXN-CUST_SOWMIYA_003-10836,2026-08-15 16:04:12,2026-08-15,16:04:12,16,5,1,0,CUST_SOWMIYA_003,55,Bengaluru,Karnataka,High Risk / 26% Fraud Rate,M012,DashDine Delivery,Food Delivery,Quick Commerce & Meal Delivery,Chennai,Sholinganallur,Tamil Nadu,600119,12.901,80.2279,4,520.0,06:00-02:00,"UPI,CARD,ONLINE,WALLET",Promo code abuse / stolen wallet balances,0.014,35,21568.4,INR,PURCHASE,ONLINE,MOBILE_APP,0,0,Bengaluru,5.0,0,0,1,DEV-SOWMIYA-ONEPLUS-11,mobile_android,0,BEN-CUST_SOWMIYA_003-TRUSTED,Trusted Household Vendor,11,0,2,17,0,0,0,None,Resolved Genuine,Standard Habitual Purchase,0
TXN-CUST_SOWMIYA_003-10837,2026-08-15 17:32:08,2026-08-15,17:32:08,17,5,1,0,CUST_SOWMIYA_003,55,Bengaluru,Karnataka,High Risk / 26% Fraud Rate,M016,MotoCare Garage,Auto Service,Car Service & Detailing Hub,Chennai,Pallikaranai,Tamil Nadu,600100,12.9372,80.2014,7,8900.0,08:30-20:30,"POS,UPI,CARD",Over-invoicing / synthetic card payments,0.021,52,31920.1,INR,PURCHASE,CARD,MOBILE_APP,1,0,Bengaluru,15.0,0,0,1,DEV-SOWMIYA-ONEPLUS-11,mobile_android,0,BEN-CUST_SOWMIYA_003-TRUSTED,Trusted Household Vendor,7,0,2,15,0,0,0,None,Resolved Genuine,Standard Habitual Purchase,0
TXN-CUST_SOWMIYA_003-10838,2026-08-15 18:59:22,2026-08-15,18:59:22,18,5,1,0,CUST_SOWMIYA_003,55,Bengaluru,Karnataka,High Risk / 26% Fraud Rate,M011,SkyTrail Travels,Travel Agency,Flight & International Tour Packages,Coimbatore,Gandhipuram,Tamil Nadu,641012,11.0183,76.9664,11,44000.0,09:00-20:00,"ONLINE,TRANSFER,CARD",Mule-account ticket arbitrage & fast cancellation fraud,0.052,130,19495.21,INR,PURCHASE,ONLINE,MOBILE_APP,0,0,Bengaluru,14.0,0,0,1,DEV-SOWMIYA-ONEPLUS-11,mobile_android,0,BEN-CUST_SOWMIYA_003-TRUSTED,Trusted Household Vendor,11,1,1,13,0,0,0,None,Resolved Genuine,Standard Habitual Purchase,0
TXN-CUST_SOWMIYA_003-10839,2026-08-15 20:23:39,2026-08-15,20:23:39,20,5,1,0,CUST_SOWMIYA_003,55,Bengaluru,Karnataka,High Risk / 26% Fraud Rate,M022,SkillSpring Academy,Education / Training,Professional Certifications & Tech Bootcamps,Chennai,Mylapore,Tamil Nadu,600004,13.0368,80.2676,8,22000.0,08:30-19:30,"ONLINE,NETBANKING,CARD,UPI",Stolen corporate card enrollments,0.028,70,17822.55,INR,PURCHASE,NETBANKING,MOBILE_APP,0,0,Bengaluru,9.0,0,0,1,DEV-SOWMIYA-ONEPLUS-11,mobile_android,0,BEN-CUST_SOWMIYA_003-TRUSTED,Trusted Household Vendor,7,0,4,23,0,0,0,None,Resolved Genuine,Standard Habitual Purchase,0
TXN-CUST_SOWMIYA_003-10840,2026-08-15 21:52:15,2026-08-15,21:52:15,21,5,1,0,CUST_SOWMIYA_003,55,Bengaluru,Karnataka,High Risk / 26% Fraud Rate,M004,Aurelia Gold House,Jewellery,Gold & Diamond Jewellery,Coimbatore,RS Puram,Tamil Nadu,641002,11.0089,76.9514,14,78000.0,10:00-20:30,"POS,CARD,TRANSFER",Account takeover / card-not-present luxury surge,0.065,162,28651.96,INR,PURCHASE,CARD,MOBILE_APP,1,0,Bengaluru,3.0,0,0,1,DEV-SOWMIYA-ONEPLUS-11,mobile_android,0,BEN-CUST_SOWMIYA_003-TRUSTED,Trusted Household Vendor,13,0,3,20,0,0,0,None,Resolved Genuine,Standard Habitual Purchase,0
TXN-CUST_SOWMIYA_003-10841,2026-08-15 23:20:18,2026-08-15,23:20:18,23,5,1,1,CUST_SOWMIYA_003,55,Bengaluru,Karnataka,High Risk / 26% Fraud Rate,M026,GreenLeaf Wellness,Health & Wellness,Organic Nutrition & Ayurveda,Trichy,Srirangam,Tamil Nadu,620006,10.8624,78.6947,6,2100.0,08:00-21:00,"POS,UPI,ONLINE,CARD",Subscription card stuffing,0.013,32,29387.44,INR,PURCHASE,POS,MOBILE_APP,1,0,Bengaluru,12.0,0,0,1,DEV-SOWMIYA-ONEPLUS-11,mobile_android,0,BEN-CUST_SOWMIYA_003-TRUSTED,Trusted Household Vendor,12,1,3,17,0,0,0,None,Resolved Genuine,Standard Habitual Purchase,0
TXN-CUST_SOWMIYA_003-10842,2026-08-16 00:44:01,2026-08-16,00:44:01,0,6,1,1,CUST_SOWMIYA_003,55,Bengaluru,Karnataka,High Risk / 26% Fraud Rate,M017,AutoForge Parts,Spare Parts,OEM Industrial & Auto Components,Hosur,Mookandapalli,Tamil Nadu,635126,12.7409,77.8253,15,16500.0,09:00-19:30,"TRANSFER,POS,CARD",Business email compromise / fake beneficiary update,0.033,82,62873.66,INR,P2P_TRANSFER,CARD,WEB_PORTAL,0,0,Unknown Proxy,3889.0,1,1,0,DEV-ROGUE-EMULATOR-845,unknown_bot,1,BEN-MULE-6547,QuickMule Transfer 11,0,8,20,86,6,4,1,Account takeover,Pre-auth Block,Automated high-velocity attack from unknown device,1
TXN-CUST_SOWMIYA_003-10843,2026-08-16 02:10:29,2026-08-16,02:10:29,2,6,1,1,CUST_SOWMIYA_003,55,Bengaluru,Karnataka,High Risk / 26% Fraud Rate,M010,HarborView Residency,Hotel / Hospitality,Business & Luxury Hotel,Chennai,OMR,Tamil Nadu,600096,12.9165,80.2285,6,9500.0,24_HOURS,"ONLINE,POS,CARD,TRANSFER",Online travel booking fraud with stolen corporate credentials,0.041,102,31413.96,INR,PURCHASE,ONLINE,MOBILE_APP,1,0,Bengaluru,2.0,0,0,1,DEV-SOWMIYA-ONEPLUS-11,mobile_android,0,BEN-CUST_SOWMIYA_003-TRUSTED,Trusted Household Vendor,14,0,3,22,0,0,0,None,Resolved Genuine,Standard Habitual Purchase,0
TXN-CUST_SOWMIYA_003-10844,2026-08-16 03:37:19,2026-08-16,03:37:19,3,6,1,1,CUST_SOWMIYA_003,55,Bengaluru,Karnataka,High Risk / 26% Fraud Rate,M021,GlowCraft Salon,Salon / Beauty,Spa & Grooming Studio,Chennai,Porur,Tamil Nadu,600116,13.0382,80.1565,5,2800.0,09:00-21:00,"POS,UPI,CARD",Unusual late-night transaction spikes,0.011,27,20131.52,INR,PURCHASE,UPI,MOBILE_APP,1,0,Bengaluru,7.0,0,0,1,DEV-SOWMIYA-ONEPLUS-11,mobile_android,0,BEN-CUST_SOWMIYA_003-TRUSTED,Trusted Household Vendor,6,0,1,6,0,0,0,None,Resolved Genuine,Standard Habitual Purchase,0
TXN-CUST_SOWMIYA_003-10845,2026-08-16 05:03:23,2026-08-16,05:03:23,5,6,1,1,CUST_SOWMIYA_003,55,Bengaluru,Karnataka,High Risk / 26% Fraud Rate,M028,CraftCove Home Decor,Home Decor,Handicrafts & Art Pieces,Thanjavur,Medical College Road,Tamil Nadu,613004,10.7684,79.1245,8,7400.0,09:30-20:30,"POS,UPI,CARD,ONLINE",Cross-border tourist chargebacks,0.023,57,25523.69,INR,PURCHASE,UPI,MOBILE_APP,1,0,Bengaluru,15.0,0,0,1,DEV-SOWMIYA-ONEPLUS-11,mobile_android,0,BEN-CUST_SOWMIYA_003-TRUSTED,Trusted Household Vendor,12,0,3,19,0,0,0,None,Resolved Genuine,Standard Habitual Purchase,0
TXN-CUST_SOWMIYA_003-10846,2026-08-16 06:31:57,2026-08-16,06:31:57,6,6,1,0,CUST_SOWMIYA_003,55,Bengaluru,Karnataka,High Risk / 26% Fraud Rate,M017,AutoForge Parts,Spare Parts,OEM Industrial & Auto Components,Hosur,Mookandapalli,Tamil Nadu,635126,12.7409,77.8253,15,16500.0,09:00-19:30,"TRANSFER,POS,CARD",Business email compromise / fake beneficiary update,0.033,82,75976.69,INR,P2P_TRANSFER,POS,WEB_PORTAL,0,1,Lagos,2449.0,1,1,0,DEV-ROGUE-EMULATOR-619,unknown_bot,1,BEN-MULE-8405,QuickMule Transfer 90,0,11,26,113,4,3,1,Account takeover,Pre-auth Block,Automated high-velocity attack from unknown device,1
TXN-CUST_SOWMIYA_003-10847,2026-08-16 07:56:59,2026-08-16,07:56:59,7,6,1,0,CUST_SOWMIYA_003,55,Bengaluru,Karnataka,High Risk / 26% Fraud Rate,M019,ArenaSport World,Sports Retail,Fitness Equipment & Sports Wear,Chennai,Nungambakkam,Tamil Nadu,600034,13.0604,80.2405,6,5600.0,10:00-21:30,"POS,ONLINE,UPI,CARD",Stolen card chargeback on premium sports gear,0.026,65,41286.69,INR,PURCHASE,ONLINE,MOBILE_APP,1,0,Bengaluru,6.0,0,0,1,DEV-SOWMIYA-ONEPLUS-11,mobile_android,0,BEN-CUST_SOWMIYA_003-TRUSTED,Trusted Household Vendor,5,0,1,14,0,0,0,None,Resolved Genuine,Standard Habitual Purchase,0
TXN-CUST_SOWMIYA_003-10848,2026-08-16 09:23:04,2026-08-16,09:23:04,9,6,1,0,CUST_SOWMIYA_003,55,Bengaluru,Karnataka,High Risk / 26% Fraud Rate,M028,CraftCove Home Decor,Home Decor,Handicrafts & Art Pieces,Thanjavur,Medical College Road,Tamil Nadu,613004,10.7684,79.1245,8,7400.0,09:30-20:30,"POS,UPI,CARD,ONLINE",Cross-border tourist chargebacks,0.023,57,21265.27,INR,PURCHASE,ONLINE,MOBILE_APP,1,0,Bengaluru,10.0,0,0,1,DEV-SOWMIYA-ONEPLUS-11,mobile_android,0,BEN-CUST_SOWMIYA_003-TRUSTED,Trusted Household Vendor,10,0,2,10,0,0,0,None,Resolved Genuine,Standard Habitual Purchase,0
TXN-CUST_SOWMIYA_003-10849,2026-08-16 10:46:34,2026-08-16,10:46:34,10,6,1,0,CUST_SOWMIYA_003,55,Bengaluru,Karnataka,High Risk / 26% Fraud Rate,M002,CircuitBay Electronics,Consumer Electronics,Laptops & Gadgets,Chennai,Velachery,Tamil Nadu,600042,12.9759,80.2212,6,32000.0,10:00-21:30,"POS,ONLINE,EMI,UPI",Stolen payment details / high-ticket electronics delivery,0.048,120,148725.26,INR,P2P_TRANSFER,UPI,WEB_PORTAL,0,0,Unknown Proxy,3528.0,1,1,0,DEV-ROGUE-EMULATOR-472,unknown_bot,1,BEN-MULE-5344,QuickMule Transfer 23,0,12,21,92,6,4,1,Credential compromise,Pre-auth Block,Automated high-velocity attack from unknown device,1
TXN-CUST_SOWMIYA_003-10850,2026-08-16 12:10:46,2026-08-16,12:10:46,12,6,1,0,CUST_SOWMIYA_003,55,Bengaluru,Karnataka,High Risk / 26% Fraud Rate,M022,SkillSpring Academy,Education / Training,Professional Certifications & Tech Bootcamps,Chennai,Mylapore,Tamil Nadu,600004,13.0368,80.2676,8,22000.0,08:30-19:30,"ONLINE,NETBANKING,CARD,UPI",Stolen corporate card enrollments,0.028,70,30676.48,INR,PURCHASE,NETBANKING,MOBILE_APP,0,0,Bengaluru,13.0,0,0,1,DEV-SOWMIYA-ONEPLUS-11,mobile_android,0,BEN-CUST_SOWMIYA_003-TRUSTED,Trusted Household Vendor,4,0,4,23,0,0,0,None,Resolved Genuine,Standard Habitual Purchase,0
TXN-CUST_SOWMIYA_003-10851,2026-08-16 13:36:21,2026-08-16,13:36:21,13,6,1,0,CUST_SOWMIYA_003,55,Bengaluru,Karnataka,High Risk / 26% Fraud Rate,M008,BeanCircuit Cafe,Cafe,Specialty Coffee & Bakery,Bengaluru,Indiranagar,Karnataka,560038,12.9784,77.6408,3,650.0,07:30-23:00,"UPI,POS,CARD",QR code spoofing / fast velocity dining,0.009,22,23147.91,INR,PURCHASE,POS,MOBILE_APP,1,0,Bengaluru,1.0,0,0,1,DEV-SOWMIYA-ONEPLUS-11,mobile_android,0,BEN-CUST_SOWMIYA_003-TRUSTED,Trusted Household Vendor,9,0,4,22,0,0,0,None,Resolved Genuine,Standard Habitual Purchase,0
TXN-CUST_SOWMIYA_003-10852,2026-08-16 15:03:29,2026-08-16,15:03:29,15,6,1,0,CUST_SOWMIYA_003,55,Bengaluru,Karnataka,High Risk / 26% Fraud Rate,M026,GreenLeaf Wellness,Health & Wellness,Organic Nutrition & Ayurveda,Trichy,Srirangam,Tamil Nadu,620006,10.8624,78.6947,6,2100.0,08:00-21:00,"POS,UPI,ONLINE,CARD",Subscription card stuffing,0.013,32,12112.1,INR,PURCHASE,UPI,MOBILE_APP,1,0,Bengaluru,5.0,0,0,1,DEV-SOWMIYA-ONEPLUS-11,mobile_android,0,BEN-CUST_SOWMIYA_003-TRUSTED,Trusted Household Vendor,15,1,2,17,0,0,0,None,Resolved Genuine,Standard Habitual Purchase,0
TXN-CUST_SOWMIYA_003-10853,2026-08-16 16:27:47,2026-08-16,16:27:47,16,6,1,0,CUST_SOWMIYA_003,55,Bengaluru,Karnataka,High Risk / 26% Fraud Rate,M016,MotoCare Garage,Auto Service,Car Service & Detailing Hub,Chennai,Pallikaranai,Tamil Nadu,600100,12.9372,80.2014,7,8900.0,08:30-20:30,"POS,UPI,CARD",Over-invoicing / synthetic card payments,0.021,52,24987.69,INR,PURCHASE,POS,MOBILE_APP,1,0,Bengaluru,4.0,0,0,1,DEV-SOWMIYA-ONEPLUS-11,mobile_android,0,BEN-CUST_SOWMIYA_003-TRUSTED,Trusted Household Vendor,8,0,3,17,0,0,0,None,Resolved Genuine,Standard Habitual Purchase,0
TXN-CUST_SOWMIYA_003-10854,2026-08-16 17:52:50,2026-08-16,17:52:50,17,6,1,0,CUST_SOWMIYA_003,55,Bengaluru,Karnataka,High Risk / 26% Fraud Rate,M016,MotoCare Garage,Auto Service,Car Service & Detailing Hub,Chennai,Pallikaranai,Tamil Nadu,600100,12.9372,80.2014,7,8900.0,08:30-20:30,"POS,UPI,CARD",Over-invoicing / synthetic card payments,0.021,52,42398.95,INR,PURCHASE,UPI,MOBILE_APP,1,0,Bengaluru,11.0,0,0,1,DEV-SOWMIYA-ONEPLUS-11,mobile_android,0,BEN-CUST_SOWMIYA_003-TRUSTED,Trusted Household Vendor,8,0,1,11,0,0,0,None,Resolved Genuine,Standard Habitual Purchase,0
TXN-CUST_SOWMIYA_003-10855,2026-08-16 19:18:15,2026-08-16,19:18:15,19,6,1,0,CUST_SOWMIYA_003,55,Bengaluru,Karnataka,High Risk / 26% Fraud Rate,M008,BeanCircuit Cafe,Cafe,Specialty Coffee & Bakery,Bengaluru,Indiranagar,Karnataka,560038,12.9784,77.6408,3,650.0,07:30-23:00,"UPI,POS,CARD",QR code spoofing / fast velocity dining,0.009,22,38428.46,INR,PURCHASE,POS,MOBILE_APP,1,0,Bengaluru,6.0,0,0,1,DEV-SOWMIYA-ONEPLUS-11,mobile_android,0,BEN-CUST_SOWMIYA_003-TRUSTED,Trusted Household Vendor,8,0,3,16,0,0,0,None,Resolved Genuine,Standard Habitual Purchase,0
TXN-CUST_SOWMIYA_003-10856,2026-08-16 20:47:24,2026-08-16,20:47:24,20,6,1,0,CUST_SOWMIYA_003,55,Bengaluru,Karnataka,High Risk / 26% Fraud Rate,M014,OakLine Furnishings,Furniture,Teak Wood & Modern Home Decor,Madurai,Bypass Road,Tamil Nadu,625016,9.932,78.109,12,38000.0,10:00-21:00,"POS,CARD,TRANSFER,EMI",Invoice redirection fraud / fake payment slips,0.029,72,45329.91,INR,PURCHASE,EMI,MOBILE_APP,1,0,Bengaluru,11.0,0,0,1,DEV-SOWMIYA-ONEPLUS-11,mobile_android,0,BEN-CUST_SOWMIYA_003-TRUSTED,Trusted Household Vendor,15,0,3,20,0,0,0,None,Resolved Genuine,Standard Habitual Purchase,0
TXN-CUST_SOWMIYA_003-10857,2026-08-16 22:13:17,2026-08-16,22:13:17,22,6,1,0,CUST_SOWMIYA_003,55,Bengaluru,Karnataka,High Risk / 26% Fraud Rate,M002,CircuitBay Electronics,Consumer Electronics,Laptops & Gadgets,Chennai,Velachery,Tamil Nadu,600042,12.9759,80.2212,6,32000.0,10:00-21:30,"POS,ONLINE,EMI,UPI",Stolen payment details / high-ticket electronics delivery,0.048,120,138373.03,INR,P2P_TRANSFER,POS,WEB_PORTAL,0,0,Unknown Proxy,1950.0,1,1,0,DEV-ROGUE-EMULATOR-408,unknown_bot,1,BEN-MULE-2301,QuickMule Transfer 70,0,4,28,119,5,1,1,Credential compromise,Pre-auth Block,Automated high-velocity attack from unknown device,1
TXN-CUST_SOWMIYA_003-10858,2026-08-16 23:42:09,2026-08-16,23:42:09,23,6,1,1,CUST_SOWMIYA_003,55,Bengaluru,Karnataka,High Risk / 26% Fraud Rate,M022,SkillSpring Academy,Education / Training,Professional Certifications & Tech Bootcamps,Chennai,Mylapore,Tamil Nadu,600004,13.0368,80.2676,8,22000.0,08:30-19:30,"ONLINE,NETBANKING,CARD,UPI",Stolen corporate card enrollments,0.028,70,27526.98,INR,PURCHASE,UPI,MOBILE_APP,0,0,Bengaluru,6.0,0,0,1,DEV-SOWMIYA-ONEPLUS-11,mobile_android,0,BEN-CUST_SOWMIYA_003-TRUSTED,Trusted Household Vendor,13,0,1,9,0,0,0,None,Resolved Genuine,Standard Habitual Purchase,0
TXN-CUST_SOWMIYA_003-10859,2026-08-17 01:06:54,2026-08-17,01:06:54,1,0,0,1,CUST_SOWMIYA_003,55,Bengaluru,Karnataka,High Risk / 26% Fraud Rate,M018,PageTurn Book House,Bookstore,"Academic, Fiction & Stationery",Trichy,Thillai Nagar,Tamil Nadu,620018,10.8282,78.6854,16,850.0,09:00-21:30,"POS,UPI,CARD,ONLINE",Low-value card testing bots,0.008,20,24523.07,INR,PURCHASE,ONLINE,MOBILE_APP,1,0,Bengaluru,1.0,0,0,1,DEV-SOWMIYA-ONEPLUS-11,mobile_android,0,BEN-CUST_SOWMIYA_003-TRUSTED,Trusted Household Vendor,4,0,2,10,0,0,0,None,Resolved Genuine,Standard Habitual Purchase,0
TXN-CUST_SOWMIYA_003-10860,2026-08-17 02:33:26,2026-08-17,02:33:26,2,0,0,1,CUST_SOWMIYA_003,55,Bengaluru,Karnataka,High Risk / 26% Fraud Rate,M029,CloudDesk Digital,Software / Digital Services,Cloud Infrastructure & SaaS Tools,Bengaluru,Whitefield,Karnataka,560066,12.9698,77.7499,7,19800.0,24_HOURS,"ONLINE,CARD,TRANSFER",Cryptomining VM rental with stolen credit cards,0.058,145,29103.74,INR,PURCHASE,ONLINE,MOBILE_APP,0,0,Bengaluru,9.0,0,0,1,DEV-SOWMIYA-ONEPLUS-11,mobile_android,0,BEN-CUST_SOWMIYA_003-TRUSTED,Trusted Household Vendor,4,0,1,11,0,0,0,None,Resolved Genuine,Standard Habitual Purchase,0
TXN-CUST_SOWMIYA_003-10861,2026-08-17 03:59:04,2026-08-17,03:59:04,3,0,0,1,CUST_SOWMIYA_003,55,Bengaluru,Karnataka,High Risk / 26% Fraud Rate,M025,ShieldSure Services,Insurance Services,General & Health Insurance Premium,Chennai,Egmore,Tamil Nadu,600008,13.0784,80.2607,13,14000.0,09:30-18:00,"ONLINE,NETBANKING,CARD",Premium diversion / fake policy payment slips,0.019,47,30273.88,INR,PURCHASE,ONLINE,MOBILE_APP,0,0,Bengaluru,10.0,0,0,1,DEV-SOWMIYA-ONEPLUS-11,mobile_android,0,BEN-CUST_SOWMIYA_003-TRUSTED,Trusted Household Vendor,8,1,1,8,0,0,0,None,Resolved Genuine,Standard Habitual Purchase,0
TXN-CUST_SOWMIYA_003-10862,2026-08-17 05:22:44,2026-08-17,05:22:44,5,0,0,1,CUST_SOWMIYA_003,55,Bengaluru,Karnataka,High Risk / 26% Fraud Rate,M013,CartNest Online,E-commerce,Multi-category Marketplace,Chennai,Guindy,Tamil Nadu,600032,13.0067,80.2026,5,6200.0,24_HOURS,"ONLINE,UPI,CARD,NETBANKING",Account takeover + triangulation shipping fraud,0.045,112,14481.74,INR,P2P_TRANSFER,ONLINE,WEB_PORTAL,0,1,Lagos,3144.0,1,1,0,DEV-ROGUE-EMULATOR-725,unknown_bot,1,BEN-MULE-1697,QuickMule Transfer 33,0,7,30,125,5,2,1,Credential compromise,Pre-auth Block,Automated high-velocity attack from unknown device,1
TXN-CUST_SOWMIYA_003-10863,2026-08-17 06:49:23,2026-08-17,06:49:23,6,0,0,0,CUST_SOWMIYA_003,55,Bengaluru,Karnataka,High Risk / 26% Fraud Rate,M021,GlowCraft Salon,Salon / Beauty,Spa & Grooming Studio,Chennai,Porur,Tamil Nadu,600116,13.0382,80.1565,5,2800.0,09:00-21:00,"POS,UPI,CARD",Unusual late-night transaction spikes,0.011,27,26706.08,INR,PURCHASE,CARD,MOBILE_APP,1,0,Bengaluru,3.0,0,0,1,DEV-SOWMIYA-ONEPLUS-11,mobile_android,0,BEN-CUST_SOWMIYA_003-TRUSTED,Trusted Household Vendor,11,0,1,9,0,0,0,None,Resolved Genuine,Standard Habitual Purchase,0
TXN-CUST_SOWMIYA_003-10864,2026-08-17 08:15:57,2026-08-17,08:15:57,8,0,0,0,CUST_SOWMIYA_003,55,Bengaluru,Karnataka,High Risk / 26% Fraud Rate,M010,HarborView Residency,Hotel / Hospitality,Business & Luxury Hotel,Chennai,OMR,Tamil Nadu,600096,12.9165,80.2285,6,9500.0,24_HOURS,"ONLINE,POS,CARD,TRANSFER",Online travel booking fraud with stolen corporate credentials,0.041,102,43978.63,INR,PURCHASE,TRANSFER,MOBILE_APP,1,0,Bengaluru,8.0,0,0,1,DEV-SOWMIYA-ONEPLUS-11,mobile_android,0,BEN-CUST_SOWMIYA_003-TRUSTED,Trusted Household Vendor,15,0,4,24,0,0,0,None,Resolved Genuine,Standard Habitual Purchase,0
TXN-CUST_SOWMIYA_003-10865,2026-08-17 09:41:47,2026-08-17,09:41:47,9,0,0,0,CUST_SOWMIYA_003,55,Bengaluru,Karnataka,High Risk / 26% Fraud Rate,M024,LinkWave Telecom,Telecom Retail,Fiber Broadband & Postpaid Plans,Erode,Perundurai Road,Tamil Nadu,638011,11.341,77.7172,10,1950.0,09:30-20:30,"UPI,CARD,ONLINE,POS",SIM swap bill recharge surges,0.017,42,41563.38,INR,PURCHASE,UPI,MOBILE_APP,1,0,Bengaluru,15.0,0,0,1,DEV-SOWMIYA-ONEPLUS-11,mobile_android,0,BEN-CUST_SOWMIYA_003-TRUSTED,Trusted Household Vendor,14,0,2,18,0,0,0,None,Resolved Genuine,Standard Habitual Purchase,0
TXN-CUST_SOWMIYA_003-10866,2026-08-17 11:06:35,2026-08-17,11:06:35,11,0,0,0,CUST_SOWMIYA_003,55,Bengaluru,Karnataka,High Risk / 26% Fraud Rate,M017,AutoForge Parts,Spare Parts,OEM Industrial & Auto Components,Hosur,Mookandapalli,Tamil Nadu,635126,12.7409,77.8253,15,16500.0,09:00-19:30,"TRANSFER,POS,CARD",Business email compromise / fake beneficiary update,0.033,82,35318.09,INR,PURCHASE,POS,MOBILE_APP,1,0,Bengaluru,3.0,0,0,1,DEV-SOWMIYA-ONEPLUS-11,mobile_android,0,BEN-CUST_SOWMIYA_003-TRUSTED,Trusted Household Vendor,9,0,4,25,0,0,0,None,Resolved Genuine,Standard Habitual Purchase,0
TXN-CUST_SOWMIYA_003-10867,2026-08-17 12:31:39,2026-08-17,12:31:39,12,0,0,0,CUST_SOWMIYA_003,55,Bengaluru,Karnataka,High Risk / 26% Fraud Rate,M024,LinkWave Telecom,Telecom Retail,Fiber Broadband & Postpaid Plans,Erode,Perundurai Road,Tamil Nadu,638011,11.341,77.7172,10,1950.0,09:30-20:30,"UPI,CARD,ONLINE,POS",SIM swap bill recharge surges,0.017,42,39313.08,INR,PURCHASE,POS,MOBILE_APP,1,0,Bengaluru,5.0,0,0,1,DEV-SOWMIYA-ONEPLUS-11,mobile_android,0,BEN-CUST_SOWMIYA_003-TRUSTED,Trusted Household Vendor,7,0,1,14,0,0,0,None,Resolved Genuine,Standard Habitual Purchase,0
TXN-CUST_SOWMIYA_003-10868,2026-08-17 13:56:13,2026-08-17,13:56:13,13,0,0,0,CUST_SOWMIYA_003,55,Bengaluru,Karnataka,High Risk / 26% Fraud Rate,M022,SkillSpring Academy,Education / Training,Professional Certifications & Tech Bootcamps,Chennai,Mylapore,Tamil Nadu,600004,13.0368,80.2676,8,22000.0,08:30-19:30,"ONLINE,NETBANKING,CARD,UPI",Stolen corporate card enrollments,0.028,70,37562.45,INR,PURCHASE,NETBANKING,MOBILE_APP,0,0,Bengaluru,13.0,0,0,1,DEV-SOWMIYA-ONEPLUS-11,mobile_android,0,BEN-CUST_SOWMIYA_003-TRUSTED,Trusted Household Vendor,9,0,4,25,0,0,0,None,Resolved Genuine,Standard Habitual Purchase,0
TXN-CUST_SOWMIYA_003-10869,2026-08-17 15:23:10,2026-08-17,15:23:10,15,0,0,0,CUST_SOWMIYA_003,55,Bengaluru,Karnataka,High Risk / 26% Fraud Rate,M021,GlowCraft Salon,Salon / Beauty,Spa & Grooming Studio,Chennai,Porur,Tamil Nadu,600116,13.0382,80.1565,5,2800.0,09:00-21:00,"POS,UPI,CARD",Unusual late-night transaction spikes,0.011,27,22592.35,INR,PURCHASE,UPI,MOBILE_APP,1,0,Bengaluru,2.0,0,0,1,DEV-SOWMIYA-ONEPLUS-11,mobile_android,0,BEN-CUST_SOWMIYA_003-TRUSTED,Trusted Household Vendor,10,0,4,22,0,0,0,None,Resolved Genuine,Standard Habitual Purchase,0
TXN-CUST_SOWMIYA_003-10870,2026-08-17 16:50:14,2026-08-17,16:50:14,16,0,0,0,CUST_SOWMIYA_003,55,Bengaluru,Karnataka,High Risk / 26% Fraud Rate,M006,MedicoCare Pharmacy,Pharmacy,Medicines & Surgical Supplies,Madurai,KK Nagar,Tamil Nadu,625020,9.9252,78.1498,10,1450.0,24_HOURS,"POS,UPI,CARD,ONLINE",Nighttime micro card testing,0.015,37,22039.62,INR,PURCHASE,CARD,MOBILE_APP,1,0,Bengaluru,9.0,0,0,1,DEV-SOWMIYA-ONEPLUS-11,mobile_android,0,BEN-CUST_SOWMIYA_003-TRUSTED,Trusted Household Vendor,7,0,1,12,0,0,0,None,Resolved Genuine,Standard Habitual Purchase,0
TXN-CUST_SOWMIYA_003-10871,2026-08-17 18:18:31,2026-08-17,18:18:31,18,0,0,0,CUST_SOWMIYA_003,55,Bengaluru,Karnataka,High Risk / 26% Fraud Rate,M007,SpiceRoute Kitchen,Restaurant,Fine Dining & Chettinad,Chennai,Adyar,Tamil Nadu,600020,13.0012,80.2565,7,2200.0,11:30-23:30,"POS,UPI,CARD",Cloned card POS terminal replay,0.018,45,45010.33,INR,PURCHASE,POS,MOBILE_APP,1,0,Bengaluru,10.0,0,0,1,DEV-SOWMIYA-ONEPLUS-11,mobile_android,0,BEN-CUST_SOWMIYA_003-TRUSTED,Trusted Household Vendor,6,0,3,19,0,0,0,None,Resolved Genuine,Standard Habitual Purchase,0
TXN-CUST_SOWMIYA_003-10872,2026-08-17 19:43:54,2026-08-17,19:43:54,19,0,0,0,CUST_SOWMIYA_003,55,Bengaluru,Karnataka,High Risk / 26% Fraud Rate,M014,OakLine Furnishings,Furniture,Teak Wood & Modern Home Decor,Madurai,Bypass Road,Tamil Nadu,625016,9.932,78.109,12,38000.0,10:00-21:00,"POS,CARD,TRANSFER,EMI",Invoice redirection fraud / fake payment slips,0.029,72,25195.44,INR,PURCHASE,CARD,MOBILE_APP,1,0,Bengaluru,11.0,0,0,1,DEV-SOWMIYA-ONEPLUS-11,mobile_android,0,BEN-CUST_SOWMIYA_003-TRUSTED,Trusted Household Vendor,3,1,3,20,0,0,0,None,Resolved Genuine,Standard Habitual Purchase,0
TXN-CUST_SOWMIYA_003-10873,2026-08-17 21:12:03,2026-08-17,21:12:03,21,0,0,0,CUST_SOWMIYA_003,55,Bengaluru,Karnataka,High Risk / 26% Fraud Rate,M019,ArenaSport World,Sports Retail,Fitness Equipment & Sports Wear,Chennai,Nungambakkam,Tamil Nadu,600034,13.0604,80.2405,6,5600.0,10:00-21:30,"POS,ONLINE,UPI,CARD",Stolen card chargeback on premium sports gear,0.026,65,25599.24,INR,P2P_TRANSFER,ONLINE,WEB_PORTAL,0,1,Moscow,3397.0,1,1,0,DEV-ROGUE-EMULATOR-678,unknown_bot,1,BEN-MULE-2994,QuickMule Transfer 94,0,10,24,100,5,1,0,Account takeover,Pre-auth Block,Automated high-velocity attack from unknown device,1
TXN-CUST_SOWMIYA_003-10874,2026-08-17 22:38:55,2026-08-17,22:38:55,22,0,0,0,CUST_SOWMIYA_003,55,Bengaluru,Karnataka,High Risk / 26% Fraud Rate,M026,GreenLeaf Wellness,Health & Wellness,Organic Nutrition & Ayurveda,Trichy,Srirangam,Tamil Nadu,620006,10.8624,78.6947,6,2100.0,08:00-21:00,"POS,UPI,ONLINE,CARD",Subscription card stuffing,0.013,32,16389.58,INR,PURCHASE,CARD,MOBILE_APP,1,0,Bengaluru,11.0,0,0,1,DEV-SOWMIYA-ONEPLUS-11,mobile_android,0,BEN-CUST_SOWMIYA_003-TRUSTED,Trusted Household Vendor,7,0,2,18,0,0,0,None,Resolved Genuine,Standard Habitual Purchase,0
TXN-CUST_SOWMIYA_003-10875,2026-08-18 00:05:16,2026-08-18,00:05:16,0,1,0,1,CUST_SOWMIYA_003,55,Bengaluru,Karnataka,High Risk / 26% Fraud Rate,M006,MedicoCare Pharmacy,Pharmacy,Medicines & Surgical Supplies,Madurai,KK Nagar,Tamil Nadu,625020,9.9252,78.1498,10,1450.0,24_HOURS,"POS,UPI,CARD,ONLINE",Nighttime micro card testing,0.015,37,42293.4,INR,PURCHASE,CARD,MOBILE_APP,1,0,Bengaluru,4.0,0,0,1,DEV-SOWMIYA-ONEPLUS-11,mobile_android,0,BEN-CUST_SOWMIYA_003-TRUSTED,Trusted Household Vendor,10,0,2,10,0,0,0,None,Resolved Genuine,Standard Habitual Purchase,0
TXN-CUST_SOWMIYA_003-10876,2026-08-18 01:34:33,2026-08-18,01:34:33,1,1,0,1,CUST_SOWMIYA_003,55,Bengaluru,Karnataka,High Risk / 26% Fraud Rate,M022,SkillSpring Academy,Education / Training,Professional Certifications & Tech Bootcamps,Chennai,Mylapore,Tamil Nadu,600004,13.0368,80.2676,8,22000.0,08:30-19:30,"ONLINE,NETBANKING,CARD,UPI",Stolen corporate card enrollments,0.028,70,60951.16,INR,P2P_TRANSFER,CARD,WEB_PORTAL,0,1,Moscow,3664.0,1,1,0,DEV-ROGUE-EMULATOR-523,unknown_bot,1,BEN-MULE-5349,QuickMule Transfer 52,0,12,22,96,5,2,1,Account takeover,Pre-auth Block,Automated high-velocity attack from unknown device,1
TXN-CUST_SOWMIYA_003-10877,2026-08-18 03:02:04,2026-08-18,03:02:04,3,1,0,1,CUST_SOWMIYA_003,55,Bengaluru,Karnataka,High Risk / 26% Fraud Rate,M029,CloudDesk Digital,Software / Digital Services,Cloud Infrastructure & SaaS Tools,Bengaluru,Whitefield,Karnataka,560066,12.9698,77.7499,7,19800.0,24_HOURS,"ONLINE,CARD,TRANSFER",Cryptomining VM rental with stolen credit cards,0.058,145,81025.22,INR,P2P_TRANSFER,ONLINE,WEB_PORTAL,0,1,Moscow,4246.0,1,1,0,DEV-ROGUE-EMULATOR-560,unknown_bot,1,BEN-MULE-6776,QuickMule Transfer 53,0,11,28,116,5,1,1,Credential compromise,Pre-auth Block,Automated high-velocity attack from unknown device,1
TXN-CUST_SOWMIYA_003-10878,2026-08-18 04:30:58,2026-08-18,04:30:58,4,1,0,1,CUST_SOWMIYA_003,55,Bengaluru,Karnataka,High Risk / 26% Fraud Rate,M021,GlowCraft Salon,Salon / Beauty,Spa & Grooming Studio,Chennai,Porur,Tamil Nadu,600116,13.0382,80.1565,5,2800.0,09:00-21:00,"POS,UPI,CARD",Unusual late-night transaction spikes,0.011,27,37002.49,INR,PURCHASE,UPI,MOBILE_APP,1,0,Bengaluru,11.0,0,0,1,DEV-SOWMIYA-ONEPLUS-11,mobile_android,0,BEN-CUST_SOWMIYA_003-TRUSTED,Trusted Household Vendor,12,0,3,17,0,0,0,None,Resolved Genuine,Standard Habitual Purchase,0
TXN-CUST_SOWMIYA_003-10879,2026-08-18 06:00:10,2026-08-18,06:00:10,6,1,0,0,CUST_SOWMIYA_003,55,Bengaluru,Karnataka,High Risk / 26% Fraud Rate,M008,BeanCircuit Cafe,Cafe,Specialty Coffee & Bakery,Bengaluru,Indiranagar,Karnataka,560038,12.9784,77.6408,3,650.0,07:30-23:00,"UPI,POS,CARD",QR code spoofing / fast velocity dining,0.009,22,17063.82,INR,PURCHASE,POS,MOBILE_APP,1,0,Bengaluru,1.0,0,0,1,DEV-SOWMIYA-ONEPLUS-11,mobile_android,0,BEN-CUST_SOWMIYA_003-TRUSTED,Trusted Household Vendor,7,0,1,11,0,0,0,None,Resolved Genuine,Standard Habitual Purchase,0
TXN-CUST_SOWMIYA_003-10880,2026-08-18 07:24:44,2026-08-18,07:24:44,7,1,0,0,CUST_SOWMIYA_003,55,Bengaluru,Karnataka,High Risk / 26% Fraud Rate,M009,RapidFuel Station,Fuel Station,"Petrol, Diesel & EV Fast Charge",Salem,Fairlands,Tamil Nadu,636016,11.6643,78.146,9,3100.0,24_HOURS,"POS,FLEET_CARD,UPI",Automated fleet card skimming,0.024,60,38747.56,INR,PURCHASE,POS,MOBILE_APP,1,0,Bengaluru,3.0,0,0,1,DEV-SOWMIYA-ONEPLUS-11,mobile_android,0,BEN-CUST_SOWMIYA_003-TRUSTED,Trusted Household Vendor,5,1,3,22,0,0,0,None,Resolved Genuine,Standard Habitual Purchase,0
TXN-CUST_SOWMIYA_003-10881,2026-08-18 08:50:43,2026-08-18,08:50:43,8,1,0,0,CUST_SOWMIYA_003,55,Bengaluru,Karnataka,High Risk / 26% Fraud Rate,M009,RapidFuel Station,Fuel Station,"Petrol, Diesel & EV Fast Charge",Salem,Fairlands,Tamil Nadu,636016,11.6643,78.146,9,3100.0,24_HOURS,"POS,FLEET_CARD,UPI",Automated fleet card skimming,0.024,60,26992.23,INR,PURCHASE,POS,MOBILE_APP,1,0,Bengaluru,2.0,0,0,1,DEV-SOWMIYA-ONEPLUS-11,mobile_android,0,BEN-CUST_SOWMIYA_003-TRUSTED,Trusted Household Vendor,3,0,2,15,0,0,0,None,Resolved Genuine,Standard Habitual Purchase,0
TXN-CUST_SOWMIYA_003-10882,2026-08-18 10:14:37,2026-08-18,10:14:37,10,1,0,0,CUST_SOWMIYA_003,55,Bengaluru,Karnataka,High Risk / 26% Fraud Rate,M019,ArenaSport World,Sports Retail,Fitness Equipment & Sports Wear,Chennai,Nungambakkam,Tamil Nadu,600034,13.0604,80.2405,6,5600.0,10:00-21:30,"POS,ONLINE,UPI,CARD",Stolen card chargeback on premium sports gear,0.026,65,21283.46,INR,P2P_TRANSFER,UPI,WEB_PORTAL,0,1,Singapore,1377.0,1,1,0,DEV-ROGUE-EMULATOR-640,unknown_bot,1,BEN-MULE-6187,QuickMule Transfer 80,0,9,25,102,4,1,1,Account takeover,Pre-auth Block,Automated high-velocity attack from unknown device,1
TXN-CUST_SOWMIYA_003-10883,2026-08-18 11:41:17,2026-08-18,11:41:17,11,1,0,0,CUST_SOWMIYA_003,55,Bengaluru,Karnataka,High Risk / 26% Fraud Rate,M021,GlowCraft Salon,Salon / Beauty,Spa & Grooming Studio,Chennai,Porur,Tamil Nadu,600116,13.0382,80.1565,5,2800.0,09:00-21:00,"POS,UPI,CARD",Unusual late-night transaction spikes,0.011,27,13912.9,INR,P2P_TRANSFER,CARD,WEB_PORTAL,0,1,Lagos,5301.0,1,1,0,DEV-ROGUE-EMULATOR-290,unknown_bot,1,BEN-MULE-9027,QuickMule Transfer 95,0,11,25,102,5,2,1,Credential compromise,Pre-auth Block,Automated high-velocity attack from unknown device,1
TXN-CUST_SOWMIYA_003-10884,2026-08-18 13:09:21,2026-08-18,13:09:21,13,1,0,0,CUST_SOWMIYA_003,55,Bengaluru,Karnataka,High Risk / 26% Fraud Rate,M005,UrbanThread Studio,Fashion / Apparel,Designer & Ready-to-wear,Chennai,Anna Nagar,Tamil Nadu,600040,13.085,80.2101,5,4800.0,10:30-22:00,"POS,ONLINE,UPI,CARD",Refund abuse / credential stuffing,0.022,55,18486.49,INR,PURCHASE,POS,MOBILE_APP,1,0,Bengaluru,9.0,0,0,1,DEV-SOWMIYA-ONEPLUS-11,mobile_android,0,BEN-CUST_SOWMIYA_003-TRUSTED,Trusted Household Vendor,3,1,4,25,0,0,0,None,Resolved Genuine,Standard Habitual Purchase,0
TXN-CUST_SOWMIYA_003-10885,2026-08-18 14:33:01,2026-08-18,14:33:01,14,1,0,0,CUST_SOWMIYA_003,55,Bengaluru,Karnataka,High Risk / 26% Fraud Rate,M012,DashDine Delivery,Food Delivery,Quick Commerce & Meal Delivery,Chennai,Sholinganallur,Tamil Nadu,600119,12.901,80.2279,4,520.0,06:00-02:00,"UPI,CARD,ONLINE,WALLET",Promo code abuse / stolen wallet balances,0.014,35,16567.66,INR,PURCHASE,WALLET,MOBILE_APP,0,0,Bengaluru,10.0,0,0,1,DEV-SOWMIYA-ONEPLUS-11,mobile_android,0,BEN-CUST_SOWMIYA_003-TRUSTED,Trusted Household Vendor,8,1,3,18,0,0,0,None,Resolved Genuine,Standard Habitual Purchase,0
TXN-CUST_SOWMIYA_003-10886,2026-08-18 15:59:54,2026-08-18,15:59:54,15,1,0,0,CUST_SOWMIYA_003,55,Bengaluru,Karnataka,High Risk / 26% Fraud Rate,M025,ShieldSure Services,Insurance Services,General & Health Insurance Premium,Chennai,Egmore,Tamil Nadu,600008,13.0784,80.2607,13,14000.0,09:30-18:00,"ONLINE,NETBANKING,CARD",Premium diversion / fake policy payment slips,0.019,47,25299.88,INR,PURCHASE,NETBANKING,MOBILE_APP,0,0,Bengaluru,10.0,0,0,1,DEV-SOWMIYA-ONEPLUS-11,mobile_android,0,BEN-CUST_SOWMIYA_003-TRUSTED,Trusted Household Vendor,5,0,3,14,0,0,0,None,Resolved Genuine,Standard Habitual Purchase,0
TXN-CUST_SOWMIYA_003-10887,2026-08-18 17:27:31,2026-08-18,17:27:31,17,1,0,0,CUST_SOWMIYA_003,55,Bengaluru,Karnataka,High Risk / 26% Fraud Rate,M012,DashDine Delivery,Food Delivery,Quick Commerce & Meal Delivery,Chennai,Sholinganallur,Tamil Nadu,600119,12.901,80.2279,4,520.0,06:00-02:00,"UPI,CARD,ONLINE,WALLET",Promo code abuse / stolen wallet balances,0.014,35,32481.61,INR,PURCHASE,ONLINE,MOBILE_APP,0,0,Bengaluru,7.0,0,0,1,DEV-SOWMIYA-ONEPLUS-11,mobile_android,0,BEN-CUST_SOWMIYA_003-TRUSTED,Trusted Household Vendor,15,1,1,9,0,0,0,None,Resolved Genuine,Standard Habitual Purchase,0
TXN-CUST_SOWMIYA_003-10888,2026-08-18 18:52:49,2026-08-18,18:52:49,18,1,0,0,CUST_SOWMIYA_003,55,Bengaluru,Karnataka,High Risk / 26% Fraud Rate,M017,AutoForge Parts,Spare Parts,OEM Industrial & Auto Components,Hosur,Mookandapalli,Tamil Nadu,635126,12.7409,77.8253,15,16500.0,09:00-19:30,"TRANSFER,POS,CARD",Business email compromise / fake beneficiary update,0.033,82,39499.78,INR,PURCHASE,POS,MOBILE_APP,1,0,Bengaluru,1.0,0,0,1,DEV-SOWMIYA-ONEPLUS-11,mobile_android,0,BEN-CUST_SOWMIYA_003-TRUSTED,Trusted Household Vendor,13,0,1,13,0,0,0,None,Resolved Genuine,Standard Habitual Purchase,0
TXN-CUST_SOWMIYA_003-10889,2026-08-18 20:20:36,2026-08-18,20:20:36,20,1,0,0,CUST_SOWMIYA_003,55,Bengaluru,Karnataka,High Risk / 26% Fraud Rate,M024,LinkWave Telecom,Telecom Retail,Fiber Broadband & Postpaid Plans,Erode,Perundurai Road,Tamil Nadu,638011,11.341,77.7172,10,1950.0,09:30-20:30,"UPI,CARD,ONLINE,POS",SIM swap bill recharge surges,0.017,42,36008.42,INR,PURCHASE,UPI,MOBILE_APP,1,0,Bengaluru,2.0,0,0,1,DEV-SOWMIYA-ONEPLUS-11,mobile_android,0,BEN-CUST_SOWMIYA_003-TRUSTED,Trusted Household Vendor,4,0,4,20,0,0,0,None,Resolved Genuine,Standard Habitual Purchase,0
TXN-CUST_SOWMIYA_003-10890,2026-08-18 21:49:23,2026-08-18,21:49:23,21,1,0,0,CUST_SOWMIYA_003,55,Bengaluru,Karnataka,High Risk / 26% Fraud Rate,M005,UrbanThread Studio,Fashion / Apparel,Designer & Ready-to-wear,Chennai,Anna Nagar,Tamil Nadu,600040,13.085,80.2101,5,4800.0,10:30-22:00,"POS,ONLINE,UPI,CARD",Refund abuse / credential stuffing,0.022,55,15118.74,INR,PURCHASE,ONLINE,MOBILE_APP,1,0,Bengaluru,9.0,0,0,1,DEV-SOWMIYA-ONEPLUS-11,mobile_android,0,BEN-CUST_SOWMIYA_003-TRUSTED,Trusted Household Vendor,8,0,3,21,0,0,0,None,Resolved Genuine,Standard Habitual Purchase,0
TXN-CUST_SOWMIYA_003-10891,2026-08-18 23:13:27,2026-08-18,23:13:27,23,1,0,1,CUST_SOWMIYA_003,55,Bengaluru,Karnataka,High Risk / 26% Fraud Rate,M015,HomeSphere Appliances,Home Appliances,"Refrigerators, ACs & Kitchen Tech",Coimbatore,Saibaba Colony,Tamil Nadu,641011,11.0315,76.945,9,27500.0,09:30-21:00,"POS,EMI,CARD,UPI",Carding attacks with immediate in-store pickup,0.038,95,19580.87,INR,PURCHASE,POS,MOBILE_APP,1,0,Bengaluru,14.0,0,0,1,DEV-SOWMIYA-ONEPLUS-11,mobile_android,0,BEN-CUST_SOWMIYA_003-TRUSTED,Trusted Household Vendor,6,1,3,16,0,0,0,None,Resolved Genuine,Standard Habitual Purchase,0
TXN-CUST_SOWMIYA_003-10892,2026-08-19 00:39:31,2026-08-19,00:39:31,0,2,0,1,CUST_SOWMIYA_003,55,Bengaluru,Karnataka,High Risk / 26% Fraud Rate,M008,BeanCircuit Cafe,Cafe,Specialty Coffee & Bakery,Bengaluru,Indiranagar,Karnataka,560038,12.9784,77.6408,3,650.0,07:30-23:00,"UPI,POS,CARD",QR code spoofing / fast velocity dining,0.009,22,1756.9,INR,P2P_TRANSFER,POS,WEB_PORTAL,0,1,Moscow,4078.0,1,1,0,DEV-ROGUE-EMULATOR-535,unknown_bot,1,BEN-MULE-2416,QuickMule Transfer 62,0,10,13,59,3,2,1,Account takeover,Pre-auth Block,Automated high-velocity attack from unknown device,1
TXN-CUST_SOWMIYA_003-10893,2026-08-19 02:05:58,2026-08-19,02:05:58,2,2,0,1,CUST_SOWMIYA_003,55,Bengaluru,Karnataka,High Risk / 26% Fraud Rate,M014,OakLine Furnishings,Furniture,Teak Wood & Modern Home Decor,Madurai,Bypass Road,Tamil Nadu,625016,9.932,78.109,12,38000.0,10:00-21:00,"POS,CARD,TRANSFER,EMI",Invoice redirection fraud / fake payment slips,0.029,72,37488.95,INR,PURCHASE,CARD,MOBILE_APP,1,0,Bengaluru,5.0,0,0,1,DEV-SOWMIYA-ONEPLUS-11,mobile_android,0,BEN-CUST_SOWMIYA_003-TRUSTED,Trusted Household Vendor,8,0,3,20,0,0,0,None,Resolved Genuine,Standard Habitual Purchase,0
TXN-CUST_SOWMIYA_003-10894,2026-08-19 03:32:07,2026-08-19,03:32:07,3,2,0,1,CUST_SOWMIYA_003,55,Bengaluru,Karnataka,High Risk / 26% Fraud Rate,M005,UrbanThread Studio,Fashion / Apparel,Designer & Ready-to-wear,Chennai,Anna Nagar,Tamil Nadu,600040,13.085,80.2101,5,4800.0,10:30-22:00,"POS,ONLINE,UPI,CARD",Refund abuse / credential stuffing,0.022,55,41983.26,INR,PURCHASE,POS,MOBILE_APP,1,0,Bengaluru,11.0,0,0,1,DEV-SOWMIYA-ONEPLUS-11,mobile_android,0,BEN-CUST_SOWMIYA_003-TRUSTED,Trusted Household Vendor,14,0,4,20,0,0,0,None,Resolved Genuine,Standard Habitual Purchase,0
TXN-CUST_SOWMIYA_003-10895,2026-08-19 04:58:14,2026-08-19,04:58:14,4,2,0,1,CUST_SOWMIYA_003,55,Bengaluru,Karnataka,High Risk / 26% Fraud Rate,M011,SkyTrail Travels,Travel Agency,Flight & International Tour Packages,Coimbatore,Gandhipuram,Tamil Nadu,641012,11.0183,76.9664,11,44000.0,09:00-20:00,"ONLINE,TRANSFER,CARD",Mule-account ticket arbitrage & fast cancellation fraud,0.052,130,15255.52,INR,PURCHASE,CARD,MOBILE_APP,0,0,Bengaluru,1.0,0,0,1,DEV-SOWMIYA-ONEPLUS-11,mobile_android,0,BEN-CUST_SOWMIYA_003-TRUSTED,Trusted Household Vendor,14,0,3,20,0,0,0,None,Resolved Genuine,Standard Habitual Purchase,0
TXN-CUST_SOWMIYA_003-10896,2026-08-19 06:24:56,2026-08-19,06:24:56,6,2,0,0,CUST_SOWMIYA_003,55,Bengaluru,Karnataka,High Risk / 26% Fraud Rate,M002,CircuitBay Electronics,Consumer Electronics,Laptops & Gadgets,Chennai,Velachery,Tamil Nadu,600042,12.9759,80.2212,6,32000.0,10:00-21:30,"POS,ONLINE,EMI,UPI",Stolen payment details / high-ticket electronics delivery,0.048,120,122282.64,INR,P2P_TRANSFER,ONLINE,WEB_PORTAL,0,1,Moscow,1822.0,1,1,0,DEV-ROGUE-EMULATOR-426,unknown_bot,1,BEN-MULE-8432,QuickMule Transfer 98,0,5,17,72,2,1,0,Mule-account behavior,Pre-auth Block,Automated high-velocity attack from unknown device,1
TXN-CUST_SOWMIYA_003-10897,2026-08-19 07:54:10,2026-08-19,07:54:10,7,2,0,0,CUST_SOWMIYA_003,55,Bengaluru,Karnataka,High Risk / 26% Fraud Rate,M012,DashDine Delivery,Food Delivery,Quick Commerce & Meal Delivery,Chennai,Sholinganallur,Tamil Nadu,600119,12.901,80.2279,4,520.0,06:00-02:00,"UPI,CARD,ONLINE,WALLET",Promo code abuse / stolen wallet balances,0.014,35,38740.78,INR,PURCHASE,CARD,MOBILE_APP,0,0,Bengaluru,4.0,0,0,1,DEV-SOWMIYA-ONEPLUS-11,mobile_android,0,BEN-CUST_SOWMIYA_003-TRUSTED,Trusted Household Vendor,15,0,2,10,0,0,0,None,Resolved Genuine,Standard Habitual Purchase,0
TXN-CUST_SOWMIYA_003-10898,2026-08-19 09:21:21,2026-08-19,09:21:21,9,2,0,0,CUST_SOWMIYA_003,55,Bengaluru,Karnataka,High Risk / 26% Fraud Rate,M012,DashDine Delivery,Food Delivery,Quick Commerce & Meal Delivery,Chennai,Sholinganallur,Tamil Nadu,600119,12.901,80.2279,4,520.0,06:00-02:00,"UPI,CARD,ONLINE,WALLET",Promo code abuse / stolen wallet balances,0.014,35,20724.4,INR,PURCHASE,WALLET,MOBILE_APP,0,0,Bengaluru,5.0,0,0,1,DEV-SOWMIYA-ONEPLUS-11,mobile_android,0,BEN-CUST_SOWMIYA_003-TRUSTED,Trusted Household Vendor,4,0,3,19,0,0,0,None,Resolved Genuine,Standard Habitual Purchase,0
TXN-CUST_SOWMIYA_003-10899,2026-08-19 10:47:35,2026-08-19,10:47:35,10,2,0,0,CUST_SOWMIYA_003,55,Bengaluru,Karnataka,High Risk / 26% Fraud Rate,M002,CircuitBay Electronics,Consumer Electronics,Laptops & Gadgets,Chennai,Velachery,Tamil Nadu,600042,12.9759,80.2212,6,32000.0,10:00-21:30,"POS,ONLINE,EMI,UPI",Stolen payment details / high-ticket electronics delivery,0.048,120,42056.35,INR,PURCHASE,ONLINE,MOBILE_APP,1,0,Bengaluru,10.0,0,0,1,DEV-SOWMIYA-ONEPLUS-11,mobile_android,0,BEN-CUST_SOWMIYA_003-TRUSTED,Trusted Household Vendor,4,0,2,10,0,0,0,None,Resolved Genuine,Standard Habitual Purchase,0
TXN-CUST_SOWMIYA_003-10900,2026-08-19 12:11:52,2026-08-19,12:11:52,12,2,0,0,CUST_SOWMIYA_003,55,Bengaluru,Karnataka,High Risk / 26% Fraud Rate,M006,MedicoCare Pharmacy,Pharmacy,Medicines & Surgical Supplies,Madurai,KK Nagar,Tamil Nadu,625020,9.9252,78.1498,10,1450.0,24_HOURS,"POS,UPI,CARD,ONLINE",Nighttime micro card testing,0.015,37,24941.31,INR,PURCHASE,CARD,MOBILE_APP,1,0,Bengaluru,5.0,0,0,1,DEV-SOWMIYA-ONEPLUS-11,mobile_android,0,BEN-CUST_SOWMIYA_003-TRUSTED,Trusted Household Vendor,13,0,3,15,0,0,0,None,Resolved Genuine,Standard Habitual Purchase,0
TXN-CUST_SOWMIYA_003-10901,2026-08-19 13:38:43,2026-08-19,13:38:43,13,2,0,0,CUST_SOWMIYA_003,55,Bengaluru,Karnataka,High Risk / 26% Fraud Rate,M005,UrbanThread Studio,Fashion / Apparel,Designer & Ready-to-wear,Chennai,Anna Nagar,Tamil Nadu,600040,13.085,80.2101,5,4800.0,10:30-22:00,"POS,ONLINE,UPI,CARD",Refund abuse / credential stuffing,0.022,55,36049.45,INR,PURCHASE,UPI,MOBILE_APP,1,0,Bengaluru,5.0,0,0,1,DEV-SOWMIYA-ONEPLUS-11,mobile_android,0,BEN-CUST_SOWMIYA_003-TRUSTED,Trusted Household Vendor,8,1,1,14,0,0,0,None,Resolved Genuine,Standard Habitual Purchase,0
TXN-CUST_SOWMIYA_003-10902,2026-08-19 15:05:08,2026-08-19,15:05:08,15,2,0,0,CUST_SOWMIYA_003,55,Bengaluru,Karnataka,High Risk / 26% Fraud Rate,M025,ShieldSure Services,Insurance Services,General & Health Insurance Premium,Chennai,Egmore,Tamil Nadu,600008,13.0784,80.2607,13,14000.0,09:30-18:00,"ONLINE,NETBANKING,CARD",Premium diversion / fake policy payment slips,0.019,47,22209.35,INR,PURCHASE,NETBANKING,MOBILE_APP,0,0,Bengaluru,1.0,0,0,1,DEV-SOWMIYA-ONEPLUS-11,mobile_android,0,BEN-CUST_SOWMIYA_003-TRUSTED,Trusted Household Vendor,7,0,2,15,0,0,0,None,Resolved Genuine,Standard Habitual Purchase,0
TXN-CUST_SOWMIYA_003-10903,2026-08-19 16:32:53,2026-08-19,16:32:53,16,2,0,0,CUST_SOWMIYA_003,55,Bengaluru,Karnataka,High Risk / 26% Fraud Rate,M008,BeanCircuit Cafe,Cafe,Specialty Coffee & Bakery,Bengaluru,Indiranagar,Karnataka,560038,12.9784,77.6408,3,650.0,07:30-23:00,"UPI,POS,CARD",QR code spoofing / fast velocity dining,0.009,22,44933.83,INR,PURCHASE,POS,MOBILE_APP,1,0,Bengaluru,4.0,0,0,1,DEV-SOWMIYA-ONEPLUS-11,mobile_android,0,BEN-CUST_SOWMIYA_003-TRUSTED,Trusted Household Vendor,8,0,1,11,0,0,0,None,Resolved Genuine,Standard Habitual Purchase,0
TXN-CUST_SOWMIYA_003-10904,2026-08-19 18:00:29,2026-08-19,18:00:29,18,2,0,0,CUST_SOWMIYA_003,55,Bengaluru,Karnataka,High Risk / 26% Fraud Rate,M007,SpiceRoute Kitchen,Restaurant,Fine Dining & Chettinad,Chennai,Adyar,Tamil Nadu,600020,13.0012,80.2565,7,2200.0,11:30-23:30,"POS,UPI,CARD",Cloned card POS terminal replay,0.018,45,9155.43,INR,P2P_TRANSFER,CARD,WEB_PORTAL,0,1,Dubai,3508.0,1,1,0,DEV-ROGUE-EMULATOR-154,unknown_bot,1,BEN-MULE-8355,QuickMule Transfer 14,0,5,24,100,4,2,1,Mule-account behavior,Pre-auth Block,Automated high-velocity attack from unknown device,1
TXN-CUST_SOWMIYA_003-10905,2026-08-19 19:24:27,2026-08-19,19:24:27,19,2,0,0,CUST_SOWMIYA_003,55,Bengaluru,Karnataka,High Risk / 26% Fraud Rate,M015,HomeSphere Appliances,Home Appliances,"Refrigerators, ACs & Kitchen Tech",Coimbatore,Saibaba Colony,Tamil Nadu,641011,11.0315,76.945,9,27500.0,09:30-21:00,"POS,EMI,CARD,UPI",Carding attacks with immediate in-store pickup,0.038,95,124290.99,INR,P2P_TRANSFER,EMI,WEB_PORTAL,0,1,Singapore,4811.0,1,1,0,DEV-ROGUE-EMULATOR-864,unknown_bot,1,BEN-MULE-3779,QuickMule Transfer 80,0,4,15,65,3,3,0,Account takeover,Pre-auth Block,Automated high-velocity attack from unknown device,1
TXN-CUST_SOWMIYA_003-10906,2026-08-19 20:53:23,2026-08-19,20:53:23,20,2,0,0,CUST_SOWMIYA_003,55,Bengaluru,Karnataka,High Risk / 26% Fraud Rate,M021,GlowCraft Salon,Salon / Beauty,Spa & Grooming Studio,Chennai,Porur,Tamil Nadu,600116,13.0382,80.1565,5,2800.0,09:00-21:00,"POS,UPI,CARD",Unusual late-night transaction spikes,0.011,27,39435.67,INR,PURCHASE,CARD,MOBILE_APP,1,0,Bengaluru,12.0,0,0,1,DEV-SOWMIYA-ONEPLUS-11,mobile_android,0,BEN-CUST_SOWMIYA_003-TRUSTED,Trusted Household Vendor,13,0,4,23,0,0,0,None,Resolved Genuine,Standard Habitual Purchase,0
TXN-CUST_SOWMIYA_003-10907,2026-08-19 22:19:04,2026-08-19,22:19:04,22,2,0,0,CUST_SOWMIYA_003,55,Bengaluru,Karnataka,High Risk / 26% Fraud Rate,M004,Aurelia Gold House,Jewellery,Gold & Diamond Jewellery,Coimbatore,RS Puram,Tamil Nadu,641002,11.0089,76.9514,14,78000.0,10:00-20:30,"POS,CARD,TRANSFER",Account takeover / card-not-present luxury surge,0.065,162,254284.31,INR,P2P_TRANSFER,TRANSFER,WEB_PORTAL,0,1,Singapore,1501.0,1,1,0,DEV-ROGUE-EMULATOR-555,unknown_bot,1,BEN-MULE-4878,QuickMule Transfer 98,0,9,31,129,2,4,0,Mule-account behavior,Pre-auth Block,Automated high-velocity attack from unknown device,1
TXN-CUST_SOWMIYA_003-10908,2026-08-19 23:42:39,2026-08-19,23:42:39,23,2,0,1,CUST_SOWMIYA_003,55,Bengaluru,Karnataka,High Risk / 26% Fraud Rate,M023,SwiftBox Logistics,Courier / Logistics,Express Parcel & Freight Delivery,Tiruppur,Avinashi Road,Tamil Nadu,641603,11.1085,77.3411,9,4200.0,08:00-21:00,"POS,UPI,CARD,ONLINE",Interception fraud / address redirection,0.02,50,13766.28,INR,PURCHASE,POS,MOBILE_APP,1,0,Bengaluru,1.0,0,0,1,DEV-SOWMIYA-ONEPLUS-11,mobile_android,0,BEN-CUST_SOWMIYA_003-TRUSTED,Trusted Household Vendor,12,0,3,20,0,0,0,None,Resolved Genuine,Standard Habitual Purchase,0
TXN-CUST_SOWMIYA_003-10909,2026-08-20 01:09:41,2026-08-20,01:09:41,1,3,0,1,CUST_SOWMIYA_003,55,Bengaluru,Karnataka,High Risk / 26% Fraud Rate,M018,PageTurn Book House,Bookstore,"Academic, Fiction & Stationery",Trichy,Thillai Nagar,Tamil Nadu,620018,10.8282,78.6854,16,850.0,09:00-21:30,"POS,UPI,CARD,ONLINE",Low-value card testing bots,0.008,20,17870.79,INR,PURCHASE,UPI,MOBILE_APP,1,0,Bengaluru,12.0,0,0,1,DEV-SOWMIYA-ONEPLUS-11,mobile_android,0,BEN-CUST_SOWMIYA_003-TRUSTED,Trusted Household Vendor,12,0,4,24,0,0,0,None,Resolved Genuine,Standard Habitual Purchase,0
TXN-CUST_SOWMIYA_003-10910,2026-08-20 02:34:49,2026-08-20,02:34:49,2,3,0,1,CUST_SOWMIYA_003,55,Bengaluru,Karnataka,High Risk / 26% Fraud Rate,M016,MotoCare Garage,Auto Service,Car Service & Detailing Hub,Chennai,Pallikaranai,Tamil Nadu,600100,12.9372,80.2014,7,8900.0,08:30-20:30,"POS,UPI,CARD",Over-invoicing / synthetic card payments,0.021,52,32516.77,INR,P2P_TRANSFER,CARD,WEB_PORTAL,0,1,Singapore,3657.0,1,1,0,DEV-ROGUE-EMULATOR-830,unknown_bot,1,BEN-MULE-6815,QuickMule Transfer 29,0,4,24,103,4,3,0,Account takeover,Pre-auth Block,Automated high-velocity attack from unknown device,1
TXN-CUST_SOWMIYA_003-10911,2026-08-20 04:01:38,2026-08-20,04:01:38,4,3,0,1,CUST_SOWMIYA_003,55,Bengaluru,Karnataka,High Risk / 26% Fraud Rate,M027,BrickHarbor Realty,Real Estate / Property Services,Rental Escrow & Facility Management,Chennai,Porur,Tamil Nadu,600116,13.035,80.16,11,65000.0,09:00-19:00,"TRANSFER,NETBANKING,CARD",Security deposit phishing / escrow hijacking,0.039,97,24006.4,INR,PURCHASE,TRANSFER,MOBILE_APP,0,0,Bengaluru,1.0,0,0,1,DEV-SOWMIYA-ONEPLUS-11,mobile_android,0,BEN-CUST_SOWMIYA_003-TRUSTED,Trusted Household Vendor,8,0,4,22,0,0,0,None,Resolved Genuine,Standard Habitual Purchase,0
TXN-CUST_SOWMIYA_003-10912,2026-08-20 05:27:23,2026-08-20,05:27:23,5,3,0,1,CUST_SOWMIYA_003,55,Bengaluru,Karnataka,High Risk / 26% Fraud Rate,M028,CraftCove Home Decor,Home Decor,Handicrafts & Art Pieces,Thanjavur,Medical College Road,Tamil Nadu,613004,10.7684,79.1245,8,7400.0,09:30-20:30,"POS,UPI,CARD,ONLINE",Cross-border tourist chargebacks,0.023,57,25997.14,INR,P2P_TRANSFER,POS,WEB_PORTAL,0,1,Singapore,4684.0,1,1,0,DEV-ROGUE-EMULATOR-763,unknown_bot,1,BEN-MULE-3623,QuickMule Transfer 62,0,6,32,132,3,4,1,Account takeover,Pre-auth Block,Automated high-velocity attack from unknown device,1
TXN-CUST_SOWMIYA_003-10913,2026-08-20 06:56:39,2026-08-20,06:56:39,6,3,0,0,CUST_SOWMIYA_003,55,Bengaluru,Karnataka,High Risk / 26% Fraud Rate,M027,BrickHarbor Realty,Real Estate / Property Services,Rental Escrow & Facility Management,Chennai,Porur,Tamil Nadu,600116,13.035,80.16,11,65000.0,09:00-19:00,"TRANSFER,NETBANKING,CARD",Security deposit phishing / escrow hijacking,0.039,97,33000.03,INR,PURCHASE,CARD,MOBILE_APP,0,0,Bengaluru,7.0,0,0,1,DEV-SOWMIYA-ONEPLUS-11,mobile_android,0,BEN-CUST_SOWMIYA_003-TRUSTED,Trusted Household Vendor,4,0,1,12,0,0,0,None,Resolved Genuine,Standard Habitual Purchase,0
TXN-CUST_SOWMIYA_003-10914,2026-08-20 08:23:08,2026-08-20,08:23:08,8,3,0,0,CUST_SOWMIYA_003,55,Bengaluru,Karnataka,High Risk / 26% Fraud Rate,M028,CraftCove Home Decor,Home Decor,Handicrafts & Art Pieces,Thanjavur,Medical College Road,Tamil Nadu,613004,10.7684,79.1245,8,7400.0,09:30-20:30,"POS,UPI,CARD,ONLINE",Cross-border tourist chargebacks,0.023,57,12082.88,INR,PURCHASE,POS,MOBILE_APP,1,0,Bengaluru,2.0,0,0,1,DEV-SOWMIYA-ONEPLUS-11,mobile_android,0,BEN-CUST_SOWMIYA_003-TRUSTED,Trusted Household Vendor,9,1,2,11,0,0,0,None,Resolved Genuine,Standard Habitual Purchase,0
TXN-CUST_SOWMIYA_003-10915,2026-08-20 09:50:04,2026-08-20,09:50:04,9,3,0,0,CUST_SOWMIYA_003,55,Bengaluru,Karnataka,High Risk / 26% Fraud Rate,M028,CraftCove Home Decor,Home Decor,Handicrafts & Art Pieces,Thanjavur,Medical College Road,Tamil Nadu,613004,10.7684,79.1245,8,7400.0,09:30-20:30,"POS,UPI,CARD,ONLINE",Cross-border tourist chargebacks,0.023,57,30954.58,INR,PURCHASE,POS,MOBILE_APP,1,0,Bengaluru,14.0,0,0,1,DEV-SOWMIYA-ONEPLUS-11,mobile_android,0,BEN-CUST_SOWMIYA_003-TRUSTED,Trusted Household Vendor,3,0,4,21,0,0,0,None,Resolved Genuine,Standard Habitual Purchase,0
TXN-CUST_SOWMIYA_003-10916,2026-08-20 11:19:26,2026-08-20,11:19:26,11,3,0,0,CUST_SOWMIYA_003,55,Bengaluru,Karnataka,High Risk / 26% Fraud Rate,M016,MotoCare Garage,Auto Service,Car Service & Detailing Hub,Chennai,Pallikaranai,Tamil Nadu,600100,12.9372,80.2014,7,8900.0,08:30-20:30,"POS,UPI,CARD",Over-invoicing / synthetic card payments,0.021,52,35008.08,INR,PURCHASE,CARD,MOBILE_APP,1,0,Bengaluru,11.0,0,0,1,DEV-SOWMIYA-ONEPLUS-11,mobile_android,0,BEN-CUST_SOWMIYA_003-TRUSTED,Trusted Household Vendor,8,1,1,14,0,0,0,None,Resolved Genuine,Standard Habitual Purchase,0
TXN-CUST_SOWMIYA_003-10917,2026-08-20 12:45:37,2026-08-20,12:45:37,12,3,0,0,CUST_SOWMIYA_003,55,Bengaluru,Karnataka,High Risk / 26% Fraud Rate,M027,BrickHarbor Realty,Real Estate / Property Services,Rental Escrow & Facility Management,Chennai,Porur,Tamil Nadu,600116,13.035,80.16,11,65000.0,09:00-19:00,"TRANSFER,NETBANKING,CARD",Security deposit phishing / escrow hijacking,0.039,97,28190.4,INR,PURCHASE,CARD,MOBILE_APP,0,0,Bengaluru,8.0,0,0,1,DEV-SOWMIYA-ONEPLUS-11,mobile_android,0,BEN-CUST_SOWMIYA_003-TRUSTED,Trusted Household Vendor,7,0,1,13,0,0,0,None,Resolved Genuine,Standard Habitual Purchase,0
TXN-CUST_SOWMIYA_003-10918,2026-08-20 14:09:49,2026-08-20,14:09:49,14,3,0,0,CUST_SOWMIYA_003,55,Bengaluru,Karnataka,High Risk / 26% Fraud Rate,M013,CartNest Online,E-commerce,Multi-category Marketplace,Chennai,Guindy,Tamil Nadu,600032,13.0067,80.2026,5,6200.0,24_HOURS,"ONLINE,UPI,CARD,NETBANKING",Account takeover + triangulation shipping fraud,0.045,112,28723.0,INR,PURCHASE,CARD,MOBILE_APP,0,0,Bengaluru,15.0,0,0,1,DEV-SOWMIYA-ONEPLUS-11,mobile_android,0,BEN-CUST_SOWMIYA_003-TRUSTED,Trusted Household Vendor,12,0,1,12,0,0,0,None,Resolved Genuine,Standard Habitual Purchase,0
TXN-CUST_SOWMIYA_003-10919,2026-08-20 15:37:06,2026-08-20,15:37:06,15,3,0,0,CUST_SOWMIYA_003,55,Bengaluru,Karnataka,High Risk / 26% Fraud Rate,M025,ShieldSure Services,Insurance Services,General & Health Insurance Premium,Chennai,Egmore,Tamil Nadu,600008,13.0784,80.2607,13,14000.0,09:30-18:00,"ONLINE,NETBANKING,CARD",Premium diversion / fake policy payment slips,0.019,47,36545.52,INR,PURCHASE,NETBANKING,MOBILE_APP,0,0,Bengaluru,15.0,0,0,1,DEV-SOWMIYA-ONEPLUS-11,mobile_android,0,BEN-CUST_SOWMIYA_003-TRUSTED,Trusted Household Vendor,3,0,4,25,0,0,0,None,Resolved Genuine,Standard Habitual Purchase,0
TXN-CUST_SOWMIYA_003-10920,2026-08-20 17:01:43,2026-08-20,17:01:43,17,3,0,0,CUST_SOWMIYA_003,55,Bengaluru,Karnataka,High Risk / 26% Fraud Rate,M011,SkyTrail Travels,Travel Agency,Flight & International Tour Packages,Coimbatore,Gandhipuram,Tamil Nadu,641012,11.0183,76.9664,11,44000.0,09:00-20:00,"ONLINE,TRANSFER,CARD",Mule-account ticket arbitrage & fast cancellation fraud,0.052,130,44292.02,INR,PURCHASE,ONLINE,MOBILE_APP,0,0,Bengaluru,6.0,0,0,1,DEV-SOWMIYA-ONEPLUS-11,mobile_android,0,BEN-CUST_SOWMIYA_003-TRUSTED,Trusted Household Vendor,12,0,1,8,0,0,0,None,Resolved Genuine,Standard Habitual Purchase,0
TXN-CUST_SOWMIYA_003-10921,2026-08-20 18:25:20,2026-08-20,18:25:20,18,3,0,0,CUST_SOWMIYA_003,55,Bengaluru,Karnataka,High Risk / 26% Fraud Rate,M028,CraftCove Home Decor,Home Decor,Handicrafts & Art Pieces,Thanjavur,Medical College Road,Tamil Nadu,613004,10.7684,79.1245,8,7400.0,09:30-20:30,"POS,UPI,CARD,ONLINE",Cross-border tourist chargebacks,0.023,57,36397.76,INR,P2P_TRANSFER,CARD,WEB_PORTAL,0,1,Moscow,3167.0,1,1,0,DEV-ROGUE-EMULATOR-477,unknown_bot,1,BEN-MULE-1798,QuickMule Transfer 73,0,11,21,87,6,2,1,Account takeover,Pre-auth Block,Automated high-velocity attack from unknown device,1
TXN-CUST_SOWMIYA_003-10922,2026-08-20 19:51:17,2026-08-20,19:51:17,19,3,0,0,CUST_SOWMIYA_003,55,Bengaluru,Karnataka,High Risk / 26% Fraud Rate,M024,LinkWave Telecom,Telecom Retail,Fiber Broadband & Postpaid Plans,Erode,Perundurai Road,Tamil Nadu,638011,11.341,77.7172,10,1950.0,09:30-20:30,"UPI,CARD,ONLINE,POS",SIM swap bill recharge surges,0.017,42,20486.39,INR,PURCHASE,POS,MOBILE_APP,1,0,Bengaluru,13.0,0,0,1,DEV-SOWMIYA-ONEPLUS-11,mobile_android,0,BEN-CUST_SOWMIYA_003-TRUSTED,Trusted Household Vendor,13,0,4,21,0,0,0,None,Resolved Genuine,Standard Habitual Purchase,0
TXN-CUST_SOWMIYA_003-10923,2026-08-20 21:16:52,2026-08-20,21:16:52,21,3,0,0,CUST_SOWMIYA_003,55,Bengaluru,Karnataka,High Risk / 26% Fraud Rate,M004,Aurelia Gold House,Jewellery,Gold & Diamond Jewellery,Coimbatore,RS Puram,Tamil Nadu,641002,11.0089,76.9514,14,78000.0,10:00-20:30,"POS,CARD,TRANSFER",Account takeover / card-not-present luxury surge,0.065,162,30244.09,INR,PURCHASE,TRANSFER,MOBILE_APP,1,0,Bengaluru,12.0,0,0,1,DEV-SOWMIYA-ONEPLUS-11,mobile_android,0,BEN-CUST_SOWMIYA_003-TRUSTED,Trusted Household Vendor,7,1,4,25,0,0,0,None,Resolved Genuine,Standard Habitual Purchase,0
TXN-CUST_SOWMIYA_003-10924,2026-08-20 22:45:55,2026-08-20,22:45:55,22,3,0,0,CUST_SOWMIYA_003,55,Bengaluru,Karnataka,High Risk / 26% Fraud Rate,M010,HarborView Residency,Hotel / Hospitality,Business & Luxury Hotel,Chennai,OMR,Tamil Nadu,600096,12.9165,80.2285,6,9500.0,24_HOURS,"ONLINE,POS,CARD,TRANSFER",Online travel booking fraud with stolen corporate credentials,0.041,102,28470.11,INR,PURCHASE,CARD,MOBILE_APP,1,0,Bengaluru,10.0,0,0,1,DEV-SOWMIYA-ONEPLUS-11,mobile_android,0,BEN-CUST_SOWMIYA_003-TRUSTED,Trusted Household Vendor,13,0,3,17,0,0,0,None,Resolved Genuine,Standard Habitual Purchase,0
TXN-CUST_SOWMIYA_003-10925,2026-08-21 00:12:33,2026-08-21,00:12:33,0,4,0,1,CUST_SOWMIYA_003,55,Bengaluru,Karnataka,High Risk / 26% Fraud Rate,M012,DashDine Delivery,Food Delivery,Quick Commerce & Meal Delivery,Chennai,Sholinganallur,Tamil Nadu,600119,12.901,80.2279,4,520.0,06:00-02:00,"UPI,CARD,ONLINE,WALLET",Promo code abuse / stolen wallet balances,0.014,35,2024.02,INR,P2P_TRANSFER,WALLET,WEB_PORTAL,0,1,Moscow,2217.0,1,1,0,DEV-ROGUE-EMULATOR-704,unknown_bot,1,BEN-MULE-4279,QuickMule Transfer 17,0,6,23,98,3,1,0,Mule-account behavior,Pre-auth Block,Automated high-velocity attack from unknown device,1
TXN-CUST_SOWMIYA_003-10926,2026-08-21 01:38:30,2026-08-21,01:38:30,1,4,0,1,CUST_SOWMIYA_003,55,Bengaluru,Karnataka,High Risk / 26% Fraud Rate,M019,ArenaSport World,Sports Retail,Fitness Equipment & Sports Wear,Chennai,Nungambakkam,Tamil Nadu,600034,13.0604,80.2405,6,5600.0,10:00-21:30,"POS,ONLINE,UPI,CARD",Stolen card chargeback on premium sports gear,0.026,65,15609.63,INR,PURCHASE,POS,MOBILE_APP,1,0,Bengaluru,7.0,0,0,1,DEV-SOWMIYA-ONEPLUS-11,mobile_android,0,BEN-CUST_SOWMIYA_003-TRUSTED,Trusted Household Vendor,12,0,1,12,0,0,0,None,Resolved Genuine,Standard Habitual Purchase,0
TXN-CUST_SOWMIYA_003-10927,2026-08-21 03:07:40,2026-08-21,03:07:40,3,4,0,1,CUST_SOWMIYA_003,55,Bengaluru,Karnataka,High Risk / 26% Fraud Rate,M019,ArenaSport World,Sports Retail,Fitness Equipment & Sports Wear,Chennai,Nungambakkam,Tamil Nadu,600034,13.0604,80.2405,6,5600.0,10:00-21:30,"POS,ONLINE,UPI,CARD",Stolen card chargeback on premium sports gear,0.026,65,15625.64,INR,P2P_TRANSFER,CARD,WEB_PORTAL,0,1,Dubai,2943.0,1,1,0,DEV-ROGUE-EMULATOR-344,unknown_bot,1,BEN-MULE-1648,QuickMule Transfer 51,0,5,19,86,6,4,1,Card testing,Pre-auth Block,Automated high-velocity attack from unknown device,1
TXN-CUST_SOWMIYA_003-10928,2026-08-21 04:31:52,2026-08-21,04:31:52,4,4,0,1,CUST_SOWMIYA_003,55,Bengaluru,Karnataka,High Risk / 26% Fraud Rate,M026,GreenLeaf Wellness,Health & Wellness,Organic Nutrition & Ayurveda,Trichy,Srirangam,Tamil Nadu,620006,10.8624,78.6947,6,2100.0,08:00-21:00,"POS,UPI,ONLINE,CARD",Subscription card stuffing,0.013,32,36641.09,INR,PURCHASE,ONLINE,MOBILE_APP,1,0,Bengaluru,13.0,0,0,1,DEV-SOWMIYA-ONEPLUS-11,mobile_android,0,BEN-CUST_SOWMIYA_003-TRUSTED,Trusted Household Vendor,6,0,2,15,0,0,0,None,Resolved Genuine,Standard Habitual Purchase,0
TXN-CUST_SOWMIYA_003-10929,2026-08-21 05:56:20,2026-08-21,05:56:20,5,4,0,1,CUST_SOWMIYA_003,55,Bengaluru,Karnataka,High Risk / 26% Fraud Rate,M023,SwiftBox Logistics,Courier / Logistics,Express Parcel & Freight Delivery,Tiruppur,Avinashi Road,Tamil Nadu,641603,11.1085,77.3411,9,4200.0,08:00-21:00,"POS,UPI,CARD,ONLINE",Interception fraud / address redirection,0.02,50,9866.38,INR,P2P_TRANSFER,UPI,WEB_PORTAL,0,1,Singapore,5221.0,1,1,0,DEV-ROGUE-EMULATOR-712,unknown_bot,1,BEN-MULE-3582,QuickMule Transfer 61,0,8,27,114,6,1,1,Card testing,Pre-auth Block,Automated high-velocity attack from unknown device,1
TXN-CUST_SOWMIYA_003-10930,2026-08-21 07:24:13,2026-08-21,07:24:13,7,4,0,0,CUST_SOWMIYA_003,55,Bengaluru,Karnataka,High Risk / 26% Fraud Rate,M004,Aurelia Gold House,Jewellery,Gold & Diamond Jewellery,Coimbatore,RS Puram,Tamil Nadu,641002,11.0089,76.9514,14,78000.0,10:00-20:30,"POS,CARD,TRANSFER",Account takeover / card-not-present luxury surge,0.065,162,26860.37,INR,PURCHASE,TRANSFER,MOBILE_APP,1,0,Bengaluru,10.0,0,0,1,DEV-SOWMIYA-ONEPLUS-11,mobile_android,0,BEN-CUST_SOWMIYA_003-TRUSTED,Trusted Household Vendor,5,0,2,13,0,0,0,None,Resolved Genuine,Standard Habitual Purchase,0
TXN-CUST_SOWMIYA_003-10931,2026-08-21 08:48:06,2026-08-21,08:48:06,8,4,0,0,CUST_SOWMIYA_003,55,Bengaluru,Karnataka,High Risk / 26% Fraud Rate,M021,GlowCraft Salon,Salon / Beauty,Spa & Grooming Studio,Chennai,Porur,Tamil Nadu,600116,13.0382,80.1565,5,2800.0,09:00-21:00,"POS,UPI,CARD",Unusual late-night transaction spikes,0.011,27,10163.76,INR,P2P_TRANSFER,UPI,WEB_PORTAL,0,1,Dubai,3201.0,1,1,0,DEV-ROGUE-EMULATOR-443,unknown_bot,1,BEN-MULE-1908,QuickMule Transfer 50,0,8,33,141,5,3,0,Mule-account behavior,Pre-auth Block,Automated high-velocity attack from unknown device,1
TXN-CUST_SOWMIYA_003-10932,2026-08-21 10:15:40,2026-08-21,10:15:40,10,4,0,0,CUST_SOWMIYA_003,55,Bengaluru,Karnataka,High Risk / 26% Fraud Rate,M016,MotoCare Garage,Auto Service,Car Service & Detailing Hub,Chennai,Pallikaranai,Tamil Nadu,600100,12.9372,80.2014,7,8900.0,08:30-20:30,"POS,UPI,CARD",Over-invoicing / synthetic card payments,0.021,52,36187.15,INR,PURCHASE,UPI,MOBILE_APP,1,0,Bengaluru,13.0,0,0,1,DEV-SOWMIYA-ONEPLUS-11,mobile_android,0,BEN-CUST_SOWMIYA_003-TRUSTED,Trusted Household Vendor,10,0,1,9,0,0,0,None,Resolved Genuine,Standard Habitual Purchase,0
TXN-CUST_SOWMIYA_003-10933,2026-08-21 11:39:31,2026-08-21,11:39:31,11,4,0,0,CUST_SOWMIYA_003,55,Bengaluru,Karnataka,High Risk / 26% Fraud Rate,M005,UrbanThread Studio,Fashion / Apparel,Designer & Ready-to-wear,Chennai,Anna Nagar,Tamil Nadu,600040,13.085,80.2101,5,4800.0,10:30-22:00,"POS,ONLINE,UPI,CARD",Refund abuse / credential stuffing,0.022,55,34290.65,INR,PURCHASE,UPI,MOBILE_APP,1,0,Bengaluru,4.0,0,0,1,DEV-SOWMIYA-ONEPLUS-11,mobile_android,0,BEN-CUST_SOWMIYA_003-TRUSTED,Trusted Household Vendor,6,0,3,17,0,0,0,None,Resolved Genuine,Standard Habitual Purchase,0
TXN-CUST_SOWMIYA_003-10934,2026-08-21 13:05:56,2026-08-21,13:05:56,13,4,0,0,CUST_SOWMIYA_003,55,Bengaluru,Karnataka,High Risk / 26% Fraud Rate,M023,SwiftBox Logistics,Courier / Logistics,Express Parcel & Freight Delivery,Tiruppur,Avinashi Road,Tamil Nadu,641603,11.1085,77.3411,9,4200.0,08:00-21:00,"POS,UPI,CARD,ONLINE",Interception fraud / address redirection,0.02,50,14016.01,INR,PURCHASE,UPI,MOBILE_APP,1,0,Bengaluru,12.0,0,0,1,DEV-SOWMIYA-ONEPLUS-11,mobile_android,0,BEN-CUST_SOWMIYA_003-TRUSTED,Trusted Household Vendor,3,0,3,21,0,0,0,None,Resolved Genuine,Standard Habitual Purchase,0
TXN-CUST_SOWMIYA_003-10935,2026-08-21 14:30:16,2026-08-21,14:30:16,14,4,0,0,CUST_SOWMIYA_003,55,Bengaluru,Karnataka,High Risk / 26% Fraud Rate,M020,GameGrid Arena,Gaming,"Esports, Consoles & Virtual Credits",Bengaluru,Koramangala,Karnataka,560095,12.9352,77.6245,4,3400.0,10:00-01:00,"ONLINE,UPI,CARD,WALLET",Virtual item laundering & bot-driven micro transactions,0.055,137,20691.25,INR,PURCHASE,CARD,MOBILE_APP,0,0,Bengaluru,1.0,0,0,1,DEV-SOWMIYA-ONEPLUS-11,mobile_android,0,BEN-CUST_SOWMIYA_003-TRUSTED,Trusted Household Vendor,9,0,2,17,0,0,0,None,Resolved Genuine,Standard Habitual Purchase,0
TXN-CUST_SOWMIYA_003-10936,2026-08-21 15:57:32,2026-08-21,15:57:32,15,4,0,0,CUST_SOWMIYA_003,55,Bengaluru,Karnataka,High Risk / 26% Fraud Rate,M014,OakLine Furnishings,Furniture,Teak Wood & Modern Home Decor,Madurai,Bypass Road,Tamil Nadu,625016,9.932,78.109,12,38000.0,10:00-21:00,"POS,CARD,TRANSFER,EMI",Invoice redirection fraud / fake payment slips,0.029,72,17776.7,INR,PURCHASE,POS,MOBILE_APP,1,0,Bengaluru,10.0,0,0,1,DEV-SOWMIYA-ONEPLUS-11,mobile_android,0,BEN-CUST_SOWMIYA_003-TRUSTED,Trusted Household Vendor,12,0,2,16,0,0,0,None,Resolved Genuine,Standard Habitual Purchase,0
TXN-CUST_SOWMIYA_003-10937,2026-08-21 17:24:09,2026-08-21,17:24:09,17,4,0,0,CUST_SOWMIYA_003,55,Bengaluru,Karnataka,High Risk / 26% Fraud Rate,M029,CloudDesk Digital,Software / Digital Services,Cloud Infrastructure & SaaS Tools,Bengaluru,Whitefield,Karnataka,560066,12.9698,77.7499,7,19800.0,24_HOURS,"ONLINE,CARD,TRANSFER",Cryptomining VM rental with stolen credit cards,0.058,145,39676.0,INR,PURCHASE,ONLINE,MOBILE_APP,0,0,Bengaluru,8.0,0,0,1,DEV-SOWMIYA-ONEPLUS-11,mobile_android,0,BEN-CUST_SOWMIYA_003-TRUSTED,Trusted Household Vendor,8,0,3,20,0,0,0,None,Resolved Genuine,Standard Habitual Purchase,0
TXN-CUST_SOWMIYA_003-10938,2026-08-21 18:50:59,2026-08-21,18:50:59,18,4,0,0,CUST_SOWMIYA_003,55,Bengaluru,Karnataka,High Risk / 26% Fraud Rate,M009,RapidFuel Station,Fuel Station,"Petrol, Diesel & EV Fast Charge",Salem,Fairlands,Tamil Nadu,636016,11.6643,78.146,9,3100.0,24_HOURS,"POS,FLEET_CARD,UPI",Automated fleet card skimming,0.024,60,19191.76,INR,PURCHASE,POS,MOBILE_APP,1,0,Bengaluru,15.0,0,0,1,DEV-SOWMIYA-ONEPLUS-11,mobile_android,0,BEN-CUST_SOWMIYA_003-TRUSTED,Trusted Household Vendor,7,0,3,14,0,0,0,None,Resolved Genuine,Standard Habitual Purchase,0
TXN-CUST_SOWMIYA_003-10939,2026-08-21 20:19:06,2026-08-21,20:19:06,20,4,0,0,CUST_SOWMIYA_003,55,Bengaluru,Karnataka,High Risk / 26% Fraud Rate,M003,Pulse Mobile Hub,Mobile Store,Smartphones & Accessories,Chennai,Tambaram,Tamil Nadu,600045,12.9249,80.1278,4,18500.0,09:30-21:30,"POS,UPI,CARD",New device abuse / rapid checkout surge,0.035,87,11934.94,INR,PURCHASE,CARD,MOBILE_APP,1,0,Bengaluru,3.0,0,0,1,DEV-SOWMIYA-ONEPLUS-11,mobile_android,0,BEN-CUST_SOWMIYA_003-TRUSTED,Trusted Household Vendor,7,0,4,21,0,0,0,None,Resolved Genuine,Standard Habitual Purchase,0
TXN-CUST_SOWMIYA_003-10940,2026-08-21 21:44:36,2026-08-21,21:44:36,21,4,0,0,CUST_SOWMIYA_003,55,Bengaluru,Karnataka,High Risk / 26% Fraud Rate,M027,BrickHarbor Realty,Real Estate / Property Services,Rental Escrow & Facility Management,Chennai,Porur,Tamil Nadu,600116,13.035,80.16,11,65000.0,09:00-19:00,"TRANSFER,NETBANKING,CARD",Security deposit phishing / escrow hijacking,0.039,97,163881.24,INR,P2P_TRANSFER,TRANSFER,WEB_PORTAL,0,1,Dubai,5497.0,1,1,0,DEV-ROGUE-EMULATOR-101,unknown_bot,1,BEN-MULE-2861,QuickMule Transfer 37,0,5,28,117,6,4,0,Card testing,Pre-auth Block,Automated high-velocity attack from unknown device,1
TXN-CUST_SOWMIYA_003-10941,2026-08-21 23:10:13,2026-08-21,23:10:13,23,4,0,1,CUST_SOWMIYA_003,55,Bengaluru,Karnataka,High Risk / 26% Fraud Rate,M011,SkyTrail Travels,Travel Agency,Flight & International Tour Packages,Coimbatore,Gandhipuram,Tamil Nadu,641012,11.0183,76.9664,11,44000.0,09:00-20:00,"ONLINE,TRANSFER,CARD",Mule-account ticket arbitrage & fast cancellation fraud,0.052,130,18586.69,INR,PURCHASE,ONLINE,MOBILE_APP,0,0,Bengaluru,5.0,0,0,1,DEV-SOWMIYA-ONEPLUS-11,mobile_android,0,BEN-CUST_SOWMIYA_003-TRUSTED,Trusted Household Vendor,4,0,1,11,0,0,0,None,Resolved Genuine,Standard Habitual Purchase,0
TXN-CUST_SOWMIYA_003-10942,2026-08-22 00:37:55,2026-08-22,00:37:55,0,5,1,1,CUST_SOWMIYA_003,55,Bengaluru,Karnataka,High Risk / 26% Fraud Rate,M002,CircuitBay Electronics,Consumer Electronics,Laptops & Gadgets,Chennai,Velachery,Tamil Nadu,600042,12.9759,80.2212,6,32000.0,10:00-21:30,"POS,ONLINE,EMI,UPI",Stolen payment details / high-ticket electronics delivery,0.048,120,97241.31,INR,P2P_TRANSFER,EMI,WEB_PORTAL,0,1,Moscow,1635.0,1,1,0,DEV-ROGUE-EMULATOR-478,unknown_bot,1,BEN-MULE-5946,QuickMule Transfer 52,0,5,25,106,4,2,1,Card testing,Pre-auth Block,Automated high-velocity attack from unknown device,1
TXN-CUST_SOWMIYA_003-10943,2026-08-22 02:03:49,2026-08-22,02:03:49,2,5,1,1,CUST_SOWMIYA_003,55,Bengaluru,Karnataka,High Risk / 26% Fraud Rate,M006,MedicoCare Pharmacy,Pharmacy,Medicines & Surgical Supplies,Madurai,KK Nagar,Tamil Nadu,625020,9.9252,78.1498,10,1450.0,24_HOURS,"POS,UPI,CARD,ONLINE",Nighttime micro card testing,0.015,37,11511.03,INR,PURCHASE,CARD,MOBILE_APP,1,0,Bengaluru,3.0,0,0,1,DEV-SOWMIYA-ONEPLUS-11,mobile_android,0,BEN-CUST_SOWMIYA_003-TRUSTED,Trusted Household Vendor,8,0,2,16,0,0,0,None,Resolved Genuine,Standard Habitual Purchase,0
TXN-CUST_SOWMIYA_003-10944,2026-08-22 03:30:57,2026-08-22,03:30:57,3,5,1,1,CUST_SOWMIYA_003,55,Bengaluru,Karnataka,High Risk / 26% Fraud Rate,M023,SwiftBox Logistics,Courier / Logistics,Express Parcel & Freight Delivery,Tiruppur,Avinashi Road,Tamil Nadu,641603,11.1085,77.3411,9,4200.0,08:00-21:00,"POS,UPI,CARD,ONLINE",Interception fraud / address redirection,0.02,50,17200.91,INR,PURCHASE,ONLINE,MOBILE_APP,1,0,Bengaluru,11.0,0,0,1,DEV-SOWMIYA-ONEPLUS-11,mobile_android,0,BEN-CUST_SOWMIYA_003-TRUSTED,Trusted Household Vendor,3,0,3,15,0,0,0,None,Resolved Genuine,Standard Habitual Purchase,0
TXN-CUST_SOWMIYA_003-10945,2026-08-22 04:58:51,2026-08-22,04:58:51,4,5,1,1,CUST_SOWMIYA_003,55,Bengaluru,Karnataka,High Risk / 26% Fraud Rate,M008,BeanCircuit Cafe,Cafe,Specialty Coffee & Bakery,Bengaluru,Indiranagar,Karnataka,560038,12.9784,77.6408,3,650.0,07:30-23:00,"UPI,POS,CARD",QR code spoofing / fast velocity dining,0.009,22,34191.15,INR,PURCHASE,CARD,MOBILE_APP,1,0,Bengaluru,4.0,0,0,1,DEV-SOWMIYA-ONEPLUS-11,mobile_android,0,BEN-CUST_SOWMIYA_003-TRUSTED,Trusted Household Vendor,3,0,4,23,0,0,0,None,Resolved Genuine,Standard Habitual Purchase,0
TXN-CUST_SOWMIYA_003-10946,2026-08-22 06:27:15,2026-08-22,06:27:15,6,5,1,0,CUST_SOWMIYA_003,55,Bengaluru,Karnataka,High Risk / 26% Fraud Rate,M009,RapidFuel Station,Fuel Station,"Petrol, Diesel & EV Fast Charge",Salem,Fairlands,Tamil Nadu,636016,11.6643,78.146,9,3100.0,24_HOURS,"POS,FLEET_CARD,UPI",Automated fleet card skimming,0.024,60,27552.13,INR,PURCHASE,POS,MOBILE_APP,1,0,Bengaluru,1.0,0,0,1,DEV-SOWMIYA-ONEPLUS-11,mobile_android,0,BEN-CUST_SOWMIYA_003-TRUSTED,Trusted Household Vendor,9,0,1,9,0,0,0,None,Resolved Genuine,Standard Habitual Purchase,0
TXN-CUST_SOWMIYA_003-10947,2026-08-22 07:56:13,2026-08-22,07:56:13,7,5,1,0,CUST_SOWMIYA_003,55,Bengaluru,Karnataka,High Risk / 26% Fraud Rate,M017,AutoForge Parts,Spare Parts,OEM Industrial & Auto Components,Hosur,Mookandapalli,Tamil Nadu,635126,12.7409,77.8253,15,16500.0,09:00-19:30,"TRANSFER,POS,CARD",Business email compromise / fake beneficiary update,0.033,82,40580.57,INR,PURCHASE,POS,MOBILE_APP,1,0,Bengaluru,2.0,0,0,1,DEV-SOWMIYA-ONEPLUS-11,mobile_android,0,BEN-CUST_SOWMIYA_003-TRUSTED,Trusted Household Vendor,4,1,3,17,0,0,0,None,Resolved Genuine,Standard Habitual Purchase,0
TXN-CUST_SOWMIYA_003-10948,2026-08-22 09:21:38,2026-08-22,09:21:38,9,5,1,0,CUST_SOWMIYA_003,55,Bengaluru,Karnataka,High Risk / 26% Fraud Rate,M003,Pulse Mobile Hub,Mobile Store,Smartphones & Accessories,Chennai,Tambaram,Tamil Nadu,600045,12.9249,80.1278,4,18500.0,09:30-21:30,"POS,UPI,CARD",New device abuse / rapid checkout surge,0.035,87,20283.74,INR,PURCHASE,POS,MOBILE_APP,1,0,Bengaluru,13.0,0,0,1,DEV-SOWMIYA-ONEPLUS-11,mobile_android,0,BEN-CUST_SOWMIYA_003-TRUSTED,Trusted Household Vendor,3,0,2,12,0,0,0,None,Resolved Genuine,Standard Habitual Purchase,0
TXN-CUST_SOWMIYA_003-10949,2026-08-22 10:46:47,2026-08-22,10:46:47,10,5,1,0,CUST_SOWMIYA_003,55,Bengaluru,Karnataka,High Risk / 26% Fraud Rate,M004,Aurelia Gold House,Jewellery,Gold & Diamond Jewellery,Coimbatore,RS Puram,Tamil Nadu,641002,11.0089,76.9514,14,78000.0,10:00-20:30,"POS,CARD,TRANSFER",Account takeover / card-not-present luxury surge,0.065,162,28076.07,INR,PURCHASE,CARD,MOBILE_APP,1,0,Bengaluru,7.0,0,0,1,DEV-SOWMIYA-ONEPLUS-11,mobile_android,0,BEN-CUST_SOWMIYA_003-TRUSTED,Trusted Household Vendor,12,1,1,12,0,0,0,None,Resolved Genuine,Standard Habitual Purchase,0
TXN-CUST_SOWMIYA_003-10950,2026-08-22 12:11:42,2026-08-22,12:11:42,12,5,1,0,CUST_SOWMIYA_003,55,Bengaluru,Karnataka,High Risk / 26% Fraud Rate,M027,BrickHarbor Realty,Real Estate / Property Services,Rental Escrow & Facility Management,Chennai,Porur,Tamil Nadu,600116,13.035,80.16,11,65000.0,09:00-19:00,"TRANSFER,NETBANKING,CARD",Security deposit phishing / escrow hijacking,0.039,97,14337.58,INR,PURCHASE,TRANSFER,MOBILE_APP,0,0,Bengaluru,12.0,0,0,1,DEV-SOWMIYA-ONEPLUS-11,mobile_android,0,BEN-CUST_SOWMIYA_003-TRUSTED,Trusted Household Vendor,7,0,3,17,0,0,0,None,Resolved Genuine,Standard Habitual Purchase,0
TXN-CUST_SOWMIYA_003-10951,2026-08-22 13:36:24,2026-08-22,13:36:24,13,5,1,0,CUST_SOWMIYA_003,55,Bengaluru,Karnataka,High Risk / 26% Fraud Rate,M007,SpiceRoute Kitchen,Restaurant,Fine Dining & Chettinad,Chennai,Adyar,Tamil Nadu,600020,13.0012,80.2565,7,2200.0,11:30-23:30,"POS,UPI,CARD",Cloned card POS terminal replay,0.018,45,7255.13,INR,P2P_TRANSFER,UPI,WEB_PORTAL,0,1,Dubai,2350.0,1,1,0,DEV-ROGUE-EMULATOR-848,unknown_bot,1,BEN-MULE-8063,QuickMule Transfer 99,0,12,22,98,6,1,1,Mule-account behavior,Pre-auth Block,Automated high-velocity attack from unknown device,1
TXN-CUST_SOWMIYA_003-10952,2026-08-22 15:00:30,2026-08-22,15:00:30,15,5,1,0,CUST_SOWMIYA_003,55,Bengaluru,Karnataka,High Risk / 26% Fraud Rate,M021,GlowCraft Salon,Salon / Beauty,Spa & Grooming Studio,Chennai,Porur,Tamil Nadu,600116,13.0382,80.1565,5,2800.0,09:00-21:00,"POS,UPI,CARD",Unusual late-night transaction spikes,0.011,27,32351.75,INR,PURCHASE,POS,MOBILE_APP,1,0,Bengaluru,11.0,0,0,1,DEV-SOWMIYA-ONEPLUS-11,mobile_android,0,BEN-CUST_SOWMIYA_003-TRUSTED,Trusted Household Vendor,11,0,4,18,0,0,0,None,Resolved Genuine,Standard Habitual Purchase,0
TXN-CUST_SOWMIYA_003-10953,2026-08-22 16:28:08,2026-08-22,16:28:08,16,5,1,0,CUST_SOWMIYA_003,55,Bengaluru,Karnataka,High Risk / 26% Fraud Rate,M006,MedicoCare Pharmacy,Pharmacy,Medicines & Surgical Supplies,Madurai,KK Nagar,Tamil Nadu,625020,9.9252,78.1498,10,1450.0,24_HOURS,"POS,UPI,CARD,ONLINE",Nighttime micro card testing,0.015,37,36630.18,INR,PURCHASE,POS,MOBILE_APP,1,0,Bengaluru,5.0,0,0,1,DEV-SOWMIYA-ONEPLUS-11,mobile_android,0,BEN-CUST_SOWMIYA_003-TRUSTED,Trusted Household Vendor,4,0,2,11,0,0,0,None,Resolved Genuine,Standard Habitual Purchase,0
TXN-CUST_SOWMIYA_003-10954,2026-08-22 17:55:26,2026-08-22,17:55:26,17,5,1,0,CUST_SOWMIYA_003,55,Bengaluru,Karnataka,High Risk / 26% Fraud Rate,M006,MedicoCare Pharmacy,Pharmacy,Medicines & Surgical Supplies,Madurai,KK Nagar,Tamil Nadu,625020,9.9252,78.1498,10,1450.0,24_HOURS,"POS,UPI,CARD,ONLINE",Nighttime micro card testing,0.015,37,5235.34,INR,P2P_TRANSFER,UPI,WEB_PORTAL,0,1,Dubai,3528.0,1,1,0,DEV-ROGUE-EMULATOR-397,unknown_bot,1,BEN-MULE-7500,QuickMule Transfer 83,0,4,14,59,3,3,0,Credential compromise,Pre-auth Block,Automated high-velocity attack from unknown device,1
TXN-CUST_SOWMIYA_003-10955,2026-08-22 19:20:32,2026-08-22,19:20:32,19,5,1,0,CUST_SOWMIYA_003,55,Bengaluru,Karnataka,High Risk / 26% Fraud Rate,M006,MedicoCare Pharmacy,Pharmacy,Medicines & Surgical Supplies,Madurai,KK Nagar,Tamil Nadu,625020,9.9252,78.1498,10,1450.0,24_HOURS,"POS,UPI,CARD,ONLINE",Nighttime micro card testing,0.015,37,25496.83,INR,PURCHASE,POS,MOBILE_APP,1,0,Bengaluru,3.0,0,0,1,DEV-SOWMIYA-ONEPLUS-11,mobile_android,0,BEN-CUST_SOWMIYA_003-TRUSTED,Trusted Household Vendor,5,1,1,7,0,0,0,None,Resolved Genuine,Standard Habitual Purchase,0
TXN-CUST_SOWMIYA_003-10956,2026-08-22 20:46:39,2026-08-22,20:46:39,20,5,1,0,CUST_SOWMIYA_003,55,Bengaluru,Karnataka,High Risk / 26% Fraud Rate,M029,CloudDesk Digital,Software / Digital Services,Cloud Infrastructure & SaaS Tools,Bengaluru,Whitefield,Karnataka,560066,12.9698,77.7499,7,19800.0,24_HOURS,"ONLINE,CARD,TRANSFER",Cryptomining VM rental with stolen credit cards,0.058,145,12869.18,INR,PURCHASE,CARD,MOBILE_APP,0,0,Bengaluru,1.0,0,0,1,DEV-SOWMIYA-ONEPLUS-11,mobile_android,0,BEN-CUST_SOWMIYA_003-TRUSTED,Trusted Household Vendor,14,0,3,20,0,0,0,None,Resolved Genuine,Standard Habitual Purchase,0
TXN-CUST_SOWMIYA_003-10957,2026-08-22 22:13:45,2026-08-22,22:13:45,22,5,1,0,CUST_SOWMIYA_003,55,Bengaluru,Karnataka,High Risk / 26% Fraud Rate,M017,AutoForge Parts,Spare Parts,OEM Industrial & Auto Components,Hosur,Mookandapalli,Tamil Nadu,635126,12.7409,77.8253,15,16500.0,09:00-19:30,"TRANSFER,POS,CARD",Business email compromise / fake beneficiary update,0.033,82,28961.35,INR,PURCHASE,POS,MOBILE_APP,1,0,Bengaluru,9.0,0,0,1,DEV-SOWMIYA-ONEPLUS-11,mobile_android,0,BEN-CUST_SOWMIYA_003-TRUSTED,Trusted Household Vendor,12,0,3,22,0,0,0,None,Resolved Genuine,Standard Habitual Purchase,0
TXN-CUST_SOWMIYA_003-10958,2026-08-22 23:37:36,2026-08-22,23:37:36,23,5,1,1,CUST_SOWMIYA_003,55,Bengaluru,Karnataka,High Risk / 26% Fraud Rate,M018,PageTurn Book House,Bookstore,"Academic, Fiction & Stationery",Trichy,Thillai Nagar,Tamil Nadu,620018,10.8282,78.6854,16,850.0,09:00-21:30,"POS,UPI,CARD,ONLINE",Low-value card testing bots,0.008,20,16423.14,INR,PURCHASE,ONLINE,MOBILE_APP,1,0,Bengaluru,3.0,0,0,1,DEV-SOWMIYA-ONEPLUS-11,mobile_android,0,BEN-CUST_SOWMIYA_003-TRUSTED,Trusted Household Vendor,6,0,1,13,0,0,0,None,Resolved Genuine,Standard Habitual Purchase,0
TXN-CUST_SOWMIYA_003-10959,2026-08-23 01:06:19,2026-08-23,01:06:19,1,6,1,1,CUST_SOWMIYA_003,55,Bengaluru,Karnataka,High Risk / 26% Fraud Rate,M011,SkyTrail Travels,Travel Agency,Flight & International Tour Packages,Coimbatore,Gandhipuram,Tamil Nadu,641012,11.0183,76.9664,11,44000.0,09:00-20:00,"ONLINE,TRANSFER,CARD",Mule-account ticket arbitrage & fast cancellation fraud,0.052,130,43870.29,INR,PURCHASE,CARD,MOBILE_APP,0,0,Bengaluru,2.0,0,0,1,DEV-SOWMIYA-ONEPLUS-11,mobile_android,0,BEN-CUST_SOWMIYA_003-TRUSTED,Trusted Household Vendor,7,0,3,15,0,0,0,None,Resolved Genuine,Standard Habitual Purchase,0
TXN-CUST_SOWMIYA_003-10960,2026-08-23 02:35:42,2026-08-23,02:35:42,2,6,1,1,CUST_SOWMIYA_003,55,Bengaluru,Karnataka,High Risk / 26% Fraud Rate,M011,SkyTrail Travels,Travel Agency,Flight & International Tour Packages,Coimbatore,Gandhipuram,Tamil Nadu,641012,11.0183,76.9664,11,44000.0,09:00-20:00,"ONLINE,TRANSFER,CARD",Mule-account ticket arbitrage & fast cancellation fraud,0.052,130,194854.48,INR,P2P_TRANSFER,ONLINE,WEB_PORTAL,0,1,Dubai,1408.0,1,1,0,DEV-ROGUE-EMULATOR-836,unknown_bot,1,BEN-MULE-3251,QuickMule Transfer 37,0,5,15,67,3,1,1,Card testing,Pre-auth Block,Automated high-velocity attack from unknown device,1
TXN-CUST_SOWMIYA_003-10961,2026-08-23 04:01:31,2026-08-23,04:01:31,4,6,1,1,CUST_SOWMIYA_003,55,Bengaluru,Karnataka,High Risk / 26% Fraud Rate,M029,CloudDesk Digital,Software / Digital Services,Cloud Infrastructure & SaaS Tools,Bengaluru,Whitefield,Karnataka,560066,12.9698,77.7499,7,19800.0,24_HOURS,"ONLINE,CARD,TRANSFER",Cryptomining VM rental with stolen credit cards,0.058,145,29649.81,INR,PURCHASE,ONLINE,MOBILE_APP,0,0,Bengaluru,3.0,0,0,1,DEV-SOWMIYA-ONEPLUS-11,mobile_android,0,BEN-CUST_SOWMIYA_003-TRUSTED,Trusted Household Vendor,7,0,2,18,0,0,0,None,Resolved Genuine,Standard Habitual Purchase,0
TXN-CUST_SOWMIYA_003-10962,2026-08-23 05:26:25,2026-08-23,05:26:25,5,6,1,1,CUST_SOWMIYA_003,55,Bengaluru,Karnataka,High Risk / 26% Fraud Rate,M023,SwiftBox Logistics,Courier / Logistics,Express Parcel & Freight Delivery,Tiruppur,Avinashi Road,Tamil Nadu,641603,11.1085,77.3411,9,4200.0,08:00-21:00,"POS,UPI,CARD,ONLINE",Interception fraud / address redirection,0.02,50,17792.65,INR,P2P_TRANSFER,UPI,WEB_PORTAL,0,1,Singapore,4432.0,1,1,0,DEV-ROGUE-EMULATOR-251,unknown_bot,1,BEN-MULE-3590,QuickMule Transfer 11,0,6,24,103,5,1,0,Account takeover,Pre-auth Block,Automated high-velocity attack from unknown device,1
TXN-CUST_SOWMIYA_003-10963,2026-08-23 06:51:18,2026-08-23,06:51:18,6,6,1,0,CUST_SOWMIYA_003,55,Bengaluru,Karnataka,High Risk / 26% Fraud Rate,M027,BrickHarbor Realty,Real Estate / Property Services,Rental Escrow & Facility Management,Chennai,Porur,Tamil Nadu,600116,13.035,80.16,11,65000.0,09:00-19:00,"TRANSFER,NETBANKING,CARD",Security deposit phishing / escrow hijacking,0.039,97,44489.36,INR,PURCHASE,NETBANKING,MOBILE_APP,0,0,Bengaluru,15.0,0,0,1,DEV-SOWMIYA-ONEPLUS-11,mobile_android,0,BEN-CUST_SOWMIYA_003-TRUSTED,Trusted Household Vendor,11,0,2,17,0,0,0,None,Resolved Genuine,Standard Habitual Purchase,0
TXN-CUST_SOWMIYA_003-10964,2026-08-23 08:19:30,2026-08-23,08:19:30,8,6,1,0,CUST_SOWMIYA_003,55,Bengaluru,Karnataka,High Risk / 26% Fraud Rate,M027,BrickHarbor Realty,Real Estate / Property Services,Rental Escrow & Facility Management,Chennai,Porur,Tamil Nadu,600116,13.035,80.16,11,65000.0,09:00-19:00,"TRANSFER,NETBANKING,CARD",Security deposit phishing / escrow hijacking,0.039,97,26728.05,INR,PURCHASE,CARD,MOBILE_APP,0,0,Bengaluru,7.0,0,0,1,DEV-SOWMIYA-ONEPLUS-11,mobile_android,0,BEN-CUST_SOWMIYA_003-TRUSTED,Trusted Household Vendor,12,1,2,13,0,0,0,None,Resolved Genuine,Standard Habitual Purchase,0
TXN-CUST_SOWMIYA_003-10965,2026-08-23 09:46:48,2026-08-23,09:46:48,9,6,1,0,CUST_SOWMIYA_003,55,Bengaluru,Karnataka,High Risk / 26% Fraud Rate,M021,GlowCraft Salon,Salon / Beauty,Spa & Grooming Studio,Chennai,Porur,Tamil Nadu,600116,13.0382,80.1565,5,2800.0,09:00-21:00,"POS,UPI,CARD",Unusual late-night transaction spikes,0.011,27,11175.97,INR,P2P_TRANSFER,POS,WEB_PORTAL,0,1,Moscow,5048.0,1,1,0,DEV-ROGUE-EMULATOR-536,unknown_bot,1,BEN-MULE-3196,QuickMule Transfer 19,0,8,13,61,6,4,1,Mule-account behavior,Pre-auth Block,Automated high-velocity attack from unknown device,1
TXN-CUST_SOWMIYA_003-10966,2026-08-23 11:14:06,2026-08-23,11:14:06,11,6,1,0,CUST_SOWMIYA_003,55,Bengaluru,Karnataka,High Risk / 26% Fraud Rate,M006,MedicoCare Pharmacy,Pharmacy,Medicines & Surgical Supplies,Madurai,KK Nagar,Tamil Nadu,625020,9.9252,78.1498,10,1450.0,24_HOURS,"POS,UPI,CARD,ONLINE",Nighttime micro card testing,0.015,37,38537.42,INR,PURCHASE,UPI,MOBILE_APP,1,0,Bengaluru,14.0,0,0,1,DEV-SOWMIYA-ONEPLUS-11,mobile_android,0,BEN-CUST_SOWMIYA_003-TRUSTED,Trusted Household Vendor,6,0,1,6,0,0,0,None,Resolved Genuine,Standard Habitual Purchase,0
TXN-CUST_SOWMIYA_003-10967,2026-08-23 12:42:48,2026-08-23,12:42:48,12,6,1,0,CUST_SOWMIYA_003,55,Bengaluru,Karnataka,High Risk / 26% Fraud Rate,M012,DashDine Delivery,Food Delivery,Quick Commerce & Meal Delivery,Chennai,Sholinganallur,Tamil Nadu,600119,12.901,80.2279,4,520.0,06:00-02:00,"UPI,CARD,ONLINE,WALLET",Promo code abuse / stolen wallet balances,0.014,35,40623.0,INR,PURCHASE,ONLINE,MOBILE_APP,0,0,Bengaluru,1.0,0,0,1,DEV-SOWMIYA-ONEPLUS-11,mobile_android,0,BEN-CUST_SOWMIYA_003-TRUSTED,Trusted Household Vendor,5,0,4,25,0,0,0,None,Resolved Genuine,Standard Habitual Purchase,0
TXN-CUST_SOWMIYA_003-10968,2026-08-23 14:11:02,2026-08-23,14:11:02,14,6,1,0,CUST_SOWMIYA_003,55,Bengaluru,Karnataka,High Risk / 26% Fraud Rate,M005,UrbanThread Studio,Fashion / Apparel,Designer & Ready-to-wear,Chennai,Anna Nagar,Tamil Nadu,600040,13.085,80.2101,5,4800.0,10:30-22:00,"POS,ONLINE,UPI,CARD",Refund abuse / credential stuffing,0.022,55,23187.55,INR,PURCHASE,CARD,MOBILE_APP,1,0,Bengaluru,3.0,0,0,1,DEV-SOWMIYA-ONEPLUS-11,mobile_android,0,BEN-CUST_SOWMIYA_003-TRUSTED,Trusted Household Vendor,4,0,3,22,0,0,0,None,Resolved Genuine,Standard Habitual Purchase,0
TXN-CUST_SOWMIYA_003-10969,2026-08-23 15:37:59,2026-08-23,15:37:59,15,6,1,0,CUST_SOWMIYA_003,55,Bengaluru,Karnataka,High Risk / 26% Fraud Rate,M007,SpiceRoute Kitchen,Restaurant,Fine Dining & Chettinad,Chennai,Adyar,Tamil Nadu,600020,13.0012,80.2565,7,2200.0,11:30-23:30,"POS,UPI,CARD",Cloned card POS terminal replay,0.018,45,31698.65,INR,PURCHASE,CARD,MOBILE_APP,1,0,Bengaluru,8.0,0,0,1,DEV-SOWMIYA-ONEPLUS-11,mobile_android,0,BEN-CUST_SOWMIYA_003-TRUSTED,Trusted Household Vendor,15,0,4,21,0,0,0,None,Resolved Genuine,Standard Habitual Purchase,0
TXN-CUST_SOWMIYA_003-10970,2026-08-23 17:04:52,2026-08-23,17:04:52,17,6,1,0,CUST_SOWMIYA_003,55,Bengaluru,Karnataka,High Risk / 26% Fraud Rate,M011,SkyTrail Travels,Travel Agency,Flight & International Tour Packages,Coimbatore,Gandhipuram,Tamil Nadu,641012,11.0183,76.9664,11,44000.0,09:00-20:00,"ONLINE,TRANSFER,CARD",Mule-account ticket arbitrage & fast cancellation fraud,0.052,130,35316.61,INR,PURCHASE,CARD,MOBILE_APP,0,0,Bengaluru,4.0,0,0,1,DEV-SOWMIYA-ONEPLUS-11,mobile_android,0,BEN-CUST_SOWMIYA_003-TRUSTED,Trusted Household Vendor,15,0,1,8,0,0,0,None,Resolved Genuine,Standard Habitual Purchase,0
TXN-CUST_SOWMIYA_003-10971,2026-08-23 18:33:02,2026-08-23,18:33:02,18,6,1,0,CUST_SOWMIYA_003,55,Bengaluru,Karnataka,High Risk / 26% Fraud Rate,M017,AutoForge Parts,Spare Parts,OEM Industrial & Auto Components,Hosur,Mookandapalli,Tamil Nadu,635126,12.7409,77.8253,15,16500.0,09:00-19:30,"TRANSFER,POS,CARD",Business email compromise / fake beneficiary update,0.033,82,31118.29,INR,PURCHASE,CARD,MOBILE_APP,1,0,Bengaluru,15.0,0,0,1,DEV-SOWMIYA-ONEPLUS-11,mobile_android,0,BEN-CUST_SOWMIYA_003-TRUSTED,Trusted Household Vendor,13,0,2,12,0,0,0,None,Resolved Genuine,Standard Habitual Purchase,0
TXN-CUST_SOWMIYA_003-10972,2026-08-23 20:01:06,2026-08-23,20:01:06,20,6,1,0,CUST_SOWMIYA_003,55,Bengaluru,Karnataka,High Risk / 26% Fraud Rate,M015,HomeSphere Appliances,Home Appliances,"Refrigerators, ACs & Kitchen Tech",Coimbatore,Saibaba Colony,Tamil Nadu,641011,11.0315,76.945,9,27500.0,09:30-21:00,"POS,EMI,CARD,UPI",Carding attacks with immediate in-store pickup,0.038,95,30185.4,INR,PURCHASE,POS,MOBILE_APP,1,0,Bengaluru,7.0,0,0,1,DEV-SOWMIYA-ONEPLUS-11,mobile_android,0,BEN-CUST_SOWMIYA_003-TRUSTED,Trusted Household Vendor,14,0,4,22,0,0,0,None,Resolved Genuine,Standard Habitual Purchase,0
TXN-CUST_SOWMIYA_003-10973,2026-08-23 21:25:35,2026-08-23,21:25:35,21,6,1,0,CUST_SOWMIYA_003,55,Bengaluru,Karnataka,High Risk / 26% Fraud Rate,M029,CloudDesk Digital,Software / Digital Services,Cloud Infrastructure & SaaS Tools,Bengaluru,Whitefield,Karnataka,560066,12.9698,77.7499,7,19800.0,24_HOURS,"ONLINE,CARD,TRANSFER",Cryptomining VM rental with stolen credit cards,0.058,145,63090.5,INR,P2P_TRANSFER,TRANSFER,WEB_PORTAL,0,1,Lagos,1847.0,1,1,0,DEV-ROGUE-EMULATOR-567,unknown_bot,1,BEN-MULE-2159,QuickMule Transfer 20,0,12,31,132,6,3,1,Card testing,Pre-auth Block,Automated high-velocity attack from unknown device,1
TXN-CUST_SOWMIYA_003-10974,2026-08-23 22:53:05,2026-08-23,22:53:05,22,6,1,0,CUST_SOWMIYA_003,55,Bengaluru,Karnataka,High Risk / 26% Fraud Rate,M019,ArenaSport World,Sports Retail,Fitness Equipment & Sports Wear,Chennai,Nungambakkam,Tamil Nadu,600034,13.0604,80.2405,6,5600.0,10:00-21:30,"POS,ONLINE,UPI,CARD",Stolen card chargeback on premium sports gear,0.026,65,17798.35,INR,PURCHASE,UPI,MOBILE_APP,1,0,Bengaluru,2.0,0,0,1,DEV-SOWMIYA-ONEPLUS-11,mobile_android,0,BEN-CUST_SOWMIYA_003-TRUSTED,Trusted Household Vendor,6,0,3,21,0,0,0,None,Resolved Genuine,Standard Habitual Purchase,0
TXN-CUST_SOWMIYA_003-10975,2026-08-24 00:20:48,2026-08-24,00:20:48,0,0,0,1,CUST_SOWMIYA_003,55,Bengaluru,Karnataka,High Risk / 26% Fraud Rate,M012,DashDine Delivery,Food Delivery,Quick Commerce & Meal Delivery,Chennai,Sholinganallur,Tamil Nadu,600119,12.901,80.2279,4,520.0,06:00-02:00,"UPI,CARD,ONLINE,WALLET",Promo code abuse / stolen wallet balances,0.014,35,11633.81,INR,PURCHASE,WALLET,MOBILE_APP,0,0,Bengaluru,8.0,0,0,1,DEV-SOWMIYA-ONEPLUS-11,mobile_android,0,BEN-CUST_SOWMIYA_003-TRUSTED,Trusted Household Vendor,10,0,1,11,0,0,0,None,Resolved Genuine,Standard Habitual Purchase,0
TXN-CUST_SOWMIYA_003-10976,2026-08-24 01:44:14,2026-08-24,01:44:14,1,0,0,1,CUST_SOWMIYA_003,55,Bengaluru,Karnataka,High Risk / 26% Fraud Rate,M018,PageTurn Book House,Bookstore,"Academic, Fiction & Stationery",Trichy,Thillai Nagar,Tamil Nadu,620018,10.8282,78.6854,16,850.0,09:00-21:30,"POS,UPI,CARD,ONLINE",Low-value card testing bots,0.008,20,30263.99,INR,PURCHASE,ONLINE,MOBILE_APP,1,0,Bengaluru,13.0,0,0,1,DEV-SOWMIYA-ONEPLUS-11,mobile_android,0,BEN-CUST_SOWMIYA_003-TRUSTED,Trusted Household Vendor,13,0,3,17,0,0,0,None,Resolved Genuine,Standard Habitual Purchase,0
TXN-CUST_SOWMIYA_003-10977,2026-08-24 03:12:20,2026-08-24,03:12:20,3,0,0,1,CUST_SOWMIYA_003,55,Bengaluru,Karnataka,High Risk / 26% Fraud Rate,M015,HomeSphere Appliances,Home Appliances,"Refrigerators, ACs & Kitchen Tech",Coimbatore,Saibaba Colony,Tamil Nadu,641011,11.0315,76.945,9,27500.0,09:30-21:00,"POS,EMI,CARD,UPI",Carding attacks with immediate in-store pickup,0.038,95,99351.8,INR,P2P_TRANSFER,CARD,WEB_PORTAL,0,1,Moscow,2226.0,1,1,0,DEV-ROGUE-EMULATOR-821,unknown_bot,1,BEN-MULE-6872,QuickMule Transfer 19,0,5,19,86,6,1,0,Mule-account behavior,Pre-auth Block,Automated high-velocity attack from unknown device,1
TXN-CUST_SOWMIYA_003-10978,2026-08-24 04:37:24,2026-08-24,04:37:24,4,0,0,1,CUST_SOWMIYA_003,55,Bengaluru,Karnataka,High Risk / 26% Fraud Rate,M012,DashDine Delivery,Food Delivery,Quick Commerce & Meal Delivery,Chennai,Sholinganallur,Tamil Nadu,600119,12.901,80.2279,4,520.0,06:00-02:00,"UPI,CARD,ONLINE,WALLET",Promo code abuse / stolen wallet balances,0.014,35,20904.32,INR,PURCHASE,ONLINE,MOBILE_APP,0,0,Bengaluru,3.0,0,0,1,DEV-SOWMIYA-ONEPLUS-11,mobile_android,0,BEN-CUST_SOWMIYA_003-TRUSTED,Trusted Household Vendor,12,1,3,19,0,0,0,None,Resolved Genuine,Standard Habitual Purchase,0
TXN-CUST_SOWMIYA_003-10979,2026-08-24 06:01:24,2026-08-24,06:01:24,6,0,0,0,CUST_SOWMIYA_003,55,Bengaluru,Karnataka,High Risk / 26% Fraud Rate,M027,BrickHarbor Realty,Real Estate / Property Services,Rental Escrow & Facility Management,Chennai,Porur,Tamil Nadu,600116,13.035,80.16,11,65000.0,09:00-19:00,"TRANSFER,NETBANKING,CARD",Security deposit phishing / escrow hijacking,0.039,97,271852.73,INR,P2P_TRANSFER,CARD,WEB_PORTAL,0,1,Singapore,1751.0,1,1,0,DEV-ROGUE-EMULATOR-860,unknown_bot,1,BEN-MULE-6806,QuickMule Transfer 24,0,9,21,87,2,4,1,Card testing,Pre-auth Block,Automated high-velocity attack from unknown device,1
TXN-CUST_SOWMIYA_003-10980,2026-08-24 07:24:58,2026-08-24,07:24:58,7,0,0,0,CUST_SOWMIYA_003,55,Bengaluru,Karnataka,High Risk / 26% Fraud Rate,M014,OakLine Furnishings,Furniture,Teak Wood & Modern Home Decor,Madurai,Bypass Road,Tamil Nadu,625016,9.932,78.109,12,38000.0,10:00-21:00,"POS,CARD,TRANSFER,EMI",Invoice redirection fraud / fake payment slips,0.029,72,116437.43,INR,P2P_TRANSFER,TRANSFER,WEB_PORTAL,0,1,Lagos,4713.0,1,1,0,DEV-ROGUE-EMULATOR-209,unknown_bot,1,BEN-MULE-6491,QuickMule Transfer 13,0,7,24,99,4,1,0,Mule-account behavior,Pre-auth Block,Automated high-velocity attack from unknown device,1
TXN-CUST_SOWMIYA_003-10981,2026-08-24 08:51:19,2026-08-24,08:51:19,8,0,0,0,CUST_SOWMIYA_003,55,Bengaluru,Karnataka,High Risk / 26% Fraud Rate,M016,MotoCare Garage,Auto Service,Car Service & Detailing Hub,Chennai,Pallikaranai,Tamil Nadu,600100,12.9372,80.2014,7,8900.0,08:30-20:30,"POS,UPI,CARD",Over-invoicing / synthetic card payments,0.021,52,23085.42,INR,P2P_TRANSFER,POS,WEB_PORTAL,0,1,Lagos,4639.0,1,1,0,DEV-ROGUE-EMULATOR-367,unknown_bot,1,BEN-MULE-4255,QuickMule Transfer 96,0,11,28,117,5,1,0,Card testing,Pre-auth Block,Automated high-velocity attack from unknown device,1
TXN-CUST_SOWMIYA_003-10982,2026-08-24 10:18:31,2026-08-24,10:18:31,10,0,0,0,CUST_SOWMIYA_003,55,Bengaluru,Karnataka,High Risk / 26% Fraud Rate,M018,PageTurn Book House,Bookstore,"Academic, Fiction & Stationery",Trichy,Thillai Nagar,Tamil Nadu,620018,10.8282,78.6854,16,850.0,09:00-21:30,"POS,UPI,CARD,ONLINE",Low-value card testing bots,0.008,20,15231.66,INR,PURCHASE,UPI,MOBILE_APP,1,0,Bengaluru,9.0,0,0,1,DEV-SOWMIYA-ONEPLUS-11,mobile_android,0,BEN-CUST_SOWMIYA_003-TRUSTED,Trusted Household Vendor,15,1,1,11,0,0,0,None,Resolved Genuine,Standard Habitual Purchase,0
TXN-CUST_SOWMIYA_003-10983,2026-08-24 11:47:35,2026-08-24,11:47:35,11,0,0,0,CUST_SOWMIYA_003,55,Bengaluru,Karnataka,High Risk / 26% Fraud Rate,M010,HarborView Residency,Hotel / Hospitality,Business & Luxury Hotel,Chennai,OMR,Tamil Nadu,600096,12.9165,80.2285,6,9500.0,24_HOURS,"ONLINE,POS,CARD,TRANSFER",Online travel booking fraud with stolen corporate credentials,0.041,102,34476.3,INR,PURCHASE,ONLINE,MOBILE_APP,1,0,Bengaluru,12.0,0,0,1,DEV-SOWMIYA-ONEPLUS-11,mobile_android,0,BEN-CUST_SOWMIYA_003-TRUSTED,Trusted Household Vendor,5,0,3,15,0,0,0,None,Resolved Genuine,Standard Habitual Purchase,0
TXN-CUST_SOWMIYA_003-10984,2026-08-24 13:16:24,2026-08-24,13:16:24,13,0,0,0,CUST_SOWMIYA_003,55,Bengaluru,Karnataka,High Risk / 26% Fraud Rate,M015,HomeSphere Appliances,Home Appliances,"Refrigerators, ACs & Kitchen Tech",Coimbatore,Saibaba Colony,Tamil Nadu,641011,11.0315,76.945,9,27500.0,09:30-21:00,"POS,EMI,CARD,UPI",Carding attacks with immediate in-store pickup,0.038,95,37022.79,INR,PURCHASE,POS,MOBILE_APP,1,0,Bengaluru,10.0,0,0,1,DEV-SOWMIYA-ONEPLUS-11,mobile_android,0,BEN-CUST_SOWMIYA_003-TRUSTED,Trusted Household Vendor,6,0,4,19,0,0,0,None,Resolved Genuine,Standard Habitual Purchase,0
TXN-CUST_SOWMIYA_003-10985,2026-08-24 14:41:38,2026-08-24,14:41:38,14,0,0,0,CUST_SOWMIYA_003,55,Bengaluru,Karnataka,High Risk / 26% Fraud Rate,M027,BrickHarbor Realty,Real Estate / Property Services,Rental Escrow & Facility Management,Chennai,Porur,Tamil Nadu,600116,13.035,80.16,11,65000.0,09:00-19:00,"TRANSFER,NETBANKING,CARD",Security deposit phishing / escrow hijacking,0.039,97,44025.82,INR,PURCHASE,CARD,MOBILE_APP,0,0,Bengaluru,4.0,0,0,1,DEV-SOWMIYA-ONEPLUS-11,mobile_android,0,BEN-CUST_SOWMIYA_003-TRUSTED,Trusted Household Vendor,3,0,1,14,0,0,0,None,Resolved Genuine,Standard Habitual Purchase,0
TXN-CUST_SOWMIYA_003-10986,2026-08-24 16:07:27,2026-08-24,16:07:27,16,0,0,0,CUST_SOWMIYA_003,55,Bengaluru,Karnataka,High Risk / 26% Fraud Rate,M008,BeanCircuit Cafe,Cafe,Specialty Coffee & Bakery,Bengaluru,Indiranagar,Karnataka,560038,12.9784,77.6408,3,650.0,07:30-23:00,"UPI,POS,CARD",QR code spoofing / fast velocity dining,0.009,22,13241.27,INR,PURCHASE,CARD,MOBILE_APP,1,0,Bengaluru,7.0,0,0,1,DEV-SOWMIYA-ONEPLUS-11,mobile_android,0,BEN-CUST_SOWMIYA_003-TRUSTED,Trusted Household Vendor,15,0,3,18,0,0,0,None,Resolved Genuine,Standard Habitual Purchase,0
TXN-CUST_SOWMIYA_003-10987,2026-08-24 17:34:53,2026-08-24,17:34:53,17,0,0,0,CUST_SOWMIYA_003,55,Bengaluru,Karnataka,High Risk / 26% Fraud Rate,M001,NovaMart Fresh,Grocery & Supermarket,Supermarket / Hypermarket,Chennai,T Nagar,Tamil Nadu,600017,13.0418,80.2341,8,1250.0,07:00-22:30,"POS,UPI,CARD,ONLINE",Card testing / micro-burst velocity,0.012,30,12314.89,INR,PURCHASE,POS,MOBILE_APP,1,0,Bengaluru,14.0,0,0,1,DEV-SOWMIYA-ONEPLUS-11,mobile_android,0,BEN-CUST_SOWMIYA_003-TRUSTED,Trusted Household Vendor,11,0,1,9,0,0,0,None,Resolved Genuine,Standard Habitual Purchase,0
TXN-CUST_SOWMIYA_003-10988,2026-08-24 19:02:31,2026-08-24,19:02:31,19,0,0,0,CUST_SOWMIYA_003,55,Bengaluru,Karnataka,High Risk / 26% Fraud Rate,M010,HarborView Residency,Hotel / Hospitality,Business & Luxury Hotel,Chennai,OMR,Tamil Nadu,600096,12.9165,80.2285,6,9500.0,24_HOURS,"ONLINE,POS,CARD,TRANSFER",Online travel booking fraud with stolen corporate credentials,0.041,102,30112.24,INR,PURCHASE,POS,MOBILE_APP,1,0,Bengaluru,6.0,0,0,1,DEV-SOWMIYA-ONEPLUS-11,mobile_android,0,BEN-CUST_SOWMIYA_003-TRUSTED,Trusted Household Vendor,3,0,1,7,0,0,0,None,Resolved Genuine,Standard Habitual Purchase,0
TXN-CUST_SOWMIYA_003-10989,2026-08-24 20:28:55,2026-08-24,20:28:55,20,0,0,0,CUST_SOWMIYA_003,55,Bengaluru,Karnataka,High Risk / 26% Fraud Rate,M010,HarborView Residency,Hotel / Hospitality,Business & Luxury Hotel,Chennai,OMR,Tamil Nadu,600096,12.9165,80.2285,6,9500.0,24_HOURS,"ONLINE,POS,CARD,TRANSFER",Online travel booking fraud with stolen corporate credentials,0.041,102,13992.45,INR,PURCHASE,ONLINE,MOBILE_APP,1,0,Bengaluru,5.0,0,0,1,DEV-SOWMIYA-ONEPLUS-11,mobile_android,0,BEN-CUST_SOWMIYA_003-TRUSTED,Trusted Household Vendor,10,1,1,8,0,0,0,None,Resolved Genuine,Standard Habitual Purchase,0
TXN-CUST_SOWMIYA_003-10990,2026-08-24 21:55:26,2026-08-24,21:55:26,21,0,0,0,CUST_SOWMIYA_003,55,Bengaluru,Karnataka,High Risk / 26% Fraud Rate,M014,OakLine Furnishings,Furniture,Teak Wood & Modern Home Decor,Madurai,Bypass Road,Tamil Nadu,625016,9.932,78.109,12,38000.0,10:00-21:00,"POS,CARD,TRANSFER,EMI",Invoice redirection fraud / fake payment slips,0.029,72,13543.7,INR,PURCHASE,CARD,MOBILE_APP,1,0,Bengaluru,11.0,0,0,1,DEV-SOWMIYA-ONEPLUS-11,mobile_android,0,BEN-CUST_SOWMIYA_003-TRUSTED,Trusted Household Vendor,13,0,4,20,0,0,0,None,Resolved Genuine,Standard Habitual Purchase,0
TXN-CUST_SOWMIYA_003-10991,2026-08-24 23:23:23,2026-08-24,23:23:23,23,0,0,1,CUST_SOWMIYA_003,55,Bengaluru,Karnataka,High Risk / 26% Fraud Rate,M010,HarborView Residency,Hotel / Hospitality,Business & Luxury Hotel,Chennai,OMR,Tamil Nadu,600096,12.9165,80.2285,6,9500.0,24_HOURS,"ONLINE,POS,CARD,TRANSFER",Online travel booking fraud with stolen corporate credentials,0.041,102,30821.22,INR,PURCHASE,POS,MOBILE_APP,1,0,Bengaluru,10.0,0,0,1,DEV-SOWMIYA-ONEPLUS-11,mobile_android,0,BEN-CUST_SOWMIYA_003-TRUSTED,Trusted Household Vendor,6,0,1,6,0,0,0,None,Resolved Genuine,Standard Habitual Purchase,0
TXN-CUST_SOWMIYA_003-10992,2026-08-25 00:48:28,2026-08-25,00:48:28,0,1,0,1,CUST_SOWMIYA_003,55,Bengaluru,Karnataka,High Risk / 26% Fraud Rate,M021,GlowCraft Salon,Salon / Beauty,Spa & Grooming Studio,Chennai,Porur,Tamil Nadu,600116,13.0382,80.1565,5,2800.0,09:00-21:00,"POS,UPI,CARD",Unusual late-night transaction spikes,0.011,27,22049.46,INR,PURCHASE,UPI,MOBILE_APP,1,0,Bengaluru,8.0,0,0,1,DEV-SOWMIYA-ONEPLUS-11,mobile_android,0,BEN-CUST_SOWMIYA_003-TRUSTED,Trusted Household Vendor,7,0,2,12,0,0,0,None,Resolved Genuine,Standard Habitual Purchase,0
TXN-CUST_SOWMIYA_003-10993,2026-08-25 02:12:30,2026-08-25,02:12:30,2,1,0,1,CUST_SOWMIYA_003,55,Bengaluru,Karnataka,High Risk / 26% Fraud Rate,M014,OakLine Furnishings,Furniture,Teak Wood & Modern Home Decor,Madurai,Bypass Road,Tamil Nadu,625016,9.932,78.109,12,38000.0,10:00-21:00,"POS,CARD,TRANSFER,EMI",Invoice redirection fraud / fake payment slips,0.029,72,23753.83,INR,PURCHASE,EMI,MOBILE_APP,1,0,Bengaluru,14.0,0,0,1,DEV-SOWMIYA-ONEPLUS-11,mobile_android,0,BEN-CUST_SOWMIYA_003-TRUSTED,Trusted Household Vendor,7,1,1,6,0,0,0,None,Resolved Genuine,Standard Habitual Purchase,0
TXN-CUST_SOWMIYA_003-10994,2026-08-25 03:36:17,2026-08-25,03:36:17,3,1,0,1,CUST_SOWMIYA_003,55,Bengaluru,Karnataka,High Risk / 26% Fraud Rate,M021,GlowCraft Salon,Salon / Beauty,Spa & Grooming Studio,Chennai,Porur,Tamil Nadu,600116,13.0382,80.1565,5,2800.0,09:00-21:00,"POS,UPI,CARD",Unusual late-night transaction spikes,0.011,27,21396.52,INR,PURCHASE,UPI,MOBILE_APP,1,0,Bengaluru,4.0,0,0,1,DEV-SOWMIYA-ONEPLUS-11,mobile_android,0,BEN-CUST_SOWMIYA_003-TRUSTED,Trusted Household Vendor,8,1,3,21,0,0,0,None,Resolved Genuine,Standard Habitual Purchase,0
TXN-CUST_SOWMIYA_003-10995,2026-08-25 05:03:07,2026-08-25,05:03:07,5,1,0,1,CUST_SOWMIYA_003,55,Bengaluru,Karnataka,High Risk / 26% Fraud Rate,M005,UrbanThread Studio,Fashion / Apparel,Designer & Ready-to-wear,Chennai,Anna Nagar,Tamil Nadu,600040,13.085,80.2101,5,4800.0,10:30-22:00,"POS,ONLINE,UPI,CARD",Refund abuse / credential stuffing,0.022,55,20246.9,INR,P2P_TRANSFER,POS,WEB_PORTAL,0,1,Lagos,2247.0,1,1,0,DEV-ROGUE-EMULATOR-878,unknown_bot,1,BEN-MULE-8606,QuickMule Transfer 26,0,7,31,133,4,4,0,Account takeover,Pre-auth Block,Automated high-velocity attack from unknown device,1
TXN-CUST_SOWMIYA_003-10996,2026-08-25 06:28:47,2026-08-25,06:28:47,6,1,0,0,CUST_SOWMIYA_003,55,Bengaluru,Karnataka,High Risk / 26% Fraud Rate,M025,ShieldSure Services,Insurance Services,General & Health Insurance Premium,Chennai,Egmore,Tamil Nadu,600008,13.0784,80.2607,13,14000.0,09:30-18:00,"ONLINE,NETBANKING,CARD",Premium diversion / fake policy payment slips,0.019,47,58662.3,INR,P2P_TRANSFER,ONLINE,WEB_PORTAL,0,0,Unknown Proxy,5269.0,1,1,0,DEV-ROGUE-EMULATOR-919,unknown_bot,1,BEN-MULE-8175,QuickMule Transfer 57,0,12,26,109,5,4,1,Account takeover,Pre-auth Block,Automated high-velocity attack from unknown device,1
TXN-CUST_SOWMIYA_003-10997,2026-08-25 07:55:11,2026-08-25,07:55:11,7,1,0,0,CUST_SOWMIYA_003,55,Bengaluru,Karnataka,High Risk / 26% Fraud Rate,M015,HomeSphere Appliances,Home Appliances,"Refrigerators, ACs & Kitchen Tech",Coimbatore,Saibaba Colony,Tamil Nadu,641011,11.0315,76.945,9,27500.0,09:30-21:00,"POS,EMI,CARD,UPI",Carding attacks with immediate in-store pickup,0.038,95,33844.84,INR,PURCHASE,EMI,MOBILE_APP,1,0,Bengaluru,3.0,0,0,1,DEV-SOWMIYA-ONEPLUS-11,mobile_android,0,BEN-CUST_SOWMIYA_003-TRUSTED,Trusted Household Vendor,11,0,1,13,0,0,0,None,Resolved Genuine,Standard Habitual Purchase,0
TXN-CUST_SOWMIYA_003-10998,2026-08-25 09:22:26,2026-08-25,09:22:26,9,1,0,0,CUST_SOWMIYA_003,55,Bengaluru,Karnataka,High Risk / 26% Fraud Rate,M026,GreenLeaf Wellness,Health & Wellness,Organic Nutrition & Ayurveda,Trichy,Srirangam,Tamil Nadu,620006,10.8624,78.6947,6,2100.0,08:00-21:00,"POS,UPI,ONLINE,CARD",Subscription card stuffing,0.013,32,4865.31,INR,P2P_TRANSFER,CARD,WEB_PORTAL,0,1,Moscow,3041.0,1,1,0,DEV-ROGUE-EMULATOR-618,unknown_bot,1,BEN-MULE-6227,QuickMule Transfer 53,0,4,20,90,4,1,1,Card testing,Pre-auth Block,Automated high-velocity attack from unknown device,1
TXN-CUST_SOWMIYA_003-10999,2026-08-25 10:50:42,2026-08-25,10:50:42,10,1,0,0,CUST_SOWMIYA_003,55,Bengaluru,Karnataka,High Risk / 26% Fraud Rate,M003,Pulse Mobile Hub,Mobile Store,Smartphones & Accessories,Chennai,Tambaram,Tamil Nadu,600045,12.9249,80.1278,4,18500.0,09:30-21:30,"POS,UPI,CARD",New device abuse / rapid checkout surge,0.035,87,33465.85,INR,PURCHASE,POS,MOBILE_APP,1,0,Bengaluru,13.0,0,0,1,DEV-SOWMIYA-ONEPLUS-11,mobile_android,0,BEN-CUST_SOWMIYA_003-TRUSTED,Trusted Household Vendor,7,0,2,18,0,0,0,None,Resolved Genuine,Standard Habitual Purchase,0
TXN-CUST_SOWMIYA_003-11000,2026-08-25 12:17:26,2026-08-25,12:17:26,12,1,0,0,CUST_SOWMIYA_003,55,Bengaluru,Karnataka,High Risk / 26% Fraud Rate,M022,SkillSpring Academy,Education / Training,Professional Certifications & Tech Bootcamps,Chennai,Mylapore,Tamil Nadu,600004,13.0368,80.2676,8,22000.0,08:30-19:30,"ONLINE,NETBANKING,CARD,UPI",Stolen corporate card enrollments,0.028,70,79115.68,INR,P2P_TRANSFER,CARD,WEB_PORTAL,0,1,Moscow,3753.0,1,1,0,DEV-ROGUE-EMULATOR-692,unknown_bot,1,BEN-MULE-6226,QuickMule Transfer 75,0,4,19,81,2,3,0,Account takeover,Pre-auth Block,Automated high-velocity attack from unknown device,1
TXN-CUST_SOWMIYA_003-11001,2026-08-25 13:46:16,2026-08-25,13:46:16,13,1,0,0,CUST_SOWMIYA_003,55,Bengaluru,Karnataka,High Risk / 26% Fraud Rate,M004,Aurelia Gold House,Jewellery,Gold & Diamond Jewellery,Coimbatore,RS Puram,Tamil Nadu,641002,11.0089,76.9514,14,78000.0,10:00-20:30,"POS,CARD,TRANSFER",Account takeover / card-not-present luxury surge,0.065,162,37639.31,INR,PURCHASE,CARD,MOBILE_APP,1,0,Bengaluru,9.0,0,0,1,DEV-SOWMIYA-ONEPLUS-11,mobile_android,0,BEN-CUST_SOWMIYA_003-TRUSTED,Trusted Household Vendor,13,0,2,12,0,0,0,None,Resolved Genuine,Standard Habitual Purchase,0
TXN-CUST_SOWMIYA_003-11002,2026-08-25 15:09:52,2026-08-25,15:09:52,15,1,0,0,CUST_SOWMIYA_003,55,Bengaluru,Karnataka,High Risk / 26% Fraud Rate,M029,CloudDesk Digital,Software / Digital Services,Cloud Infrastructure & SaaS Tools,Bengaluru,Whitefield,Karnataka,560066,12.9698,77.7499,7,19800.0,24_HOURS,"ONLINE,CARD,TRANSFER",Cryptomining VM rental with stolen credit cards,0.058,145,89422.11,INR,P2P_TRANSFER,TRANSFER,WEB_PORTAL,0,1,Lagos,3129.0,1,1,0,DEV-ROGUE-EMULATOR-715,unknown_bot,1,BEN-MULE-7726,QuickMule Transfer 39,0,6,26,111,2,3,1,Credential compromise,Pre-auth Block,Automated high-velocity attack from unknown device,1
TXN-CUST_SOWMIYA_003-11003,2026-08-25 16:38:21,2026-08-25,16:38:21,16,1,0,0,CUST_SOWMIYA_003,55,Bengaluru,Karnataka,High Risk / 26% Fraud Rate,M029,CloudDesk Digital,Software / Digital Services,Cloud Infrastructure & SaaS Tools,Bengaluru,Whitefield,Karnataka,560066,12.9698,77.7499,7,19800.0,24_HOURS,"ONLINE,CARD,TRANSFER",Cryptomining VM rental with stolen credit cards,0.058,145,44027.53,INR,P2P_TRANSFER,TRANSFER,WEB_PORTAL,0,1,Moscow,1811.0,1,1,0,DEV-ROGUE-EMULATOR-155,unknown_bot,1,BEN-MULE-6674,QuickMule Transfer 55,0,9,18,79,5,3,1,Mule-account behavior,Pre-auth Block,Automated high-velocity attack from unknown device,1
TXN-CUST_SOWMIYA_003-11004,2026-08-25 18:06:04,2026-08-25,18:06:04,18,1,0,0,CUST_SOWMIYA_003,55,Bengaluru,Karnataka,High Risk / 26% Fraud Rate,M025,ShieldSure Services,Insurance Services,General & Health Insurance Premium,Chennai,Egmore,Tamil Nadu,600008,13.0784,80.2607,13,14000.0,09:30-18:00,"ONLINE,NETBANKING,CARD",Premium diversion / fake policy payment slips,0.019,47,18891.36,INR,PURCHASE,CARD,MOBILE_APP,0,0,Bengaluru,6.0,0,0,1,DEV-SOWMIYA-ONEPLUS-11,mobile_android,0,BEN-CUST_SOWMIYA_003-TRUSTED,Trusted Household Vendor,10,0,1,12,0,0,0,None,Resolved Genuine,Standard Habitual Purchase,0
TXN-CUST_SOWMIYA_003-11005,2026-08-25 19:32:12,2026-08-25,19:32:12,19,1,0,0,CUST_SOWMIYA_003,55,Bengaluru,Karnataka,High Risk / 26% Fraud Rate,M023,SwiftBox Logistics,Courier / Logistics,Express Parcel & Freight Delivery,Tiruppur,Avinashi Road,Tamil Nadu,641603,11.1085,77.3411,9,4200.0,08:00-21:00,"POS,UPI,CARD,ONLINE",Interception fraud / address redirection,0.02,50,44494.86,INR,PURCHASE,UPI,MOBILE_APP,1,0,Bengaluru,14.0,0,0,1,DEV-SOWMIYA-ONEPLUS-11,mobile_android,0,BEN-CUST_SOWMIYA_003-TRUSTED,Trusted Household Vendor,13,0,2,11,0,0,0,None,Resolved Genuine,Standard Habitual Purchase,0
TXN-CUST_SOWMIYA_003-11006,2026-08-25 21:00:11,2026-08-25,21:00:11,21,1,0,0,CUST_SOWMIYA_003,55,Bengaluru,Karnataka,High Risk / 26% Fraud Rate,M002,CircuitBay Electronics,Consumer Electronics,Laptops & Gadgets,Chennai,Velachery,Tamil Nadu,600042,12.9759,80.2212,6,32000.0,10:00-21:30,"POS,ONLINE,EMI,UPI",Stolen payment details / high-ticket electronics delivery,0.048,120,111215.66,INR,P2P_TRANSFER,ONLINE,WEB_PORTAL,0,1,Dubai,3471.0,1,1,0,DEV-ROGUE-EMULATOR-243,unknown_bot,1,BEN-MULE-2114,QuickMule Transfer 25,0,4,31,130,4,4,0,Account takeover,Pre-auth Block,Automated high-velocity attack from unknown device,1
TXN-CUST_SOWMIYA_003-11007,2026-08-25 22:25:59,2026-08-25,22:25:59,22,1,0,0,CUST_SOWMIYA_003,55,Bengaluru,Karnataka,High Risk / 26% Fraud Rate,M023,SwiftBox Logistics,Courier / Logistics,Express Parcel & Freight Delivery,Tiruppur,Avinashi Road,Tamil Nadu,641603,11.1085,77.3411,9,4200.0,08:00-21:00,"POS,UPI,CARD,ONLINE",Interception fraud / address redirection,0.02,50,26570.88,INR,PURCHASE,POS,MOBILE_APP,1,0,Bengaluru,11.0,0,0,1,DEV-SOWMIYA-ONEPLUS-11,mobile_android,0,BEN-CUST_SOWMIYA_003-TRUSTED,Trusted Household Vendor,7,0,1,6,0,0,0,None,Resolved Genuine,Standard Habitual Purchase,0
TXN-CUST_SOWMIYA_003-11008,2026-08-25 23:55:06,2026-08-25,23:55:06,23,1,0,1,CUST_SOWMIYA_003,55,Bengaluru,Karnataka,High Risk / 26% Fraud Rate,M010,HarborView Residency,Hotel / Hospitality,Business & Luxury Hotel,Chennai,OMR,Tamil Nadu,600096,12.9165,80.2285,6,9500.0,24_HOURS,"ONLINE,POS,CARD,TRANSFER",Online travel booking fraud with stolen corporate credentials,0.041,102,30276.75,INR,PURCHASE,CARD,MOBILE_APP,1,0,Bengaluru,7.0,0,0,1,DEV-SOWMIYA-ONEPLUS-11,mobile_android,0,BEN-CUST_SOWMIYA_003-TRUSTED,Trusted Household Vendor,7,0,4,20,0,0,0,None,Resolved Genuine,Standard Habitual Purchase,0
TXN-CUST_SOWMIYA_003-11009,2026-08-26 01:24:16,2026-08-26,01:24:16,1,2,0,1,CUST_SOWMIYA_003,55,Bengaluru,Karnataka,High Risk / 26% Fraud Rate,M005,UrbanThread Studio,Fashion / Apparel,Designer & Ready-to-wear,Chennai,Anna Nagar,Tamil Nadu,600040,13.085,80.2101,5,4800.0,10:30-22:00,"POS,ONLINE,UPI,CARD",Refund abuse / credential stuffing,0.022,55,14600.32,INR,P2P_TRANSFER,CARD,WEB_PORTAL,0,1,Dubai,3319.0,1,1,0,DEV-ROGUE-EMULATOR-609,unknown_bot,1,BEN-MULE-1256,QuickMule Transfer 25,0,12,25,109,5,1,1,Credential compromise,Pre-auth Block,Automated high-velocity attack from unknown device,1
TXN-CUST_SOWMIYA_003-11010,2026-08-26 02:52:20,2026-08-26,02:52:20,2,2,0,1,CUST_SOWMIYA_003,55,Bengaluru,Karnataka,High Risk / 26% Fraud Rate,M008,BeanCircuit Cafe,Cafe,Specialty Coffee & Bakery,Bengaluru,Indiranagar,Karnataka,560038,12.9784,77.6408,3,650.0,07:30-23:00,"UPI,POS,CARD",QR code spoofing / fast velocity dining,0.009,22,19682.81,INR,PURCHASE,POS,MOBILE_APP,1,0,Bengaluru,6.0,0,0,1,DEV-SOWMIYA-ONEPLUS-11,mobile_android,0,BEN-CUST_SOWMIYA_003-TRUSTED,Trusted Household Vendor,14,0,1,10,0,0,0,None,Resolved Genuine,Standard Habitual Purchase,0
TXN-CUST_SOWMIYA_003-11011,2026-08-26 04:17:05,2026-08-26,04:17:05,4,2,0,1,CUST_SOWMIYA_003,55,Bengaluru,Karnataka,High Risk / 26% Fraud Rate,M025,ShieldSure Services,Insurance Services,General & Health Insurance Premium,Chennai,Egmore,Tamil Nadu,600008,13.0784,80.2607,13,14000.0,09:30-18:00,"ONLINE,NETBANKING,CARD",Premium diversion / fake policy payment slips,0.019,47,12396.87,INR,PURCHASE,NETBANKING,MOBILE_APP,0,0,Bengaluru,4.0,0,0,1,DEV-SOWMIYA-ONEPLUS-11,mobile_android,0,BEN-CUST_SOWMIYA_003-TRUSTED,Trusted Household Vendor,13,1,4,26,0,0,0,None,Resolved Genuine,Standard Habitual Purchase,0
TXN-CUST_SOWMIYA_003-11012,2026-08-26 05:43:53,2026-08-26,05:43:53,5,2,0,1,CUST_SOWMIYA_003,55,Bengaluru,Karnataka,High Risk / 26% Fraud Rate,M020,GameGrid Arena,Gaming,"Esports, Consoles & Virtual Credits",Bengaluru,Koramangala,Karnataka,560095,12.9352,77.6245,4,3400.0,10:00-01:00,"ONLINE,UPI,CARD,WALLET",Virtual item laundering & bot-driven micro transactions,0.055,137,41320.29,INR,PURCHASE,UPI,MOBILE_APP,0,0,Bengaluru,11.0,0,0,1,DEV-SOWMIYA-ONEPLUS-11,mobile_android,0,BEN-CUST_SOWMIYA_003-TRUSTED,Trusted Household Vendor,15,0,1,6,0,0,0,None,Resolved Genuine,Standard Habitual Purchase,0
TXN-CUST_SOWMIYA_003-11013,2026-08-26 07:08:51,2026-08-26,07:08:51,7,2,0,0,CUST_SOWMIYA_003,55,Bengaluru,Karnataka,High Risk / 26% Fraud Rate,M008,BeanCircuit Cafe,Cafe,Specialty Coffee & Bakery,Bengaluru,Indiranagar,Karnataka,560038,12.9784,77.6408,3,650.0,07:30-23:00,"UPI,POS,CARD",QR code spoofing / fast velocity dining,0.009,22,28959.18,INR,PURCHASE,CARD,MOBILE_APP,1,0,Bengaluru,2.0,0,0,1,DEV-SOWMIYA-ONEPLUS-11,mobile_android,0,BEN-CUST_SOWMIYA_003-TRUSTED,Trusted Household Vendor,12,0,4,26,0,0,0,None,Resolved Genuine,Standard Habitual Purchase,0
TXN-CUST_SOWMIYA_003-11014,2026-08-26 08:37:51,2026-08-26,08:37:51,8,2,0,0,CUST_SOWMIYA_003,55,Bengaluru,Karnataka,High Risk / 26% Fraud Rate,M019,ArenaSport World,Sports Retail,Fitness Equipment & Sports Wear,Chennai,Nungambakkam,Tamil Nadu,600034,13.0604,80.2405,6,5600.0,10:00-21:30,"POS,ONLINE,UPI,CARD",Stolen card chargeback on premium sports gear,0.026,65,16281.44,INR,PURCHASE,CARD,MOBILE_APP,1,0,Bengaluru,7.0,0,0,1,DEV-SOWMIYA-ONEPLUS-11,mobile_android,0,BEN-CUST_SOWMIYA_003-TRUSTED,Trusted Household Vendor,7,0,2,10,0,0,0,None,Resolved Genuine,Standard Habitual Purchase,0
TXN-CUST_SOWMIYA_003-11015,2026-08-26 10:02:56,2026-08-26,10:02:56,10,2,0,0,CUST_SOWMIYA_003,55,Bengaluru,Karnataka,High Risk / 26% Fraud Rate,M017,AutoForge Parts,Spare Parts,OEM Industrial & Auto Components,Hosur,Mookandapalli,Tamil Nadu,635126,12.7409,77.8253,15,16500.0,09:00-19:30,"TRANSFER,POS,CARD",Business email compromise / fake beneficiary update,0.033,82,15545.45,INR,PURCHASE,TRANSFER,MOBILE_APP,1,0,Bengaluru,15.0,0,0,1,DEV-SOWMIYA-ONEPLUS-11,mobile_android,0,BEN-CUST_SOWMIYA_003-TRUSTED,Trusted Household Vendor,3,0,2,18,0,0,0,None,Resolved Genuine,Standard Habitual Purchase,0
TXN-CUST_SOWMIYA_003-11016,2026-08-26 11:28:54,2026-08-26,11:28:54,11,2,0,0,CUST_SOWMIYA_003,55,Bengaluru,Karnataka,High Risk / 26% Fraud Rate,M010,HarborView Residency,Hotel / Hospitality,Business & Luxury Hotel,Chennai,OMR,Tamil Nadu,600096,12.9165,80.2285,6,9500.0,24_HOURS,"ONLINE,POS,CARD,TRANSFER",Online travel booking fraud with stolen corporate credentials,0.041,102,19781.09,INR,PURCHASE,TRANSFER,MOBILE_APP,1,0,Bengaluru,4.0,0,0,1,DEV-SOWMIYA-ONEPLUS-11,mobile_android,0,BEN-CUST_SOWMIYA_003-TRUSTED,Trusted Household Vendor,8,1,3,19,0,0,0,None,Resolved Genuine,Standard Habitual Purchase,0
TXN-CUST_SOWMIYA_003-11017,2026-08-26 12:52:53,2026-08-26,12:52:53,12,2,0,0,CUST_SOWMIYA_003,55,Bengaluru,Karnataka,High Risk / 26% Fraud Rate,M026,GreenLeaf Wellness,Health & Wellness,Organic Nutrition & Ayurveda,Trichy,Srirangam,Tamil Nadu,620006,10.8624,78.6947,6,2100.0,08:00-21:00,"POS,UPI,ONLINE,CARD",Subscription card stuffing,0.013,32,15664.69,INR,PURCHASE,POS,MOBILE_APP,1,0,Bengaluru,8.0,0,0,1,DEV-SOWMIYA-ONEPLUS-11,mobile_android,0,BEN-CUST_SOWMIYA_003-TRUSTED,Trusted Household Vendor,10,0,1,6,0,0,0,None,Resolved Genuine,Standard Habitual Purchase,0
TXN-CUST_SOWMIYA_003-11018,2026-08-26 14:17:45,2026-08-26,14:17:45,14,2,0,0,CUST_SOWMIYA_003,55,Bengaluru,Karnataka,High Risk / 26% Fraud Rate,M008,BeanCircuit Cafe,Cafe,Specialty Coffee & Bakery,Bengaluru,Indiranagar,Karnataka,560038,12.9784,77.6408,3,650.0,07:30-23:00,"UPI,POS,CARD",QR code spoofing / fast velocity dining,0.009,22,1922.88,INR,P2P_TRANSFER,POS,WEB_PORTAL,0,1,Lagos,4100.0,1,1,0,DEV-ROGUE-EMULATOR-846,unknown_bot,1,BEN-MULE-6416,QuickMule Transfer 36,0,10,33,136,5,3,1,Mule-account behavior,Pre-auth Block,Automated high-velocity attack from unknown device,1
TXN-CUST_SOWMIYA_003-11019,2026-08-26 15:43:03,2026-08-26,15:43:03,15,2,0,0,CUST_SOWMIYA_003,55,Bengaluru,Karnataka,High Risk / 26% Fraud Rate,M029,CloudDesk Digital,Software / Digital Services,Cloud Infrastructure & SaaS Tools,Bengaluru,Whitefield,Karnataka,560066,12.9698,77.7499,7,19800.0,24_HOURS,"ONLINE,CARD,TRANSFER",Cryptomining VM rental with stolen credit cards,0.058,145,33609.6,INR,PURCHASE,CARD,MOBILE_APP,0,0,Bengaluru,3.0,0,0,1,DEV-SOWMIYA-ONEPLUS-11,mobile_android,0,BEN-CUST_SOWMIYA_003-TRUSTED,Trusted Household Vendor,8,0,1,7,0,0,0,None,Resolved Genuine,Standard Habitual Purchase,0
TXN-CUST_SOWMIYA_003-11020,2026-08-26 17:10:16,2026-08-26,17:10:16,17,2,0,0,CUST_SOWMIYA_003,55,Bengaluru,Karnataka,High Risk / 26% Fraud Rate,M004,Aurelia Gold House,Jewellery,Gold & Diamond Jewellery,Coimbatore,RS Puram,Tamil Nadu,641002,11.0089,76.9514,14,78000.0,10:00-20:30,"POS,CARD,TRANSFER",Account takeover / card-not-present luxury surge,0.065,162,311392.97,INR,P2P_TRANSFER,POS,WEB_PORTAL,0,1,Moscow,1294.0,1,1,0,DEV-ROGUE-EMULATOR-128,unknown_bot,1,BEN-MULE-4340,QuickMule Transfer 16,0,11,15,67,3,4,0,Account takeover,Pre-auth Block,Automated high-velocity attack from unknown device,1
TXN-CUST_SOWMIYA_003-11021,2026-08-26 18:38:54,2026-08-26,18:38:54,18,2,0,0,CUST_SOWMIYA_003,55,Bengaluru,Karnataka,High Risk / 26% Fraud Rate,M006,MedicoCare Pharmacy,Pharmacy,Medicines & Surgical Supplies,Madurai,KK Nagar,Tamil Nadu,625020,9.9252,78.1498,10,1450.0,24_HOURS,"POS,UPI,CARD,ONLINE",Nighttime micro card testing,0.015,37,13978.25,INR,PURCHASE,ONLINE,MOBILE_APP,1,0,Bengaluru,11.0,0,0,1,DEV-SOWMIYA-ONEPLUS-11,mobile_android,0,BEN-CUST_SOWMIYA_003-TRUSTED,Trusted Household Vendor,13,0,2,17,0,0,0,None,Resolved Genuine,Standard Habitual Purchase,0
TXN-CUST_SOWMIYA_003-11022,2026-08-26 20:06:13,2026-08-26,20:06:13,20,2,0,0,CUST_SOWMIYA_003,55,Bengaluru,Karnataka,High Risk / 26% Fraud Rate,M008,BeanCircuit Cafe,Cafe,Specialty Coffee & Bakery,Bengaluru,Indiranagar,Karnataka,560038,12.9784,77.6408,3,650.0,07:30-23:00,"UPI,POS,CARD",QR code spoofing / fast velocity dining,0.009,22,2915.67,INR,P2P_TRANSFER,POS,WEB_PORTAL,0,1,Singapore,2314.0,1,1,0,DEV-ROGUE-EMULATOR-673,unknown_bot,1,BEN-MULE-2780,QuickMule Transfer 97,0,9,25,106,2,1,0,Credential compromise,Pre-auth Block,Automated high-velocity attack from unknown device,1
TXN-CUST_SOWMIYA_003-11023,2026-08-26 21:31:14,2026-08-26,21:31:14,21,2,0,0,CUST_SOWMIYA_003,55,Bengaluru,Karnataka,High Risk / 26% Fraud Rate,M005,UrbanThread Studio,Fashion / Apparel,Designer & Ready-to-wear,Chennai,Anna Nagar,Tamil Nadu,600040,13.085,80.2101,5,4800.0,10:30-22:00,"POS,ONLINE,UPI,CARD",Refund abuse / credential stuffing,0.022,55,25527.58,INR,PURCHASE,UPI,MOBILE_APP,1,0,Bengaluru,12.0,0,0,1,DEV-SOWMIYA-ONEPLUS-11,mobile_android,0,BEN-CUST_SOWMIYA_003-TRUSTED,Trusted Household Vendor,8,1,3,17,0,0,0,None,Resolved Genuine,Standard Habitual Purchase,0
TXN-CUST_SOWMIYA_003-11024,2026-08-26 22:57:16,2026-08-26,22:57:16,22,2,0,0,CUST_SOWMIYA_003,55,Bengaluru,Karnataka,High Risk / 26% Fraud Rate,M025,ShieldSure Services,Insurance Services,General & Health Insurance Premium,Chennai,Egmore,Tamil Nadu,600008,13.0784,80.2607,13,14000.0,09:30-18:00,"ONLINE,NETBANKING,CARD",Premium diversion / fake policy payment slips,0.019,47,45489.19,INR,PURCHASE,CARD,MOBILE_APP,0,0,Bengaluru,6.0,0,0,1,DEV-SOWMIYA-ONEPLUS-11,mobile_android,0,BEN-CUST_SOWMIYA_003-TRUSTED,Trusted Household Vendor,9,0,2,12,0,0,0,None,Resolved Genuine,Standard Habitual Purchase,0
TXN-CUST_SOWMIYA_003-11025,2026-08-27 00:24:59,2026-08-27,00:24:59,0,3,0,1,CUST_SOWMIYA_003,55,Bengaluru,Karnataka,High Risk / 26% Fraud Rate,M020,GameGrid Arena,Gaming,"Esports, Consoles & Virtual Credits",Bengaluru,Koramangala,Karnataka,560095,12.9352,77.6245,4,3400.0,10:00-01:00,"ONLINE,UPI,CARD,WALLET",Virtual item laundering & bot-driven micro transactions,0.055,137,8051.45,INR,P2P_TRANSFER,UPI,WEB_PORTAL,0,1,Singapore,3747.0,1,1,0,DEV-ROGUE-EMULATOR-209,unknown_bot,1,BEN-MULE-7069,QuickMule Transfer 85,0,4,17,75,3,2,1,Credential compromise,Pre-auth Block,Automated high-velocity attack from unknown device,1
TXN-CUST_SOWMIYA_003-11026,2026-08-27 01:51:27,2026-08-27,01:51:27,1,3,0,1,CUST_SOWMIYA_003,55,Bengaluru,Karnataka,High Risk / 26% Fraud Rate,M023,SwiftBox Logistics,Courier / Logistics,Express Parcel & Freight Delivery,Tiruppur,Avinashi Road,Tamil Nadu,641603,11.1085,77.3411,9,4200.0,08:00-21:00,"POS,UPI,CARD,ONLINE",Interception fraud / address redirection,0.02,50,18453.89,INR,PURCHASE,UPI,MOBILE_APP,1,0,Bengaluru,11.0,0,0,1,DEV-SOWMIYA-ONEPLUS-11,mobile_android,0,BEN-CUST_SOWMIYA_003-TRUSTED,Trusted Household Vendor,13,0,3,22,0,0,0,None,Resolved Genuine,Standard Habitual Purchase,0
TXN-CUST_SOWMIYA_003-11027,2026-08-27 03:17:58,2026-08-27,03:17:58,3,3,0,1,CUST_SOWMIYA_003,55,Bengaluru,Karnataka,High Risk / 26% Fraud Rate,M011,SkyTrail Travels,Travel Agency,Flight & International Tour Packages,Coimbatore,Gandhipuram,Tamil Nadu,641012,11.0183,76.9664,11,44000.0,09:00-20:00,"ONLINE,TRANSFER,CARD",Mule-account ticket arbitrage & fast cancellation fraud,0.052,130,12358.23,INR,PURCHASE,CARD,MOBILE_APP,0,0,Bengaluru,13.0,0,0,1,DEV-SOWMIYA-ONEPLUS-11,mobile_android,0,BEN-CUST_SOWMIYA_003-TRUSTED,Trusted Household Vendor,10,0,1,14,0,0,0,None,Resolved Genuine,Standard Habitual Purchase,0
TXN-CUST_SOWMIYA_003-11028,2026-08-27 04:41:53,2026-08-27,04:41:53,4,3,0,1,CUST_SOWMIYA_003,55,Bengaluru,Karnataka,High Risk / 26% Fraud Rate,M022,SkillSpring Academy,Education / Training,Professional Certifications & Tech Bootcamps,Chennai,Mylapore,Tamil Nadu,600004,13.0368,80.2676,8,22000.0,08:30-19:30,"ONLINE,NETBANKING,CARD,UPI",Stolen corporate card enrollments,0.028,70,41582.17,INR,PURCHASE,CARD,MOBILE_APP,0,0,Bengaluru,11.0,0,0,1,DEV-SOWMIYA-ONEPLUS-11,mobile_android,0,BEN-CUST_SOWMIYA_003-TRUSTED,Trusted Household Vendor,8,0,2,14,0,0,0,None,Resolved Genuine,Standard Habitual Purchase,0
TXN-CUST_SOWMIYA_003-11029,2026-08-27 06:10:46,2026-08-27,06:10:46,6,3,0,0,CUST_SOWMIYA_003,55,Bengaluru,Karnataka,High Risk / 26% Fraud Rate,M012,DashDine Delivery,Food Delivery,Quick Commerce & Meal Delivery,Chennai,Sholinganallur,Tamil Nadu,600119,12.901,80.2279,4,520.0,06:00-02:00,"UPI,CARD,ONLINE,WALLET",Promo code abuse / stolen wallet balances,0.014,35,1552.41,INR,P2P_TRANSFER,WALLET,WEB_PORTAL,0,1,Moscow,5233.0,1,1,0,DEV-ROGUE-EMULATOR-818,unknown_bot,1,BEN-MULE-5480,QuickMule Transfer 82,0,11,27,114,4,3,0,Card testing,Pre-auth Block,Automated high-velocity attack from unknown device,1
TXN-CUST_SOWMIYA_003-11030,2026-08-27 07:38:56,2026-08-27,07:38:56,7,3,0,0,CUST_SOWMIYA_003,55,Bengaluru,Karnataka,High Risk / 26% Fraud Rate,M008,BeanCircuit Cafe,Cafe,Specialty Coffee & Bakery,Bengaluru,Indiranagar,Karnataka,560038,12.9784,77.6408,3,650.0,07:30-23:00,"UPI,POS,CARD",QR code spoofing / fast velocity dining,0.009,22,12560.2,INR,PURCHASE,POS,MOBILE_APP,1,0,Bengaluru,7.0,0,0,1,DEV-SOWMIYA-ONEPLUS-11,mobile_android,0,BEN-CUST_SOWMIYA_003-TRUSTED,Trusted Household Vendor,3,0,1,6,0,0,0,None,Resolved Genuine,Standard Habitual Purchase,0
TXN-CUST_SOWMIYA_003-11031,2026-08-27 09:04:39,2026-08-27,09:04:39,9,3,0,0,CUST_SOWMIYA_003,55,Bengaluru,Karnataka,High Risk / 26% Fraud Rate,M018,PageTurn Book House,Bookstore,"Academic, Fiction & Stationery",Trichy,Thillai Nagar,Tamil Nadu,620018,10.8282,78.6854,16,850.0,09:00-21:30,"POS,UPI,CARD,ONLINE",Low-value card testing bots,0.008,20,41283.61,INR,PURCHASE,ONLINE,MOBILE_APP,1,0,Bengaluru,15.0,0,0,1,DEV-SOWMIYA-ONEPLUS-11,mobile_android,0,BEN-CUST_SOWMIYA_003-TRUSTED,Trusted Household Vendor,11,1,3,16,0,0,0,None,Resolved Genuine,Standard Habitual Purchase,0
TXN-CUST_SOWMIYA_003-11032,2026-08-27 10:33:49,2026-08-27,10:33:49,10,3,0,0,CUST_SOWMIYA_003,55,Bengaluru,Karnataka,High Risk / 26% Fraud Rate,M022,SkillSpring Academy,Education / Training,Professional Certifications & Tech Bootcamps,Chennai,Mylapore,Tamil Nadu,600004,13.0368,80.2676,8,22000.0,08:30-19:30,"ONLINE,NETBANKING,CARD,UPI",Stolen corporate card enrollments,0.028,70,27045.63,INR,PURCHASE,UPI,MOBILE_APP,0,0,Bengaluru,13.0,0,0,1,DEV-SOWMIYA-ONEPLUS-11,mobile_android,0,BEN-CUST_SOWMIYA_003-TRUSTED,Trusted Household Vendor,10,0,2,13,0,0,0,None,Resolved Genuine,Standard Habitual Purchase,0
TXN-CUST_SOWMIYA_003-11033,2026-08-27 12:01:55,2026-08-27,12:01:55,12,3,0,0,CUST_SOWMIYA_003,55,Bengaluru,Karnataka,High Risk / 26% Fraud Rate,M027,BrickHarbor Realty,Real Estate / Property Services,Rental Escrow & Facility Management,Chennai,Porur,Tamil Nadu,600116,13.035,80.16,11,65000.0,09:00-19:00,"TRANSFER,NETBANKING,CARD",Security deposit phishing / escrow hijacking,0.039,97,45515.85,INR,PURCHASE,NETBANKING,MOBILE_APP,0,0,Bengaluru,6.0,0,0,1,DEV-SOWMIYA-ONEPLUS-11,mobile_android,0,BEN-CUST_SOWMIYA_003-TRUSTED,Trusted Household Vendor,13,0,3,14,0,0,0,None,Resolved Genuine,Standard Habitual Purchase,0
TXN-CUST_SOWMIYA_003-11034,2026-08-27 13:28:49,2026-08-27,13:28:49,13,3,0,0,CUST_SOWMIYA_003,55,Bengaluru,Karnataka,High Risk / 26% Fraud Rate,M005,UrbanThread Studio,Fashion / Apparel,Designer & Ready-to-wear,Chennai,Anna Nagar,Tamil Nadu,600040,13.085,80.2101,5,4800.0,10:30-22:00,"POS,ONLINE,UPI,CARD",Refund abuse / credential stuffing,0.022,55,15547.89,INR,PURCHASE,ONLINE,MOBILE_APP,1,0,Bengaluru,15.0,0,0,1,DEV-SOWMIYA-ONEPLUS-11,mobile_android,0,BEN-CUST_SOWMIYA_003-TRUSTED,Trusted Household Vendor,10,0,1,11,0,0,0,None,Resolved Genuine,Standard Habitual Purchase,0
TXN-CUST_SOWMIYA_003-11035,2026-08-27 14:53:44,2026-08-27,14:53:44,14,3,0,0,CUST_SOWMIYA_003,55,Bengaluru,Karnataka,High Risk / 26% Fraud Rate,M012,DashDine Delivery,Food Delivery,Quick Commerce & Meal Delivery,Chennai,Sholinganallur,Tamil Nadu,600119,12.901,80.2279,4,520.0,06:00-02:00,"UPI,CARD,ONLINE,WALLET",Promo code abuse / stolen wallet balances,0.014,35,36404.95,INR,PURCHASE,WALLET,MOBILE_APP,0,0,Bengaluru,10.0,0,0,1,DEV-SOWMIYA-ONEPLUS-11,mobile_android,0,BEN-CUST_SOWMIYA_003-TRUSTED,Trusted Household Vendor,15,0,1,6,0,0,0,None,Resolved Genuine,Standard Habitual Purchase,0
TXN-CUST_SOWMIYA_003-11036,2026-08-27 16:20:35,2026-08-27,16:20:35,16,3,0,0,CUST_SOWMIYA_003,55,Bengaluru,Karnataka,High Risk / 26% Fraud Rate,M020,GameGrid Arena,Gaming,"Esports, Consoles & Virtual Credits",Bengaluru,Koramangala,Karnataka,560095,12.9352,77.6245,4,3400.0,10:00-01:00,"ONLINE,UPI,CARD,WALLET",Virtual item laundering & bot-driven micro transactions,0.055,137,40621.66,INR,PURCHASE,ONLINE,MOBILE_APP,0,0,Bengaluru,14.0,0,0,1,DEV-SOWMIYA-ONEPLUS-11,mobile_android,0,BEN-CUST_SOWMIYA_003-TRUSTED,Trusted Household Vendor,10,0,3,21,0,0,0,None,Resolved Genuine,Standard Habitual Purchase,0
TXN-CUST_SOWMIYA_003-11037,2026-08-27 17:47:22,2026-08-27,17:47:22,17,3,0,0,CUST_SOWMIYA_003,55,Bengaluru,Karnataka,High Risk / 26% Fraud Rate,M013,CartNest Online,E-commerce,Multi-category Marketplace,Chennai,Guindy,Tamil Nadu,600032,13.0067,80.2026,5,6200.0,24_HOURS,"ONLINE,UPI,CARD,NETBANKING",Account takeover + triangulation shipping fraud,0.045,112,43965.21,INR,PURCHASE,NETBANKING,MOBILE_APP,0,0,Bengaluru,6.0,0,0,1,DEV-SOWMIYA-ONEPLUS-11,mobile_android,0,BEN-CUST_SOWMIYA_003-TRUSTED,Trusted Household Vendor,14,0,1,10,0,0,0,None,Resolved Genuine,Standard Habitual Purchase,0
TXN-CUST_SOWMIYA_003-11038,2026-08-27 19:11:58,2026-08-27,19:11:58,19,3,0,0,CUST_SOWMIYA_003,55,Bengaluru,Karnataka,High Risk / 26% Fraud Rate,M022,SkillSpring Academy,Education / Training,Professional Certifications & Tech Bootcamps,Chennai,Mylapore,Tamil Nadu,600004,13.0368,80.2676,8,22000.0,08:30-19:30,"ONLINE,NETBANKING,CARD,UPI",Stolen corporate card enrollments,0.028,70,24883.07,INR,PURCHASE,NETBANKING,MOBILE_APP,0,0,Bengaluru,1.0,0,0,1,DEV-SOWMIYA-ONEPLUS-11,mobile_android,0,BEN-CUST_SOWMIYA_003-TRUSTED,Trusted Household Vendor,3,0,3,18,0,0,0,None,Resolved Genuine,Standard Habitual Purchase,0
TXN-CUST_SOWMIYA_003-11039,2026-08-27 20:36:51,2026-08-27,20:36:51,20,3,0,0,CUST_SOWMIYA_003,55,Bengaluru,Karnataka,High Risk / 26% Fraud Rate,M021,GlowCraft Salon,Salon / Beauty,Spa & Grooming Studio,Chennai,Porur,Tamil Nadu,600116,13.0382,80.1565,5,2800.0,09:00-21:00,"POS,UPI,CARD",Unusual late-night transaction spikes,0.011,27,31834.04,INR,PURCHASE,UPI,MOBILE_APP,1,0,Bengaluru,15.0,0,0,1,DEV-SOWMIYA-ONEPLUS-11,mobile_android,0,BEN-CUST_SOWMIYA_003-TRUSTED,Trusted Household Vendor,5,0,3,22,0,0,0,None,Resolved Genuine,Standard Habitual Purchase,0
TXN-CUST_SOWMIYA_003-11040,2026-08-27 22:03:41,2026-08-27,22:03:41,22,3,0,0,CUST_SOWMIYA_003,55,Bengaluru,Karnataka,High Risk / 26% Fraud Rate,M005,UrbanThread Studio,Fashion / Apparel,Designer & Ready-to-wear,Chennai,Anna Nagar,Tamil Nadu,600040,13.085,80.2101,5,4800.0,10:30-22:00,"POS,ONLINE,UPI,CARD",Refund abuse / credential stuffing,0.022,55,34850.22,INR,PURCHASE,UPI,MOBILE_APP,1,0,Bengaluru,4.0,0,0,1,DEV-SOWMIYA-ONEPLUS-11,mobile_android,0,BEN-CUST_SOWMIYA_003-TRUSTED,Trusted Household Vendor,12,0,4,24,0,0,0,None,Resolved Genuine,Standard Habitual Purchase,0
TXN-CUST_SOWMIYA_003-11041,2026-08-27 23:31:26,2026-08-27,23:31:26,23,3,0,1,CUST_SOWMIYA_003,55,Bengaluru,Karnataka,High Risk / 26% Fraud Rate,M011,SkyTrail Travels,Travel Agency,Flight & International Tour Packages,Coimbatore,Gandhipuram,Tamil Nadu,641012,11.0183,76.9664,11,44000.0,09:00-20:00,"ONLINE,TRANSFER,CARD",Mule-account ticket arbitrage & fast cancellation fraud,0.052,130,43084.8,INR,PURCHASE,CARD,MOBILE_APP,0,0,Bengaluru,5.0,0,0,1,DEV-SOWMIYA-ONEPLUS-11,mobile_android,0,BEN-CUST_SOWMIYA_003-TRUSTED,Trusted Household Vendor,14,0,3,19,0,0,0,None,Resolved Genuine,Standard Habitual Purchase,0
TXN-CUST_SOWMIYA_003-11042,2026-08-28 00:59:54,2026-08-28,00:59:54,0,4,0,1,CUST_SOWMIYA_003,55,Bengaluru,Karnataka,High Risk / 26% Fraud Rate,M024,LinkWave Telecom,Telecom Retail,Fiber Broadband & Postpaid Plans,Erode,Perundurai Road,Tamil Nadu,638011,11.341,77.7172,10,1950.0,09:30-20:30,"UPI,CARD,ONLINE,POS",SIM swap bill recharge surges,0.017,42,28741.93,INR,PURCHASE,UPI,MOBILE_APP,1,0,Bengaluru,2.0,0,0,1,DEV-SOWMIYA-ONEPLUS-11,mobile_android,0,BEN-CUST_SOWMIYA_003-TRUSTED,Trusted Household Vendor,14,1,2,17,0,0,0,None,Resolved Genuine,Standard Habitual Purchase,0
TXN-CUST_SOWMIYA_003-11043,2026-08-28 02:27:33,2026-08-28,02:27:33,2,4,0,1,CUST_SOWMIYA_003,55,Bengaluru,Karnataka,High Risk / 26% Fraud Rate,M010,HarborView Residency,Hotel / Hospitality,Business & Luxury Hotel,Chennai,OMR,Tamil Nadu,600096,12.9165,80.2285,6,9500.0,24_HOURS,"ONLINE,POS,CARD,TRANSFER",Online travel booking fraud with stolen corporate credentials,0.041,102,34692.05,INR,PURCHASE,ONLINE,MOBILE_APP,1,0,Bengaluru,14.0,0,0,1,DEV-SOWMIYA-ONEPLUS-11,mobile_android,0,BEN-CUST_SOWMIYA_003-TRUSTED,Trusted Household Vendor,10,0,2,18,0,0,0,None,Resolved Genuine,Standard Habitual Purchase,0
TXN-CUST_SOWMIYA_003-11044,2026-08-28 03:52:20,2026-08-28,03:52:20,3,4,0,1,CUST_SOWMIYA_003,55,Bengaluru,Karnataka,High Risk / 26% Fraud Rate,M028,CraftCove Home Decor,Home Decor,Handicrafts & Art Pieces,Thanjavur,Medical College Road,Tamil Nadu,613004,10.7684,79.1245,8,7400.0,09:30-20:30,"POS,UPI,CARD,ONLINE",Cross-border tourist chargebacks,0.023,57,16361.25,INR,PURCHASE,UPI,MOBILE_APP,1,0,Bengaluru,11.0,0,0,1,DEV-SOWMIYA-ONEPLUS-11,mobile_android,0,BEN-CUST_SOWMIYA_003-TRUSTED,Trusted Household Vendor,5,0,1,9,0,0,0,None,Resolved Genuine,Standard Habitual Purchase,0
TXN-CUST_SOWMIYA_003-11045,2026-08-28 05:18:05,2026-08-28,05:18:05,5,4,0,1,CUST_SOWMIYA_003,55,Bengaluru,Karnataka,High Risk / 26% Fraud Rate,M022,SkillSpring Academy,Education / Training,Professional Certifications & Tech Bootcamps,Chennai,Mylapore,Tamil Nadu,600004,13.0368,80.2676,8,22000.0,08:30-19:30,"ONLINE,NETBANKING,CARD,UPI",Stolen corporate card enrollments,0.028,70,42666.54,INR,PURCHASE,CARD,MOBILE_APP,0,0,Bengaluru,8.0,0,0,1,DEV-SOWMIYA-ONEPLUS-11,mobile_android,0,BEN-CUST_SOWMIYA_003-TRUSTED,Trusted Household Vendor,9,0,4,18,0,0,0,None,Resolved Genuine,Standard Habitual Purchase,0
TXN-CUST_SOWMIYA_003-11046,2026-08-28 06:46:05,2026-08-28,06:46:05,6,4,0,0,CUST_SOWMIYA_003,55,Bengaluru,Karnataka,High Risk / 26% Fraud Rate,M009,RapidFuel Station,Fuel Station,"Petrol, Diesel & EV Fast Charge",Salem,Fairlands,Tamil Nadu,636016,11.6643,78.146,9,3100.0,24_HOURS,"POS,FLEET_CARD,UPI",Automated fleet card skimming,0.024,60,44864.5,INR,PURCHASE,UPI,MOBILE_APP,1,0,Bengaluru,5.0,0,0,1,DEV-SOWMIYA-ONEPLUS-11,mobile_android,0,BEN-CUST_SOWMIYA_003-TRUSTED,Trusted Household Vendor,8,0,4,23,0,0,0,None,Resolved Genuine,Standard Habitual Purchase,0
TXN-CUST_SOWMIYA_003-11047,2026-08-28 08:10:05,2026-08-28,08:10:05,8,4,0,0,CUST_SOWMIYA_003,55,Bengaluru,Karnataka,High Risk / 26% Fraud Rate,M006,MedicoCare Pharmacy,Pharmacy,Medicines & Surgical Supplies,Madurai,KK Nagar,Tamil Nadu,625020,9.9252,78.1498,10,1450.0,24_HOURS,"POS,UPI,CARD,ONLINE",Nighttime micro card testing,0.015,37,30293.16,INR,PURCHASE,CARD,MOBILE_APP,1,0,Bengaluru,4.0,0,0,1,DEV-SOWMIYA-ONEPLUS-11,mobile_android,0,BEN-CUST_SOWMIYA_003-TRUSTED,Trusted Household Vendor,3,0,1,6,0,0,0,None,Resolved Genuine,Standard Habitual Purchase,0
TXN-CUST_SOWMIYA_003-11048,2026-08-28 09:39:07,2026-08-28,09:39:07,9,4,0,0,CUST_SOWMIYA_003,55,Bengaluru,Karnataka,High Risk / 26% Fraud Rate,M023,SwiftBox Logistics,Courier / Logistics,Express Parcel & Freight Delivery,Tiruppur,Avinashi Road,Tamil Nadu,641603,11.1085,77.3411,9,4200.0,08:00-21:00,"POS,UPI,CARD,ONLINE",Interception fraud / address redirection,0.02,50,15495.11,INR,P2P_TRANSFER,UPI,WEB_PORTAL,0,1,Lagos,1510.0,1,1,0,DEV-ROGUE-EMULATOR-717,unknown_bot,1,BEN-MULE-3780,QuickMule Transfer 77,0,11,32,137,4,3,1,Card testing,Pre-auth Block,Automated high-velocity attack from unknown device,1
TXN-CUST_SOWMIYA_003-11049,2026-08-28 11:07:11,2026-08-28,11:07:11,11,4,0,0,CUST_SOWMIYA_003,55,Bengaluru,Karnataka,High Risk / 26% Fraud Rate,M029,CloudDesk Digital,Software / Digital Services,Cloud Infrastructure & SaaS Tools,Bengaluru,Whitefield,Karnataka,560066,12.9698,77.7499,7,19800.0,24_HOURS,"ONLINE,CARD,TRANSFER",Cryptomining VM rental with stolen credit cards,0.058,145,70746.01,INR,P2P_TRANSFER,TRANSFER,WEB_PORTAL,0,1,Singapore,2695.0,1,1,0,DEV-ROGUE-EMULATOR-913,unknown_bot,1,BEN-MULE-4555,QuickMule Transfer 39,0,7,31,133,3,3,0,Mule-account behavior,Pre-auth Block,Automated high-velocity attack from unknown device,1
TXN-CUST_SOWMIYA_003-11050,2026-08-28 12:31:45,2026-08-28,12:31:45,12,4,0,0,CUST_SOWMIYA_003,55,Bengaluru,Karnataka,High Risk / 26% Fraud Rate,M026,GreenLeaf Wellness,Health & Wellness,Organic Nutrition & Ayurveda,Trichy,Srirangam,Tamil Nadu,620006,10.8624,78.6947,6,2100.0,08:00-21:00,"POS,UPI,ONLINE,CARD",Subscription card stuffing,0.013,32,8826.86,INR,P2P_TRANSFER,POS,WEB_PORTAL,0,1,Lagos,4626.0,1,1,0,DEV-ROGUE-EMULATOR-632,unknown_bot,1,BEN-MULE-3260,QuickMule Transfer 58,0,6,14,65,4,1,1,Card testing,Pre-auth Block,Automated high-velocity attack from unknown device,1
TXN-CUST_SOWMIYA_003-11051,2026-08-28 13:57:48,2026-08-28,13:57:48,13,4,0,0,CUST_SOWMIYA_003,55,Bengaluru,Karnataka,High Risk / 26% Fraud Rate,M006,MedicoCare Pharmacy,Pharmacy,Medicines & Surgical Supplies,Madurai,KK Nagar,Tamil Nadu,625020,9.9252,78.1498,10,1450.0,24_HOURS,"POS,UPI,CARD,ONLINE",Nighttime micro card testing,0.015,37,13715.76,INR,PURCHASE,ONLINE,MOBILE_APP,1,0,Bengaluru,4.0,0,0,1,DEV-SOWMIYA-ONEPLUS-11,mobile_android,0,BEN-CUST_SOWMIYA_003-TRUSTED,Trusted Household Vendor,14,0,3,20,0,0,0,None,Resolved Genuine,Standard Habitual Purchase,0
TXN-CUST_SOWMIYA_003-11052,2026-08-28 15:27:02,2026-08-28,15:27:02,15,4,0,0,CUST_SOWMIYA_003,55,Bengaluru,Karnataka,High Risk / 26% Fraud Rate,M027,BrickHarbor Realty,Real Estate / Property Services,Rental Escrow & Facility Management,Chennai,Porur,Tamil Nadu,600116,13.035,80.16,11,65000.0,09:00-19:00,"TRANSFER,NETBANKING,CARD",Security deposit phishing / escrow hijacking,0.039,97,23139.71,INR,PURCHASE,NETBANKING,MOBILE_APP,0,0,Bengaluru,14.0,0,0,1,DEV-SOWMIYA-ONEPLUS-11,mobile_android,0,BEN-CUST_SOWMIYA_003-TRUSTED,Trusted Household Vendor,8,0,3,17,0,0,0,None,Resolved Genuine,Standard Habitual Purchase,0
TXN-CUST_SOWMIYA_003-11053,2026-08-28 16:51:06,2026-08-28,16:51:06,16,4,0,0,CUST_SOWMIYA_003,55,Bengaluru,Karnataka,High Risk / 26% Fraud Rate,M001,NovaMart Fresh,Grocery & Supermarket,Supermarket / Hypermarket,Chennai,T Nagar,Tamil Nadu,600017,13.0418,80.2341,8,1250.0,07:00-22:30,"POS,UPI,CARD,ONLINE",Card testing / micro-burst velocity,0.012,30,3385.3,INR,P2P_TRANSFER,ONLINE,WEB_PORTAL,0,0,Unknown Proxy,2793.0,1,1,0,DEV-ROGUE-EMULATOR-673,unknown_bot,1,BEN-MULE-6920,QuickMule Transfer 16,0,5,29,121,5,2,1,Credential compromise,Pre-auth Block,Automated high-velocity attack from unknown device,1
TXN-CUST_SOWMIYA_003-11054,2026-08-28 18:19:33,2026-08-28,18:19:33,18,4,0,0,CUST_SOWMIYA_003,55,Bengaluru,Karnataka,High Risk / 26% Fraud Rate,M015,HomeSphere Appliances,Home Appliances,"Refrigerators, ACs & Kitchen Tech",Coimbatore,Saibaba Colony,Tamil Nadu,641011,11.0315,76.945,9,27500.0,09:30-21:00,"POS,EMI,CARD,UPI",Carding attacks with immediate in-store pickup,0.038,95,26765.79,INR,PURCHASE,UPI,MOBILE_APP,1,0,Bengaluru,14.0,0,0,1,DEV-SOWMIYA-ONEPLUS-11,mobile_android,0,BEN-CUST_SOWMIYA_003-TRUSTED,Trusted Household Vendor,5,0,1,9,0,0,0,None,Resolved Genuine,Standard Habitual Purchase,0
TXN-CUST_SOWMIYA_003-11055,2026-08-28 19:48:17,2026-08-28,19:48:17,19,4,0,0,CUST_SOWMIYA_003,55,Bengaluru,Karnataka,High Risk / 26% Fraud Rate,M009,RapidFuel Station,Fuel Station,"Petrol, Diesel & EV Fast Charge",Salem,Fairlands,Tamil Nadu,636016,11.6643,78.146,9,3100.0,24_HOURS,"POS,FLEET_CARD,UPI",Automated fleet card skimming,0.024,60,43593.88,INR,PURCHASE,POS,MOBILE_APP,1,0,Bengaluru,12.0,0,0,1,DEV-SOWMIYA-ONEPLUS-11,mobile_android,0,BEN-CUST_SOWMIYA_003-TRUSTED,Trusted Household Vendor,3,0,3,21,0,0,0,None,Resolved Genuine,Standard Habitual Purchase,0
TXN-CUST_SOWMIYA_003-11056,2026-08-28 21:15:42,2026-08-28,21:15:42,21,4,0,0,CUST_SOWMIYA_003,55,Bengaluru,Karnataka,High Risk / 26% Fraud Rate,M012,DashDine Delivery,Food Delivery,Quick Commerce & Meal Delivery,Chennai,Sholinganallur,Tamil Nadu,600119,12.901,80.2279,4,520.0,06:00-02:00,"UPI,CARD,ONLINE,WALLET",Promo code abuse / stolen wallet balances,0.014,35,32143.57,INR,PURCHASE,CARD,MOBILE_APP,0,0,Bengaluru,14.0,0,0,1,DEV-SOWMIYA-ONEPLUS-11,mobile_android,0,BEN-CUST_SOWMIYA_003-TRUSTED,Trusted Household Vendor,11,0,1,12,0,0,0,None,Resolved Genuine,Standard Habitual Purchase,0
TXN-CUST_SOWMIYA_003-11057,2026-08-28 22:42:22,2026-08-28,22:42:22,22,4,0,0,CUST_SOWMIYA_003,55,Bengaluru,Karnataka,High Risk / 26% Fraud Rate,M001,NovaMart Fresh,Grocery & Supermarket,Supermarket / Hypermarket,Chennai,T Nagar,Tamil Nadu,600017,13.0418,80.2341,8,1250.0,07:00-22:30,"POS,UPI,CARD,ONLINE",Card testing / micro-burst velocity,0.012,30,11408.85,INR,PURCHASE,ONLINE,MOBILE_APP,1,0,Bengaluru,1.0,0,0,1,DEV-SOWMIYA-ONEPLUS-11,mobile_android,0,BEN-CUST_SOWMIYA_003-TRUSTED,Trusted Household Vendor,3,0,2,11,0,0,0,None,Resolved Genuine,Standard Habitual Purchase,0
TXN-CUST_SOWMIYA_003-11058,2026-08-29 00:10:59,2026-08-29,00:10:59,0,5,1,1,CUST_SOWMIYA_003,55,Bengaluru,Karnataka,High Risk / 26% Fraud Rate,M025,ShieldSure Services,Insurance Services,General & Health Insurance Premium,Chennai,Egmore,Tamil Nadu,600008,13.0784,80.2607,13,14000.0,09:30-18:00,"ONLINE,NETBANKING,CARD",Premium diversion / fake policy payment slips,0.019,47,15546.36,INR,PURCHASE,ONLINE,MOBILE_APP,0,0,Bengaluru,10.0,0,0,1,DEV-SOWMIYA-ONEPLUS-11,mobile_android,0,BEN-CUST_SOWMIYA_003-TRUSTED,Trusted Household Vendor,8,0,3,17,0,0,0,None,Resolved Genuine,Standard Habitual Purchase,0
TXN-CUST_SOWMIYA_003-11059,2026-08-29 01:37:58,2026-08-29,01:37:58,1,5,1,1,CUST_SOWMIYA_003,55,Bengaluru,Karnataka,High Risk / 26% Fraud Rate,M021,GlowCraft Salon,Salon / Beauty,Spa & Grooming Studio,Chennai,Porur,Tamil Nadu,600116,13.0382,80.1565,5,2800.0,09:00-21:00,"POS,UPI,CARD",Unusual late-night transaction spikes,0.011,27,10630.64,INR,P2P_TRANSFER,UPI,WEB_PORTAL,0,1,Dubai,2276.0,1,1,0,DEV-ROGUE-EMULATOR-890,unknown_bot,1,BEN-MULE-9455,QuickMule Transfer 69,0,7,18,75,2,3,0,Credential compromise,Pre-auth Block,Automated high-velocity attack from unknown device,1
TXN-CUST_SOWMIYA_003-11060,2026-08-29 03:04:08,2026-08-29,03:04:08,3,5,1,1,CUST_SOWMIYA_003,55,Bengaluru,Karnataka,High Risk / 26% Fraud Rate,M015,HomeSphere Appliances,Home Appliances,"Refrigerators, ACs & Kitchen Tech",Coimbatore,Saibaba Colony,Tamil Nadu,641011,11.0315,76.945,9,27500.0,09:30-21:00,"POS,EMI,CARD,UPI",Carding attacks with immediate in-store pickup,0.038,95,38402.95,INR,PURCHASE,POS,MOBILE_APP,1,0,Bengaluru,1.0,0,0,1,DEV-SOWMIYA-ONEPLUS-11,mobile_android,0,BEN-CUST_SOWMIYA_003-TRUSTED,Trusted Household Vendor,3,1,2,16,0,0,0,None,Resolved Genuine,Standard Habitual Purchase,0
TXN-CUST_SOWMIYA_003-11061,2026-08-29 04:32:43,2026-08-29,04:32:43,4,5,1,1,CUST_SOWMIYA_003,55,Bengaluru,Karnataka,High Risk / 26% Fraud Rate,M029,CloudDesk Digital,Software / Digital Services,Cloud Infrastructure & SaaS Tools,Bengaluru,Whitefield,Karnataka,560066,12.9698,77.7499,7,19800.0,24_HOURS,"ONLINE,CARD,TRANSFER",Cryptomining VM rental with stolen credit cards,0.058,145,32091.3,INR,PURCHASE,TRANSFER,MOBILE_APP,0,0,Bengaluru,2.0,0,0,1,DEV-SOWMIYA-ONEPLUS-11,mobile_android,0,BEN-CUST_SOWMIYA_003-TRUSTED,Trusted Household Vendor,5,0,1,10,0,0,0,None,Resolved Genuine,Standard Habitual Purchase,0
TXN-CUST_SOWMIYA_003-11062,2026-08-29 05:56:50,2026-08-29,05:56:50,5,5,1,1,CUST_SOWMIYA_003,55,Bengaluru,Karnataka,High Risk / 26% Fraud Rate,M008,BeanCircuit Cafe,Cafe,Specialty Coffee & Bakery,Bengaluru,Indiranagar,Karnataka,560038,12.9784,77.6408,3,650.0,07:30-23:00,"UPI,POS,CARD",QR code spoofing / fast velocity dining,0.009,22,43300.22,INR,PURCHASE,CARD,MOBILE_APP,1,0,Bengaluru,1.0,0,0,1,DEV-SOWMIYA-ONEPLUS-11,mobile_android,0,BEN-CUST_SOWMIYA_003-TRUSTED,Trusted Household Vendor,10,0,4,23,0,0,0,None,Resolved Genuine,Standard Habitual Purchase,0
TXN-CUST_SOWMIYA_003-11063,2026-08-29 07:23:20,2026-08-29,07:23:20,7,5,1,0,CUST_SOWMIYA_003,55,Bengaluru,Karnataka,High Risk / 26% Fraud Rate,M026,GreenLeaf Wellness,Health & Wellness,Organic Nutrition & Ayurveda,Trichy,Srirangam,Tamil Nadu,620006,10.8624,78.6947,6,2100.0,08:00-21:00,"POS,UPI,ONLINE,CARD",Subscription card stuffing,0.013,32,27973.12,INR,PURCHASE,ONLINE,MOBILE_APP,1,0,Bengaluru,6.0,0,0,1,DEV-SOWMIYA-ONEPLUS-11,mobile_android,0,BEN-CUST_SOWMIYA_003-TRUSTED,Trusted Household Vendor,3,0,3,15,0,0,0,None,Resolved Genuine,Standard Habitual Purchase,0
TXN-CUST_SOWMIYA_003-11064,2026-08-29 08:48:33,2026-08-29,08:48:33,8,5,1,0,CUST_SOWMIYA_003,55,Bengaluru,Karnataka,High Risk / 26% Fraud Rate,M002,CircuitBay Electronics,Consumer Electronics,Laptops & Gadgets,Chennai,Velachery,Tamil Nadu,600042,12.9759,80.2212,6,32000.0,10:00-21:30,"POS,ONLINE,EMI,UPI",Stolen payment details / high-ticket electronics delivery,0.048,120,21546.32,INR,PURCHASE,UPI,MOBILE_APP,1,0,Bengaluru,14.0,0,0,1,DEV-SOWMIYA-ONEPLUS-11,mobile_android,0,BEN-CUST_SOWMIYA_003-TRUSTED,Trusted Household Vendor,6,0,2,16,0,0,0,None,Resolved Genuine,Standard Habitual Purchase,0
TXN-CUST_SOWMIYA_003-11065,2026-08-29 10:15:41,2026-08-29,10:15:41,10,5,1,0,CUST_SOWMIYA_003,55,Bengaluru,Karnataka,High Risk / 26% Fraud Rate,M022,SkillSpring Academy,Education / Training,Professional Certifications & Tech Bootcamps,Chennai,Mylapore,Tamil Nadu,600004,13.0368,80.2676,8,22000.0,08:30-19:30,"ONLINE,NETBANKING,CARD,UPI",Stolen corporate card enrollments,0.028,70,24852.44,INR,PURCHASE,ONLINE,MOBILE_APP,0,0,Bengaluru,8.0,0,0,1,DEV-SOWMIYA-ONEPLUS-11,mobile_android,0,BEN-CUST_SOWMIYA_003-TRUSTED,Trusted Household Vendor,8,1,4,26,0,0,0,None,Resolved Genuine,Standard Habitual Purchase,0
TXN-CUST_SOWMIYA_003-11066,2026-08-29 11:44:33,2026-08-29,11:44:33,11,5,1,0,CUST_SOWMIYA_003,55,Bengaluru,Karnataka,High Risk / 26% Fraud Rate,M010,HarborView Residency,Hotel / Hospitality,Business & Luxury Hotel,Chennai,OMR,Tamil Nadu,600096,12.9165,80.2285,6,9500.0,24_HOURS,"ONLINE,POS,CARD,TRANSFER",Online travel booking fraud with stolen corporate credentials,0.041,102,37637.28,INR,PURCHASE,CARD,MOBILE_APP,1,0,Bengaluru,3.0,0,0,1,DEV-SOWMIYA-ONEPLUS-11,mobile_android,0,BEN-CUST_SOWMIYA_003-TRUSTED,Trusted Household Vendor,13,1,2,15,0,0,0,None,Resolved Genuine,Standard Habitual Purchase,0
TXN-CUST_SOWMIYA_003-11067,2026-08-29 13:13:26,2026-08-29,13:13:26,13,5,1,0,CUST_SOWMIYA_003,55,Bengaluru,Karnataka,High Risk / 26% Fraud Rate,M022,SkillSpring Academy,Education / Training,Professional Certifications & Tech Bootcamps,Chennai,Mylapore,Tamil Nadu,600004,13.0368,80.2676,8,22000.0,08:30-19:30,"ONLINE,NETBANKING,CARD,UPI",Stolen corporate card enrollments,0.028,70,44041.52,INR,PURCHASE,UPI,MOBILE_APP,0,0,Bengaluru,5.0,0,0,1,DEV-SOWMIYA-ONEPLUS-11,mobile_android,0,BEN-CUST_SOWMIYA_003-TRUSTED,Trusted Household Vendor,4,0,2,16,0,0,0,None,Resolved Genuine,Standard Habitual Purchase,0
TXN-CUST_SOWMIYA_003-11068,2026-08-29 14:38:24,2026-08-29,14:38:24,14,5,1,0,CUST_SOWMIYA_003,55,Bengaluru,Karnataka,High Risk / 26% Fraud Rate,M007,SpiceRoute Kitchen,Restaurant,Fine Dining & Chettinad,Chennai,Adyar,Tamil Nadu,600020,13.0012,80.2565,7,2200.0,11:30-23:30,"POS,UPI,CARD",Cloned card POS terminal replay,0.018,45,43174.09,INR,PURCHASE,UPI,MOBILE_APP,1,0,Bengaluru,10.0,0,0,1,DEV-SOWMIYA-ONEPLUS-11,mobile_android,0,BEN-CUST_SOWMIYA_003-TRUSTED,Trusted Household Vendor,4,0,3,20,0,0,0,None,Resolved Genuine,Standard Habitual Purchase,0
TXN-CUST_SOWMIYA_003-11069,2026-08-29 16:04:30,2026-08-29,16:04:30,16,5,1,0,CUST_SOWMIYA_003,55,Bengaluru,Karnataka,High Risk / 26% Fraud Rate,M002,CircuitBay Electronics,Consumer Electronics,Laptops & Gadgets,Chennai,Velachery,Tamil Nadu,600042,12.9759,80.2212,6,32000.0,10:00-21:30,"POS,ONLINE,EMI,UPI",Stolen payment details / high-ticket electronics delivery,0.048,120,26503.4,INR,PURCHASE,EMI,MOBILE_APP,1,0,Bengaluru,15.0,0,0,1,DEV-SOWMIYA-ONEPLUS-11,mobile_android,0,BEN-CUST_SOWMIYA_003-TRUSTED,Trusted Household Vendor,12,0,4,26,0,0,0,None,Resolved Genuine,Standard Habitual Purchase,0
TXN-CUST_SOWMIYA_003-11070,2026-08-29 17:29:47,2026-08-29,17:29:47,17,5,1,0,CUST_SOWMIYA_003,55,Bengaluru,Karnataka,High Risk / 26% Fraud Rate,M009,RapidFuel Station,Fuel Station,"Petrol, Diesel & EV Fast Charge",Salem,Fairlands,Tamil Nadu,636016,11.6643,78.146,9,3100.0,24_HOURS,"POS,FLEET_CARD,UPI",Automated fleet card skimming,0.024,60,32624.32,INR,PURCHASE,FLEET_CARD,MOBILE_APP,1,0,Bengaluru,13.0,0,0,1,DEV-SOWMIYA-ONEPLUS-11,mobile_android,0,BEN-CUST_SOWMIYA_003-TRUSTED,Trusted Household Vendor,13,1,4,25,0,0,0,None,Resolved Genuine,Standard Habitual Purchase,0
TXN-CUST_SOWMIYA_003-11071,2026-08-29 18:57:02,2026-08-29,18:57:02,18,5,1,0,CUST_SOWMIYA_003,55,Bengaluru,Karnataka,High Risk / 26% Fraud Rate,M014,OakLine Furnishings,Furniture,Teak Wood & Modern Home Decor,Madurai,Bypass Road,Tamil Nadu,625016,9.932,78.109,12,38000.0,10:00-21:00,"POS,CARD,TRANSFER,EMI",Invoice redirection fraud / fake payment slips,0.029,72,21307.63,INR,PURCHASE,EMI,MOBILE_APP,1,0,Bengaluru,2.0,0,0,1,DEV-SOWMIYA-ONEPLUS-11,mobile_android,0,BEN-CUST_SOWMIYA_003-TRUSTED,Trusted Household Vendor,13,0,2,18,0,0,0,None,Resolved Genuine,Standard Habitual Purchase,0
TXN-CUST_SOWMIYA_003-11072,2026-08-29 20:24:06,2026-08-29,20:24:06,20,5,1,0,CUST_SOWMIYA_003,55,Bengaluru,Karnataka,High Risk / 26% Fraud Rate,M011,SkyTrail Travels,Travel Agency,Flight & International Tour Packages,Coimbatore,Gandhipuram,Tamil Nadu,641012,11.0183,76.9664,11,44000.0,09:00-20:00,"ONLINE,TRANSFER,CARD",Mule-account ticket arbitrage & fast cancellation fraud,0.052,130,18808.62,INR,PURCHASE,CARD,MOBILE_APP,0,0,Bengaluru,8.0,0,0,1,DEV-SOWMIYA-ONEPLUS-11,mobile_android,0,BEN-CUST_SOWMIYA_003-TRUSTED,Trusted Household Vendor,7,1,2,13,0,0,0,None,Resolved Genuine,Standard Habitual Purchase,0
TXN-CUST_SOWMIYA_003-11073,2026-08-29 21:52:46,2026-08-29,21:52:46,21,5,1,0,CUST_SOWMIYA_003,55,Bengaluru,Karnataka,High Risk / 26% Fraud Rate,M004,Aurelia Gold House,Jewellery,Gold & Diamond Jewellery,Coimbatore,RS Puram,Tamil Nadu,641002,11.0089,76.9514,14,78000.0,10:00-20:30,"POS,CARD,TRANSFER",Account takeover / card-not-present luxury surge,0.065,162,333332.88,INR,P2P_TRANSFER,POS,WEB_PORTAL,0,0,Unknown Proxy,5472.0,1,1,0,DEV-ROGUE-EMULATOR-464,unknown_bot,1,BEN-MULE-5430,QuickMule Transfer 66,0,6,20,86,3,4,1,Mule-account behavior,Pre-auth Block,Automated high-velocity attack from unknown device,1
TXN-CUST_SOWMIYA_003-11074,2026-08-29 23:16:24,2026-08-29,23:16:24,23,5,1,1,CUST_SOWMIYA_003,55,Bengaluru,Karnataka,High Risk / 26% Fraud Rate,M021,GlowCraft Salon,Salon / Beauty,Spa & Grooming Studio,Chennai,Porur,Tamil Nadu,600116,13.0382,80.1565,5,2800.0,09:00-21:00,"POS,UPI,CARD",Unusual late-night transaction spikes,0.011,27,31549.97,INR,PURCHASE,UPI,MOBILE_APP,1,0,Bengaluru,7.0,0,0,1,DEV-SOWMIYA-ONEPLUS-11,mobile_android,0,BEN-CUST_SOWMIYA_003-TRUSTED,Trusted Household Vendor,8,0,4,20,0,0,0,None,Resolved Genuine,Standard Habitual Purchase,0
TXN-CUST_SOWMIYA_003-11075,2026-08-30 00:45:43,2026-08-30,00:45:43,0,6,1,1,CUST_SOWMIYA_003,55,Bengaluru,Karnataka,High Risk / 26% Fraud Rate,M029,CloudDesk Digital,Software / Digital Services,Cloud Infrastructure & SaaS Tools,Bengaluru,Whitefield,Karnataka,560066,12.9698,77.7499,7,19800.0,24_HOURS,"ONLINE,CARD,TRANSFER",Cryptomining VM rental with stolen credit cards,0.058,145,35245.68,INR,PURCHASE,ONLINE,MOBILE_APP,0,0,Bengaluru,10.0,0,0,1,DEV-SOWMIYA-ONEPLUS-11,mobile_android,0,BEN-CUST_SOWMIYA_003-TRUSTED,Trusted Household Vendor,15,1,1,8,0,0,0,None,Resolved Genuine,Standard Habitual Purchase,0
TXN-CUST_SOWMIYA_003-11076,2026-08-30 02:11:56,2026-08-30,02:11:56,2,6,1,1,CUST_SOWMIYA_003,55,Bengaluru,Karnataka,High Risk / 26% Fraud Rate,M007,SpiceRoute Kitchen,Restaurant,Fine Dining & Chettinad,Chennai,Adyar,Tamil Nadu,600020,13.0012,80.2565,7,2200.0,11:30-23:30,"POS,UPI,CARD",Cloned card POS terminal replay,0.018,45,9622.1,INR,P2P_TRANSFER,POS,WEB_PORTAL,0,1,Lagos,4183.0,1,1,0,DEV-ROGUE-EMULATOR-220,unknown_bot,1,BEN-MULE-5082,QuickMule Transfer 10,0,10,27,118,3,1,1,Credential compromise,Pre-auth Block,Automated high-velocity attack from unknown device,1
TXN-CUST_SOWMIYA_003-11077,2026-08-30 03:40:01,2026-08-30,03:40:01,3,6,1,1,CUST_SOWMIYA_003,55,Bengaluru,Karnataka,High Risk / 26% Fraud Rate,M015,HomeSphere Appliances,Home Appliances,"Refrigerators, ACs & Kitchen Tech",Coimbatore,Saibaba Colony,Tamil Nadu,641011,11.0315,76.945,9,27500.0,09:30-21:00,"POS,EMI,CARD,UPI",Carding attacks with immediate in-store pickup,0.038,95,33962.83,INR,PURCHASE,EMI,MOBILE_APP,1,0,Bengaluru,14.0,0,0,1,DEV-SOWMIYA-ONEPLUS-11,mobile_android,0,BEN-CUST_SOWMIYA_003-TRUSTED,Trusted Household Vendor,8,0,1,8,0,0,0,None,Resolved Genuine,Standard Habitual Purchase,0
TXN-CUST_SOWMIYA_003-11078,2026-08-30 05:07:39,2026-08-30,05:07:39,5,6,1,1,CUST_SOWMIYA_003,55,Bengaluru,Karnataka,High Risk / 26% Fraud Rate,M006,MedicoCare Pharmacy,Pharmacy,Medicines & Surgical Supplies,Madurai,KK Nagar,Tamil Nadu,625020,9.9252,78.1498,10,1450.0,24_HOURS,"POS,UPI,CARD,ONLINE",Nighttime micro card testing,0.015,37,23042.34,INR,PURCHASE,POS,MOBILE_APP,1,0,Bengaluru,7.0,0,0,1,DEV-SOWMIYA-ONEPLUS-11,mobile_android,0,BEN-CUST_SOWMIYA_003-TRUSTED,Trusted Household Vendor,12,0,1,11,0,0,0,None,Resolved Genuine,Standard Habitual Purchase,0
TXN-CUST_SOWMIYA_003-11079,2026-08-30 06:36:33,2026-08-30,06:36:33,6,6,1,0,CUST_SOWMIYA_003,55,Bengaluru,Karnataka,High Risk / 26% Fraud Rate,M026,GreenLeaf Wellness,Health & Wellness,Organic Nutrition & Ayurveda,Trichy,Srirangam,Tamil Nadu,620006,10.8624,78.6947,6,2100.0,08:00-21:00,"POS,UPI,ONLINE,CARD",Subscription card stuffing,0.013,32,29789.08,INR,PURCHASE,UPI,MOBILE_APP,1,0,Bengaluru,7.0,0,0,1,DEV-SOWMIYA-ONEPLUS-11,mobile_android,0,BEN-CUST_SOWMIYA_003-TRUSTED,Trusted Household Vendor,14,0,1,6,0,0,0,None,Resolved Genuine,Standard Habitual Purchase,0
TXN-CUST_SOWMIYA_003-11080,2026-08-30 08:01:10,2026-08-30,08:01:10,8,6,1,0,CUST_SOWMIYA_003,55,Bengaluru,Karnataka,High Risk / 26% Fraud Rate,M009,RapidFuel Station,Fuel Station,"Petrol, Diesel & EV Fast Charge",Salem,Fairlands,Tamil Nadu,636016,11.6643,78.146,9,3100.0,24_HOURS,"POS,FLEET_CARD,UPI",Automated fleet card skimming,0.024,60,13902.58,INR,PURCHASE,UPI,MOBILE_APP,1,0,Bengaluru,15.0,0,0,1,DEV-SOWMIYA-ONEPLUS-11,mobile_android,0,BEN-CUST_SOWMIYA_003-TRUSTED,Trusted Household Vendor,8,0,4,21,0,0,0,None,Resolved Genuine,Standard Habitual Purchase,0
TXN-CUST_SOWMIYA_003-11081,2026-08-30 09:25:19,2026-08-30,09:25:19,9,6,1,0,CUST_SOWMIYA_003,55,Bengaluru,Karnataka,High Risk / 26% Fraud Rate,M017,AutoForge Parts,Spare Parts,OEM Industrial & Auto Components,Hosur,Mookandapalli,Tamil Nadu,635126,12.7409,77.8253,15,16500.0,09:00-19:30,"TRANSFER,POS,CARD",Business email compromise / fake beneficiary update,0.033,82,22452.66,INR,PURCHASE,CARD,MOBILE_APP,1,0,Bengaluru,12.0,0,0,1,DEV-SOWMIYA-ONEPLUS-11,mobile_android,0,BEN-CUST_SOWMIYA_003-TRUSTED,Trusted Household Vendor,12,0,3,21,0,0,0,None,Resolved Genuine,Standard Habitual Purchase,0
TXN-CUST_SOWMIYA_003-11082,2026-08-30 10:53:55,2026-08-30,10:53:55,10,6,1,0,CUST_SOWMIYA_003,55,Bengaluru,Karnataka,High Risk / 26% Fraud Rate,M026,GreenLeaf Wellness,Health & Wellness,Organic Nutrition & Ayurveda,Trichy,Srirangam,Tamil Nadu,620006,10.8624,78.6947,6,2100.0,08:00-21:00,"POS,UPI,ONLINE,CARD",Subscription card stuffing,0.013,32,26488.72,INR,PURCHASE,POS,MOBILE_APP,1,0,Bengaluru,1.0,0,0,1,DEV-SOWMIYA-ONEPLUS-11,mobile_android,0,BEN-CUST_SOWMIYA_003-TRUSTED,Trusted Household Vendor,9,0,1,6,0,0,0,None,Resolved Genuine,Standard Habitual Purchase,0
TXN-CUST_SOWMIYA_003-11083,2026-08-30 12:20:18,2026-08-30,12:20:18,12,6,1,0,CUST_SOWMIYA_003,55,Bengaluru,Karnataka,High Risk / 26% Fraud Rate,M013,CartNest Online,E-commerce,Multi-category Marketplace,Chennai,Guindy,Tamil Nadu,600032,13.0067,80.2026,5,6200.0,24_HOURS,"ONLINE,UPI,CARD,NETBANKING",Account takeover + triangulation shipping fraud,0.045,112,14796.51,INR,PURCHASE,ONLINE,MOBILE_APP,0,0,Bengaluru,5.0,0,0,1,DEV-SOWMIYA-ONEPLUS-11,mobile_android,0,BEN-CUST_SOWMIYA_003-TRUSTED,Trusted Household Vendor,10,0,2,10,0,0,0,None,Resolved Genuine,Standard Habitual Purchase,0
TXN-CUST_SOWMIYA_003-11084,2026-08-30 13:48:25,2026-08-30,13:48:25,13,6,1,0,CUST_SOWMIYA_003,55,Bengaluru,Karnataka,High Risk / 26% Fraud Rate,M024,LinkWave Telecom,Telecom Retail,Fiber Broadband & Postpaid Plans,Erode,Perundurai Road,Tamil Nadu,638011,11.341,77.7172,10,1950.0,09:30-20:30,"UPI,CARD,ONLINE,POS",SIM swap bill recharge surges,0.017,42,8273.46,INR,P2P_TRANSFER,POS,WEB_PORTAL,0,1,Moscow,3730.0,1,1,0,DEV-ROGUE-EMULATOR-776,unknown_bot,1,BEN-MULE-7251,QuickMule Transfer 40,0,8,18,80,5,4,1,Account takeover,Pre-auth Block,Automated high-velocity attack from unknown device,1
TXN-CUST_SOWMIYA_003-11085,2026-08-30 15:12:56,2026-08-30,15:12:56,15,6,1,0,CUST_SOWMIYA_003,55,Bengaluru,Karnataka,High Risk / 26% Fraud Rate,M003,Pulse Mobile Hub,Mobile Store,Smartphones & Accessories,Chennai,Tambaram,Tamil Nadu,600045,12.9249,80.1278,4,18500.0,09:30-21:30,"POS,UPI,CARD",New device abuse / rapid checkout surge,0.035,87,42403.85,INR,PURCHASE,UPI,MOBILE_APP,1,0,Bengaluru,15.0,0,0,1,DEV-SOWMIYA-ONEPLUS-11,mobile_android,0,BEN-CUST_SOWMIYA_003-TRUSTED,Trusted Household Vendor,15,0,4,18,0,0,0,None,Resolved Genuine,Standard Habitual Purchase,0
TXN-CUST_SOWMIYA_003-11086,2026-08-30 16:40:46,2026-08-30,16:40:46,16,6,1,0,CUST_SOWMIYA_003,55,Bengaluru,Karnataka,High Risk / 26% Fraud Rate,M009,RapidFuel Station,Fuel Station,"Petrol, Diesel & EV Fast Charge",Salem,Fairlands,Tamil Nadu,636016,11.6643,78.146,9,3100.0,24_HOURS,"POS,FLEET_CARD,UPI",Automated fleet card skimming,0.024,60,44650.46,INR,PURCHASE,UPI,MOBILE_APP,1,0,Bengaluru,14.0,0,0,1,DEV-SOWMIYA-ONEPLUS-11,mobile_android,0,BEN-CUST_SOWMIYA_003-TRUSTED,Trusted Household Vendor,4,0,4,20,0,0,0,None,Resolved Genuine,Standard Habitual Purchase,0
TXN-CUST_SOWMIYA_003-11087,2026-08-30 18:05:54,2026-08-30,18:05:54,18,6,1,0,CUST_SOWMIYA_003,55,Bengaluru,Karnataka,High Risk / 26% Fraud Rate,M018,PageTurn Book House,Bookstore,"Academic, Fiction & Stationery",Trichy,Thillai Nagar,Tamil Nadu,620018,10.8282,78.6854,16,850.0,09:00-21:30,"POS,UPI,CARD,ONLINE",Low-value card testing bots,0.008,20,36175.61,INR,PURCHASE,CARD,MOBILE_APP,1,0,Bengaluru,5.0,0,0,1,DEV-SOWMIYA-ONEPLUS-11,mobile_android,0,BEN-CUST_SOWMIYA_003-TRUSTED,Trusted Household Vendor,10,1,2,13,0,0,0,None,Resolved Genuine,Standard Habitual Purchase,0
TXN-CUST_SOWMIYA_003-11088,2026-08-30 19:33:04,2026-08-30,19:33:04,19,6,1,0,CUST_SOWMIYA_003,55,Bengaluru,Karnataka,High Risk / 26% Fraud Rate,M009,RapidFuel Station,Fuel Station,"Petrol, Diesel & EV Fast Charge",Salem,Fairlands,Tamil Nadu,636016,11.6643,78.146,9,3100.0,24_HOURS,"POS,FLEET_CARD,UPI",Automated fleet card skimming,0.024,60,15121.89,INR,PURCHASE,FLEET_CARD,MOBILE_APP,1,0,Bengaluru,12.0,0,0,1,DEV-SOWMIYA-ONEPLUS-11,mobile_android,0,BEN-CUST_SOWMIYA_003-TRUSTED,Trusted Household Vendor,5,0,4,21,0,0,0,None,Resolved Genuine,Standard Habitual Purchase,0
TXN-CUST_SOWMIYA_003-11089,2026-08-30 21:00:43,2026-08-30,21:00:43,21,6,1,0,CUST_SOWMIYA_003,55,Bengaluru,Karnataka,High Risk / 26% Fraud Rate,M022,SkillSpring Academy,Education / Training,Professional Certifications & Tech Bootcamps,Chennai,Mylapore,Tamil Nadu,600004,13.0368,80.2676,8,22000.0,08:30-19:30,"ONLINE,NETBANKING,CARD,UPI",Stolen corporate card enrollments,0.028,70,53460.92,INR,P2P_TRANSFER,UPI,WEB_PORTAL,0,1,Lagos,2878.0,1,1,0,DEV-ROGUE-EMULATOR-264,unknown_bot,1,BEN-MULE-1390,QuickMule Transfer 11,0,7,30,123,6,2,1,Card testing,Pre-auth Block,Automated high-velocity attack from unknown device,1
TXN-CUST_SOWMIYA_003-11090,2026-08-30 22:25:24,2026-08-30,22:25:24,22,6,1,0,CUST_SOWMIYA_003,55,Bengaluru,Karnataka,High Risk / 26% Fraud Rate,M005,UrbanThread Studio,Fashion / Apparel,Designer & Ready-to-wear,Chennai,Anna Nagar,Tamil Nadu,600040,13.085,80.2101,5,4800.0,10:30-22:00,"POS,ONLINE,UPI,CARD",Refund abuse / credential stuffing,0.022,55,34034.15,INR,PURCHASE,UPI,MOBILE_APP,1,0,Bengaluru,1.0,0,0,1,DEV-SOWMIYA-ONEPLUS-11,mobile_android,0,BEN-CUST_SOWMIYA_003-TRUSTED,Trusted Household Vendor,11,0,3,19,0,0,0,None,Resolved Genuine,Standard Habitual Purchase,0
TXN-CUST_SOWMIYA_003-11091,2026-08-30 23:51:19,2026-08-30,23:51:19,23,6,1,1,CUST_SOWMIYA_003,55,Bengaluru,Karnataka,High Risk / 26% Fraud Rate,M026,GreenLeaf Wellness,Health & Wellness,Organic Nutrition & Ayurveda,Trichy,Srirangam,Tamil Nadu,620006,10.8624,78.6947,6,2100.0,08:00-21:00,"POS,UPI,ONLINE,CARD",Subscription card stuffing,0.013,32,27917.83,INR,PURCHASE,CARD,MOBILE_APP,1,0,Bengaluru,6.0,0,0,1,DEV-SOWMIYA-ONEPLUS-11,mobile_android,0,BEN-CUST_SOWMIYA_003-TRUSTED,Trusted Household Vendor,4,0,3,20,0,0,0,None,Resolved Genuine,Standard Habitual Purchase,0
TXN-CUST_SOWMIYA_003-11092,2026-08-31 01:17:03,2026-08-31,01:17:03,1,0,0,1,CUST_SOWMIYA_003,55,Bengaluru,Karnataka,High Risk / 26% Fraud Rate,M010,HarborView Residency,Hotel / Hospitality,Business & Luxury Hotel,Chennai,OMR,Tamil Nadu,600096,12.9165,80.2285,6,9500.0,24_HOURS,"ONLINE,POS,CARD,TRANSFER",Online travel booking fraud with stolen corporate credentials,0.041,102,22195.25,INR,PURCHASE,ONLINE,MOBILE_APP,1,0,Bengaluru,9.0,0,0,1,DEV-SOWMIYA-ONEPLUS-11,mobile_android,0,BEN-CUST_SOWMIYA_003-TRUSTED,Trusted Household Vendor,12,0,2,11,0,0,0,None,Resolved Genuine,Standard Habitual Purchase,0
TXN-CUST_SOWMIYA_003-11093,2026-08-31 02:42:52,2026-08-31,02:42:52,2,0,0,1,CUST_SOWMIYA_003,55,Bengaluru,Karnataka,High Risk / 26% Fraud Rate,M027,BrickHarbor Realty,Real Estate / Property Services,Rental Escrow & Facility Management,Chennai,Porur,Tamil Nadu,600116,13.035,80.16,11,65000.0,09:00-19:00,"TRANSFER,NETBANKING,CARD",Security deposit phishing / escrow hijacking,0.039,97,36659.71,INR,PURCHASE,CARD,MOBILE_APP,0,0,Bengaluru,6.0,0,0,1,DEV-SOWMIYA-ONEPLUS-11,mobile_android,0,BEN-CUST_SOWMIYA_003-TRUSTED,Trusted Household Vendor,10,0,4,25,0,0,0,None,Resolved Genuine,Standard Habitual Purchase,0
TXN-CUST_SOWMIYA_003-11094,2026-08-31 04:10:47,2026-08-31,04:10:47,4,0,0,1,CUST_SOWMIYA_003,55,Bengaluru,Karnataka,High Risk / 26% Fraud Rate,M013,CartNest Online,E-commerce,Multi-category Marketplace,Chennai,Guindy,Tamil Nadu,600032,13.0067,80.2026,5,6200.0,24_HOURS,"ONLINE,UPI,CARD,NETBANKING",Account takeover + triangulation shipping fraud,0.045,112,43281.7,INR,PURCHASE,NETBANKING,MOBILE_APP,0,0,Bengaluru,14.0,0,0,1,DEV-SOWMIYA-ONEPLUS-11,mobile_android,0,BEN-CUST_SOWMIYA_003-TRUSTED,Trusted Household Vendor,9,0,4,22,0,0,0,None,Resolved Genuine,Standard Habitual Purchase,0
TXN-CUST_SOWMIYA_003-11095,2026-08-31 05:37:04,2026-08-31,05:37:04,5,0,0,1,CUST_SOWMIYA_003,55,Bengaluru,Karnataka,High Risk / 26% Fraud Rate,M013,CartNest Online,E-commerce,Multi-category Marketplace,Chennai,Guindy,Tamil Nadu,600032,13.0067,80.2026,5,6200.0,24_HOURS,"ONLINE,UPI,CARD,NETBANKING",Account takeover + triangulation shipping fraud,0.045,112,23398.73,INR,P2P_TRANSFER,ONLINE,WEB_PORTAL,0,1,Dubai,5297.0,1,1,0,DEV-ROGUE-EMULATOR-228,unknown_bot,1,BEN-MULE-6253,QuickMule Transfer 33,0,9,32,137,3,4,1,Account takeover,Pre-auth Block,Automated high-velocity attack from unknown device,1
TXN-CUST_SOWMIYA_003-11096,2026-08-31 07:02:39,2026-08-31,07:02:39,7,0,0,0,CUST_SOWMIYA_003,55,Bengaluru,Karnataka,High Risk / 26% Fraud Rate,M010,HarborView Residency,Hotel / Hospitality,Business & Luxury Hotel,Chennai,OMR,Tamil Nadu,600096,12.9165,80.2285,6,9500.0,24_HOURS,"ONLINE,POS,CARD,TRANSFER",Online travel booking fraud with stolen corporate credentials,0.041,102,31004.34,INR,PURCHASE,TRANSFER,MOBILE_APP,1,0,Bengaluru,9.0,0,0,1,DEV-SOWMIYA-ONEPLUS-11,mobile_android,0,BEN-CUST_SOWMIYA_003-TRUSTED,Trusted Household Vendor,12,0,2,12,0,0,0,None,Resolved Genuine,Standard Habitual Purchase,0
TXN-CUST_SOWMIYA_003-11097,2026-08-31 08:28:51,2026-08-31,08:28:51,8,0,0,0,CUST_SOWMIYA_003,55,Bengaluru,Karnataka,High Risk / 26% Fraud Rate,M010,HarborView Residency,Hotel / Hospitality,Business & Luxury Hotel,Chennai,OMR,Tamil Nadu,600096,12.9165,80.2285,6,9500.0,24_HOURS,"ONLINE,POS,CARD,TRANSFER",Online travel booking fraud with stolen corporate credentials,0.041,102,24670.37,INR,P2P_TRANSFER,TRANSFER,WEB_PORTAL,0,1,Moscow,1830.0,1,1,0,DEV-ROGUE-EMULATOR-105,unknown_bot,1,BEN-MULE-3788,QuickMule Transfer 86,0,12,23,97,2,4,0,Credential compromise,Pre-auth Block,Automated high-velocity attack from unknown device,1
TXN-CUST_SOWMIYA_003-11098,2026-08-31 09:56:08,2026-08-31,09:56:08,9,0,0,0,CUST_SOWMIYA_003,55,Bengaluru,Karnataka,High Risk / 26% Fraud Rate,M014,OakLine Furnishings,Furniture,Teak Wood & Modern Home Decor,Madurai,Bypass Road,Tamil Nadu,625016,9.932,78.109,12,38000.0,10:00-21:00,"POS,CARD,TRANSFER,EMI",Invoice redirection fraud / fake payment slips,0.029,72,38251.18,INR,PURCHASE,EMI,MOBILE_APP,1,0,Bengaluru,5.0,0,0,1,DEV-SOWMIYA-ONEPLUS-11,mobile_android,0,BEN-CUST_SOWMIYA_003-TRUSTED,Trusted Household Vendor,15,1,4,20,0,0,0,None,Resolved Genuine,Standard Habitual Purchase,0
TXN-CUST_SOWMIYA_003-11099,2026-08-31 11:21:21,2026-08-31,11:21:21,11,0,0,0,CUST_SOWMIYA_003,55,Bengaluru,Karnataka,High Risk / 26% Fraud Rate,M028,CraftCove Home Decor,Home Decor,Handicrafts & Art Pieces,Thanjavur,Medical College Road,Tamil Nadu,613004,10.7684,79.1245,8,7400.0,09:30-20:30,"POS,UPI,CARD,ONLINE",Cross-border tourist chargebacks,0.023,57,44235.17,INR,PURCHASE,POS,MOBILE_APP,1,0,Bengaluru,4.0,0,0,1,DEV-SOWMIYA-ONEPLUS-11,mobile_android,0,BEN-CUST_SOWMIYA_003-TRUSTED,Trusted Household Vendor,5,0,2,14,0,0,0,None,Resolved Genuine,Standard Habitual Purchase,0
TXN-CUST_SOWMIYA_003-11100,2026-08-31 12:46:14,2026-08-31,12:46:14,12,0,0,0,CUST_SOWMIYA_003,55,Bengaluru,Karnataka,High Risk / 26% Fraud Rate,M007,SpiceRoute Kitchen,Restaurant,Fine Dining & Chettinad,Chennai,Adyar,Tamil Nadu,600020,13.0012,80.2565,7,2200.0,11:30-23:30,"POS,UPI,CARD",Cloned card POS terminal replay,0.018,45,14442.5,INR,PURCHASE,POS,MOBILE_APP,1,0,Bengaluru,12.0,0,0,1,DEV-SOWMIYA-ONEPLUS-11,mobile_android,0,BEN-CUST_SOWMIYA_003-TRUSTED,Trusted Household Vendor,6,1,2,11,0,0,0,None,Resolved Genuine,Standard Habitual Purchase,0
TXN-CUST_SOWMIYA_003-11101,2026-08-31 14:10:18,2026-08-31,14:10:18,14,0,0,0,CUST_SOWMIYA_003,55,Bengaluru,Karnataka,High Risk / 26% Fraud Rate,M004,Aurelia Gold House,Jewellery,Gold & Diamond Jewellery,Coimbatore,RS Puram,Tamil Nadu,641002,11.0089,76.9514,14,78000.0,10:00-20:30,"POS,CARD,TRANSFER",Account takeover / card-not-present luxury surge,0.065,162,38793.22,INR,PURCHASE,CARD,MOBILE_APP,1,0,Bengaluru,9.0,0,0,1,DEV-SOWMIYA-ONEPLUS-11,mobile_android,0,BEN-CUST_SOWMIYA_003-TRUSTED,Trusted Household Vendor,9,0,1,10,0,0,0,None,Resolved Genuine,Standard Habitual Purchase,0
TXN-CUST_SOWMIYA_003-11102,2026-08-31 15:36:42,2026-08-31,15:36:42,15,0,0,0,CUST_SOWMIYA_003,55,Bengaluru,Karnataka,High Risk / 26% Fraud Rate,M011,SkyTrail Travels,Travel Agency,Flight & International Tour Packages,Coimbatore,Gandhipuram,Tamil Nadu,641012,11.0183,76.9664,11,44000.0,09:00-20:00,"ONLINE,TRANSFER,CARD",Mule-account ticket arbitrage & fast cancellation fraud,0.052,130,161242.25,INR,P2P_TRANSFER,ONLINE,WEB_PORTAL,0,1,Singapore,2293.0,1,1,0,DEV-ROGUE-EMULATOR-427,unknown_bot,1,BEN-MULE-2225,QuickMule Transfer 45,0,8,23,100,3,4,1,Credential compromise,Pre-auth Block,Automated high-velocity attack from unknown device,1
TXN-CUST_SOWMIYA_003-11103,2026-08-31 17:03:45,2026-08-31,17:03:45,17,0,0,0,CUST_SOWMIYA_003,55,Bengaluru,Karnataka,High Risk / 26% Fraud Rate,M009,RapidFuel Station,Fuel Station,"Petrol, Diesel & EV Fast Charge",Salem,Fairlands,Tamil Nadu,636016,11.6643,78.146,9,3100.0,24_HOURS,"POS,FLEET_CARD,UPI",Automated fleet card skimming,0.024,60,23248.32,INR,PURCHASE,POS,MOBILE_APP,1,0,Bengaluru,12.0,0,0,1,DEV-SOWMIYA-ONEPLUS-11,mobile_android,0,BEN-CUST_SOWMIYA_003-TRUSTED,Trusted Household Vendor,8,0,2,17,0,0,0,None,Resolved Genuine,Standard Habitual Purchase,0
TXN-CUST_SOWMIYA_003-11104,2026-08-31 18:32:54,2026-08-31,18:32:54,18,0,0,0,CUST_SOWMIYA_003,55,Bengaluru,Karnataka,High Risk / 26% Fraud Rate,M029,CloudDesk Digital,Software / Digital Services,Cloud Infrastructure & SaaS Tools,Bengaluru,Whitefield,Karnataka,560066,12.9698,77.7499,7,19800.0,24_HOURS,"ONLINE,CARD,TRANSFER",Cryptomining VM rental with stolen credit cards,0.058,145,30080.28,INR,PURCHASE,ONLINE,MOBILE_APP,0,0,Bengaluru,11.0,0,0,1,DEV-SOWMIYA-ONEPLUS-11,mobile_android,0,BEN-CUST_SOWMIYA_003-TRUSTED,Trusted Household Vendor,13,0,1,11,0,0,0,None,Resolved Genuine,Standard Habitual Purchase,0
TXN-CUST_SOWMIYA_003-11105,2026-08-31 19:58:24,2026-08-31,19:58:24,19,0,0,0,CUST_SOWMIYA_003,55,Bengaluru,Karnataka,High Risk / 26% Fraud Rate,M013,CartNest Online,E-commerce,Multi-category Marketplace,Chennai,Guindy,Tamil Nadu,600032,13.0067,80.2026,5,6200.0,24_HOURS,"ONLINE,UPI,CARD,NETBANKING",Account takeover + triangulation shipping fraud,0.045,112,29504.74,INR,P2P_TRANSFER,CARD,WEB_PORTAL,0,1,Lagos,2865.0,1,1,0,DEV-ROGUE-EMULATOR-542,unknown_bot,1,BEN-MULE-9801,QuickMule Transfer 65,0,12,34,139,6,3,0,Mule-account behavior,Pre-auth Block,Automated high-velocity attack from unknown device,1
TXN-CUST_SOWMIYA_003-11106,2026-08-31 21:24:35,2026-08-31,21:24:35,21,0,0,0,CUST_SOWMIYA_003,55,Bengaluru,Karnataka,High Risk / 26% Fraud Rate,M018,PageTurn Book House,Bookstore,"Academic, Fiction & Stationery",Trichy,Thillai Nagar,Tamil Nadu,620018,10.8282,78.6854,16,850.0,09:00-21:30,"POS,UPI,CARD,ONLINE",Low-value card testing bots,0.008,20,42981.09,INR,PURCHASE,POS,MOBILE_APP,1,0,Bengaluru,6.0,0,0,1,DEV-SOWMIYA-ONEPLUS-11,mobile_android,0,BEN-CUST_SOWMIYA_003-TRUSTED,Trusted Household Vendor,3,0,4,19,0,0,0,None,Resolved Genuine,Standard Habitual Purchase,0
TXN-CUST_SOWMIYA_003-11107,2026-08-31 22:52:38,2026-08-31,22:52:38,22,0,0,0,CUST_SOWMIYA_003,55,Bengaluru,Karnataka,High Risk / 26% Fraud Rate,M024,LinkWave Telecom,Telecom Retail,Fiber Broadband & Postpaid Plans,Erode,Perundurai Road,Tamil Nadu,638011,11.341,77.7172,10,1950.0,09:30-20:30,"UPI,CARD,ONLINE,POS",SIM swap bill recharge surges,0.017,42,26180.04,INR,PURCHASE,POS,MOBILE_APP,1,0,Bengaluru,5.0,0,0,1,DEV-SOWMIYA-ONEPLUS-11,mobile_android,0,BEN-CUST_SOWMIYA_003-TRUSTED,Trusted Household Vendor,13,0,3,20,0,0,0,None,Resolved Genuine,Standard Habitual Purchase,0
TXN-CUST_SOWMIYA_003-11108,2026-09-01 00:20:15,2026-09-01,00:20:15,0,1,0,1,CUST_SOWMIYA_003,55,Bengaluru,Karnataka,High Risk / 26% Fraud Rate,M006,MedicoCare Pharmacy,Pharmacy,Medicines & Surgical Supplies,Madurai,KK Nagar,Tamil Nadu,625020,9.9252,78.1498,10,1450.0,24_HOURS,"POS,UPI,CARD,ONLINE",Nighttime micro card testing,0.015,37,31643.36,INR,PURCHASE,ONLINE,MOBILE_APP,1,0,Bengaluru,7.0,0,0,1,DEV-SOWMIYA-ONEPLUS-11,mobile_android,0,BEN-CUST_SOWMIYA_003-TRUSTED,Trusted Household Vendor,5,0,3,22,0,0,0,None,Resolved Genuine,Standard Habitual Purchase,0
TXN-CUST_SOWMIYA_003-11109,2026-09-01 01:48:49,2026-09-01,01:48:49,1,1,0,1,CUST_SOWMIYA_003,55,Bengaluru,Karnataka,High Risk / 26% Fraud Rate,M027,BrickHarbor Realty,Real Estate / Property Services,Rental Escrow & Facility Management,Chennai,Porur,Tamil Nadu,600116,13.035,80.16,11,65000.0,09:00-19:00,"TRANSFER,NETBANKING,CARD",Security deposit phishing / escrow hijacking,0.039,97,15398.75,INR,PURCHASE,CARD,MOBILE_APP,0,0,Bengaluru,10.0,0,0,1,DEV-SOWMIYA-ONEPLUS-11,mobile_android,0,BEN-CUST_SOWMIYA_003-TRUSTED,Trusted Household Vendor,10,0,4,18,0,0,0,None,Resolved Genuine,Standard Habitual Purchase,0
TXN-CUST_SOWMIYA_003-11110,2026-09-01 03:12:45,2026-09-01,03:12:45,3,1,0,1,CUST_SOWMIYA_003,55,Bengaluru,Karnataka,High Risk / 26% Fraud Rate,M029,CloudDesk Digital,Software / Digital Services,Cloud Infrastructure & SaaS Tools,Bengaluru,Whitefield,Karnataka,560066,12.9698,77.7499,7,19800.0,24_HOURS,"ONLINE,CARD,TRANSFER",Cryptomining VM rental with stolen credit cards,0.058,145,50829.08,INR,P2P_TRANSFER,ONLINE,WEB_PORTAL,0,1,Moscow,1831.0,1,1,0,DEV-ROGUE-EMULATOR-936,unknown_bot,1,BEN-MULE-3084,QuickMule Transfer 11,0,4,33,142,6,3,0,Account takeover,Pre-auth Block,Automated high-velocity attack from unknown device,1
TXN-CUST_SOWMIYA_003-11111,2026-09-01 04:41:53,2026-09-01,04:41:53,4,1,0,1,CUST_SOWMIYA_003,55,Bengaluru,Karnataka,High Risk / 26% Fraud Rate,M015,HomeSphere Appliances,Home Appliances,"Refrigerators, ACs & Kitchen Tech",Coimbatore,Saibaba Colony,Tamil Nadu,641011,11.0315,76.945,9,27500.0,09:30-21:00,"POS,EMI,CARD,UPI",Carding attacks with immediate in-store pickup,0.038,95,16832.51,INR,PURCHASE,POS,MOBILE_APP,1,0,Bengaluru,15.0,0,0,1,DEV-SOWMIYA-ONEPLUS-11,mobile_android,0,BEN-CUST_SOWMIYA_003-TRUSTED,Trusted Household Vendor,13,1,3,14,0,0,0,None,Resolved Genuine,Standard Habitual Purchase,0
TXN-CUST_SOWMIYA_003-11112,2026-09-01 06:09:05,2026-09-01,06:09:05,6,1,0,0,CUST_SOWMIYA_003,55,Bengaluru,Karnataka,High Risk / 26% Fraud Rate,M029,CloudDesk Digital,Software / Digital Services,Cloud Infrastructure & SaaS Tools,Bengaluru,Whitefield,Karnataka,560066,12.9698,77.7499,7,19800.0,24_HOURS,"ONLINE,CARD,TRANSFER",Cryptomining VM rental with stolen credit cards,0.058,145,23433.03,INR,PURCHASE,CARD,MOBILE_APP,0,0,Bengaluru,13.0,0,0,1,DEV-SOWMIYA-ONEPLUS-11,mobile_android,0,BEN-CUST_SOWMIYA_003-TRUSTED,Trusted Household Vendor,14,0,3,20,0,0,0,None,Resolved Genuine,Standard Habitual Purchase,0
TXN-CUST_SOWMIYA_003-11113,2026-09-01 07:36:37,2026-09-01,07:36:37,7,1,0,0,CUST_SOWMIYA_003,55,Bengaluru,Karnataka,High Risk / 26% Fraud Rate,M005,UrbanThread Studio,Fashion / Apparel,Designer & Ready-to-wear,Chennai,Anna Nagar,Tamil Nadu,600040,13.085,80.2101,5,4800.0,10:30-22:00,"POS,ONLINE,UPI,CARD",Refund abuse / credential stuffing,0.022,55,12619.27,INR,PURCHASE,ONLINE,MOBILE_APP,1,0,Bengaluru,7.0,0,0,1,DEV-SOWMIYA-ONEPLUS-11,mobile_android,0,BEN-CUST_SOWMIYA_003-TRUSTED,Trusted Household Vendor,6,0,4,21,0,0,0,None,Resolved Genuine,Standard Habitual Purchase,0
TXN-CUST_SOWMIYA_003-11114,2026-09-01 09:05:56,2026-09-01,09:05:56,9,1,0,0,CUST_SOWMIYA_003,55,Bengaluru,Karnataka,High Risk / 26% Fraud Rate,M012,DashDine Delivery,Food Delivery,Quick Commerce & Meal Delivery,Chennai,Sholinganallur,Tamil Nadu,600119,12.901,80.2279,4,520.0,06:00-02:00,"UPI,CARD,ONLINE,WALLET",Promo code abuse / stolen wallet balances,0.014,35,12647.26,INR,PURCHASE,CARD,MOBILE_APP,0,0,Bengaluru,3.0,0,0,1,DEV-SOWMIYA-ONEPLUS-11,mobile_android,0,BEN-CUST_SOWMIYA_003-TRUSTED,Trusted Household Vendor,9,0,2,15,0,0,0,None,Resolved Genuine,Standard Habitual Purchase,0
TXN-CUST_SOWMIYA_003-11115,2026-09-01 10:30:46,2026-09-01,10:30:46,10,1,0,0,CUST_SOWMIYA_003,55,Bengaluru,Karnataka,High Risk / 26% Fraud Rate,M018,PageTurn Book House,Bookstore,"Academic, Fiction & Stationery",Trichy,Thillai Nagar,Tamil Nadu,620018,10.8282,78.6854,16,850.0,09:00-21:30,"POS,UPI,CARD,ONLINE",Low-value card testing bots,0.008,20,14523.95,INR,PURCHASE,ONLINE,MOBILE_APP,1,0,Bengaluru,5.0,0,0,1,DEV-SOWMIYA-ONEPLUS-11,mobile_android,0,BEN-CUST_SOWMIYA_003-TRUSTED,Trusted Household Vendor,13,1,1,11,0,0,0,None,Resolved Genuine,Standard Habitual Purchase,0
TXN-CUST_SOWMIYA_003-11116,2026-09-01 11:56:03,2026-09-01,11:56:03,11,1,0,0,CUST_SOWMIYA_003,55,Bengaluru,Karnataka,High Risk / 26% Fraud Rate,M028,CraftCove Home Decor,Home Decor,Handicrafts & Art Pieces,Thanjavur,Medical College Road,Tamil Nadu,613004,10.7684,79.1245,8,7400.0,09:30-20:30,"POS,UPI,CARD,ONLINE",Cross-border tourist chargebacks,0.023,57,31759.27,INR,PURCHASE,CARD,MOBILE_APP,1,0,Bengaluru,9.0,0,0,1,DEV-SOWMIYA-ONEPLUS-11,mobile_android,0,BEN-CUST_SOWMIYA_003-TRUSTED,Trusted Household Vendor,13,0,1,8,0,0,0,None,Resolved Genuine,Standard Habitual Purchase,0
TXN-CUST_SOWMIYA_003-11117,2026-09-01 13:19:49,2026-09-01,13:19:49,13,1,0,0,CUST_SOWMIYA_003,55,Bengaluru,Karnataka,High Risk / 26% Fraud Rate,M029,CloudDesk Digital,Software / Digital Services,Cloud Infrastructure & SaaS Tools,Bengaluru,Whitefield,Karnataka,560066,12.9698,77.7499,7,19800.0,24_HOURS,"ONLINE,CARD,TRANSFER",Cryptomining VM rental with stolen credit cards,0.058,145,21081.42,INR,PURCHASE,CARD,MOBILE_APP,0,0,Bengaluru,5.0,0,0,1,DEV-SOWMIYA-ONEPLUS-11,mobile_android,0,BEN-CUST_SOWMIYA_003-TRUSTED,Trusted Household Vendor,3,1,3,18,0,0,0,None,Resolved Genuine,Standard Habitual Purchase,0
TXN-CUST_SOWMIYA_003-11118,2026-09-01 14:45:26,2026-09-01,14:45:26,14,1,0,0,CUST_SOWMIYA_003,55,Bengaluru,Karnataka,High Risk / 26% Fraud Rate,M025,ShieldSure Services,Insurance Services,General & Health Insurance Premium,Chennai,Egmore,Tamil Nadu,600008,13.0784,80.2607,13,14000.0,09:30-18:00,"ONLINE,NETBANKING,CARD",Premium diversion / fake policy payment slips,0.019,47,44052.89,INR,PURCHASE,CARD,MOBILE_APP,0,0,Bengaluru,10.0,0,0,1,DEV-SOWMIYA-ONEPLUS-11,mobile_android,0,BEN-CUST_SOWMIYA_003-TRUSTED,Trusted Household Vendor,5,0,2,10,0,0,0,None,Resolved Genuine,Standard Habitual Purchase,0
TXN-CUST_SOWMIYA_003-11119,2026-09-01 16:13:58,2026-09-01,16:13:58,16,1,0,0,CUST_SOWMIYA_003,55,Bengaluru,Karnataka,High Risk / 26% Fraud Rate,M021,GlowCraft Salon,Salon / Beauty,Spa & Grooming Studio,Chennai,Porur,Tamil Nadu,600116,13.0382,80.1565,5,2800.0,09:00-21:00,"POS,UPI,CARD",Unusual late-night transaction spikes,0.011,27,43556.89,INR,PURCHASE,POS,MOBILE_APP,1,0,Bengaluru,10.0,0,0,1,DEV-SOWMIYA-ONEPLUS-11,mobile_android,0,BEN-CUST_SOWMIYA_003-TRUSTED,Trusted Household Vendor,3,0,4,22,0,0,0,None,Resolved Genuine,Standard Habitual Purchase,0
TXN-CUST_SOWMIYA_003-11120,2026-09-01 17:38:59,2026-09-01,17:38:59,17,1,0,0,CUST_SOWMIYA_003,55,Bengaluru,Karnataka,High Risk / 26% Fraud Rate,M010,HarborView Residency,Hotel / Hospitality,Business & Luxury Hotel,Chennai,OMR,Tamil Nadu,600096,12.9165,80.2285,6,9500.0,24_HOURS,"ONLINE,POS,CARD,TRANSFER",Online travel booking fraud with stolen corporate credentials,0.041,102,43133.25,INR,PURCHASE,TRANSFER,MOBILE_APP,1,0,Bengaluru,4.0,0,0,1,DEV-SOWMIYA-ONEPLUS-11,mobile_android,0,BEN-CUST_SOWMIYA_003-TRUSTED,Trusted Household Vendor,10,1,1,7,0,0,0,None,Resolved Genuine,Standard Habitual Purchase,0
TXN-CUST_SOWMIYA_003-11121,2026-09-01 19:06:24,2026-09-01,19:06:24,19,1,0,0,CUST_SOWMIYA_003,55,Bengaluru,Karnataka,High Risk / 26% Fraud Rate,M006,MedicoCare Pharmacy,Pharmacy,Medicines & Surgical Supplies,Madurai,KK Nagar,Tamil Nadu,625020,9.9252,78.1498,10,1450.0,24_HOURS,"POS,UPI,CARD,ONLINE",Nighttime micro card testing,0.015,37,5941.37,INR,P2P_TRANSFER,ONLINE,WEB_PORTAL,0,1,Lagos,2258.0,1,1,0,DEV-ROGUE-EMULATOR-819,unknown_bot,1,BEN-MULE-6622,QuickMule Transfer 42,0,11,27,116,3,4,1,Card testing,Pre-auth Block,Automated high-velocity attack from unknown device,1
TXN-CUST_SOWMIYA_003-11122,2026-09-01 20:30:11,2026-09-01,20:30:11,20,1,0,0,CUST_SOWMIYA_003,55,Bengaluru,Karnataka,High Risk / 26% Fraud Rate,M005,UrbanThread Studio,Fashion / Apparel,Designer & Ready-to-wear,Chennai,Anna Nagar,Tamil Nadu,600040,13.085,80.2101,5,4800.0,10:30-22:00,"POS,ONLINE,UPI,CARD",Refund abuse / credential stuffing,0.022,55,15357.65,INR,P2P_TRANSFER,CARD,WEB_PORTAL,0,1,Singapore,3825.0,1,1,0,DEV-ROGUE-EMULATOR-330,unknown_bot,1,BEN-MULE-2594,QuickMule Transfer 33,0,8,29,124,2,3,1,Mule-account behavior,Pre-auth Block,Automated high-velocity attack from unknown device,1
TXN-CUST_SOWMIYA_003-11123,2026-09-01 21:56:10,2026-09-01,21:56:10,21,1,0,0,CUST_SOWMIYA_003,55,Bengaluru,Karnataka,High Risk / 26% Fraud Rate,M011,SkyTrail Travels,Travel Agency,Flight & International Tour Packages,Coimbatore,Gandhipuram,Tamil Nadu,641012,11.0183,76.9664,11,44000.0,09:00-20:00,"ONLINE,TRANSFER,CARD",Mule-account ticket arbitrage & fast cancellation fraud,0.052,130,41882.98,INR,PURCHASE,TRANSFER,MOBILE_APP,0,0,Bengaluru,4.0,0,0,1,DEV-SOWMIYA-ONEPLUS-11,mobile_android,0,BEN-CUST_SOWMIYA_003-TRUSTED,Trusted Household Vendor,12,0,2,12,0,0,0,None,Resolved Genuine,Standard Habitual Purchase,0
TXN-CUST_SOWMIYA_003-11124,2026-09-01 23:22:20,2026-09-01,23:22:20,23,1,0,1,CUST_SOWMIYA_003,55,Bengaluru,Karnataka,High Risk / 26% Fraud Rate,M002,CircuitBay Electronics,Consumer Electronics,Laptops & Gadgets,Chennai,Velachery,Tamil Nadu,600042,12.9759,80.2212,6,32000.0,10:00-21:30,"POS,ONLINE,EMI,UPI",Stolen payment details / high-ticket electronics delivery,0.048,120,39863.59,INR,PURCHASE,EMI,MOBILE_APP,1,0,Bengaluru,2.0,0,0,1,DEV-SOWMIYA-ONEPLUS-11,mobile_android,0,BEN-CUST_SOWMIYA_003-TRUSTED,Trusted Household Vendor,6,0,1,9,0,0,0,None,Resolved Genuine,Standard Habitual Purchase,0
TXN-CUST_SOWMIYA_003-11125,2026-09-02 00:49:33,2026-09-02,00:49:33,0,2,0,1,CUST_SOWMIYA_003,55,Bengaluru,Karnataka,High Risk / 26% Fraud Rate,M019,ArenaSport World,Sports Retail,Fitness Equipment & Sports Wear,Chennai,Nungambakkam,Tamil Nadu,600034,13.0604,80.2405,6,5600.0,10:00-21:30,"POS,ONLINE,UPI,CARD",Stolen card chargeback on premium sports gear,0.026,65,13128.44,INR,PURCHASE,ONLINE,MOBILE_APP,1,0,Bengaluru,3.0,0,0,1,DEV-SOWMIYA-ONEPLUS-11,mobile_android,0,BEN-CUST_SOWMIYA_003-TRUSTED,Trusted Household Vendor,11,0,3,18,0,0,0,None,Resolved Genuine,Standard Habitual Purchase,0
TXN-CUST_SOWMIYA_003-11126,2026-09-02 02:17:50,2026-09-02,02:17:50,2,2,0,1,CUST_SOWMIYA_003,55,Bengaluru,Karnataka,High Risk / 26% Fraud Rate,M016,MotoCare Garage,Auto Service,Car Service & Detailing Hub,Chennai,Pallikaranai,Tamil Nadu,600100,12.9372,80.2014,7,8900.0,08:30-20:30,"POS,UPI,CARD",Over-invoicing / synthetic card payments,0.021,52,17861.88,INR,PURCHASE,CARD,MOBILE_APP,1,0,Bengaluru,12.0,0,0,1,DEV-SOWMIYA-ONEPLUS-11,mobile_android,0,BEN-CUST_SOWMIYA_003-TRUSTED,Trusted Household Vendor,5,0,1,6,0,0,0,None,Resolved Genuine,Standard Habitual Purchase,0
TXN-CUST_SOWMIYA_003-11127,2026-09-02 03:42:33,2026-09-02,03:42:33,3,2,0,1,CUST_SOWMIYA_003,55,Bengaluru,Karnataka,High Risk / 26% Fraud Rate,M004,Aurelia Gold House,Jewellery,Gold & Diamond Jewellery,Coimbatore,RS Puram,Tamil Nadu,641002,11.0089,76.9514,14,78000.0,10:00-20:30,"POS,CARD,TRANSFER",Account takeover / card-not-present luxury surge,0.065,162,34952.03,INR,PURCHASE,TRANSFER,MOBILE_APP,1,0,Bengaluru,2.0,0,0,1,DEV-SOWMIYA-ONEPLUS-11,mobile_android,0,BEN-CUST_SOWMIYA_003-TRUSTED,Trusted Household Vendor,8,1,4,21,0,0,0,None,Resolved Genuine,Standard Habitual Purchase,0
TXN-CUST_SOWMIYA_003-11128,2026-09-02 05:09:22,2026-09-02,05:09:22,5,2,0,1,CUST_SOWMIYA_003,55,Bengaluru,Karnataka,High Risk / 26% Fraud Rate,M026,GreenLeaf Wellness,Health & Wellness,Organic Nutrition & Ayurveda,Trichy,Srirangam,Tamil Nadu,620006,10.8624,78.6947,6,2100.0,08:00-21:00,"POS,UPI,ONLINE,CARD",Subscription card stuffing,0.013,32,23802.0,INR,PURCHASE,UPI,MOBILE_APP,1,0,Bengaluru,8.0,0,0,1,DEV-SOWMIYA-ONEPLUS-11,mobile_android,0,BEN-CUST_SOWMIYA_003-TRUSTED,Trusted Household Vendor,7,0,1,7,0,0,0,None,Resolved Genuine,Standard Habitual Purchase,0
TXN-CUST_SOWMIYA_003-11129,2026-09-02 06:37:30,2026-09-02,06:37:30,6,2,0,0,CUST_SOWMIYA_003,55,Bengaluru,Karnataka,High Risk / 26% Fraud Rate,M003,Pulse Mobile Hub,Mobile Store,Smartphones & Accessories,Chennai,Tambaram,Tamil Nadu,600045,12.9249,80.1278,4,18500.0,09:30-21:30,"POS,UPI,CARD",New device abuse / rapid checkout surge,0.035,87,25812.65,INR,PURCHASE,CARD,MOBILE_APP,1,0,Bengaluru,11.0,0,0,1,DEV-SOWMIYA-ONEPLUS-11,mobile_android,0,BEN-CUST_SOWMIYA_003-TRUSTED,Trusted Household Vendor,3,1,2,16,0,0,0,None,Resolved Genuine,Standard Habitual Purchase,0
TXN-CUST_SOWMIYA_003-11130,2026-09-02 08:06:02,2026-09-02,08:06:02,8,2,0,0,CUST_SOWMIYA_003,55,Bengaluru,Karnataka,High Risk / 26% Fraud Rate,M024,LinkWave Telecom,Telecom Retail,Fiber Broadband & Postpaid Plans,Erode,Perundurai Road,Tamil Nadu,638011,11.341,77.7172,10,1950.0,09:30-20:30,"UPI,CARD,ONLINE,POS",SIM swap bill recharge surges,0.017,42,34415.73,INR,PURCHASE,ONLINE,MOBILE_APP,1,0,Bengaluru,10.0,0,0,1,DEV-SOWMIYA-ONEPLUS-11,mobile_android,0,BEN-CUST_SOWMIYA_003-TRUSTED,Trusted Household Vendor,14,1,1,10,0,0,0,None,Resolved Genuine,Standard Habitual Purchase,0
TXN-CUST_SOWMIYA_003-11131,2026-09-02 09:30:34,2026-09-02,09:30:34,9,2,0,0,CUST_SOWMIYA_003,55,Bengaluru,Karnataka,High Risk / 26% Fraud Rate,M009,RapidFuel Station,Fuel Station,"Petrol, Diesel & EV Fast Charge",Salem,Fairlands,Tamil Nadu,636016,11.6643,78.146,9,3100.0,24_HOURS,"POS,FLEET_CARD,UPI",Automated fleet card skimming,0.024,60,10225.13,INR,P2P_TRANSFER,POS,WEB_PORTAL,0,1,Singapore,2922.0,1,1,0,DEV-ROGUE-EMULATOR-397,unknown_bot,1,BEN-MULE-5143,QuickMule Transfer 28,0,6,35,142,6,4,1,Card testing,Pre-auth Block,Automated high-velocity attack from unknown device,1
TXN-CUST_SOWMIYA_003-11132,2026-09-02 10:57:46,2026-09-02,10:57:46,10,2,0,0,CUST_SOWMIYA_003,55,Bengaluru,Karnataka,High Risk / 26% Fraud Rate,M015,HomeSphere Appliances,Home Appliances,"Refrigerators, ACs & Kitchen Tech",Coimbatore,Saibaba Colony,Tamil Nadu,641011,11.0315,76.945,9,27500.0,09:30-21:00,"POS,EMI,CARD,UPI",Carding attacks with immediate in-store pickup,0.038,95,32920.4,INR,PURCHASE,EMI,MOBILE_APP,1,0,Bengaluru,3.0,0,0,1,DEV-SOWMIYA-ONEPLUS-11,mobile_android,0,BEN-CUST_SOWMIYA_003-TRUSTED,Trusted Household Vendor,9,0,4,23,0,0,0,None,Resolved Genuine,Standard Habitual Purchase,0
TXN-CUST_SOWMIYA_003-11133,2026-09-02 12:22:06,2026-09-02,12:22:06,12,2,0,0,CUST_SOWMIYA_003,55,Bengaluru,Karnataka,High Risk / 26% Fraud Rate,M017,AutoForge Parts,Spare Parts,OEM Industrial & Auto Components,Hosur,Mookandapalli,Tamil Nadu,635126,12.7409,77.8253,15,16500.0,09:00-19:30,"TRANSFER,POS,CARD",Business email compromise / fake beneficiary update,0.033,82,13005.94,INR,PURCHASE,POS,MOBILE_APP,1,0,Bengaluru,11.0,0,0,1,DEV-SOWMIYA-ONEPLUS-11,mobile_android,0,BEN-CUST_SOWMIYA_003-TRUSTED,Trusted Household Vendor,11,0,4,25,0,0,0,None,Resolved Genuine,Standard Habitual Purchase,0
TXN-CUST_SOWMIYA_003-11134,2026-09-02 13:46:09,2026-09-02,13:46:09,13,2,0,0,CUST_SOWMIYA_003,55,Bengaluru,Karnataka,High Risk / 26% Fraud Rate,M020,GameGrid Arena,Gaming,"Esports, Consoles & Virtual Credits",Bengaluru,Koramangala,Karnataka,560095,12.9352,77.6245,4,3400.0,10:00-01:00,"ONLINE,UPI,CARD,WALLET",Virtual item laundering & bot-driven micro transactions,0.055,137,42727.26,INR,PURCHASE,ONLINE,MOBILE_APP,0,0,Bengaluru,4.0,0,0,1,DEV-SOWMIYA-ONEPLUS-11,mobile_android,0,BEN-CUST_SOWMIYA_003-TRUSTED,Trusted Household Vendor,6,0,3,14,0,0,0,None,Resolved Genuine,Standard Habitual Purchase,0
TXN-CUST_SOWMIYA_003-11135,2026-09-02 15:09:48,2026-09-02,15:09:48,15,2,0,0,CUST_SOWMIYA_003,55,Bengaluru,Karnataka,High Risk / 26% Fraud Rate,M002,CircuitBay Electronics,Consumer Electronics,Laptops & Gadgets,Chennai,Velachery,Tamil Nadu,600042,12.9759,80.2212,6,32000.0,10:00-21:30,"POS,ONLINE,EMI,UPI",Stolen payment details / high-ticket electronics delivery,0.048,120,130037.89,INR,P2P_TRANSFER,UPI,WEB_PORTAL,0,1,Lagos,4002.0,1,1,0,DEV-ROGUE-EMULATOR-316,unknown_bot,1,BEN-MULE-6418,QuickMule Transfer 46,0,12,35,147,5,4,0,Account takeover,Pre-auth Block,Automated high-velocity attack from unknown device,1
TXN-CUST_SOWMIYA_003-11136,2026-09-02 16:36:31,2026-09-02,16:36:31,16,2,0,0,CUST_SOWMIYA_003,55,Bengaluru,Karnataka,High Risk / 26% Fraud Rate,M004,Aurelia Gold House,Jewellery,Gold & Diamond Jewellery,Coimbatore,RS Puram,Tamil Nadu,641002,11.0089,76.9514,14,78000.0,10:00-20:30,"POS,CARD,TRANSFER",Account takeover / card-not-present luxury surge,0.065,162,27796.65,INR,PURCHASE,POS,MOBILE_APP,1,0,Bengaluru,9.0,0,0,1,DEV-SOWMIYA-ONEPLUS-11,mobile_android,0,BEN-CUST_SOWMIYA_003-TRUSTED,Trusted Household Vendor,13,0,4,21,0,0,0,None,Resolved Genuine,Standard Habitual Purchase,0
TXN-CUST_SOWMIYA_003-11137,2026-09-02 18:01:39,2026-09-02,18:01:39,18,2,0,0,CUST_SOWMIYA_003,55,Bengaluru,Karnataka,High Risk / 26% Fraud Rate,M026,GreenLeaf Wellness,Health & Wellness,Organic Nutrition & Ayurveda,Trichy,Srirangam,Tamil Nadu,620006,10.8624,78.6947,6,2100.0,08:00-21:00,"POS,UPI,ONLINE,CARD",Subscription card stuffing,0.013,32,25803.58,INR,PURCHASE,ONLINE,MOBILE_APP,1,0,Bengaluru,4.0,0,0,1,DEV-SOWMIYA-ONEPLUS-11,mobile_android,0,BEN-CUST_SOWMIYA_003-TRUSTED,Trusted Household Vendor,9,0,3,20,0,0,0,None,Resolved Genuine,Standard Habitual Purchase,0
TXN-CUST_SOWMIYA_003-11138,2026-09-02 19:30:11,2026-09-02,19:30:11,19,2,0,0,CUST_SOWMIYA_003,55,Bengaluru,Karnataka,High Risk / 26% Fraud Rate,M017,AutoForge Parts,Spare Parts,OEM Industrial & Auto Components,Hosur,Mookandapalli,Tamil Nadu,635126,12.7409,77.8253,15,16500.0,09:00-19:30,"TRANSFER,POS,CARD",Business email compromise / fake beneficiary update,0.033,82,21148.56,INR,PURCHASE,CARD,MOBILE_APP,1,0,Bengaluru,14.0,0,0,1,DEV-SOWMIYA-ONEPLUS-11,mobile_android,0,BEN-CUST_SOWMIYA_003-TRUSTED,Trusted Household Vendor,7,0,3,20,0,0,0,None,Resolved Genuine,Standard Habitual Purchase,0
TXN-CUST_SOWMIYA_003-11139,2026-09-02 20:58:00,2026-09-02,20:58:00,20,2,0,0,CUST_SOWMIYA_003,55,Bengaluru,Karnataka,High Risk / 26% Fraud Rate,M011,SkyTrail Travels,Travel Agency,Flight & International Tour Packages,Coimbatore,Gandhipuram,Tamil Nadu,641012,11.0183,76.9664,11,44000.0,09:00-20:00,"ONLINE,TRANSFER,CARD",Mule-account ticket arbitrage & fast cancellation fraud,0.052,130,15541.19,INR,PURCHASE,ONLINE,MOBILE_APP,0,0,Bengaluru,6.0,0,0,1,DEV-SOWMIYA-ONEPLUS-11,mobile_android,0,BEN-CUST_SOWMIYA_003-TRUSTED,Trusted Household Vendor,15,0,3,22,0,0,0,None,Resolved Genuine,Standard Habitual Purchase,0
TXN-CUST_SOWMIYA_003-11140,2026-09-02 22:23:36,2026-09-02,22:23:36,22,2,0,0,CUST_SOWMIYA_003,55,Bengaluru,Karnataka,High Risk / 26% Fraud Rate,M026,GreenLeaf Wellness,Health & Wellness,Organic Nutrition & Ayurveda,Trichy,Srirangam,Tamil Nadu,620006,10.8624,78.6947,6,2100.0,08:00-21:00,"POS,UPI,ONLINE,CARD",Subscription card stuffing,0.013,32,36334.83,INR,PURCHASE,ONLINE,MOBILE_APP,1,0,Bengaluru,8.0,0,0,1,DEV-SOWMIYA-ONEPLUS-11,mobile_android,0,BEN-CUST_SOWMIYA_003-TRUSTED,Trusted Household Vendor,8,0,4,24,0,0,0,None,Resolved Genuine,Standard Habitual Purchase,0
TXN-CUST_SOWMIYA_003-11141,2026-09-02 23:48:57,2026-09-02,23:48:57,23,2,0,1,CUST_SOWMIYA_003,55,Bengaluru,Karnataka,High Risk / 26% Fraud Rate,M014,OakLine Furnishings,Furniture,Teak Wood & Modern Home Decor,Madurai,Bypass Road,Tamil Nadu,625016,9.932,78.109,12,38000.0,10:00-21:00,"POS,CARD,TRANSFER,EMI",Invoice redirection fraud / fake payment slips,0.029,72,11831.16,INR,PURCHASE,CARD,MOBILE_APP,1,0,Bengaluru,13.0,0,0,1,DEV-SOWMIYA-ONEPLUS-11,mobile_android,0,BEN-CUST_SOWMIYA_003-TRUSTED,Trusted Household Vendor,14,0,2,17,0,0,0,None,Resolved Genuine,Standard Habitual Purchase,0
TXN-CUST_SOWMIYA_003-11142,2026-09-03 01:16:49,2026-09-03,01:16:49,1,3,0,1,CUST_SOWMIYA_003,55,Bengaluru,Karnataka,High Risk / 26% Fraud Rate,M005,UrbanThread Studio,Fashion / Apparel,Designer & Ready-to-wear,Chennai,Anna Nagar,Tamil Nadu,600040,13.085,80.2101,5,4800.0,10:30-22:00,"POS,ONLINE,UPI,CARD",Refund abuse / credential stuffing,0.022,55,18212.32,INR,P2P_TRANSFER,ONLINE,WEB_PORTAL,0,1,Singapore,5425.0,1,1,0,DEV-ROGUE-EMULATOR-504,unknown_bot,1,BEN-MULE-3617,QuickMule Transfer 33,0,8,32,135,3,1,1,Card testing,Pre-auth Block,Automated high-velocity attack from unknown device,1
TXN-CUST_SOWMIYA_003-11143,2026-09-03 02:40:47,2026-09-03,02:40:47,2,3,0,1,CUST_SOWMIYA_003,55,Bengaluru,Karnataka,High Risk / 26% Fraud Rate,M009,RapidFuel Station,Fuel Station,"Petrol, Diesel & EV Fast Charge",Salem,Fairlands,Tamil Nadu,636016,11.6643,78.146,9,3100.0,24_HOURS,"POS,FLEET_CARD,UPI",Automated fleet card skimming,0.024,60,22977.09,INR,PURCHASE,POS,MOBILE_APP,1,0,Bengaluru,8.0,0,0,1,DEV-SOWMIYA-ONEPLUS-11,mobile_android,0,BEN-CUST_SOWMIYA_003-TRUSTED,Trusted Household Vendor,14,0,3,21,0,0,0,None,Resolved Genuine,Standard Habitual Purchase,0
TXN-CUST_SOWMIYA_003-11144,2026-09-03 04:08:01,2026-09-03,04:08:01,4,3,0,1,CUST_SOWMIYA_003,55,Bengaluru,Karnataka,High Risk / 26% Fraud Rate,M008,BeanCircuit Cafe,Cafe,Specialty Coffee & Bakery,Bengaluru,Indiranagar,Karnataka,560038,12.9784,77.6408,3,650.0,07:30-23:00,"UPI,POS,CARD",QR code spoofing / fast velocity dining,0.009,22,27975.81,INR,PURCHASE,UPI,MOBILE_APP,1,0,Bengaluru,7.0,0,0,1,DEV-SOWMIYA-ONEPLUS-11,mobile_android,0,BEN-CUST_SOWMIYA_003-TRUSTED,Trusted Household Vendor,7,1,1,12,0,0,0,None,Resolved Genuine,Standard Habitual Purchase,0
TXN-CUST_SOWMIYA_003-11145,2026-09-03 05:33:16,2026-09-03,05:33:16,5,3,0,1,CUST_SOWMIYA_003,55,Bengaluru,Karnataka,High Risk / 26% Fraud Rate,M002,CircuitBay Electronics,Consumer Electronics,Laptops & Gadgets,Chennai,Velachery,Tamil Nadu,600042,12.9759,80.2212,6,32000.0,10:00-21:30,"POS,ONLINE,EMI,UPI",Stolen payment details / high-ticket electronics delivery,0.048,120,17723.08,INR,PURCHASE,UPI,MOBILE_APP,1,0,Bengaluru,14.0,0,0,1,DEV-SOWMIYA-ONEPLUS-11,mobile_android,0,BEN-CUST_SOWMIYA_003-TRUSTED,Trusted Household Vendor,6,0,1,8,0,0,0,None,Resolved Genuine,Standard Habitual Purchase,0
TXN-CUST_SOWMIYA_003-11146,2026-09-03 06:57:44,2026-09-03,06:57:44,6,3,0,0,CUST_SOWMIYA_003,55,Bengaluru,Karnataka,High Risk / 26% Fraud Rate,M018,PageTurn Book House,Bookstore,"Academic, Fiction & Stationery",Trichy,Thillai Nagar,Tamil Nadu,620018,10.8282,78.6854,16,850.0,09:00-21:30,"POS,UPI,CARD,ONLINE",Low-value card testing bots,0.008,20,16281.83,INR,PURCHASE,UPI,MOBILE_APP,1,0,Bengaluru,1.0,0,0,1,DEV-SOWMIYA-ONEPLUS-11,mobile_android,0,BEN-CUST_SOWMIYA_003-TRUSTED,Trusted Household Vendor,8,0,2,14,0,0,0,None,Resolved Genuine,Standard Habitual Purchase,0
TXN-CUST_SOWMIYA_003-11147,2026-09-03 08:26:30,2026-09-03,08:26:30,8,3,0,0,CUST_SOWMIYA_003,55,Bengaluru,Karnataka,High Risk / 26% Fraud Rate,M022,SkillSpring Academy,Education / Training,Professional Certifications & Tech Bootcamps,Chennai,Mylapore,Tamil Nadu,600004,13.0368,80.2676,8,22000.0,08:30-19:30,"ONLINE,NETBANKING,CARD,UPI",Stolen corporate card enrollments,0.028,70,17904.58,INR,PURCHASE,ONLINE,MOBILE_APP,0,0,Bengaluru,3.0,0,0,1,DEV-SOWMIYA-ONEPLUS-11,mobile_android,0,BEN-CUST_SOWMIYA_003-TRUSTED,Trusted Household Vendor,3,1,3,18,0,0,0,None,Resolved Genuine,Standard Habitual Purchase,0
TXN-CUST_SOWMIYA_003-11148,2026-09-03 09:53:18,2026-09-03,09:53:18,9,3,0,0,CUST_SOWMIYA_003,55,Bengaluru,Karnataka,High Risk / 26% Fraud Rate,M029,CloudDesk Digital,Software / Digital Services,Cloud Infrastructure & SaaS Tools,Bengaluru,Whitefield,Karnataka,560066,12.9698,77.7499,7,19800.0,24_HOURS,"ONLINE,CARD,TRANSFER",Cryptomining VM rental with stolen credit cards,0.058,145,74439.63,INR,P2P_TRANSFER,ONLINE,WEB_PORTAL,0,1,Moscow,4743.0,1,1,0,DEV-ROGUE-EMULATOR-126,unknown_bot,1,BEN-MULE-8665,QuickMule Transfer 78,0,9,18,78,6,1,0,Card testing,Pre-auth Block,Automated high-velocity attack from unknown device,1
TXN-CUST_SOWMIYA_003-11149,2026-09-03 11:21:12,2026-09-03,11:21:12,11,3,0,0,CUST_SOWMIYA_003,55,Bengaluru,Karnataka,High Risk / 26% Fraud Rate,M013,CartNest Online,E-commerce,Multi-category Marketplace,Chennai,Guindy,Tamil Nadu,600032,13.0067,80.2026,5,6200.0,24_HOURS,"ONLINE,UPI,CARD,NETBANKING",Account takeover + triangulation shipping fraud,0.045,112,27060.43,INR,PURCHASE,UPI,MOBILE_APP,0,0,Bengaluru,10.0,0,0,1,DEV-SOWMIYA-ONEPLUS-11,mobile_android,0,BEN-CUST_SOWMIYA_003-TRUSTED,Trusted Household Vendor,11,1,4,22,0,0,0,None,Resolved Genuine,Standard Habitual Purchase,0
TXN-CUST_SOWMIYA_003-11150,2026-09-03 12:46:26,2026-09-03,12:46:26,12,3,0,0,CUST_SOWMIYA_003,55,Bengaluru,Karnataka,High Risk / 26% Fraud Rate,M014,OakLine Furnishings,Furniture,Teak Wood & Modern Home Decor,Madurai,Bypass Road,Tamil Nadu,625016,9.932,78.109,12,38000.0,10:00-21:00,"POS,CARD,TRANSFER,EMI",Invoice redirection fraud / fake payment slips,0.029,72,44934.54,INR,PURCHASE,POS,MOBILE_APP,1,0,Bengaluru,7.0,0,0,1,DEV-SOWMIYA-ONEPLUS-11,mobile_android,0,BEN-CUST_SOWMIYA_003-TRUSTED,Trusted Household Vendor,9,0,2,14,0,0,0,None,Resolved Genuine,Standard Habitual Purchase,0
TXN-CUST_SOWMIYA_003-11151,2026-09-03 14:11:05,2026-09-03,14:11:05,14,3,0,0,CUST_SOWMIYA_003,55,Bengaluru,Karnataka,High Risk / 26% Fraud Rate,M014,OakLine Furnishings,Furniture,Teak Wood & Modern Home Decor,Madurai,Bypass Road,Tamil Nadu,625016,9.932,78.109,12,38000.0,10:00-21:00,"POS,CARD,TRANSFER,EMI",Invoice redirection fraud / fake payment slips,0.029,72,28690.12,INR,PURCHASE,POS,MOBILE_APP,1,0,Bengaluru,15.0,0,0,1,DEV-SOWMIYA-ONEPLUS-11,mobile_android,0,BEN-CUST_SOWMIYA_003-TRUSTED,Trusted Household Vendor,14,0,3,22,0,0,0,None,Resolved Genuine,Standard Habitual Purchase,0
TXN-CUST_SOWMIYA_003-11152,2026-09-03 15:36:27,2026-09-03,15:36:27,15,3,0,0,CUST_SOWMIYA_003,55,Bengaluru,Karnataka,High Risk / 26% Fraud Rate,M019,ArenaSport World,Sports Retail,Fitness Equipment & Sports Wear,Chennai,Nungambakkam,Tamil Nadu,600034,13.0604,80.2405,6,5600.0,10:00-21:30,"POS,ONLINE,UPI,CARD",Stolen card chargeback on premium sports gear,0.026,65,17582.25,INR,PURCHASE,CARD,MOBILE_APP,1,0,Bengaluru,13.0,0,0,1,DEV-SOWMIYA-ONEPLUS-11,mobile_android,0,BEN-CUST_SOWMIYA_003-TRUSTED,Trusted Household Vendor,12,0,2,12,0,0,0,None,Resolved Genuine,Standard Habitual Purchase,0
TXN-CUST_SOWMIYA_003-11153,2026-09-03 17:02:07,2026-09-03,17:02:07,17,3,0,0,CUST_SOWMIYA_003,55,Bengaluru,Karnataka,High Risk / 26% Fraud Rate,M019,ArenaSport World,Sports Retail,Fitness Equipment & Sports Wear,Chennai,Nungambakkam,Tamil Nadu,600034,13.0604,80.2405,6,5600.0,10:00-21:30,"POS,ONLINE,UPI,CARD",Stolen card chargeback on premium sports gear,0.026,65,37076.72,INR,PURCHASE,CARD,MOBILE_APP,1,0,Bengaluru,3.0,0,0,1,DEV-SOWMIYA-ONEPLUS-11,mobile_android,0,BEN-CUST_SOWMIYA_003-TRUSTED,Trusted Household Vendor,8,0,2,12,0,0,0,None,Resolved Genuine,Standard Habitual Purchase,0
TXN-CUST_SOWMIYA_003-11154,2026-09-03 18:28:26,2026-09-03,18:28:26,18,3,0,0,CUST_SOWMIYA_003,55,Bengaluru,Karnataka,High Risk / 26% Fraud Rate,M021,GlowCraft Salon,Salon / Beauty,Spa & Grooming Studio,Chennai,Porur,Tamil Nadu,600116,13.0382,80.1565,5,2800.0,09:00-21:00,"POS,UPI,CARD",Unusual late-night transaction spikes,0.011,27,11787.87,INR,P2P_TRANSFER,CARD,WEB_PORTAL,0,0,Unknown Proxy,2556.0,1,1,0,DEV-ROGUE-EMULATOR-522,unknown_bot,1,BEN-MULE-4947,QuickMule Transfer 42,0,11,13,58,4,4,1,Credential compromise,Pre-auth Block,Automated high-velocity attack from unknown device,1
TXN-CUST_SOWMIYA_003-11155,2026-09-03 19:57:06,2026-09-03,19:57:06,19,3,0,0,CUST_SOWMIYA_003,55,Bengaluru,Karnataka,High Risk / 26% Fraud Rate,M014,OakLine Furnishings,Furniture,Teak Wood & Modern Home Decor,Madurai,Bypass Road,Tamil Nadu,625016,9.932,78.109,12,38000.0,10:00-21:00,"POS,CARD,TRANSFER,EMI",Invoice redirection fraud / fake payment slips,0.029,72,25633.62,INR,PURCHASE,EMI,MOBILE_APP,1,0,Bengaluru,2.0,0,0,1,DEV-SOWMIYA-ONEPLUS-11,mobile_android,0,BEN-CUST_SOWMIYA_003-TRUSTED,Trusted Household Vendor,7,1,1,7,0,0,0,None,Resolved Genuine,Standard Habitual Purchase,0
TXN-CUST_SOWMIYA_003-11156,2026-09-03 21:23:46,2026-09-03,21:23:46,21,3,0,0,CUST_SOWMIYA_003,55,Bengaluru,Karnataka,High Risk / 26% Fraud Rate,M013,CartNest Online,E-commerce,Multi-category Marketplace,Chennai,Guindy,Tamil Nadu,600032,13.0067,80.2026,5,6200.0,24_HOURS,"ONLINE,UPI,CARD,NETBANKING",Account takeover + triangulation shipping fraud,0.045,112,41157.04,INR,PURCHASE,NETBANKING,MOBILE_APP,0,0,Bengaluru,7.0,0,0,1,DEV-SOWMIYA-ONEPLUS-11,mobile_android,0,BEN-CUST_SOWMIYA_003-TRUSTED,Trusted Household Vendor,15,1,4,20,0,0,0,None,Resolved Genuine,Standard Habitual Purchase,0
TXN-CUST_SOWMIYA_003-11157,2026-09-03 22:48:48,2026-09-03,22:48:48,22,3,0,0,CUST_SOWMIYA_003,55,Bengaluru,Karnataka,High Risk / 26% Fraud Rate,M009,RapidFuel Station,Fuel Station,"Petrol, Diesel & EV Fast Charge",Salem,Fairlands,Tamil Nadu,636016,11.6643,78.146,9,3100.0,24_HOURS,"POS,FLEET_CARD,UPI",Automated fleet card skimming,0.024,60,14540.81,INR,P2P_TRANSFER,UPI,WEB_PORTAL,0,1,Lagos,4150.0,1,1,0,DEV-ROGUE-EMULATOR-872,unknown_bot,1,BEN-MULE-2420,QuickMule Transfer 39,0,5,28,118,5,3,1,Credential compromise,Pre-auth Block,Automated high-velocity attack from unknown device,1
TXN-CUST_SOWMIYA_003-11158,2026-09-04 00:13:51,2026-09-04,00:13:51,0,4,0,1,CUST_SOWMIYA_003,55,Bengaluru,Karnataka,High Risk / 26% Fraud Rate,M028,CraftCove Home Decor,Home Decor,Handicrafts & Art Pieces,Thanjavur,Medical College Road,Tamil Nadu,613004,10.7684,79.1245,8,7400.0,09:30-20:30,"POS,UPI,CARD,ONLINE",Cross-border tourist chargebacks,0.023,57,30601.46,INR,PURCHASE,UPI,MOBILE_APP,1,0,Bengaluru,9.0,0,0,1,DEV-SOWMIYA-ONEPLUS-11,mobile_android,0,BEN-CUST_SOWMIYA_003-TRUSTED,Trusted Household Vendor,4,0,2,18,0,0,0,None,Resolved Genuine,Standard Habitual Purchase,0
TXN-CUST_SOWMIYA_003-11159,2026-09-04 01:37:25,2026-09-04,01:37:25,1,4,0,1,CUST_SOWMIYA_003,55,Bengaluru,Karnataka,High Risk / 26% Fraud Rate,M013,CartNest Online,E-commerce,Multi-category Marketplace,Chennai,Guindy,Tamil Nadu,600032,13.0067,80.2026,5,6200.0,24_HOURS,"ONLINE,UPI,CARD,NETBANKING",Account takeover + triangulation shipping fraud,0.045,112,31212.13,INR,PURCHASE,ONLINE,MOBILE_APP,0,0,Bengaluru,4.0,0,0,1,DEV-SOWMIYA-ONEPLUS-11,mobile_android,0,BEN-CUST_SOWMIYA_003-TRUSTED,Trusted Household Vendor,12,0,4,20,0,0,0,None,Resolved Genuine,Standard Habitual Purchase,0
TXN-CUST_SOWMIYA_003-11160,2026-09-04 03:04:41,2026-09-04,03:04:41,3,4,0,1,CUST_SOWMIYA_003,55,Bengaluru,Karnataka,High Risk / 26% Fraud Rate,M026,GreenLeaf Wellness,Health & Wellness,Organic Nutrition & Ayurveda,Trichy,Srirangam,Tamil Nadu,620006,10.8624,78.6947,6,2100.0,08:00-21:00,"POS,UPI,ONLINE,CARD",Subscription card stuffing,0.013,32,42810.36,INR,PURCHASE,POS,MOBILE_APP,1,0,Bengaluru,8.0,0,0,1,DEV-SOWMIYA-ONEPLUS-11,mobile_android,0,BEN-CUST_SOWMIYA_003-TRUSTED,Trusted Household Vendor,13,0,2,11,0,0,0,None,Resolved Genuine,Standard Habitual Purchase,0
TXN-CUST_SOWMIYA_003-11161,2026-09-04 04:32:44,2026-09-04,04:32:44,4,4,0,1,CUST_SOWMIYA_003,55,Bengaluru,Karnataka,High Risk / 26% Fraud Rate,M029,CloudDesk Digital,Software / Digital Services,Cloud Infrastructure & SaaS Tools,Bengaluru,Whitefield,Karnataka,560066,12.9698,77.7499,7,19800.0,24_HOURS,"ONLINE,CARD,TRANSFER",Cryptomining VM rental with stolen credit cards,0.058,145,16795.13,INR,PURCHASE,ONLINE,MOBILE_APP,0,0,Bengaluru,15.0,0,0,1,DEV-SOWMIYA-ONEPLUS-11,mobile_android,0,BEN-CUST_SOWMIYA_003-TRUSTED,Trusted Household Vendor,9,0,1,7,0,0,0,None,Resolved Genuine,Standard Habitual Purchase,0
TXN-CUST_SOWMIYA_003-11162,2026-09-04 05:59:09,2026-09-04,05:59:09,5,4,0,1,CUST_SOWMIYA_003,55,Bengaluru,Karnataka,High Risk / 26% Fraud Rate,M012,DashDine Delivery,Food Delivery,Quick Commerce & Meal Delivery,Chennai,Sholinganallur,Tamil Nadu,600119,12.901,80.2279,4,520.0,06:00-02:00,"UPI,CARD,ONLINE,WALLET",Promo code abuse / stolen wallet balances,0.014,35,17569.01,INR,PURCHASE,UPI,MOBILE_APP,0,0,Bengaluru,1.0,0,0,1,DEV-SOWMIYA-ONEPLUS-11,mobile_android,0,BEN-CUST_SOWMIYA_003-TRUSTED,Trusted Household Vendor,12,0,2,15,0,0,0,None,Resolved Genuine,Standard Habitual Purchase,0
TXN-CUST_SOWMIYA_003-11163,2026-09-04 07:23:27,2026-09-04,07:23:27,7,4,0,0,CUST_SOWMIYA_003,55,Bengaluru,Karnataka,High Risk / 26% Fraud Rate,M003,Pulse Mobile Hub,Mobile Store,Smartphones & Accessories,Chennai,Tambaram,Tamil Nadu,600045,12.9249,80.1278,4,18500.0,09:30-21:30,"POS,UPI,CARD",New device abuse / rapid checkout surge,0.035,87,43143.78,INR,PURCHASE,CARD,MOBILE_APP,1,0,Bengaluru,4.0,0,0,1,DEV-SOWMIYA-ONEPLUS-11,mobile_android,0,BEN-CUST_SOWMIYA_003-TRUSTED,Trusted Household Vendor,13,0,4,21,0,0,0,None,Resolved Genuine,Standard Habitual Purchase,0
TXN-CUST_SOWMIYA_003-11164,2026-09-04 08:50:56,2026-09-04,08:50:56,8,4,0,0,CUST_SOWMIYA_003,55,Bengaluru,Karnataka,High Risk / 26% Fraud Rate,M010,HarborView Residency,Hotel / Hospitality,Business & Luxury Hotel,Chennai,OMR,Tamil Nadu,600096,12.9165,80.2285,6,9500.0,24_HOURS,"ONLINE,POS,CARD,TRANSFER",Online travel booking fraud with stolen corporate credentials,0.041,102,37666.4,INR,PURCHASE,TRANSFER,MOBILE_APP,1,0,Bengaluru,10.0,0,0,1,DEV-SOWMIYA-ONEPLUS-11,mobile_android,0,BEN-CUST_SOWMIYA_003-TRUSTED,Trusted Household Vendor,5,0,1,6,0,0,0,None,Resolved Genuine,Standard Habitual Purchase,0
TXN-CUST_SOWMIYA_003-11165,2026-09-04 10:15:26,2026-09-04,10:15:26,10,4,0,0,CUST_SOWMIYA_003,55,Bengaluru,Karnataka,High Risk / 26% Fraud Rate,M004,Aurelia Gold House,Jewellery,Gold & Diamond Jewellery,Coimbatore,RS Puram,Tamil Nadu,641002,11.0089,76.9514,14,78000.0,10:00-20:30,"POS,CARD,TRANSFER",Account takeover / card-not-present luxury surge,0.065,162,30184.83,INR,PURCHASE,POS,MOBILE_APP,1,0,Bengaluru,15.0,0,0,1,DEV-SOWMIYA-ONEPLUS-11,mobile_android,0,BEN-CUST_SOWMIYA_003-TRUSTED,Trusted Household Vendor,3,0,2,12,0,0,0,None,Resolved Genuine,Standard Habitual Purchase,0
TXN-CUST_SOWMIYA_003-11166,2026-09-04 11:42:34,2026-09-04,11:42:34,11,4,0,0,CUST_SOWMIYA_003,55,Bengaluru,Karnataka,High Risk / 26% Fraud Rate,M020,GameGrid Arena,Gaming,"Esports, Consoles & Virtual Credits",Bengaluru,Koramangala,Karnataka,560095,12.9352,77.6245,4,3400.0,10:00-01:00,"ONLINE,UPI,CARD,WALLET",Virtual item laundering & bot-driven micro transactions,0.055,137,12021.34,INR,PURCHASE,WALLET,MOBILE_APP,0,0,Bengaluru,14.0,0,0,1,DEV-SOWMIYA-ONEPLUS-11,mobile_android,0,BEN-CUST_SOWMIYA_003-TRUSTED,Trusted Household Vendor,13,0,1,13,0,0,0,None,Resolved Genuine,Standard Habitual Purchase,0
TXN-CUST_SOWMIYA_003-11167,2026-09-04 13:09:47,2026-09-04,13:09:47,13,4,0,0,CUST_SOWMIYA_003,55,Bengaluru,Karnataka,High Risk / 26% Fraud Rate,M013,CartNest Online,E-commerce,Multi-category Marketplace,Chennai,Guindy,Tamil Nadu,600032,13.0067,80.2026,5,6200.0,24_HOURS,"ONLINE,UPI,CARD,NETBANKING",Account takeover + triangulation shipping fraud,0.045,112,13775.45,INR,P2P_TRANSFER,CARD,WEB_PORTAL,0,1,Dubai,1848.0,1,1,0,DEV-ROGUE-EMULATOR-105,unknown_bot,1,BEN-MULE-3853,QuickMule Transfer 47,0,11,24,106,4,2,0,Account takeover,Pre-auth Block,Automated high-velocity attack from unknown device,1
TXN-CUST_SOWMIYA_003-11168,2026-09-04 14:34:37,2026-09-04,14:34:37,14,4,0,0,CUST_SOWMIYA_003,55,Bengaluru,Karnataka,High Risk / 26% Fraud Rate,M007,SpiceRoute Kitchen,Restaurant,Fine Dining & Chettinad,Chennai,Adyar,Tamil Nadu,600020,13.0012,80.2565,7,2200.0,11:30-23:30,"POS,UPI,CARD",Cloned card POS terminal replay,0.018,45,38218.2,INR,PURCHASE,UPI,MOBILE_APP,1,0,Bengaluru,9.0,0,0,1,DEV-SOWMIYA-ONEPLUS-11,mobile_android,0,BEN-CUST_SOWMIYA_003-TRUSTED,Trusted Household Vendor,4,0,4,19,0,0,0,None,Resolved Genuine,Standard Habitual Purchase,0
TXN-CUST_SOWMIYA_003-11169,2026-09-04 15:59:53,2026-09-04,15:59:53,15,4,0,0,CUST_SOWMIYA_003,55,Bengaluru,Karnataka,High Risk / 26% Fraud Rate,M024,LinkWave Telecom,Telecom Retail,Fiber Broadband & Postpaid Plans,Erode,Perundurai Road,Tamil Nadu,638011,11.341,77.7172,10,1950.0,09:30-20:30,"UPI,CARD,ONLINE,POS",SIM swap bill recharge surges,0.017,42,28254.21,INR,PURCHASE,UPI,MOBILE_APP,1,0,Bengaluru,7.0,0,0,1,DEV-SOWMIYA-ONEPLUS-11,mobile_android,0,BEN-CUST_SOWMIYA_003-TRUSTED,Trusted Household Vendor,10,0,1,14,0,0,0,None,Resolved Genuine,Standard Habitual Purchase,0
TXN-CUST_SOWMIYA_003-11170,2026-09-04 17:26:00,2026-09-04,17:26:00,17,4,0,0,CUST_SOWMIYA_003,55,Bengaluru,Karnataka,High Risk / 26% Fraud Rate,M005,UrbanThread Studio,Fashion / Apparel,Designer & Ready-to-wear,Chennai,Anna Nagar,Tamil Nadu,600040,13.085,80.2101,5,4800.0,10:30-22:00,"POS,ONLINE,UPI,CARD",Refund abuse / credential stuffing,0.022,55,27906.04,INR,PURCHASE,POS,MOBILE_APP,1,0,Bengaluru,9.0,0,0,1,DEV-SOWMIYA-ONEPLUS-11,mobile_android,0,BEN-CUST_SOWMIYA_003-TRUSTED,Trusted Household Vendor,7,0,1,6,0,0,0,None,Resolved Genuine,Standard Habitual Purchase,0
TXN-CUST_SOWMIYA_003-11171,2026-09-04 18:53:08,2026-09-04,18:53:08,18,4,0,0,CUST_SOWMIYA_003,55,Bengaluru,Karnataka,High Risk / 26% Fraud Rate,M022,SkillSpring Academy,Education / Training,Professional Certifications & Tech Bootcamps,Chennai,Mylapore,Tamil Nadu,600004,13.0368,80.2676,8,22000.0,08:30-19:30,"ONLINE,NETBANKING,CARD,UPI",Stolen corporate card enrollments,0.028,70,45301.22,INR,PURCHASE,ONLINE,MOBILE_APP,0,0,Bengaluru,12.0,0,0,1,DEV-SOWMIYA-ONEPLUS-11,mobile_android,0,BEN-CUST_SOWMIYA_003-TRUSTED,Trusted Household Vendor,7,0,2,12,0,0,0,None,Resolved Genuine,Standard Habitual Purchase,0
TXN-CUST_SOWMIYA_003-11172,2026-09-04 20:21:34,2026-09-04,20:21:34,20,4,0,0,CUST_SOWMIYA_003,55,Bengaluru,Karnataka,High Risk / 26% Fraud Rate,M006,MedicoCare Pharmacy,Pharmacy,Medicines & Surgical Supplies,Madurai,KK Nagar,Tamil Nadu,625020,9.9252,78.1498,10,1450.0,24_HOURS,"POS,UPI,CARD,ONLINE",Nighttime micro card testing,0.015,37,15273.35,INR,PURCHASE,UPI,MOBILE_APP,1,0,Bengaluru,11.0,0,0,1,DEV-SOWMIYA-ONEPLUS-11,mobile_android,0,BEN-CUST_SOWMIYA_003-TRUSTED,Trusted Household Vendor,8,0,1,8,0,0,0,None,Resolved Genuine,Standard Habitual Purchase,0
TXN-CUST_SOWMIYA_003-11173,2026-09-04 21:46:33,2026-09-04,21:46:33,21,4,0,0,CUST_SOWMIYA_003,55,Bengaluru,Karnataka,High Risk / 26% Fraud Rate,M003,Pulse Mobile Hub,Mobile Store,Smartphones & Accessories,Chennai,Tambaram,Tamil Nadu,600045,12.9249,80.1278,4,18500.0,09:30-21:30,"POS,UPI,CARD",New device abuse / rapid checkout surge,0.035,87,30086.35,INR,PURCHASE,CARD,MOBILE_APP,1,0,Bengaluru,3.0,0,0,1,DEV-SOWMIYA-ONEPLUS-11,mobile_android,0,BEN-CUST_SOWMIYA_003-TRUSTED,Trusted Household Vendor,5,0,3,21,0,0,0,None,Resolved Genuine,Standard Habitual Purchase,0
TXN-CUST_SOWMIYA_003-11174,2026-09-04 23:12:16,2026-09-04,23:12:16,23,4,0,1,CUST_SOWMIYA_003,55,Bengaluru,Karnataka,High Risk / 26% Fraud Rate,M012,DashDine Delivery,Food Delivery,Quick Commerce & Meal Delivery,Chennai,Sholinganallur,Tamil Nadu,600119,12.901,80.2279,4,520.0,06:00-02:00,"UPI,CARD,ONLINE,WALLET",Promo code abuse / stolen wallet balances,0.014,35,16446.4,INR,PURCHASE,CARD,MOBILE_APP,0,0,Bengaluru,14.0,0,0,1,DEV-SOWMIYA-ONEPLUS-11,mobile_android,0,BEN-CUST_SOWMIYA_003-TRUSTED,Trusted Household Vendor,4,1,2,11,0,0,0,None,Resolved Genuine,Standard Habitual Purchase,0
TXN-CUST_SOWMIYA_003-11175,2026-09-05 00:36:15,2026-09-05,00:36:15,0,5,1,1,CUST_SOWMIYA_003,55,Bengaluru,Karnataka,High Risk / 26% Fraud Rate,M015,HomeSphere Appliances,Home Appliances,"Refrigerators, ACs & Kitchen Tech",Coimbatore,Saibaba Colony,Tamil Nadu,641011,11.0315,76.945,9,27500.0,09:30-21:00,"POS,EMI,CARD,UPI",Carding attacks with immediate in-store pickup,0.038,95,116367.09,INR,P2P_TRANSFER,UPI,WEB_PORTAL,0,0,Unknown Proxy,2962.0,1,1,0,DEV-ROGUE-EMULATOR-269,unknown_bot,1,BEN-MULE-2367,QuickMule Transfer 61,0,6,24,106,5,1,1,Credential compromise,Pre-auth Block,Automated high-velocity attack from unknown device,1
TXN-CUST_SOWMIYA_003-11176,2026-09-05 02:00:19,2026-09-05,02:00:19,2,5,1,1,CUST_SOWMIYA_003,55,Bengaluru,Karnataka,High Risk / 26% Fraud Rate,M026,GreenLeaf Wellness,Health & Wellness,Organic Nutrition & Ayurveda,Trichy,Srirangam,Tamil Nadu,620006,10.8624,78.6947,6,2100.0,08:00-21:00,"POS,UPI,ONLINE,CARD",Subscription card stuffing,0.013,32,26208.82,INR,PURCHASE,UPI,MOBILE_APP,1,0,Bengaluru,15.0,0,0,1,DEV-SOWMIYA-ONEPLUS-11,mobile_android,0,BEN-CUST_SOWMIYA_003-TRUSTED,Trusted Household Vendor,14,0,4,18,0,0,0,None,Resolved Genuine,Standard Habitual Purchase,0
TXN-CUST_SOWMIYA_003-11177,2026-09-05 03:24:48,2026-09-05,03:24:48,3,5,1,1,CUST_SOWMIYA_003,55,Bengaluru,Karnataka,High Risk / 26% Fraud Rate,M004,Aurelia Gold House,Jewellery,Gold & Diamond Jewellery,Coimbatore,RS Puram,Tamil Nadu,641002,11.0089,76.9514,14,78000.0,10:00-20:30,"POS,CARD,TRANSFER",Account takeover / card-not-present luxury surge,0.065,162,22791.77,INR,PURCHASE,POS,MOBILE_APP,1,0,Bengaluru,9.0,0,0,1,DEV-SOWMIYA-ONEPLUS-11,mobile_android,0,BEN-CUST_SOWMIYA_003-TRUSTED,Trusted Household Vendor,15,0,3,20,0,0,0,None,Resolved Genuine,Standard Habitual Purchase,0
TXN-CUST_SOWMIYA_003-11178,2026-09-05 04:50:51,2026-09-05,04:50:51,4,5,1,1,CUST_SOWMIYA_003,55,Bengaluru,Karnataka,High Risk / 26% Fraud Rate,M025,ShieldSure Services,Insurance Services,General & Health Insurance Premium,Chennai,Egmore,Tamil Nadu,600008,13.0784,80.2607,13,14000.0,09:30-18:00,"ONLINE,NETBANKING,CARD",Premium diversion / fake policy payment slips,0.019,47,11938.32,INR,PURCHASE,NETBANKING,MOBILE_APP,0,0,Bengaluru,3.0,0,0,1,DEV-SOWMIYA-ONEPLUS-11,mobile_android,0,BEN-CUST_SOWMIYA_003-TRUSTED,Trusted Household Vendor,4,1,3,19,0,0,0,None,Resolved Genuine,Standard Habitual Purchase,0
TXN-CUST_SOWMIYA_003-11179,2026-09-05 06:15:30,2026-09-05,06:15:30,6,5,1,0,CUST_SOWMIYA_003,55,Bengaluru,Karnataka,High Risk / 26% Fraud Rate,M028,CraftCove Home Decor,Home Decor,Handicrafts & Art Pieces,Thanjavur,Medical College Road,Tamil Nadu,613004,10.7684,79.1245,8,7400.0,09:30-20:30,"POS,UPI,CARD,ONLINE",Cross-border tourist chargebacks,0.023,57,22141.96,INR,P2P_TRANSFER,CARD,WEB_PORTAL,0,1,Dubai,4157.0,1,1,0,DEV-ROGUE-EMULATOR-789,unknown_bot,1,BEN-MULE-1993,QuickMule Transfer 95,0,7,14,58,6,3,0,Account takeover,Pre-auth Block,Automated high-velocity attack from unknown device,1
TXN-CUST_SOWMIYA_003-11180,2026-09-05 07:41:35,2026-09-05,07:41:35,7,5,1,0,CUST_SOWMIYA_003,55,Bengaluru,Karnataka,High Risk / 26% Fraud Rate,M026,GreenLeaf Wellness,Health & Wellness,Organic Nutrition & Ayurveda,Trichy,Srirangam,Tamil Nadu,620006,10.8624,78.6947,6,2100.0,08:00-21:00,"POS,UPI,ONLINE,CARD",Subscription card stuffing,0.013,32,22334.73,INR,PURCHASE,ONLINE,MOBILE_APP,1,0,Bengaluru,9.0,0,0,1,DEV-SOWMIYA-ONEPLUS-11,mobile_android,0,BEN-CUST_SOWMIYA_003-TRUSTED,Trusted Household Vendor,5,0,3,20,0,0,0,None,Resolved Genuine,Standard Habitual Purchase,0
TXN-CUST_SOWMIYA_003-11181,2026-09-05 09:10:34,2026-09-05,09:10:34,9,5,1,0,CUST_SOWMIYA_003,55,Bengaluru,Karnataka,High Risk / 26% Fraud Rate,M015,HomeSphere Appliances,Home Appliances,"Refrigerators, ACs & Kitchen Tech",Coimbatore,Saibaba Colony,Tamil Nadu,641011,11.0315,76.945,9,27500.0,09:30-21:00,"POS,EMI,CARD,UPI",Carding attacks with immediate in-store pickup,0.038,95,78416.74,INR,P2P_TRANSFER,EMI,WEB_PORTAL,0,0,Unknown Proxy,3252.0,1,1,0,DEV-ROGUE-EMULATOR-608,unknown_bot,1,BEN-MULE-1113,QuickMule Transfer 81,0,10,26,106,6,4,1,Account takeover,Pre-auth Block,Automated high-velocity attack from unknown device,1
TXN-CUST_SOWMIYA_003-11182,2026-09-05 10:37:52,2026-09-05,10:37:52,10,5,1,0,CUST_SOWMIYA_003,55,Bengaluru,Karnataka,High Risk / 26% Fraud Rate,M013,CartNest Online,E-commerce,Multi-category Marketplace,Chennai,Guindy,Tamil Nadu,600032,13.0067,80.2026,5,6200.0,24_HOURS,"ONLINE,UPI,CARD,NETBANKING",Account takeover + triangulation shipping fraud,0.045,112,20722.98,INR,PURCHASE,UPI,MOBILE_APP,0,0,Bengaluru,5.0,0,0,1,DEV-SOWMIYA-ONEPLUS-11,mobile_android,0,BEN-CUST_SOWMIYA_003-TRUSTED,Trusted Household Vendor,11,0,3,19,0,0,0,None,Resolved Genuine,Standard Habitual Purchase,0
TXN-CUST_SOWMIYA_003-11183,2026-09-05 12:03:14,2026-09-05,12:03:14,12,5,1,0,CUST_SOWMIYA_003,55,Bengaluru,Karnataka,High Risk / 26% Fraud Rate,M029,CloudDesk Digital,Software / Digital Services,Cloud Infrastructure & SaaS Tools,Bengaluru,Whitefield,Karnataka,560066,12.9698,77.7499,7,19800.0,24_HOURS,"ONLINE,CARD,TRANSFER",Cryptomining VM rental with stolen credit cards,0.058,145,11666.02,INR,PURCHASE,CARD,MOBILE_APP,0,0,Bengaluru,8.0,0,0,1,DEV-SOWMIYA-ONEPLUS-11,mobile_android,0,BEN-CUST_SOWMIYA_003-TRUSTED,Trusted Household Vendor,5,0,4,25,0,0,0,None,Resolved Genuine,Standard Habitual Purchase,0
TXN-CUST_SOWMIYA_003-11184,2026-09-05 13:28:05,2026-09-05,13:28:05,13,5,1,0,CUST_SOWMIYA_003,55,Bengaluru,Karnataka,High Risk / 26% Fraud Rate,M024,LinkWave Telecom,Telecom Retail,Fiber Broadband & Postpaid Plans,Erode,Perundurai Road,Tamil Nadu,638011,11.341,77.7172,10,1950.0,09:30-20:30,"UPI,CARD,ONLINE,POS",SIM swap bill recharge surges,0.017,42,16104.05,INR,PURCHASE,CARD,MOBILE_APP,1,0,Bengaluru,3.0,0,0,1,DEV-SOWMIYA-ONEPLUS-11,mobile_android,0,BEN-CUST_SOWMIYA_003-TRUSTED,Trusted Household Vendor,14,0,1,8,0,0,0,None,Resolved Genuine,Standard Habitual Purchase,0
TXN-CUST_SOWMIYA_003-11185,2026-09-05 14:51:33,2026-09-05,14:51:33,14,5,1,0,CUST_SOWMIYA_003,55,Bengaluru,Karnataka,High Risk / 26% Fraud Rate,M004,Aurelia Gold House,Jewellery,Gold & Diamond Jewellery,Coimbatore,RS Puram,Tamil Nadu,641002,11.0089,76.9514,14,78000.0,10:00-20:30,"POS,CARD,TRANSFER",Account takeover / card-not-present luxury surge,0.065,162,14477.69,INR,PURCHASE,POS,MOBILE_APP,1,0,Bengaluru,3.0,0,0,1,DEV-SOWMIYA-ONEPLUS-11,mobile_android,0,BEN-CUST_SOWMIYA_003-TRUSTED,Trusted Household Vendor,7,1,2,16,0,0,0,None,Resolved Genuine,Standard Habitual Purchase,0
TXN-CUST_SOWMIYA_003-11186,2026-09-05 16:20:19,2026-09-05,16:20:19,16,5,1,0,CUST_SOWMIYA_003,55,Bengaluru,Karnataka,High Risk / 26% Fraud Rate,M028,CraftCove Home Decor,Home Decor,Handicrafts & Art Pieces,Thanjavur,Medical College Road,Tamil Nadu,613004,10.7684,79.1245,8,7400.0,09:30-20:30,"POS,UPI,CARD,ONLINE",Cross-border tourist chargebacks,0.023,57,24510.63,INR,PURCHASE,POS,MOBILE_APP,1,0,Bengaluru,1.0,0,0,1,DEV-SOWMIYA-ONEPLUS-11,mobile_android,0,BEN-CUST_SOWMIYA_003-TRUSTED,Trusted Household Vendor,8,1,1,8,0,0,0,None,Resolved Genuine,Standard Habitual Purchase,0
TXN-CUST_SOWMIYA_003-11187,2026-09-05 17:45:32,2026-09-05,17:45:32,17,5,1,0,CUST_SOWMIYA_003,55,Bengaluru,Karnataka,High Risk / 26% Fraud Rate,M013,CartNest Online,E-commerce,Multi-category Marketplace,Chennai,Guindy,Tamil Nadu,600032,13.0067,80.2026,5,6200.0,24_HOURS,"ONLINE,UPI,CARD,NETBANKING",Account takeover + triangulation shipping fraud,0.045,112,14754.79,INR,P2P_TRANSFER,CARD,WEB_PORTAL,0,1,Moscow,3437.0,1,1,0,DEV-ROGUE-EMULATOR-790,unknown_bot,1,BEN-MULE-7436,QuickMule Transfer 44,0,11,14,65,2,4,1,Credential compromise,Pre-auth Block,Automated high-velocity attack from unknown device,1
TXN-CUST_SOWMIYA_003-11188,2026-09-05 19:12:20,2026-09-05,19:12:20,19,5,1,0,CUST_SOWMIYA_003,55,Bengaluru,Karnataka,High Risk / 26% Fraud Rate,M017,AutoForge Parts,Spare Parts,OEM Industrial & Auto Components,Hosur,Mookandapalli,Tamil Nadu,635126,12.7409,77.8253,15,16500.0,09:00-19:30,"TRANSFER,POS,CARD",Business email compromise / fake beneficiary update,0.033,82,30420.35,INR,PURCHASE,POS,MOBILE_APP,1,0,Bengaluru,4.0,0,0,1,DEV-SOWMIYA-ONEPLUS-11,mobile_android,0,BEN-CUST_SOWMIYA_003-TRUSTED,Trusted Household Vendor,5,0,1,6,0,0,0,None,Resolved Genuine,Standard Habitual Purchase,0
TXN-CUST_SOWMIYA_003-11189,2026-09-05 20:38:26,2026-09-05,20:38:26,20,5,1,0,CUST_SOWMIYA_003,55,Bengaluru,Karnataka,High Risk / 26% Fraud Rate,M022,SkillSpring Academy,Education / Training,Professional Certifications & Tech Bootcamps,Chennai,Mylapore,Tamil Nadu,600004,13.0368,80.2676,8,22000.0,08:30-19:30,"ONLINE,NETBANKING,CARD,UPI",Stolen corporate card enrollments,0.028,70,32062.44,INR,PURCHASE,ONLINE,MOBILE_APP,0,0,Bengaluru,5.0,0,0,1,DEV-SOWMIYA-ONEPLUS-11,mobile_android,0,BEN-CUST_SOWMIYA_003-TRUSTED,Trusted Household Vendor,6,0,1,6,0,0,0,None,Resolved Genuine,Standard Habitual Purchase,0
TXN-CUST_SOWMIYA_003-11190,2026-09-05 22:07:19,2026-09-05,22:07:19,22,5,1,0,CUST_SOWMIYA_003,55,Bengaluru,Karnataka,High Risk / 26% Fraud Rate,M004,Aurelia Gold House,Jewellery,Gold & Diamond Jewellery,Coimbatore,RS Puram,Tamil Nadu,641002,11.0089,76.9514,14,78000.0,10:00-20:30,"POS,CARD,TRANSFER",Account takeover / card-not-present luxury surge,0.065,162,45490.37,INR,PURCHASE,CARD,MOBILE_APP,1,0,Bengaluru,14.0,0,0,1,DEV-SOWMIYA-ONEPLUS-11,mobile_android,0,BEN-CUST_SOWMIYA_003-TRUSTED,Trusted Household Vendor,14,0,3,21,0,0,0,None,Resolved Genuine,Standard Habitual Purchase,0
TXN-CUST_SOWMIYA_003-11191,2026-09-05 23:35:29,2026-09-05,23:35:29,23,5,1,1,CUST_SOWMIYA_003,55,Bengaluru,Karnataka,High Risk / 26% Fraud Rate,M013,CartNest Online,E-commerce,Multi-category Marketplace,Chennai,Guindy,Tamil Nadu,600032,13.0067,80.2026,5,6200.0,24_HOURS,"ONLINE,UPI,CARD,NETBANKING",Account takeover + triangulation shipping fraud,0.045,112,27293.5,INR,PURCHASE,CARD,MOBILE_APP,0,0,Bengaluru,7.0,0,0,1,DEV-SOWMIYA-ONEPLUS-11,mobile_android,0,BEN-CUST_SOWMIYA_003-TRUSTED,Trusted Household Vendor,5,0,3,20,0,0,0,None,Resolved Genuine,Standard Habitual Purchase,0
TXN-CUST_SOWMIYA_003-11192,2026-09-06 01:03:19,2026-09-06,01:03:19,1,6,1,1,CUST_SOWMIYA_003,55,Bengaluru,Karnataka,High Risk / 26% Fraud Rate,M004,Aurelia Gold House,Jewellery,Gold & Diamond Jewellery,Coimbatore,RS Puram,Tamil Nadu,641002,11.0089,76.9514,14,78000.0,10:00-20:30,"POS,CARD,TRANSFER",Account takeover / card-not-present luxury surge,0.065,162,180119.9,INR,P2P_TRANSFER,POS,WEB_PORTAL,0,1,Dubai,4885.0,1,1,0,DEV-ROGUE-EMULATOR-256,unknown_bot,1,BEN-MULE-8916,QuickMule Transfer 69,0,10,21,88,4,1,0,Mule-account behavior,Pre-auth Block,Automated high-velocity attack from unknown device,1
TXN-CUST_SOWMIYA_003-11193,2026-09-06 02:32:01,2026-09-06,02:32:01,2,6,1,1,CUST_SOWMIYA_003,55,Bengaluru,Karnataka,High Risk / 26% Fraud Rate,M022,SkillSpring Academy,Education / Training,Professional Certifications & Tech Bootcamps,Chennai,Mylapore,Tamil Nadu,600004,13.0368,80.2676,8,22000.0,08:30-19:30,"ONLINE,NETBANKING,CARD,UPI",Stolen corporate card enrollments,0.028,70,18432.74,INR,PURCHASE,CARD,MOBILE_APP,0,0,Bengaluru,1.0,0,0,1,DEV-SOWMIYA-ONEPLUS-11,mobile_android,0,BEN-CUST_SOWMIYA_003-TRUSTED,Trusted Household Vendor,6,0,3,21,0,0,0,None,Resolved Genuine,Standard Habitual Purchase,0
TXN-CUST_SOWMIYA_003-11194,2026-09-06 03:58:27,2026-09-06,03:58:27,3,6,1,1,CUST_SOWMIYA_003,55,Bengaluru,Karnataka,High Risk / 26% Fraud Rate,M006,MedicoCare Pharmacy,Pharmacy,Medicines & Surgical Supplies,Madurai,KK Nagar,Tamil Nadu,625020,9.9252,78.1498,10,1450.0,24_HOURS,"POS,UPI,CARD,ONLINE",Nighttime micro card testing,0.015,37,5059.42,INR,P2P_TRANSFER,CARD,WEB_PORTAL,0,1,Singapore,2753.0,1,1,0,DEV-ROGUE-EMULATOR-239,unknown_bot,1,BEN-MULE-3991,QuickMule Transfer 78,0,6,13,62,6,3,0,Mule-account behavior,Pre-auth Block,Automated high-velocity attack from unknown device,1
TXN-CUST_SOWMIYA_003-11195,2026-09-06 05:25:14,2026-09-06,05:25:14,5,6,1,1,CUST_SOWMIYA_003,55,Bengaluru,Karnataka,High Risk / 26% Fraud Rate,M016,MotoCare Garage,Auto Service,Car Service & Detailing Hub,Chennai,Pallikaranai,Tamil Nadu,600100,12.9372,80.2014,7,8900.0,08:30-20:30,"POS,UPI,CARD",Over-invoicing / synthetic card payments,0.021,52,38207.34,INR,PURCHASE,UPI,MOBILE_APP,1,0,Bengaluru,6.0,0,0,1,DEV-SOWMIYA-ONEPLUS-11,mobile_android,0,BEN-CUST_SOWMIYA_003-TRUSTED,Trusted Household Vendor,5,0,4,20,0,0,0,None,Resolved Genuine,Standard Habitual Purchase,0
TXN-CUST_SOWMIYA_003-11196,2026-09-06 06:52:21,2026-09-06,06:52:21,6,6,1,0,CUST_SOWMIYA_003,55,Bengaluru,Karnataka,High Risk / 26% Fraud Rate,M029,CloudDesk Digital,Software / Digital Services,Cloud Infrastructure & SaaS Tools,Bengaluru,Whitefield,Karnataka,560066,12.9698,77.7499,7,19800.0,24_HOURS,"ONLINE,CARD,TRANSFER",Cryptomining VM rental with stolen credit cards,0.058,145,43876.66,INR,PURCHASE,CARD,MOBILE_APP,0,0,Bengaluru,4.0,0,0,1,DEV-SOWMIYA-ONEPLUS-11,mobile_android,0,BEN-CUST_SOWMIYA_003-TRUSTED,Trusted Household Vendor,14,0,3,14,0,0,0,None,Resolved Genuine,Standard Habitual Purchase,0
TXN-CUST_SOWMIYA_003-11197,2026-09-06 08:16:44,2026-09-06,08:16:44,8,6,1,0,CUST_SOWMIYA_003,55,Bengaluru,Karnataka,High Risk / 26% Fraud Rate,M029,CloudDesk Digital,Software / Digital Services,Cloud Infrastructure & SaaS Tools,Bengaluru,Whitefield,Karnataka,560066,12.9698,77.7499,7,19800.0,24_HOURS,"ONLINE,CARD,TRANSFER",Cryptomining VM rental with stolen credit cards,0.058,145,20118.81,INR,PURCHASE,TRANSFER,MOBILE_APP,0,0,Bengaluru,15.0,0,0,1,DEV-SOWMIYA-ONEPLUS-11,mobile_android,0,BEN-CUST_SOWMIYA_003-TRUSTED,Trusted Household Vendor,12,0,2,16,0,0,0,None,Resolved Genuine,Standard Habitual Purchase,0
TXN-CUST_SOWMIYA_003-11198,2026-09-06 09:44:07,2026-09-06,09:44:07,9,6,1,0,CUST_SOWMIYA_003,55,Bengaluru,Karnataka,High Risk / 26% Fraud Rate,M007,SpiceRoute Kitchen,Restaurant,Fine Dining & Chettinad,Chennai,Adyar,Tamil Nadu,600020,13.0012,80.2565,7,2200.0,11:30-23:30,"POS,UPI,CARD",Cloned card POS terminal replay,0.018,45,9557.27,INR,P2P_TRANSFER,CARD,WEB_PORTAL,0,0,Unknown Proxy,3542.0,1,1,0,DEV-ROGUE-EMULATOR-393,unknown_bot,1,BEN-MULE-4809,QuickMule Transfer 50,0,8,16,72,5,2,1,Credential compromise,Pre-auth Block,Automated high-velocity attack from unknown device,1
TXN-CUST_SOWMIYA_003-11199,2026-09-06 11:12:18,2026-09-06,11:12:18,11,6,1,0,CUST_SOWMIYA_003,55,Bengaluru,Karnataka,High Risk / 26% Fraud Rate,M012,DashDine Delivery,Food Delivery,Quick Commerce & Meal Delivery,Chennai,Sholinganallur,Tamil Nadu,600119,12.901,80.2279,4,520.0,06:00-02:00,"UPI,CARD,ONLINE,WALLET",Promo code abuse / stolen wallet balances,0.014,35,2177.92,INR,P2P_TRANSFER,CARD,WEB_PORTAL,0,1,Dubai,4610.0,1,1,0,DEV-ROGUE-EMULATOR-717,unknown_bot,1,BEN-MULE-6463,QuickMule Transfer 38,0,11,24,102,3,2,1,Card testing,Pre-auth Block,Automated high-velocity attack from unknown device,1
TXN-CUST_SOWMIYA_003-11200,2026-09-06 12:41:04,2026-09-06,12:41:04,12,6,1,0,CUST_SOWMIYA_003,55,Bengaluru,Karnataka,High Risk / 26% Fraud Rate,M013,CartNest Online,E-commerce,Multi-category Marketplace,Chennai,Guindy,Tamil Nadu,600032,13.0067,80.2026,5,6200.0,24_HOURS,"ONLINE,UPI,CARD,NETBANKING",Account takeover + triangulation shipping fraud,0.045,112,14621.2,INR,P2P_TRANSFER,CARD,WEB_PORTAL,0,1,Moscow,4674.0,1,1,0,DEV-ROGUE-EMULATOR-206,unknown_bot,1,BEN-MULE-3182,QuickMule Transfer 21,0,7,19,84,4,1,1,Card testing,Pre-auth Block,Automated high-velocity attack from unknown device,1
TXN-CUST_SOWMIYA_003-11201,2026-09-06 14:08:36,2026-09-06,14:08:36,14,6,1,0,CUST_SOWMIYA_003,55,Bengaluru,Karnataka,High Risk / 26% Fraud Rate,M009,RapidFuel Station,Fuel Station,"Petrol, Diesel & EV Fast Charge",Salem,Fairlands,Tamil Nadu,636016,11.6643,78.146,9,3100.0,24_HOURS,"POS,FLEET_CARD,UPI",Automated fleet card skimming,0.024,60,8356.82,INR,P2P_TRANSFER,FLEET_CARD,WEB_PORTAL,0,1,Moscow,2934.0,1,1,0,DEV-ROGUE-EMULATOR-994,unknown_bot,1,BEN-MULE-4557,QuickMule Transfer 34,0,10,17,77,6,4,1,Credential compromise,Pre-auth Block,Automated high-velocity attack from unknown device,1
TXN-CUST_SOWMIYA_003-11202,2026-09-06 15:32:12,2026-09-06,15:32:12,15,6,1,0,CUST_SOWMIYA_003,55,Bengaluru,Karnataka,High Risk / 26% Fraud Rate,M009,RapidFuel Station,Fuel Station,"Petrol, Diesel & EV Fast Charge",Salem,Fairlands,Tamil Nadu,636016,11.6643,78.146,9,3100.0,24_HOURS,"POS,FLEET_CARD,UPI",Automated fleet card skimming,0.024,60,9977.84,INR,P2P_TRANSFER,FLEET_CARD,WEB_PORTAL,0,1,Dubai,3710.0,1,1,0,DEV-ROGUE-EMULATOR-918,unknown_bot,1,BEN-MULE-2724,QuickMule Transfer 69,0,7,20,86,4,2,1,Credential compromise,Pre-auth Block,Automated high-velocity attack from unknown device,1
TXN-CUST_SOWMIYA_003-11203,2026-09-06 17:00:56,2026-09-06,17:00:56,17,6,1,0,CUST_SOWMIYA_003,55,Bengaluru,Karnataka,High Risk / 26% Fraud Rate,M009,RapidFuel Station,Fuel Station,"Petrol, Diesel & EV Fast Charge",Salem,Fairlands,Tamil Nadu,636016,11.6643,78.146,9,3100.0,24_HOURS,"POS,FLEET_CARD,UPI",Automated fleet card skimming,0.024,60,21421.55,INR,PURCHASE,POS,MOBILE_APP,1,0,Bengaluru,10.0,0,0,1,DEV-SOWMIYA-ONEPLUS-11,mobile_android,0,BEN-CUST_SOWMIYA_003-TRUSTED,Trusted Household Vendor,5,0,3,22,0,0,0,None,Resolved Genuine,Standard Habitual Purchase,0
TXN-CUST_SOWMIYA_003-11204,2026-09-06 18:27:31,2026-09-06,18:27:31,18,6,1,0,CUST_SOWMIYA_003,55,Bengaluru,Karnataka,High Risk / 26% Fraud Rate,M010,HarborView Residency,Hotel / Hospitality,Business & Luxury Hotel,Chennai,OMR,Tamil Nadu,600096,12.9165,80.2285,6,9500.0,24_HOURS,"ONLINE,POS,CARD,TRANSFER",Online travel booking fraud with stolen corporate credentials,0.041,102,43677.41,INR,P2P_TRANSFER,TRANSFER,WEB_PORTAL,0,1,Singapore,4301.0,1,1,0,DEV-ROGUE-EMULATOR-886,unknown_bot,1,BEN-MULE-2822,QuickMule Transfer 25,0,7,28,118,2,3,1,Card testing,Pre-auth Block,Automated high-velocity attack from unknown device,1
TXN-CUST_SOWMIYA_003-11205,2026-09-06 19:55:26,2026-09-06,19:55:26,19,6,1,0,CUST_SOWMIYA_003,55,Bengaluru,Karnataka,High Risk / 26% Fraud Rate,M021,GlowCraft Salon,Salon / Beauty,Spa & Grooming Studio,Chennai,Porur,Tamil Nadu,600116,13.0382,80.1565,5,2800.0,09:00-21:00,"POS,UPI,CARD",Unusual late-night transaction spikes,0.011,27,32277.42,INR,PURCHASE,POS,MOBILE_APP,1,0,Bengaluru,15.0,0,0,1,DEV-SOWMIYA-ONEPLUS-11,mobile_android,0,BEN-CUST_SOWMIYA_003-TRUSTED,Trusted Household Vendor,7,0,4,26,0,0,0,None,Resolved Genuine,Standard Habitual Purchase,0
TXN-CUST_SOWMIYA_003-11206,2026-09-06 21:24:47,2026-09-06,21:24:47,21,6,1,0,CUST_SOWMIYA_003,55,Bengaluru,Karnataka,High Risk / 26% Fraud Rate,M006,MedicoCare Pharmacy,Pharmacy,Medicines & Surgical Supplies,Madurai,KK Nagar,Tamil Nadu,625020,9.9252,78.1498,10,1450.0,24_HOURS,"POS,UPI,CARD,ONLINE",Nighttime micro card testing,0.015,37,20058.96,INR,PURCHASE,ONLINE,MOBILE_APP,1,0,Bengaluru,12.0,0,0,1,DEV-SOWMIYA-ONEPLUS-11,mobile_android,0,BEN-CUST_SOWMIYA_003-TRUSTED,Trusted Household Vendor,13,0,2,15,0,0,0,None,Resolved Genuine,Standard Habitual Purchase,0
TXN-CUST_SOWMIYA_003-11207,2026-09-06 22:52:46,2026-09-06,22:52:46,22,6,1,0,CUST_SOWMIYA_003,55,Bengaluru,Karnataka,High Risk / 26% Fraud Rate,M019,ArenaSport World,Sports Retail,Fitness Equipment & Sports Wear,Chennai,Nungambakkam,Tamil Nadu,600034,13.0604,80.2405,6,5600.0,10:00-21:30,"POS,ONLINE,UPI,CARD",Stolen card chargeback on premium sports gear,0.026,65,39169.79,INR,PURCHASE,CARD,MOBILE_APP,1,0,Bengaluru,6.0,0,0,1,DEV-SOWMIYA-ONEPLUS-11,mobile_android,0,BEN-CUST_SOWMIYA_003-TRUSTED,Trusted Household Vendor,3,0,1,11,0,0,0,None,Resolved Genuine,Standard Habitual Purchase,0
TXN-CUST_SOWMIYA_003-11208,2026-09-07 00:21:02,2026-09-07,00:21:02,0,0,0,1,CUST_SOWMIYA_003,55,Bengaluru,Karnataka,High Risk / 26% Fraud Rate,M009,RapidFuel Station,Fuel Station,"Petrol, Diesel & EV Fast Charge",Salem,Fairlands,Tamil Nadu,636016,11.6643,78.146,9,3100.0,24_HOURS,"POS,FLEET_CARD,UPI",Automated fleet card skimming,0.024,60,24005.57,INR,PURCHASE,FLEET_CARD,MOBILE_APP,1,0,Bengaluru,11.0,0,0,1,DEV-SOWMIYA-ONEPLUS-11,mobile_android,0,BEN-CUST_SOWMIYA_003-TRUSTED,Trusted Household Vendor,7,1,2,12,0,0,0,None,Resolved Genuine,Standard Habitual Purchase,0
TXN-CUST_SOWMIYA_003-11209,2026-09-07 01:49:56,2026-09-07,01:49:56,1,0,0,1,CUST_SOWMIYA_003,55,Bengaluru,Karnataka,High Risk / 26% Fraud Rate,M029,CloudDesk Digital,Software / Digital Services,Cloud Infrastructure & SaaS Tools,Bengaluru,Whitefield,Karnataka,560066,12.9698,77.7499,7,19800.0,24_HOURS,"ONLINE,CARD,TRANSFER",Cryptomining VM rental with stolen credit cards,0.058,145,19423.6,INR,PURCHASE,CARD,MOBILE_APP,0,0,Bengaluru,6.0,0,0,1,DEV-SOWMIYA-ONEPLUS-11,mobile_android,0,BEN-CUST_SOWMIYA_003-TRUSTED,Trusted Household Vendor,7,0,2,13,0,0,0,None,Resolved Genuine,Standard Habitual Purchase,0
TXN-CUST_SOWMIYA_003-11210,2026-09-07 03:19:19,2026-09-07,03:19:19,3,0,0,1,CUST_SOWMIYA_003,55,Bengaluru,Karnataka,High Risk / 26% Fraud Rate,M001,NovaMart Fresh,Grocery & Supermarket,Supermarket / Hypermarket,Chennai,T Nagar,Tamil Nadu,600017,13.0418,80.2341,8,1250.0,07:00-22:30,"POS,UPI,CARD,ONLINE",Card testing / micro-burst velocity,0.012,30,3241.1,INR,P2P_TRANSFER,POS,WEB_PORTAL,0,1,Singapore,3154.0,1,1,0,DEV-ROGUE-EMULATOR-514,unknown_bot,1,BEN-MULE-1777,QuickMule Transfer 91,0,11,29,122,5,2,1,Account takeover,Pre-auth Block,Automated high-velocity attack from unknown device,1
TXN-CUST_SOWMIYA_003-11211,2026-09-07 04:46:31,2026-09-07,04:46:31,4,0,0,1,CUST_SOWMIYA_003,55,Bengaluru,Karnataka,High Risk / 26% Fraud Rate,M001,NovaMart Fresh,Grocery & Supermarket,Supermarket / Hypermarket,Chennai,T Nagar,Tamil Nadu,600017,13.0418,80.2341,8,1250.0,07:00-22:30,"POS,UPI,CARD,ONLINE",Card testing / micro-burst velocity,0.012,30,25961.46,INR,PURCHASE,POS,MOBILE_APP,1,0,Bengaluru,12.0,0,0,1,DEV-SOWMIYA-ONEPLUS-11,mobile_android,0,BEN-CUST_SOWMIYA_003-TRUSTED,Trusted Household Vendor,4,0,4,24,0,0,0,None,Resolved Genuine,Standard Habitual Purchase,0
TXN-CUST_SOWMIYA_003-11212,2026-09-07 06:14:46,2026-09-07,06:14:46,6,0,0,0,CUST_SOWMIYA_003,55,Bengaluru,Karnataka,High Risk / 26% Fraud Rate,M020,GameGrid Arena,Gaming,"Esports, Consoles & Virtual Credits",Bengaluru,Koramangala,Karnataka,560095,12.9352,77.6245,4,3400.0,10:00-01:00,"ONLINE,UPI,CARD,WALLET",Virtual item laundering & bot-driven micro transactions,0.055,137,32831.62,INR,PURCHASE,ONLINE,MOBILE_APP,0,0,Bengaluru,4.0,0,0,1,DEV-SOWMIYA-ONEPLUS-11,mobile_android,0,BEN-CUST_SOWMIYA_003-TRUSTED,Trusted Household Vendor,12,0,3,16,0,0,0,None,Resolved Genuine,Standard Habitual Purchase,0
TXN-CUST_SOWMIYA_003-11213,2026-09-07 07:42:57,2026-09-07,07:42:57,7,0,0,0,CUST_SOWMIYA_003,55,Bengaluru,Karnataka,High Risk / 26% Fraud Rate,M026,GreenLeaf Wellness,Health & Wellness,Organic Nutrition & Ayurveda,Trichy,Srirangam,Tamil Nadu,620006,10.8624,78.6947,6,2100.0,08:00-21:00,"POS,UPI,ONLINE,CARD",Subscription card stuffing,0.013,32,13584.06,INR,PURCHASE,ONLINE,MOBILE_APP,1,0,Bengaluru,15.0,0,0,1,DEV-SOWMIYA-ONEPLUS-11,mobile_android,0,BEN-CUST_SOWMIYA_003-TRUSTED,Trusted Household Vendor,9,0,1,6,0,0,0,None,Resolved Genuine,Standard Habitual Purchase,0
TXN-CUST_SOWMIYA_003-11214,2026-09-07 09:08:54,2026-09-07,09:08:54,9,0,0,0,CUST_SOWMIYA_003,55,Bengaluru,Karnataka,High Risk / 26% Fraud Rate,M028,CraftCove Home Decor,Home Decor,Handicrafts & Art Pieces,Thanjavur,Medical College Road,Tamil Nadu,613004,10.7684,79.1245,8,7400.0,09:30-20:30,"POS,UPI,CARD,ONLINE",Cross-border tourist chargebacks,0.023,57,37827.82,INR,PURCHASE,POS,MOBILE_APP,1,0,Bengaluru,8.0,0,0,1,DEV-SOWMIYA-ONEPLUS-11,mobile_android,0,BEN-CUST_SOWMIYA_003-TRUSTED,Trusted Household Vendor,4,1,1,8,0,0,0,None,Resolved Genuine,Standard Habitual Purchase,0
TXN-CUST_SOWMIYA_003-11215,2026-09-07 10:34:13,2026-09-07,10:34:13,10,0,0,0,CUST_SOWMIYA_003,55,Bengaluru,Karnataka,High Risk / 26% Fraud Rate,M005,UrbanThread Studio,Fashion / Apparel,Designer & Ready-to-wear,Chennai,Anna Nagar,Tamil Nadu,600040,13.085,80.2101,5,4800.0,10:30-22:00,"POS,ONLINE,UPI,CARD",Refund abuse / credential stuffing,0.022,55,36268.43,INR,PURCHASE,UPI,MOBILE_APP,1,0,Bengaluru,4.0,0,0,1,DEV-SOWMIYA-ONEPLUS-11,mobile_android,0,BEN-CUST_SOWMIYA_003-TRUSTED,Trusted Household Vendor,3,1,1,6,0,0,0,None,Resolved Genuine,Standard Habitual Purchase,0
TXN-CUST_SOWMIYA_003-11216,2026-09-07 11:58:44,2026-09-07,11:58:44,11,0,0,0,CUST_SOWMIYA_003,55,Bengaluru,Karnataka,High Risk / 26% Fraud Rate,M016,MotoCare Garage,Auto Service,Car Service & Detailing Hub,Chennai,Pallikaranai,Tamil Nadu,600100,12.9372,80.2014,7,8900.0,08:30-20:30,"POS,UPI,CARD",Over-invoicing / synthetic card payments,0.021,52,17044.97,INR,PURCHASE,CARD,MOBILE_APP,1,0,Bengaluru,15.0,0,0,1,DEV-SOWMIYA-ONEPLUS-11,mobile_android,0,BEN-CUST_SOWMIYA_003-TRUSTED,Trusted Household Vendor,15,0,4,21,0,0,0,None,Resolved Genuine,Standard Habitual Purchase,0
TXN-CUST_SOWMIYA_003-11217,2026-09-07 13:25:58,2026-09-07,13:25:58,13,0,0,0,CUST_SOWMIYA_003,55,Bengaluru,Karnataka,High Risk / 26% Fraud Rate,M004,Aurelia Gold House,Jewellery,Gold & Diamond Jewellery,Coimbatore,RS Puram,Tamil Nadu,641002,11.0089,76.9514,14,78000.0,10:00-20:30,"POS,CARD,TRANSFER",Account takeover / card-not-present luxury surge,0.065,162,43052.21,INR,PURCHASE,TRANSFER,MOBILE_APP,1,0,Bengaluru,1.0,0,0,1,DEV-SOWMIYA-ONEPLUS-11,mobile_android,0,BEN-CUST_SOWMIYA_003-TRUSTED,Trusted Household Vendor,7,0,1,14,0,0,0,None,Resolved Genuine,Standard Habitual Purchase,0
TXN-CUST_SOWMIYA_003-11218,2026-09-07 14:51:09,2026-09-07,14:51:09,14,0,0,0,CUST_SOWMIYA_003,55,Bengaluru,Karnataka,High Risk / 26% Fraud Rate,M012,DashDine Delivery,Food Delivery,Quick Commerce & Meal Delivery,Chennai,Sholinganallur,Tamil Nadu,600119,12.901,80.2279,4,520.0,06:00-02:00,"UPI,CARD,ONLINE,WALLET",Promo code abuse / stolen wallet balances,0.014,35,12654.67,INR,PURCHASE,WALLET,MOBILE_APP,0,0,Bengaluru,8.0,0,0,1,DEV-SOWMIYA-ONEPLUS-11,mobile_android,0,BEN-CUST_SOWMIYA_003-TRUSTED,Trusted Household Vendor,12,0,4,26,0,0,0,None,Resolved Genuine,Standard Habitual Purchase,0
TXN-CUST_SOWMIYA_003-11219,2026-09-07 16:19:48,2026-09-07,16:19:48,16,0,0,0,CUST_SOWMIYA_003,55,Bengaluru,Karnataka,High Risk / 26% Fraud Rate,M006,MedicoCare Pharmacy,Pharmacy,Medicines & Surgical Supplies,Madurai,KK Nagar,Tamil Nadu,625020,9.9252,78.1498,10,1450.0,24_HOURS,"POS,UPI,CARD,ONLINE",Nighttime micro card testing,0.015,37,12508.77,INR,PURCHASE,CARD,MOBILE_APP,1,0,Bengaluru,1.0,0,0,1,DEV-SOWMIYA-ONEPLUS-11,mobile_android,0,BEN-CUST_SOWMIYA_003-TRUSTED,Trusted Household Vendor,4,0,3,18,0,0,0,None,Resolved Genuine,Standard Habitual Purchase,0
TXN-CUST_SOWMIYA_003-11220,2026-09-07 17:44:01,2026-09-07,17:44:01,17,0,0,0,CUST_SOWMIYA_003,55,Bengaluru,Karnataka,High Risk / 26% Fraud Rate,M013,CartNest Online,E-commerce,Multi-category Marketplace,Chennai,Guindy,Tamil Nadu,600032,13.0067,80.2026,5,6200.0,24_HOURS,"ONLINE,UPI,CARD,NETBANKING",Account takeover + triangulation shipping fraud,0.045,112,24778.85,INR,P2P_TRANSFER,CARD,WEB_PORTAL,0,1,Moscow,2589.0,1,1,0,DEV-ROGUE-EMULATOR-328,unknown_bot,1,BEN-MULE-6799,QuickMule Transfer 84,0,7,34,140,6,4,1,Account takeover,Pre-auth Block,Automated high-velocity attack from unknown device,1
TXN-CUST_SOWMIYA_003-11221,2026-09-07 19:10:32,2026-09-07,19:10:32,19,0,0,0,CUST_SOWMIYA_003,55,Bengaluru,Karnataka,High Risk / 26% Fraud Rate,M027,BrickHarbor Realty,Real Estate / Property Services,Rental Escrow & Facility Management,Chennai,Porur,Tamil Nadu,600116,13.035,80.16,11,65000.0,09:00-19:00,"TRANSFER,NETBANKING,CARD",Security deposit phishing / escrow hijacking,0.039,97,22414.36,INR,PURCHASE,NETBANKING,MOBILE_APP,0,0,Bengaluru,10.0,0,0,1,DEV-SOWMIYA-ONEPLUS-11,mobile_android,0,BEN-CUST_SOWMIYA_003-TRUSTED,Trusted Household Vendor,10,0,3,21,0,0,0,None,Resolved Genuine,Standard Habitual Purchase,0
TXN-CUST_SOWMIYA_003-11222,2026-09-07 20:38:07,2026-09-07,20:38:07,20,0,0,0,CUST_SOWMIYA_003,55,Bengaluru,Karnataka,High Risk / 26% Fraud Rate,M007,SpiceRoute Kitchen,Restaurant,Fine Dining & Chettinad,Chennai,Adyar,Tamil Nadu,600020,13.0012,80.2565,7,2200.0,11:30-23:30,"POS,UPI,CARD",Cloned card POS terminal replay,0.018,45,42022.38,INR,PURCHASE,POS,MOBILE_APP,1,0,Bengaluru,15.0,0,0,1,DEV-SOWMIYA-ONEPLUS-11,mobile_android,0,BEN-CUST_SOWMIYA_003-TRUSTED,Trusted Household Vendor,12,0,2,10,0,0,0,None,Resolved Genuine,Standard Habitual Purchase,0
TXN-CUST_SOWMIYA_003-11223,2026-09-07 22:03:33,2026-09-07,22:03:33,22,0,0,0,CUST_SOWMIYA_003,55,Bengaluru,Karnataka,High Risk / 26% Fraud Rate,M016,MotoCare Garage,Auto Service,Car Service & Detailing Hub,Chennai,Pallikaranai,Tamil Nadu,600100,12.9372,80.2014,7,8900.0,08:30-20:30,"POS,UPI,CARD",Over-invoicing / synthetic card payments,0.021,52,27742.83,INR,PURCHASE,UPI,MOBILE_APP,1,0,Bengaluru,8.0,0,0,1,DEV-SOWMIYA-ONEPLUS-11,mobile_android,0,BEN-CUST_SOWMIYA_003-TRUSTED,Trusted Household Vendor,9,0,2,16,0,0,0,None,Resolved Genuine,Standard Habitual Purchase,0
TXN-CUST_SOWMIYA_003-11224,2026-09-07 23:27:03,2026-09-07,23:27:03,23,0,0,1,CUST_SOWMIYA_003,55,Bengaluru,Karnataka,High Risk / 26% Fraud Rate,M010,HarborView Residency,Hotel / Hospitality,Business & Luxury Hotel,Chennai,OMR,Tamil Nadu,600096,12.9165,80.2285,6,9500.0,24_HOURS,"ONLINE,POS,CARD,TRANSFER",Online travel booking fraud with stolen corporate credentials,0.041,102,36020.27,INR,PURCHASE,CARD,MOBILE_APP,1,0,Bengaluru,2.0,0,0,1,DEV-SOWMIYA-ONEPLUS-11,mobile_android,0,BEN-CUST_SOWMIYA_003-TRUSTED,Trusted Household Vendor,12,1,2,18,0,0,0,None,Resolved Genuine,Standard Habitual Purchase,0
TXN-CUST_SOWMIYA_003-11225,2026-09-08 00:51:04,2026-09-08,00:51:04,0,1,0,1,CUST_SOWMIYA_003,55,Bengaluru,Karnataka,High Risk / 26% Fraud Rate,M001,NovaMart Fresh,Grocery & Supermarket,Supermarket / Hypermarket,Chennai,T Nagar,Tamil Nadu,600017,13.0418,80.2341,8,1250.0,07:00-22:30,"POS,UPI,CARD,ONLINE",Card testing / micro-burst velocity,0.012,30,37798.32,INR,PURCHASE,CARD,MOBILE_APP,1,0,Bengaluru,14.0,0,0,1,DEV-SOWMIYA-ONEPLUS-11,mobile_android,0,BEN-CUST_SOWMIYA_003-TRUSTED,Trusted Household Vendor,6,0,1,12,0,0,0,None,Resolved Genuine,Standard Habitual Purchase,0
TXN-CUST_SOWMIYA_003-11226,2026-09-08 02:18:55,2026-09-08,02:18:55,2,1,0,1,CUST_SOWMIYA_003,55,Bengaluru,Karnataka,High Risk / 26% Fraud Rate,M028,CraftCove Home Decor,Home Decor,Handicrafts & Art Pieces,Thanjavur,Medical College Road,Tamil Nadu,613004,10.7684,79.1245,8,7400.0,09:30-20:30,"POS,UPI,CARD,ONLINE",Cross-border tourist chargebacks,0.023,57,15961.18,INR,PURCHASE,ONLINE,MOBILE_APP,1,0,Bengaluru,6.0,0,0,1,DEV-SOWMIYA-ONEPLUS-11,mobile_android,0,BEN-CUST_SOWMIYA_003-TRUSTED,Trusted Household Vendor,12,0,4,24,0,0,0,None,Resolved Genuine,Standard Habitual Purchase,0
TXN-CUST_SOWMIYA_003-11227,2026-09-08 03:46:37,2026-09-08,03:46:37,3,1,0,1,CUST_SOWMIYA_003,55,Bengaluru,Karnataka,High Risk / 26% Fraud Rate,M028,CraftCove Home Decor,Home Decor,Handicrafts & Art Pieces,Thanjavur,Medical College Road,Tamil Nadu,613004,10.7684,79.1245,8,7400.0,09:30-20:30,"POS,UPI,CARD,ONLINE",Cross-border tourist chargebacks,0.023,57,32515.14,INR,PURCHASE,POS,MOBILE_APP,1,0,Bengaluru,4.0,0,0,1,DEV-SOWMIYA-ONEPLUS-11,mobile_android,0,BEN-CUST_SOWMIYA_003-TRUSTED,Trusted Household Vendor,9,0,4,25,0,0,0,None,Resolved Genuine,Standard Habitual Purchase,0
TXN-CUST_SOWMIYA_003-11228,2026-09-08 05:11:59,2026-09-08,05:11:59,5,1,0,1,CUST_SOWMIYA_003,55,Bengaluru,Karnataka,High Risk / 26% Fraud Rate,M003,Pulse Mobile Hub,Mobile Store,Smartphones & Accessories,Chennai,Tambaram,Tamil Nadu,600045,12.9249,80.1278,4,18500.0,09:30-21:30,"POS,UPI,CARD",New device abuse / rapid checkout surge,0.035,87,38664.19,INR,PURCHASE,UPI,MOBILE_APP,1,0,Bengaluru,2.0,0,0,1,DEV-SOWMIYA-ONEPLUS-11,mobile_android,0,BEN-CUST_SOWMIYA_003-TRUSTED,Trusted Household Vendor,5,1,3,16,0,0,0,None,Resolved Genuine,Standard Habitual Purchase,0
TXN-CUST_SOWMIYA_003-11229,2026-09-08 06:39:22,2026-09-08,06:39:22,6,1,0,0,CUST_SOWMIYA_003,55,Bengaluru,Karnataka,High Risk / 26% Fraud Rate,M013,CartNest Online,E-commerce,Multi-category Marketplace,Chennai,Guindy,Tamil Nadu,600032,13.0067,80.2026,5,6200.0,24_HOURS,"ONLINE,UPI,CARD,NETBANKING",Account takeover + triangulation shipping fraud,0.045,112,28195.67,INR,P2P_TRANSFER,UPI,WEB_PORTAL,0,1,Dubai,1391.0,1,1,0,DEV-ROGUE-EMULATOR-392,unknown_bot,1,BEN-MULE-6718,QuickMule Transfer 87,0,6,20,87,4,3,1,Credential compromise,Pre-auth Block,Automated high-velocity attack from unknown device,1
TXN-CUST_SOWMIYA_003-11230,2026-09-08 08:05:12,2026-09-08,08:05:12,8,1,0,0,CUST_SOWMIYA_003,55,Bengaluru,Karnataka,High Risk / 26% Fraud Rate,M008,BeanCircuit Cafe,Cafe,Specialty Coffee & Bakery,Bengaluru,Indiranagar,Karnataka,560038,12.9784,77.6408,3,650.0,07:30-23:00,"UPI,POS,CARD",QR code spoofing / fast velocity dining,0.009,22,1716.61,INR,P2P_TRANSFER,CARD,WEB_PORTAL,0,1,Lagos,5055.0,1,1,0,DEV-ROGUE-EMULATOR-383,unknown_bot,1,BEN-MULE-8327,QuickMule Transfer 63,0,11,35,147,6,3,1,Credential compromise,Pre-auth Block,Automated high-velocity attack from unknown device,1
TXN-CUST_SOWMIYA_003-11231,2026-09-08 09:33:14,2026-09-08,09:33:14,9,1,0,0,CUST_SOWMIYA_003,55,Bengaluru,Karnataka,High Risk / 26% Fraud Rate,M011,SkyTrail Travels,Travel Agency,Flight & International Tour Packages,Coimbatore,Gandhipuram,Tamil Nadu,641012,11.0183,76.9664,11,44000.0,09:00-20:00,"ONLINE,TRANSFER,CARD",Mule-account ticket arbitrage & fast cancellation fraud,0.052,130,27089.16,INR,PURCHASE,CARD,MOBILE_APP,0,0,Bengaluru,4.0,0,0,1,DEV-SOWMIYA-ONEPLUS-11,mobile_android,0,BEN-CUST_SOWMIYA_003-TRUSTED,Trusted Household Vendor,11,0,3,19,0,0,0,None,Resolved Genuine,Standard Habitual Purchase,0
TXN-CUST_SOWMIYA_003-11232,2026-09-08 11:01:00,2026-09-08,11:01:00,11,1,0,0,CUST_SOWMIYA_003,55,Bengaluru,Karnataka,High Risk / 26% Fraud Rate,M024,LinkWave Telecom,Telecom Retail,Fiber Broadband & Postpaid Plans,Erode,Perundurai Road,Tamil Nadu,638011,11.341,77.7172,10,1950.0,09:30-20:30,"UPI,CARD,ONLINE,POS",SIM swap bill recharge surges,0.017,42,16691.07,INR,PURCHASE,ONLINE,MOBILE_APP,1,0,Bengaluru,2.0,0,0,1,DEV-SOWMIYA-ONEPLUS-11,mobile_android,0,BEN-CUST_SOWMIYA_003-TRUSTED,Trusted Household Vendor,14,1,3,20,0,0,0,None,Resolved Genuine,Standard Habitual Purchase,0
TXN-CUST_SOWMIYA_003-11233,2026-09-08 12:27:09,2026-09-08,12:27:09,12,1,0,0,CUST_SOWMIYA_003,55,Bengaluru,Karnataka,High Risk / 26% Fraud Rate,M019,ArenaSport World,Sports Retail,Fitness Equipment & Sports Wear,Chennai,Nungambakkam,Tamil Nadu,600034,13.0604,80.2405,6,5600.0,10:00-21:30,"POS,ONLINE,UPI,CARD",Stolen card chargeback on premium sports gear,0.026,65,13610.32,INR,P2P_TRANSFER,ONLINE,WEB_PORTAL,0,1,Singapore,2591.0,1,1,0,DEV-ROGUE-EMULATOR-603,unknown_bot,1,BEN-MULE-8014,QuickMule Transfer 51,0,6,27,113,6,2,0,Account takeover,Pre-auth Block,Automated high-velocity attack from unknown device,1
TXN-CUST_SOWMIYA_003-11234,2026-09-08 13:55:16,2026-09-08,13:55:16,13,1,0,0,CUST_SOWMIYA_003,55,Bengaluru,Karnataka,High Risk / 26% Fraud Rate,M013,CartNest Online,E-commerce,Multi-category Marketplace,Chennai,Guindy,Tamil Nadu,600032,13.0067,80.2026,5,6200.0,24_HOURS,"ONLINE,UPI,CARD,NETBANKING",Account takeover + triangulation shipping fraud,0.045,112,28375.2,INR,PURCHASE,ONLINE,MOBILE_APP,0,0,Bengaluru,11.0,0,0,1,DEV-SOWMIYA-ONEPLUS-11,mobile_android,0,BEN-CUST_SOWMIYA_003-TRUSTED,Trusted Household Vendor,5,0,1,9,0,0,0,None,Resolved Genuine,Standard Habitual Purchase,0
TXN-CUST_SOWMIYA_003-11235,2026-09-08 15:22:39,2026-09-08,15:22:39,15,1,0,0,CUST_SOWMIYA_003,55,Bengaluru,Karnataka,High Risk / 26% Fraud Rate,M011,SkyTrail Travels,Travel Agency,Flight & International Tour Packages,Coimbatore,Gandhipuram,Tamil Nadu,641012,11.0183,76.9664,11,44000.0,09:00-20:00,"ONLINE,TRANSFER,CARD",Mule-account ticket arbitrage & fast cancellation fraud,0.052,130,20606.81,INR,PURCHASE,ONLINE,MOBILE_APP,0,0,Bengaluru,8.0,0,0,1,DEV-SOWMIYA-ONEPLUS-11,mobile_android,0,BEN-CUST_SOWMIYA_003-TRUSTED,Trusted Household Vendor,15,1,3,19,0,0,0,None,Resolved Genuine,Standard Habitual Purchase,0
TXN-CUST_SOWMIYA_003-11236,2026-09-08 16:49:28,2026-09-08,16:49:28,16,1,0,0,CUST_SOWMIYA_003,55,Bengaluru,Karnataka,High Risk / 26% Fraud Rate,M003,Pulse Mobile Hub,Mobile Store,Smartphones & Accessories,Chennai,Tambaram,Tamil Nadu,600045,12.9249,80.1278,4,18500.0,09:30-21:30,"POS,UPI,CARD",New device abuse / rapid checkout surge,0.035,87,43593.99,INR,PURCHASE,UPI,MOBILE_APP,1,0,Bengaluru,5.0,0,0,1,DEV-SOWMIYA-ONEPLUS-11,mobile_android,0,BEN-CUST_SOWMIYA_003-TRUSTED,Trusted Household Vendor,10,1,3,17,0,0,0,None,Resolved Genuine,Standard Habitual Purchase,0
TXN-CUST_SOWMIYA_003-11237,2026-09-08 18:17:54,2026-09-08,18:17:54,18,1,0,0,CUST_SOWMIYA_003,55,Bengaluru,Karnataka,High Risk / 26% Fraud Rate,M018,PageTurn Book House,Bookstore,"Academic, Fiction & Stationery",Trichy,Thillai Nagar,Tamil Nadu,620018,10.8282,78.6854,16,850.0,09:00-21:30,"POS,UPI,CARD,ONLINE",Low-value card testing bots,0.008,20,2034.67,INR,P2P_TRANSFER,POS,WEB_PORTAL,0,0,Unknown Proxy,5149.0,1,1,0,DEV-ROGUE-EMULATOR-306,unknown_bot,1,BEN-MULE-5658,QuickMule Transfer 63,0,10,34,142,3,3,1,Credential compromise,Pre-auth Block,Automated high-velocity attack from unknown device,1
TXN-CUST_SOWMIYA_003-11238,2026-09-08 19:42:05,2026-09-08,19:42:05,19,1,0,0,CUST_SOWMIYA_003,55,Bengaluru,Karnataka,High Risk / 26% Fraud Rate,M014,OakLine Furnishings,Furniture,Teak Wood & Modern Home Decor,Madurai,Bypass Road,Tamil Nadu,625016,9.932,78.109,12,38000.0,10:00-21:00,"POS,CARD,TRANSFER,EMI",Invoice redirection fraud / fake payment slips,0.029,72,85915.85,INR,P2P_TRANSFER,POS,WEB_PORTAL,0,0,Unknown Proxy,4101.0,1,1,0,DEV-ROGUE-EMULATOR-160,unknown_bot,1,BEN-MULE-7678,QuickMule Transfer 19,0,6,12,58,5,2,1,Card testing,Pre-auth Block,Automated high-velocity attack from unknown device,1
TXN-CUST_SOWMIYA_003-11239,2026-09-08 21:09:05,2026-09-08,21:09:05,21,1,0,0,CUST_SOWMIYA_003,55,Bengaluru,Karnataka,High Risk / 26% Fraud Rate,M017,AutoForge Parts,Spare Parts,OEM Industrial & Auto Components,Hosur,Mookandapalli,Tamil Nadu,635126,12.7409,77.8253,15,16500.0,09:00-19:30,"TRANSFER,POS,CARD",Business email compromise / fake beneficiary update,0.033,82,28364.1,INR,PURCHASE,POS,MOBILE_APP,1,0,Bengaluru,8.0,0,0,1,DEV-SOWMIYA-ONEPLUS-11,mobile_android,0,BEN-CUST_SOWMIYA_003-TRUSTED,Trusted Household Vendor,13,1,2,15,0,0,0,None,Resolved Genuine,Standard Habitual Purchase,0
TXN-CUST_SOWMIYA_003-11240,2026-09-08 22:38:27,2026-09-08,22:38:27,22,1,0,0,CUST_SOWMIYA_003,55,Bengaluru,Karnataka,High Risk / 26% Fraud Rate,M029,CloudDesk Digital,Software / Digital Services,Cloud Infrastructure & SaaS Tools,Bengaluru,Whitefield,Karnataka,560066,12.9698,77.7499,7,19800.0,24_HOURS,"ONLINE,CARD,TRANSFER",Cryptomining VM rental with stolen credit cards,0.058,145,80095.61,INR,P2P_TRANSFER,ONLINE,WEB_PORTAL,0,0,Unknown Proxy,1536.0,1,1,0,DEV-ROGUE-EMULATOR-808,unknown_bot,1,BEN-MULE-7301,QuickMule Transfer 16,0,8,15,65,6,1,1,Card testing,Pre-auth Block,Automated high-velocity attack from unknown device,1
TXN-CUST_SOWMIYA_003-11241,2026-09-09 00:07:46,2026-09-09,00:07:46,0,2,0,1,CUST_SOWMIYA_003,55,Bengaluru,Karnataka,High Risk / 26% Fraud Rate,M024,LinkWave Telecom,Telecom Retail,Fiber Broadband & Postpaid Plans,Erode,Perundurai Road,Tamil Nadu,638011,11.341,77.7172,10,1950.0,09:30-20:30,"UPI,CARD,ONLINE,POS",SIM swap bill recharge surges,0.017,42,38875.44,INR,PURCHASE,ONLINE,MOBILE_APP,1,0,Bengaluru,4.0,0,0,1,DEV-SOWMIYA-ONEPLUS-11,mobile_android,0,BEN-CUST_SOWMIYA_003-TRUSTED,Trusted Household Vendor,7,1,3,15,0,0,0,None,Resolved Genuine,Standard Habitual Purchase,0
TXN-CUST_SOWMIYA_003-11242,2026-09-09 01:34:21,2026-09-09,01:34:21,1,2,0,1,CUST_SOWMIYA_003,55,Bengaluru,Karnataka,High Risk / 26% Fraud Rate,M010,HarborView Residency,Hotel / Hospitality,Business & Luxury Hotel,Chennai,OMR,Tamil Nadu,600096,12.9165,80.2285,6,9500.0,24_HOURS,"ONLINE,POS,CARD,TRANSFER",Online travel booking fraud with stolen corporate credentials,0.041,102,19943.19,INR,PURCHASE,POS,MOBILE_APP,1,0,Bengaluru,11.0,0,0,1,DEV-SOWMIYA-ONEPLUS-11,mobile_android,0,BEN-CUST_SOWMIYA_003-TRUSTED,Trusted Household Vendor,3,0,4,18,0,0,0,None,Resolved Genuine,Standard Habitual Purchase,0
TXN-CUST_SOWMIYA_003-11243,2026-09-09 03:01:32,2026-09-09,03:01:32,3,2,0,1,CUST_SOWMIYA_003,55,Bengaluru,Karnataka,High Risk / 26% Fraud Rate,M007,SpiceRoute Kitchen,Restaurant,Fine Dining & Chettinad,Chennai,Adyar,Tamil Nadu,600020,13.0012,80.2565,7,2200.0,11:30-23:30,"POS,UPI,CARD",Cloned card POS terminal replay,0.018,45,14380.93,INR,PURCHASE,POS,MOBILE_APP,1,0,Bengaluru,8.0,0,0,1,DEV-SOWMIYA-ONEPLUS-11,mobile_android,0,BEN-CUST_SOWMIYA_003-TRUSTED,Trusted Household Vendor,14,0,1,7,0,0,0,None,Resolved Genuine,Standard Habitual Purchase,0
TXN-CUST_SOWMIYA_003-11244,2026-09-09 04:25:07,2026-09-09,04:25:07,4,2,0,1,CUST_SOWMIYA_003,55,Bengaluru,Karnataka,High Risk / 26% Fraud Rate,M008,BeanCircuit Cafe,Cafe,Specialty Coffee & Bakery,Bengaluru,Indiranagar,Karnataka,560038,12.9784,77.6408,3,650.0,07:30-23:00,"UPI,POS,CARD",QR code spoofing / fast velocity dining,0.009,22,2313.65,INR,P2P_TRANSFER,POS,WEB_PORTAL,0,1,Moscow,5285.0,1,1,0,DEV-ROGUE-EMULATOR-840,unknown_bot,1,BEN-MULE-6604,QuickMule Transfer 68,0,11,26,110,5,2,0,Mule-account behavior,Pre-auth Block,Automated high-velocity attack from unknown device,1
TXN-CUST_SOWMIYA_003-11245,2026-09-09 05:50:39,2026-09-09,05:50:39,5,2,0,1,CUST_SOWMIYA_003,55,Bengaluru,Karnataka,High Risk / 26% Fraud Rate,M010,HarborView Residency,Hotel / Hospitality,Business & Luxury Hotel,Chennai,OMR,Tamil Nadu,600096,12.9165,80.2285,6,9500.0,24_HOURS,"ONLINE,POS,CARD,TRANSFER",Online travel booking fraud with stolen corporate credentials,0.041,102,37324.97,INR,P2P_TRANSFER,CARD,WEB_PORTAL,0,1,Lagos,3249.0,1,1,0,DEV-ROGUE-EMULATOR-159,unknown_bot,1,BEN-MULE-5097,QuickMule Transfer 35,0,12,15,63,6,3,0,Credential compromise,Pre-auth Block,Automated high-velocity attack from unknown device,1
TXN-CUST_SOWMIYA_003-11246,2026-09-09 07:14:42,2026-09-09,07:14:42,7,2,0,0,CUST_SOWMIYA_003,55,Bengaluru,Karnataka,High Risk / 26% Fraud Rate,M002,CircuitBay Electronics,Consumer Electronics,Laptops & Gadgets,Chennai,Velachery,Tamil Nadu,600042,12.9759,80.2212,6,32000.0,10:00-21:30,"POS,ONLINE,EMI,UPI",Stolen payment details / high-ticket electronics delivery,0.048,120,16178.08,INR,PURCHASE,ONLINE,MOBILE_APP,1,0,Bengaluru,10.0,0,0,1,DEV-SOWMIYA-ONEPLUS-11,mobile_android,0,BEN-CUST_SOWMIYA_003-TRUSTED,Trusted Household Vendor,8,0,3,17,0,0,0,None,Resolved Genuine,Standard Habitual Purchase,0
TXN-CUST_SOWMIYA_003-11247,2026-09-09 08:43:02,2026-09-09,08:43:02,8,2,0,0,CUST_SOWMIYA_003,55,Bengaluru,Karnataka,High Risk / 26% Fraud Rate,M018,PageTurn Book House,Bookstore,"Academic, Fiction & Stationery",Trichy,Thillai Nagar,Tamil Nadu,620018,10.8282,78.6854,16,850.0,09:00-21:30,"POS,UPI,CARD,ONLINE",Low-value card testing bots,0.008,20,32544.79,INR,PURCHASE,POS,MOBILE_APP,1,0,Bengaluru,13.0,0,0,1,DEV-SOWMIYA-ONEPLUS-11,mobile_android,0,BEN-CUST_SOWMIYA_003-TRUSTED,Trusted Household Vendor,6,1,2,13,0,0,0,None,Resolved Genuine,Standard Habitual Purchase,0
TXN-CUST_SOWMIYA_003-11248,2026-09-09 10:08:38,2026-09-09,10:08:38,10,2,0,0,CUST_SOWMIYA_003,55,Bengaluru,Karnataka,High Risk / 26% Fraud Rate,M024,LinkWave Telecom,Telecom Retail,Fiber Broadband & Postpaid Plans,Erode,Perundurai Road,Tamil Nadu,638011,11.341,77.7172,10,1950.0,09:30-20:30,"UPI,CARD,ONLINE,POS",SIM swap bill recharge surges,0.017,42,45032.19,INR,PURCHASE,UPI,MOBILE_APP,1,0,Bengaluru,5.0,0,0,1,DEV-SOWMIYA-ONEPLUS-11,mobile_android,0,BEN-CUST_SOWMIYA_003-TRUSTED,Trusted Household Vendor,8,0,3,21,0,0,0,None,Resolved Genuine,Standard Habitual Purchase,0
TXN-CUST_SOWMIYA_003-11249,2026-09-09 11:32:10,2026-09-09,11:32:10,11,2,0,0,CUST_SOWMIYA_003,55,Bengaluru,Karnataka,High Risk / 26% Fraud Rate,M013,CartNest Online,E-commerce,Multi-category Marketplace,Chennai,Guindy,Tamil Nadu,600032,13.0067,80.2026,5,6200.0,24_HOURS,"ONLINE,UPI,CARD,NETBANKING",Account takeover + triangulation shipping fraud,0.045,112,19963.65,INR,PURCHASE,NETBANKING,MOBILE_APP,0,0,Bengaluru,7.0,0,0,1,DEV-SOWMIYA-ONEPLUS-11,mobile_android,0,BEN-CUST_SOWMIYA_003-TRUSTED,Trusted Household Vendor,3,1,4,25,0,0,0,None,Resolved Genuine,Standard Habitual Purchase,0
TXN-CUST_SOWMIYA_003-11250,2026-09-09 12:57:15,2026-09-09,12:57:15,12,2,0,0,CUST_SOWMIYA_003,55,Bengaluru,Karnataka,High Risk / 26% Fraud Rate,M004,Aurelia Gold House,Jewellery,Gold & Diamond Jewellery,Coimbatore,RS Puram,Tamil Nadu,641002,11.0089,76.9514,14,78000.0,10:00-20:30,"POS,CARD,TRANSFER",Account takeover / card-not-present luxury surge,0.065,162,22338.06,INR,PURCHASE,TRANSFER,MOBILE_APP,1,0,Bengaluru,2.0,0,0,1,DEV-SOWMIYA-ONEPLUS-11,mobile_android,0,BEN-CUST_SOWMIYA_003-TRUSTED,Trusted Household Vendor,7,0,3,21,0,0,0,None,Resolved Genuine,Standard Habitual Purchase,0
TXN-CUST_SOWMIYA_003-11251,2026-09-09 14:23:17,2026-09-09,14:23:17,14,2,0,0,CUST_SOWMIYA_003,55,Bengaluru,Karnataka,High Risk / 26% Fraud Rate,M004,Aurelia Gold House,Jewellery,Gold & Diamond Jewellery,Coimbatore,RS Puram,Tamil Nadu,641002,11.0089,76.9514,14,78000.0,10:00-20:30,"POS,CARD,TRANSFER",Account takeover / card-not-present luxury surge,0.065,162,43293.05,INR,PURCHASE,POS,MOBILE_APP,1,0,Bengaluru,15.0,0,0,1,DEV-SOWMIYA-ONEPLUS-11,mobile_android,0,BEN-CUST_SOWMIYA_003-TRUSTED,Trusted Household Vendor,11,0,3,18,0,0,0,None,Resolved Genuine,Standard Habitual Purchase,0
TXN-CUST_SOWMIYA_003-11252,2026-09-09 15:50:39,2026-09-09,15:50:39,15,2,0,0,CUST_SOWMIYA_003,55,Bengaluru,Karnataka,High Risk / 26% Fraud Rate,M015,HomeSphere Appliances,Home Appliances,"Refrigerators, ACs & Kitchen Tech",Coimbatore,Saibaba Colony,Tamil Nadu,641011,11.0315,76.945,9,27500.0,09:30-21:00,"POS,EMI,CARD,UPI",Carding attacks with immediate in-store pickup,0.038,95,35246.4,INR,PURCHASE,POS,MOBILE_APP,1,0,Bengaluru,14.0,0,0,1,DEV-SOWMIYA-ONEPLUS-11,mobile_android,0,BEN-CUST_SOWMIYA_003-TRUSTED,Trusted Household Vendor,6,0,4,20,0,0,0,None,Resolved Genuine,Standard Habitual Purchase,0
TXN-CUST_SOWMIYA_003-11253,2026-09-09 17:17:33,2026-09-09,17:17:33,17,2,0,0,CUST_SOWMIYA_003,55,Bengaluru,Karnataka,High Risk / 26% Fraud Rate,M002,CircuitBay Electronics,Consumer Electronics,Laptops & Gadgets,Chennai,Velachery,Tamil Nadu,600042,12.9759,80.2212,6,32000.0,10:00-21:30,"POS,ONLINE,EMI,UPI",Stolen payment details / high-ticket electronics delivery,0.048,120,121183.99,INR,P2P_TRANSFER,ONLINE,WEB_PORTAL,0,1,Moscow,2583.0,1,1,0,DEV-ROGUE-EMULATOR-944,unknown_bot,1,BEN-MULE-6918,QuickMule Transfer 74,0,9,17,77,2,2,1,Mule-account behavior,Pre-auth Block,Automated high-velocity attack from unknown device,1
TXN-CUST_SOWMIYA_003-11254,2026-09-09 18:43:43,2026-09-09,18:43:43,18,2,0,0,CUST_SOWMIYA_003,55,Bengaluru,Karnataka,High Risk / 26% Fraud Rate,M004,Aurelia Gold House,Jewellery,Gold & Diamond Jewellery,Coimbatore,RS Puram,Tamil Nadu,641002,11.0089,76.9514,14,78000.0,10:00-20:30,"POS,CARD,TRANSFER",Account takeover / card-not-present luxury surge,0.065,162,16899.63,INR,PURCHASE,TRANSFER,MOBILE_APP,1,0,Bengaluru,9.0,0,0,1,DEV-SOWMIYA-ONEPLUS-11,mobile_android,0,BEN-CUST_SOWMIYA_003-TRUSTED,Trusted Household Vendor,11,1,3,15,0,0,0,None,Resolved Genuine,Standard Habitual Purchase,0
TXN-CUST_SOWMIYA_003-11255,2026-09-09 20:10:40,2026-09-09,20:10:40,20,2,0,0,CUST_SOWMIYA_003,55,Bengaluru,Karnataka,High Risk / 26% Fraud Rate,M029,CloudDesk Digital,Software / Digital Services,Cloud Infrastructure & SaaS Tools,Bengaluru,Whitefield,Karnataka,560066,12.9698,77.7499,7,19800.0,24_HOURS,"ONLINE,CARD,TRANSFER",Cryptomining VM rental with stolen credit cards,0.058,145,39691.92,INR,PURCHASE,CARD,MOBILE_APP,0,0,Bengaluru,10.0,0,0,1,DEV-SOWMIYA-ONEPLUS-11,mobile_android,0,BEN-CUST_SOWMIYA_003-TRUSTED,Trusted Household Vendor,12,0,3,15,0,0,0,None,Resolved Genuine,Standard Habitual Purchase,0
TXN-CUST_SOWMIYA_003-11256,2026-09-09 21:36:22,2026-09-09,21:36:22,21,2,0,0,CUST_SOWMIYA_003,55,Bengaluru,Karnataka,High Risk / 26% Fraud Rate,M024,LinkWave Telecom,Telecom Retail,Fiber Broadband & Postpaid Plans,Erode,Perundurai Road,Tamil Nadu,638011,11.341,77.7172,10,1950.0,09:30-20:30,"UPI,CARD,ONLINE,POS",SIM swap bill recharge surges,0.017,42,7702.18,INR,P2P_TRANSFER,CARD,WEB_PORTAL,0,0,Unknown Proxy,3463.0,1,1,0,DEV-ROGUE-EMULATOR-168,unknown_bot,1,BEN-MULE-6266,QuickMule Transfer 28,0,9,24,98,4,3,1,Credential compromise,Pre-auth Block,Automated high-velocity attack from unknown device,1
TXN-CUST_SOWMIYA_003-11257,2026-09-09 22:59:57,2026-09-09,22:59:57,22,2,0,0,CUST_SOWMIYA_003,55,Bengaluru,Karnataka,High Risk / 26% Fraud Rate,M003,Pulse Mobile Hub,Mobile Store,Smartphones & Accessories,Chennai,Tambaram,Tamil Nadu,600045,12.9249,80.1278,4,18500.0,09:30-21:30,"POS,UPI,CARD",New device abuse / rapid checkout surge,0.035,87,44523.89,INR,PURCHASE,CARD,MOBILE_APP,1,0,Bengaluru,3.0,0,0,1,DEV-SOWMIYA-ONEPLUS-11,mobile_android,0,BEN-CUST_SOWMIYA_003-TRUSTED,Trusted Household Vendor,14,0,2,16,0,0,0,None,Resolved Genuine,Standard Habitual Purchase,0
TXN-CUST_SOWMIYA_003-11258,2026-09-10 00:26:19,2026-09-10,00:26:19,0,3,0,1,CUST_SOWMIYA_003,55,Bengaluru,Karnataka,High Risk / 26% Fraud Rate,M012,DashDine Delivery,Food Delivery,Quick Commerce & Meal Delivery,Chennai,Sholinganallur,Tamil Nadu,600119,12.901,80.2279,4,520.0,06:00-02:00,"UPI,CARD,ONLINE,WALLET",Promo code abuse / stolen wallet balances,0.014,35,1516.22,INR,P2P_TRANSFER,ONLINE,WEB_PORTAL,0,1,Dubai,5313.0,1,1,0,DEV-ROGUE-EMULATOR-109,unknown_bot,1,BEN-MULE-3046,QuickMule Transfer 97,0,11,27,116,6,3,0,Credential compromise,Pre-auth Block,Automated high-velocity attack from unknown device,1
TXN-CUST_SOWMIYA_003-11259,2026-09-10 01:52:26,2026-09-10,01:52:26,1,3,0,1,CUST_SOWMIYA_003,55,Bengaluru,Karnataka,High Risk / 26% Fraud Rate,M002,CircuitBay Electronics,Consumer Electronics,Laptops & Gadgets,Chennai,Velachery,Tamil Nadu,600042,12.9759,80.2212,6,32000.0,10:00-21:30,"POS,ONLINE,EMI,UPI",Stolen payment details / high-ticket electronics delivery,0.048,120,108347.31,INR,P2P_TRANSFER,POS,WEB_PORTAL,0,1,Singapore,1564.0,1,1,0,DEV-ROGUE-EMULATOR-246,unknown_bot,1,BEN-MULE-6072,QuickMule Transfer 95,0,6,28,121,2,1,0,Card testing,Pre-auth Block,Automated high-velocity attack from unknown device,1
TXN-CUST_SOWMIYA_003-11260,2026-09-10 03:18:44,2026-09-10,03:18:44,3,3,0,1,CUST_SOWMIYA_003,55,Bengaluru,Karnataka,High Risk / 26% Fraud Rate,M023,SwiftBox Logistics,Courier / Logistics,Express Parcel & Freight Delivery,Tiruppur,Avinashi Road,Tamil Nadu,641603,11.1085,77.3411,9,4200.0,08:00-21:00,"POS,UPI,CARD,ONLINE",Interception fraud / address redirection,0.02,50,18984.99,INR,P2P_TRANSFER,CARD,WEB_PORTAL,0,1,Lagos,3410.0,1,1,0,DEV-ROGUE-EMULATOR-607,unknown_bot,1,BEN-MULE-4630,QuickMule Transfer 94,0,10,13,54,3,1,1,Account takeover,Pre-auth Block,Automated high-velocity attack from unknown device,1
TXN-CUST_SOWMIYA_003-11261,2026-09-10 04:46:37,2026-09-10,04:46:37,4,3,0,1,CUST_SOWMIYA_003,55,Bengaluru,Karnataka,High Risk / 26% Fraud Rate,M019,ArenaSport World,Sports Retail,Fitness Equipment & Sports Wear,Chennai,Nungambakkam,Tamil Nadu,600034,13.0604,80.2405,6,5600.0,10:00-21:30,"POS,ONLINE,UPI,CARD",Stolen card chargeback on premium sports gear,0.026,65,32538.43,INR,PURCHASE,UPI,MOBILE_APP,1,0,Bengaluru,13.0,0,0,1,DEV-SOWMIYA-ONEPLUS-11,mobile_android,0,BEN-CUST_SOWMIYA_003-TRUSTED,Trusted Household Vendor,9,0,1,11,0,0,0,None,Resolved Genuine,Standard Habitual Purchase,0
TXN-CUST_SOWMIYA_003-11262,2026-09-10 06:12:54,2026-09-10,06:12:54,6,3,0,0,CUST_SOWMIYA_003,55,Bengaluru,Karnataka,High Risk / 26% Fraud Rate,M027,BrickHarbor Realty,Real Estate / Property Services,Rental Escrow & Facility Management,Chennai,Porur,Tamil Nadu,600116,13.035,80.16,11,65000.0,09:00-19:00,"TRANSFER,NETBANKING,CARD",Security deposit phishing / escrow hijacking,0.039,97,231778.82,INR,P2P_TRANSFER,TRANSFER,WEB_PORTAL,0,1,Lagos,5319.0,1,1,0,DEV-ROGUE-EMULATOR-395,unknown_bot,1,BEN-MULE-9226,QuickMule Transfer 53,0,7,16,71,6,4,1,Card testing,Pre-auth Block,Automated high-velocity attack from unknown device,1
TXN-CUST_SOWMIYA_003-11263,2026-09-10 07:40:23,2026-09-10,07:40:23,7,3,0,0,CUST_SOWMIYA_003,55,Bengaluru,Karnataka,High Risk / 26% Fraud Rate,M014,OakLine Furnishings,Furniture,Teak Wood & Modern Home Decor,Madurai,Bypass Road,Tamil Nadu,625016,9.932,78.109,12,38000.0,10:00-21:00,"POS,CARD,TRANSFER,EMI",Invoice redirection fraud / fake payment slips,0.029,72,42428.62,INR,PURCHASE,TRANSFER,MOBILE_APP,1,0,Bengaluru,7.0,0,0,1,DEV-SOWMIYA-ONEPLUS-11,mobile_android,0,BEN-CUST_SOWMIYA_003-TRUSTED,Trusted Household Vendor,8,0,1,13,0,0,0,None,Resolved Genuine,Standard Habitual Purchase,0
TXN-CUST_SOWMIYA_003-11264,2026-09-10 09:04:26,2026-09-10,09:04:26,9,3,0,0,CUST_SOWMIYA_003,55,Bengaluru,Karnataka,High Risk / 26% Fraud Rate,M011,SkyTrail Travels,Travel Agency,Flight & International Tour Packages,Coimbatore,Gandhipuram,Tamil Nadu,641012,11.0183,76.9664,11,44000.0,09:00-20:00,"ONLINE,TRANSFER,CARD",Mule-account ticket arbitrage & fast cancellation fraud,0.052,130,23876.35,INR,PURCHASE,TRANSFER,MOBILE_APP,0,0,Bengaluru,7.0,0,0,1,DEV-SOWMIYA-ONEPLUS-11,mobile_android,0,BEN-CUST_SOWMIYA_003-TRUSTED,Trusted Household Vendor,9,0,1,14,0,0,0,None,Resolved Genuine,Standard Habitual Purchase,0
TXN-CUST_SOWMIYA_003-11265,2026-09-10 10:33:45,2026-09-10,10:33:45,10,3,0,0,CUST_SOWMIYA_003,55,Bengaluru,Karnataka,High Risk / 26% Fraud Rate,M029,CloudDesk Digital,Software / Digital Services,Cloud Infrastructure & SaaS Tools,Bengaluru,Whitefield,Karnataka,560066,12.9698,77.7499,7,19800.0,24_HOURS,"ONLINE,CARD,TRANSFER",Cryptomining VM rental with stolen credit cards,0.058,145,97910.81,INR,P2P_TRANSFER,CARD,WEB_PORTAL,0,1,Lagos,4645.0,1,1,0,DEV-ROGUE-EMULATOR-679,unknown_bot,1,BEN-MULE-6597,QuickMule Transfer 82,0,7,24,103,4,4,0,Credential compromise,Pre-auth Block,Automated high-velocity attack from unknown device,1
TXN-CUST_SOWMIYA_003-11266,2026-09-10 11:57:52,2026-09-10,11:57:52,11,3,0,0,CUST_SOWMIYA_003,55,Bengaluru,Karnataka,High Risk / 26% Fraud Rate,M014,OakLine Furnishings,Furniture,Teak Wood & Modern Home Decor,Madurai,Bypass Road,Tamil Nadu,625016,9.932,78.109,12,38000.0,10:00-21:00,"POS,CARD,TRANSFER,EMI",Invoice redirection fraud / fake payment slips,0.029,72,15386.59,INR,PURCHASE,TRANSFER,MOBILE_APP,1,0,Bengaluru,15.0,0,0,1,DEV-SOWMIYA-ONEPLUS-11,mobile_android,0,BEN-CUST_SOWMIYA_003-TRUSTED,Trusted Household Vendor,12,1,2,16,0,0,0,None,Resolved Genuine,Standard Habitual Purchase,0
TXN-CUST_SOWMIYA_003-11267,2026-09-10 13:27:11,2026-09-10,13:27:11,13,3,0,0,CUST_SOWMIYA_003,55,Bengaluru,Karnataka,High Risk / 26% Fraud Rate,M006,MedicoCare Pharmacy,Pharmacy,Medicines & Surgical Supplies,Madurai,KK Nagar,Tamil Nadu,625020,9.9252,78.1498,10,1450.0,24_HOURS,"POS,UPI,CARD,ONLINE",Nighttime micro card testing,0.015,37,15904.1,INR,PURCHASE,UPI,MOBILE_APP,1,0,Bengaluru,15.0,0,0,1,DEV-SOWMIYA-ONEPLUS-11,mobile_android,0,BEN-CUST_SOWMIYA_003-TRUSTED,Trusted Household Vendor,11,0,1,11,0,0,0,None,Resolved Genuine,Standard Habitual Purchase,0
TXN-CUST_SOWMIYA_003-11268,2026-09-10 14:52:57,2026-09-10,14:52:57,14,3,0,0,CUST_SOWMIYA_003,55,Bengaluru,Karnataka,High Risk / 26% Fraud Rate,M013,CartNest Online,E-commerce,Multi-category Marketplace,Chennai,Guindy,Tamil Nadu,600032,13.0067,80.2026,5,6200.0,24_HOURS,"ONLINE,UPI,CARD,NETBANKING",Account takeover + triangulation shipping fraud,0.045,112,23942.45,INR,P2P_TRANSFER,NETBANKING,WEB_PORTAL,0,1,Lagos,4719.0,1,1,0,DEV-ROGUE-EMULATOR-183,unknown_bot,1,BEN-MULE-5983,QuickMule Transfer 77,0,11,35,150,4,4,1,Account takeover,Pre-auth Block,Automated high-velocity attack from unknown device,1
TXN-CUST_SOWMIYA_003-11269,2026-09-10 16:20:07,2026-09-10,16:20:07,16,3,0,0,CUST_SOWMIYA_003,55,Bengaluru,Karnataka,High Risk / 26% Fraud Rate,M014,OakLine Furnishings,Furniture,Teak Wood & Modern Home Decor,Madurai,Bypass Road,Tamil Nadu,625016,9.932,78.109,12,38000.0,10:00-21:00,"POS,CARD,TRANSFER,EMI",Invoice redirection fraud / fake payment slips,0.029,72,36691.78,INR,PURCHASE,TRANSFER,MOBILE_APP,1,0,Bengaluru,2.0,0,0,1,DEV-SOWMIYA-ONEPLUS-11,mobile_android,0,BEN-CUST_SOWMIYA_003-TRUSTED,Trusted Household Vendor,3,0,2,12,0,0,0,None,Resolved Genuine,Standard Habitual Purchase,0
TXN-CUST_SOWMIYA_003-11270,2026-09-10 17:46:29,2026-09-10,17:46:29,17,3,0,0,CUST_SOWMIYA_003,55,Bengaluru,Karnataka,High Risk / 26% Fraud Rate,M002,CircuitBay Electronics,Consumer Electronics,Laptops & Gadgets,Chennai,Velachery,Tamil Nadu,600042,12.9759,80.2212,6,32000.0,10:00-21:30,"POS,ONLINE,EMI,UPI",Stolen payment details / high-ticket electronics delivery,0.048,120,20287.58,INR,PURCHASE,EMI,MOBILE_APP,1,0,Bengaluru,4.0,0,0,1,DEV-SOWMIYA-ONEPLUS-11,mobile_android,0,BEN-CUST_SOWMIYA_003-TRUSTED,Trusted Household Vendor,5,0,2,11,0,0,0,None,Resolved Genuine,Standard Habitual Purchase,0
TXN-CUST_SOWMIYA_003-11271,2026-09-10 19:12:25,2026-09-10,19:12:25,19,3,0,0,CUST_SOWMIYA_003,55,Bengaluru,Karnataka,High Risk / 26% Fraud Rate,M005,UrbanThread Studio,Fashion / Apparel,Designer & Ready-to-wear,Chennai,Anna Nagar,Tamil Nadu,600040,13.085,80.2101,5,4800.0,10:30-22:00,"POS,ONLINE,UPI,CARD",Refund abuse / credential stuffing,0.022,55,10618.12,INR,P2P_TRANSFER,POS,WEB_PORTAL,0,1,Lagos,5154.0,1,1,0,DEV-ROGUE-EMULATOR-223,unknown_bot,1,BEN-MULE-7397,QuickMule Transfer 36,0,8,24,99,6,1,1,Card testing,Pre-auth Block,Automated high-velocity attack from unknown device,1
TXN-CUST_SOWMIYA_003-11272,2026-09-10 20:39:14,2026-09-10,20:39:14,20,3,0,0,CUST_SOWMIYA_003,55,Bengaluru,Karnataka,High Risk / 26% Fraud Rate,M017,AutoForge Parts,Spare Parts,OEM Industrial & Auto Components,Hosur,Mookandapalli,Tamil Nadu,635126,12.7409,77.8253,15,16500.0,09:00-19:30,"TRANSFER,POS,CARD",Business email compromise / fake beneficiary update,0.033,82,47559.73,INR,P2P_TRANSFER,TRANSFER,WEB_PORTAL,0,1,Dubai,5493.0,1,1,0,DEV-ROGUE-EMULATOR-798,unknown_bot,1,BEN-MULE-1072,QuickMule Transfer 63,0,9,33,136,4,2,0,Mule-account behavior,Pre-auth Block,Automated high-velocity attack from unknown device,1
TXN-CUST_SOWMIYA_003-11273,2026-09-10 22:03:47,2026-09-10,22:03:47,22,3,0,0,CUST_SOWMIYA_003,55,Bengaluru,Karnataka,High Risk / 26% Fraud Rate,M014,OakLine Furnishings,Furniture,Teak Wood & Modern Home Decor,Madurai,Bypass Road,Tamil Nadu,625016,9.932,78.109,12,38000.0,10:00-21:00,"POS,CARD,TRANSFER,EMI",Invoice redirection fraud / fake payment slips,0.029,72,120658.91,INR,P2P_TRANSFER,TRANSFER,WEB_PORTAL,0,1,Lagos,4090.0,1,1,0,DEV-ROGUE-EMULATOR-581,unknown_bot,1,BEN-MULE-5740,QuickMule Transfer 31,0,11,26,107,4,4,0,Card testing,Pre-auth Block,Automated high-velocity attack from unknown device,1
TXN-CUST_SOWMIYA_003-11274,2026-09-10 23:27:12,2026-09-10,23:27:12,23,3,0,1,CUST_SOWMIYA_003,55,Bengaluru,Karnataka,High Risk / 26% Fraud Rate,M010,HarborView Residency,Hotel / Hospitality,Business & Luxury Hotel,Chennai,OMR,Tamil Nadu,600096,12.9165,80.2285,6,9500.0,24_HOURS,"ONLINE,POS,CARD,TRANSFER",Online travel booking fraud with stolen corporate credentials,0.041,102,43193.35,INR,P2P_TRANSFER,POS,WEB_PORTAL,0,1,Dubai,2978.0,1,1,0,DEV-ROGUE-EMULATOR-826,unknown_bot,1,BEN-MULE-3088,QuickMule Transfer 49,0,6,27,117,3,1,1,Account takeover,Pre-auth Block,Automated high-velocity attack from unknown device,1
TXN-CUST_SOWMIYA_003-11275,2026-09-11 00:52:26,2026-09-11,00:52:26,0,4,0,1,CUST_SOWMIYA_003,55,Bengaluru,Karnataka,High Risk / 26% Fraud Rate,M023,SwiftBox Logistics,Courier / Logistics,Express Parcel & Freight Delivery,Tiruppur,Avinashi Road,Tamil Nadu,641603,11.1085,77.3411,9,4200.0,08:00-21:00,"POS,UPI,CARD,ONLINE",Interception fraud / address redirection,0.02,50,45153.97,INR,PURCHASE,UPI,MOBILE_APP,1,0,Bengaluru,4.0,0,0,1,DEV-SOWMIYA-ONEPLUS-11,mobile_android,0,BEN-CUST_SOWMIYA_003-TRUSTED,Trusted Household Vendor,5,0,3,19,0,0,0,None,Resolved Genuine,Standard Habitual Purchase,0
TXN-CUST_SOWMIYA_003-11276,2026-09-11 02:20:52,2026-09-11,02:20:52,2,4,0,1,CUST_SOWMIYA_003,55,Bengaluru,Karnataka,High Risk / 26% Fraud Rate,M003,Pulse Mobile Hub,Mobile Store,Smartphones & Accessories,Chennai,Tambaram,Tamil Nadu,600045,12.9249,80.1278,4,18500.0,09:30-21:30,"POS,UPI,CARD",New device abuse / rapid checkout surge,0.035,87,15365.01,INR,PURCHASE,POS,MOBILE_APP,1,0,Bengaluru,9.0,0,0,1,DEV-SOWMIYA-ONEPLUS-11,mobile_android,0,BEN-CUST_SOWMIYA_003-TRUSTED,Trusted Household Vendor,3,0,2,18,0,0,0,None,Resolved Genuine,Standard Habitual Purchase,0
TXN-CUST_SOWMIYA_003-11277,2026-09-11 03:44:17,2026-09-11,03:44:17,3,4,0,1,CUST_SOWMIYA_003,55,Bengaluru,Karnataka,High Risk / 26% Fraud Rate,M027,BrickHarbor Realty,Real Estate / Property Services,Rental Escrow & Facility Management,Chennai,Porur,Tamil Nadu,600116,13.035,80.16,11,65000.0,09:00-19:00,"TRANSFER,NETBANKING,CARD",Security deposit phishing / escrow hijacking,0.039,97,26080.95,INR,PURCHASE,CARD,MOBILE_APP,0,0,Bengaluru,14.0,0,0,1,DEV-SOWMIYA-ONEPLUS-11,mobile_android,0,BEN-CUST_SOWMIYA_003-TRUSTED,Trusted Household Vendor,11,0,3,20,0,0,0,None,Resolved Genuine,Standard Habitual Purchase,0
TXN-CUST_SOWMIYA_003-11278,2026-09-11 05:13:29,2026-09-11,05:13:29,5,4,0,1,CUST_SOWMIYA_003,55,Bengaluru,Karnataka,High Risk / 26% Fraud Rate,M022,SkillSpring Academy,Education / Training,Professional Certifications & Tech Bootcamps,Chennai,Mylapore,Tamil Nadu,600004,13.0368,80.2676,8,22000.0,08:30-19:30,"ONLINE,NETBANKING,CARD,UPI",Stolen corporate card enrollments,0.028,70,13695.07,INR,PURCHASE,ONLINE,MOBILE_APP,0,0,Bengaluru,6.0,0,0,1,DEV-SOWMIYA-ONEPLUS-11,mobile_android,0,BEN-CUST_SOWMIYA_003-TRUSTED,Trusted Household Vendor,14,1,1,7,0,0,0,None,Resolved Genuine,Standard Habitual Purchase,0
TXN-CUST_SOWMIYA_003-11279,2026-09-11 06:40:49,2026-09-11,06:40:49,6,4,0,0,CUST_SOWMIYA_003,55,Bengaluru,Karnataka,High Risk / 26% Fraud Rate,M006,MedicoCare Pharmacy,Pharmacy,Medicines & Surgical Supplies,Madurai,KK Nagar,Tamil Nadu,625020,9.9252,78.1498,10,1450.0,24_HOURS,"POS,UPI,CARD,ONLINE",Nighttime micro card testing,0.015,37,28586.07,INR,PURCHASE,UPI,MOBILE_APP,1,0,Bengaluru,2.0,0,0,1,DEV-SOWMIYA-ONEPLUS-11,mobile_android,0,BEN-CUST_SOWMIYA_003-TRUSTED,Trusted Household Vendor,15,0,1,12,0,0,0,None,Resolved Genuine,Standard Habitual Purchase,0
TXN-CUST_SOWMIYA_003-11280,2026-09-11 08:06:46,2026-09-11,08:06:46,8,4,0,0,CUST_SOWMIYA_003,55,Bengaluru,Karnataka,High Risk / 26% Fraud Rate,M013,CartNest Online,E-commerce,Multi-category Marketplace,Chennai,Guindy,Tamil Nadu,600032,13.0067,80.2026,5,6200.0,24_HOURS,"ONLINE,UPI,CARD,NETBANKING",Account takeover + triangulation shipping fraud,0.045,112,19215.9,INR,PURCHASE,UPI,MOBILE_APP,0,0,Bengaluru,11.0,0,0,1,DEV-SOWMIYA-ONEPLUS-11,mobile_android,0,BEN-CUST_SOWMIYA_003-TRUSTED,Trusted Household Vendor,10,0,3,22,0,0,0,None,Resolved Genuine,Standard Habitual Purchase,0
TXN-CUST_SOWMIYA_003-11281,2026-09-11 09:30:36,2026-09-11,09:30:36,9,4,0,0,CUST_SOWMIYA_003,55,Bengaluru,Karnataka,High Risk / 26% Fraud Rate,M008,BeanCircuit Cafe,Cafe,Specialty Coffee & Bakery,Bengaluru,Indiranagar,Karnataka,560038,12.9784,77.6408,3,650.0,07:30-23:00,"UPI,POS,CARD",QR code spoofing / fast velocity dining,0.009,22,16816.1,INR,PURCHASE,UPI,MOBILE_APP,1,0,Bengaluru,14.0,0,0,1,DEV-SOWMIYA-ONEPLUS-11,mobile_android,0,BEN-CUST_SOWMIYA_003-TRUSTED,Trusted Household Vendor,8,0,3,17,0,0,0,None,Resolved Genuine,Standard Habitual Purchase,0
TXN-CUST_SOWMIYA_003-11282,2026-09-11 10:55:13,2026-09-11,10:55:13,10,4,0,0,CUST_SOWMIYA_003,55,Bengaluru,Karnataka,High Risk / 26% Fraud Rate,M022,SkillSpring Academy,Education / Training,Professional Certifications & Tech Bootcamps,Chennai,Mylapore,Tamil Nadu,600004,13.0368,80.2676,8,22000.0,08:30-19:30,"ONLINE,NETBANKING,CARD,UPI",Stolen corporate card enrollments,0.028,70,28203.68,INR,PURCHASE,NETBANKING,MOBILE_APP,0,0,Bengaluru,1.0,0,0,1,DEV-SOWMIYA-ONEPLUS-11,mobile_android,0,BEN-CUST_SOWMIYA_003-TRUSTED,Trusted Household Vendor,3,0,3,21,0,0,0,None,Resolved Genuine,Standard Habitual Purchase,0
TXN-CUST_SOWMIYA_003-11283,2026-09-11 12:20:47,2026-09-11,12:20:47,12,4,0,0,CUST_SOWMIYA_003,55,Bengaluru,Karnataka,High Risk / 26% Fraud Rate,M012,DashDine Delivery,Food Delivery,Quick Commerce & Meal Delivery,Chennai,Sholinganallur,Tamil Nadu,600119,12.901,80.2279,4,520.0,06:00-02:00,"UPI,CARD,ONLINE,WALLET",Promo code abuse / stolen wallet balances,0.014,35,33046.61,INR,PURCHASE,CARD,MOBILE_APP,0,0,Bengaluru,4.0,0,0,1,DEV-SOWMIYA-ONEPLUS-11,mobile_android,0,BEN-CUST_SOWMIYA_003-TRUSTED,Trusted Household Vendor,13,0,1,8,0,0,0,None,Resolved Genuine,Standard Habitual Purchase,0
TXN-CUST_SOWMIYA_003-11284,2026-09-11 13:48:26,2026-09-11,13:48:26,13,4,0,0,CUST_SOWMIYA_003,55,Bengaluru,Karnataka,High Risk / 26% Fraud Rate,M024,LinkWave Telecom,Telecom Retail,Fiber Broadband & Postpaid Plans,Erode,Perundurai Road,Tamil Nadu,638011,11.341,77.7172,10,1950.0,09:30-20:30,"UPI,CARD,ONLINE,POS",SIM swap bill recharge surges,0.017,42,23128.89,INR,PURCHASE,POS,MOBILE_APP,1,0,Bengaluru,14.0,0,0,1,DEV-SOWMIYA-ONEPLUS-11,mobile_android,0,BEN-CUST_SOWMIYA_003-TRUSTED,Trusted Household Vendor,9,0,3,15,0,0,0,None,Resolved Genuine,Standard Habitual Purchase,0
TXN-CUST_SOWMIYA_003-11285,2026-09-11 15:15:20,2026-09-11,15:15:20,15,4,0,0,CUST_SOWMIYA_003,55,Bengaluru,Karnataka,High Risk / 26% Fraud Rate,M011,SkyTrail Travels,Travel Agency,Flight & International Tour Packages,Coimbatore,Gandhipuram,Tamil Nadu,641012,11.0183,76.9664,11,44000.0,09:00-20:00,"ONLINE,TRANSFER,CARD",Mule-account ticket arbitrage & fast cancellation fraud,0.052,130,13022.32,INR,PURCHASE,TRANSFER,MOBILE_APP,0,0,Bengaluru,13.0,0,0,1,DEV-SOWMIYA-ONEPLUS-11,mobile_android,0,BEN-CUST_SOWMIYA_003-TRUSTED,Trusted Household Vendor,3,0,2,16,0,0,0,None,Resolved Genuine,Standard Habitual Purchase,0
TXN-CUST_SOWMIYA_003-11286,2026-09-11 16:41:44,2026-09-11,16:41:44,16,4,0,0,CUST_SOWMIYA_003,55,Bengaluru,Karnataka,High Risk / 26% Fraud Rate,M018,PageTurn Book House,Bookstore,"Academic, Fiction & Stationery",Trichy,Thillai Nagar,Tamil Nadu,620018,10.8282,78.6854,16,850.0,09:00-21:30,"POS,UPI,CARD,ONLINE",Low-value card testing bots,0.008,20,13506.3,INR,PURCHASE,UPI,MOBILE_APP,1,0,Bengaluru,13.0,0,0,1,DEV-SOWMIYA-ONEPLUS-11,mobile_android,0,BEN-CUST_SOWMIYA_003-TRUSTED,Trusted Household Vendor,8,1,4,22,0,0,0,None,Resolved Genuine,Standard Habitual Purchase,0
TXN-CUST_SOWMIYA_003-11287,2026-09-11 18:10:14,2026-09-11,18:10:14,18,4,0,0,CUST_SOWMIYA_003,55,Bengaluru,Karnataka,High Risk / 26% Fraud Rate,M020,GameGrid Arena,Gaming,"Esports, Consoles & Virtual Credits",Bengaluru,Koramangala,Karnataka,560095,12.9352,77.6245,4,3400.0,10:00-01:00,"ONLINE,UPI,CARD,WALLET",Virtual item laundering & bot-driven micro transactions,0.055,137,21390.16,INR,PURCHASE,UPI,MOBILE_APP,0,0,Bengaluru,9.0,0,0,1,DEV-SOWMIYA-ONEPLUS-11,mobile_android,0,BEN-CUST_SOWMIYA_003-TRUSTED,Trusted Household Vendor,5,0,3,22,0,0,0,None,Resolved Genuine,Standard Habitual Purchase,0
TXN-CUST_SOWMIYA_003-11288,2026-09-11 19:36:39,2026-09-11,19:36:39,19,4,0,0,CUST_SOWMIYA_003,55,Bengaluru,Karnataka,High Risk / 26% Fraud Rate,M006,MedicoCare Pharmacy,Pharmacy,Medicines & Surgical Supplies,Madurai,KK Nagar,Tamil Nadu,625020,9.9252,78.1498,10,1450.0,24_HOURS,"POS,UPI,CARD,ONLINE",Nighttime micro card testing,0.015,37,6872.16,INR,P2P_TRANSFER,POS,WEB_PORTAL,0,1,Singapore,2189.0,1,1,0,DEV-ROGUE-EMULATOR-175,unknown_bot,1,BEN-MULE-5394,QuickMule Transfer 83,0,8,30,125,5,4,1,Account takeover,Pre-auth Block,Automated high-velocity attack from unknown device,1
TXN-CUST_SOWMIYA_003-11289,2026-09-11 21:02:27,2026-09-11,21:02:27,21,4,0,0,CUST_SOWMIYA_003,55,Bengaluru,Karnataka,High Risk / 26% Fraud Rate,M003,Pulse Mobile Hub,Mobile Store,Smartphones & Accessories,Chennai,Tambaram,Tamil Nadu,600045,12.9249,80.1278,4,18500.0,09:30-21:30,"POS,UPI,CARD",New device abuse / rapid checkout surge,0.035,87,25360.77,INR,PURCHASE,CARD,MOBILE_APP,1,0,Bengaluru,6.0,0,0,1,DEV-SOWMIYA-ONEPLUS-11,mobile_android,0,BEN-CUST_SOWMIYA_003-TRUSTED,Trusted Household Vendor,5,0,3,16,0,0,0,None,Resolved Genuine,Standard Habitual Purchase,0
TXN-CUST_SOWMIYA_003-11290,2026-09-11 22:31:36,2026-09-11,22:31:36,22,4,0,0,CUST_SOWMIYA_003,55,Bengaluru,Karnataka,High Risk / 26% Fraud Rate,M023,SwiftBox Logistics,Courier / Logistics,Express Parcel & Freight Delivery,Tiruppur,Avinashi Road,Tamil Nadu,641603,11.1085,77.3411,9,4200.0,08:00-21:00,"POS,UPI,CARD,ONLINE",Interception fraud / address redirection,0.02,50,43776.5,INR,PURCHASE,CARD,MOBILE_APP,1,0,Bengaluru,13.0,0,0,1,DEV-SOWMIYA-ONEPLUS-11,mobile_android,0,BEN-CUST_SOWMIYA_003-TRUSTED,Trusted Household Vendor,13,0,3,14,0,0,0,None,Resolved Genuine,Standard Habitual Purchase,0
TXN-CUST_SOWMIYA_003-11291,2026-09-12 00:00:20,2026-09-12,00:00:20,0,5,1,1,CUST_SOWMIYA_003,55,Bengaluru,Karnataka,High Risk / 26% Fraud Rate,M005,UrbanThread Studio,Fashion / Apparel,Designer & Ready-to-wear,Chennai,Anna Nagar,Tamil Nadu,600040,13.085,80.2101,5,4800.0,10:30-22:00,"POS,ONLINE,UPI,CARD",Refund abuse / credential stuffing,0.022,55,30645.13,INR,PURCHASE,UPI,MOBILE_APP,1,0,Bengaluru,9.0,0,0,1,DEV-SOWMIYA-ONEPLUS-11,mobile_android,0,BEN-CUST_SOWMIYA_003-TRUSTED,Trusted Household Vendor,6,0,3,19,0,0,0,None,Resolved Genuine,Standard Habitual Purchase,0
TXN-CUST_SOWMIYA_003-11292,2026-09-12 01:26:29,2026-09-12,01:26:29,1,5,1,1,CUST_SOWMIYA_003,55,Bengaluru,Karnataka,High Risk / 26% Fraud Rate,M027,BrickHarbor Realty,Real Estate / Property Services,Rental Escrow & Facility Management,Chennai,Porur,Tamil Nadu,600116,13.035,80.16,11,65000.0,09:00-19:00,"TRANSFER,NETBANKING,CARD",Security deposit phishing / escrow hijacking,0.039,97,39060.54,INR,PURCHASE,TRANSFER,MOBILE_APP,0,0,Bengaluru,7.0,0,0,1,DEV-SOWMIYA-ONEPLUS-11,mobile_android,0,BEN-CUST_SOWMIYA_003-TRUSTED,Trusted Household Vendor,14,0,1,14,0,0,0,None,Resolved Genuine,Standard Habitual Purchase,0
TXN-CUST_SOWMIYA_003-11293,2026-09-12 02:53:06,2026-09-12,02:53:06,2,5,1,1,CUST_SOWMIYA_003,55,Bengaluru,Karnataka,High Risk / 26% Fraud Rate,M014,OakLine Furnishings,Furniture,Teak Wood & Modern Home Decor,Madurai,Bypass Road,Tamil Nadu,625016,9.932,78.109,12,38000.0,10:00-21:00,"POS,CARD,TRANSFER,EMI",Invoice redirection fraud / fake payment slips,0.029,72,23139.54,INR,PURCHASE,POS,MOBILE_APP,1,0,Bengaluru,6.0,0,0,1,DEV-SOWMIYA-ONEPLUS-11,mobile_android,0,BEN-CUST_SOWMIYA_003-TRUSTED,Trusted Household Vendor,14,1,1,11,0,0,0,None,Resolved Genuine,Standard Habitual Purchase,0
TXN-CUST_SOWMIYA_003-11294,2026-09-12 04:20:04,2026-09-12,04:20:04,4,5,1,1,CUST_SOWMIYA_003,55,Bengaluru,Karnataka,High Risk / 26% Fraud Rate,M024,LinkWave Telecom,Telecom Retail,Fiber Broadband & Postpaid Plans,Erode,Perundurai Road,Tamil Nadu,638011,11.341,77.7172,10,1950.0,09:30-20:30,"UPI,CARD,ONLINE,POS",SIM swap bill recharge surges,0.017,42,25089.54,INR,PURCHASE,ONLINE,MOBILE_APP,1,0,Bengaluru,8.0,0,0,1,DEV-SOWMIYA-ONEPLUS-11,mobile_android,0,BEN-CUST_SOWMIYA_003-TRUSTED,Trusted Household Vendor,6,0,2,13,0,0,0,None,Resolved Genuine,Standard Habitual Purchase,0
TXN-CUST_SOWMIYA_003-11295,2026-09-12 05:45:46,2026-09-12,05:45:46,5,5,1,1,CUST_SOWMIYA_003,55,Bengaluru,Karnataka,High Risk / 26% Fraud Rate,M001,NovaMart Fresh,Grocery & Supermarket,Supermarket / Hypermarket,Chennai,T Nagar,Tamil Nadu,600017,13.0418,80.2341,8,1250.0,07:00-22:30,"POS,UPI,CARD,ONLINE",Card testing / micro-burst velocity,0.012,30,42989.94,INR,PURCHASE,ONLINE,MOBILE_APP,1,0,Bengaluru,10.0,0,0,1,DEV-SOWMIYA-ONEPLUS-11,mobile_android,0,BEN-CUST_SOWMIYA_003-TRUSTED,Trusted Household Vendor,5,0,1,6,0,0,0,None,Resolved Genuine,Standard Habitual Purchase,0
TXN-CUST_SOWMIYA_003-11296,2026-09-12 07:11:40,2026-09-12,07:11:40,7,5,1,0,CUST_SOWMIYA_003,55,Bengaluru,Karnataka,High Risk / 26% Fraud Rate,M004,Aurelia Gold House,Jewellery,Gold & Diamond Jewellery,Coimbatore,RS Puram,Tamil Nadu,641002,11.0089,76.9514,14,78000.0,10:00-20:30,"POS,CARD,TRANSFER",Account takeover / card-not-present luxury surge,0.065,162,30617.69,INR,PURCHASE,TRANSFER,MOBILE_APP,1,0,Bengaluru,6.0,0,0,1,DEV-SOWMIYA-ONEPLUS-11,mobile_android,0,BEN-CUST_SOWMIYA_003-TRUSTED,Trusted Household Vendor,3,0,4,26,0,0,0,None,Resolved Genuine,Standard Habitual Purchase,0
TXN-CUST_SOWMIYA_003-11297,2026-09-12 08:38:01,2026-09-12,08:38:01,8,5,1,0,CUST_SOWMIYA_003,55,Bengaluru,Karnataka,High Risk / 26% Fraud Rate,M002,CircuitBay Electronics,Consumer Electronics,Laptops & Gadgets,Chennai,Velachery,Tamil Nadu,600042,12.9759,80.2212,6,32000.0,10:00-21:30,"POS,ONLINE,EMI,UPI",Stolen payment details / high-ticket electronics delivery,0.048,120,45437.41,INR,PURCHASE,ONLINE,MOBILE_APP,1,0,Bengaluru,8.0,0,0,1,DEV-SOWMIYA-ONEPLUS-11,mobile_android,0,BEN-CUST_SOWMIYA_003-TRUSTED,Trusted Household Vendor,3,1,2,13,0,0,0,None,Resolved Genuine,Standard Habitual Purchase,0
TXN-CUST_SOWMIYA_003-11298,2026-09-12 10:04:43,2026-09-12,10:04:43,10,5,1,0,CUST_SOWMIYA_003,55,Bengaluru,Karnataka,High Risk / 26% Fraud Rate,M018,PageTurn Book House,Bookstore,"Academic, Fiction & Stationery",Trichy,Thillai Nagar,Tamil Nadu,620018,10.8282,78.6854,16,850.0,09:00-21:30,"POS,UPI,CARD,ONLINE",Low-value card testing bots,0.008,20,14826.77,INR,PURCHASE,ONLINE,MOBILE_APP,1,0,Bengaluru,2.0,0,0,1,DEV-SOWMIYA-ONEPLUS-11,mobile_android,0,BEN-CUST_SOWMIYA_003-TRUSTED,Trusted Household Vendor,9,1,4,24,0,0,0,None,Resolved Genuine,Standard Habitual Purchase,0
TXN-CUST_SOWMIYA_003-11299,2026-09-12 11:34:00,2026-09-12,11:34:00,11,5,1,0,CUST_SOWMIYA_003,55,Bengaluru,Karnataka,High Risk / 26% Fraud Rate,M015,HomeSphere Appliances,Home Appliances,"Refrigerators, ACs & Kitchen Tech",Coimbatore,Saibaba Colony,Tamil Nadu,641011,11.0315,76.945,9,27500.0,09:30-21:00,"POS,EMI,CARD,UPI",Carding attacks with immediate in-store pickup,0.038,95,17005.1,INR,PURCHASE,CARD,MOBILE_APP,1,0,Bengaluru,1.0,0,0,1,DEV-SOWMIYA-ONEPLUS-11,mobile_android,0,BEN-CUST_SOWMIYA_003-TRUSTED,Trusted Household Vendor,6,1,4,22,0,0,0,None,Resolved Genuine,Standard Habitual Purchase,0
TXN-CUST_SOWMIYA_003-11300,2026-09-12 13:00:25,2026-09-12,13:00:25,13,5,1,0,CUST_SOWMIYA_003,55,Bengaluru,Karnataka,High Risk / 26% Fraud Rate,M029,CloudDesk Digital,Software / Digital Services,Cloud Infrastructure & SaaS Tools,Bengaluru,Whitefield,Karnataka,560066,12.9698,77.7499,7,19800.0,24_HOURS,"ONLINE,CARD,TRANSFER",Cryptomining VM rental with stolen credit cards,0.058,145,24236.47,INR,PURCHASE,ONLINE,MOBILE_APP,0,0,Bengaluru,7.0,0,0,1,DEV-SOWMIYA-ONEPLUS-11,mobile_android,0,BEN-CUST_SOWMIYA_003-TRUSTED,Trusted Household Vendor,13,0,4,18,0,0,0,None,Resolved Genuine,Standard Habitual Purchase,0
TXN-CUST_SOWMIYA_003-11301,2026-09-12 14:25:54,2026-09-12,14:25:54,14,5,1,0,CUST_SOWMIYA_003,55,Bengaluru,Karnataka,High Risk / 26% Fraud Rate,M022,SkillSpring Academy,Education / Training,Professional Certifications & Tech Bootcamps,Chennai,Mylapore,Tamil Nadu,600004,13.0368,80.2676,8,22000.0,08:30-19:30,"ONLINE,NETBANKING,CARD,UPI",Stolen corporate card enrollments,0.028,70,78607.63,INR,P2P_TRANSFER,NETBANKING,WEB_PORTAL,0,1,Lagos,4542.0,1,1,0,DEV-ROGUE-EMULATOR-393,unknown_bot,1,BEN-MULE-8382,QuickMule Transfer 35,0,11,27,111,2,3,1,Credential compromise,Pre-auth Block,Automated high-velocity attack from unknown device,1
TXN-CUST_SOWMIYA_003-11302,2026-09-12 15:51:39,2026-09-12,15:51:39,15,5,1,0,CUST_SOWMIYA_003,55,Bengaluru,Karnataka,High Risk / 26% Fraud Rate,M024,LinkWave Telecom,Telecom Retail,Fiber Broadband & Postpaid Plans,Erode,Perundurai Road,Tamil Nadu,638011,11.341,77.7172,10,1950.0,09:30-20:30,"UPI,CARD,ONLINE,POS",SIM swap bill recharge surges,0.017,42,31817.14,INR,PURCHASE,POS,MOBILE_APP,1,0,Bengaluru,10.0,0,0,1,DEV-SOWMIYA-ONEPLUS-11,mobile_android,0,BEN-CUST_SOWMIYA_003-TRUSTED,Trusted Household Vendor,7,0,3,22,0,0,0,None,Resolved Genuine,Standard Habitual Purchase,0
TXN-CUST_SOWMIYA_003-11303,2026-09-12 17:18:59,2026-09-12,17:18:59,17,5,1,0,CUST_SOWMIYA_003,55,Bengaluru,Karnataka,High Risk / 26% Fraud Rate,M016,MotoCare Garage,Auto Service,Car Service & Detailing Hub,Chennai,Pallikaranai,Tamil Nadu,600100,12.9372,80.2014,7,8900.0,08:30-20:30,"POS,UPI,CARD",Over-invoicing / synthetic card payments,0.021,52,36922.22,INR,PURCHASE,UPI,MOBILE_APP,1,0,Bengaluru,4.0,0,0,1,DEV-SOWMIYA-ONEPLUS-11,mobile_android,0,BEN-CUST_SOWMIYA_003-TRUSTED,Trusted Household Vendor,15,0,1,14,0,0,0,None,Resolved Genuine,Standard Habitual Purchase,0
TXN-CUST_SOWMIYA_003-11304,2026-09-12 18:48:11,2026-09-12,18:48:11,18,5,1,0,CUST_SOWMIYA_003,55,Bengaluru,Karnataka,High Risk / 26% Fraud Rate,M014,OakLine Furnishings,Furniture,Teak Wood & Modern Home Decor,Madurai,Bypass Road,Tamil Nadu,625016,9.932,78.109,12,38000.0,10:00-21:00,"POS,CARD,TRANSFER,EMI",Invoice redirection fraud / fake payment slips,0.029,72,89785.39,INR,P2P_TRANSFER,TRANSFER,WEB_PORTAL,0,1,Singapore,2939.0,1,1,0,DEV-ROGUE-EMULATOR-264,unknown_bot,1,BEN-MULE-7874,QuickMule Transfer 26,0,5,16,70,6,2,1,Account takeover,Pre-auth Block,Automated high-velocity attack from unknown device,1
TXN-CUST_SOWMIYA_003-11305,2026-09-12 20:17:30,2026-09-12,20:17:30,20,5,1,0,CUST_SOWMIYA_003,55,Bengaluru,Karnataka,High Risk / 26% Fraud Rate,M025,ShieldSure Services,Insurance Services,General & Health Insurance Premium,Chennai,Egmore,Tamil Nadu,600008,13.0784,80.2607,13,14000.0,09:30-18:00,"ONLINE,NETBANKING,CARD",Premium diversion / fake policy payment slips,0.019,47,28786.98,INR,PURCHASE,ONLINE,MOBILE_APP,0,0,Bengaluru,1.0,0,0,1,DEV-SOWMIYA-ONEPLUS-11,mobile_android,0,BEN-CUST_SOWMIYA_003-TRUSTED,Trusted Household Vendor,11,0,3,18,0,0,0,None,Resolved Genuine,Standard Habitual Purchase,0
TXN-CUST_SOWMIYA_003-11306,2026-09-12 21:40:59,2026-09-12,21:40:59,21,5,1,0,CUST_SOWMIYA_003,55,Bengaluru,Karnataka,High Risk / 26% Fraud Rate,M003,Pulse Mobile Hub,Mobile Store,Smartphones & Accessories,Chennai,Tambaram,Tamil Nadu,600045,12.9249,80.1278,4,18500.0,09:30-21:30,"POS,UPI,CARD",New device abuse / rapid checkout surge,0.035,87,38061.65,INR,PURCHASE,UPI,MOBILE_APP,1,0,Bengaluru,7.0,0,0,1,DEV-SOWMIYA-ONEPLUS-11,mobile_android,0,BEN-CUST_SOWMIYA_003-TRUSTED,Trusted Household Vendor,12,1,3,14,0,0,0,None,Resolved Genuine,Standard Habitual Purchase,0
TXN-CUST_SOWMIYA_003-11307,2026-09-12 23:04:37,2026-09-12,23:04:37,23,5,1,1,CUST_SOWMIYA_003,55,Bengaluru,Karnataka,High Risk / 26% Fraud Rate,M003,Pulse Mobile Hub,Mobile Store,Smartphones & Accessories,Chennai,Tambaram,Tamil Nadu,600045,12.9249,80.1278,4,18500.0,09:30-21:30,"POS,UPI,CARD",New device abuse / rapid checkout surge,0.035,87,42739.68,INR,PURCHASE,POS,MOBILE_APP,1,0,Bengaluru,11.0,0,0,1,DEV-SOWMIYA-ONEPLUS-11,mobile_android,0,BEN-CUST_SOWMIYA_003-TRUSTED,Trusted Household Vendor,10,1,1,14,0,0,0,None,Resolved Genuine,Standard Habitual Purchase,0
TXN-CUST_SOWMIYA_003-11308,2026-09-13 00:31:04,2026-09-13,00:31:04,0,6,1,1,CUST_SOWMIYA_003,55,Bengaluru,Karnataka,High Risk / 26% Fraud Rate,M011,SkyTrail Travels,Travel Agency,Flight & International Tour Packages,Coimbatore,Gandhipuram,Tamil Nadu,641012,11.0183,76.9664,11,44000.0,09:00-20:00,"ONLINE,TRANSFER,CARD",Mule-account ticket arbitrage & fast cancellation fraud,0.052,130,145154.56,INR,P2P_TRANSFER,CARD,WEB_PORTAL,0,1,Lagos,3731.0,1,1,0,DEV-ROGUE-EMULATOR-876,unknown_bot,1,BEN-MULE-4800,QuickMule Transfer 83,0,11,21,86,3,4,0,Credential compromise,Pre-auth Block,Automated high-velocity attack from unknown device,1
TXN-CUST_SOWMIYA_003-11309,2026-09-13 01:57:47,2026-09-13,01:57:47,1,6,1,1,CUST_SOWMIYA_003,55,Bengaluru,Karnataka,High Risk / 26% Fraud Rate,M009,RapidFuel Station,Fuel Station,"Petrol, Diesel & EV Fast Charge",Salem,Fairlands,Tamil Nadu,636016,11.6643,78.146,9,3100.0,24_HOURS,"POS,FLEET_CARD,UPI",Automated fleet card skimming,0.024,60,14978.5,INR,PURCHASE,FLEET_CARD,MOBILE_APP,1,0,Bengaluru,2.0,0,0,1,DEV-SOWMIYA-ONEPLUS-11,mobile_android,0,BEN-CUST_SOWMIYA_003-TRUSTED,Trusted Household Vendor,12,0,3,21,0,0,0,None,Resolved Genuine,Standard Habitual Purchase,0
TXN-CUST_SOWMIYA_003-11310,2026-09-13 03:21:36,2026-09-13,03:21:36,3,6,1,1,CUST_SOWMIYA_003,55,Bengaluru,Karnataka,High Risk / 26% Fraud Rate,M008,BeanCircuit Cafe,Cafe,Specialty Coffee & Bakery,Bengaluru,Indiranagar,Karnataka,560038,12.9784,77.6408,3,650.0,07:30-23:00,"UPI,POS,CARD",QR code spoofing / fast velocity dining,0.009,22,16306.04,INR,PURCHASE,UPI,MOBILE_APP,1,0,Bengaluru,4.0,0,0,1,DEV-SOWMIYA-ONEPLUS-11,mobile_android,0,BEN-CUST_SOWMIYA_003-TRUSTED,Trusted Household Vendor,7,0,3,22,0,0,0,None,Resolved Genuine,Standard Habitual Purchase,0
TXN-CUST_SOWMIYA_003-11311,2026-09-13 04:48:49,2026-09-13,04:48:49,4,6,1,1,CUST_SOWMIYA_003,55,Bengaluru,Karnataka,High Risk / 26% Fraud Rate,M021,GlowCraft Salon,Salon / Beauty,Spa & Grooming Studio,Chennai,Porur,Tamil Nadu,600116,13.0382,80.1565,5,2800.0,09:00-21:00,"POS,UPI,CARD",Unusual late-night transaction spikes,0.011,27,8970.34,INR,P2P_TRANSFER,UPI,WEB_PORTAL,0,1,Dubai,1909.0,1,1,0,DEV-ROGUE-EMULATOR-169,unknown_bot,1,BEN-MULE-1235,QuickMule Transfer 83,0,4,18,76,4,3,0,Card testing,Pre-auth Block,Automated high-velocity attack from unknown device,1
TXN-CUST_SOWMIYA_003-11312,2026-09-13 06:16:11,2026-09-13,06:16:11,6,6,1,0,CUST_SOWMIYA_003,55,Bengaluru,Karnataka,High Risk / 26% Fraud Rate,M010,HarborView Residency,Hotel / Hospitality,Business & Luxury Hotel,Chennai,OMR,Tamil Nadu,600096,12.9165,80.2285,6,9500.0,24_HOURS,"ONLINE,POS,CARD,TRANSFER",Online travel booking fraud with stolen corporate credentials,0.041,102,42863.4,INR,P2P_TRANSFER,TRANSFER,WEB_PORTAL,0,0,Unknown Proxy,4873.0,1,1,0,DEV-ROGUE-EMULATOR-421,unknown_bot,1,BEN-MULE-9884,QuickMule Transfer 67,0,4,35,149,3,2,1,Account takeover,Pre-auth Block,Automated high-velocity attack from unknown device,1
TXN-CUST_SOWMIYA_003-11313,2026-09-13 07:41:55,2026-09-13,07:41:55,7,6,1,0,CUST_SOWMIYA_003,55,Bengaluru,Karnataka,High Risk / 26% Fraud Rate,M014,OakLine Furnishings,Furniture,Teak Wood & Modern Home Decor,Madurai,Bypass Road,Tamil Nadu,625016,9.932,78.109,12,38000.0,10:00-21:00,"POS,CARD,TRANSFER,EMI",Invoice redirection fraud / fake payment slips,0.029,72,189334.41,INR,P2P_TRANSFER,EMI,WEB_PORTAL,0,1,Lagos,5489.0,1,1,0,DEV-ROGUE-EMULATOR-496,unknown_bot,1,BEN-MULE-4480,QuickMule Transfer 82,0,9,14,66,3,3,1,Account takeover,Pre-auth Block,Automated high-velocity attack from unknown device,1
TXN-CUST_SOWMIYA_003-11314,2026-09-13 09:06:38,2026-09-13,09:06:38,9,6,1,0,CUST_SOWMIYA_003,55,Bengaluru,Karnataka,High Risk / 26% Fraud Rate,M015,HomeSphere Appliances,Home Appliances,"Refrigerators, ACs & Kitchen Tech",Coimbatore,Saibaba Colony,Tamil Nadu,641011,11.0315,76.945,9,27500.0,09:30-21:00,"POS,EMI,CARD,UPI",Carding attacks with immediate in-store pickup,0.038,95,82845.14,INR,P2P_TRANSFER,EMI,WEB_PORTAL,0,1,Lagos,1374.0,1,1,0,DEV-ROGUE-EMULATOR-816,unknown_bot,1,BEN-MULE-3639,QuickMule Transfer 98,0,12,15,69,6,2,1,Credential compromise,Pre-auth Block,Automated high-velocity attack from unknown device,1
TXN-CUST_SOWMIYA_003-11315,2026-09-13 10:34:16,2026-09-13,10:34:16,10,6,1,0,CUST_SOWMIYA_003,55,Bengaluru,Karnataka,High Risk / 26% Fraud Rate,M006,MedicoCare Pharmacy,Pharmacy,Medicines & Surgical Supplies,Madurai,KK Nagar,Tamil Nadu,625020,9.9252,78.1498,10,1450.0,24_HOURS,"POS,UPI,CARD,ONLINE",Nighttime micro card testing,0.015,37,6243.57,INR,P2P_TRANSFER,CARD,WEB_PORTAL,0,0,Unknown Proxy,2566.0,1,1,0,DEV-ROGUE-EMULATOR-348,unknown_bot,1,BEN-MULE-2308,QuickMule Transfer 80,0,4,27,111,2,3,0,Mule-account behavior,Pre-auth Block,Automated high-velocity attack from unknown device,1
TXN-CUST_SOWMIYA_003-11316,2026-09-13 11:59:00,2026-09-13,11:59:00,11,6,1,0,CUST_SOWMIYA_003,55,Bengaluru,Karnataka,High Risk / 26% Fraud Rate,M027,BrickHarbor Realty,Real Estate / Property Services,Rental Escrow & Facility Management,Chennai,Porur,Tamil Nadu,600116,13.035,80.16,11,65000.0,09:00-19:00,"TRANSFER,NETBANKING,CARD",Security deposit phishing / escrow hijacking,0.039,97,41055.57,INR,PURCHASE,NETBANKING,MOBILE_APP,0,0,Bengaluru,2.0,0,0,1,DEV-SOWMIYA-ONEPLUS-11,mobile_android,0,BEN-CUST_SOWMIYA_003-TRUSTED,Trusted Household Vendor,3,0,4,25,0,0,0,None,Resolved Genuine,Standard Habitual Purchase,0
TXN-CUST_SOWMIYA_003-11317,2026-09-13 13:27:23,2026-09-13,13:27:23,13,6,1,0,CUST_SOWMIYA_003,55,Bengaluru,Karnataka,High Risk / 26% Fraud Rate,M013,CartNest Online,E-commerce,Multi-category Marketplace,Chennai,Guindy,Tamil Nadu,600032,13.0067,80.2026,5,6200.0,24_HOURS,"ONLINE,UPI,CARD,NETBANKING",Account takeover + triangulation shipping fraud,0.045,112,22203.57,INR,P2P_TRANSFER,NETBANKING,WEB_PORTAL,0,1,Lagos,2304.0,1,1,0,DEV-ROGUE-EMULATOR-707,unknown_bot,1,BEN-MULE-8273,QuickMule Transfer 50,0,4,19,82,2,2,1,Mule-account behavior,Pre-auth Block,Automated high-velocity attack from unknown device,1
TXN-CUST_SOWMIYA_003-11318,2026-09-13 14:50:59,2026-09-13,14:50:59,14,6,1,0,CUST_SOWMIYA_003,55,Bengaluru,Karnataka,High Risk / 26% Fraud Rate,M017,AutoForge Parts,Spare Parts,OEM Industrial & Auto Components,Hosur,Mookandapalli,Tamil Nadu,635126,12.7409,77.8253,15,16500.0,09:00-19:30,"TRANSFER,POS,CARD",Business email compromise / fake beneficiary update,0.033,82,32749.2,INR,PURCHASE,POS,MOBILE_APP,1,0,Bengaluru,15.0,0,0,1,DEV-SOWMIYA-ONEPLUS-11,mobile_android,0,BEN-CUST_SOWMIYA_003-TRUSTED,Trusted Household Vendor,6,1,1,6,0,0,0,None,Resolved Genuine,Standard Habitual Purchase,0
TXN-CUST_SOWMIYA_003-11319,2026-09-13 16:16:39,2026-09-13,16:16:39,16,6,1,0,CUST_SOWMIYA_003,55,Bengaluru,Karnataka,High Risk / 26% Fraud Rate,M016,MotoCare Garage,Auto Service,Car Service & Detailing Hub,Chennai,Pallikaranai,Tamil Nadu,600100,12.9372,80.2014,7,8900.0,08:30-20:30,"POS,UPI,CARD",Over-invoicing / synthetic card payments,0.021,52,29521.36,INR,PURCHASE,CARD,MOBILE_APP,1,0,Bengaluru,2.0,0,0,1,DEV-SOWMIYA-ONEPLUS-11,mobile_android,0,BEN-CUST_SOWMIYA_003-TRUSTED,Trusted Household Vendor,7,0,2,17,0,0,0,None,Resolved Genuine,Standard Habitual Purchase,0
TXN-CUST_SOWMIYA_003-11320,2026-09-13 17:44:01,2026-09-13,17:44:01,17,6,1,0,CUST_SOWMIYA_003,55,Bengaluru,Karnataka,High Risk / 26% Fraud Rate,M006,MedicoCare Pharmacy,Pharmacy,Medicines & Surgical Supplies,Madurai,KK Nagar,Tamil Nadu,625020,9.9252,78.1498,10,1450.0,24_HOURS,"POS,UPI,CARD,ONLINE",Nighttime micro card testing,0.015,37,24327.77,INR,PURCHASE,UPI,MOBILE_APP,1,0,Bengaluru,6.0,0,0,1,DEV-SOWMIYA-ONEPLUS-11,mobile_android,0,BEN-CUST_SOWMIYA_003-TRUSTED,Trusted Household Vendor,4,0,4,24,0,0,0,None,Resolved Genuine,Standard Habitual Purchase,0
TXN-CUST_SOWMIYA_003-11321,2026-09-13 19:09:07,2026-09-13,19:09:07,19,6,1,0,CUST_SOWMIYA_003,55,Bengaluru,Karnataka,High Risk / 26% Fraud Rate,M027,BrickHarbor Realty,Real Estate / Property Services,Rental Escrow & Facility Management,Chennai,Porur,Tamil Nadu,600116,13.035,80.16,11,65000.0,09:00-19:00,"TRANSFER,NETBANKING,CARD",Security deposit phishing / escrow hijacking,0.039,97,25565.88,INR,PURCHASE,CARD,MOBILE_APP,0,0,Bengaluru,5.0,0,0,1,DEV-SOWMIYA-ONEPLUS-11,mobile_android,0,BEN-CUST_SOWMIYA_003-TRUSTED,Trusted Household Vendor,14,0,1,10,0,0,0,None,Resolved Genuine,Standard Habitual Purchase,0
TXN-CUST_SOWMIYA_003-11322,2026-09-13 20:34:25,2026-09-13,20:34:25,20,6,1,0,CUST_SOWMIYA_003,55,Bengaluru,Karnataka,High Risk / 26% Fraud Rate,M015,HomeSphere Appliances,Home Appliances,"Refrigerators, ACs & Kitchen Tech",Coimbatore,Saibaba Colony,Tamil Nadu,641011,11.0315,76.945,9,27500.0,09:30-21:00,"POS,EMI,CARD,UPI",Carding attacks with immediate in-store pickup,0.038,95,23588.85,INR,PURCHASE,CARD,MOBILE_APP,1,0,Bengaluru,3.0,0,0,1,DEV-SOWMIYA-ONEPLUS-11,mobile_android,0,BEN-CUST_SOWMIYA_003-TRUSTED,Trusted Household Vendor,15,0,3,22,0,0,0,None,Resolved Genuine,Standard Habitual Purchase,0
TXN-CUST_SOWMIYA_003-11323,2026-09-13 22:01:00,2026-09-13,22:01:00,22,6,1,0,CUST_SOWMIYA_003,55,Bengaluru,Karnataka,High Risk / 26% Fraud Rate,M028,CraftCove Home Decor,Home Decor,Handicrafts & Art Pieces,Thanjavur,Medical College Road,Tamil Nadu,613004,10.7684,79.1245,8,7400.0,09:30-20:30,"POS,UPI,CARD,ONLINE",Cross-border tourist chargebacks,0.023,57,22451.35,INR,PURCHASE,POS,MOBILE_APP,1,0,Bengaluru,12.0,0,0,1,DEV-SOWMIYA-ONEPLUS-11,mobile_android,0,BEN-CUST_SOWMIYA_003-TRUSTED,Trusted Household Vendor,14,0,1,14,0,0,0,None,Resolved Genuine,Standard Habitual Purchase,0
TXN-CUST_SOWMIYA_003-11324,2026-09-13 23:26:35,2026-09-13,23:26:35,23,6,1,1,CUST_SOWMIYA_003,55,Bengaluru,Karnataka,High Risk / 26% Fraud Rate,M004,Aurelia Gold House,Jewellery,Gold & Diamond Jewellery,Coimbatore,RS Puram,Tamil Nadu,641002,11.0089,76.9514,14,78000.0,10:00-20:30,"POS,CARD,TRANSFER",Account takeover / card-not-present luxury surge,0.065,162,37456.9,INR,PURCHASE,CARD,MOBILE_APP,1,0,Bengaluru,2.0,0,0,1,DEV-SOWMIYA-ONEPLUS-11,mobile_android,0,BEN-CUST_SOWMIYA_003-TRUSTED,Trusted Household Vendor,14,0,3,21,0,0,0,None,Resolved Genuine,Standard Habitual Purchase,0
TXN-CUST_SOWMIYA_003-11325,2026-09-14 00:55:21,2026-09-14,00:55:21,0,0,0,1,CUST_SOWMIYA_003,55,Bengaluru,Karnataka,High Risk / 26% Fraud Rate,M026,GreenLeaf Wellness,Health & Wellness,Organic Nutrition & Ayurveda,Trichy,Srirangam,Tamil Nadu,620006,10.8624,78.6947,6,2100.0,08:00-21:00,"POS,UPI,ONLINE,CARD",Subscription card stuffing,0.013,32,19342.04,INR,PURCHASE,CARD,MOBILE_APP,1,0,Bengaluru,14.0,0,0,1,DEV-SOWMIYA-ONEPLUS-11,mobile_android,0,BEN-CUST_SOWMIYA_003-TRUSTED,Trusted Household Vendor,10,0,3,18,0,0,0,None,Resolved Genuine,Standard Habitual Purchase,0
TXN-CUST_SOWMIYA_003-11326,2026-09-14 02:23:10,2026-09-14,02:23:10,2,0,0,1,CUST_SOWMIYA_003,55,Bengaluru,Karnataka,High Risk / 26% Fraud Rate,M016,MotoCare Garage,Auto Service,Car Service & Detailing Hub,Chennai,Pallikaranai,Tamil Nadu,600100,12.9372,80.2014,7,8900.0,08:30-20:30,"POS,UPI,CARD",Over-invoicing / synthetic card payments,0.021,52,45366.99,INR,PURCHASE,CARD,MOBILE_APP,1,0,Bengaluru,11.0,0,0,1,DEV-SOWMIYA-ONEPLUS-11,mobile_android,0,BEN-CUST_SOWMIYA_003-TRUSTED,Trusted Household Vendor,15,0,4,18,0,0,0,None,Resolved Genuine,Standard Habitual Purchase,0
TXN-CUST_SOWMIYA_003-11327,2026-09-14 03:52:23,2026-09-14,03:52:23,3,0,0,1,CUST_SOWMIYA_003,55,Bengaluru,Karnataka,High Risk / 26% Fraud Rate,M018,PageTurn Book House,Bookstore,"Academic, Fiction & Stationery",Trichy,Thillai Nagar,Tamil Nadu,620018,10.8282,78.6854,16,850.0,09:00-21:30,"POS,UPI,CARD,ONLINE",Low-value card testing bots,0.008,20,3069.53,INR,P2P_TRANSFER,ONLINE,WEB_PORTAL,0,1,Dubai,3029.0,1,1,0,DEV-ROGUE-EMULATOR-314,unknown_bot,1,BEN-MULE-8944,QuickMule Transfer 50,0,8,25,102,4,1,1,Card testing,Pre-auth Block,Automated high-velocity attack from unknown device,1
TXN-CUST_SOWMIYA_003-11328,2026-09-14 05:17:17,2026-09-14,05:17:17,5,0,0,1,CUST_SOWMIYA_003,55,Bengaluru,Karnataka,High Risk / 26% Fraud Rate,M021,GlowCraft Salon,Salon / Beauty,Spa & Grooming Studio,Chennai,Porur,Tamil Nadu,600116,13.0382,80.1565,5,2800.0,09:00-21:00,"POS,UPI,CARD",Unusual late-night transaction spikes,0.011,27,21632.48,INR,PURCHASE,CARD,MOBILE_APP,1,0,Bengaluru,12.0,0,0,1,DEV-SOWMIYA-ONEPLUS-11,mobile_android,0,BEN-CUST_SOWMIYA_003-TRUSTED,Trusted Household Vendor,6,0,4,21,0,0,0,None,Resolved Genuine,Standard Habitual Purchase,0
TXN-CUST_SOWMIYA_003-11329,2026-09-14 06:45:48,2026-09-14,06:45:48,6,0,0,0,CUST_SOWMIYA_003,55,Bengaluru,Karnataka,High Risk / 26% Fraud Rate,M025,ShieldSure Services,Insurance Services,General & Health Insurance Premium,Chennai,Egmore,Tamil Nadu,600008,13.0784,80.2607,13,14000.0,09:30-18:00,"ONLINE,NETBANKING,CARD",Premium diversion / fake policy payment slips,0.019,47,29884.42,INR,PURCHASE,NETBANKING,MOBILE_APP,0,0,Bengaluru,3.0,0,0,1,DEV-SOWMIYA-ONEPLUS-11,mobile_android,0,BEN-CUST_SOWMIYA_003-TRUSTED,Trusted Household Vendor,5,0,3,19,0,0,0,None,Resolved Genuine,Standard Habitual Purchase,0
TXN-CUST_SOWMIYA_003-11330,2026-09-14 08:11:55,2026-09-14,08:11:55,8,0,0,0,CUST_SOWMIYA_003,55,Bengaluru,Karnataka,High Risk / 26% Fraud Rate,M011,SkyTrail Travels,Travel Agency,Flight & International Tour Packages,Coimbatore,Gandhipuram,Tamil Nadu,641012,11.0183,76.9664,11,44000.0,09:00-20:00,"ONLINE,TRANSFER,CARD",Mule-account ticket arbitrage & fast cancellation fraud,0.052,130,14037.86,INR,PURCHASE,TRANSFER,MOBILE_APP,0,0,Bengaluru,14.0,0,0,1,DEV-SOWMIYA-ONEPLUS-11,mobile_android,0,BEN-CUST_SOWMIYA_003-TRUSTED,Trusted Household Vendor,14,0,3,22,0,0,0,None,Resolved Genuine,Standard Habitual Purchase,0
TXN-CUST_SOWMIYA_003-11331,2026-09-14 09:40:57,2026-09-14,09:40:57,9,0,0,0,CUST_SOWMIYA_003,55,Bengaluru,Karnataka,High Risk / 26% Fraud Rate,M021,GlowCraft Salon,Salon / Beauty,Spa & Grooming Studio,Chennai,Porur,Tamil Nadu,600116,13.0382,80.1565,5,2800.0,09:00-21:00,"POS,UPI,CARD",Unusual late-night transaction spikes,0.011,27,15964.91,INR,PURCHASE,POS,MOBILE_APP,1,0,Bengaluru,4.0,0,0,1,DEV-SOWMIYA-ONEPLUS-11,mobile_android,0,BEN-CUST_SOWMIYA_003-TRUSTED,Trusted Household Vendor,13,0,1,8,0,0,0,None,Resolved Genuine,Standard Habitual Purchase,0
TXN-CUST_SOWMIYA_003-11332,2026-09-14 11:10:07,2026-09-14,11:10:07,11,0,0,0,CUST_SOWMIYA_003,55,Bengaluru,Karnataka,High Risk / 26% Fraud Rate,M022,SkillSpring Academy,Education / Training,Professional Certifications & Tech Bootcamps,Chennai,Mylapore,Tamil Nadu,600004,13.0368,80.2676,8,22000.0,08:30-19:30,"ONLINE,NETBANKING,CARD,UPI",Stolen corporate card enrollments,0.028,70,36673.31,INR,PURCHASE,ONLINE,MOBILE_APP,0,0,Bengaluru,15.0,0,0,1,DEV-SOWMIYA-ONEPLUS-11,mobile_android,0,BEN-CUST_SOWMIYA_003-TRUSTED,Trusted Household Vendor,9,1,1,14,0,0,0,None,Resolved Genuine,Standard Habitual Purchase,0
TXN-CUST_SOWMIYA_003-11333,2026-09-14 12:38:00,2026-09-14,12:38:00,12,0,0,0,CUST_SOWMIYA_003,55,Bengaluru,Karnataka,High Risk / 26% Fraud Rate,M013,CartNest Online,E-commerce,Multi-category Marketplace,Chennai,Guindy,Tamil Nadu,600032,13.0067,80.2026,5,6200.0,24_HOURS,"ONLINE,UPI,CARD,NETBANKING",Account takeover + triangulation shipping fraud,0.045,112,37833.13,INR,PURCHASE,NETBANKING,MOBILE_APP,0,0,Bengaluru,12.0,0,0,1,DEV-SOWMIYA-ONEPLUS-11,mobile_android,0,BEN-CUST_SOWMIYA_003-TRUSTED,Trusted Household Vendor,12,0,4,22,0,0,0,None,Resolved Genuine,Standard Habitual Purchase,0
TXN-CUST_SOWMIYA_003-11334,2026-09-14 14:04:18,2026-09-14,14:04:18,14,0,0,0,CUST_SOWMIYA_003,55,Bengaluru,Karnataka,High Risk / 26% Fraud Rate,M024,LinkWave Telecom,Telecom Retail,Fiber Broadband & Postpaid Plans,Erode,Perundurai Road,Tamil Nadu,638011,11.341,77.7172,10,1950.0,09:30-20:30,"UPI,CARD,ONLINE,POS",SIM swap bill recharge surges,0.017,42,38945.8,INR,PURCHASE,CARD,MOBILE_APP,1,0,Bengaluru,15.0,0,0,1,DEV-SOWMIYA-ONEPLUS-11,mobile_android,0,BEN-CUST_SOWMIYA_003-TRUSTED,Trusted Household Vendor,3,0,4,26,0,0,0,None,Resolved Genuine,Standard Habitual Purchase,0
TXN-CUST_SOWMIYA_003-11335,2026-09-14 15:29:46,2026-09-14,15:29:46,15,0,0,0,CUST_SOWMIYA_003,55,Bengaluru,Karnataka,High Risk / 26% Fraud Rate,M009,RapidFuel Station,Fuel Station,"Petrol, Diesel & EV Fast Charge",Salem,Fairlands,Tamil Nadu,636016,11.6643,78.146,9,3100.0,24_HOURS,"POS,FLEET_CARD,UPI",Automated fleet card skimming,0.024,60,11683.11,INR,P2P_TRANSFER,UPI,WEB_PORTAL,0,1,Lagos,4585.0,1,1,0,DEV-ROGUE-EMULATOR-554,unknown_bot,1,BEN-MULE-3539,QuickMule Transfer 32,0,12,15,66,6,2,0,Mule-account behavior,Pre-auth Block,Automated high-velocity attack from unknown device,1
TXN-CUST_SOWMIYA_003-11336,2026-09-14 16:53:42,2026-09-14,16:53:42,16,0,0,0,CUST_SOWMIYA_003,55,Bengaluru,Karnataka,High Risk / 26% Fraud Rate,M026,GreenLeaf Wellness,Health & Wellness,Organic Nutrition & Ayurveda,Trichy,Srirangam,Tamil Nadu,620006,10.8624,78.6947,6,2100.0,08:00-21:00,"POS,UPI,ONLINE,CARD",Subscription card stuffing,0.013,32,35775.19,INR,PURCHASE,POS,MOBILE_APP,1,0,Bengaluru,3.0,0,0,1,DEV-SOWMIYA-ONEPLUS-11,mobile_android,0,BEN-CUST_SOWMIYA_003-TRUSTED,Trusted Household Vendor,5,0,2,16,0,0,0,None,Resolved Genuine,Standard Habitual Purchase,0
TXN-CUST_SOWMIYA_003-11337,2026-09-14 18:18:13,2026-09-14,18:18:13,18,0,0,0,CUST_SOWMIYA_003,55,Bengaluru,Karnataka,High Risk / 26% Fraud Rate,M008,BeanCircuit Cafe,Cafe,Specialty Coffee & Bakery,Bengaluru,Indiranagar,Karnataka,560038,12.9784,77.6408,3,650.0,07:30-23:00,"UPI,POS,CARD",QR code spoofing / fast velocity dining,0.009,22,3008.93,INR,P2P_TRANSFER,UPI,WEB_PORTAL,0,0,Unknown Proxy,4153.0,1,1,0,DEV-ROGUE-EMULATOR-197,unknown_bot,1,BEN-MULE-9833,QuickMule Transfer 88,0,8,22,95,4,3,1,Credential compromise,Pre-auth Block,Automated high-velocity attack from unknown device,1
TXN-CUST_SOWMIYA_003-11338,2026-09-14 19:44:51,2026-09-14,19:44:51,19,0,0,0,CUST_SOWMIYA_003,55,Bengaluru,Karnataka,High Risk / 26% Fraud Rate,M017,AutoForge Parts,Spare Parts,OEM Industrial & Auto Components,Hosur,Mookandapalli,Tamil Nadu,635126,12.7409,77.8253,15,16500.0,09:00-19:30,"TRANSFER,POS,CARD",Business email compromise / fake beneficiary update,0.033,82,41763.34,INR,PURCHASE,TRANSFER,MOBILE_APP,1,0,Bengaluru,15.0,0,0,1,DEV-SOWMIYA-ONEPLUS-11,mobile_android,0,BEN-CUST_SOWMIYA_003-TRUSTED,Trusted Household Vendor,15,0,3,14,0,0,0,None,Resolved Genuine,Standard Habitual Purchase,0
TXN-CUST_SOWMIYA_003-11339,2026-09-14 21:13:35,2026-09-14,21:13:35,21,0,0,0,CUST_SOWMIYA_003,55,Bengaluru,Karnataka,High Risk / 26% Fraud Rate,M012,DashDine Delivery,Food Delivery,Quick Commerce & Meal Delivery,Chennai,Sholinganallur,Tamil Nadu,600119,12.901,80.2279,4,520.0,06:00-02:00,"UPI,CARD,ONLINE,WALLET",Promo code abuse / stolen wallet balances,0.014,35,25159.93,INR,PURCHASE,CARD,MOBILE_APP,0,0,Bengaluru,1.0,0,0,1,DEV-SOWMIYA-ONEPLUS-11,mobile_android,0,BEN-CUST_SOWMIYA_003-TRUSTED,Trusted Household Vendor,11,0,2,16,0,0,0,None,Resolved Genuine,Standard Habitual Purchase,0
TXN-CUST_SOWMIYA_003-11340,2026-09-14 22:39:50,2026-09-14,22:39:50,22,0,0,0,CUST_SOWMIYA_003,55,Bengaluru,Karnataka,High Risk / 26% Fraud Rate,M011,SkyTrail Travels,Travel Agency,Flight & International Tour Packages,Coimbatore,Gandhipuram,Tamil Nadu,641012,11.0183,76.9664,11,44000.0,09:00-20:00,"ONLINE,TRANSFER,CARD",Mule-account ticket arbitrage & fast cancellation fraud,0.052,130,34236.64,INR,PURCHASE,CARD,MOBILE_APP,0,0,Bengaluru,14.0,0,0,1,DEV-SOWMIYA-ONEPLUS-11,mobile_android,0,BEN-CUST_SOWMIYA_003-TRUSTED,Trusted Household Vendor,10,0,3,22,0,0,0,None,Resolved Genuine,Standard Habitual Purchase,0
TXN-CUST_SOWMIYA_003-11341,2026-09-15 00:08:57,2026-09-15,00:08:57,0,1,0,1,CUST_SOWMIYA_003,55,Bengaluru,Karnataka,High Risk / 26% Fraud Rate,M012,DashDine Delivery,Food Delivery,Quick Commerce & Meal Delivery,Chennai,Sholinganallur,Tamil Nadu,600119,12.901,80.2279,4,520.0,06:00-02:00,"UPI,CARD,ONLINE,WALLET",Promo code abuse / stolen wallet balances,0.014,35,26551.59,INR,PURCHASE,CARD,MOBILE_APP,0,0,Bengaluru,7.0,0,0,1,DEV-SOWMIYA-ONEPLUS-11,mobile_android,0,BEN-CUST_SOWMIYA_003-TRUSTED,Trusted Household Vendor,13,0,4,19,0,0,0,None,Resolved Genuine,Standard Habitual Purchase,0
TXN-CUST_SOWMIYA_003-11342,2026-09-15 01:33:31,2026-09-15,01:33:31,1,1,0,1,CUST_SOWMIYA_003,55,Bengaluru,Karnataka,High Risk / 26% Fraud Rate,M025,ShieldSure Services,Insurance Services,General & Health Insurance Premium,Chennai,Egmore,Tamil Nadu,600008,13.0784,80.2607,13,14000.0,09:30-18:00,"ONLINE,NETBANKING,CARD",Premium diversion / fake policy payment slips,0.019,47,36678.75,INR,PURCHASE,CARD,MOBILE_APP,0,0,Bengaluru,6.0,0,0,1,DEV-SOWMIYA-ONEPLUS-11,mobile_android,0,BEN-CUST_SOWMIYA_003-TRUSTED,Trusted Household Vendor,5,1,4,24,0,0,0,None,Resolved Genuine,Standard Habitual Purchase,0
TXN-CUST_SOWMIYA_003-11343,2026-09-15 03:02:21,2026-09-15,03:02:21,3,1,0,1,CUST_SOWMIYA_003,55,Bengaluru,Karnataka,High Risk / 26% Fraud Rate,M011,SkyTrail Travels,Travel Agency,Flight & International Tour Packages,Coimbatore,Gandhipuram,Tamil Nadu,641012,11.0183,76.9664,11,44000.0,09:00-20:00,"ONLINE,TRANSFER,CARD",Mule-account ticket arbitrage & fast cancellation fraud,0.052,130,132795.61,INR,P2P_TRANSFER,CARD,WEB_PORTAL,0,1,Lagos,3641.0,1,1,0,DEV-ROGUE-EMULATOR-740,unknown_bot,1,BEN-MULE-3785,QuickMule Transfer 56,0,11,24,105,2,2,1,Mule-account behavior,Pre-auth Block,Automated high-velocity attack from unknown device,1
TXN-CUST_SOWMIYA_003-11344,2026-09-15 04:26:49,2026-09-15,04:26:49,4,1,0,1,CUST_SOWMIYA_003,55,Bengaluru,Karnataka,High Risk / 26% Fraud Rate,M020,GameGrid Arena,Gaming,"Esports, Consoles & Virtual Credits",Bengaluru,Koramangala,Karnataka,560095,12.9352,77.6245,4,3400.0,10:00-01:00,"ONLINE,UPI,CARD,WALLET",Virtual item laundering & bot-driven micro transactions,0.055,137,38466.71,INR,PURCHASE,UPI,MOBILE_APP,0,0,Bengaluru,11.0,0,0,1,DEV-SOWMIYA-ONEPLUS-11,mobile_android,0,BEN-CUST_SOWMIYA_003-TRUSTED,Trusted Household Vendor,13,0,4,24,0,0,0,None,Resolved Genuine,Standard Habitual Purchase,0
TXN-CUST_SOWMIYA_003-11345,2026-09-15 05:51:29,2026-09-15,05:51:29,5,1,0,1,CUST_SOWMIYA_003,55,Bengaluru,Karnataka,High Risk / 26% Fraud Rate,M013,CartNest Online,E-commerce,Multi-category Marketplace,Chennai,Guindy,Tamil Nadu,600032,13.0067,80.2026,5,6200.0,24_HOURS,"ONLINE,UPI,CARD,NETBANKING",Account takeover + triangulation shipping fraud,0.045,112,18320.62,INR,PURCHASE,ONLINE,MOBILE_APP,0,0,Bengaluru,1.0,0,0,1,DEV-SOWMIYA-ONEPLUS-11,mobile_android,0,BEN-CUST_SOWMIYA_003-TRUSTED,Trusted Household Vendor,9,0,3,15,0,0,0,None,Resolved Genuine,Standard Habitual Purchase,0
TXN-CUST_SOWMIYA_003-11346,2026-09-15 07:17:41,2026-09-15,07:17:41,7,1,0,0,CUST_SOWMIYA_003,55,Bengaluru,Karnataka,High Risk / 26% Fraud Rate,M024,LinkWave Telecom,Telecom Retail,Fiber Broadband & Postpaid Plans,Erode,Perundurai Road,Tamil Nadu,638011,11.341,77.7172,10,1950.0,09:30-20:30,"UPI,CARD,ONLINE,POS",SIM swap bill recharge surges,0.017,42,9572.26,INR,P2P_TRANSFER,POS,WEB_PORTAL,0,0,Unknown Proxy,1316.0,1,1,0,DEV-ROGUE-EMULATOR-255,unknown_bot,1,BEN-MULE-9447,QuickMule Transfer 46,0,7,18,78,5,3,0,Mule-account behavior,Pre-auth Block,Automated high-velocity attack from unknown device,1
TXN-CUST_SOWMIYA_003-11347,2026-09-15 08:44:31,2026-09-15,08:44:31,8,1,0,0,CUST_SOWMIYA_003,55,Bengaluru,Karnataka,High Risk / 26% Fraud Rate,M021,GlowCraft Salon,Salon / Beauty,Spa & Grooming Studio,Chennai,Porur,Tamil Nadu,600116,13.0382,80.1565,5,2800.0,09:00-21:00,"POS,UPI,CARD",Unusual late-night transaction spikes,0.011,27,14488.43,INR,PURCHASE,CARD,MOBILE_APP,1,0,Bengaluru,13.0,0,0,1,DEV-SOWMIYA-ONEPLUS-11,mobile_android,0,BEN-CUST_SOWMIYA_003-TRUSTED,Trusted Household Vendor,13,0,3,17,0,0,0,None,Resolved Genuine,Standard Habitual Purchase,0
TXN-CUST_SOWMIYA_003-11348,2026-09-15 10:13:04,2026-09-15,10:13:04,10,1,0,0,CUST_SOWMIYA_003,55,Bengaluru,Karnataka,High Risk / 26% Fraud Rate,M022,SkillSpring Academy,Education / Training,Professional Certifications & Tech Bootcamps,Chennai,Mylapore,Tamil Nadu,600004,13.0368,80.2676,8,22000.0,08:30-19:30,"ONLINE,NETBANKING,CARD,UPI",Stolen corporate card enrollments,0.028,70,12582.27,INR,PURCHASE,UPI,MOBILE_APP,0,0,Bengaluru,2.0,0,0,1,DEV-SOWMIYA-ONEPLUS-11,mobile_android,0,BEN-CUST_SOWMIYA_003-TRUSTED,Trusted Household Vendor,9,1,1,9,0,0,0,None,Resolved Genuine,Standard Habitual Purchase,0
TXN-CUST_SOWMIYA_003-11349,2026-09-15 11:41:05,2026-09-15,11:41:05,11,1,0,0,CUST_SOWMIYA_003,55,Bengaluru,Karnataka,High Risk / 26% Fraud Rate,M014,OakLine Furnishings,Furniture,Teak Wood & Modern Home Decor,Madurai,Bypass Road,Tamil Nadu,625016,9.932,78.109,12,38000.0,10:00-21:00,"POS,CARD,TRANSFER,EMI",Invoice redirection fraud / fake payment slips,0.029,72,17519.19,INR,PURCHASE,TRANSFER,MOBILE_APP,1,0,Bengaluru,13.0,0,0,1,DEV-SOWMIYA-ONEPLUS-11,mobile_android,0,BEN-CUST_SOWMIYA_003-TRUSTED,Trusted Household Vendor,8,0,3,18,0,0,0,None,Resolved Genuine,Standard Habitual Purchase,0
TXN-CUST_SOWMIYA_003-11350,2026-09-15 13:04:55,2026-09-15,13:04:55,13,1,0,0,CUST_SOWMIYA_003,55,Bengaluru,Karnataka,High Risk / 26% Fraud Rate,M025,ShieldSure Services,Insurance Services,General & Health Insurance Premium,Chennai,Egmore,Tamil Nadu,600008,13.0784,80.2607,13,14000.0,09:30-18:00,"ONLINE,NETBANKING,CARD",Premium diversion / fake policy payment slips,0.019,47,11490.99,INR,PURCHASE,ONLINE,MOBILE_APP,0,0,Bengaluru,11.0,0,0,1,DEV-SOWMIYA-ONEPLUS-11,mobile_android,0,BEN-CUST_SOWMIYA_003-TRUSTED,Trusted Household Vendor,5,0,4,23,0,0,0,None,Resolved Genuine,Standard Habitual Purchase,0
TXN-CUST_SOWMIYA_003-11351,2026-09-15 14:28:46,2026-09-15,14:28:46,14,1,0,0,CUST_SOWMIYA_003,55,Bengaluru,Karnataka,High Risk / 26% Fraud Rate,M027,BrickHarbor Realty,Real Estate / Property Services,Rental Escrow & Facility Management,Chennai,Porur,Tamil Nadu,600116,13.035,80.16,11,65000.0,09:00-19:00,"TRANSFER,NETBANKING,CARD",Security deposit phishing / escrow hijacking,0.039,97,14959.94,INR,PURCHASE,TRANSFER,MOBILE_APP,0,0,Bengaluru,1.0,0,0,1,DEV-SOWMIYA-ONEPLUS-11,mobile_android,0,BEN-CUST_SOWMIYA_003-TRUSTED,Trusted Household Vendor,4,0,4,24,0,0,0,None,Resolved Genuine,Standard Habitual Purchase,0
TXN-CUST_SOWMIYA_003-11352,2026-09-15 15:56:33,2026-09-15,15:56:33,15,1,0,0,CUST_SOWMIYA_003,55,Bengaluru,Karnataka,High Risk / 26% Fraud Rate,M025,ShieldSure Services,Insurance Services,General & Health Insurance Premium,Chennai,Egmore,Tamil Nadu,600008,13.0784,80.2607,13,14000.0,09:30-18:00,"ONLINE,NETBANKING,CARD",Premium diversion / fake policy payment slips,0.019,47,25578.36,INR,PURCHASE,NETBANKING,MOBILE_APP,0,0,Bengaluru,1.0,0,0,1,DEV-SOWMIYA-ONEPLUS-11,mobile_android,0,BEN-CUST_SOWMIYA_003-TRUSTED,Trusted Household Vendor,5,0,1,6,0,0,0,None,Resolved Genuine,Standard Habitual Purchase,0
TXN-CUST_SOWMIYA_003-11353,2026-09-15 17:21:44,2026-09-15,17:21:44,17,1,0,0,CUST_SOWMIYA_003,55,Bengaluru,Karnataka,High Risk / 26% Fraud Rate,M019,ArenaSport World,Sports Retail,Fitness Equipment & Sports Wear,Chennai,Nungambakkam,Tamil Nadu,600034,13.0604,80.2405,6,5600.0,10:00-21:30,"POS,ONLINE,UPI,CARD",Stolen card chargeback on premium sports gear,0.026,65,12001.49,INR,PURCHASE,POS,MOBILE_APP,1,0,Bengaluru,2.0,0,0,1,DEV-SOWMIYA-ONEPLUS-11,mobile_android,0,BEN-CUST_SOWMIYA_003-TRUSTED,Trusted Household Vendor,6,0,3,20,0,0,0,None,Resolved Genuine,Standard Habitual Purchase,0
TXN-CUST_SOWMIYA_003-11354,2026-09-15 18:50:29,2026-09-15,18:50:29,18,1,0,0,CUST_SOWMIYA_003,55,Bengaluru,Karnataka,High Risk / 26% Fraud Rate,M005,UrbanThread Studio,Fashion / Apparel,Designer & Ready-to-wear,Chennai,Anna Nagar,Tamil Nadu,600040,13.085,80.2101,5,4800.0,10:30-22:00,"POS,ONLINE,UPI,CARD",Refund abuse / credential stuffing,0.022,55,42232.14,INR,PURCHASE,CARD,MOBILE_APP,1,0,Bengaluru,5.0,0,0,1,DEV-SOWMIYA-ONEPLUS-11,mobile_android,0,BEN-CUST_SOWMIYA_003-TRUSTED,Trusted Household Vendor,9,1,1,13,0,0,0,None,Resolved Genuine,Standard Habitual Purchase,0
TXN-CUST_SOWMIYA_003-11355,2026-09-15 20:17:09,2026-09-15,20:17:09,20,1,0,0,CUST_SOWMIYA_003,55,Bengaluru,Karnataka,High Risk / 26% Fraud Rate,M010,HarborView Residency,Hotel / Hospitality,Business & Luxury Hotel,Chennai,OMR,Tamil Nadu,600096,12.9165,80.2285,6,9500.0,24_HOURS,"ONLINE,POS,CARD,TRANSFER",Online travel booking fraud with stolen corporate credentials,0.041,102,22325.17,INR,PURCHASE,ONLINE,MOBILE_APP,1,0,Bengaluru,8.0,0,0,1,DEV-SOWMIYA-ONEPLUS-11,mobile_android,0,BEN-CUST_SOWMIYA_003-TRUSTED,Trusted Household Vendor,5,0,2,16,0,0,0,None,Resolved Genuine,Standard Habitual Purchase,0
TXN-CUST_SOWMIYA_003-11356,2026-09-15 21:42:39,2026-09-15,21:42:39,21,1,0,0,CUST_SOWMIYA_003,55,Bengaluru,Karnataka,High Risk / 26% Fraud Rate,M028,CraftCove Home Decor,Home Decor,Handicrafts & Art Pieces,Thanjavur,Medical College Road,Tamil Nadu,613004,10.7684,79.1245,8,7400.0,09:30-20:30,"POS,UPI,CARD,ONLINE",Cross-border tourist chargebacks,0.023,57,17477.34,INR,PURCHASE,UPI,MOBILE_APP,1,0,Bengaluru,11.0,0,0,1,DEV-SOWMIYA-ONEPLUS-11,mobile_android,0,BEN-CUST_SOWMIYA_003-TRUSTED,Trusted Household Vendor,15,0,2,15,0,0,0,None,Resolved Genuine,Standard Habitual Purchase,0
TXN-CUST_SOWMIYA_003-11357,2026-09-15 23:07:39,2026-09-15,23:07:39,23,1,0,1,CUST_SOWMIYA_003,55,Bengaluru,Karnataka,High Risk / 26% Fraud Rate,M009,RapidFuel Station,Fuel Station,"Petrol, Diesel & EV Fast Charge",Salem,Fairlands,Tamil Nadu,636016,11.6643,78.146,9,3100.0,24_HOURS,"POS,FLEET_CARD,UPI",Automated fleet card skimming,0.024,60,40372.11,INR,PURCHASE,POS,MOBILE_APP,1,0,Bengaluru,1.0,0,0,1,DEV-SOWMIYA-ONEPLUS-11,mobile_android,0,BEN-CUST_SOWMIYA_003-TRUSTED,Trusted Household Vendor,13,0,1,13,0,0,0,None,Resolved Genuine,Standard Habitual Purchase,0
TXN-CUST_SOWMIYA_003-11358,2026-09-16 00:35:35,2026-09-16,00:35:35,0,2,0,1,CUST_SOWMIYA_003,55,Bengaluru,Karnataka,High Risk / 26% Fraud Rate,M020,GameGrid Arena,Gaming,"Esports, Consoles & Virtual Credits",Bengaluru,Koramangala,Karnataka,560095,12.9352,77.6245,4,3400.0,10:00-01:00,"ONLINE,UPI,CARD,WALLET",Virtual item laundering & bot-driven micro transactions,0.055,137,7708.27,INR,P2P_TRANSFER,UPI,WEB_PORTAL,0,1,Dubai,4034.0,1,1,0,DEV-ROGUE-EMULATOR-349,unknown_bot,1,BEN-MULE-9861,QuickMule Transfer 53,0,4,25,105,5,4,1,Credential compromise,Pre-auth Block,Automated high-velocity attack from unknown device,1
TXN-CUST_SOWMIYA_003-11359,2026-09-16 02:02:55,2026-09-16,02:02:55,2,2,0,1,CUST_SOWMIYA_003,55,Bengaluru,Karnataka,High Risk / 26% Fraud Rate,M025,ShieldSure Services,Insurance Services,General & Health Insurance Premium,Chennai,Egmore,Tamil Nadu,600008,13.0784,80.2607,13,14000.0,09:30-18:00,"ONLINE,NETBANKING,CARD",Premium diversion / fake policy payment slips,0.019,47,15574.41,INR,PURCHASE,NETBANKING,MOBILE_APP,0,0,Bengaluru,13.0,0,0,1,DEV-SOWMIYA-ONEPLUS-11,mobile_android,0,BEN-CUST_SOWMIYA_003-TRUSTED,Trusted Household Vendor,12,1,4,23,0,0,0,None,Resolved Genuine,Standard Habitual Purchase,0
TXN-CUST_SOWMIYA_003-11360,2026-09-16 03:27:51,2026-09-16,03:27:51,3,2,0,1,CUST_SOWMIYA_003,55,Bengaluru,Karnataka,High Risk / 26% Fraud Rate,M026,GreenLeaf Wellness,Health & Wellness,Organic Nutrition & Ayurveda,Trichy,Srirangam,Tamil Nadu,620006,10.8624,78.6947,6,2100.0,08:00-21:00,"POS,UPI,ONLINE,CARD",Subscription card stuffing,0.013,32,5623.74,INR,P2P_TRANSFER,POS,WEB_PORTAL,0,0,Unknown Proxy,2558.0,1,1,0,DEV-ROGUE-EMULATOR-918,unknown_bot,1,BEN-MULE-3947,QuickMule Transfer 74,0,8,30,127,3,2,1,Account takeover,Pre-auth Block,Automated high-velocity attack from unknown device,1
TXN-CUST_SOWMIYA_003-11361,2026-09-16 04:55:58,2026-09-16,04:55:58,4,2,0,1,CUST_SOWMIYA_003,55,Bengaluru,Karnataka,High Risk / 26% Fraud Rate,M006,MedicoCare Pharmacy,Pharmacy,Medicines & Surgical Supplies,Madurai,KK Nagar,Tamil Nadu,625020,9.9252,78.1498,10,1450.0,24_HOURS,"POS,UPI,CARD,ONLINE",Nighttime micro card testing,0.015,37,13026.51,INR,PURCHASE,POS,MOBILE_APP,1,0,Bengaluru,10.0,0,0,1,DEV-SOWMIYA-ONEPLUS-11,mobile_android,0,BEN-CUST_SOWMIYA_003-TRUSTED,Trusted Household Vendor,5,0,3,21,0,0,0,None,Resolved Genuine,Standard Habitual Purchase,0
TXN-CUST_SOWMIYA_003-11362,2026-09-16 06:24:37,2026-09-16,06:24:37,6,2,0,0,CUST_SOWMIYA_003,55,Bengaluru,Karnataka,High Risk / 26% Fraud Rate,M018,PageTurn Book House,Bookstore,"Academic, Fiction & Stationery",Trichy,Thillai Nagar,Tamil Nadu,620018,10.8282,78.6854,16,850.0,09:00-21:30,"POS,UPI,CARD,ONLINE",Low-value card testing bots,0.008,20,2156.07,INR,P2P_TRANSFER,UPI,WEB_PORTAL,0,1,Lagos,4616.0,1,1,0,DEV-ROGUE-EMULATOR-934,unknown_bot,1,BEN-MULE-1934,QuickMule Transfer 71,0,10,17,72,4,1,0,Account takeover,Pre-auth Block,Automated high-velocity attack from unknown device,1
TXN-CUST_SOWMIYA_003-11363,2026-09-16 07:49:41,2026-09-16,07:49:41,7,2,0,0,CUST_SOWMIYA_003,55,Bengaluru,Karnataka,High Risk / 26% Fraud Rate,M020,GameGrid Arena,Gaming,"Esports, Consoles & Virtual Credits",Bengaluru,Koramangala,Karnataka,560095,12.9352,77.6245,4,3400.0,10:00-01:00,"ONLINE,UPI,CARD,WALLET",Virtual item laundering & bot-driven micro transactions,0.055,137,13566.75,INR,PURCHASE,UPI,MOBILE_APP,0,0,Bengaluru,15.0,0,0,1,DEV-SOWMIYA-ONEPLUS-11,mobile_android,0,BEN-CUST_SOWMIYA_003-TRUSTED,Trusted Household Vendor,3,0,2,12,0,0,0,None,Resolved Genuine,Standard Habitual Purchase,0
TXN-CUST_SOWMIYA_003-11364,2026-09-16 09:15:16,2026-09-16,09:15:16,9,2,0,0,CUST_SOWMIYA_003,55,Bengaluru,Karnataka,High Risk / 26% Fraud Rate,M024,LinkWave Telecom,Telecom Retail,Fiber Broadband & Postpaid Plans,Erode,Perundurai Road,Tamil Nadu,638011,11.341,77.7172,10,1950.0,09:30-20:30,"UPI,CARD,ONLINE,POS",SIM swap bill recharge surges,0.017,42,37243.79,INR,PURCHASE,CARD,MOBILE_APP,1,0,Bengaluru,8.0,0,0,1,DEV-SOWMIYA-ONEPLUS-11,mobile_android,0,BEN-CUST_SOWMIYA_003-TRUSTED,Trusted Household Vendor,5,0,4,26,0,0,0,None,Resolved Genuine,Standard Habitual Purchase,0
TXN-CUST_SOWMIYA_003-11365,2026-09-16 10:40:03,2026-09-16,10:40:03,10,2,0,0,CUST_SOWMIYA_003,55,Bengaluru,Karnataka,High Risk / 26% Fraud Rate,M010,HarborView Residency,Hotel / Hospitality,Business & Luxury Hotel,Chennai,OMR,Tamil Nadu,600096,12.9165,80.2285,6,9500.0,24_HOURS,"ONLINE,POS,CARD,TRANSFER",Online travel booking fraud with stolen corporate credentials,0.041,102,21512.52,INR,PURCHASE,TRANSFER,MOBILE_APP,1,0,Bengaluru,13.0,0,0,1,DEV-SOWMIYA-ONEPLUS-11,mobile_android,0,BEN-CUST_SOWMIYA_003-TRUSTED,Trusted Household Vendor,10,0,2,15,0,0,0,None,Resolved Genuine,Standard Habitual Purchase,0
TXN-CUST_SOWMIYA_003-11366,2026-09-16 12:05:00,2026-09-16,12:05:00,12,2,0,0,CUST_SOWMIYA_003,55,Bengaluru,Karnataka,High Risk / 26% Fraud Rate,M020,GameGrid Arena,Gaming,"Esports, Consoles & Virtual Credits",Bengaluru,Koramangala,Karnataka,560095,12.9352,77.6245,4,3400.0,10:00-01:00,"ONLINE,UPI,CARD,WALLET",Virtual item laundering & bot-driven micro transactions,0.055,137,8949.51,INR,P2P_TRANSFER,CARD,WEB_PORTAL,0,0,Unknown Proxy,4119.0,1,1,0,DEV-ROGUE-EMULATOR-848,unknown_bot,1,BEN-MULE-9564,QuickMule Transfer 62,0,12,12,51,3,2,0,Credential compromise,Pre-auth Block,Automated high-velocity attack from unknown device,1
TXN-CUST_SOWMIYA_003-11367,2026-09-16 13:30:07,2026-09-16,13:30:07,13,2,0,0,CUST_SOWMIYA_003,55,Bengaluru,Karnataka,High Risk / 26% Fraud Rate,M014,OakLine Furnishings,Furniture,Teak Wood & Modern Home Decor,Madurai,Bypass Road,Tamil Nadu,625016,9.932,78.109,12,38000.0,10:00-21:00,"POS,CARD,TRANSFER,EMI",Invoice redirection fraud / fake payment slips,0.029,72,33813.33,INR,PURCHASE,TRANSFER,MOBILE_APP,1,0,Bengaluru,14.0,0,0,1,DEV-SOWMIYA-ONEPLUS-11,mobile_android,0,BEN-CUST_SOWMIYA_003-TRUSTED,Trusted Household Vendor,11,1,1,6,0,0,0,None,Resolved Genuine,Standard Habitual Purchase,0
TXN-CUST_SOWMIYA_003-11368,2026-09-16 14:55:31,2026-09-16,14:55:31,14,2,0,0,CUST_SOWMIYA_003,55,Bengaluru,Karnataka,High Risk / 26% Fraud Rate,M002,CircuitBay Electronics,Consumer Electronics,Laptops & Gadgets,Chennai,Velachery,Tamil Nadu,600042,12.9759,80.2212,6,32000.0,10:00-21:30,"POS,ONLINE,EMI,UPI",Stolen payment details / high-ticket electronics delivery,0.048,120,37185.05,INR,PURCHASE,POS,MOBILE_APP,1,0,Bengaluru,5.0,0,0,1,DEV-SOWMIYA-ONEPLUS-11,mobile_android,0,BEN-CUST_SOWMIYA_003-TRUSTED,Trusted Household Vendor,13,0,4,23,0,0,0,None,Resolved Genuine,Standard Habitual Purchase,0
TXN-CUST_SOWMIYA_003-11369,2026-09-16 16:22:26,2026-09-16,16:22:26,16,2,0,0,CUST_SOWMIYA_003,55,Bengaluru,Karnataka,High Risk / 26% Fraud Rate,M027,BrickHarbor Realty,Real Estate / Property Services,Rental Escrow & Facility Management,Chennai,Porur,Tamil Nadu,600116,13.035,80.16,11,65000.0,09:00-19:00,"TRANSFER,NETBANKING,CARD",Security deposit phishing / escrow hijacking,0.039,97,22171.4,INR,PURCHASE,NETBANKING,MOBILE_APP,0,0,Bengaluru,9.0,0,0,1,DEV-SOWMIYA-ONEPLUS-11,mobile_android,0,BEN-CUST_SOWMIYA_003-TRUSTED,Trusted Household Vendor,10,1,2,12,0,0,0,None,Resolved Genuine,Standard Habitual Purchase,0
TXN-CUST_SOWMIYA_003-11370,2026-09-16 17:46:27,2026-09-16,17:46:27,17,2,0,0,CUST_SOWMIYA_003,55,Bengaluru,Karnataka,High Risk / 26% Fraud Rate,M020,GameGrid Arena,Gaming,"Esports, Consoles & Virtual Credits",Bengaluru,Koramangala,Karnataka,560095,12.9352,77.6245,4,3400.0,10:00-01:00,"ONLINE,UPI,CARD,WALLET",Virtual item laundering & bot-driven micro transactions,0.055,137,13177.91,INR,PURCHASE,UPI,MOBILE_APP,0,0,Bengaluru,5.0,0,0,1,DEV-SOWMIYA-ONEPLUS-11,mobile_android,0,BEN-CUST_SOWMIYA_003-TRUSTED,Trusted Household Vendor,12,0,4,19,0,0,0,None,Resolved Genuine,Standard Habitual Purchase,0
TXN-CUST_SOWMIYA_003-11371,2026-09-16 19:14:00,2026-09-16,19:14:00,19,2,0,0,CUST_SOWMIYA_003,55,Bengaluru,Karnataka,High Risk / 26% Fraud Rate,M016,MotoCare Garage,Auto Service,Car Service & Detailing Hub,Chennai,Pallikaranai,Tamil Nadu,600100,12.9372,80.2014,7,8900.0,08:30-20:30,"POS,UPI,CARD",Over-invoicing / synthetic card payments,0.021,52,31651.87,INR,P2P_TRANSFER,UPI,WEB_PORTAL,0,1,Dubai,1442.0,1,1,0,DEV-ROGUE-EMULATOR-357,unknown_bot,1,BEN-MULE-9259,QuickMule Transfer 98,0,7,34,146,4,3,1,Account takeover,Pre-auth Block,Automated high-velocity attack from unknown device,1
TXN-CUST_SOWMIYA_003-11372,2026-09-16 20:39:47,2026-09-16,20:39:47,20,2,0,0,CUST_SOWMIYA_003,55,Bengaluru,Karnataka,High Risk / 26% Fraud Rate,M022,SkillSpring Academy,Education / Training,Professional Certifications & Tech Bootcamps,Chennai,Mylapore,Tamil Nadu,600004,13.0368,80.2676,8,22000.0,08:30-19:30,"ONLINE,NETBANKING,CARD,UPI",Stolen corporate card enrollments,0.028,70,94865.62,INR,P2P_TRANSFER,UPI,WEB_PORTAL,0,1,Singapore,3478.0,1,1,0,DEV-ROGUE-EMULATOR-590,unknown_bot,1,BEN-MULE-4590,QuickMule Transfer 60,0,10,24,98,5,1,1,Mule-account behavior,Pre-auth Block,Automated high-velocity attack from unknown device,1
TXN-CUST_SOWMIYA_003-11373,2026-09-16 22:07:47,2026-09-16,22:07:47,22,2,0,0,CUST_SOWMIYA_003,55,Bengaluru,Karnataka,High Risk / 26% Fraud Rate,M028,CraftCove Home Decor,Home Decor,Handicrafts & Art Pieces,Thanjavur,Medical College Road,Tamil Nadu,613004,10.7684,79.1245,8,7400.0,09:30-20:30,"POS,UPI,CARD,ONLINE",Cross-border tourist chargebacks,0.023,57,41552.29,INR,PURCHASE,POS,MOBILE_APP,1,0,Bengaluru,8.0,0,0,1,DEV-SOWMIYA-ONEPLUS-11,mobile_android,0,BEN-CUST_SOWMIYA_003-TRUSTED,Trusted Household Vendor,3,0,2,18,0,0,0,None,Resolved Genuine,Standard Habitual Purchase,0
TXN-CUST_SOWMIYA_003-11374,2026-09-16 23:31:12,2026-09-16,23:31:12,23,2,0,1,CUST_SOWMIYA_003,55,Bengaluru,Karnataka,High Risk / 26% Fraud Rate,M014,OakLine Furnishings,Furniture,Teak Wood & Modern Home Decor,Madurai,Bypass Road,Tamil Nadu,625016,9.932,78.109,12,38000.0,10:00-21:00,"POS,CARD,TRANSFER,EMI",Invoice redirection fraud / fake payment slips,0.029,72,29073.12,INR,PURCHASE,CARD,MOBILE_APP,1,0,Bengaluru,4.0,0,0,1,DEV-SOWMIYA-ONEPLUS-11,mobile_android,0,BEN-CUST_SOWMIYA_003-TRUSTED,Trusted Household Vendor,8,0,2,18,0,0,0,None,Resolved Genuine,Standard Habitual Purchase,0
TXN-CUST_SOWMIYA_003-11375,2026-09-17 00:58:40,2026-09-17,00:58:40,0,3,0,1,CUST_SOWMIYA_003,55,Bengaluru,Karnataka,High Risk / 26% Fraud Rate,M019,ArenaSport World,Sports Retail,Fitness Equipment & Sports Wear,Chennai,Nungambakkam,Tamil Nadu,600034,13.0604,80.2405,6,5600.0,10:00-21:30,"POS,ONLINE,UPI,CARD",Stolen card chargeback on premium sports gear,0.026,65,32780.13,INR,PURCHASE,UPI,MOBILE_APP,1,0,Bengaluru,1.0,0,0,1,DEV-SOWMIYA-ONEPLUS-11,mobile_android,0,BEN-CUST_SOWMIYA_003-TRUSTED,Trusted Household Vendor,15,0,2,11,0,0,0,None,Resolved Genuine,Standard Habitual Purchase,0
TXN-CUST_SOWMIYA_003-11376,2026-09-17 02:24:29,2026-09-17,02:24:29,2,3,0,1,CUST_SOWMIYA_003,55,Bengaluru,Karnataka,High Risk / 26% Fraud Rate,M005,UrbanThread Studio,Fashion / Apparel,Designer & Ready-to-wear,Chennai,Anna Nagar,Tamil Nadu,600040,13.085,80.2101,5,4800.0,10:30-22:00,"POS,ONLINE,UPI,CARD",Refund abuse / credential stuffing,0.022,55,18727.49,INR,P2P_TRANSFER,POS,WEB_PORTAL,0,1,Singapore,5157.0,1,1,0,DEV-ROGUE-EMULATOR-825,unknown_bot,1,BEN-MULE-5745,QuickMule Transfer 81,0,11,23,97,3,4,1,Mule-account behavior,Pre-auth Block,Automated high-velocity attack from unknown device,1
TXN-CUST_SOWMIYA_003-11377,2026-09-17 03:51:53,2026-09-17,03:51:53,3,3,0,1,CUST_SOWMIYA_003,55,Bengaluru,Karnataka,High Risk / 26% Fraud Rate,M004,Aurelia Gold House,Jewellery,Gold & Diamond Jewellery,Coimbatore,RS Puram,Tamil Nadu,641002,11.0089,76.9514,14,78000.0,10:00-20:30,"POS,CARD,TRANSFER",Account takeover / card-not-present luxury surge,0.065,162,214471.61,INR,P2P_TRANSFER,CARD,WEB_PORTAL,0,0,Unknown Proxy,1769.0,1,1,0,DEV-ROGUE-EMULATOR-581,unknown_bot,1,BEN-MULE-2098,QuickMule Transfer 41,0,11,22,93,3,3,0,Mule-account behavior,Pre-auth Block,Automated high-velocity attack from unknown device,1
TXN-CUST_SOWMIYA_003-11378,2026-09-17 05:18:12,2026-09-17,05:18:12,5,3,0,1,CUST_SOWMIYA_003,55,Bengaluru,Karnataka,High Risk / 26% Fraud Rate,M029,CloudDesk Digital,Software / Digital Services,Cloud Infrastructure & SaaS Tools,Bengaluru,Whitefield,Karnataka,560066,12.9698,77.7499,7,19800.0,24_HOURS,"ONLINE,CARD,TRANSFER",Cryptomining VM rental with stolen credit cards,0.058,145,20553.01,INR,PURCHASE,TRANSFER,MOBILE_APP,0,0,Bengaluru,10.0,0,0,1,DEV-SOWMIYA-ONEPLUS-11,mobile_android,0,BEN-CUST_SOWMIYA_003-TRUSTED,Trusted Household Vendor,15,0,2,13,0,0,0,None,Resolved Genuine,Standard Habitual Purchase,0
TXN-CUST_SOWMIYA_003-11379,2026-09-17 06:41:40,2026-09-17,06:41:40,6,3,0,0,CUST_SOWMIYA_003,55,Bengaluru,Karnataka,High Risk / 26% Fraud Rate,M020,GameGrid Arena,Gaming,"Esports, Consoles & Virtual Credits",Bengaluru,Koramangala,Karnataka,560095,12.9352,77.6245,4,3400.0,10:00-01:00,"ONLINE,UPI,CARD,WALLET",Virtual item laundering & bot-driven micro transactions,0.055,137,9767.94,INR,P2P_TRANSFER,CARD,WEB_PORTAL,0,1,Lagos,4453.0,1,1,0,DEV-ROGUE-EMULATOR-475,unknown_bot,1,BEN-MULE-8667,QuickMule Transfer 40,0,4,28,114,6,3,1,Credential compromise,Pre-auth Block,Automated high-velocity attack from unknown device,1
TXN-CUST_SOWMIYA_003-11380,2026-09-17 08:05:38,2026-09-17,08:05:38,8,3,0,0,CUST_SOWMIYA_003,55,Bengaluru,Karnataka,High Risk / 26% Fraud Rate,M009,RapidFuel Station,Fuel Station,"Petrol, Diesel & EV Fast Charge",Salem,Fairlands,Tamil Nadu,636016,11.6643,78.146,9,3100.0,24_HOURS,"POS,FLEET_CARD,UPI",Automated fleet card skimming,0.024,60,32583.52,INR,PURCHASE,FLEET_CARD,MOBILE_APP,1,0,Bengaluru,10.0,0,0,1,DEV-SOWMIYA-ONEPLUS-11,mobile_android,0,BEN-CUST_SOWMIYA_003-TRUSTED,Trusted Household Vendor,10,0,3,18,0,0,0,None,Resolved Genuine,Standard Habitual Purchase,0
TXN-CUST_SOWMIYA_003-11381,2026-09-17 09:33:24,2026-09-17,09:33:24,9,3,0,0,CUST_SOWMIYA_003,55,Bengaluru,Karnataka,High Risk / 26% Fraud Rate,M007,SpiceRoute Kitchen,Restaurant,Fine Dining & Chettinad,Chennai,Adyar,Tamil Nadu,600020,13.0012,80.2565,7,2200.0,11:30-23:30,"POS,UPI,CARD",Cloned card POS terminal replay,0.018,45,34381.11,INR,PURCHASE,UPI,MOBILE_APP,1,0,Bengaluru,11.0,0,0,1,DEV-SOWMIYA-ONEPLUS-11,mobile_android,0,BEN-CUST_SOWMIYA_003-TRUSTED,Trusted Household Vendor,3,0,4,18,0,0,0,None,Resolved Genuine,Standard Habitual Purchase,0
TXN-CUST_SOWMIYA_003-11382,2026-09-17 11:00:15,2026-09-17,11:00:15,11,3,0,0,CUST_SOWMIYA_003,55,Bengaluru,Karnataka,High Risk / 26% Fraud Rate,M014,OakLine Furnishings,Furniture,Teak Wood & Modern Home Decor,Madurai,Bypass Road,Tamil Nadu,625016,9.932,78.109,12,38000.0,10:00-21:00,"POS,CARD,TRANSFER,EMI",Invoice redirection fraud / fake payment slips,0.029,72,27091.68,INR,PURCHASE,EMI,MOBILE_APP,1,0,Bengaluru,2.0,0,0,1,DEV-SOWMIYA-ONEPLUS-11,mobile_android,0,BEN-CUST_SOWMIYA_003-TRUSTED,Trusted Household Vendor,15,0,3,19,0,0,0,None,Resolved Genuine,Standard Habitual Purchase,0
TXN-CUST_SOWMIYA_003-11383,2026-09-17 12:27:06,2026-09-17,12:27:06,12,3,0,0,CUST_SOWMIYA_003,55,Bengaluru,Karnataka,High Risk / 26% Fraud Rate,M015,HomeSphere Appliances,Home Appliances,"Refrigerators, ACs & Kitchen Tech",Coimbatore,Saibaba Colony,Tamil Nadu,641011,11.0315,76.945,9,27500.0,09:30-21:00,"POS,EMI,CARD,UPI",Carding attacks with immediate in-store pickup,0.038,95,107439.12,INR,P2P_TRANSFER,POS,WEB_PORTAL,0,1,Dubai,2843.0,1,1,0,DEV-ROGUE-EMULATOR-196,unknown_bot,1,BEN-MULE-7577,QuickMule Transfer 79,0,8,12,50,4,4,1,Card testing,Pre-auth Block,Automated high-velocity attack from unknown device,1
TXN-CUST_SOWMIYA_003-11384,2026-09-17 13:53:37,2026-09-17,13:53:37,13,3,0,0,CUST_SOWMIYA_003,55,Bengaluru,Karnataka,High Risk / 26% Fraud Rate,M024,LinkWave Telecom,Telecom Retail,Fiber Broadband & Postpaid Plans,Erode,Perundurai Road,Tamil Nadu,638011,11.341,77.7172,10,1950.0,09:30-20:30,"UPI,CARD,ONLINE,POS",SIM swap bill recharge surges,0.017,42,5891.63,INR,P2P_TRANSFER,POS,WEB_PORTAL,0,1,Moscow,3770.0,1,1,0,DEV-ROGUE-EMULATOR-212,unknown_bot,1,BEN-MULE-3646,QuickMule Transfer 23,0,10,31,133,4,2,1,Account takeover,Pre-auth Block,Automated high-velocity attack from unknown device,1
TXN-CUST_SOWMIYA_003-11385,2026-09-17 15:21:49,2026-09-17,15:21:49,15,3,0,0,CUST_SOWMIYA_003,55,Bengaluru,Karnataka,High Risk / 26% Fraud Rate,M022,SkillSpring Academy,Education / Training,Professional Certifications & Tech Bootcamps,Chennai,Mylapore,Tamil Nadu,600004,13.0368,80.2676,8,22000.0,08:30-19:30,"ONLINE,NETBANKING,CARD,UPI",Stolen corporate card enrollments,0.028,70,107097.87,INR,P2P_TRANSFER,CARD,WEB_PORTAL,0,0,Unknown Proxy,2026.0,1,1,0,DEV-ROGUE-EMULATOR-690,unknown_bot,1,BEN-MULE-7720,QuickMule Transfer 41,0,10,22,91,6,4,1,Mule-account behavior,Pre-auth Block,Automated high-velocity attack from unknown device,1
TXN-CUST_SOWMIYA_003-11386,2026-09-17 16:45:56,2026-09-17,16:45:56,16,3,0,0,CUST_SOWMIYA_003,55,Bengaluru,Karnataka,High Risk / 26% Fraud Rate,M009,RapidFuel Station,Fuel Station,"Petrol, Diesel & EV Fast Charge",Salem,Fairlands,Tamil Nadu,636016,11.6643,78.146,9,3100.0,24_HOURS,"POS,FLEET_CARD,UPI",Automated fleet card skimming,0.024,60,10636.19,INR,P2P_TRANSFER,POS,WEB_PORTAL,0,1,Moscow,4880.0,1,1,0,DEV-ROGUE-EMULATOR-669,unknown_bot,1,BEN-MULE-3618,QuickMule Transfer 80,0,5,16,74,5,3,0,Credential compromise,Pre-auth Block,Automated high-velocity attack from unknown device,1
TXN-CUST_SOWMIYA_003-11387,2026-09-17 18:15:09,2026-09-17,18:15:09,18,3,0,0,CUST_SOWMIYA_003,55,Bengaluru,Karnataka,High Risk / 26% Fraud Rate,M027,BrickHarbor Realty,Real Estate / Property Services,Rental Escrow & Facility Management,Chennai,Porur,Tamil Nadu,600116,13.035,80.16,11,65000.0,09:00-19:00,"TRANSFER,NETBANKING,CARD",Security deposit phishing / escrow hijacking,0.039,97,37740.8,INR,PURCHASE,CARD,MOBILE_APP,0,0,Bengaluru,14.0,0,0,1,DEV-SOWMIYA-ONEPLUS-11,mobile_android,0,BEN-CUST_SOWMIYA_003-TRUSTED,Trusted Household Vendor,15,1,4,26,0,0,0,None,Resolved Genuine,Standard Habitual Purchase,0
TXN-CUST_SOWMIYA_003-11388,2026-09-17 19:41:36,2026-09-17,19:41:36,19,3,0,0,CUST_SOWMIYA_003,55,Bengaluru,Karnataka,High Risk / 26% Fraud Rate,M021,GlowCraft Salon,Salon / Beauty,Spa & Grooming Studio,Chennai,Porur,Tamil Nadu,600116,13.0382,80.1565,5,2800.0,09:00-21:00,"POS,UPI,CARD",Unusual late-night transaction spikes,0.011,27,17029.49,INR,PURCHASE,UPI,MOBILE_APP,1,0,Bengaluru,10.0,0,0,1,DEV-SOWMIYA-ONEPLUS-11,mobile_android,0,BEN-CUST_SOWMIYA_003-TRUSTED,Trusted Household Vendor,12,0,1,6,0,0,0,None,Resolved Genuine,Standard Habitual Purchase,0
TXN-CUST_SOWMIYA_003-11389,2026-09-17 21:08:50,2026-09-17,21:08:50,21,3,0,0,CUST_SOWMIYA_003,55,Bengaluru,Karnataka,High Risk / 26% Fraud Rate,M010,HarborView Residency,Hotel / Hospitality,Business & Luxury Hotel,Chennai,OMR,Tamil Nadu,600096,12.9165,80.2285,6,9500.0,24_HOURS,"ONLINE,POS,CARD,TRANSFER",Online travel booking fraud with stolen corporate credentials,0.041,102,14817.28,INR,PURCHASE,POS,MOBILE_APP,1,0,Bengaluru,12.0,0,0,1,DEV-SOWMIYA-ONEPLUS-11,mobile_android,0,BEN-CUST_SOWMIYA_003-TRUSTED,Trusted Household Vendor,8,0,3,21,0,0,0,None,Resolved Genuine,Standard Habitual Purchase,0
TXN-CUST_SOWMIYA_003-11390,2026-09-17 22:36:31,2026-09-17,22:36:31,22,3,0,0,CUST_SOWMIYA_003,55,Bengaluru,Karnataka,High Risk / 26% Fraud Rate,M002,CircuitBay Electronics,Consumer Electronics,Laptops & Gadgets,Chennai,Velachery,Tamil Nadu,600042,12.9759,80.2212,6,32000.0,10:00-21:30,"POS,ONLINE,EMI,UPI",Stolen payment details / high-ticket electronics delivery,0.048,120,35550.58,INR,PURCHASE,POS,MOBILE_APP,1,0,Bengaluru,5.0,0,0,1,DEV-SOWMIYA-ONEPLUS-11,mobile_android,0,BEN-CUST_SOWMIYA_003-TRUSTED,Trusted Household Vendor,6,0,4,26,0,0,0,None,Resolved Genuine,Standard Habitual Purchase,0
TXN-CUST_SOWMIYA_003-11391,2026-09-18 00:01:50,2026-09-18,00:01:50,0,4,0,1,CUST_SOWMIYA_003,55,Bengaluru,Karnataka,High Risk / 26% Fraud Rate,M019,ArenaSport World,Sports Retail,Fitness Equipment & Sports Wear,Chennai,Nungambakkam,Tamil Nadu,600034,13.0604,80.2405,6,5600.0,10:00-21:30,"POS,ONLINE,UPI,CARD",Stolen card chargeback on premium sports gear,0.026,65,27544.38,INR,P2P_TRANSFER,UPI,WEB_PORTAL,0,1,Moscow,2209.0,1,1,0,DEV-ROGUE-EMULATOR-122,unknown_bot,1,BEN-MULE-2564,QuickMule Transfer 44,0,10,31,126,4,3,1,Mule-account behavior,Pre-auth Block,Automated high-velocity attack from unknown device,1
TXN-CUST_SOWMIYA_003-11392,2026-09-18 01:25:16,2026-09-18,01:25:16,1,4,0,1,CUST_SOWMIYA_003,55,Bengaluru,Karnataka,High Risk / 26% Fraud Rate,M024,LinkWave Telecom,Telecom Retail,Fiber Broadband & Postpaid Plans,Erode,Perundurai Road,Tamil Nadu,638011,11.341,77.7172,10,1950.0,09:30-20:30,"UPI,CARD,ONLINE,POS",SIM swap bill recharge surges,0.017,42,36510.83,INR,PURCHASE,UPI,MOBILE_APP,1,0,Bengaluru,1.0,0,0,1,DEV-SOWMIYA-ONEPLUS-11,mobile_android,0,BEN-CUST_SOWMIYA_003-TRUSTED,Trusted Household Vendor,9,0,3,16,0,0,0,None,Resolved Genuine,Standard Habitual Purchase,0
TXN-CUST_SOWMIYA_003-11393,2026-09-18 02:50:06,2026-09-18,02:50:06,2,4,0,1,CUST_SOWMIYA_003,55,Bengaluru,Karnataka,High Risk / 26% Fraud Rate,M028,CraftCove Home Decor,Home Decor,Handicrafts & Art Pieces,Thanjavur,Medical College Road,Tamil Nadu,613004,10.7684,79.1245,8,7400.0,09:30-20:30,"POS,UPI,CARD,ONLINE",Cross-border tourist chargebacks,0.023,57,45423.97,INR,PURCHASE,POS,MOBILE_APP,1,0,Bengaluru,1.0,0,0,1,DEV-SOWMIYA-ONEPLUS-11,mobile_android,0,BEN-CUST_SOWMIYA_003-TRUSTED,Trusted Household Vendor,15,0,3,21,0,0,0,None,Resolved Genuine,Standard Habitual Purchase,0
TXN-CUST_SOWMIYA_003-11394,2026-09-18 04:18:07,2026-09-18,04:18:07,4,4,0,1,CUST_SOWMIYA_003,55,Bengaluru,Karnataka,High Risk / 26% Fraud Rate,M020,GameGrid Arena,Gaming,"Esports, Consoles & Virtual Credits",Bengaluru,Koramangala,Karnataka,560095,12.9352,77.6245,4,3400.0,10:00-01:00,"ONLINE,UPI,CARD,WALLET",Virtual item laundering & bot-driven micro transactions,0.055,137,28030.34,INR,PURCHASE,CARD,MOBILE_APP,0,0,Bengaluru,10.0,0,0,1,DEV-SOWMIYA-ONEPLUS-11,mobile_android,0,BEN-CUST_SOWMIYA_003-TRUSTED,Trusted Household Vendor,5,0,2,14,0,0,0,None,Resolved Genuine,Standard Habitual Purchase,0
TXN-CUST_SOWMIYA_003-11395,2026-09-18 05:42:26,2026-09-18,05:42:26,5,4,0,1,CUST_SOWMIYA_003,55,Bengaluru,Karnataka,High Risk / 26% Fraud Rate,M007,SpiceRoute Kitchen,Restaurant,Fine Dining & Chettinad,Chennai,Adyar,Tamil Nadu,600020,13.0012,80.2565,7,2200.0,11:30-23:30,"POS,UPI,CARD",Cloned card POS terminal replay,0.018,45,36798.31,INR,PURCHASE,CARD,MOBILE_APP,1,0,Bengaluru,5.0,0,0,1,DEV-SOWMIYA-ONEPLUS-11,mobile_android,0,BEN-CUST_SOWMIYA_003-TRUSTED,Trusted Household Vendor,12,0,4,20,0,0,0,None,Resolved Genuine,Standard Habitual Purchase,0
TXN-CUST_SOWMIYA_003-11396,2026-09-18 07:11:13,2026-09-18,07:11:13,7,4,0,0,CUST_SOWMIYA_003,55,Bengaluru,Karnataka,High Risk / 26% Fraud Rate,M012,DashDine Delivery,Food Delivery,Quick Commerce & Meal Delivery,Chennai,Sholinganallur,Tamil Nadu,600119,12.901,80.2279,4,520.0,06:00-02:00,"UPI,CARD,ONLINE,WALLET",Promo code abuse / stolen wallet balances,0.014,35,2304.38,INR,P2P_TRANSFER,WALLET,WEB_PORTAL,0,0,Unknown Proxy,5135.0,1,1,0,DEV-ROGUE-EMULATOR-757,unknown_bot,1,BEN-MULE-8296,QuickMule Transfer 56,0,7,25,110,5,3,0,Account takeover,Pre-auth Block,Automated high-velocity attack from unknown device,1
TXN-CUST_SOWMIYA_003-11397,2026-09-18 08:38:49,2026-09-18,08:38:49,8,4,0,0,CUST_SOWMIYA_003,55,Bengaluru,Karnataka,High Risk / 26% Fraud Rate,M022,SkillSpring Academy,Education / Training,Professional Certifications & Tech Bootcamps,Chennai,Mylapore,Tamil Nadu,600004,13.0368,80.2676,8,22000.0,08:30-19:30,"ONLINE,NETBANKING,CARD,UPI",Stolen corporate card enrollments,0.028,70,107212.58,INR,P2P_TRANSFER,UPI,WEB_PORTAL,0,1,Dubai,1690.0,1,1,0,DEV-ROGUE-EMULATOR-595,unknown_bot,1,BEN-MULE-1903,QuickMule Transfer 65,0,9,18,81,6,2,1,Card testing,Pre-auth Block,Automated high-velocity attack from unknown device,1
TXN-CUST_SOWMIYA_003-11398,2026-09-18 10:02:57,2026-09-18,10:02:57,10,4,0,0,CUST_SOWMIYA_003,55,Bengaluru,Karnataka,High Risk / 26% Fraud Rate,M011,SkyTrail Travels,Travel Agency,Flight & International Tour Packages,Coimbatore,Gandhipuram,Tamil Nadu,641012,11.0183,76.9664,11,44000.0,09:00-20:00,"ONLINE,TRANSFER,CARD",Mule-account ticket arbitrage & fast cancellation fraud,0.052,130,18070.35,INR,PURCHASE,TRANSFER,MOBILE_APP,0,0,Bengaluru,7.0,0,0,1,DEV-SOWMIYA-ONEPLUS-11,mobile_android,0,BEN-CUST_SOWMIYA_003-TRUSTED,Trusted Household Vendor,10,1,1,9,0,0,0,None,Resolved Genuine,Standard Habitual Purchase,0
TXN-CUST_SOWMIYA_003-11399,2026-09-18 11:30:33,2026-09-18,11:30:33,11,4,0,0,CUST_SOWMIYA_003,55,Bengaluru,Karnataka,High Risk / 26% Fraud Rate,M009,RapidFuel Station,Fuel Station,"Petrol, Diesel & EV Fast Charge",Salem,Fairlands,Tamil Nadu,636016,11.6643,78.146,9,3100.0,24_HOURS,"POS,FLEET_CARD,UPI",Automated fleet card skimming,0.024,60,13495.35,INR,PURCHASE,POS,MOBILE_APP,1,0,Bengaluru,15.0,0,0,1,DEV-SOWMIYA-ONEPLUS-11,mobile_android,0,BEN-CUST_SOWMIYA_003-TRUSTED,Trusted Household Vendor,15,1,4,18,0,0,0,None,Resolved Genuine,Standard Habitual Purchase,0
TXN-CUST_SOWMIYA_003-11400,2026-09-18 12:55:43,2026-09-18,12:55:43,12,4,0,0,CUST_SOWMIYA_003,55,Bengaluru,Karnataka,High Risk / 26% Fraud Rate,M007,SpiceRoute Kitchen,Restaurant,Fine Dining & Chettinad,Chennai,Adyar,Tamil Nadu,600020,13.0012,80.2565,7,2200.0,11:30-23:30,"POS,UPI,CARD",Cloned card POS terminal replay,0.018,45,7359.49,INR,P2P_TRANSFER,CARD,WEB_PORTAL,0,1,Moscow,5008.0,1,1,0,DEV-ROGUE-EMULATOR-506,unknown_bot,1,BEN-MULE-3551,QuickMule Transfer 67,0,9,16,73,5,1,1,Account takeover,Pre-auth Block,Automated high-velocity attack from unknown device,1
TXN-CUST_SOWMIYA_003-11401,2026-09-18 14:19:44,2026-09-18,14:19:44,14,4,0,0,CUST_SOWMIYA_003,55,Bengaluru,Karnataka,High Risk / 26% Fraud Rate,M014,OakLine Furnishings,Furniture,Teak Wood & Modern Home Decor,Madurai,Bypass Road,Tamil Nadu,625016,9.932,78.109,12,38000.0,10:00-21:00,"POS,CARD,TRANSFER,EMI",Invoice redirection fraud / fake payment slips,0.029,72,18684.28,INR,PURCHASE,EMI,MOBILE_APP,1,0,Bengaluru,6.0,0,0,1,DEV-SOWMIYA-ONEPLUS-11,mobile_android,0,BEN-CUST_SOWMIYA_003-TRUSTED,Trusted Household Vendor,5,1,3,16,0,0,0,None,Resolved Genuine,Standard Habitual Purchase,0
TXN-CUST_SOWMIYA_003-11402,2026-09-18 15:46:33,2026-09-18,15:46:33,15,4,0,0,CUST_SOWMIYA_003,55,Bengaluru,Karnataka,High Risk / 26% Fraud Rate,M020,GameGrid Arena,Gaming,"Esports, Consoles & Virtual Credits",Bengaluru,Koramangala,Karnataka,560095,12.9352,77.6245,4,3400.0,10:00-01:00,"ONLINE,UPI,CARD,WALLET",Virtual item laundering & bot-driven micro transactions,0.055,137,42753.68,INR,PURCHASE,WALLET,MOBILE_APP,0,0,Bengaluru,12.0,0,0,1,DEV-SOWMIYA-ONEPLUS-11,mobile_android,0,BEN-CUST_SOWMIYA_003-TRUSTED,Trusted Household Vendor,10,0,1,13,0,0,0,None,Resolved Genuine,Standard Habitual Purchase,0
TXN-CUST_SOWMIYA_003-11403,2026-09-18 17:12:20,2026-09-18,17:12:20,17,4,0,0,CUST_SOWMIYA_003,55,Bengaluru,Karnataka,High Risk / 26% Fraud Rate,M028,CraftCove Home Decor,Home Decor,Handicrafts & Art Pieces,Thanjavur,Medical College Road,Tamil Nadu,613004,10.7684,79.1245,8,7400.0,09:30-20:30,"POS,UPI,CARD,ONLINE",Cross-border tourist chargebacks,0.023,57,17143.89,INR,PURCHASE,CARD,MOBILE_APP,1,0,Bengaluru,15.0,0,0,1,DEV-SOWMIYA-ONEPLUS-11,mobile_android,0,BEN-CUST_SOWMIYA_003-TRUSTED,Trusted Household Vendor,14,0,2,14,0,0,0,None,Resolved Genuine,Standard Habitual Purchase,0
TXN-CUST_SOWMIYA_003-11404,2026-09-18 18:37:12,2026-09-18,18:37:12,18,4,0,0,CUST_SOWMIYA_003,55,Bengaluru,Karnataka,High Risk / 26% Fraud Rate,M003,Pulse Mobile Hub,Mobile Store,Smartphones & Accessories,Chennai,Tambaram,Tamil Nadu,600045,12.9249,80.1278,4,18500.0,09:30-21:30,"POS,UPI,CARD",New device abuse / rapid checkout surge,0.035,87,24952.32,INR,PURCHASE,UPI,MOBILE_APP,1,0,Bengaluru,4.0,0,0,1,DEV-SOWMIYA-ONEPLUS-11,mobile_android,0,BEN-CUST_SOWMIYA_003-TRUSTED,Trusted Household Vendor,11,0,3,20,0,0,0,None,Resolved Genuine,Standard Habitual Purchase,0
TXN-CUST_SOWMIYA_003-11405,2026-09-18 20:02:15,2026-09-18,20:02:15,20,4,0,0,CUST_SOWMIYA_003,55,Bengaluru,Karnataka,High Risk / 26% Fraud Rate,M016,MotoCare Garage,Auto Service,Car Service & Detailing Hub,Chennai,Pallikaranai,Tamil Nadu,600100,12.9372,80.2014,7,8900.0,08:30-20:30,"POS,UPI,CARD",Over-invoicing / synthetic card payments,0.021,52,27939.75,INR,P2P_TRANSFER,POS,WEB_PORTAL,0,1,Singapore,4345.0,1,1,0,DEV-ROGUE-EMULATOR-155,unknown_bot,1,BEN-MULE-8140,QuickMule Transfer 89,0,11,28,120,3,1,0,Card testing,Pre-auth Block,Automated high-velocity attack from unknown device,1
TXN-CUST_SOWMIYA_003-11406,2026-09-18 21:29:48,2026-09-18,21:29:48,21,4,0,0,CUST_SOWMIYA_003,55,Bengaluru,Karnataka,High Risk / 26% Fraud Rate,M004,Aurelia Gold House,Jewellery,Gold & Diamond Jewellery,Coimbatore,RS Puram,Tamil Nadu,641002,11.0089,76.9514,14,78000.0,10:00-20:30,"POS,CARD,TRANSFER",Account takeover / card-not-present luxury surge,0.065,162,22353.32,INR,PURCHASE,POS,MOBILE_APP,1,0,Bengaluru,13.0,0,0,1,DEV-SOWMIYA-ONEPLUS-11,mobile_android,0,BEN-CUST_SOWMIYA_003-TRUSTED,Trusted Household Vendor,13,0,1,12,0,0,0,None,Resolved Genuine,Standard Habitual Purchase,0
TXN-CUST_SOWMIYA_003-11407,2026-09-18 22:58:40,2026-09-18,22:58:40,22,4,0,0,CUST_SOWMIYA_003,55,Bengaluru,Karnataka,High Risk / 26% Fraud Rate,M008,BeanCircuit Cafe,Cafe,Specialty Coffee & Bakery,Bengaluru,Indiranagar,Karnataka,560038,12.9784,77.6408,3,650.0,07:30-23:00,"UPI,POS,CARD",QR code spoofing / fast velocity dining,0.009,22,20201.93,INR,PURCHASE,UPI,MOBILE_APP,1,0,Bengaluru,12.0,0,0,1,DEV-SOWMIYA-ONEPLUS-11,mobile_android,0,BEN-CUST_SOWMIYA_003-TRUSTED,Trusted Household Vendor,6,0,4,20,0,0,0,None,Resolved Genuine,Standard Habitual Purchase,0
TXN-CUST_SOWMIYA_003-11408,2026-09-19 00:23:00,2026-09-19,00:23:00,0,5,1,1,CUST_SOWMIYA_003,55,Bengaluru,Karnataka,High Risk / 26% Fraud Rate,M025,ShieldSure Services,Insurance Services,General & Health Insurance Premium,Chennai,Egmore,Tamil Nadu,600008,13.0784,80.2607,13,14000.0,09:30-18:00,"ONLINE,NETBANKING,CARD",Premium diversion / fake policy payment slips,0.019,47,62769.06,INR,P2P_TRANSFER,ONLINE,WEB_PORTAL,0,1,Moscow,4344.0,1,1,0,DEV-ROGUE-EMULATOR-829,unknown_bot,1,BEN-MULE-1069,QuickMule Transfer 51,0,11,25,104,5,3,1,Account takeover,Pre-auth Block,Automated high-velocity attack from unknown device,1
TXN-CUST_SOWMIYA_003-11409,2026-09-19 01:48:04,2026-09-19,01:48:04,1,5,1,1,CUST_SOWMIYA_003,55,Bengaluru,Karnataka,High Risk / 26% Fraud Rate,M021,GlowCraft Salon,Salon / Beauty,Spa & Grooming Studio,Chennai,Porur,Tamil Nadu,600116,13.0382,80.1565,5,2800.0,09:00-21:00,"POS,UPI,CARD",Unusual late-night transaction spikes,0.011,27,11582.19,INR,P2P_TRANSFER,POS,WEB_PORTAL,0,0,Unknown Proxy,3473.0,1,1,0,DEV-ROGUE-EMULATOR-521,unknown_bot,1,BEN-MULE-9201,QuickMule Transfer 65,0,7,22,97,3,2,0,Account takeover,Pre-auth Block,Automated high-velocity attack from unknown device,1
TXN-CUST_SOWMIYA_003-11410,2026-09-19 03:14:46,2026-09-19,03:14:46,3,5,1,1,CUST_SOWMIYA_003,55,Bengaluru,Karnataka,High Risk / 26% Fraud Rate,M001,NovaMart Fresh,Grocery & Supermarket,Supermarket / Hypermarket,Chennai,T Nagar,Tamil Nadu,600017,13.0418,80.2341,8,1250.0,07:00-22:30,"POS,UPI,CARD,ONLINE",Card testing / micro-burst velocity,0.012,30,23906.7,INR,PURCHASE,ONLINE,MOBILE_APP,1,0,Bengaluru,15.0,0,0,1,DEV-SOWMIYA-ONEPLUS-11,mobile_android,0,BEN-CUST_SOWMIYA_003-TRUSTED,Trusted Household Vendor,8,1,1,9,0,0,0,None,Resolved Genuine,Standard Habitual Purchase,0
TXN-CUST_SOWMIYA_003-11411,2026-09-19 04:39:17,2026-09-19,04:39:17,4,5,1,1,CUST_SOWMIYA_003,55,Bengaluru,Karnataka,High Risk / 26% Fraud Rate,M008,BeanCircuit Cafe,Cafe,Specialty Coffee & Bakery,Bengaluru,Indiranagar,Karnataka,560038,12.9784,77.6408,3,650.0,07:30-23:00,"UPI,POS,CARD",QR code spoofing / fast velocity dining,0.009,22,2841.9,INR,P2P_TRANSFER,UPI,WEB_PORTAL,0,0,Unknown Proxy,4352.0,1,1,0,DEV-ROGUE-EMULATOR-554,unknown_bot,1,BEN-MULE-2805,QuickMule Transfer 50,0,8,23,94,4,3,1,Mule-account behavior,Pre-auth Block,Automated high-velocity attack from unknown device,1
TXN-CUST_SOWMIYA_003-11412,2026-09-19 06:05:20,2026-09-19,06:05:20,6,5,1,0,CUST_SOWMIYA_003,55,Bengaluru,Karnataka,High Risk / 26% Fraud Rate,M024,LinkWave Telecom,Telecom Retail,Fiber Broadband & Postpaid Plans,Erode,Perundurai Road,Tamil Nadu,638011,11.341,77.7172,10,1950.0,09:30-20:30,"UPI,CARD,ONLINE,POS",SIM swap bill recharge surges,0.017,42,23294.1,INR,PURCHASE,CARD,MOBILE_APP,1,0,Bengaluru,6.0,0,0,1,DEV-SOWMIYA-ONEPLUS-11,mobile_android,0,BEN-CUST_SOWMIYA_003-TRUSTED,Trusted Household Vendor,8,0,1,11,0,0,0,None,Resolved Genuine,Standard Habitual Purchase,0
TXN-CUST_SOWMIYA_003-11413,2026-09-19 07:28:57,2026-09-19,07:28:57,7,5,1,0,CUST_SOWMIYA_003,55,Bengaluru,Karnataka,High Risk / 26% Fraud Rate,M013,CartNest Online,E-commerce,Multi-category Marketplace,Chennai,Guindy,Tamil Nadu,600032,13.0067,80.2026,5,6200.0,24_HOURS,"ONLINE,UPI,CARD,NETBANKING",Account takeover + triangulation shipping fraud,0.045,112,29580.81,INR,PURCHASE,UPI,MOBILE_APP,0,0,Bengaluru,15.0,0,0,1,DEV-SOWMIYA-ONEPLUS-11,mobile_android,0,BEN-CUST_SOWMIYA_003-TRUSTED,Trusted Household Vendor,4,0,3,17,0,0,0,None,Resolved Genuine,Standard Habitual Purchase,0
TXN-CUST_SOWMIYA_003-11414,2026-09-19 08:54:24,2026-09-19,08:54:24,8,5,1,0,CUST_SOWMIYA_003,55,Bengaluru,Karnataka,High Risk / 26% Fraud Rate,M022,SkillSpring Academy,Education / Training,Professional Certifications & Tech Bootcamps,Chennai,Mylapore,Tamil Nadu,600004,13.0368,80.2676,8,22000.0,08:30-19:30,"ONLINE,NETBANKING,CARD,UPI",Stolen corporate card enrollments,0.028,70,31464.42,INR,PURCHASE,NETBANKING,MOBILE_APP,0,0,Bengaluru,14.0,0,0,1,DEV-SOWMIYA-ONEPLUS-11,mobile_android,0,BEN-CUST_SOWMIYA_003-TRUSTED,Trusted Household Vendor,13,0,4,23,0,0,0,None,Resolved Genuine,Standard Habitual Purchase,0
TXN-CUST_SOWMIYA_003-11415,2026-09-19 10:21:10,2026-09-19,10:21:10,10,5,1,0,CUST_SOWMIYA_003,55,Bengaluru,Karnataka,High Risk / 26% Fraud Rate,M020,GameGrid Arena,Gaming,"Esports, Consoles & Virtual Credits",Bengaluru,Koramangala,Karnataka,560095,12.9352,77.6245,4,3400.0,10:00-01:00,"ONLINE,UPI,CARD,WALLET",Virtual item laundering & bot-driven micro transactions,0.055,137,16546.04,INR,PURCHASE,ONLINE,MOBILE_APP,0,0,Bengaluru,7.0,0,0,1,DEV-SOWMIYA-ONEPLUS-11,mobile_android,0,BEN-CUST_SOWMIYA_003-TRUSTED,Trusted Household Vendor,3,0,4,24,0,0,0,None,Resolved Genuine,Standard Habitual Purchase,0
TXN-CUST_SOWMIYA_003-11416,2026-09-19 11:48:28,2026-09-19,11:48:28,11,5,1,0,CUST_SOWMIYA_003,55,Bengaluru,Karnataka,High Risk / 26% Fraud Rate,M011,SkyTrail Travels,Travel Agency,Flight & International Tour Packages,Coimbatore,Gandhipuram,Tamil Nadu,641012,11.0183,76.9664,11,44000.0,09:00-20:00,"ONLINE,TRANSFER,CARD",Mule-account ticket arbitrage & fast cancellation fraud,0.052,130,104550.34,INR,P2P_TRANSFER,CARD,WEB_PORTAL,0,1,Moscow,4859.0,1,1,0,DEV-ROGUE-EMULATOR-189,unknown_bot,1,BEN-MULE-9535,QuickMule Transfer 42,0,9,14,63,6,2,1,Credential compromise,Pre-auth Block,Automated high-velocity attack from unknown device,1
TXN-CUST_SOWMIYA_003-11417,2026-09-19 13:13:10,2026-09-19,13:13:10,13,5,1,0,CUST_SOWMIYA_003,55,Bengaluru,Karnataka,High Risk / 26% Fraud Rate,M027,BrickHarbor Realty,Real Estate / Property Services,Rental Escrow & Facility Management,Chennai,Porur,Tamil Nadu,600116,13.035,80.16,11,65000.0,09:00-19:00,"TRANSFER,NETBANKING,CARD",Security deposit phishing / escrow hijacking,0.039,97,44890.61,INR,PURCHASE,NETBANKING,MOBILE_APP,0,0,Bengaluru,8.0,0,0,1,DEV-SOWMIYA-ONEPLUS-11,mobile_android,0,BEN-CUST_SOWMIYA_003-TRUSTED,Trusted Household Vendor,15,0,3,19,0,0,0,None,Resolved Genuine,Standard Habitual Purchase,0
TXN-CUST_SOWMIYA_003-11418,2026-09-19 14:39:45,2026-09-19,14:39:45,14,5,1,0,CUST_SOWMIYA_003,55,Bengaluru,Karnataka,High Risk / 26% Fraud Rate,M001,NovaMart Fresh,Grocery & Supermarket,Supermarket / Hypermarket,Chennai,T Nagar,Tamil Nadu,600017,13.0418,80.2341,8,1250.0,07:00-22:30,"POS,UPI,CARD,ONLINE",Card testing / micro-burst velocity,0.012,30,34281.1,INR,PURCHASE,UPI,MOBILE_APP,1,0,Bengaluru,10.0,0,0,1,DEV-SOWMIYA-ONEPLUS-11,mobile_android,0,BEN-CUST_SOWMIYA_003-TRUSTED,Trusted Household Vendor,14,0,4,19,0,0,0,None,Resolved Genuine,Standard Habitual Purchase,0
TXN-CUST_SOWMIYA_003-11419,2026-09-19 16:04:20,2026-09-19,16:04:20,16,5,1,0,CUST_SOWMIYA_003,55,Bengaluru,Karnataka,High Risk / 26% Fraud Rate,M009,RapidFuel Station,Fuel Station,"Petrol, Diesel & EV Fast Charge",Salem,Fairlands,Tamil Nadu,636016,11.6643,78.146,9,3100.0,24_HOURS,"POS,FLEET_CARD,UPI",Automated fleet card skimming,0.024,60,25657.19,INR,PURCHASE,FLEET_CARD,MOBILE_APP,1,0,Bengaluru,2.0,0,0,1,DEV-SOWMIYA-ONEPLUS-11,mobile_android,0,BEN-CUST_SOWMIYA_003-TRUSTED,Trusted Household Vendor,4,0,4,20,0,0,0,None,Resolved Genuine,Standard Habitual Purchase,0
TXN-CUST_SOWMIYA_003-11420,2026-09-19 17:33:22,2026-09-19,17:33:22,17,5,1,0,CUST_SOWMIYA_003,55,Bengaluru,Karnataka,High Risk / 26% Fraud Rate,M026,GreenLeaf Wellness,Health & Wellness,Organic Nutrition & Ayurveda,Trichy,Srirangam,Tamil Nadu,620006,10.8624,78.6947,6,2100.0,08:00-21:00,"POS,UPI,ONLINE,CARD",Subscription card stuffing,0.013,32,42725.22,INR,PURCHASE,UPI,MOBILE_APP,1,0,Bengaluru,13.0,0,0,1,DEV-SOWMIYA-ONEPLUS-11,mobile_android,0,BEN-CUST_SOWMIYA_003-TRUSTED,Trusted Household Vendor,15,0,2,12,0,0,0,None,Resolved Genuine,Standard Habitual Purchase,0
TXN-CUST_SOWMIYA_003-11421,2026-09-19 19:01:51,2026-09-19,19:01:51,19,5,1,0,CUST_SOWMIYA_003,55,Bengaluru,Karnataka,High Risk / 26% Fraud Rate,M026,GreenLeaf Wellness,Health & Wellness,Organic Nutrition & Ayurveda,Trichy,Srirangam,Tamil Nadu,620006,10.8624,78.6947,6,2100.0,08:00-21:00,"POS,UPI,ONLINE,CARD",Subscription card stuffing,0.013,32,9929.33,INR,P2P_TRANSFER,CARD,WEB_PORTAL,0,1,Moscow,1520.0,1,1,0,DEV-ROGUE-EMULATOR-892,unknown_bot,1,BEN-MULE-2771,QuickMule Transfer 31,0,12,15,63,2,1,1,Credential compromise,Pre-auth Block,Automated high-velocity attack from unknown device,1
TXN-CUST_SOWMIYA_003-11422,2026-09-19 20:28:56,2026-09-19,20:28:56,20,5,1,0,CUST_SOWMIYA_003,55,Bengaluru,Karnataka,High Risk / 26% Fraud Rate,M018,PageTurn Book House,Bookstore,"Academic, Fiction & Stationery",Trichy,Thillai Nagar,Tamil Nadu,620018,10.8282,78.6854,16,850.0,09:00-21:30,"POS,UPI,CARD,ONLINE",Low-value card testing bots,0.008,20,20718.46,INR,PURCHASE,ONLINE,MOBILE_APP,1,0,Bengaluru,13.0,0,0,1,DEV-SOWMIYA-ONEPLUS-11,mobile_android,0,BEN-CUST_SOWMIYA_003-TRUSTED,Trusted Household Vendor,6,0,3,18,0,0,0,None,Resolved Genuine,Standard Habitual Purchase,0
TXN-CUST_SOWMIYA_003-11423,2026-09-19 21:55:40,2026-09-19,21:55:40,21,5,1,0,CUST_SOWMIYA_003,55,Bengaluru,Karnataka,High Risk / 26% Fraud Rate,M025,ShieldSure Services,Insurance Services,General & Health Insurance Premium,Chennai,Egmore,Tamil Nadu,600008,13.0784,80.2607,13,14000.0,09:30-18:00,"ONLINE,NETBANKING,CARD",Premium diversion / fake policy payment slips,0.019,47,62532.3,INR,P2P_TRANSFER,NETBANKING,WEB_PORTAL,0,0,Unknown Proxy,2100.0,1,1,0,DEV-ROGUE-EMULATOR-511,unknown_bot,1,BEN-MULE-9539,QuickMule Transfer 12,0,11,31,134,3,1,0,Account takeover,Pre-auth Block,Automated high-velocity attack from unknown device,1
TXN-CUST_SOWMIYA_003-11424,2026-09-19 23:22:19,2026-09-19,23:22:19,23,5,1,1,CUST_SOWMIYA_003,55,Bengaluru,Karnataka,High Risk / 26% Fraud Rate,M019,ArenaSport World,Sports Retail,Fitness Equipment & Sports Wear,Chennai,Nungambakkam,Tamil Nadu,600034,13.0604,80.2405,6,5600.0,10:00-21:30,"POS,ONLINE,UPI,CARD",Stolen card chargeback on premium sports gear,0.026,65,32194.47,INR,PURCHASE,POS,MOBILE_APP,1,0,Bengaluru,1.0,0,0,1,DEV-SOWMIYA-ONEPLUS-11,mobile_android,0,BEN-CUST_SOWMIYA_003-TRUSTED,Trusted Household Vendor,11,0,1,10,0,0,0,None,Resolved Genuine,Standard Habitual Purchase,0
TXN-CUST_SOWMIYA_003-11425,2026-09-20 00:45:48,2026-09-20,00:45:48,0,6,1,1,CUST_SOWMIYA_003,55,Bengaluru,Karnataka,High Risk / 26% Fraud Rate,M007,SpiceRoute Kitchen,Restaurant,Fine Dining & Chettinad,Chennai,Adyar,Tamil Nadu,600020,13.0012,80.2565,7,2200.0,11:30-23:30,"POS,UPI,CARD",Cloned card POS terminal replay,0.018,45,21065.59,INR,PURCHASE,CARD,MOBILE_APP,1,0,Bengaluru,14.0,0,0,1,DEV-SOWMIYA-ONEPLUS-11,mobile_android,0,BEN-CUST_SOWMIYA_003-TRUSTED,Trusted Household Vendor,11,1,1,7,0,0,0,None,Resolved Genuine,Standard Habitual Purchase,0
TXN-CUST_SOWMIYA_003-11426,2026-09-20 02:13:23,2026-09-20,02:13:23,2,6,1,1,CUST_SOWMIYA_003,55,Bengaluru,Karnataka,High Risk / 26% Fraud Rate,M029,CloudDesk Digital,Software / Digital Services,Cloud Infrastructure & SaaS Tools,Bengaluru,Whitefield,Karnataka,560066,12.9698,77.7499,7,19800.0,24_HOURS,"ONLINE,CARD,TRANSFER",Cryptomining VM rental with stolen credit cards,0.058,145,13049.28,INR,PURCHASE,TRANSFER,MOBILE_APP,0,0,Bengaluru,7.0,0,0,1,DEV-SOWMIYA-ONEPLUS-11,mobile_android,0,BEN-CUST_SOWMIYA_003-TRUSTED,Trusted Household Vendor,8,0,2,18,0,0,0,None,Resolved Genuine,Standard Habitual Purchase,0
TXN-CUST_SOWMIYA_003-11427,2026-09-20 03:41:06,2026-09-20,03:41:06,3,6,1,1,CUST_SOWMIYA_003,55,Bengaluru,Karnataka,High Risk / 26% Fraud Rate,M022,SkillSpring Academy,Education / Training,Professional Certifications & Tech Bootcamps,Chennai,Mylapore,Tamil Nadu,600004,13.0368,80.2676,8,22000.0,08:30-19:30,"ONLINE,NETBANKING,CARD,UPI",Stolen corporate card enrollments,0.028,70,26178.4,INR,PURCHASE,NETBANKING,MOBILE_APP,0,0,Bengaluru,13.0,0,0,1,DEV-SOWMIYA-ONEPLUS-11,mobile_android,0,BEN-CUST_SOWMIYA_003-TRUSTED,Trusted Household Vendor,13,0,1,7,0,0,0,None,Resolved Genuine,Standard Habitual Purchase,0
TXN-CUST_SOWMIYA_003-11428,2026-09-20 05:09:10,2026-09-20,05:09:10,5,6,1,1,CUST_SOWMIYA_003,55,Bengaluru,Karnataka,High Risk / 26% Fraud Rate,M003,Pulse Mobile Hub,Mobile Store,Smartphones & Accessories,Chennai,Tambaram,Tamil Nadu,600045,12.9249,80.1278,4,18500.0,09:30-21:30,"POS,UPI,CARD",New device abuse / rapid checkout surge,0.035,87,14724.7,INR,PURCHASE,POS,MOBILE_APP,1,0,Bengaluru,12.0,0,0,1,DEV-SOWMIYA-ONEPLUS-11,mobile_android,0,BEN-CUST_SOWMIYA_003-TRUSTED,Trusted Household Vendor,9,0,3,16,0,0,0,None,Resolved Genuine,Standard Habitual Purchase,0
TXN-CUST_SOWMIYA_003-11429,2026-09-20 06:38:20,2026-09-20,06:38:20,6,6,1,0,CUST_SOWMIYA_003,55,Bengaluru,Karnataka,High Risk / 26% Fraud Rate,M003,Pulse Mobile Hub,Mobile Store,Smartphones & Accessories,Chennai,Tambaram,Tamil Nadu,600045,12.9249,80.1278,4,18500.0,09:30-21:30,"POS,UPI,CARD",New device abuse / rapid checkout surge,0.035,87,16898.1,INR,PURCHASE,UPI,MOBILE_APP,1,0,Bengaluru,15.0,0,0,1,DEV-SOWMIYA-ONEPLUS-11,mobile_android,0,BEN-CUST_SOWMIYA_003-TRUSTED,Trusted Household Vendor,10,0,4,22,0,0,0,None,Resolved Genuine,Standard Habitual Purchase,0
TXN-CUST_SOWMIYA_003-11430,2026-09-20 08:02:36,2026-09-20,08:02:36,8,6,1,0,CUST_SOWMIYA_003,55,Bengaluru,Karnataka,High Risk / 26% Fraud Rate,M004,Aurelia Gold House,Jewellery,Gold & Diamond Jewellery,Coimbatore,RS Puram,Tamil Nadu,641002,11.0089,76.9514,14,78000.0,10:00-20:30,"POS,CARD,TRANSFER",Account takeover / card-not-present luxury surge,0.065,162,16496.91,INR,PURCHASE,TRANSFER,MOBILE_APP,1,0,Bengaluru,11.0,0,0,1,DEV-SOWMIYA-ONEPLUS-11,mobile_android,0,BEN-CUST_SOWMIYA_003-TRUSTED,Trusted Household Vendor,12,0,3,17,0,0,0,None,Resolved Genuine,Standard Habitual Purchase,0
TXN-CUST_SOWMIYA_003-11431,2026-09-20 09:28:23,2026-09-20,09:28:23,9,6,1,0,CUST_SOWMIYA_003,55,Bengaluru,Karnataka,High Risk / 26% Fraud Rate,M006,MedicoCare Pharmacy,Pharmacy,Medicines & Surgical Supplies,Madurai,KK Nagar,Tamil Nadu,625020,9.9252,78.1498,10,1450.0,24_HOURS,"POS,UPI,CARD,ONLINE",Nighttime micro card testing,0.015,37,5045.57,INR,P2P_TRANSFER,POS,WEB_PORTAL,0,1,Singapore,5371.0,1,1,0,DEV-ROGUE-EMULATOR-928,unknown_bot,1,BEN-MULE-3820,QuickMule Transfer 59,0,12,20,84,6,3,1,Account takeover,Pre-auth Block,Automated high-velocity attack from unknown device,1
TXN-CUST_SOWMIYA_003-11432,2026-09-20 10:51:47,2026-09-20,10:51:47,10,6,1,0,CUST_SOWMIYA_003,55,Bengaluru,Karnataka,High Risk / 26% Fraud Rate,M008,BeanCircuit Cafe,Cafe,Specialty Coffee & Bakery,Bengaluru,Indiranagar,Karnataka,560038,12.9784,77.6408,3,650.0,07:30-23:00,"UPI,POS,CARD",QR code spoofing / fast velocity dining,0.009,22,2747.67,INR,P2P_TRANSFER,POS,WEB_PORTAL,0,1,Moscow,4226.0,1,1,0,DEV-ROGUE-EMULATOR-365,unknown_bot,1,BEN-MULE-2965,QuickMule Transfer 63,0,10,33,139,4,4,0,Account takeover,Pre-auth Block,Automated high-velocity attack from unknown device,1
TXN-CUST_SOWMIYA_003-11433,2026-09-20 12:18:08,2026-09-20,12:18:08,12,6,1,0,CUST_SOWMIYA_003,55,Bengaluru,Karnataka,High Risk / 26% Fraud Rate,M028,CraftCove Home Decor,Home Decor,Handicrafts & Art Pieces,Thanjavur,Medical College Road,Tamil Nadu,613004,10.7684,79.1245,8,7400.0,09:30-20:30,"POS,UPI,CARD,ONLINE",Cross-border tourist chargebacks,0.023,57,42830.39,INR,PURCHASE,CARD,MOBILE_APP,1,0,Bengaluru,11.0,0,0,1,DEV-SOWMIYA-ONEPLUS-11,mobile_android,0,BEN-CUST_SOWMIYA_003-TRUSTED,Trusted Household Vendor,7,1,1,6,0,0,0,None,Resolved Genuine,Standard Habitual Purchase,0
TXN-CUST_SOWMIYA_003-11434,2026-09-20 13:43:21,2026-09-20,13:43:21,13,6,1,0,CUST_SOWMIYA_003,55,Bengaluru,Karnataka,High Risk / 26% Fraud Rate,M017,AutoForge Parts,Spare Parts,OEM Industrial & Auto Components,Hosur,Mookandapalli,Tamil Nadu,635126,12.7409,77.8253,15,16500.0,09:00-19:30,"TRANSFER,POS,CARD",Business email compromise / fake beneficiary update,0.033,82,30887.49,INR,PURCHASE,POS,MOBILE_APP,1,0,Bengaluru,13.0,0,0,1,DEV-SOWMIYA-ONEPLUS-11,mobile_android,0,BEN-CUST_SOWMIYA_003-TRUSTED,Trusted Household Vendor,9,0,1,11,0,0,0,None,Resolved Genuine,Standard Habitual Purchase,0
TXN-CUST_SOWMIYA_003-11435,2026-09-20 15:06:59,2026-09-20,15:06:59,15,6,1,0,CUST_SOWMIYA_003,55,Bengaluru,Karnataka,High Risk / 26% Fraud Rate,M013,CartNest Online,E-commerce,Multi-category Marketplace,Chennai,Guindy,Tamil Nadu,600032,13.0067,80.2026,5,6200.0,24_HOURS,"ONLINE,UPI,CARD,NETBANKING",Account takeover + triangulation shipping fraud,0.045,112,28841.08,INR,P2P_TRANSFER,NETBANKING,WEB_PORTAL,0,0,Unknown Proxy,3845.0,1,1,0,DEV-ROGUE-EMULATOR-823,unknown_bot,1,BEN-MULE-3420,QuickMule Transfer 44,0,7,16,72,3,2,1,Card testing,Pre-auth Block,Automated high-velocity attack from unknown device,1
TXN-CUST_SOWMIYA_003-11436,2026-09-20 16:31:55,2026-09-20,16:31:55,16,6,1,0,CUST_SOWMIYA_003,55,Bengaluru,Karnataka,High Risk / 26% Fraud Rate,M006,MedicoCare Pharmacy,Pharmacy,Medicines & Surgical Supplies,Madurai,KK Nagar,Tamil Nadu,625020,9.9252,78.1498,10,1450.0,24_HOURS,"POS,UPI,CARD,ONLINE",Nighttime micro card testing,0.015,37,25532.15,INR,PURCHASE,CARD,MOBILE_APP,1,0,Bengaluru,15.0,0,0,1,DEV-SOWMIYA-ONEPLUS-11,mobile_android,0,BEN-CUST_SOWMIYA_003-TRUSTED,Trusted Household Vendor,15,0,3,21,0,0,0,None,Resolved Genuine,Standard Habitual Purchase,0
TXN-CUST_SOWMIYA_003-11437,2026-09-20 17:56:49,2026-09-20,17:56:49,17,6,1,0,CUST_SOWMIYA_003,55,Bengaluru,Karnataka,High Risk / 26% Fraud Rate,M018,PageTurn Book House,Bookstore,"Academic, Fiction & Stationery",Trichy,Thillai Nagar,Tamil Nadu,620018,10.8282,78.6854,16,850.0,09:00-21:30,"POS,UPI,CARD,ONLINE",Low-value card testing bots,0.008,20,24972.64,INR,PURCHASE,UPI,MOBILE_APP,1,0,Bengaluru,9.0,0,0,1,DEV-SOWMIYA-ONEPLUS-11,mobile_android,0,BEN-CUST_SOWMIYA_003-TRUSTED,Trusted Household Vendor,11,0,3,17,0,0,0,None,Resolved Genuine,Standard Habitual Purchase,0
TXN-CUST_SOWMIYA_003-11438,2026-09-20 19:22:06,2026-09-20,19:22:06,19,6,1,0,CUST_SOWMIYA_003,55,Bengaluru,Karnataka,High Risk / 26% Fraud Rate,M002,CircuitBay Electronics,Consumer Electronics,Laptops & Gadgets,Chennai,Velachery,Tamil Nadu,600042,12.9759,80.2212,6,32000.0,10:00-21:30,"POS,ONLINE,EMI,UPI",Stolen payment details / high-ticket electronics delivery,0.048,120,29118.27,INR,PURCHASE,UPI,MOBILE_APP,1,0,Bengaluru,6.0,0,0,1,DEV-SOWMIYA-ONEPLUS-11,mobile_android,0,BEN-CUST_SOWMIYA_003-TRUSTED,Trusted Household Vendor,5,0,3,22,0,0,0,None,Resolved Genuine,Standard Habitual Purchase,0
TXN-CUST_SOWMIYA_003-11439,2026-09-20 20:48:40,2026-09-20,20:48:40,20,6,1,0,CUST_SOWMIYA_003,55,Bengaluru,Karnataka,High Risk / 26% Fraud Rate,M019,ArenaSport World,Sports Retail,Fitness Equipment & Sports Wear,Chennai,Nungambakkam,Tamil Nadu,600034,13.0604,80.2405,6,5600.0,10:00-21:30,"POS,ONLINE,UPI,CARD",Stolen card chargeback on premium sports gear,0.026,65,30063.82,INR,PURCHASE,CARD,MOBILE_APP,1,0,Bengaluru,9.0,0,0,1,DEV-SOWMIYA-ONEPLUS-11,mobile_android,0,BEN-CUST_SOWMIYA_003-TRUSTED,Trusted Household Vendor,3,1,2,16,0,0,0,None,Resolved Genuine,Standard Habitual Purchase,0
TXN-CUST_SOWMIYA_003-11440,2026-09-20 22:14:19,2026-09-20,22:14:19,22,6,1,0,CUST_SOWMIYA_003,55,Bengaluru,Karnataka,High Risk / 26% Fraud Rate,M020,GameGrid Arena,Gaming,"Esports, Consoles & Virtual Credits",Bengaluru,Koramangala,Karnataka,560095,12.9352,77.6245,4,3400.0,10:00-01:00,"ONLINE,UPI,CARD,WALLET",Virtual item laundering & bot-driven micro transactions,0.055,137,18108.14,INR,PURCHASE,UPI,MOBILE_APP,0,0,Bengaluru,6.0,0,0,1,DEV-SOWMIYA-ONEPLUS-11,mobile_android,0,BEN-CUST_SOWMIYA_003-TRUSTED,Trusted Household Vendor,15,0,4,25,0,0,0,None,Resolved Genuine,Standard Habitual Purchase,0
TXN-CUST_SOWMIYA_003-11441,2026-09-20 23:40:20,2026-09-20,23:40:20,23,6,1,1,CUST_SOWMIYA_003,55,Bengaluru,Karnataka,High Risk / 26% Fraud Rate,M006,MedicoCare Pharmacy,Pharmacy,Medicines & Surgical Supplies,Madurai,KK Nagar,Tamil Nadu,625020,9.9252,78.1498,10,1450.0,24_HOURS,"POS,UPI,CARD,ONLINE",Nighttime micro card testing,0.015,37,16148.89,INR,PURCHASE,UPI,MOBILE_APP,1,0,Bengaluru,7.0,0,0,1,DEV-SOWMIYA-ONEPLUS-11,mobile_android,0,BEN-CUST_SOWMIYA_003-TRUSTED,Trusted Household Vendor,15,0,1,13,0,0,0,None,Resolved Genuine,Standard Habitual Purchase,0
TXN-CUST_SOWMIYA_003-11442,2026-09-21 01:05:46,2026-09-21,01:05:46,1,0,0,1,CUST_SOWMIYA_003,55,Bengaluru,Karnataka,High Risk / 26% Fraud Rate,M029,CloudDesk Digital,Software / Digital Services,Cloud Infrastructure & SaaS Tools,Bengaluru,Whitefield,Karnataka,560066,12.9698,77.7499,7,19800.0,24_HOURS,"ONLINE,CARD,TRANSFER",Cryptomining VM rental with stolen credit cards,0.058,145,50366.14,INR,P2P_TRANSFER,ONLINE,WEB_PORTAL,0,0,Unknown Proxy,4021.0,1,1,0,DEV-ROGUE-EMULATOR-310,unknown_bot,1,BEN-MULE-3198,QuickMule Transfer 75,0,9,32,131,5,1,1,Credential compromise,Pre-auth Block,Automated high-velocity attack from unknown device,1
TXN-CUST_SOWMIYA_003-11443,2026-09-21 02:34:20,2026-09-21,02:34:20,2,0,0,1,CUST_SOWMIYA_003,55,Bengaluru,Karnataka,High Risk / 26% Fraud Rate,M016,MotoCare Garage,Auto Service,Car Service & Detailing Hub,Chennai,Pallikaranai,Tamil Nadu,600100,12.9372,80.2014,7,8900.0,08:30-20:30,"POS,UPI,CARD",Over-invoicing / synthetic card payments,0.021,52,14158.77,INR,PURCHASE,POS,MOBILE_APP,1,0,Bengaluru,1.0,0,0,1,DEV-SOWMIYA-ONEPLUS-11,mobile_android,0,BEN-CUST_SOWMIYA_003-TRUSTED,Trusted Household Vendor,8,0,3,16,0,0,0,None,Resolved Genuine,Standard Habitual Purchase,0
TXN-CUST_SOWMIYA_003-11444,2026-09-21 04:02:14,2026-09-21,04:02:14,4,0,0,1,CUST_SOWMIYA_003,55,Bengaluru,Karnataka,High Risk / 26% Fraud Rate,M022,SkillSpring Academy,Education / Training,Professional Certifications & Tech Bootcamps,Chennai,Mylapore,Tamil Nadu,600004,13.0368,80.2676,8,22000.0,08:30-19:30,"ONLINE,NETBANKING,CARD,UPI",Stolen corporate card enrollments,0.028,70,37337.3,INR,PURCHASE,CARD,MOBILE_APP,0,0,Bengaluru,5.0,0,0,1,DEV-SOWMIYA-ONEPLUS-11,mobile_android,0,BEN-CUST_SOWMIYA_003-TRUSTED,Trusted Household Vendor,15,0,2,13,0,0,0,None,Resolved Genuine,Standard Habitual Purchase,0
TXN-CUST_SOWMIYA_003-11445,2026-09-21 05:27:18,2026-09-21,05:27:18,5,0,0,1,CUST_SOWMIYA_003,55,Bengaluru,Karnataka,High Risk / 26% Fraud Rate,M029,CloudDesk Digital,Software / Digital Services,Cloud Infrastructure & SaaS Tools,Bengaluru,Whitefield,Karnataka,560066,12.9698,77.7499,7,19800.0,24_HOURS,"ONLINE,CARD,TRANSFER",Cryptomining VM rental with stolen credit cards,0.058,145,40091.73,INR,PURCHASE,TRANSFER,MOBILE_APP,0,0,Bengaluru,5.0,0,0,1,DEV-SOWMIYA-ONEPLUS-11,mobile_android,0,BEN-CUST_SOWMIYA_003-TRUSTED,Trusted Household Vendor,3,0,1,9,0,0,0,None,Resolved Genuine,Standard Habitual Purchase,0
TXN-CUST_SOWMIYA_003-11446,2026-09-21 06:51:49,2026-09-21,06:51:49,6,0,0,0,CUST_SOWMIYA_003,55,Bengaluru,Karnataka,High Risk / 26% Fraud Rate,M008,BeanCircuit Cafe,Cafe,Specialty Coffee & Bakery,Bengaluru,Indiranagar,Karnataka,560038,12.9784,77.6408,3,650.0,07:30-23:00,"UPI,POS,CARD",QR code spoofing / fast velocity dining,0.009,22,36569.7,INR,PURCHASE,CARD,MOBILE_APP,1,0,Bengaluru,2.0,0,0,1,DEV-SOWMIYA-ONEPLUS-11,mobile_android,0,BEN-CUST_SOWMIYA_003-TRUSTED,Trusted Household Vendor,13,0,4,24,0,0,0,None,Resolved Genuine,Standard Habitual Purchase,0
TXN-CUST_SOWMIYA_003-11447,2026-09-21 08:21:00,2026-09-21,08:21:00,8,0,0,0,CUST_SOWMIYA_003,55,Bengaluru,Karnataka,High Risk / 26% Fraud Rate,M028,CraftCove Home Decor,Home Decor,Handicrafts & Art Pieces,Thanjavur,Medical College Road,Tamil Nadu,613004,10.7684,79.1245,8,7400.0,09:30-20:30,"POS,UPI,CARD,ONLINE",Cross-border tourist chargebacks,0.023,57,31000.65,INR,PURCHASE,ONLINE,MOBILE_APP,1,0,Bengaluru,1.0,0,0,1,DEV-SOWMIYA-ONEPLUS-11,mobile_android,0,BEN-CUST_SOWMIYA_003-TRUSTED,Trusted Household Vendor,13,0,4,22,0,0,0,None,Resolved Genuine,Standard Habitual Purchase,0
TXN-CUST_SOWMIYA_003-11448,2026-09-21 09:47:14,2026-09-21,09:47:14,9,0,0,0,CUST_SOWMIYA_003,55,Bengaluru,Karnataka,High Risk / 26% Fraud Rate,M021,GlowCraft Salon,Salon / Beauty,Spa & Grooming Studio,Chennai,Porur,Tamil Nadu,600116,13.0382,80.1565,5,2800.0,09:00-21:00,"POS,UPI,CARD",Unusual late-night transaction spikes,0.011,27,12049.06,INR,P2P_TRANSFER,CARD,WEB_PORTAL,0,1,Dubai,1851.0,1,1,0,DEV-ROGUE-EMULATOR-829,unknown_bot,1,BEN-MULE-5045,QuickMule Transfer 69,0,4,21,88,2,2,1,Card testing,Pre-auth Block,Automated high-velocity attack from unknown device,1
TXN-CUST_SOWMIYA_003-11449,2026-09-21 11:13:00,2026-09-21,11:13:00,11,0,0,0,CUST_SOWMIYA_003,55,Bengaluru,Karnataka,High Risk / 26% Fraud Rate,M026,GreenLeaf Wellness,Health & Wellness,Organic Nutrition & Ayurveda,Trichy,Srirangam,Tamil Nadu,620006,10.8624,78.6947,6,2100.0,08:00-21:00,"POS,UPI,ONLINE,CARD",Subscription card stuffing,0.013,32,14304.7,INR,PURCHASE,ONLINE,MOBILE_APP,1,0,Bengaluru,9.0,0,0,1,DEV-SOWMIYA-ONEPLUS-11,mobile_android,0,BEN-CUST_SOWMIYA_003-TRUSTED,Trusted Household Vendor,15,0,4,21,0,0,0,None,Resolved Genuine,Standard Habitual Purchase,0
TXN-CUST_SOWMIYA_003-11450,2026-09-21 12:37:32,2026-09-21,12:37:32,12,0,0,0,CUST_SOWMIYA_003,55,Bengaluru,Karnataka,High Risk / 26% Fraud Rate,M024,LinkWave Telecom,Telecom Retail,Fiber Broadband & Postpaid Plans,Erode,Perundurai Road,Tamil Nadu,638011,11.341,77.7172,10,1950.0,09:30-20:30,"UPI,CARD,ONLINE,POS",SIM swap bill recharge surges,0.017,42,43288.83,INR,PURCHASE,CARD,MOBILE_APP,1,0,Bengaluru,3.0,0,0,1,DEV-SOWMIYA-ONEPLUS-11,mobile_android,0,BEN-CUST_SOWMIYA_003-TRUSTED,Trusted Household Vendor,12,1,2,12,0,0,0,None,Resolved Genuine,Standard Habitual Purchase,0
TXN-CUST_SOWMIYA_003-11451,2026-09-21 14:01:44,2026-09-21,14:01:44,14,0,0,0,CUST_SOWMIYA_003,55,Bengaluru,Karnataka,High Risk / 26% Fraud Rate,M005,UrbanThread Studio,Fashion / Apparel,Designer & Ready-to-wear,Chennai,Anna Nagar,Tamil Nadu,600040,13.085,80.2101,5,4800.0,10:30-22:00,"POS,ONLINE,UPI,CARD",Refund abuse / credential stuffing,0.022,55,22455.38,INR,P2P_TRANSFER,ONLINE,WEB_PORTAL,0,1,Moscow,4894.0,1,1,0,DEV-ROGUE-EMULATOR-604,unknown_bot,1,BEN-MULE-6555,QuickMule Transfer 16,0,6,26,107,5,3,1,Credential compromise,Pre-auth Block,Automated high-velocity attack from unknown device,1
TXN-CUST_SOWMIYA_003-11452,2026-09-21 15:29:05,2026-09-21,15:29:05,15,0,0,0,CUST_SOWMIYA_003,55,Bengaluru,Karnataka,High Risk / 26% Fraud Rate,M017,AutoForge Parts,Spare Parts,OEM Industrial & Auto Components,Hosur,Mookandapalli,Tamil Nadu,635126,12.7409,77.8253,15,16500.0,09:00-19:30,"TRANSFER,POS,CARD",Business email compromise / fake beneficiary update,0.033,82,29373.48,INR,PURCHASE,CARD,MOBILE_APP,1,0,Bengaluru,6.0,0,0,1,DEV-SOWMIYA-ONEPLUS-11,mobile_android,0,BEN-CUST_SOWMIYA_003-TRUSTED,Trusted Household Vendor,7,1,1,10,0,0,0,None,Resolved Genuine,Standard Habitual Purchase,0
TXN-CUST_SOWMIYA_003-11453,2026-09-21 16:55:04,2026-09-21,16:55:04,16,0,0,0,CUST_SOWMIYA_003,55,Bengaluru,Karnataka,High Risk / 26% Fraud Rate,M002,CircuitBay Electronics,Consumer Electronics,Laptops & Gadgets,Chennai,Velachery,Tamil Nadu,600042,12.9759,80.2212,6,32000.0,10:00-21:30,"POS,ONLINE,EMI,UPI",Stolen payment details / high-ticket electronics delivery,0.048,120,19172.78,INR,PURCHASE,UPI,MOBILE_APP,1,0,Bengaluru,7.0,0,0,1,DEV-SOWMIYA-ONEPLUS-11,mobile_android,0,BEN-CUST_SOWMIYA_003-TRUSTED,Trusted Household Vendor,12,1,2,18,0,0,0,None,Resolved Genuine,Standard Habitual Purchase,0
TXN-CUST_SOWMIYA_003-11454,2026-09-21 18:21:25,2026-09-21,18:21:25,18,0,0,0,CUST_SOWMIYA_003,55,Bengaluru,Karnataka,High Risk / 26% Fraud Rate,M027,BrickHarbor Realty,Real Estate / Property Services,Rental Escrow & Facility Management,Chennai,Porur,Tamil Nadu,600116,13.035,80.16,11,65000.0,09:00-19:00,"TRANSFER,NETBANKING,CARD",Security deposit phishing / escrow hijacking,0.039,97,28688.03,INR,PURCHASE,CARD,MOBILE_APP,0,0,Bengaluru,5.0,0,0,1,DEV-SOWMIYA-ONEPLUS-11,mobile_android,0,BEN-CUST_SOWMIYA_003-TRUSTED,Trusted Household Vendor,15,1,1,10,0,0,0,None,Resolved Genuine,Standard Habitual Purchase,0
TXN-CUST_SOWMIYA_003-11455,2026-09-21 19:47:35,2026-09-21,19:47:35,19,0,0,0,CUST_SOWMIYA_003,55,Bengaluru,Karnataka,High Risk / 26% Fraud Rate,M029,CloudDesk Digital,Software / Digital Services,Cloud Infrastructure & SaaS Tools,Bengaluru,Whitefield,Karnataka,560066,12.9698,77.7499,7,19800.0,24_HOURS,"ONLINE,CARD,TRANSFER",Cryptomining VM rental with stolen credit cards,0.058,145,63989.98,INR,P2P_TRANSFER,TRANSFER,WEB_PORTAL,0,0,Unknown Proxy,3748.0,1,1,0,DEV-ROGUE-EMULATOR-615,unknown_bot,1,BEN-MULE-5004,QuickMule Transfer 97,0,11,27,112,2,4,1,Card testing,Pre-auth Block,Automated high-velocity attack from unknown device,1
TXN-CUST_SOWMIYA_003-11456,2026-09-21 21:14:08,2026-09-21,21:14:08,21,0,0,0,CUST_SOWMIYA_003,55,Bengaluru,Karnataka,High Risk / 26% Fraud Rate,M008,BeanCircuit Cafe,Cafe,Specialty Coffee & Bakery,Bengaluru,Indiranagar,Karnataka,560038,12.9784,77.6408,3,650.0,07:30-23:00,"UPI,POS,CARD",QR code spoofing / fast velocity dining,0.009,22,2604.29,INR,P2P_TRANSFER,POS,WEB_PORTAL,0,1,Lagos,3798.0,1,1,0,DEV-ROGUE-EMULATOR-155,unknown_bot,1,BEN-MULE-8769,QuickMule Transfer 85,0,8,25,108,2,4,0,Card testing,Pre-auth Block,Automated high-velocity attack from unknown device,1
TXN-CUST_SOWMIYA_003-11457,2026-09-21 22:42:01,2026-09-21,22:42:01,22,0,0,0,CUST_SOWMIYA_003,55,Bengaluru,Karnataka,High Risk / 26% Fraud Rate,M015,HomeSphere Appliances,Home Appliances,"Refrigerators, ACs & Kitchen Tech",Coimbatore,Saibaba Colony,Tamil Nadu,641011,11.0315,76.945,9,27500.0,09:30-21:00,"POS,EMI,CARD,UPI",Carding attacks with immediate in-store pickup,0.038,95,100951.12,INR,P2P_TRANSFER,CARD,WEB_PORTAL,0,1,Dubai,5458.0,1,1,0,DEV-ROGUE-EMULATOR-912,unknown_bot,1,BEN-MULE-2284,QuickMule Transfer 38,0,12,25,106,3,4,0,Mule-account behavior,Pre-auth Block,Automated high-velocity attack from unknown device,1
TXN-CUST_SOWMIYA_003-11458,2026-09-22 00:10:06,2026-09-22,00:10:06,0,1,0,1,CUST_SOWMIYA_003,55,Bengaluru,Karnataka,High Risk / 26% Fraud Rate,M011,SkyTrail Travels,Travel Agency,Flight & International Tour Packages,Coimbatore,Gandhipuram,Tamil Nadu,641012,11.0183,76.9664,11,44000.0,09:00-20:00,"ONLINE,TRANSFER,CARD",Mule-account ticket arbitrage & fast cancellation fraud,0.052,130,183565.22,INR,P2P_TRANSFER,CARD,WEB_PORTAL,0,1,Dubai,3946.0,1,1,0,DEV-ROGUE-EMULATOR-166,unknown_bot,1,BEN-MULE-1846,QuickMule Transfer 21,0,11,17,74,3,3,0,Card testing,Pre-auth Block,Automated high-velocity attack from unknown device,1
TXN-CUST_SOWMIYA_003-11459,2026-09-22 01:36:16,2026-09-22,01:36:16,1,1,0,1,CUST_SOWMIYA_003,55,Bengaluru,Karnataka,High Risk / 26% Fraud Rate,M016,MotoCare Garage,Auto Service,Car Service & Detailing Hub,Chennai,Pallikaranai,Tamil Nadu,600100,12.9372,80.2014,7,8900.0,08:30-20:30,"POS,UPI,CARD",Over-invoicing / synthetic card payments,0.021,52,28069.62,INR,PURCHASE,CARD,MOBILE_APP,1,0,Bengaluru,7.0,0,0,1,DEV-SOWMIYA-ONEPLUS-11,mobile_android,0,BEN-CUST_SOWMIYA_003-TRUSTED,Trusted Household Vendor,11,1,2,16,0,0,0,None,Resolved Genuine,Standard Habitual Purchase,0
TXN-CUST_SOWMIYA_003-11460,2026-09-22 03:04:58,2026-09-22,03:04:58,3,1,0,1,CUST_SOWMIYA_003,55,Bengaluru,Karnataka,High Risk / 26% Fraud Rate,M012,DashDine Delivery,Food Delivery,Quick Commerce & Meal Delivery,Chennai,Sholinganallur,Tamil Nadu,600119,12.901,80.2279,4,520.0,06:00-02:00,"UPI,CARD,ONLINE,WALLET",Promo code abuse / stolen wallet balances,0.014,35,21388.44,INR,PURCHASE,WALLET,MOBILE_APP,0,0,Bengaluru,10.0,0,0,1,DEV-SOWMIYA-ONEPLUS-11,mobile_android,0,BEN-CUST_SOWMIYA_003-TRUSTED,Trusted Household Vendor,13,0,4,19,0,0,0,None,Resolved Genuine,Standard Habitual Purchase,0
TXN-CUST_SOWMIYA_003-11461,2026-09-22 04:32:37,2026-09-22,04:32:37,4,1,0,1,CUST_SOWMIYA_003,55,Bengaluru,Karnataka,High Risk / 26% Fraud Rate,M018,PageTurn Book House,Bookstore,"Academic, Fiction & Stationery",Trichy,Thillai Nagar,Tamil Nadu,620018,10.8282,78.6854,16,850.0,09:00-21:30,"POS,UPI,CARD,ONLINE",Low-value card testing bots,0.008,20,32844.91,INR,PURCHASE,POS,MOBILE_APP,1,0,Bengaluru,3.0,0,0,1,DEV-SOWMIYA-ONEPLUS-11,mobile_android,0,BEN-CUST_SOWMIYA_003-TRUSTED,Trusted Household Vendor,3,0,2,18,0,0,0,None,Resolved Genuine,Standard Habitual Purchase,0
TXN-CUST_SOWMIYA_003-11462,2026-09-22 06:00:19,2026-09-22,06:00:19,6,1,0,0,CUST_SOWMIYA_003,55,Bengaluru,Karnataka,High Risk / 26% Fraud Rate,M004,Aurelia Gold House,Jewellery,Gold & Diamond Jewellery,Coimbatore,RS Puram,Tamil Nadu,641002,11.0089,76.9514,14,78000.0,10:00-20:30,"POS,CARD,TRANSFER",Account takeover / card-not-present luxury surge,0.065,162,343916.35,INR,P2P_TRANSFER,CARD,WEB_PORTAL,0,1,Singapore,2657.0,1,1,0,DEV-ROGUE-EMULATOR-199,unknown_bot,1,BEN-MULE-6238,QuickMule Transfer 20,0,12,25,109,5,1,1,Account takeover,Pre-auth Block,Automated high-velocity attack from unknown device,1
TXN-CUST_SOWMIYA_003-11463,2026-09-22 07:25:39,2026-09-22,07:25:39,7,1,0,0,CUST_SOWMIYA_003,55,Bengaluru,Karnataka,High Risk / 26% Fraud Rate,M011,SkyTrail Travels,Travel Agency,Flight & International Tour Packages,Coimbatore,Gandhipuram,Tamil Nadu,641012,11.0183,76.9664,11,44000.0,09:00-20:00,"ONLINE,TRANSFER,CARD",Mule-account ticket arbitrage & fast cancellation fraud,0.052,130,15082.66,INR,PURCHASE,CARD,MOBILE_APP,0,0,Bengaluru,14.0,0,0,1,DEV-SOWMIYA-ONEPLUS-11,mobile_android,0,BEN-CUST_SOWMIYA_003-TRUSTED,Trusted Household Vendor,12,0,1,12,0,0,0,None,Resolved Genuine,Standard Habitual Purchase,0
TXN-CUST_SOWMIYA_003-11464,2026-09-22 08:51:44,2026-09-22,08:51:44,8,1,0,0,CUST_SOWMIYA_003,55,Bengaluru,Karnataka,High Risk / 26% Fraud Rate,M021,GlowCraft Salon,Salon / Beauty,Spa & Grooming Studio,Chennai,Porur,Tamil Nadu,600116,13.0382,80.1565,5,2800.0,09:00-21:00,"POS,UPI,CARD",Unusual late-night transaction spikes,0.011,27,11364.19,INR,P2P_TRANSFER,CARD,WEB_PORTAL,0,1,Dubai,3372.0,1,1,0,DEV-ROGUE-EMULATOR-108,unknown_bot,1,BEN-MULE-3858,QuickMule Transfer 71,0,9,28,118,5,2,1,Account takeover,Pre-auth Block,Automated high-velocity attack from unknown device,1
TXN-CUST_SOWMIYA_003-11465,2026-09-22 10:20:23,2026-09-22,10:20:23,10,1,0,0,CUST_SOWMIYA_003,55,Bengaluru,Karnataka,High Risk / 26% Fraud Rate,M024,LinkWave Telecom,Telecom Retail,Fiber Broadband & Postpaid Plans,Erode,Perundurai Road,Tamil Nadu,638011,11.341,77.7172,10,1950.0,09:30-20:30,"UPI,CARD,ONLINE,POS",SIM swap bill recharge surges,0.017,42,35075.44,INR,PURCHASE,ONLINE,MOBILE_APP,1,0,Bengaluru,7.0,0,0,1,DEV-SOWMIYA-ONEPLUS-11,mobile_android,0,BEN-CUST_SOWMIYA_003-TRUSTED,Trusted Household Vendor,12,0,2,18,0,0,0,None,Resolved Genuine,Standard Habitual Purchase,0
TXN-CUST_SOWMIYA_003-11466,2026-09-22 11:44:59,2026-09-22,11:44:59,11,1,0,0,CUST_SOWMIYA_003,55,Bengaluru,Karnataka,High Risk / 26% Fraud Rate,M002,CircuitBay Electronics,Consumer Electronics,Laptops & Gadgets,Chennai,Velachery,Tamil Nadu,600042,12.9759,80.2212,6,32000.0,10:00-21:30,"POS,ONLINE,EMI,UPI",Stolen payment details / high-ticket electronics delivery,0.048,120,80701.05,INR,P2P_TRANSFER,ONLINE,WEB_PORTAL,0,0,Unknown Proxy,5007.0,1,1,0,DEV-ROGUE-EMULATOR-227,unknown_bot,1,BEN-MULE-4557,QuickMule Transfer 42,0,6,35,145,4,1,1,Credential compromise,Pre-auth Block,Automated high-velocity attack from unknown device,1
TXN-CUST_SOWMIYA_003-11467,2026-09-22 13:10:21,2026-09-22,13:10:21,13,1,0,0,CUST_SOWMIYA_003,55,Bengaluru,Karnataka,High Risk / 26% Fraud Rate,M014,OakLine Furnishings,Furniture,Teak Wood & Modern Home Decor,Madurai,Bypass Road,Tamil Nadu,625016,9.932,78.109,12,38000.0,10:00-21:00,"POS,CARD,TRANSFER,EMI",Invoice redirection fraud / fake payment slips,0.029,72,27244.72,INR,PURCHASE,EMI,MOBILE_APP,1,0,Bengaluru,11.0,0,0,1,DEV-SOWMIYA-ONEPLUS-11,mobile_android,0,BEN-CUST_SOWMIYA_003-TRUSTED,Trusted Household Vendor,10,0,4,21,0,0,0,None,Resolved Genuine,Standard Habitual Purchase,0
TXN-CUST_SOWMIYA_003-11468,2026-09-22 14:35:15,2026-09-22,14:35:15,14,1,0,0,CUST_SOWMIYA_003,55,Bengaluru,Karnataka,High Risk / 26% Fraud Rate,M024,LinkWave Telecom,Telecom Retail,Fiber Broadband & Postpaid Plans,Erode,Perundurai Road,Tamil Nadu,638011,11.341,77.7172,10,1950.0,09:30-20:30,"UPI,CARD,ONLINE,POS",SIM swap bill recharge surges,0.017,42,6408.49,INR,P2P_TRANSFER,UPI,WEB_PORTAL,0,1,Singapore,5149.0,1,1,0,DEV-ROGUE-EMULATOR-952,unknown_bot,1,BEN-MULE-8169,QuickMule Transfer 86,0,9,13,58,3,1,1,Card testing,Pre-auth Block,Automated high-velocity attack from unknown device,1
TXN-CUST_SOWMIYA_003-11469,2026-09-22 15:58:39,2026-09-22,15:58:39,15,1,0,0,CUST_SOWMIYA_003,55,Bengaluru,Karnataka,High Risk / 26% Fraud Rate,M016,MotoCare Garage,Auto Service,Car Service & Detailing Hub,Chennai,Pallikaranai,Tamil Nadu,600100,12.9372,80.2014,7,8900.0,08:30-20:30,"POS,UPI,CARD",Over-invoicing / synthetic card payments,0.021,52,13965.42,INR,PURCHASE,POS,MOBILE_APP,1,0,Bengaluru,15.0,0,0,1,DEV-SOWMIYA-ONEPLUS-11,mobile_android,0,BEN-CUST_SOWMIYA_003-TRUSTED,Trusted Household Vendor,11,0,2,16,0,0,0,None,Resolved Genuine,Standard Habitual Purchase,0
TXN-CUST_SOWMIYA_003-11470,2026-09-22 17:22:34,2026-09-22,17:22:34,17,1,0,0,CUST_SOWMIYA_003,55,Bengaluru,Karnataka,High Risk / 26% Fraud Rate,M022,SkillSpring Academy,Education / Training,Professional Certifications & Tech Bootcamps,Chennai,Mylapore,Tamil Nadu,600004,13.0368,80.2676,8,22000.0,08:30-19:30,"ONLINE,NETBANKING,CARD,UPI",Stolen corporate card enrollments,0.028,70,45301.93,INR,PURCHASE,UPI,MOBILE_APP,0,0,Bengaluru,10.0,0,0,1,DEV-SOWMIYA-ONEPLUS-11,mobile_android,0,BEN-CUST_SOWMIYA_003-TRUSTED,Trusted Household Vendor,9,1,3,20,0,0,0,None,Resolved Genuine,Standard Habitual Purchase,0
TXN-CUST_SOWMIYA_003-11471,2026-09-22 18:49:36,2026-09-22,18:49:36,18,1,0,0,CUST_SOWMIYA_003,55,Bengaluru,Karnataka,High Risk / 26% Fraud Rate,M016,MotoCare Garage,Auto Service,Car Service & Detailing Hub,Chennai,Pallikaranai,Tamil Nadu,600100,12.9372,80.2014,7,8900.0,08:30-20:30,"POS,UPI,CARD",Over-invoicing / synthetic card payments,0.021,52,31406.22,INR,P2P_TRANSFER,CARD,WEB_PORTAL,0,1,Dubai,4963.0,1,1,0,DEV-ROGUE-EMULATOR-912,unknown_bot,1,BEN-MULE-7933,QuickMule Transfer 74,0,5,17,73,4,2,1,Credential compromise,Pre-auth Block,Automated high-velocity attack from unknown device,1
TXN-CUST_SOWMIYA_003-11472,2026-09-22 20:17:41,2026-09-22,20:17:41,20,1,0,0,CUST_SOWMIYA_003,55,Bengaluru,Karnataka,High Risk / 26% Fraud Rate,M024,LinkWave Telecom,Telecom Retail,Fiber Broadband & Postpaid Plans,Erode,Perundurai Road,Tamil Nadu,638011,11.341,77.7172,10,1950.0,09:30-20:30,"UPI,CARD,ONLINE,POS",SIM swap bill recharge surges,0.017,42,13124.29,INR,PURCHASE,ONLINE,MOBILE_APP,1,0,Bengaluru,3.0,0,0,1,DEV-SOWMIYA-ONEPLUS-11,mobile_android,0,BEN-CUST_SOWMIYA_003-TRUSTED,Trusted Household Vendor,9,0,2,12,0,0,0,None,Resolved Genuine,Standard Habitual Purchase,0
TXN-CUST_SOWMIYA_003-11473,2026-09-22 21:46:23,2026-09-22,21:46:23,21,1,0,0,CUST_SOWMIYA_003,55,Bengaluru,Karnataka,High Risk / 26% Fraud Rate,M011,SkyTrail Travels,Travel Agency,Flight & International Tour Packages,Coimbatore,Gandhipuram,Tamil Nadu,641012,11.0183,76.9664,11,44000.0,09:00-20:00,"ONLINE,TRANSFER,CARD",Mule-account ticket arbitrage & fast cancellation fraud,0.052,130,29595.05,INR,PURCHASE,ONLINE,MOBILE_APP,0,0,Bengaluru,12.0,0,0,1,DEV-SOWMIYA-ONEPLUS-11,mobile_android,0,BEN-CUST_SOWMIYA_003-TRUSTED,Trusted Household Vendor,10,0,4,23,0,0,0,None,Resolved Genuine,Standard Habitual Purchase,0
TXN-CUST_SOWMIYA_003-11474,2026-09-22 23:14:10,2026-09-22,23:14:10,23,1,0,1,CUST_SOWMIYA_003,55,Bengaluru,Karnataka,High Risk / 26% Fraud Rate,M016,MotoCare Garage,Auto Service,Car Service & Detailing Hub,Chennai,Pallikaranai,Tamil Nadu,600100,12.9372,80.2014,7,8900.0,08:30-20:30,"POS,UPI,CARD",Over-invoicing / synthetic card payments,0.021,52,38173.25,INR,P2P_TRANSFER,CARD,WEB_PORTAL,0,1,Moscow,2640.0,1,1,0,DEV-ROGUE-EMULATOR-777,unknown_bot,1,BEN-MULE-7324,QuickMule Transfer 44,0,12,34,144,3,3,0,Account takeover,Pre-auth Block,Automated high-velocity attack from unknown device,1
TXN-CUST_SOWMIYA_003-11475,2026-09-23 00:42:04,2026-09-23,00:42:04,0,2,0,1,CUST_SOWMIYA_003,55,Bengaluru,Karnataka,High Risk / 26% Fraud Rate,M003,Pulse Mobile Hub,Mobile Store,Smartphones & Accessories,Chennai,Tambaram,Tamil Nadu,600045,12.9249,80.1278,4,18500.0,09:30-21:30,"POS,UPI,CARD",New device abuse / rapid checkout surge,0.035,87,17672.76,INR,PURCHASE,UPI,MOBILE_APP,1,0,Bengaluru,7.0,0,0,1,DEV-SOWMIYA-ONEPLUS-11,mobile_android,0,BEN-CUST_SOWMIYA_003-TRUSTED,Trusted Household Vendor,13,1,2,13,0,0,0,None,Resolved Genuine,Standard Habitual Purchase,0
TXN-CUST_SOWMIYA_003-11476,2026-09-23 02:06:06,2026-09-23,02:06:06,2,2,0,1,CUST_SOWMIYA_003,55,Bengaluru,Karnataka,High Risk / 26% Fraud Rate,M019,ArenaSport World,Sports Retail,Fitness Equipment & Sports Wear,Chennai,Nungambakkam,Tamil Nadu,600034,13.0604,80.2405,6,5600.0,10:00-21:30,"POS,ONLINE,UPI,CARD",Stolen card chargeback on premium sports gear,0.026,65,24904.22,INR,PURCHASE,CARD,MOBILE_APP,1,0,Bengaluru,14.0,0,0,1,DEV-SOWMIYA-ONEPLUS-11,mobile_android,0,BEN-CUST_SOWMIYA_003-TRUSTED,Trusted Household Vendor,8,0,4,22,0,0,0,None,Resolved Genuine,Standard Habitual Purchase,0
TXN-CUST_SOWMIYA_003-11477,2026-09-23 03:31:02,2026-09-23,03:31:02,3,2,0,1,CUST_SOWMIYA_003,55,Bengaluru,Karnataka,High Risk / 26% Fraud Rate,M019,ArenaSport World,Sports Retail,Fitness Equipment & Sports Wear,Chennai,Nungambakkam,Tamil Nadu,600034,13.0604,80.2405,6,5600.0,10:00-21:30,"POS,ONLINE,UPI,CARD",Stolen card chargeback on premium sports gear,0.026,65,41068.11,INR,PURCHASE,UPI,MOBILE_APP,1,0,Bengaluru,1.0,0,0,1,DEV-SOWMIYA-ONEPLUS-11,mobile_android,0,BEN-CUST_SOWMIYA_003-TRUSTED,Trusted Household Vendor,13,0,1,12,0,0,0,None,Resolved Genuine,Standard Habitual Purchase,0
TXN-CUST_SOWMIYA_003-11478,2026-09-23 04:59:46,2026-09-23,04:59:46,4,2,0,1,CUST_SOWMIYA_003,55,Bengaluru,Karnataka,High Risk / 26% Fraud Rate,M013,CartNest Online,E-commerce,Multi-category Marketplace,Chennai,Guindy,Tamil Nadu,600032,13.0067,80.2026,5,6200.0,24_HOURS,"ONLINE,UPI,CARD,NETBANKING",Account takeover + triangulation shipping fraud,0.045,112,30979.81,INR,P2P_TRANSFER,CARD,WEB_PORTAL,0,1,Moscow,2845.0,1,1,0,DEV-ROGUE-EMULATOR-163,unknown_bot,1,BEN-MULE-2265,QuickMule Transfer 59,0,10,16,66,2,1,1,Card testing,Pre-auth Block,Automated high-velocity attack from unknown device,1
TXN-CUST_SOWMIYA_003-11479,2026-09-23 06:25:51,2026-09-23,06:25:51,6,2,0,0,CUST_SOWMIYA_003,55,Bengaluru,Karnataka,High Risk / 26% Fraud Rate,M015,HomeSphere Appliances,Home Appliances,"Refrigerators, ACs & Kitchen Tech",Coimbatore,Saibaba Colony,Tamil Nadu,641011,11.0315,76.945,9,27500.0,09:30-21:00,"POS,EMI,CARD,UPI",Carding attacks with immediate in-store pickup,0.038,95,41158.34,INR,PURCHASE,POS,MOBILE_APP,1,0,Bengaluru,13.0,0,0,1,DEV-SOWMIYA-ONEPLUS-11,mobile_android,0,BEN-CUST_SOWMIYA_003-TRUSTED,Trusted Household Vendor,7,0,1,7,0,0,0,None,Resolved Genuine,Standard Habitual Purchase,0
TXN-CUST_SOWMIYA_003-11480,2026-09-23 07:50:28,2026-09-23,07:50:28,7,2,0,0,CUST_SOWMIYA_003,55,Bengaluru,Karnataka,High Risk / 26% Fraud Rate,M021,GlowCraft Salon,Salon / Beauty,Spa & Grooming Studio,Chennai,Porur,Tamil Nadu,600116,13.0382,80.1565,5,2800.0,09:00-21:00,"POS,UPI,CARD",Unusual late-night transaction spikes,0.011,27,23846.94,INR,PURCHASE,CARD,MOBILE_APP,1,0,Bengaluru,14.0,0,0,1,DEV-SOWMIYA-ONEPLUS-11,mobile_android,0,BEN-CUST_SOWMIYA_003-TRUSTED,Trusted Household Vendor,14,0,2,17,0,0,0,None,Resolved Genuine,Standard Habitual Purchase,0
TXN-CUST_SOWMIYA_003-11481,2026-09-23 09:18:22,2026-09-23,09:18:22,9,2,0,0,CUST_SOWMIYA_003,55,Bengaluru,Karnataka,High Risk / 26% Fraud Rate,M022,SkillSpring Academy,Education / Training,Professional Certifications & Tech Bootcamps,Chennai,Mylapore,Tamil Nadu,600004,13.0368,80.2676,8,22000.0,08:30-19:30,"ONLINE,NETBANKING,CARD,UPI",Stolen corporate card enrollments,0.028,70,32980.14,INR,PURCHASE,NETBANKING,MOBILE_APP,0,0,Bengaluru,10.0,0,0,1,DEV-SOWMIYA-ONEPLUS-11,mobile_android,0,BEN-CUST_SOWMIYA_003-TRUSTED,Trusted Household Vendor,10,0,2,15,0,0,0,None,Resolved Genuine,Standard Habitual Purchase,0
TXN-CUST_SOWMIYA_003-11482,2026-09-23 10:45:15,2026-09-23,10:45:15,10,2,0,0,CUST_SOWMIYA_003,55,Bengaluru,Karnataka,High Risk / 26% Fraud Rate,M018,PageTurn Book House,Bookstore,"Academic, Fiction & Stationery",Trichy,Thillai Nagar,Tamil Nadu,620018,10.8282,78.6854,16,850.0,09:00-21:30,"POS,UPI,CARD,ONLINE",Low-value card testing bots,0.008,20,2918.79,INR,P2P_TRANSFER,ONLINE,WEB_PORTAL,0,1,Dubai,3941.0,1,1,0,DEV-ROGUE-EMULATOR-580,unknown_bot,1,BEN-MULE-3984,QuickMule Transfer 98,0,9,21,87,6,1,1,Mule-account behavior,Pre-auth Block,Automated high-velocity attack from unknown device,1
TXN-CUST_SOWMIYA_003-11483,2026-09-23 12:10:36,2026-09-23,12:10:36,12,2,0,0,CUST_SOWMIYA_003,55,Bengaluru,Karnataka,High Risk / 26% Fraud Rate,M023,SwiftBox Logistics,Courier / Logistics,Express Parcel & Freight Delivery,Tiruppur,Avinashi Road,Tamil Nadu,641603,11.1085,77.3411,9,4200.0,08:00-21:00,"POS,UPI,CARD,ONLINE",Interception fraud / address redirection,0.02,50,20693.7,INR,P2P_TRANSFER,UPI,WEB_PORTAL,0,1,Dubai,1606.0,1,1,0,DEV-ROGUE-EMULATOR-589,unknown_bot,1,BEN-MULE-2718,QuickMule Transfer 37,0,6,30,128,3,2,0,Card testing,Pre-auth Block,Automated high-velocity attack from unknown device,1
TXN-CUST_SOWMIYA_003-11484,2026-09-23 13:37:03,2026-09-23,13:37:03,13,2,0,0,CUST_SOWMIYA_003,55,Bengaluru,Karnataka,High Risk / 26% Fraud Rate,M007,SpiceRoute Kitchen,Restaurant,Fine Dining & Chettinad,Chennai,Adyar,Tamil Nadu,600020,13.0012,80.2565,7,2200.0,11:30-23:30,"POS,UPI,CARD",Cloned card POS terminal replay,0.018,45,27507.01,INR,PURCHASE,POS,MOBILE_APP,1,0,Bengaluru,5.0,0,0,1,DEV-SOWMIYA-ONEPLUS-11,mobile_android,0,BEN-CUST_SOWMIYA_003-TRUSTED,Trusted Household Vendor,4,0,2,16,0,0,0,None,Resolved Genuine,Standard Habitual Purchase,0
TXN-CUST_SOWMIYA_003-11485,2026-09-23 15:05:00,2026-09-23,15:05:00,15,2,0,0,CUST_SOWMIYA_003,55,Bengaluru,Karnataka,High Risk / 26% Fraud Rate,M028,CraftCove Home Decor,Home Decor,Handicrafts & Art Pieces,Thanjavur,Medical College Road,Tamil Nadu,613004,10.7684,79.1245,8,7400.0,09:30-20:30,"POS,UPI,CARD,ONLINE",Cross-border tourist chargebacks,0.023,57,17849.38,INR,P2P_TRANSFER,CARD,WEB_PORTAL,0,1,Moscow,1884.0,1,1,0,DEV-ROGUE-EMULATOR-611,unknown_bot,1,BEN-MULE-3830,QuickMule Transfer 99,0,6,35,143,6,1,1,Credential compromise,Pre-auth Block,Automated high-velocity attack from unknown device,1
TXN-CUST_SOWMIYA_003-11486,2026-09-23 16:32:44,2026-09-23,16:32:44,16,2,0,0,CUST_SOWMIYA_003,55,Bengaluru,Karnataka,High Risk / 26% Fraud Rate,M012,DashDine Delivery,Food Delivery,Quick Commerce & Meal Delivery,Chennai,Sholinganallur,Tamil Nadu,600119,12.901,80.2279,4,520.0,06:00-02:00,"UPI,CARD,ONLINE,WALLET",Promo code abuse / stolen wallet balances,0.014,35,38640.2,INR,PURCHASE,ONLINE,MOBILE_APP,0,0,Bengaluru,13.0,0,0,1,DEV-SOWMIYA-ONEPLUS-11,mobile_android,0,BEN-CUST_SOWMIYA_003-TRUSTED,Trusted Household Vendor,13,1,4,23,0,0,0,None,Resolved Genuine,Standard Habitual Purchase,0
TXN-CUST_SOWMIYA_003-11487,2026-09-23 17:59:29,2026-09-23,17:59:29,17,2,0,0,CUST_SOWMIYA_003,55,Bengaluru,Karnataka,High Risk / 26% Fraud Rate,M006,MedicoCare Pharmacy,Pharmacy,Medicines & Surgical Supplies,Madurai,KK Nagar,Tamil Nadu,625020,9.9252,78.1498,10,1450.0,24_HOURS,"POS,UPI,CARD,ONLINE",Nighttime micro card testing,0.015,37,4083.67,INR,P2P_TRANSFER,POS,WEB_PORTAL,0,1,Singapore,2262.0,1,1,0,DEV-ROGUE-EMULATOR-477,unknown_bot,1,BEN-MULE-8162,QuickMule Transfer 34,0,12,22,92,6,4,0,Card testing,Pre-auth Block,Automated high-velocity attack from unknown device,1
TXN-CUST_SOWMIYA_003-11488,2026-09-23 19:27:30,2026-09-23,19:27:30,19,2,0,0,CUST_SOWMIYA_003,55,Bengaluru,Karnataka,High Risk / 26% Fraud Rate,M018,PageTurn Book House,Bookstore,"Academic, Fiction & Stationery",Trichy,Thillai Nagar,Tamil Nadu,620018,10.8282,78.6854,16,850.0,09:00-21:30,"POS,UPI,CARD,ONLINE",Low-value card testing bots,0.008,20,38016.2,INR,PURCHASE,UPI,MOBILE_APP,1,0,Bengaluru,12.0,0,0,1,DEV-SOWMIYA-ONEPLUS-11,mobile_android,0,BEN-CUST_SOWMIYA_003-TRUSTED,Trusted Household Vendor,15,1,2,15,0,0,0,None,Resolved Genuine,Standard Habitual Purchase,0
TXN-CUST_SOWMIYA_003-11489,2026-09-23 20:56:36,2026-09-23,20:56:36,20,2,0,0,CUST_SOWMIYA_003,55,Bengaluru,Karnataka,High Risk / 26% Fraud Rate,M018,PageTurn Book House,Bookstore,"Academic, Fiction & Stationery",Trichy,Thillai Nagar,Tamil Nadu,620018,10.8282,78.6854,16,850.0,09:00-21:30,"POS,UPI,CARD,ONLINE",Low-value card testing bots,0.008,20,40602.07,INR,PURCHASE,UPI,MOBILE_APP,1,0,Bengaluru,9.0,0,0,1,DEV-SOWMIYA-ONEPLUS-11,mobile_android,0,BEN-CUST_SOWMIYA_003-TRUSTED,Trusted Household Vendor,8,0,1,11,0,0,0,None,Resolved Genuine,Standard Habitual Purchase,0
TXN-CUST_SOWMIYA_003-11490,2026-09-23 22:24:49,2026-09-23,22:24:49,22,2,0,0,CUST_SOWMIYA_003,55,Bengaluru,Karnataka,High Risk / 26% Fraud Rate,M020,GameGrid Arena,Gaming,"Esports, Consoles & Virtual Credits",Bengaluru,Koramangala,Karnataka,560095,12.9352,77.6245,4,3400.0,10:00-01:00,"ONLINE,UPI,CARD,WALLET",Virtual item laundering & bot-driven micro transactions,0.055,137,10339.05,INR,P2P_TRANSFER,WALLET,WEB_PORTAL,0,1,Moscow,3737.0,1,1,0,DEV-ROGUE-EMULATOR-260,unknown_bot,1,BEN-MULE-6258,QuickMule Transfer 14,0,11,20,84,5,3,0,Mule-account behavior,Pre-auth Block,Automated high-velocity attack from unknown device,1
TXN-CUST_SOWMIYA_003-11491,2026-09-23 23:53:36,2026-09-23,23:53:36,23,2,0,1,CUST_SOWMIYA_003,55,Bengaluru,Karnataka,High Risk / 26% Fraud Rate,M008,BeanCircuit Cafe,Cafe,Specialty Coffee & Bakery,Bengaluru,Indiranagar,Karnataka,560038,12.9784,77.6408,3,650.0,07:30-23:00,"UPI,POS,CARD",QR code spoofing / fast velocity dining,0.009,22,14912.63,INR,PURCHASE,POS,MOBILE_APP,1,0,Bengaluru,1.0,0,0,1,DEV-SOWMIYA-ONEPLUS-11,mobile_android,0,BEN-CUST_SOWMIYA_003-TRUSTED,Trusted Household Vendor,11,0,1,6,0,0,0,None,Resolved Genuine,Standard Habitual Purchase,0
TXN-CUST_SOWMIYA_003-11492,2026-09-24 01:20:09,2026-09-24,01:20:09,1,3,0,1,CUST_SOWMIYA_003,55,Bengaluru,Karnataka,High Risk / 26% Fraud Rate,M002,CircuitBay Electronics,Consumer Electronics,Laptops & Gadgets,Chennai,Velachery,Tamil Nadu,600042,12.9759,80.2212,6,32000.0,10:00-21:30,"POS,ONLINE,EMI,UPI",Stolen payment details / high-ticket electronics delivery,0.048,120,43364.35,INR,PURCHASE,POS,MOBILE_APP,1,0,Bengaluru,8.0,0,0,1,DEV-SOWMIYA-ONEPLUS-11,mobile_android,0,BEN-CUST_SOWMIYA_003-TRUSTED,Trusted Household Vendor,8,0,3,19,0,0,0,None,Resolved Genuine,Standard Habitual Purchase,0
TXN-CUST_SOWMIYA_003-11493,2026-09-24 02:46:49,2026-09-24,02:46:49,2,3,0,1,CUST_SOWMIYA_003,55,Bengaluru,Karnataka,High Risk / 26% Fraud Rate,M021,GlowCraft Salon,Salon / Beauty,Spa & Grooming Studio,Chennai,Porur,Tamil Nadu,600116,13.0382,80.1565,5,2800.0,09:00-21:00,"POS,UPI,CARD",Unusual late-night transaction spikes,0.011,27,8669.27,INR,P2P_TRANSFER,UPI,WEB_PORTAL,0,1,Dubai,1212.0,1,1,0,DEV-ROGUE-EMULATOR-110,unknown_bot,1,BEN-MULE-9058,QuickMule Transfer 43,0,12,32,137,6,4,1,Account takeover,Pre-auth Block,Automated high-velocity attack from unknown device,1
TXN-CUST_SOWMIYA_003-11494,2026-09-24 04:12:49,2026-09-24,04:12:49,4,3,0,1,CUST_SOWMIYA_003,55,Bengaluru,Karnataka,High Risk / 26% Fraud Rate,M019,ArenaSport World,Sports Retail,Fitness Equipment & Sports Wear,Chennai,Nungambakkam,Tamil Nadu,600034,13.0604,80.2405,6,5600.0,10:00-21:30,"POS,ONLINE,UPI,CARD",Stolen card chargeback on premium sports gear,0.026,65,19321.7,INR,P2P_TRANSFER,ONLINE,WEB_PORTAL,0,0,Unknown Proxy,4696.0,1,1,0,DEV-ROGUE-EMULATOR-930,unknown_bot,1,BEN-MULE-6414,QuickMule Transfer 41,0,10,18,77,5,3,1,Card testing,Pre-auth Block,Automated high-velocity attack from unknown device,1
TXN-CUST_SOWMIYA_003-11495,2026-09-24 05:38:01,2026-09-24,05:38:01,5,3,0,1,CUST_SOWMIYA_003,55,Bengaluru,Karnataka,High Risk / 26% Fraud Rate,M015,HomeSphere Appliances,Home Appliances,"Refrigerators, ACs & Kitchen Tech",Coimbatore,Saibaba Colony,Tamil Nadu,641011,11.0315,76.945,9,27500.0,09:30-21:00,"POS,EMI,CARD,UPI",Carding attacks with immediate in-store pickup,0.038,95,26539.86,INR,PURCHASE,UPI,MOBILE_APP,1,0,Bengaluru,12.0,0,0,1,DEV-SOWMIYA-ONEPLUS-11,mobile_android,0,BEN-CUST_SOWMIYA_003-TRUSTED,Trusted Household Vendor,6,0,2,12,0,0,0,None,Resolved Genuine,Standard Habitual Purchase,0
TXN-CUST_SOWMIYA_003-11496,2026-09-24 07:02:22,2026-09-24,07:02:22,7,3,0,0,CUST_SOWMIYA_003,55,Bengaluru,Karnataka,High Risk / 26% Fraud Rate,M028,CraftCove Home Decor,Home Decor,Handicrafts & Art Pieces,Thanjavur,Medical College Road,Tamil Nadu,613004,10.7684,79.1245,8,7400.0,09:30-20:30,"POS,UPI,CARD,ONLINE",Cross-border tourist chargebacks,0.023,57,43252.4,INR,PURCHASE,POS,MOBILE_APP,1,0,Bengaluru,7.0,0,0,1,DEV-SOWMIYA-ONEPLUS-11,mobile_android,0,BEN-CUST_SOWMIYA_003-TRUSTED,Trusted Household Vendor,11,0,2,11,0,0,0,None,Resolved Genuine,Standard Habitual Purchase,0
TXN-CUST_SOWMIYA_003-11497,2026-09-24 08:27:50,2026-09-24,08:27:50,8,3,0,0,CUST_SOWMIYA_003,55,Bengaluru,Karnataka,High Risk / 26% Fraud Rate,M006,MedicoCare Pharmacy,Pharmacy,Medicines & Surgical Supplies,Madurai,KK Nagar,Tamil Nadu,625020,9.9252,78.1498,10,1450.0,24_HOURS,"POS,UPI,CARD,ONLINE",Nighttime micro card testing,0.015,37,18875.33,INR,PURCHASE,CARD,MOBILE_APP,1,0,Bengaluru,5.0,0,0,1,DEV-SOWMIYA-ONEPLUS-11,mobile_android,0,BEN-CUST_SOWMIYA_003-TRUSTED,Trusted Household Vendor,6,0,4,23,0,0,0,None,Resolved Genuine,Standard Habitual Purchase,0
TXN-CUST_SOWMIYA_003-11498,2026-09-24 09:51:32,2026-09-24,09:51:32,9,3,0,0,CUST_SOWMIYA_003,55,Bengaluru,Karnataka,High Risk / 26% Fraud Rate,M006,MedicoCare Pharmacy,Pharmacy,Medicines & Surgical Supplies,Madurai,KK Nagar,Tamil Nadu,625020,9.9252,78.1498,10,1450.0,24_HOURS,"POS,UPI,CARD,ONLINE",Nighttime micro card testing,0.015,37,5627.16,INR,P2P_TRANSFER,ONLINE,WEB_PORTAL,0,1,Singapore,1231.0,1,1,0,DEV-ROGUE-EMULATOR-108,unknown_bot,1,BEN-MULE-8834,QuickMule Transfer 92,0,8,27,112,3,4,1,Account takeover,Pre-auth Block,Automated high-velocity attack from unknown device,1
TXN-CUST_SOWMIYA_003-11499,2026-09-24 11:18:30,2026-09-24,11:18:30,11,3,0,0,CUST_SOWMIYA_003,55,Bengaluru,Karnataka,High Risk / 26% Fraud Rate,M009,RapidFuel Station,Fuel Station,"Petrol, Diesel & EV Fast Charge",Salem,Fairlands,Tamil Nadu,636016,11.6643,78.146,9,3100.0,24_HOURS,"POS,FLEET_CARD,UPI",Automated fleet card skimming,0.024,60,23554.78,INR,PURCHASE,FLEET_CARD,MOBILE_APP,1,0,Bengaluru,10.0,0,0,1,DEV-SOWMIYA-ONEPLUS-11,mobile_android,0,BEN-CUST_SOWMIYA_003-TRUSTED,Trusted Household Vendor,9,0,2,10,0,0,0,None,Resolved Genuine,Standard Habitual Purchase,0
TXN-CUST_SOWMIYA_003-11500,2026-09-24 12:45:20,2026-09-24,12:45:20,12,3,0,0,CUST_SOWMIYA_003,55,Bengaluru,Karnataka,High Risk / 26% Fraud Rate,M025,ShieldSure Services,Insurance Services,General & Health Insurance Premium,Chennai,Egmore,Tamil Nadu,600008,13.0784,80.2607,13,14000.0,09:30-18:00,"ONLINE,NETBANKING,CARD",Premium diversion / fake policy payment slips,0.019,47,53559.53,INR,P2P_TRANSFER,CARD,WEB_PORTAL,0,0,Unknown Proxy,1962.0,1,1,0,DEV-ROGUE-EMULATOR-721,unknown_bot,1,BEN-MULE-6977,QuickMule Transfer 36,0,11,21,93,5,2,1,Credential compromise,Pre-auth Block,Automated high-velocity attack from unknown device,1
