transaction_id,transaction_datetime,transaction_date,transaction_time,transaction_hour,day_of_week,is_weekend,is_night_transaction,customer_id,customer_account_age_days,customer_usual_location,customer_usual_state,customer_risk_segment,merchant_id,merchant_name,merchant_category,merchant_subcategory,merchant_city,merchant_area,merchant_state,merchant_pincode,merchant_latitude,merchant_longitude,merchant_business_age_years,merchant_average_ticket,merchant_operating_hours,merchant_payment_channels,merchant_historical_fraud_pattern,merchant_historical_fraud_rate,merchant_historical_fraud_count,amount,currency,transaction_type,payment_channel,transaction_channel,card_present,is_international,current_location,location_distance_km,is_location_changed,is_new_device,is_trusted_device,device_id,device_type,is_new_beneficiary,beneficiary_id,beneficiary_name,beneficiary_prior_transaction_count,customer_tx_count_last_1h,customer_tx_count_last_24h,customer_tx_count_last_7d,failed_login_attempts_last_24h,failed_transaction_attempts_last_24h,recent_password_reset_flag,fraud_scenario_type,fraud_lifecycle_stage,synthetic_fraud_scenario_description,is_fraud
TXN-CUST_MOHANA_002-10001,2026-06-26 12:45:38,2026-06-26,12:45:38,12,4,0,0,CUST_MOHANA_002,180,Coimbatore,Tamil Nadu,Medium Risk / 12% Fraud Rate,M006,MedicoCare Pharmacy,Pharmacy,Medicines & Surgical Supplies,Madurai,KK Nagar,Tamil Nadu,625020,9.9252,78.1498,10,1450.0,24_HOURS,"POS,UPI,CARD,ONLINE",Nighttime micro card testing,0.015,37,5223.71,INR,PURCHASE,ONLINE,MOBILE_APP,1,0,Coimbatore,13.0,0,0,1,DEV-MOHANA-SAMSUNG-S23,mobile_android,0,BEN-CUST_MOHANA_002-TRUSTED,Trusted Household Vendor,4,0,3,19,0,0,0,None,Resolved Genuine,Standard Habitual Purchase,0
TXN-CUST_MOHANA_002-10002,2026-06-26 14:12:52,2026-06-26,14:12:52,14,4,0,0,CUST_MOHANA_002,180,Coimbatore,Tamil Nadu,Medium Risk / 12% Fraud Rate,M018,PageTurn Book House,Bookstore,"Academic, Fiction & Stationery",Trichy,Thillai Nagar,Tamil Nadu,620018,10.8282,78.6854,16,850.0,09:00-21:30,"POS,UPI,CARD,ONLINE",Low-value card testing bots,0.008,20,2508.84,INR,P2P_TRANSFER,ONLINE,WEB_PORTAL,0,0,Mumbai,518.0,1,1,0,DEV-LAPTOP-CHROME-211,web_browser,1,BEN-NEW-884,Global Flight Booking,0,3,8,35,1,0,0,Geographic Anomaly / High Ticket Spike,Review Required,Sudden location velocity jump with new merchant,1
TXN-CUST_MOHANA_002-10003,2026-06-26 15:40:22,2026-06-26,15:40:22,15,4,0,0,CUST_MOHANA_002,180,Coimbatore,Tamil Nadu,Medium Risk / 12% Fraud Rate,M020,GameGrid Arena,Gaming,"Esports, Consoles & Virtual Credits",Bengaluru,Koramangala,Karnataka,560095,12.9352,77.6245,4,3400.0,10:00-01:00,"ONLINE,UPI,CARD,WALLET",Virtual item laundering & bot-driven micro transactions,0.055,137,5544.98,INR,PURCHASE,WALLET,MOBILE_APP,0,0,Coimbatore,11.0,0,0,1,DEV-MOHANA-SAMSUNG-S23,mobile_android,0,BEN-CUST_MOHANA_002-TRUSTED,Trusted Household Vendor,6,1,2,12,0,0,0,None,Resolved Genuine,Standard Habitual Purchase,0
TXN-CUST_MOHANA_002-10004,2026-06-26 17:08:53,2026-06-26,17:08:53,17,4,0,0,CUST_MOHANA_002,180,Coimbatore,Tamil Nadu,Medium Risk / 12% Fraud Rate,M020,GameGrid Arena,Gaming,"Esports, Consoles & Virtual Credits",Bengaluru,Koramangala,Karnataka,560095,12.9352,77.6245,4,3400.0,10:00-01:00,"ONLINE,UPI,CARD,WALLET",Virtual item laundering & bot-driven micro transactions,0.055,137,10158.43,INR,PURCHASE,WALLET,MOBILE_APP,0,0,Coimbatore,6.0,0,0,1,DEV-MOHANA-SAMSUNG-S23,mobile_android,0,BEN-CUST_MOHANA_002-TRUSTED,Trusted Household Vendor,13,0,4,22,0,0,0,None,Resolved Genuine,Standard Habitual Purchase,0
TXN-CUST_MOHANA_002-10005,2026-06-26 18:33:40,2026-06-26,18:33:40,18,4,0,0,CUST_MOHANA_002,180,Coimbatore,Tamil Nadu,Medium Risk / 12% Fraud Rate,M009,RapidFuel Station,Fuel Station,"Petrol, Diesel & EV Fast Charge",Salem,Fairlands,Tamil Nadu,636016,11.6643,78.146,9,3100.0,24_HOURS,"POS,FLEET_CARD,UPI",Automated fleet card skimming,0.024,60,8214.21,INR,PURCHASE,FLEET_CARD,MOBILE_APP,1,0,Coimbatore,14.0,0,0,1,DEV-MOHANA-SAMSUNG-S23,mobile_android,0,BEN-CUST_MOHANA_002-TRUSTED,Trusted Household Vendor,5,0,3,19,0,0,0,None,Resolved Genuine,Standard Habitual Purchase,0
TXN-CUST_MOHANA_002-10006,2026-06-26 20:01:25,2026-06-26,20:01:25,20,4,0,0,CUST_MOHANA_002,180,Coimbatore,Tamil Nadu,Medium Risk / 12% Fraud Rate,M027,BrickHarbor Realty,Real Estate / Property Services,Rental Escrow & Facility Management,Chennai,Porur,Tamil Nadu,600116,13.035,80.16,11,65000.0,09:00-19:00,"TRANSFER,NETBANKING,CARD",Security deposit phishing / escrow hijacking,0.039,97,11001.18,INR,PURCHASE,NETBANKING,MOBILE_APP,0,0,Coimbatore,8.0,0,0,1,DEV-MOHANA-SAMSUNG-S23,mobile_android,0,BEN-CUST_MOHANA_002-TRUSTED,Trusted Household Vendor,15,0,4,18,0,0,0,None,Resolved Genuine,Standard Habitual Purchase,0
TXN-CUST_MOHANA_002-10007,2026-06-26 21:29:24,2026-06-26,21:29:24,21,4,0,0,CUST_MOHANA_002,180,Coimbatore,Tamil Nadu,Medium Risk / 12% Fraud Rate,M013,CartNest Online,E-commerce,Multi-category Marketplace,Chennai,Guindy,Tamil Nadu,600032,13.0067,80.2026,5,6200.0,24_HOURS,"ONLINE,UPI,CARD,NETBANKING",Account takeover + triangulation shipping fraud,0.045,112,3964.14,INR,PURCHASE,CARD,MOBILE_APP,0,0,Coimbatore,7.0,0,0,1,DEV-MOHANA-SAMSUNG-S23,mobile_android,0,BEN-CUST_MOHANA_002-TRUSTED,Trusted Household Vendor,10,0,2,10,0,0,0,None,Resolved Genuine,Standard Habitual Purchase,0
TXN-CUST_MOHANA_002-10008,2026-06-26 22:57:42,2026-06-26,22:57:42,22,4,0,0,CUST_MOHANA_002,180,Coimbatore,Tamil Nadu,Medium Risk / 12% Fraud Rate,M007,SpiceRoute Kitchen,Restaurant,Fine Dining & Chettinad,Chennai,Adyar,Tamil Nadu,600020,13.0012,80.2565,7,2200.0,11:30-23:30,"POS,UPI,CARD",Cloned card POS terminal replay,0.018,45,5527.81,INR,PURCHASE,UPI,MOBILE_APP,1,0,Coimbatore,12.0,0,0,1,DEV-MOHANA-SAMSUNG-S23,mobile_android,0,BEN-CUST_MOHANA_002-TRUSTED,Trusted Household Vendor,3,0,3,20,0,0,0,None,Resolved Genuine,Standard Habitual Purchase,0
TXN-CUST_MOHANA_002-10009,2026-06-27 00:25:51,2026-06-27,00:25:51,0,5,1,1,CUST_MOHANA_002,180,Coimbatore,Tamil Nadu,Medium Risk / 12% Fraud Rate,M011,SkyTrail Travels,Travel Agency,Flight & International Tour Packages,Coimbatore,Gandhipuram,Tamil Nadu,641012,11.0183,76.9664,11,44000.0,09:00-20:00,"ONLINE,TRANSFER,CARD",Mule-account ticket arbitrage & fast cancellation fraud,0.052,130,9092.3,INR,PURCHASE,CARD,MOBILE_APP,0,0,Coimbatore,12.0,0,0,1,DEV-MOHANA-SAMSUNG-S23,mobile_android,0,BEN-CUST_MOHANA_002-TRUSTED,Trusted Household Vendor,12,1,2,17,0,0,0,None,Resolved Genuine,Standard Habitual Purchase,0
TXN-CUST_MOHANA_002-10010,2026-06-27 01:54:23,2026-06-27,01:54:23,1,5,1,1,CUST_MOHANA_002,180,Coimbatore,Tamil Nadu,Medium Risk / 12% Fraud Rate,M004,Aurelia Gold House,Jewellery,Gold & Diamond Jewellery,Coimbatore,RS Puram,Tamil Nadu,641002,11.0089,76.9514,14,78000.0,10:00-20:30,"POS,CARD,TRANSFER",Account takeover / card-not-present luxury surge,0.065,162,4159.15,INR,PURCHASE,TRANSFER,MOBILE_APP,1,0,Coimbatore,3.0,0,0,1,DEV-MOHANA-SAMSUNG-S23,mobile_android,0,BEN-CUST_MOHANA_002-TRUSTED,Trusted Household Vendor,14,0,4,25,0,0,0,None,Resolved Genuine,Standard Habitual Purchase,0
TXN-CUST_MOHANA_002-10011,2026-06-27 03:23:30,2026-06-27,03:23:30,3,5,1,1,CUST_MOHANA_002,180,Coimbatore,Tamil Nadu,Medium Risk / 12% Fraud Rate,M002,CircuitBay Electronics,Consumer Electronics,Laptops & Gadgets,Chennai,Velachery,Tamil Nadu,600042,12.9759,80.2212,6,32000.0,10:00-21:30,"POS,ONLINE,EMI,UPI",Stolen payment details / high-ticket electronics delivery,0.048,120,11368.53,INR,PURCHASE,EMI,MOBILE_APP,1,0,Coimbatore,7.0,0,0,1,DEV-MOHANA-SAMSUNG-S23,mobile_android,0,BEN-CUST_MOHANA_002-TRUSTED,Trusted Household Vendor,6,0,4,24,0,0,0,None,Resolved Genuine,Standard Habitual Purchase,0
TXN-CUST_MOHANA_002-10012,2026-06-27 04:47:15,2026-06-27,04:47:15,4,5,1,1,CUST_MOHANA_002,180,Coimbatore,Tamil Nadu,Medium Risk / 12% Fraud Rate,M002,CircuitBay Electronics,Consumer Electronics,Laptops & Gadgets,Chennai,Velachery,Tamil Nadu,600042,12.9759,80.2212,6,32000.0,10:00-21:30,"POS,ONLINE,EMI,UPI",Stolen payment details / high-ticket electronics delivery,0.048,120,9924.21,INR,PURCHASE,POS,MOBILE_APP,1,0,Coimbatore,5.0,0,0,1,DEV-MOHANA-SAMSUNG-S23,mobile_android,0,BEN-CUST_MOHANA_002-TRUSTED,Trusted Household Vendor,7,0,4,25,0,0,0,None,Resolved Genuine,Standard Habitual Purchase,0
TXN-CUST_MOHANA_002-10013,2026-06-27 06:11:28,2026-06-27,06:11:28,6,5,1,0,CUST_MOHANA_002,180,Coimbatore,Tamil Nadu,Medium Risk / 12% Fraud Rate,M024,LinkWave Telecom,Telecom Retail,Fiber Broadband & Postpaid Plans,Erode,Perundurai Road,Tamil Nadu,638011,11.341,77.7172,10,1950.0,09:30-20:30,"UPI,CARD,ONLINE,POS",SIM swap bill recharge surges,0.017,42,4154.69,INR,PURCHASE,ONLINE,MOBILE_APP,1,0,Coimbatore,13.0,0,0,1,DEV-MOHANA-SAMSUNG-S23,mobile_android,0,BEN-CUST_MOHANA_002-TRUSTED,Trusted Household Vendor,5,0,2,13,0,0,0,None,Resolved Genuine,Standard Habitual Purchase,0
TXN-CUST_MOHANA_002-10014,2026-06-27 07:38:14,2026-06-27,07:38:14,7,5,1,0,CUST_MOHANA_002,180,Coimbatore,Tamil Nadu,Medium Risk / 12% Fraud Rate,M015,HomeSphere Appliances,Home Appliances,"Refrigerators, ACs & Kitchen Tech",Coimbatore,Saibaba Colony,Tamil Nadu,641011,11.0315,76.945,9,27500.0,09:30-21:00,"POS,EMI,CARD,UPI",Carding attacks with immediate in-store pickup,0.038,95,58941.23,INR,PURCHASE,POS,MOBILE_APP,0,0,Hyderabad,566.0,1,0,1,DEV-MOHANA-SAMSUNG-S23,mobile_android,0,BEN-CUST_MOHANA_002-01,Self Family Transfer,3,4,8,36,1,0,0,Geographic Anomaly / High Ticket Spike,Review Required,Sudden location velocity jump with new merchant,1
TXN-CUST_MOHANA_002-10015,2026-06-27 09:06:16,2026-06-27,09:06:16,9,5,1,0,CUST_MOHANA_002,180,Coimbatore,Tamil Nadu,Medium Risk / 12% Fraud Rate,M003,Pulse Mobile Hub,Mobile Store,Smartphones & Accessories,Chennai,Tambaram,Tamil Nadu,600045,12.9249,80.1278,4,18500.0,09:30-21:30,"POS,UPI,CARD",New device abuse / rapid checkout surge,0.035,87,12281.4,INR,PURCHASE,UPI,MOBILE_APP,1,0,Coimbatore,12.0,0,0,1,DEV-MOHANA-SAMSUNG-S23,mobile_android,0,BEN-CUST_MOHANA_002-TRUSTED,Trusted Household Vendor,8,0,3,17,0,0,0,None,Resolved Genuine,Standard Habitual Purchase,0
TXN-CUST_MOHANA_002-10016,2026-06-27 10:30:46,2026-06-27,10:30:46,10,5,1,0,CUST_MOHANA_002,180,Coimbatore,Tamil Nadu,Medium Risk / 12% Fraud Rate,M015,HomeSphere Appliances,Home Appliances,"Refrigerators, ACs & Kitchen Tech",Coimbatore,Saibaba Colony,Tamil Nadu,641011,11.0315,76.945,9,27500.0,09:30-21:00,"POS,EMI,CARD,UPI",Carding attacks with immediate in-store pickup,0.038,95,5722.36,INR,PURCHASE,POS,MOBILE_APP,1,0,Coimbatore,6.0,0,0,1,DEV-MOHANA-SAMSUNG-S23,mobile_android,0,BEN-CUST_MOHANA_002-TRUSTED,Trusted Household Vendor,7,0,3,16,0,0,0,None,Resolved Genuine,Standard Habitual Purchase,0
TXN-CUST_MOHANA_002-10017,2026-06-27 11:54:53,2026-06-27,11:54:53,11,5,1,0,CUST_MOHANA_002,180,Coimbatore,Tamil Nadu,Medium Risk / 12% Fraud Rate,M014,OakLine Furnishings,Furniture,Teak Wood & Modern Home Decor,Madurai,Bypass Road,Tamil Nadu,625016,9.932,78.109,12,38000.0,10:00-21:00,"POS,CARD,TRANSFER,EMI",Invoice redirection fraud / fake payment slips,0.029,72,7758.78,INR,PURCHASE,POS,MOBILE_APP,1,0,Coimbatore,13.0,0,0,1,DEV-MOHANA-SAMSUNG-S23,mobile_android,0,BEN-CUST_MOHANA_002-TRUSTED,Trusted Household Vendor,11,0,1,14,0,0,0,None,Resolved Genuine,Standard Habitual Purchase,0
TXN-CUST_MOHANA_002-10018,2026-06-27 13:20:32,2026-06-27,13:20:32,13,5,1,0,CUST_MOHANA_002,180,Coimbatore,Tamil Nadu,Medium Risk / 12% Fraud Rate,M019,ArenaSport World,Sports Retail,Fitness Equipment & Sports Wear,Chennai,Nungambakkam,Tamil Nadu,600034,13.0604,80.2405,6,5600.0,10:00-21:30,"POS,ONLINE,UPI,CARD",Stolen card chargeback on premium sports gear,0.026,65,7859.51,INR,PURCHASE,CARD,MOBILE_APP,1,0,Coimbatore,1.0,0,0,1,DEV-MOHANA-SAMSUNG-S23,mobile_android,0,BEN-CUST_MOHANA_002-TRUSTED,Trusted Household Vendor,15,0,3,18,0,0,0,None,Resolved Genuine,Standard Habitual Purchase,0
TXN-CUST_MOHANA_002-10019,2026-06-27 14:47:23,2026-06-27,14:47:23,14,5,1,0,CUST_MOHANA_002,180,Coimbatore,Tamil Nadu,Medium Risk / 12% Fraud Rate,M021,GlowCraft Salon,Salon / Beauty,Spa & Grooming Studio,Chennai,Porur,Tamil Nadu,600116,13.0382,80.1565,5,2800.0,09:00-21:00,"POS,UPI,CARD",Unusual late-night transaction spikes,0.011,27,4084.52,INR,PURCHASE,POS,MOBILE_APP,1,0,Coimbatore,2.0,0,0,1,DEV-MOHANA-SAMSUNG-S23,mobile_android,0,BEN-CUST_MOHANA_002-TRUSTED,Trusted Household Vendor,11,0,1,14,0,0,0,None,Resolved Genuine,Standard Habitual Purchase,0
TXN-CUST_MOHANA_002-10020,2026-06-27 16:15:51,2026-06-27,16:15:51,16,5,1,0,CUST_MOHANA_002,180,Coimbatore,Tamil Nadu,Medium Risk / 12% Fraud Rate,M003,Pulse Mobile Hub,Mobile Store,Smartphones & Accessories,Chennai,Tambaram,Tamil Nadu,600045,12.9249,80.1278,4,18500.0,09:30-21:30,"POS,UPI,CARD",New device abuse / rapid checkout surge,0.035,87,48164.66,INR,PURCHASE,UPI,WEB_PORTAL,0,0,Mumbai,1069.0,1,1,0,DEV-LAPTOP-CHROME-765,web_browser,0,BEN-CUST_MOHANA_002-01,Self Family Transfer,3,2,10,49,1,0,0,Geographic Anomaly / High Ticket Spike,Review Required,Sudden location velocity jump with new merchant,1
TXN-CUST_MOHANA_002-10021,2026-06-27 17:41:58,2026-06-27,17:41:58,17,5,1,0,CUST_MOHANA_002,180,Coimbatore,Tamil Nadu,Medium Risk / 12% Fraud Rate,M029,CloudDesk Digital,Software / Digital Services,Cloud Infrastructure & SaaS Tools,Bengaluru,Whitefield,Karnataka,560066,12.9698,77.7499,7,19800.0,24_HOURS,"ONLINE,CARD,TRANSFER",Cryptomining VM rental with stolen credit cards,0.058,145,13542.37,INR,PURCHASE,TRANSFER,MOBILE_APP,0,0,Coimbatore,3.0,0,0,1,DEV-MOHANA-SAMSUNG-S23,mobile_android,0,BEN-CUST_MOHANA_002-TRUSTED,Trusted Household Vendor,5,0,1,11,0,0,0,None,Resolved Genuine,Standard Habitual Purchase,0
TXN-CUST_MOHANA_002-10022,2026-06-27 19:08:05,2026-06-27,19:08:05,19,5,1,0,CUST_MOHANA_002,180,Coimbatore,Tamil Nadu,Medium Risk / 12% Fraud Rate,M025,ShieldSure Services,Insurance Services,General & Health Insurance Premium,Chennai,Egmore,Tamil Nadu,600008,13.0784,80.2607,13,14000.0,09:30-18:00,"ONLINE,NETBANKING,CARD",Premium diversion / fake policy payment slips,0.019,47,10464.38,INR,PURCHASE,CARD,MOBILE_APP,0,0,Coimbatore,14.0,0,0,1,DEV-MOHANA-SAMSUNG-S23,mobile_android,0,BEN-CUST_MOHANA_002-TRUSTED,Trusted Household Vendor,9,0,1,10,0,0,0,None,Resolved Genuine,Standard Habitual Purchase,0
TXN-CUST_MOHANA_002-10023,2026-06-27 20:31:31,2026-06-27,20:31:31,20,5,1,0,CUST_MOHANA_002,180,Coimbatore,Tamil Nadu,Medium Risk / 12% Fraud Rate,M027,BrickHarbor Realty,Real Estate / Property Services,Rental Escrow & Facility Management,Chennai,Porur,Tamil Nadu,600116,13.035,80.16,11,65000.0,09:00-19:00,"TRANSFER,NETBANKING,CARD",Security deposit phishing / escrow hijacking,0.039,97,7377.46,INR,PURCHASE,NETBANKING,MOBILE_APP,0,0,Coimbatore,1.0,0,0,1,DEV-MOHANA-SAMSUNG-S23,mobile_android,0,BEN-CUST_MOHANA_002-TRUSTED,Trusted Household Vendor,5,0,4,21,0,0,0,None,Resolved Genuine,Standard Habitual Purchase,0
TXN-CUST_MOHANA_002-10024,2026-06-27 21:58:26,2026-06-27,21:58:26,21,5,1,0,CUST_MOHANA_002,180,Coimbatore,Tamil Nadu,Medium Risk / 12% Fraud Rate,M025,ShieldSure Services,Insurance Services,General & Health Insurance Premium,Chennai,Egmore,Tamil Nadu,600008,13.0784,80.2607,13,14000.0,09:30-18:00,"ONLINE,NETBANKING,CARD",Premium diversion / fake policy payment slips,0.019,47,6731.52,INR,PURCHASE,CARD,MOBILE_APP,0,0,Coimbatore,8.0,0,0,1,DEV-MOHANA-SAMSUNG-S23,mobile_android,0,BEN-CUST_MOHANA_002-TRUSTED,Trusted Household Vendor,15,0,2,15,0,0,0,None,Resolved Genuine,Standard Habitual Purchase,0
TXN-CUST_MOHANA_002-10025,2026-06-27 23:27:11,2026-06-27,23:27:11,23,5,1,1,CUST_MOHANA_002,180,Coimbatore,Tamil Nadu,Medium Risk / 12% Fraud Rate,M023,SwiftBox Logistics,Courier / Logistics,Express Parcel & Freight Delivery,Tiruppur,Avinashi Road,Tamil Nadu,641603,11.1085,77.3411,9,4200.0,08:00-21:00,"POS,UPI,CARD,ONLINE",Interception fraud / address redirection,0.02,50,12659.39,INR,P2P_TRANSFER,POS,WEB_PORTAL,0,0,Mumbai,511.0,1,1,0,DEV-LAPTOP-CHROME-891,web_browser,1,BEN-NEW-646,Global Flight Booking,0,3,5,24,1,0,0,Geographic Anomaly / High Ticket Spike,Review Required,Sudden location velocity jump with new merchant,1
TXN-CUST_MOHANA_002-10026,2026-06-28 00:53:50,2026-06-28,00:53:50,0,6,1,1,CUST_MOHANA_002,180,Coimbatore,Tamil Nadu,Medium Risk / 12% Fraud Rate,M003,Pulse Mobile Hub,Mobile Store,Smartphones & Accessories,Chennai,Tambaram,Tamil Nadu,600045,12.9249,80.1278,4,18500.0,09:30-21:30,"POS,UPI,CARD",New device abuse / rapid checkout surge,0.035,87,6740.1,INR,PURCHASE,UPI,MOBILE_APP,1,0,Coimbatore,6.0,0,0,1,DEV-MOHANA-SAMSUNG-S23,mobile_android,0,BEN-CUST_MOHANA_002-TRUSTED,Trusted Household Vendor,6,0,2,12,0,0,0,None,Resolved Genuine,Standard Habitual Purchase,0
TXN-CUST_MOHANA_002-10027,2026-06-28 02:19:47,2026-06-28,02:19:47,2,6,1,1,CUST_MOHANA_002,180,Coimbatore,Tamil Nadu,Medium Risk / 12% Fraud Rate,M009,RapidFuel Station,Fuel Station,"Petrol, Diesel & EV Fast Charge",Salem,Fairlands,Tamil Nadu,636016,11.6643,78.146,9,3100.0,24_HOURS,"POS,FLEET_CARD,UPI",Automated fleet card skimming,0.024,60,5776.38,INR,PURCHASE,POS,MOBILE_APP,1,0,Coimbatore,15.0,0,0,1,DEV-MOHANA-SAMSUNG-S23,mobile_android,0,BEN-CUST_MOHANA_002-TRUSTED,Trusted Household Vendor,3,0,3,21,0,0,0,None,Resolved Genuine,Standard Habitual Purchase,0
TXN-CUST_MOHANA_002-10028,2026-06-28 03:43:55,2026-06-28,03:43:55,3,6,1,1,CUST_MOHANA_002,180,Coimbatore,Tamil Nadu,Medium Risk / 12% Fraud Rate,M013,CartNest Online,E-commerce,Multi-category Marketplace,Chennai,Guindy,Tamil Nadu,600032,13.0067,80.2026,5,6200.0,24_HOURS,"ONLINE,UPI,CARD,NETBANKING",Account takeover + triangulation shipping fraud,0.045,112,3659.32,INR,PURCHASE,ONLINE,MOBILE_APP,0,0,Coimbatore,14.0,0,0,1,DEV-MOHANA-SAMSUNG-S23,mobile_android,0,BEN-CUST_MOHANA_002-TRUSTED,Trusted Household Vendor,9,0,2,17,0,0,0,None,Resolved Genuine,Standard Habitual Purchase,0
TXN-CUST_MOHANA_002-10029,2026-06-28 05:09:57,2026-06-28,05:09:57,5,6,1,1,CUST_MOHANA_002,180,Coimbatore,Tamil Nadu,Medium Risk / 12% Fraud Rate,M007,SpiceRoute Kitchen,Restaurant,Fine Dining & Chettinad,Chennai,Adyar,Tamil Nadu,600020,13.0012,80.2565,7,2200.0,11:30-23:30,"POS,UPI,CARD",Cloned card POS terminal replay,0.018,45,5497.45,INR,PURCHASE,POS,MOBILE_APP,1,0,Coimbatore,7.0,0,0,1,DEV-MOHANA-SAMSUNG-S23,mobile_android,0,BEN-CUST_MOHANA_002-TRUSTED,Trusted Household Vendor,4,0,1,14,0,0,0,None,Resolved Genuine,Standard Habitual Purchase,0
TXN-CUST_MOHANA_002-10030,2026-06-28 06:38:50,2026-06-28,06:38:50,6,6,1,0,CUST_MOHANA_002,180,Coimbatore,Tamil Nadu,Medium Risk / 12% Fraud Rate,M024,LinkWave Telecom,Telecom Retail,Fiber Broadband & Postpaid Plans,Erode,Perundurai Road,Tamil Nadu,638011,11.341,77.7172,10,1950.0,09:30-20:30,"UPI,CARD,ONLINE,POS",SIM swap bill recharge surges,0.017,42,4920.03,INR,P2P_TRANSFER,POS,WEB_PORTAL,0,0,Mumbai,800.0,1,1,0,DEV-LAPTOP-CHROME-314,web_browser,1,BEN-NEW-424,Global Flight Booking,0,4,8,37,1,0,0,Geographic Anomaly / High Ticket Spike,Review Required,Sudden location velocity jump with new merchant,1
TXN-CUST_MOHANA_002-10031,2026-06-28 08:03:29,2026-06-28,08:03:29,8,6,1,0,CUST_MOHANA_002,180,Coimbatore,Tamil Nadu,Medium Risk / 12% Fraud Rate,M003,Pulse Mobile Hub,Mobile Store,Smartphones & Accessories,Chennai,Tambaram,Tamil Nadu,600045,12.9249,80.1278,4,18500.0,09:30-21:30,"POS,UPI,CARD",New device abuse / rapid checkout surge,0.035,87,11557.87,INR,PURCHASE,POS,MOBILE_APP,1,0,Coimbatore,6.0,0,0,1,DEV-MOHANA-SAMSUNG-S23,mobile_android,0,BEN-CUST_MOHANA_002-TRUSTED,Trusted Household Vendor,10,0,1,6,0,0,0,None,Resolved Genuine,Standard Habitual Purchase,0
TXN-CUST_MOHANA_002-10032,2026-06-28 09:29:10,2026-06-28,09:29:10,9,6,1,0,CUST_MOHANA_002,180,Coimbatore,Tamil Nadu,Medium Risk / 12% Fraud Rate,M014,OakLine Furnishings,Furniture,Teak Wood & Modern Home Decor,Madurai,Bypass Road,Tamil Nadu,625016,9.932,78.109,12,38000.0,10:00-21:00,"POS,CARD,TRANSFER,EMI",Invoice redirection fraud / fake payment slips,0.029,72,7483.15,INR,PURCHASE,POS,MOBILE_APP,1,0,Coimbatore,14.0,0,0,1,DEV-MOHANA-SAMSUNG-S23,mobile_android,0,BEN-CUST_MOHANA_002-TRUSTED,Trusted Household Vendor,7,1,3,20,0,0,0,None,Resolved Genuine,Standard Habitual Purchase,0
TXN-CUST_MOHANA_002-10033,2026-06-28 10:58:15,2026-06-28,10:58:15,10,6,1,0,CUST_MOHANA_002,180,Coimbatore,Tamil Nadu,Medium Risk / 12% Fraud Rate,M021,GlowCraft Salon,Salon / Beauty,Spa & Grooming Studio,Chennai,Porur,Tamil Nadu,600116,13.0382,80.1565,5,2800.0,09:00-21:00,"POS,UPI,CARD",Unusual late-night transaction spikes,0.011,27,6467.08,INR,PURCHASE,POS,MOBILE_APP,1,0,Coimbatore,12.0,0,0,1,DEV-MOHANA-SAMSUNG-S23,mobile_android,0,BEN-CUST_MOHANA_002-TRUSTED,Trusted Household Vendor,10,1,4,22,0,0,0,None,Resolved Genuine,Standard Habitual Purchase,0
TXN-CUST_MOHANA_002-10034,2026-06-28 12:26:01,2026-06-28,12:26:01,12,6,1,0,CUST_MOHANA_002,180,Coimbatore,Tamil Nadu,Medium Risk / 12% Fraud Rate,M029,CloudDesk Digital,Software / Digital Services,Cloud Infrastructure & SaaS Tools,Bengaluru,Whitefield,Karnataka,560066,12.9698,77.7499,7,19800.0,24_HOURS,"ONLINE,CARD,TRANSFER",Cryptomining VM rental with stolen credit cards,0.058,145,6697.36,INR,PURCHASE,ONLINE,MOBILE_APP,0,0,Coimbatore,3.0,0,0,1,DEV-MOHANA-SAMSUNG-S23,mobile_android,0,BEN-CUST_MOHANA_002-TRUSTED,Trusted Household Vendor,12,0,2,12,0,0,0,None,Resolved Genuine,Standard Habitual Purchase,0
TXN-CUST_MOHANA_002-10035,2026-06-28 13:52:32,2026-06-28,13:52:32,13,6,1,0,CUST_MOHANA_002,180,Coimbatore,Tamil Nadu,Medium Risk / 12% Fraud Rate,M005,UrbanThread Studio,Fashion / Apparel,Designer & Ready-to-wear,Chennai,Anna Nagar,Tamil Nadu,600040,13.085,80.2101,5,4800.0,10:30-22:00,"POS,ONLINE,UPI,CARD",Refund abuse / credential stuffing,0.022,55,10489.72,INR,PURCHASE,UPI,MOBILE_APP,1,0,Coimbatore,13.0,0,0,1,DEV-MOHANA-SAMSUNG-S23,mobile_android,0,BEN-CUST_MOHANA_002-TRUSTED,Trusted Household Vendor,14,1,2,15,0,0,0,None,Resolved Genuine,Standard Habitual Purchase,0
TXN-CUST_MOHANA_002-10036,2026-06-28 15:19:38,2026-06-28,15:19:38,15,6,1,0,CUST_MOHANA_002,180,Coimbatore,Tamil Nadu,Medium Risk / 12% Fraud Rate,M027,BrickHarbor Realty,Real Estate / Property Services,Rental Escrow & Facility Management,Chennai,Porur,Tamil Nadu,600116,13.035,80.16,11,65000.0,09:00-19:00,"TRANSFER,NETBANKING,CARD",Security deposit phishing / escrow hijacking,0.039,97,5006.32,INR,PURCHASE,CARD,MOBILE_APP,0,0,Coimbatore,3.0,0,0,1,DEV-MOHANA-SAMSUNG-S23,mobile_android,0,BEN-CUST_MOHANA_002-TRUSTED,Trusted Household Vendor,14,1,2,12,0,0,0,None,Resolved Genuine,Standard Habitual Purchase,0
TXN-CUST_MOHANA_002-10037,2026-06-28 16:45:14,2026-06-28,16:45:14,16,6,1,0,CUST_MOHANA_002,180,Coimbatore,Tamil Nadu,Medium Risk / 12% Fraud Rate,M004,Aurelia Gold House,Jewellery,Gold & Diamond Jewellery,Coimbatore,RS Puram,Tamil Nadu,641002,11.0089,76.9514,14,78000.0,10:00-20:30,"POS,CARD,TRANSFER",Account takeover / card-not-present luxury surge,0.065,162,11422.88,INR,PURCHASE,TRANSFER,MOBILE_APP,1,0,Coimbatore,1.0,0,0,1,DEV-MOHANA-SAMSUNG-S23,mobile_android,0,BEN-CUST_MOHANA_002-TRUSTED,Trusted Household Vendor,9,0,3,19,0,0,0,None,Resolved Genuine,Standard Habitual Purchase,0
TXN-CUST_MOHANA_002-10038,2026-06-28 18:14:05,2026-06-28,18:14:05,18,6,1,0,CUST_MOHANA_002,180,Coimbatore,Tamil Nadu,Medium Risk / 12% Fraud Rate,M009,RapidFuel Station,Fuel Station,"Petrol, Diesel & EV Fast Charge",Salem,Fairlands,Tamil Nadu,636016,11.6643,78.146,9,3100.0,24_HOURS,"POS,FLEET_CARD,UPI",Automated fleet card skimming,0.024,60,9743.52,INR,PURCHASE,FLEET_CARD,MOBILE_APP,1,0,Coimbatore,1.0,0,0,1,DEV-MOHANA-SAMSUNG-S23,mobile_android,0,BEN-CUST_MOHANA_002-TRUSTED,Trusted Household Vendor,3,0,3,14,0,0,0,None,Resolved Genuine,Standard Habitual Purchase,0
TXN-CUST_MOHANA_002-10039,2026-06-28 19:41:54,2026-06-28,19:41:54,19,6,1,0,CUST_MOHANA_002,180,Coimbatore,Tamil Nadu,Medium Risk / 12% Fraud Rate,M005,UrbanThread Studio,Fashion / Apparel,Designer & Ready-to-wear,Chennai,Anna Nagar,Tamil Nadu,600040,13.085,80.2101,5,4800.0,10:30-22:00,"POS,ONLINE,UPI,CARD",Refund abuse / credential stuffing,0.022,55,12718.48,INR,PURCHASE,POS,MOBILE_APP,1,0,Coimbatore,1.0,0,0,1,DEV-MOHANA-SAMSUNG-S23,mobile_android,0,BEN-CUST_MOHANA_002-TRUSTED,Trusted Household Vendor,5,0,2,10,0,0,0,None,Resolved Genuine,Standard Habitual Purchase,0
TXN-CUST_MOHANA_002-10040,2026-06-28 21:07:23,2026-06-28,21:07:23,21,6,1,0,CUST_MOHANA_002,180,Coimbatore,Tamil Nadu,Medium Risk / 12% Fraud Rate,M008,BeanCircuit Cafe,Cafe,Specialty Coffee & Bakery,Bengaluru,Indiranagar,Karnataka,560038,12.9784,77.6408,3,650.0,07:30-23:00,"UPI,POS,CARD",QR code spoofing / fast velocity dining,0.009,22,4339.66,INR,PURCHASE,POS,MOBILE_APP,1,0,Coimbatore,2.0,0,0,1,DEV-MOHANA-SAMSUNG-S23,mobile_android,0,BEN-CUST_MOHANA_002-TRUSTED,Trusted Household Vendor,10,1,4,26,0,0,0,None,Resolved Genuine,Standard Habitual Purchase,0
TXN-CUST_MOHANA_002-10041,2026-06-28 22:33:26,2026-06-28,22:33:26,22,6,1,0,CUST_MOHANA_002,180,Coimbatore,Tamil Nadu,Medium Risk / 12% Fraud Rate,M028,CraftCove Home Decor,Home Decor,Handicrafts & Art Pieces,Thanjavur,Medical College Road,Tamil Nadu,613004,10.7684,79.1245,8,7400.0,09:30-20:30,"POS,UPI,CARD,ONLINE",Cross-border tourist chargebacks,0.023,57,9553.37,INR,PURCHASE,CARD,MOBILE_APP,1,0,Coimbatore,11.0,0,0,1,DEV-MOHANA-SAMSUNG-S23,mobile_android,0,BEN-CUST_MOHANA_002-TRUSTED,Trusted Household Vendor,10,1,4,20,0,0,0,None,Resolved Genuine,Standard Habitual Purchase,0
TXN-CUST_MOHANA_002-10042,2026-06-28 23:58:46,2026-06-28,23:58:46,23,6,1,1,CUST_MOHANA_002,180,Coimbatore,Tamil Nadu,Medium Risk / 12% Fraud Rate,M018,PageTurn Book House,Bookstore,"Academic, Fiction & Stationery",Trichy,Thillai Nagar,Tamil Nadu,620018,10.8282,78.6854,16,850.0,09:00-21:30,"POS,UPI,CARD,ONLINE",Low-value card testing bots,0.008,20,7128.94,INR,PURCHASE,ONLINE,MOBILE_APP,1,0,Coimbatore,10.0,0,0,1,DEV-MOHANA-SAMSUNG-S23,mobile_android,0,BEN-CUST_MOHANA_002-TRUSTED,Trusted Household Vendor,10,0,1,9,0,0,0,None,Resolved Genuine,Standard Habitual Purchase,0
TXN-CUST_MOHANA_002-10043,2026-06-29 01:22:55,2026-06-29,01:22:55,1,0,0,1,CUST_MOHANA_002,180,Coimbatore,Tamil Nadu,Medium Risk / 12% Fraud Rate,M017,AutoForge Parts,Spare Parts,OEM Industrial & Auto Components,Hosur,Mookandapalli,Tamil Nadu,635126,12.7409,77.8253,15,16500.0,09:00-19:30,"TRANSFER,POS,CARD",Business email compromise / fake beneficiary update,0.033,82,4724.04,INR,PURCHASE,TRANSFER,MOBILE_APP,1,0,Coimbatore,3.0,0,0,1,DEV-MOHANA-SAMSUNG-S23,mobile_android,0,BEN-CUST_MOHANA_002-TRUSTED,Trusted Household Vendor,14,0,1,12,0,0,0,None,Resolved Genuine,Standard Habitual Purchase,0
TXN-CUST_MOHANA_002-10044,2026-06-29 02:48:01,2026-06-29,02:48:01,2,0,0,1,CUST_MOHANA_002,180,Coimbatore,Tamil Nadu,Medium Risk / 12% Fraud Rate,M020,GameGrid Arena,Gaming,"Esports, Consoles & Virtual Credits",Bengaluru,Koramangala,Karnataka,560095,12.9352,77.6245,4,3400.0,10:00-01:00,"ONLINE,UPI,CARD,WALLET",Virtual item laundering & bot-driven micro transactions,0.055,137,4473.33,INR,PURCHASE,WALLET,MOBILE_APP,0,0,Coimbatore,4.0,0,0,1,DEV-MOHANA-SAMSUNG-S23,mobile_android,0,BEN-CUST_MOHANA_002-TRUSTED,Trusted Household Vendor,8,0,3,22,0,0,0,None,Resolved Genuine,Standard Habitual Purchase,0
TXN-CUST_MOHANA_002-10045,2026-06-29 04:14:31,2026-06-29,04:14:31,4,0,0,1,CUST_MOHANA_002,180,Coimbatore,Tamil Nadu,Medium Risk / 12% Fraud Rate,M029,CloudDesk Digital,Software / Digital Services,Cloud Infrastructure & SaaS Tools,Bengaluru,Whitefield,Karnataka,560066,12.9698,77.7499,7,19800.0,24_HOURS,"ONLINE,CARD,TRANSFER",Cryptomining VM rental with stolen credit cards,0.058,145,6120.6,INR,PURCHASE,TRANSFER,MOBILE_APP,0,0,Coimbatore,15.0,0,0,1,DEV-MOHANA-SAMSUNG-S23,mobile_android,0,BEN-CUST_MOHANA_002-TRUSTED,Trusted Household Vendor,8,1,4,20,0,0,0,None,Resolved Genuine,Standard Habitual Purchase,0
TXN-CUST_MOHANA_002-10046,2026-06-29 05:41:23,2026-06-29,05:41:23,5,0,0,1,CUST_MOHANA_002,180,Coimbatore,Tamil Nadu,Medium Risk / 12% Fraud Rate,M028,CraftCove Home Decor,Home Decor,Handicrafts & Art Pieces,Thanjavur,Medical College Road,Tamil Nadu,613004,10.7684,79.1245,8,7400.0,09:30-20:30,"POS,UPI,CARD,ONLINE",Cross-border tourist chargebacks,0.023,57,3749.1,INR,PURCHASE,UPI,MOBILE_APP,1,0,Coimbatore,15.0,0,0,1,DEV-MOHANA-SAMSUNG-S23,mobile_android,0,BEN-CUST_MOHANA_002-TRUSTED,Trusted Household Vendor,15,0,1,8,0,0,0,None,Resolved Genuine,Standard Habitual Purchase,0
TXN-CUST_MOHANA_002-10047,2026-06-29 07:04:53,2026-06-29,07:04:53,7,0,0,0,CUST_MOHANA_002,180,Coimbatore,Tamil Nadu,Medium Risk / 12% Fraud Rate,M021,GlowCraft Salon,Salon / Beauty,Spa & Grooming Studio,Chennai,Porur,Tamil Nadu,600116,13.0382,80.1565,5,2800.0,09:00-21:00,"POS,UPI,CARD",Unusual late-night transaction spikes,0.011,27,3747.96,INR,PURCHASE,POS,MOBILE_APP,1,0,Coimbatore,13.0,0,0,1,DEV-MOHANA-SAMSUNG-S23,mobile_android,0,BEN-CUST_MOHANA_002-TRUSTED,Trusted Household Vendor,8,0,4,25,0,0,0,None,Resolved Genuine,Standard Habitual Purchase,0
TXN-CUST_MOHANA_002-10048,2026-06-29 08:31:11,2026-06-29,08:31:11,8,0,0,0,CUST_MOHANA_002,180,Coimbatore,Tamil Nadu,Medium Risk / 12% Fraud Rate,M012,DashDine Delivery,Food Delivery,Quick Commerce & Meal Delivery,Chennai,Sholinganallur,Tamil Nadu,600119,12.901,80.2279,4,520.0,06:00-02:00,"UPI,CARD,ONLINE,WALLET",Promo code abuse / stolen wallet balances,0.014,35,5315.03,INR,PURCHASE,CARD,MOBILE_APP,0,0,Coimbatore,14.0,0,0,1,DEV-MOHANA-SAMSUNG-S23,mobile_android,0,BEN-CUST_MOHANA_002-TRUSTED,Trusted Household Vendor,10,0,4,25,0,0,0,None,Resolved Genuine,Standard Habitual Purchase,0
TXN-CUST_MOHANA_002-10049,2026-06-29 09:58:18,2026-06-29,09:58:18,9,0,0,0,CUST_MOHANA_002,180,Coimbatore,Tamil Nadu,Medium Risk / 12% Fraud Rate,M018,PageTurn Book House,Bookstore,"Academic, Fiction & Stationery",Trichy,Thillai Nagar,Tamil Nadu,620018,10.8282,78.6854,16,850.0,09:00-21:30,"POS,UPI,CARD,ONLINE",Low-value card testing bots,0.008,20,7886.6,INR,PURCHASE,UPI,MOBILE_APP,1,0,Coimbatore,12.0,0,0,1,DEV-MOHANA-SAMSUNG-S23,mobile_android,0,BEN-CUST_MOHANA_002-TRUSTED,Trusted Household Vendor,8,0,3,18,0,0,0,None,Resolved Genuine,Standard Habitual Purchase,0
TXN-CUST_MOHANA_002-10050,2026-06-29 11:23:45,2026-06-29,11:23:45,11,0,0,0,CUST_MOHANA_002,180,Coimbatore,Tamil Nadu,Medium Risk / 12% Fraud Rate,M028,CraftCove Home Decor,Home Decor,Handicrafts & Art Pieces,Thanjavur,Medical College Road,Tamil Nadu,613004,10.7684,79.1245,8,7400.0,09:30-20:30,"POS,UPI,CARD,ONLINE",Cross-border tourist chargebacks,0.023,57,8371.02,INR,PURCHASE,CARD,MOBILE_APP,1,0,Coimbatore,9.0,0,0,1,DEV-MOHANA-SAMSUNG-S23,mobile_android,0,BEN-CUST_MOHANA_002-TRUSTED,Trusted Household Vendor,13,0,1,14,0,0,0,None,Resolved Genuine,Standard Habitual Purchase,0
TXN-CUST_MOHANA_002-10051,2026-06-29 12:48:44,2026-06-29,12:48:44,12,0,0,0,CUST_MOHANA_002,180,Coimbatore,Tamil Nadu,Medium Risk / 12% Fraud Rate,M026,GreenLeaf Wellness,Health & Wellness,Organic Nutrition & Ayurveda,Trichy,Srirangam,Tamil Nadu,620006,10.8624,78.6947,6,2100.0,08:00-21:00,"POS,UPI,ONLINE,CARD",Subscription card stuffing,0.013,32,7127.31,INR,PURCHASE,UPI,MOBILE_APP,1,0,Coimbatore,11.0,0,0,1,DEV-MOHANA-SAMSUNG-S23,mobile_android,0,BEN-CUST_MOHANA_002-TRUSTED,Trusted Household Vendor,4,1,2,17,0,0,0,None,Resolved Genuine,Standard Habitual Purchase,0
TXN-CUST_MOHANA_002-10052,2026-06-29 14:17:07,2026-06-29,14:17:07,14,0,0,0,CUST_MOHANA_002,180,Coimbatore,Tamil Nadu,Medium Risk / 12% Fraud Rate,M004,Aurelia Gold House,Jewellery,Gold & Diamond Jewellery,Coimbatore,RS Puram,Tamil Nadu,641002,11.0089,76.9514,14,78000.0,10:00-20:30,"POS,CARD,TRANSFER",Account takeover / card-not-present luxury surge,0.065,162,9014.74,INR,PURCHASE,CARD,MOBILE_APP,1,0,Coimbatore,5.0,0,0,1,DEV-MOHANA-SAMSUNG-S23,mobile_android,0,BEN-CUST_MOHANA_002-TRUSTED,Trusted Household Vendor,7,1,3,20,0,0,0,None,Resolved Genuine,Standard Habitual Purchase,0
TXN-CUST_MOHANA_002-10053,2026-06-29 15:43:50,2026-06-29,15:43:50,15,0,0,0,CUST_MOHANA_002,180,Coimbatore,Tamil Nadu,Medium Risk / 12% Fraud Rate,M003,Pulse Mobile Hub,Mobile Store,Smartphones & Accessories,Chennai,Tambaram,Tamil Nadu,600045,12.9249,80.1278,4,18500.0,09:30-21:30,"POS,UPI,CARD",New device abuse / rapid checkout surge,0.035,87,13256.18,INR,PURCHASE,CARD,MOBILE_APP,1,0,Coimbatore,9.0,0,0,1,DEV-MOHANA-SAMSUNG-S23,mobile_android,0,BEN-CUST_MOHANA_002-TRUSTED,Trusted Household Vendor,5,1,2,13,0,0,0,None,Resolved Genuine,Standard Habitual Purchase,0
TXN-CUST_MOHANA_002-10054,2026-06-29 17:11:53,2026-06-29,17:11:53,17,0,0,0,CUST_MOHANA_002,180,Coimbatore,Tamil Nadu,Medium Risk / 12% Fraud Rate,M007,SpiceRoute Kitchen,Restaurant,Fine Dining & Chettinad,Chennai,Adyar,Tamil Nadu,600020,13.0012,80.2565,7,2200.0,11:30-23:30,"POS,UPI,CARD",Cloned card POS terminal replay,0.018,45,10880.81,INR,PURCHASE,CARD,MOBILE_APP,1,0,Coimbatore,6.0,0,0,1,DEV-MOHANA-SAMSUNG-S23,mobile_android,0,BEN-CUST_MOHANA_002-TRUSTED,Trusted Household Vendor,12,0,2,18,0,0,0,None,Resolved Genuine,Standard Habitual Purchase,0
TXN-CUST_MOHANA_002-10055,2026-06-29 18:35:34,2026-06-29,18:35:34,18,0,0,0,CUST_MOHANA_002,180,Coimbatore,Tamil Nadu,Medium Risk / 12% Fraud Rate,M018,PageTurn Book House,Bookstore,"Academic, Fiction & Stationery",Trichy,Thillai Nagar,Tamil Nadu,620018,10.8282,78.6854,16,850.0,09:00-21:30,"POS,UPI,CARD,ONLINE",Low-value card testing bots,0.008,20,7099.09,INR,PURCHASE,UPI,MOBILE_APP,1,0,Coimbatore,4.0,0,0,1,DEV-MOHANA-SAMSUNG-S23,mobile_android,0,BEN-CUST_MOHANA_002-TRUSTED,Trusted Household Vendor,8,0,2,11,0,0,0,None,Resolved Genuine,Standard Habitual Purchase,0
TXN-CUST_MOHANA_002-10056,2026-06-29 20:03:03,2026-06-29,20:03:03,20,0,0,0,CUST_MOHANA_002,180,Coimbatore,Tamil Nadu,Medium Risk / 12% Fraud Rate,M021,GlowCraft Salon,Salon / Beauty,Spa & Grooming Studio,Chennai,Porur,Tamil Nadu,600116,13.0382,80.1565,5,2800.0,09:00-21:00,"POS,UPI,CARD",Unusual late-night transaction spikes,0.011,27,9869.99,INR,PURCHASE,CARD,MOBILE_APP,1,0,Coimbatore,10.0,0,0,1,DEV-MOHANA-SAMSUNG-S23,mobile_android,0,BEN-CUST_MOHANA_002-TRUSTED,Trusted Household Vendor,11,0,2,16,0,0,0,None,Resolved Genuine,Standard Habitual Purchase,0
TXN-CUST_MOHANA_002-10057,2026-06-29 21:31:36,2026-06-29,21:31:36,21,0,0,0,CUST_MOHANA_002,180,Coimbatore,Tamil Nadu,Medium Risk / 12% Fraud Rate,M009,RapidFuel Station,Fuel Station,"Petrol, Diesel & EV Fast Charge",Salem,Fairlands,Tamil Nadu,636016,11.6643,78.146,9,3100.0,24_HOURS,"POS,FLEET_CARD,UPI",Automated fleet card skimming,0.024,60,3898.9,INR,PURCHASE,FLEET_CARD,MOBILE_APP,1,0,Coimbatore,7.0,0,0,1,DEV-MOHANA-SAMSUNG-S23,mobile_android,0,BEN-CUST_MOHANA_002-TRUSTED,Trusted Household Vendor,10,0,4,23,0,0,0,None,Resolved Genuine,Standard Habitual Purchase,0
TXN-CUST_MOHANA_002-10058,2026-06-29 22:55:49,2026-06-29,22:55:49,22,0,0,0,CUST_MOHANA_002,180,Coimbatore,Tamil Nadu,Medium Risk / 12% Fraud Rate,M010,HarborView Residency,Hotel / Hospitality,Business & Luxury Hotel,Chennai,OMR,Tamil Nadu,600096,12.9165,80.2285,6,9500.0,24_HOURS,"ONLINE,POS,CARD,TRANSFER",Online travel booking fraud with stolen corporate credentials,0.041,102,17104.7,INR,PURCHASE,ONLINE,WEB_PORTAL,0,0,Hyderabad,619.0,1,1,0,DEV-LAPTOP-CHROME-669,web_browser,0,BEN-CUST_MOHANA_002-01,Self Family Transfer,3,2,9,38,1,0,0,Geographic Anomaly / High Ticket Spike,Review Required,Sudden location velocity jump with new merchant,1
TXN-CUST_MOHANA_002-10059,2026-06-30 00:23:45,2026-06-30,00:23:45,0,1,0,1,CUST_MOHANA_002,180,Coimbatore,Tamil Nadu,Medium Risk / 12% Fraud Rate,M005,UrbanThread Studio,Fashion / Apparel,Designer & Ready-to-wear,Chennai,Anna Nagar,Tamil Nadu,600040,13.085,80.2101,5,4800.0,10:30-22:00,"POS,ONLINE,UPI,CARD",Refund abuse / credential stuffing,0.022,55,4866.67,INR,PURCHASE,ONLINE,MOBILE_APP,1,0,Coimbatore,14.0,0,0,1,DEV-MOHANA-SAMSUNG-S23,mobile_android,0,BEN-CUST_MOHANA_002-TRUSTED,Trusted Household Vendor,9,1,2,16,0,0,0,None,Resolved Genuine,Standard Habitual Purchase,0
TXN-CUST_MOHANA_002-10060,2026-06-30 01:49:30,2026-06-30,01:49:30,1,1,0,1,CUST_MOHANA_002,180,Coimbatore,Tamil Nadu,Medium Risk / 12% Fraud Rate,M007,SpiceRoute Kitchen,Restaurant,Fine Dining & Chettinad,Chennai,Adyar,Tamil Nadu,600020,13.0012,80.2565,7,2200.0,11:30-23:30,"POS,UPI,CARD",Cloned card POS terminal replay,0.018,45,5935.45,INR,PURCHASE,UPI,MOBILE_APP,1,0,Coimbatore,6.0,0,0,1,DEV-MOHANA-SAMSUNG-S23,mobile_android,0,BEN-CUST_MOHANA_002-TRUSTED,Trusted Household Vendor,5,1,3,15,0,0,0,None,Resolved Genuine,Standard Habitual Purchase,0
TXN-CUST_MOHANA_002-10061,2026-06-30 03:17:15,2026-06-30,03:17:15,3,1,0,1,CUST_MOHANA_002,180,Coimbatore,Tamil Nadu,Medium Risk / 12% Fraud Rate,M019,ArenaSport World,Sports Retail,Fitness Equipment & Sports Wear,Chennai,Nungambakkam,Tamil Nadu,600034,13.0604,80.2405,6,5600.0,10:00-21:30,"POS,ONLINE,UPI,CARD",Stolen card chargeback on premium sports gear,0.026,65,13032.28,INR,PURCHASE,UPI,MOBILE_APP,1,0,Coimbatore,3.0,0,0,1,DEV-MOHANA-SAMSUNG-S23,mobile_android,0,BEN-CUST_MOHANA_002-TRUSTED,Trusted Household Vendor,13,0,2,15,0,0,0,None,Resolved Genuine,Standard Habitual Purchase,0
TXN-CUST_MOHANA_002-10062,2026-06-30 04:40:43,2026-06-30,04:40:43,4,1,0,1,CUST_MOHANA_002,180,Coimbatore,Tamil Nadu,Medium Risk / 12% Fraud Rate,M004,Aurelia Gold House,Jewellery,Gold & Diamond Jewellery,Coimbatore,RS Puram,Tamil Nadu,641002,11.0089,76.9514,14,78000.0,10:00-20:30,"POS,CARD,TRANSFER",Account takeover / card-not-present luxury surge,0.065,162,8710.33,INR,PURCHASE,TRANSFER,MOBILE_APP,1,0,Coimbatore,9.0,0,0,1,DEV-MOHANA-SAMSUNG-S23,mobile_android,0,BEN-CUST_MOHANA_002-TRUSTED,Trusted Household Vendor,6,1,4,25,0,0,0,None,Resolved Genuine,Standard Habitual Purchase,0
TXN-CUST_MOHANA_002-10063,2026-06-30 06:05:54,2026-06-30,06:05:54,6,1,0,0,CUST_MOHANA_002,180,Coimbatore,Tamil Nadu,Medium Risk / 12% Fraud Rate,M004,Aurelia Gold House,Jewellery,Gold & Diamond Jewellery,Coimbatore,RS Puram,Tamil Nadu,641002,11.0089,76.9514,14,78000.0,10:00-20:30,"POS,CARD,TRANSFER",Account takeover / card-not-present luxury surge,0.065,162,8920.85,INR,PURCHASE,TRANSFER,MOBILE_APP,1,0,Coimbatore,10.0,0,0,1,DEV-MOHANA-SAMSUNG-S23,mobile_android,0,BEN-CUST_MOHANA_002-TRUSTED,Trusted Household Vendor,15,0,1,11,0,0,0,None,Resolved Genuine,Standard Habitual Purchase,0
TXN-CUST_MOHANA_002-10064,2026-06-30 07:34:34,2026-06-30,07:34:34,7,1,0,0,CUST_MOHANA_002,180,Coimbatore,Tamil Nadu,Medium Risk / 12% Fraud Rate,M002,CircuitBay Electronics,Consumer Electronics,Laptops & Gadgets,Chennai,Velachery,Tamil Nadu,600042,12.9759,80.2212,6,32000.0,10:00-21:30,"POS,ONLINE,EMI,UPI",Stolen payment details / high-ticket electronics delivery,0.048,120,7291.32,INR,PURCHASE,ONLINE,MOBILE_APP,1,0,Coimbatore,15.0,0,0,1,DEV-MOHANA-SAMSUNG-S23,mobile_android,0,BEN-CUST_MOHANA_002-TRUSTED,Trusted Household Vendor,9,0,4,25,0,0,0,None,Resolved Genuine,Standard Habitual Purchase,0
TXN-CUST_MOHANA_002-10065,2026-06-30 09:02:31,2026-06-30,09:02:31,9,1,0,0,CUST_MOHANA_002,180,Coimbatore,Tamil Nadu,Medium Risk / 12% Fraud Rate,M008,BeanCircuit Cafe,Cafe,Specialty Coffee & Bakery,Bengaluru,Indiranagar,Karnataka,560038,12.9784,77.6408,3,650.0,07:30-23:00,"UPI,POS,CARD",QR code spoofing / fast velocity dining,0.009,22,8732.96,INR,PURCHASE,CARD,MOBILE_APP,1,0,Coimbatore,2.0,0,0,1,DEV-MOHANA-SAMSUNG-S23,mobile_android,0,BEN-CUST_MOHANA_002-TRUSTED,Trusted Household Vendor,6,0,3,21,0,0,0,None,Resolved Genuine,Standard Habitual Purchase,0
TXN-CUST_MOHANA_002-10066,2026-06-30 10:30:56,2026-06-30,10:30:56,10,1,0,0,CUST_MOHANA_002,180,Coimbatore,Tamil Nadu,Medium Risk / 12% Fraud Rate,M014,OakLine Furnishings,Furniture,Teak Wood & Modern Home Decor,Madurai,Bypass Road,Tamil Nadu,625016,9.932,78.109,12,38000.0,10:00-21:00,"POS,CARD,TRANSFER,EMI",Invoice redirection fraud / fake payment slips,0.029,72,7701.08,INR,PURCHASE,TRANSFER,MOBILE_APP,1,0,Coimbatore,11.0,0,0,1,DEV-MOHANA-SAMSUNG-S23,mobile_android,0,BEN-CUST_MOHANA_002-TRUSTED,Trusted Household Vendor,14,1,3,18,0,0,0,None,Resolved Genuine,Standard Habitual Purchase,0
TXN-CUST_MOHANA_002-10067,2026-06-30 11:58:10,2026-06-30,11:58:10,11,1,0,0,CUST_MOHANA_002,180,Coimbatore,Tamil Nadu,Medium Risk / 12% Fraud Rate,M011,SkyTrail Travels,Travel Agency,Flight & International Tour Packages,Coimbatore,Gandhipuram,Tamil Nadu,641012,11.0183,76.9664,11,44000.0,09:00-20:00,"ONLINE,TRANSFER,CARD",Mule-account ticket arbitrage & fast cancellation fraud,0.052,130,7680.38,INR,PURCHASE,ONLINE,MOBILE_APP,0,0,Coimbatore,14.0,0,0,1,DEV-MOHANA-SAMSUNG-S23,mobile_android,0,BEN-CUST_MOHANA_002-TRUSTED,Trusted Household Vendor,4,0,3,15,0,0,0,None,Resolved Genuine,Standard Habitual Purchase,0
TXN-CUST_MOHANA_002-10068,2026-06-30 13:25:51,2026-06-30,13:25:51,13,1,0,0,CUST_MOHANA_002,180,Coimbatore,Tamil Nadu,Medium Risk / 12% Fraud Rate,M016,MotoCare Garage,Auto Service,Car Service & Detailing Hub,Chennai,Pallikaranai,Tamil Nadu,600100,12.9372,80.2014,7,8900.0,08:30-20:30,"POS,UPI,CARD",Over-invoicing / synthetic card payments,0.021,52,19044.59,INR,PURCHASE,CARD,WEB_PORTAL,0,0,Delhi,981.0,1,1,0,DEV-LAPTOP-CHROME-705,web_browser,0,BEN-CUST_MOHANA_002-01,Self Family Transfer,3,3,4,25,1,0,0,Geographic Anomaly / High Ticket Spike,Review Required,Sudden location velocity jump with new merchant,1
TXN-CUST_MOHANA_002-10069,2026-06-30 14:52:37,2026-06-30,14:52:37,14,1,0,0,CUST_MOHANA_002,180,Coimbatore,Tamil Nadu,Medium Risk / 12% Fraud Rate,M027,BrickHarbor Realty,Real Estate / Property Services,Rental Escrow & Facility Management,Chennai,Porur,Tamil Nadu,600116,13.035,80.16,11,65000.0,09:00-19:00,"TRANSFER,NETBANKING,CARD",Security deposit phishing / escrow hijacking,0.039,97,9169.32,INR,PURCHASE,CARD,MOBILE_APP,0,0,Coimbatore,10.0,0,0,1,DEV-MOHANA-SAMSUNG-S23,mobile_android,0,BEN-CUST_MOHANA_002-TRUSTED,Trusted Household Vendor,3,0,4,19,0,0,0,None,Resolved Genuine,Standard Habitual Purchase,0
TXN-CUST_MOHANA_002-10070,2026-06-30 16:19:33,2026-06-30,16:19:33,16,1,0,0,CUST_MOHANA_002,180,Coimbatore,Tamil Nadu,Medium Risk / 12% Fraud Rate,M026,GreenLeaf Wellness,Health & Wellness,Organic Nutrition & Ayurveda,Trichy,Srirangam,Tamil Nadu,620006,10.8624,78.6947,6,2100.0,08:00-21:00,"POS,UPI,ONLINE,CARD",Subscription card stuffing,0.013,32,9955.31,INR,PURCHASE,UPI,MOBILE_APP,1,0,Coimbatore,2.0,0,0,1,DEV-MOHANA-SAMSUNG-S23,mobile_android,0,BEN-CUST_MOHANA_002-TRUSTED,Trusted Household Vendor,15,0,1,11,0,0,0,None,Resolved Genuine,Standard Habitual Purchase,0
TXN-CUST_MOHANA_002-10071,2026-06-30 17:46:26,2026-06-30,17:46:26,17,1,0,0,CUST_MOHANA_002,180,Coimbatore,Tamil Nadu,Medium Risk / 12% Fraud Rate,M023,SwiftBox Logistics,Courier / Logistics,Express Parcel & Freight Delivery,Tiruppur,Avinashi Road,Tamil Nadu,641603,11.1085,77.3411,9,4200.0,08:00-21:00,"POS,UPI,CARD,ONLINE",Interception fraud / address redirection,0.02,50,12618.65,INR,PURCHASE,ONLINE,MOBILE_APP,1,0,Coimbatore,7.0,0,0,1,DEV-MOHANA-SAMSUNG-S23,mobile_android,0,BEN-CUST_MOHANA_002-TRUSTED,Trusted Household Vendor,8,0,1,13,0,0,0,None,Resolved Genuine,Standard Habitual Purchase,0
TXN-CUST_MOHANA_002-10072,2026-06-30 19:13:17,2026-06-30,19:13:17,19,1,0,0,CUST_MOHANA_002,180,Coimbatore,Tamil Nadu,Medium Risk / 12% Fraud Rate,M017,AutoForge Parts,Spare Parts,OEM Industrial & Auto Components,Hosur,Mookandapalli,Tamil Nadu,635126,12.7409,77.8253,15,16500.0,09:00-19:30,"TRANSFER,POS,CARD",Business email compromise / fake beneficiary update,0.033,82,3780.22,INR,PURCHASE,TRANSFER,MOBILE_APP,1,0,Coimbatore,7.0,0,0,1,DEV-MOHANA-SAMSUNG-S23,mobile_android,0,BEN-CUST_MOHANA_002-TRUSTED,Trusted Household Vendor,13,0,4,21,0,0,0,None,Resolved Genuine,Standard Habitual Purchase,0
TXN-CUST_MOHANA_002-10073,2026-06-30 20:40:05,2026-06-30,20:40:05,20,1,0,0,CUST_MOHANA_002,180,Coimbatore,Tamil Nadu,Medium Risk / 12% Fraud Rate,M001,NovaMart Fresh,Grocery & Supermarket,Supermarket / Hypermarket,Chennai,T Nagar,Tamil Nadu,600017,13.0418,80.2341,8,1250.0,07:00-22:30,"POS,UPI,CARD,ONLINE",Card testing / micro-burst velocity,0.012,30,9831.32,INR,PURCHASE,POS,MOBILE_APP,1,0,Coimbatore,6.0,0,0,1,DEV-MOHANA-SAMSUNG-S23,mobile_android,0,BEN-CUST_MOHANA_002-TRUSTED,Trusted Household Vendor,15,1,4,25,0,0,0,None,Resolved Genuine,Standard Habitual Purchase,0
TXN-CUST_MOHANA_002-10074,2026-06-30 22:08:34,2026-06-30,22:08:34,22,1,0,0,CUST_MOHANA_002,180,Coimbatore,Tamil Nadu,Medium Risk / 12% Fraud Rate,M009,RapidFuel Station,Fuel Station,"Petrol, Diesel & EV Fast Charge",Salem,Fairlands,Tamil Nadu,636016,11.6643,78.146,9,3100.0,24_HOURS,"POS,FLEET_CARD,UPI",Automated fleet card skimming,0.024,60,7057.61,INR,PURCHASE,FLEET_CARD,MOBILE_APP,1,0,Coimbatore,11.0,0,0,1,DEV-MOHANA-SAMSUNG-S23,mobile_android,0,BEN-CUST_MOHANA_002-TRUSTED,Trusted Household Vendor,7,0,2,10,0,0,0,None,Resolved Genuine,Standard Habitual Purchase,0
TXN-CUST_MOHANA_002-10075,2026-06-30 23:33:55,2026-06-30,23:33:55,23,1,0,1,CUST_MOHANA_002,180,Coimbatore,Tamil Nadu,Medium Risk / 12% Fraud Rate,M023,SwiftBox Logistics,Courier / Logistics,Express Parcel & Freight Delivery,Tiruppur,Avinashi Road,Tamil Nadu,641603,11.1085,77.3411,9,4200.0,08:00-21:00,"POS,UPI,CARD,ONLINE",Interception fraud / address redirection,0.02,50,13507.95,INR,PURCHASE,CARD,MOBILE_APP,1,0,Coimbatore,5.0,0,0,1,DEV-MOHANA-SAMSUNG-S23,mobile_android,0,BEN-CUST_MOHANA_002-TRUSTED,Trusted Household Vendor,6,0,2,16,0,0,0,None,Resolved Genuine,Standard Habitual Purchase,0
TXN-CUST_MOHANA_002-10076,2026-07-01 01:01:50,2026-07-01,01:01:50,1,2,0,1,CUST_MOHANA_002,180,Coimbatore,Tamil Nadu,Medium Risk / 12% Fraud Rate,M025,ShieldSure Services,Insurance Services,General & Health Insurance Premium,Chennai,Egmore,Tamil Nadu,600008,13.0784,80.2607,13,14000.0,09:30-18:00,"ONLINE,NETBANKING,CARD",Premium diversion / fake policy payment slips,0.019,47,11717.79,INR,PURCHASE,NETBANKING,MOBILE_APP,0,0,Coimbatore,14.0,0,0,1,DEV-MOHANA-SAMSUNG-S23,mobile_android,0,BEN-CUST_MOHANA_002-TRUSTED,Trusted Household Vendor,8,0,1,14,0,0,0,None,Resolved Genuine,Standard Habitual Purchase,0
TXN-CUST_MOHANA_002-10077,2026-07-01 02:29:41,2026-07-01,02:29:41,2,2,0,1,CUST_MOHANA_002,180,Coimbatore,Tamil Nadu,Medium Risk / 12% Fraud Rate,M027,BrickHarbor Realty,Real Estate / Property Services,Rental Escrow & Facility Management,Chennai,Porur,Tamil Nadu,600116,13.035,80.16,11,65000.0,09:00-19:00,"TRANSFER,NETBANKING,CARD",Security deposit phishing / escrow hijacking,0.039,97,13252.22,INR,PURCHASE,TRANSFER,MOBILE_APP,0,0,Coimbatore,6.0,0,0,1,DEV-MOHANA-SAMSUNG-S23,mobile_android,0,BEN-CUST_MOHANA_002-TRUSTED,Trusted Household Vendor,14,0,1,12,0,0,0,None,Resolved Genuine,Standard Habitual Purchase,0
TXN-CUST_MOHANA_002-10078,2026-07-01 03:54:57,2026-07-01,03:54:57,3,2,0,1,CUST_MOHANA_002,180,Coimbatore,Tamil Nadu,Medium Risk / 12% Fraud Rate,M016,MotoCare Garage,Auto Service,Car Service & Detailing Hub,Chennai,Pallikaranai,Tamil Nadu,600100,12.9372,80.2014,7,8900.0,08:30-20:30,"POS,UPI,CARD",Over-invoicing / synthetic card payments,0.021,52,9922.65,INR,PURCHASE,UPI,MOBILE_APP,1,0,Coimbatore,13.0,0,0,1,DEV-MOHANA-SAMSUNG-S23,mobile_android,0,BEN-CUST_MOHANA_002-TRUSTED,Trusted Household Vendor,14,0,3,19,0,0,0,None,Resolved Genuine,Standard Habitual Purchase,0
TXN-CUST_MOHANA_002-10079,2026-07-01 05:20:23,2026-07-01,05:20:23,5,2,0,1,CUST_MOHANA_002,180,Coimbatore,Tamil Nadu,Medium Risk / 12% Fraud Rate,M015,HomeSphere Appliances,Home Appliances,"Refrigerators, ACs & Kitchen Tech",Coimbatore,Saibaba Colony,Tamil Nadu,641011,11.0315,76.945,9,27500.0,09:30-21:00,"POS,EMI,CARD,UPI",Carding attacks with immediate in-store pickup,0.038,95,12536.96,INR,PURCHASE,POS,MOBILE_APP,1,0,Coimbatore,13.0,0,0,1,DEV-MOHANA-SAMSUNG-S23,mobile_android,0,BEN-CUST_MOHANA_002-TRUSTED,Trusted Household Vendor,8,1,2,11,0,0,0,None,Resolved Genuine,Standard Habitual Purchase,0
TXN-CUST_MOHANA_002-10080,2026-07-01 06:44:55,2026-07-01,06:44:55,6,2,0,0,CUST_MOHANA_002,180,Coimbatore,Tamil Nadu,Medium Risk / 12% Fraud Rate,M010,HarborView Residency,Hotel / Hospitality,Business & Luxury Hotel,Chennai,OMR,Tamil Nadu,600096,12.9165,80.2285,6,9500.0,24_HOURS,"ONLINE,POS,CARD,TRANSFER",Online travel booking fraud with stolen corporate credentials,0.041,102,12670.07,INR,PURCHASE,POS,MOBILE_APP,1,0,Coimbatore,12.0,0,0,1,DEV-MOHANA-SAMSUNG-S23,mobile_android,0,BEN-CUST_MOHANA_002-TRUSTED,Trusted Household Vendor,15,0,3,20,0,0,0,None,Resolved Genuine,Standard Habitual Purchase,0
TXN-CUST_MOHANA_002-10081,2026-07-01 08:12:02,2026-07-01,08:12:02,8,2,0,0,CUST_MOHANA_002,180,Coimbatore,Tamil Nadu,Medium Risk / 12% Fraud Rate,M003,Pulse Mobile Hub,Mobile Store,Smartphones & Accessories,Chennai,Tambaram,Tamil Nadu,600045,12.9249,80.1278,4,18500.0,09:30-21:30,"POS,UPI,CARD",New device abuse / rapid checkout surge,0.035,87,5425.92,INR,PURCHASE,POS,MOBILE_APP,1,0,Coimbatore,2.0,0,0,1,DEV-MOHANA-SAMSUNG-S23,mobile_android,0,BEN-CUST_MOHANA_002-TRUSTED,Trusted Household Vendor,7,0,4,23,0,0,0,None,Resolved Genuine,Standard Habitual Purchase,0
TXN-CUST_MOHANA_002-10082,2026-07-01 09:38:38,2026-07-01,09:38:38,9,2,0,0,CUST_MOHANA_002,180,Coimbatore,Tamil Nadu,Medium Risk / 12% Fraud Rate,M013,CartNest Online,E-commerce,Multi-category Marketplace,Chennai,Guindy,Tamil Nadu,600032,13.0067,80.2026,5,6200.0,24_HOURS,"ONLINE,UPI,CARD,NETBANKING",Account takeover + triangulation shipping fraud,0.045,112,4756.93,INR,PURCHASE,ONLINE,MOBILE_APP,0,0,Coimbatore,7.0,0,0,1,DEV-MOHANA-SAMSUNG-S23,mobile_android,0,BEN-CUST_MOHANA_002-TRUSTED,Trusted Household Vendor,12,1,3,19,0,0,0,None,Resolved Genuine,Standard Habitual Purchase,0
TXN-CUST_MOHANA_002-10083,2026-07-01 11:08:01,2026-07-01,11:08:01,11,2,0,0,CUST_MOHANA_002,180,Coimbatore,Tamil Nadu,Medium Risk / 12% Fraud Rate,M015,HomeSphere Appliances,Home Appliances,"Refrigerators, ACs & Kitchen Tech",Coimbatore,Saibaba Colony,Tamil Nadu,641011,11.0315,76.945,9,27500.0,09:30-21:00,"POS,EMI,CARD,UPI",Carding attacks with immediate in-store pickup,0.038,95,81306.16,INR,P2P_TRANSFER,EMI,WEB_PORTAL,0,0,Hyderabad,580.0,1,1,0,DEV-LAPTOP-CHROME-258,web_browser,1,BEN-NEW-811,Global Flight Booking,0,2,7,33,1,0,0,Geographic Anomaly / High Ticket Spike,Review Required,Sudden location velocity jump with new merchant,1
TXN-CUST_MOHANA_002-10084,2026-07-01 12:36:40,2026-07-01,12:36:40,12,2,0,0,CUST_MOHANA_002,180,Coimbatore,Tamil Nadu,Medium Risk / 12% Fraud Rate,M015,HomeSphere Appliances,Home Appliances,"Refrigerators, ACs & Kitchen Tech",Coimbatore,Saibaba Colony,Tamil Nadu,641011,11.0315,76.945,9,27500.0,09:30-21:00,"POS,EMI,CARD,UPI",Carding attacks with immediate in-store pickup,0.038,95,10008.53,INR,PURCHASE,POS,MOBILE_APP,1,0,Coimbatore,4.0,0,0,1,DEV-MOHANA-SAMSUNG-S23,mobile_android,0,BEN-CUST_MOHANA_002-TRUSTED,Trusted Household Vendor,6,1,3,21,0,0,0,None,Resolved Genuine,Standard Habitual Purchase,0
TXN-CUST_MOHANA_002-10085,2026-07-01 14:05:06,2026-07-01,14:05:06,14,2,0,0,CUST_MOHANA_002,180,Coimbatore,Tamil Nadu,Medium Risk / 12% Fraud Rate,M014,OakLine Furnishings,Furniture,Teak Wood & Modern Home Decor,Madurai,Bypass Road,Tamil Nadu,625016,9.932,78.109,12,38000.0,10:00-21:00,"POS,CARD,TRANSFER,EMI",Invoice redirection fraud / fake payment slips,0.029,72,9074.49,INR,PURCHASE,EMI,MOBILE_APP,1,0,Coimbatore,10.0,0,0,1,DEV-MOHANA-SAMSUNG-S23,mobile_android,0,BEN-CUST_MOHANA_002-TRUSTED,Trusted Household Vendor,11,1,2,16,0,0,0,None,Resolved Genuine,Standard Habitual Purchase,0
TXN-CUST_MOHANA_002-10086,2026-07-01 15:32:59,2026-07-01,15:32:59,15,2,0,0,CUST_MOHANA_002,180,Coimbatore,Tamil Nadu,Medium Risk / 12% Fraud Rate,M023,SwiftBox Logistics,Courier / Logistics,Express Parcel & Freight Delivery,Tiruppur,Avinashi Road,Tamil Nadu,641603,11.1085,77.3411,9,4200.0,08:00-21:00,"POS,UPI,CARD,ONLINE",Interception fraud / address redirection,0.02,50,11527.33,INR,PURCHASE,CARD,MOBILE_APP,1,0,Coimbatore,6.0,0,0,1,DEV-MOHANA-SAMSUNG-S23,mobile_android,0,BEN-CUST_MOHANA_002-TRUSTED,Trusted Household Vendor,9,0,3,19,0,0,0,None,Resolved Genuine,Standard Habitual Purchase,0
TXN-CUST_MOHANA_002-10087,2026-07-01 17:01:47,2026-07-01,17:01:47,17,2,0,0,CUST_MOHANA_002,180,Coimbatore,Tamil Nadu,Medium Risk / 12% Fraud Rate,M008,BeanCircuit Cafe,Cafe,Specialty Coffee & Bakery,Bengaluru,Indiranagar,Karnataka,560038,12.9784,77.6408,3,650.0,07:30-23:00,"UPI,POS,CARD",QR code spoofing / fast velocity dining,0.009,22,6665.58,INR,PURCHASE,CARD,MOBILE_APP,1,0,Coimbatore,6.0,0,0,1,DEV-MOHANA-SAMSUNG-S23,mobile_android,0,BEN-CUST_MOHANA_002-TRUSTED,Trusted Household Vendor,8,1,2,13,0,0,0,None,Resolved Genuine,Standard Habitual Purchase,0
TXN-CUST_MOHANA_002-10088,2026-07-01 18:29:57,2026-07-01,18:29:57,18,2,0,0,CUST_MOHANA_002,180,Coimbatore,Tamil Nadu,Medium Risk / 12% Fraud Rate,M019,ArenaSport World,Sports Retail,Fitness Equipment & Sports Wear,Chennai,Nungambakkam,Tamil Nadu,600034,13.0604,80.2405,6,5600.0,10:00-21:30,"POS,ONLINE,UPI,CARD",Stolen card chargeback on premium sports gear,0.026,65,4713.4,INR,PURCHASE,UPI,MOBILE_APP,1,0,Coimbatore,15.0,0,0,1,DEV-MOHANA-SAMSUNG-S23,mobile_android,0,BEN-CUST_MOHANA_002-TRUSTED,Trusted Household Vendor,11,0,4,19,0,0,0,None,Resolved Genuine,Standard Habitual Purchase,0
TXN-CUST_MOHANA_002-10089,2026-07-01 19:58:12,2026-07-01,19:58:12,19,2,0,0,CUST_MOHANA_002,180,Coimbatore,Tamil Nadu,Medium Risk / 12% Fraud Rate,M020,GameGrid Arena,Gaming,"Esports, Consoles & Virtual Credits",Bengaluru,Koramangala,Karnataka,560095,12.9352,77.6245,4,3400.0,10:00-01:00,"ONLINE,UPI,CARD,WALLET",Virtual item laundering & bot-driven micro transactions,0.055,137,5723.81,INR,PURCHASE,CARD,MOBILE_APP,0,0,Coimbatore,6.0,0,0,1,DEV-MOHANA-SAMSUNG-S23,mobile_android,0,BEN-CUST_MOHANA_002-TRUSTED,Trusted Household Vendor,10,0,2,10,0,0,0,None,Resolved Genuine,Standard Habitual Purchase,0
TXN-CUST_MOHANA_002-10090,2026-07-01 21:24:22,2026-07-01,21:24:22,21,2,0,0,CUST_MOHANA_002,180,Coimbatore,Tamil Nadu,Medium Risk / 12% Fraud Rate,M015,HomeSphere Appliances,Home Appliances,"Refrigerators, ACs & Kitchen Tech",Coimbatore,Saibaba Colony,Tamil Nadu,641011,11.0315,76.945,9,27500.0,09:30-21:00,"POS,EMI,CARD,UPI",Carding attacks with immediate in-store pickup,0.038,95,8470.76,INR,PURCHASE,UPI,MOBILE_APP,1,0,Coimbatore,7.0,0,0,1,DEV-MOHANA-SAMSUNG-S23,mobile_android,0,BEN-CUST_MOHANA_002-TRUSTED,Trusted Household Vendor,3,1,2,18,0,0,0,None,Resolved Genuine,Standard Habitual Purchase,0
TXN-CUST_MOHANA_002-10091,2026-07-01 22:51:40,2026-07-01,22:51:40,22,2,0,0,CUST_MOHANA_002,180,Coimbatore,Tamil Nadu,Medium Risk / 12% Fraud Rate,M029,CloudDesk Digital,Software / Digital Services,Cloud Infrastructure & SaaS Tools,Bengaluru,Whitefield,Karnataka,560066,12.9698,77.7499,7,19800.0,24_HOURS,"ONLINE,CARD,TRANSFER",Cryptomining VM rental with stolen credit cards,0.058,145,6945.55,INR,PURCHASE,CARD,MOBILE_APP,0,0,Coimbatore,14.0,0,0,1,DEV-MOHANA-SAMSUNG-S23,mobile_android,0,BEN-CUST_MOHANA_002-TRUSTED,Trusted Household Vendor,13,0,1,7,0,0,0,None,Resolved Genuine,Standard Habitual Purchase,0
TXN-CUST_MOHANA_002-10092,2026-07-02 00:20:47,2026-07-02,00:20:47,0,3,0,1,CUST_MOHANA_002,180,Coimbatore,Tamil Nadu,Medium Risk / 12% Fraud Rate,M009,RapidFuel Station,Fuel Station,"Petrol, Diesel & EV Fast Charge",Salem,Fairlands,Tamil Nadu,636016,11.6643,78.146,9,3100.0,24_HOURS,"POS,FLEET_CARD,UPI",Automated fleet card skimming,0.024,60,9211.49,INR,PURCHASE,UPI,MOBILE_APP,1,0,Coimbatore,15.0,0,0,1,DEV-MOHANA-SAMSUNG-S23,mobile_android,0,BEN-CUST_MOHANA_002-TRUSTED,Trusted Household Vendor,9,0,4,20,0,0,0,None,Resolved Genuine,Standard Habitual Purchase,0
TXN-CUST_MOHANA_002-10093,2026-07-02 01:50:07,2026-07-02,01:50:07,1,3,0,1,CUST_MOHANA_002,180,Coimbatore,Tamil Nadu,Medium Risk / 12% Fraud Rate,M007,SpiceRoute Kitchen,Restaurant,Fine Dining & Chettinad,Chennai,Adyar,Tamil Nadu,600020,13.0012,80.2565,7,2200.0,11:30-23:30,"POS,UPI,CARD",Cloned card POS terminal replay,0.018,45,10150.37,INR,PURCHASE,POS,MOBILE_APP,1,0,Coimbatore,5.0,0,0,1,DEV-MOHANA-SAMSUNG-S23,mobile_android,0,BEN-CUST_MOHANA_002-TRUSTED,Trusted Household Vendor,8,0,3,22,0,0,0,None,Resolved Genuine,Standard Habitual Purchase,0
TXN-CUST_MOHANA_002-10094,2026-07-02 03:19:11,2026-07-02,03:19:11,3,3,0,1,CUST_MOHANA_002,180,Coimbatore,Tamil Nadu,Medium Risk / 12% Fraud Rate,M005,UrbanThread Studio,Fashion / Apparel,Designer & Ready-to-wear,Chennai,Anna Nagar,Tamil Nadu,600040,13.085,80.2101,5,4800.0,10:30-22:00,"POS,ONLINE,UPI,CARD",Refund abuse / credential stuffing,0.022,55,11216.26,INR,PURCHASE,POS,MOBILE_APP,1,0,Coimbatore,11.0,0,0,1,DEV-MOHANA-SAMSUNG-S23,mobile_android,0,BEN-CUST_MOHANA_002-TRUSTED,Trusted Household Vendor,12,0,1,11,0,0,0,None,Resolved Genuine,Standard Habitual Purchase,0
TXN-CUST_MOHANA_002-10095,2026-07-02 04:46:07,2026-07-02,04:46:07,4,3,0,1,CUST_MOHANA_002,180,Coimbatore,Tamil Nadu,Medium Risk / 12% Fraud Rate,M025,ShieldSure Services,Insurance Services,General & Health Insurance Premium,Chennai,Egmore,Tamil Nadu,600008,13.0784,80.2607,13,14000.0,09:30-18:00,"ONLINE,NETBANKING,CARD",Premium diversion / fake policy payment slips,0.019,47,13369.01,INR,PURCHASE,ONLINE,MOBILE_APP,0,0,Coimbatore,10.0,0,0,1,DEV-MOHANA-SAMSUNG-S23,mobile_android,0,BEN-CUST_MOHANA_002-TRUSTED,Trusted Household Vendor,14,1,4,21,0,0,0,None,Resolved Genuine,Standard Habitual Purchase,0
TXN-CUST_MOHANA_002-10096,2026-07-02 06:11:00,2026-07-02,06:11:00,6,3,0,0,CUST_MOHANA_002,180,Coimbatore,Tamil Nadu,Medium Risk / 12% Fraud Rate,M020,GameGrid Arena,Gaming,"Esports, Consoles & Virtual Credits",Bengaluru,Koramangala,Karnataka,560095,12.9352,77.6245,4,3400.0,10:00-01:00,"ONLINE,UPI,CARD,WALLET",Virtual item laundering & bot-driven micro transactions,0.055,137,11292.09,INR,PURCHASE,WALLET,MOBILE_APP,0,0,Coimbatore,3.0,0,0,1,DEV-MOHANA-SAMSUNG-S23,mobile_android,0,BEN-CUST_MOHANA_002-TRUSTED,Trusted Household Vendor,13,0,1,7,0,0,0,None,Resolved Genuine,Standard Habitual Purchase,0
TXN-CUST_MOHANA_002-10097,2026-07-02 07:36:24,2026-07-02,07:36:24,7,3,0,0,CUST_MOHANA_002,180,Coimbatore,Tamil Nadu,Medium Risk / 12% Fraud Rate,M004,Aurelia Gold House,Jewellery,Gold & Diamond Jewellery,Coimbatore,RS Puram,Tamil Nadu,641002,11.0089,76.9514,14,78000.0,10:00-20:30,"POS,CARD,TRANSFER",Account takeover / card-not-present luxury surge,0.065,162,13050.7,INR,PURCHASE,CARD,MOBILE_APP,1,0,Coimbatore,10.0,0,0,1,DEV-MOHANA-SAMSUNG-S23,mobile_android,0,BEN-CUST_MOHANA_002-TRUSTED,Trusted Household Vendor,15,0,4,24,0,0,0,None,Resolved Genuine,Standard Habitual Purchase,0
TXN-CUST_MOHANA_002-10098,2026-07-02 09:03:58,2026-07-02,09:03:58,9,3,0,0,CUST_MOHANA_002,180,Coimbatore,Tamil Nadu,Medium Risk / 12% Fraud Rate,M005,UrbanThread Studio,Fashion / Apparel,Designer & Ready-to-wear,Chennai,Anna Nagar,Tamil Nadu,600040,13.085,80.2101,5,4800.0,10:30-22:00,"POS,ONLINE,UPI,CARD",Refund abuse / credential stuffing,0.022,55,12042.11,INR,PURCHASE,CARD,MOBILE_APP,1,0,Coimbatore,3.0,0,0,1,DEV-MOHANA-SAMSUNG-S23,mobile_android,0,BEN-CUST_MOHANA_002-TRUSTED,Trusted Household Vendor,5,1,3,18,0,0,0,None,Resolved Genuine,Standard Habitual Purchase,0
TXN-CUST_MOHANA_002-10099,2026-07-02 10:30:22,2026-07-02,10:30:22,10,3,0,0,CUST_MOHANA_002,180,Coimbatore,Tamil Nadu,Medium Risk / 12% Fraud Rate,M006,MedicoCare Pharmacy,Pharmacy,Medicines & Surgical Supplies,Madurai,KK Nagar,Tamil Nadu,625020,9.9252,78.1498,10,1450.0,24_HOURS,"POS,UPI,CARD,ONLINE",Nighttime micro card testing,0.015,37,6057.16,INR,PURCHASE,ONLINE,MOBILE_APP,1,0,Coimbatore,4.0,0,0,1,DEV-MOHANA-SAMSUNG-S23,mobile_android,0,BEN-CUST_MOHANA_002-TRUSTED,Trusted Household Vendor,8,0,1,7,0,0,0,None,Resolved Genuine,Standard Habitual Purchase,0
TXN-CUST_MOHANA_002-10100,2026-07-02 11:56:55,2026-07-02,11:56:55,11,3,0,0,CUST_MOHANA_002,180,Coimbatore,Tamil Nadu,Medium Risk / 12% Fraud Rate,M001,NovaMart Fresh,Grocery & Supermarket,Supermarket / Hypermarket,Chennai,T Nagar,Tamil Nadu,600017,13.0418,80.2341,8,1250.0,07:00-22:30,"POS,UPI,CARD,ONLINE",Card testing / micro-burst velocity,0.012,30,12368.87,INR,PURCHASE,CARD,MOBILE_APP,1,0,Coimbatore,1.0,0,0,1,DEV-MOHANA-SAMSUNG-S23,mobile_android,0,BEN-CUST_MOHANA_002-TRUSTED,Trusted Household Vendor,13,0,1,7,0,0,0,None,Resolved Genuine,Standard Habitual Purchase,0
TXN-CUST_MOHANA_002-10101,2026-07-02 13:21:20,2026-07-02,13:21:20,13,3,0,0,CUST_MOHANA_002,180,Coimbatore,Tamil Nadu,Medium Risk / 12% Fraud Rate,M017,AutoForge Parts,Spare Parts,OEM Industrial & Auto Components,Hosur,Mookandapalli,Tamil Nadu,635126,12.7409,77.8253,15,16500.0,09:00-19:30,"TRANSFER,POS,CARD",Business email compromise / fake beneficiary update,0.033,82,3528.3,INR,PURCHASE,CARD,MOBILE_APP,1,0,Coimbatore,6.0,0,0,1,DEV-MOHANA-SAMSUNG-S23,mobile_android,0,BEN-CUST_MOHANA_002-TRUSTED,Trusted Household Vendor,15,0,1,11,0,0,0,None,Resolved Genuine,Standard Habitual Purchase,0
TXN-CUST_MOHANA_002-10102,2026-07-02 14:49:53,2026-07-02,14:49:53,14,3,0,0,CUST_MOHANA_002,180,Coimbatore,Tamil Nadu,Medium Risk / 12% Fraud Rate,M006,MedicoCare Pharmacy,Pharmacy,Medicines & Surgical Supplies,Madurai,KK Nagar,Tamil Nadu,625020,9.9252,78.1498,10,1450.0,24_HOURS,"POS,UPI,CARD,ONLINE",Nighttime micro card testing,0.015,37,5322.52,INR,PURCHASE,POS,MOBILE_APP,1,0,Coimbatore,10.0,0,0,1,DEV-MOHANA-SAMSUNG-S23,mobile_android,0,BEN-CUST_MOHANA_002-TRUSTED,Trusted Household Vendor,8,0,2,12,0,0,0,None,Resolved Genuine,Standard Habitual Purchase,0
TXN-CUST_MOHANA_002-10103,2026-07-02 16:16:53,2026-07-02,16:16:53,16,3,0,0,CUST_MOHANA_002,180,Coimbatore,Tamil Nadu,Medium Risk / 12% Fraud Rate,M019,ArenaSport World,Sports Retail,Fitness Equipment & Sports Wear,Chennai,Nungambakkam,Tamil Nadu,600034,13.0604,80.2405,6,5600.0,10:00-21:30,"POS,ONLINE,UPI,CARD",Stolen card chargeback on premium sports gear,0.026,65,5204.67,INR,PURCHASE,ONLINE,MOBILE_APP,1,0,Coimbatore,8.0,0,0,1,DEV-MOHANA-SAMSUNG-S23,mobile_android,0,BEN-CUST_MOHANA_002-TRUSTED,Trusted Household Vendor,11,0,2,17,0,0,0,None,Resolved Genuine,Standard Habitual Purchase,0
TXN-CUST_MOHANA_002-10104,2026-07-02 17:40:28,2026-07-02,17:40:28,17,3,0,0,CUST_MOHANA_002,180,Coimbatore,Tamil Nadu,Medium Risk / 12% Fraud Rate,M002,CircuitBay Electronics,Consumer Electronics,Laptops & Gadgets,Chennai,Velachery,Tamil Nadu,600042,12.9759,80.2212,6,32000.0,10:00-21:30,"POS,ONLINE,EMI,UPI",Stolen payment details / high-ticket electronics delivery,0.048,120,12939.99,INR,PURCHASE,EMI,MOBILE_APP,1,0,Coimbatore,15.0,0,0,1,DEV-MOHANA-SAMSUNG-S23,mobile_android,0,BEN-CUST_MOHANA_002-TRUSTED,Trusted Household Vendor,15,0,1,10,0,0,0,None,Resolved Genuine,Standard Habitual Purchase,0
TXN-CUST_MOHANA_002-10105,2026-07-02 19:04:31,2026-07-02,19:04:31,19,3,0,0,CUST_MOHANA_002,180,Coimbatore,Tamil Nadu,Medium Risk / 12% Fraud Rate,M022,SkillSpring Academy,Education / Training,Professional Certifications & Tech Bootcamps,Chennai,Mylapore,Tamil Nadu,600004,13.0368,80.2676,8,22000.0,08:30-19:30,"ONLINE,NETBANKING,CARD,UPI",Stolen corporate card enrollments,0.028,70,45156.84,INR,P2P_TRANSFER,CARD,MOBILE_APP,0,0,Mumbai,809.0,1,0,1,DEV-MOHANA-SAMSUNG-S23,mobile_android,1,BEN-NEW-727,Global Flight Booking,0,2,8,41,1,0,0,Geographic Anomaly / High Ticket Spike,Review Required,Sudden location velocity jump with new merchant,1
TXN-CUST_MOHANA_002-10106,2026-07-02 20:33:29,2026-07-02,20:33:29,20,3,0,0,CUST_MOHANA_002,180,Coimbatore,Tamil Nadu,Medium Risk / 12% Fraud Rate,M018,PageTurn Book House,Bookstore,"Academic, Fiction & Stationery",Trichy,Thillai Nagar,Tamil Nadu,620018,10.8282,78.6854,16,850.0,09:00-21:30,"POS,UPI,CARD,ONLINE",Low-value card testing bots,0.008,20,11884.06,INR,PURCHASE,POS,MOBILE_APP,1,0,Coimbatore,13.0,0,0,1,DEV-MOHANA-SAMSUNG-S23,mobile_android,0,BEN-CUST_MOHANA_002-TRUSTED,Trusted Household Vendor,13,0,1,11,0,0,0,None,Resolved Genuine,Standard Habitual Purchase,0
TXN-CUST_MOHANA_002-10107,2026-07-02 21:58:21,2026-07-02,21:58:21,21,3,0,0,CUST_MOHANA_002,180,Coimbatore,Tamil Nadu,Medium Risk / 12% Fraud Rate,M005,UrbanThread Studio,Fashion / Apparel,Designer & Ready-to-wear,Chennai,Anna Nagar,Tamil Nadu,600040,13.085,80.2101,5,4800.0,10:30-22:00,"POS,ONLINE,UPI,CARD",Refund abuse / credential stuffing,0.022,55,5842.4,INR,PURCHASE,UPI,MOBILE_APP,1,0,Coimbatore,14.0,0,0,1,DEV-MOHANA-SAMSUNG-S23,mobile_android,0,BEN-CUST_MOHANA_002-TRUSTED,Trusted Household Vendor,3,0,4,18,0,0,0,None,Resolved Genuine,Standard Habitual Purchase,0
TXN-CUST_MOHANA_002-10108,2026-07-02 23:27:15,2026-07-02,23:27:15,23,3,0,1,CUST_MOHANA_002,180,Coimbatore,Tamil Nadu,Medium Risk / 12% Fraud Rate,M016,MotoCare Garage,Auto Service,Car Service & Detailing Hub,Chennai,Pallikaranai,Tamil Nadu,600100,12.9372,80.2014,7,8900.0,08:30-20:30,"POS,UPI,CARD",Over-invoicing / synthetic card payments,0.021,52,11671.26,INR,PURCHASE,POS,MOBILE_APP,1,0,Coimbatore,15.0,0,0,1,DEV-MOHANA-SAMSUNG-S23,mobile_android,0,BEN-CUST_MOHANA_002-TRUSTED,Trusted Household Vendor,11,0,1,11,0,0,0,None,Resolved Genuine,Standard Habitual Purchase,0
TXN-CUST_MOHANA_002-10109,2026-07-03 00:56:08,2026-07-03,00:56:08,0,4,0,1,CUST_MOHANA_002,180,Coimbatore,Tamil Nadu,Medium Risk / 12% Fraud Rate,M019,ArenaSport World,Sports Retail,Fitness Equipment & Sports Wear,Chennai,Nungambakkam,Tamil Nadu,600034,13.0604,80.2405,6,5600.0,10:00-21:30,"POS,ONLINE,UPI,CARD",Stolen card chargeback on premium sports gear,0.026,65,9265.89,INR,PURCHASE,UPI,MOBILE_APP,1,0,Coimbatore,9.0,0,0,1,DEV-MOHANA-SAMSUNG-S23,mobile_android,0,BEN-CUST_MOHANA_002-TRUSTED,Trusted Household Vendor,7,0,2,12,0,0,0,None,Resolved Genuine,Standard Habitual Purchase,0
TXN-CUST_MOHANA_002-10110,2026-07-03 02:22:13,2026-07-03,02:22:13,2,4,0,1,CUST_MOHANA_002,180,Coimbatore,Tamil Nadu,Medium Risk / 12% Fraud Rate,M007,SpiceRoute Kitchen,Restaurant,Fine Dining & Chettinad,Chennai,Adyar,Tamil Nadu,600020,13.0012,80.2565,7,2200.0,11:30-23:30,"POS,UPI,CARD",Cloned card POS terminal replay,0.018,45,6388.18,INR,PURCHASE,POS,MOBILE_APP,1,0,Coimbatore,11.0,0,0,1,DEV-MOHANA-SAMSUNG-S23,mobile_android,0,BEN-CUST_MOHANA_002-TRUSTED,Trusted Household Vendor,9,0,4,25,0,0,0,None,Resolved Genuine,Standard Habitual Purchase,0
TXN-CUST_MOHANA_002-10111,2026-07-03 03:45:46,2026-07-03,03:45:46,3,4,0,1,CUST_MOHANA_002,180,Coimbatore,Tamil Nadu,Medium Risk / 12% Fraud Rate,M004,Aurelia Gold House,Jewellery,Gold & Diamond Jewellery,Coimbatore,RS Puram,Tamil Nadu,641002,11.0089,76.9514,14,78000.0,10:00-20:30,"POS,CARD,TRANSFER",Account takeover / card-not-present luxury surge,0.065,162,6679.45,INR,PURCHASE,CARD,MOBILE_APP,1,0,Coimbatore,8.0,0,0,1,DEV-MOHANA-SAMSUNG-S23,mobile_android,0,BEN-CUST_MOHANA_002-TRUSTED,Trusted Household Vendor,10,0,3,14,0,0,0,None,Resolved Genuine,Standard Habitual Purchase,0
TXN-CUST_MOHANA_002-10112,2026-07-03 05:12:19,2026-07-03,05:12:19,5,4,0,1,CUST_MOHANA_002,180,Coimbatore,Tamil Nadu,Medium Risk / 12% Fraud Rate,M002,CircuitBay Electronics,Consumer Electronics,Laptops & Gadgets,Chennai,Velachery,Tamil Nadu,600042,12.9759,80.2212,6,32000.0,10:00-21:30,"POS,ONLINE,EMI,UPI",Stolen payment details / high-ticket electronics delivery,0.048,120,5318.4,INR,PURCHASE,EMI,MOBILE_APP,1,0,Coimbatore,2.0,0,0,1,DEV-MOHANA-SAMSUNG-S23,mobile_android,0,BEN-CUST_MOHANA_002-TRUSTED,Trusted Household Vendor,13,0,2,10,0,0,0,None,Resolved Genuine,Standard Habitual Purchase,0
TXN-CUST_MOHANA_002-10113,2026-07-03 06:38:56,2026-07-03,06:38:56,6,4,0,0,CUST_MOHANA_002,180,Coimbatore,Tamil Nadu,Medium Risk / 12% Fraud Rate,M002,CircuitBay Electronics,Consumer Electronics,Laptops & Gadgets,Chennai,Velachery,Tamil Nadu,600042,12.9759,80.2212,6,32000.0,10:00-21:30,"POS,ONLINE,EMI,UPI",Stolen payment details / high-ticket electronics delivery,0.048,120,13261.04,INR,PURCHASE,UPI,MOBILE_APP,1,0,Coimbatore,7.0,0,0,1,DEV-MOHANA-SAMSUNG-S23,mobile_android,0,BEN-CUST_MOHANA_002-TRUSTED,Trusted Household Vendor,13,1,1,14,0,0,0,None,Resolved Genuine,Standard Habitual Purchase,0
TXN-CUST_MOHANA_002-10114,2026-07-03 08:05:28,2026-07-03,08:05:28,8,4,0,0,CUST_MOHANA_002,180,Coimbatore,Tamil Nadu,Medium Risk / 12% Fraud Rate,M006,MedicoCare Pharmacy,Pharmacy,Medicines & Surgical Supplies,Madurai,KK Nagar,Tamil Nadu,625020,9.9252,78.1498,10,1450.0,24_HOURS,"POS,UPI,CARD,ONLINE",Nighttime micro card testing,0.015,37,8589.2,INR,PURCHASE,ONLINE,MOBILE_APP,1,0,Coimbatore,11.0,0,0,1,DEV-MOHANA-SAMSUNG-S23,mobile_android,0,BEN-CUST_MOHANA_002-TRUSTED,Trusted Household Vendor,4,0,2,12,0,0,0,None,Resolved Genuine,Standard Habitual Purchase,0
TXN-CUST_MOHANA_002-10115,2026-07-03 09:34:14,2026-07-03,09:34:14,9,4,0,0,CUST_MOHANA_002,180,Coimbatore,Tamil Nadu,Medium Risk / 12% Fraud Rate,M023,SwiftBox Logistics,Courier / Logistics,Express Parcel & Freight Delivery,Tiruppur,Avinashi Road,Tamil Nadu,641603,11.1085,77.3411,9,4200.0,08:00-21:00,"POS,UPI,CARD,ONLINE",Interception fraud / address redirection,0.02,50,9443.43,INR,PURCHASE,POS,MOBILE_APP,0,0,Delhi,511.0,1,0,1,DEV-MOHANA-SAMSUNG-S23,mobile_android,0,BEN-CUST_MOHANA_002-01,Self Family Transfer,3,4,9,44,1,0,0,Geographic Anomaly / High Ticket Spike,Review Required,Sudden location velocity jump with new merchant,1
TXN-CUST_MOHANA_002-10116,2026-07-03 10:58:52,2026-07-03,10:58:52,10,4,0,0,CUST_MOHANA_002,180,Coimbatore,Tamil Nadu,Medium Risk / 12% Fraud Rate,M023,SwiftBox Logistics,Courier / Logistics,Express Parcel & Freight Delivery,Tiruppur,Avinashi Road,Tamil Nadu,641603,11.1085,77.3411,9,4200.0,08:00-21:00,"POS,UPI,CARD,ONLINE",Interception fraud / address redirection,0.02,50,4586.58,INR,PURCHASE,CARD,MOBILE_APP,1,0,Coimbatore,5.0,0,0,1,DEV-MOHANA-SAMSUNG-S23,mobile_android,0,BEN-CUST_MOHANA_002-TRUSTED,Trusted Household Vendor,13,1,2,12,0,0,0,None,Resolved Genuine,Standard Habitual Purchase,0
TXN-CUST_MOHANA_002-10117,2026-07-03 12:28:11,2026-07-03,12:28:11,12,4,0,0,CUST_MOHANA_002,180,Coimbatore,Tamil Nadu,Medium Risk / 12% Fraud Rate,M027,BrickHarbor Realty,Real Estate / Property Services,Rental Escrow & Facility Management,Chennai,Porur,Tamil Nadu,600116,13.035,80.16,11,65000.0,09:00-19:00,"TRANSFER,NETBANKING,CARD",Security deposit phishing / escrow hijacking,0.039,97,5729.39,INR,PURCHASE,TRANSFER,MOBILE_APP,0,0,Coimbatore,15.0,0,0,1,DEV-MOHANA-SAMSUNG-S23,mobile_android,0,BEN-CUST_MOHANA_002-TRUSTED,Trusted Household Vendor,5,0,1,9,0,0,0,None,Resolved Genuine,Standard Habitual Purchase,0
TXN-CUST_MOHANA_002-10118,2026-07-03 13:55:19,2026-07-03,13:55:19,13,4,0,0,CUST_MOHANA_002,180,Coimbatore,Tamil Nadu,Medium Risk / 12% Fraud Rate,M009,RapidFuel Station,Fuel Station,"Petrol, Diesel & EV Fast Charge",Salem,Fairlands,Tamil Nadu,636016,11.6643,78.146,9,3100.0,24_HOURS,"POS,FLEET_CARD,UPI",Automated fleet card skimming,0.024,60,12395.84,INR,PURCHASE,UPI,MOBILE_APP,1,0,Coimbatore,7.0,0,0,1,DEV-MOHANA-SAMSUNG-S23,mobile_android,0,BEN-CUST_MOHANA_002-TRUSTED,Trusted Household Vendor,6,0,3,18,0,0,0,None,Resolved Genuine,Standard Habitual Purchase,0
TXN-CUST_MOHANA_002-10119,2026-07-03 15:21:10,2026-07-03,15:21:10,15,4,0,0,CUST_MOHANA_002,180,Coimbatore,Tamil Nadu,Medium Risk / 12% Fraud Rate,M001,NovaMart Fresh,Grocery & Supermarket,Supermarket / Hypermarket,Chennai,T Nagar,Tamil Nadu,600017,13.0418,80.2341,8,1250.0,07:00-22:30,"POS,UPI,CARD,ONLINE",Card testing / micro-burst velocity,0.012,30,7642.05,INR,PURCHASE,ONLINE,MOBILE_APP,1,0,Coimbatore,7.0,0,0,1,DEV-MOHANA-SAMSUNG-S23,mobile_android,0,BEN-CUST_MOHANA_002-TRUSTED,Trusted Household Vendor,15,0,2,14,0,0,0,None,Resolved Genuine,Standard Habitual Purchase,0
TXN-CUST_MOHANA_002-10120,2026-07-03 16:48:10,2026-07-03,16:48:10,16,4,0,0,CUST_MOHANA_002,180,Coimbatore,Tamil Nadu,Medium Risk / 12% Fraud Rate,M021,GlowCraft Salon,Salon / Beauty,Spa & Grooming Studio,Chennai,Porur,Tamil Nadu,600116,13.0382,80.1565,5,2800.0,09:00-21:00,"POS,UPI,CARD",Unusual late-night transaction spikes,0.011,27,10463.74,INR,PURCHASE,CARD,MOBILE_APP,1,0,Coimbatore,1.0,0,0,1,DEV-MOHANA-SAMSUNG-S23,mobile_android,0,BEN-CUST_MOHANA_002-TRUSTED,Trusted Household Vendor,5,0,4,21,0,0,0,None,Resolved Genuine,Standard Habitual Purchase,0
TXN-CUST_MOHANA_002-10121,2026-07-03 18:12:00,2026-07-03,18:12:00,18,4,0,0,CUST_MOHANA_002,180,Coimbatore,Tamil Nadu,Medium Risk / 12% Fraud Rate,M004,Aurelia Gold House,Jewellery,Gold & Diamond Jewellery,Coimbatore,RS Puram,Tamil Nadu,641002,11.0089,76.9514,14,78000.0,10:00-20:30,"POS,CARD,TRANSFER",Account takeover / card-not-present luxury surge,0.065,162,4575.84,INR,PURCHASE,TRANSFER,MOBILE_APP,1,0,Coimbatore,15.0,0,0,1,DEV-MOHANA-SAMSUNG-S23,mobile_android,0,BEN-CUST_MOHANA_002-TRUSTED,Trusted Household Vendor,5,0,1,11,0,0,0,None,Resolved Genuine,Standard Habitual Purchase,0
TXN-CUST_MOHANA_002-10122,2026-07-03 19:36:24,2026-07-03,19:36:24,19,4,0,0,CUST_MOHANA_002,180,Coimbatore,Tamil Nadu,Medium Risk / 12% Fraud Rate,M024,LinkWave Telecom,Telecom Retail,Fiber Broadband & Postpaid Plans,Erode,Perundurai Road,Tamil Nadu,638011,11.341,77.7172,10,1950.0,09:30-20:30,"UPI,CARD,ONLINE,POS",SIM swap bill recharge surges,0.017,42,6016.29,INR,PURCHASE,ONLINE,MOBILE_APP,1,0,Coimbatore,11.0,0,0,1,DEV-MOHANA-SAMSUNG-S23,mobile_android,0,BEN-CUST_MOHANA_002-TRUSTED,Trusted Household Vendor,7,0,4,22,0,0,0,None,Resolved Genuine,Standard Habitual Purchase,0
TXN-CUST_MOHANA_002-10123,2026-07-03 21:04:56,2026-07-03,21:04:56,21,4,0,0,CUST_MOHANA_002,180,Coimbatore,Tamil Nadu,Medium Risk / 12% Fraud Rate,M009,RapidFuel Station,Fuel Station,"Petrol, Diesel & EV Fast Charge",Salem,Fairlands,Tamil Nadu,636016,11.6643,78.146,9,3100.0,24_HOURS,"POS,FLEET_CARD,UPI",Automated fleet card skimming,0.024,60,4506.62,INR,PURCHASE,UPI,MOBILE_APP,1,0,Coimbatore,2.0,0,0,1,DEV-MOHANA-SAMSUNG-S23,mobile_android,0,BEN-CUST_MOHANA_002-TRUSTED,Trusted Household Vendor,4,0,2,17,0,0,0,None,Resolved Genuine,Standard Habitual Purchase,0
TXN-CUST_MOHANA_002-10124,2026-07-03 22:29:32,2026-07-03,22:29:32,22,4,0,0,CUST_MOHANA_002,180,Coimbatore,Tamil Nadu,Medium Risk / 12% Fraud Rate,M017,AutoForge Parts,Spare Parts,OEM Industrial & Auto Components,Hosur,Mookandapalli,Tamil Nadu,635126,12.7409,77.8253,15,16500.0,09:00-19:30,"TRANSFER,POS,CARD",Business email compromise / fake beneficiary update,0.033,82,13554.7,INR,PURCHASE,TRANSFER,MOBILE_APP,1,0,Coimbatore,8.0,0,0,1,DEV-MOHANA-SAMSUNG-S23,mobile_android,0,BEN-CUST_MOHANA_002-TRUSTED,Trusted Household Vendor,6,0,1,12,0,0,0,None,Resolved Genuine,Standard Habitual Purchase,0
TXN-CUST_MOHANA_002-10125,2026-07-03 23:54:03,2026-07-03,23:54:03,23,4,0,1,CUST_MOHANA_002,180,Coimbatore,Tamil Nadu,Medium Risk / 12% Fraud Rate,M025,ShieldSure Services,Insurance Services,General & Health Insurance Premium,Chennai,Egmore,Tamil Nadu,600008,13.0784,80.2607,13,14000.0,09:30-18:00,"ONLINE,NETBANKING,CARD",Premium diversion / fake policy payment slips,0.019,47,38794.89,INR,P2P_TRANSFER,ONLINE,WEB_PORTAL,0,0,Hyderabad,679.0,1,1,0,DEV-LAPTOP-CHROME-546,web_browser,1,BEN-NEW-711,Global Flight Booking,0,3,9,46,1,0,0,Geographic Anomaly / High Ticket Spike,Review Required,Sudden location velocity jump with new merchant,1
TXN-CUST_MOHANA_002-10126,2026-07-04 01:22:03,2026-07-04,01:22:03,1,5,1,1,CUST_MOHANA_002,180,Coimbatore,Tamil Nadu,Medium Risk / 12% Fraud Rate,M007,SpiceRoute Kitchen,Restaurant,Fine Dining & Chettinad,Chennai,Adyar,Tamil Nadu,600020,13.0012,80.2565,7,2200.0,11:30-23:30,"POS,UPI,CARD",Cloned card POS terminal replay,0.018,45,11239.2,INR,PURCHASE,UPI,MOBILE_APP,1,0,Coimbatore,12.0,0,0,1,DEV-MOHANA-SAMSUNG-S23,mobile_android,0,BEN-CUST_MOHANA_002-TRUSTED,Trusted Household Vendor,5,0,1,10,0,0,0,None,Resolved Genuine,Standard Habitual Purchase,0
TXN-CUST_MOHANA_002-10127,2026-07-04 02:50:59,2026-07-04,02:50:59,2,5,1,1,CUST_MOHANA_002,180,Coimbatore,Tamil Nadu,Medium Risk / 12% Fraud Rate,M012,DashDine Delivery,Food Delivery,Quick Commerce & Meal Delivery,Chennai,Sholinganallur,Tamil Nadu,600119,12.901,80.2279,4,520.0,06:00-02:00,"UPI,CARD,ONLINE,WALLET",Promo code abuse / stolen wallet balances,0.014,35,8112.76,INR,PURCHASE,CARD,MOBILE_APP,0,0,Coimbatore,15.0,0,0,1,DEV-MOHANA-SAMSUNG-S23,mobile_android,0,BEN-CUST_MOHANA_002-TRUSTED,Trusted Household Vendor,9,0,4,22,0,0,0,None,Resolved Genuine,Standard Habitual Purchase,0
TXN-CUST_MOHANA_002-10128,2026-07-04 04:17:25,2026-07-04,04:17:25,4,5,1,1,CUST_MOHANA_002,180,Coimbatore,Tamil Nadu,Medium Risk / 12% Fraud Rate,M008,BeanCircuit Cafe,Cafe,Specialty Coffee & Bakery,Bengaluru,Indiranagar,Karnataka,560038,12.9784,77.6408,3,650.0,07:30-23:00,"UPI,POS,CARD",QR code spoofing / fast velocity dining,0.009,22,5276.42,INR,PURCHASE,POS,MOBILE_APP,1,0,Coimbatore,4.0,0,0,1,DEV-MOHANA-SAMSUNG-S23,mobile_android,0,BEN-CUST_MOHANA_002-TRUSTED,Trusted Household Vendor,3,0,4,19,0,0,0,None,Resolved Genuine,Standard Habitual Purchase,0
TXN-CUST_MOHANA_002-10129,2026-07-04 05:45:52,2026-07-04,05:45:52,5,5,1,1,CUST_MOHANA_002,180,Coimbatore,Tamil Nadu,Medium Risk / 12% Fraud Rate,M020,GameGrid Arena,Gaming,"Esports, Consoles & Virtual Credits",Bengaluru,Koramangala,Karnataka,560095,12.9352,77.6245,4,3400.0,10:00-01:00,"ONLINE,UPI,CARD,WALLET",Virtual item laundering & bot-driven micro transactions,0.055,137,8791.28,INR,PURCHASE,ONLINE,MOBILE_APP,0,0,Coimbatore,9.0,0,0,1,DEV-MOHANA-SAMSUNG-S23,mobile_android,0,BEN-CUST_MOHANA_002-TRUSTED,Trusted Household Vendor,3,1,3,15,0,0,0,None,Resolved Genuine,Standard Habitual Purchase,0
TXN-CUST_MOHANA_002-10130,2026-07-04 07:11:44,2026-07-04,07:11:44,7,5,1,0,CUST_MOHANA_002,180,Coimbatore,Tamil Nadu,Medium Risk / 12% Fraud Rate,M018,PageTurn Book House,Bookstore,"Academic, Fiction & Stationery",Trichy,Thillai Nagar,Tamil Nadu,620018,10.8282,78.6854,16,850.0,09:00-21:30,"POS,UPI,CARD,ONLINE",Low-value card testing bots,0.008,20,3578.11,INR,PURCHASE,POS,MOBILE_APP,1,0,Coimbatore,12.0,0,0,1,DEV-MOHANA-SAMSUNG-S23,mobile_android,0,BEN-CUST_MOHANA_002-TRUSTED,Trusted Household Vendor,8,1,3,16,0,0,0,None,Resolved Genuine,Standard Habitual Purchase,0
TXN-CUST_MOHANA_002-10131,2026-07-04 08:40:32,2026-07-04,08:40:32,8,5,1,0,CUST_MOHANA_002,180,Coimbatore,Tamil Nadu,Medium Risk / 12% Fraud Rate,M022,SkillSpring Academy,Education / Training,Professional Certifications & Tech Bootcamps,Chennai,Mylapore,Tamil Nadu,600004,13.0368,80.2676,8,22000.0,08:30-19:30,"ONLINE,NETBANKING,CARD,UPI",Stolen corporate card enrollments,0.028,70,46796.79,INR,PURCHASE,ONLINE,WEB_PORTAL,0,0,Mumbai,696.0,1,1,0,DEV-LAPTOP-CHROME-676,web_browser,0,BEN-CUST_MOHANA_002-01,Self Family Transfer,3,4,4,26,1,0,0,Geographic Anomaly / High Ticket Spike,Review Required,Sudden location velocity jump with new merchant,1
TXN-CUST_MOHANA_002-10132,2026-07-04 10:04:23,2026-07-04,10:04:23,10,5,1,0,CUST_MOHANA_002,180,Coimbatore,Tamil Nadu,Medium Risk / 12% Fraud Rate,M021,GlowCraft Salon,Salon / Beauty,Spa & Grooming Studio,Chennai,Porur,Tamil Nadu,600116,13.0382,80.1565,5,2800.0,09:00-21:00,"POS,UPI,CARD",Unusual late-night transaction spikes,0.011,27,11804.78,INR,PURCHASE,CARD,MOBILE_APP,1,0,Coimbatore,8.0,0,0,1,DEV-MOHANA-SAMSUNG-S23,mobile_android,0,BEN-CUST_MOHANA_002-TRUSTED,Trusted Household Vendor,7,0,4,24,0,0,0,None,Resolved Genuine,Standard Habitual Purchase,0
TXN-CUST_MOHANA_002-10133,2026-07-04 11:30:29,2026-07-04,11:30:29,11,5,1,0,CUST_MOHANA_002,180,Coimbatore,Tamil Nadu,Medium Risk / 12% Fraud Rate,M024,LinkWave Telecom,Telecom Retail,Fiber Broadband & Postpaid Plans,Erode,Perundurai Road,Tamil Nadu,638011,11.341,77.7172,10,1950.0,09:30-20:30,"UPI,CARD,ONLINE,POS",SIM swap bill recharge surges,0.017,42,4158.84,INR,PURCHASE,CARD,WEB_PORTAL,0,0,Delhi,951.0,1,1,0,DEV-LAPTOP-CHROME-356,web_browser,0,BEN-CUST_MOHANA_002-01,Self Family Transfer,3,3,7,37,1,0,0,Geographic Anomaly / High Ticket Spike,Review Required,Sudden location velocity jump with new merchant,1
TXN-CUST_MOHANA_002-10134,2026-07-04 12:57:06,2026-07-04,12:57:06,12,5,1,0,CUST_MOHANA_002,180,Coimbatore,Tamil Nadu,Medium Risk / 12% Fraud Rate,M012,DashDine Delivery,Food Delivery,Quick Commerce & Meal Delivery,Chennai,Sholinganallur,Tamil Nadu,600119,12.901,80.2279,4,520.0,06:00-02:00,"UPI,CARD,ONLINE,WALLET",Promo code abuse / stolen wallet balances,0.014,35,5683.17,INR,PURCHASE,ONLINE,MOBILE_APP,0,0,Coimbatore,5.0,0,0,1,DEV-MOHANA-SAMSUNG-S23,mobile_android,0,BEN-CUST_MOHANA_002-TRUSTED,Trusted Household Vendor,9,0,2,12,0,0,0,None,Resolved Genuine,Standard Habitual Purchase,0
TXN-CUST_MOHANA_002-10135,2026-07-04 14:22:43,2026-07-04,14:22:43,14,5,1,0,CUST_MOHANA_002,180,Coimbatore,Tamil Nadu,Medium Risk / 12% Fraud Rate,M001,NovaMart Fresh,Grocery & Supermarket,Supermarket / Hypermarket,Chennai,T Nagar,Tamil Nadu,600017,13.0418,80.2341,8,1250.0,07:00-22:30,"POS,UPI,CARD,ONLINE",Card testing / micro-burst velocity,0.012,30,7803.71,INR,PURCHASE,UPI,MOBILE_APP,1,0,Coimbatore,5.0,0,0,1,DEV-MOHANA-SAMSUNG-S23,mobile_android,0,BEN-CUST_MOHANA_002-TRUSTED,Trusted Household Vendor,9,1,4,24,0,0,0,None,Resolved Genuine,Standard Habitual Purchase,0
TXN-CUST_MOHANA_002-10136,2026-07-04 15:46:52,2026-07-04,15:46:52,15,5,1,0,CUST_MOHANA_002,180,Coimbatore,Tamil Nadu,Medium Risk / 12% Fraud Rate,M021,GlowCraft Salon,Salon / Beauty,Spa & Grooming Studio,Chennai,Porur,Tamil Nadu,600116,13.0382,80.1565,5,2800.0,09:00-21:00,"POS,UPI,CARD",Unusual late-night transaction spikes,0.011,27,7000.0,INR,PURCHASE,CARD,MOBILE_APP,1,0,Coimbatore,7.0,0,0,1,DEV-MOHANA-SAMSUNG-S23,mobile_android,0,BEN-CUST_MOHANA_002-TRUSTED,Trusted Household Vendor,10,0,4,25,0,0,0,None,Resolved Genuine,Standard Habitual Purchase,0
TXN-CUST_MOHANA_002-10137,2026-07-04 17:12:55,2026-07-04,17:12:55,17,5,1,0,CUST_MOHANA_002,180,Coimbatore,Tamil Nadu,Medium Risk / 12% Fraud Rate,M013,CartNest Online,E-commerce,Multi-category Marketplace,Chennai,Guindy,Tamil Nadu,600032,13.0067,80.2026,5,6200.0,24_HOURS,"ONLINE,UPI,CARD,NETBANKING",Account takeover + triangulation shipping fraud,0.045,112,8127.87,INR,PURCHASE,UPI,MOBILE_APP,0,0,Coimbatore,6.0,0,0,1,DEV-MOHANA-SAMSUNG-S23,mobile_android,0,BEN-CUST_MOHANA_002-TRUSTED,Trusted Household Vendor,5,0,4,21,0,0,0,None,Resolved Genuine,Standard Habitual Purchase,0
TXN-CUST_MOHANA_002-10138,2026-07-04 18:37:37,2026-07-04,18:37:37,18,5,1,0,CUST_MOHANA_002,180,Coimbatore,Tamil Nadu,Medium Risk / 12% Fraud Rate,M007,SpiceRoute Kitchen,Restaurant,Fine Dining & Chettinad,Chennai,Adyar,Tamil Nadu,600020,13.0012,80.2565,7,2200.0,11:30-23:30,"POS,UPI,CARD",Cloned card POS terminal replay,0.018,45,5710.63,INR,PURCHASE,CARD,MOBILE_APP,0,0,Hyderabad,975.0,1,0,1,DEV-MOHANA-SAMSUNG-S23,mobile_android,0,BEN-CUST_MOHANA_002-01,Self Family Transfer,3,4,6,32,1,0,0,Geographic Anomaly / High Ticket Spike,Review Required,Sudden location velocity jump with new merchant,1
TXN-CUST_MOHANA_002-10139,2026-07-04 20:03:16,2026-07-04,20:03:16,20,5,1,0,CUST_MOHANA_002,180,Coimbatore,Tamil Nadu,Medium Risk / 12% Fraud Rate,M010,HarborView Residency,Hotel / Hospitality,Business & Luxury Hotel,Chennai,OMR,Tamil Nadu,600096,12.9165,80.2285,6,9500.0,24_HOURS,"ONLINE,POS,CARD,TRANSFER",Online travel booking fraud with stolen corporate credentials,0.041,102,5577.84,INR,PURCHASE,TRANSFER,MOBILE_APP,1,0,Coimbatore,3.0,0,0,1,DEV-MOHANA-SAMSUNG-S23,mobile_android,0,BEN-CUST_MOHANA_002-TRUSTED,Trusted Household Vendor,7,0,4,18,0,0,0,None,Resolved Genuine,Standard Habitual Purchase,0
TXN-CUST_MOHANA_002-10140,2026-07-04 21:27:52,2026-07-04,21:27:52,21,5,1,0,CUST_MOHANA_002,180,Coimbatore,Tamil Nadu,Medium Risk / 12% Fraud Rate,M011,SkyTrail Travels,Travel Agency,Flight & International Tour Packages,Coimbatore,Gandhipuram,Tamil Nadu,641012,11.0183,76.9664,11,44000.0,09:00-20:00,"ONLINE,TRANSFER,CARD",Mule-account ticket arbitrage & fast cancellation fraud,0.052,130,9027.27,INR,PURCHASE,TRANSFER,MOBILE_APP,0,0,Coimbatore,3.0,0,0,1,DEV-MOHANA-SAMSUNG-S23,mobile_android,0,BEN-CUST_MOHANA_002-TRUSTED,Trusted Household Vendor,5,0,4,18,0,0,0,None,Resolved Genuine,Standard Habitual Purchase,0
TXN-CUST_MOHANA_002-10141,2026-07-04 22:55:26,2026-07-04,22:55:26,22,5,1,0,CUST_MOHANA_002,180,Coimbatore,Tamil Nadu,Medium Risk / 12% Fraud Rate,M013,CartNest Online,E-commerce,Multi-category Marketplace,Chennai,Guindy,Tamil Nadu,600032,13.0067,80.2026,5,6200.0,24_HOURS,"ONLINE,UPI,CARD,NETBANKING",Account takeover + triangulation shipping fraud,0.045,112,9187.41,INR,PURCHASE,NETBANKING,MOBILE_APP,0,0,Coimbatore,3.0,0,0,1,DEV-MOHANA-SAMSUNG-S23,mobile_android,0,BEN-CUST_MOHANA_002-TRUSTED,Trusted Household Vendor,13,0,2,13,0,0,0,None,Resolved Genuine,Standard Habitual Purchase,0
TXN-CUST_MOHANA_002-10142,2026-07-05 00:19:44,2026-07-05,00:19:44,0,6,1,1,CUST_MOHANA_002,180,Coimbatore,Tamil Nadu,Medium Risk / 12% Fraud Rate,M011,SkyTrail Travels,Travel Agency,Flight & International Tour Packages,Coimbatore,Gandhipuram,Tamil Nadu,641012,11.0183,76.9664,11,44000.0,09:00-20:00,"ONLINE,TRANSFER,CARD",Mule-account ticket arbitrage & fast cancellation fraud,0.052,130,8179.51,INR,PURCHASE,CARD,MOBILE_APP,0,0,Coimbatore,14.0,0,0,1,DEV-MOHANA-SAMSUNG-S23,mobile_android,0,BEN-CUST_MOHANA_002-TRUSTED,Trusted Household Vendor,8,0,4,26,0,0,0,None,Resolved Genuine,Standard Habitual Purchase,0
TXN-CUST_MOHANA_002-10143,2026-07-05 01:47:33,2026-07-05,01:47:33,1,6,1,1,CUST_MOHANA_002,180,Coimbatore,Tamil Nadu,Medium Risk / 12% Fraud Rate,M029,CloudDesk Digital,Software / Digital Services,Cloud Infrastructure & SaaS Tools,Bengaluru,Whitefield,Karnataka,560066,12.9698,77.7499,7,19800.0,24_HOURS,"ONLINE,CARD,TRANSFER",Cryptomining VM rental with stolen credit cards,0.058,145,3760.08,INR,PURCHASE,ONLINE,MOBILE_APP,0,0,Coimbatore,2.0,0,0,1,DEV-MOHANA-SAMSUNG-S23,mobile_android,0,BEN-CUST_MOHANA_002-TRUSTED,Trusted Household Vendor,3,0,1,6,0,0,0,None,Resolved Genuine,Standard Habitual Purchase,0
TXN-CUST_MOHANA_002-10144,2026-07-05 03:12:56,2026-07-05,03:12:56,3,6,1,1,CUST_MOHANA_002,180,Coimbatore,Tamil Nadu,Medium Risk / 12% Fraud Rate,M003,Pulse Mobile Hub,Mobile Store,Smartphones & Accessories,Chennai,Tambaram,Tamil Nadu,600045,12.9249,80.1278,4,18500.0,09:30-21:30,"POS,UPI,CARD",New device abuse / rapid checkout surge,0.035,87,6595.6,INR,PURCHASE,UPI,MOBILE_APP,1,0,Coimbatore,15.0,0,0,1,DEV-MOHANA-SAMSUNG-S23,mobile_android,0,BEN-CUST_MOHANA_002-TRUSTED,Trusted Household Vendor,6,0,2,11,0,0,0,None,Resolved Genuine,Standard Habitual Purchase,0
TXN-CUST_MOHANA_002-10145,2026-07-05 04:38:31,2026-07-05,04:38:31,4,6,1,1,CUST_MOHANA_002,180,Coimbatore,Tamil Nadu,Medium Risk / 12% Fraud Rate,M011,SkyTrail Travels,Travel Agency,Flight & International Tour Packages,Coimbatore,Gandhipuram,Tamil Nadu,641012,11.0183,76.9664,11,44000.0,09:00-20:00,"ONLINE,TRANSFER,CARD",Mule-account ticket arbitrage & fast cancellation fraud,0.052,130,9351.17,INR,PURCHASE,ONLINE,MOBILE_APP,0,0,Coimbatore,14.0,0,0,1,DEV-MOHANA-SAMSUNG-S23,mobile_android,0,BEN-CUST_MOHANA_002-TRUSTED,Trusted Household Vendor,14,0,3,18,0,0,0,None,Resolved Genuine,Standard Habitual Purchase,0
TXN-CUST_MOHANA_002-10146,2026-07-05 06:03:44,2026-07-05,06:03:44,6,6,1,0,CUST_MOHANA_002,180,Coimbatore,Tamil Nadu,Medium Risk / 12% Fraud Rate,M026,GreenLeaf Wellness,Health & Wellness,Organic Nutrition & Ayurveda,Trichy,Srirangam,Tamil Nadu,620006,10.8624,78.6947,6,2100.0,08:00-21:00,"POS,UPI,ONLINE,CARD",Subscription card stuffing,0.013,32,9131.25,INR,PURCHASE,POS,MOBILE_APP,1,0,Coimbatore,15.0,0,0,1,DEV-MOHANA-SAMSUNG-S23,mobile_android,0,BEN-CUST_MOHANA_002-TRUSTED,Trusted Household Vendor,9,0,2,18,0,0,0,None,Resolved Genuine,Standard Habitual Purchase,0
TXN-CUST_MOHANA_002-10147,2026-07-05 07:32:36,2026-07-05,07:32:36,7,6,1,0,CUST_MOHANA_002,180,Coimbatore,Tamil Nadu,Medium Risk / 12% Fraud Rate,M014,OakLine Furnishings,Furniture,Teak Wood & Modern Home Decor,Madurai,Bypass Road,Tamil Nadu,625016,9.932,78.109,12,38000.0,10:00-21:00,"POS,CARD,TRANSFER,EMI",Invoice redirection fraud / fake payment slips,0.029,72,5014.46,INR,PURCHASE,CARD,MOBILE_APP,1,0,Coimbatore,9.0,0,0,1,DEV-MOHANA-SAMSUNG-S23,mobile_android,0,BEN-CUST_MOHANA_002-TRUSTED,Trusted Household Vendor,14,0,3,15,0,0,0,None,Resolved Genuine,Standard Habitual Purchase,0
TXN-CUST_MOHANA_002-10148,2026-07-05 08:59:59,2026-07-05,08:59:59,8,6,1,0,CUST_MOHANA_002,180,Coimbatore,Tamil Nadu,Medium Risk / 12% Fraud Rate,M005,UrbanThread Studio,Fashion / Apparel,Designer & Ready-to-wear,Chennai,Anna Nagar,Tamil Nadu,600040,13.085,80.2101,5,4800.0,10:30-22:00,"POS,ONLINE,UPI,CARD",Refund abuse / credential stuffing,0.022,55,12673.69,INR,PURCHASE,CARD,MOBILE_APP,1,0,Coimbatore,2.0,0,0,1,DEV-MOHANA-SAMSUNG-S23,mobile_android,0,BEN-CUST_MOHANA_002-TRUSTED,Trusted Household Vendor,9,0,2,16,0,0,0,None,Resolved Genuine,Standard Habitual Purchase,0
TXN-CUST_MOHANA_002-10149,2026-07-05 10:26:14,2026-07-05,10:26:14,10,6,1,0,CUST_MOHANA_002,180,Coimbatore,Tamil Nadu,Medium Risk / 12% Fraud Rate,M025,ShieldSure Services,Insurance Services,General & Health Insurance Premium,Chennai,Egmore,Tamil Nadu,600008,13.0784,80.2607,13,14000.0,09:30-18:00,"ONLINE,NETBANKING,CARD",Premium diversion / fake policy payment slips,0.019,47,3603.53,INR,PURCHASE,CARD,MOBILE_APP,0,0,Coimbatore,12.0,0,0,1,DEV-MOHANA-SAMSUNG-S23,mobile_android,0,BEN-CUST_MOHANA_002-TRUSTED,Trusted Household Vendor,10,0,3,16,0,0,0,None,Resolved Genuine,Standard Habitual Purchase,0
TXN-CUST_MOHANA_002-10150,2026-07-05 11:52:19,2026-07-05,11:52:19,11,6,1,0,CUST_MOHANA_002,180,Coimbatore,Tamil Nadu,Medium Risk / 12% Fraud Rate,M001,NovaMart Fresh,Grocery & Supermarket,Supermarket / Hypermarket,Chennai,T Nagar,Tamil Nadu,600017,13.0418,80.2341,8,1250.0,07:00-22:30,"POS,UPI,CARD,ONLINE",Card testing / micro-burst velocity,0.012,30,3948.02,INR,PURCHASE,POS,MOBILE_APP,0,0,Hyderabad,652.0,1,0,1,DEV-MOHANA-SAMSUNG-S23,mobile_android,0,BEN-CUST_MOHANA_002-01,Self Family Transfer,3,3,4,20,1,0,0,Geographic Anomaly / High Ticket Spike,Review Required,Sudden location velocity jump with new merchant,1
TXN-CUST_MOHANA_002-10151,2026-07-05 13:16:32,2026-07-05,13:16:32,13,6,1,0,CUST_MOHANA_002,180,Coimbatore,Tamil Nadu,Medium Risk / 12% Fraud Rate,M010,HarborView Residency,Hotel / Hospitality,Business & Luxury Hotel,Chennai,OMR,Tamil Nadu,600096,12.9165,80.2285,6,9500.0,24_HOURS,"ONLINE,POS,CARD,TRANSFER",Online travel booking fraud with stolen corporate credentials,0.041,102,10309.21,INR,PURCHASE,CARD,MOBILE_APP,1,0,Coimbatore,15.0,0,0,1,DEV-MOHANA-SAMSUNG-S23,mobile_android,0,BEN-CUST_MOHANA_002-TRUSTED,Trusted Household Vendor,13,1,2,14,0,0,0,None,Resolved Genuine,Standard Habitual Purchase,0
TXN-CUST_MOHANA_002-10152,2026-07-05 14:44:12,2026-07-05,14:44:12,14,6,1,0,CUST_MOHANA_002,180,Coimbatore,Tamil Nadu,Medium Risk / 12% Fraud Rate,M026,GreenLeaf Wellness,Health & Wellness,Organic Nutrition & Ayurveda,Trichy,Srirangam,Tamil Nadu,620006,10.8624,78.6947,6,2100.0,08:00-21:00,"POS,UPI,ONLINE,CARD",Subscription card stuffing,0.013,32,4247.34,INR,PURCHASE,CARD,MOBILE_APP,1,0,Coimbatore,10.0,0,0,1,DEV-MOHANA-SAMSUNG-S23,mobile_android,0,BEN-CUST_MOHANA_002-TRUSTED,Trusted Household Vendor,3,0,4,20,0,0,0,None,Resolved Genuine,Standard Habitual Purchase,0
TXN-CUST_MOHANA_002-10153,2026-07-05 16:09:48,2026-07-05,16:09:48,16,6,1,0,CUST_MOHANA_002,180,Coimbatore,Tamil Nadu,Medium Risk / 12% Fraud Rate,M009,RapidFuel Station,Fuel Station,"Petrol, Diesel & EV Fast Charge",Salem,Fairlands,Tamil Nadu,636016,11.6643,78.146,9,3100.0,24_HOURS,"POS,FLEET_CARD,UPI",Automated fleet card skimming,0.024,60,5358.64,INR,PURCHASE,FLEET_CARD,MOBILE_APP,1,0,Coimbatore,5.0,0,0,1,DEV-MOHANA-SAMSUNG-S23,mobile_android,0,BEN-CUST_MOHANA_002-TRUSTED,Trusted Household Vendor,10,0,1,8,0,0,0,None,Resolved Genuine,Standard Habitual Purchase,0
TXN-CUST_MOHANA_002-10154,2026-07-05 17:33:30,2026-07-05,17:33:30,17,6,1,0,CUST_MOHANA_002,180,Coimbatore,Tamil Nadu,Medium Risk / 12% Fraud Rate,M008,BeanCircuit Cafe,Cafe,Specialty Coffee & Bakery,Bengaluru,Indiranagar,Karnataka,560038,12.9784,77.6408,3,650.0,07:30-23:00,"UPI,POS,CARD",QR code spoofing / fast velocity dining,0.009,22,10545.25,INR,PURCHASE,UPI,MOBILE_APP,1,0,Coimbatore,5.0,0,0,1,DEV-MOHANA-SAMSUNG-S23,mobile_android,0,BEN-CUST_MOHANA_002-TRUSTED,Trusted Household Vendor,8,0,4,22,0,0,0,None,Resolved Genuine,Standard Habitual Purchase,0
TXN-CUST_MOHANA_002-10155,2026-07-05 19:01:24,2026-07-05,19:01:24,19,6,1,0,CUST_MOHANA_002,180,Coimbatore,Tamil Nadu,Medium Risk / 12% Fraud Rate,M025,ShieldSure Services,Insurance Services,General & Health Insurance Premium,Chennai,Egmore,Tamil Nadu,600008,13.0784,80.2607,13,14000.0,09:30-18:00,"ONLINE,NETBANKING,CARD",Premium diversion / fake policy payment slips,0.019,47,10098.27,INR,PURCHASE,CARD,MOBILE_APP,0,0,Coimbatore,11.0,0,0,1,DEV-MOHANA-SAMSUNG-S23,mobile_android,0,BEN-CUST_MOHANA_002-TRUSTED,Trusted Household Vendor,5,1,1,6,0,0,0,None,Resolved Genuine,Standard Habitual Purchase,0
TXN-CUST_MOHANA_002-10156,2026-07-05 20:29:13,2026-07-05,20:29:13,20,6,1,0,CUST_MOHANA_002,180,Coimbatore,Tamil Nadu,Medium Risk / 12% Fraud Rate,M001,NovaMart Fresh,Grocery & Supermarket,Supermarket / Hypermarket,Chennai,T Nagar,Tamil Nadu,600017,13.0418,80.2341,8,1250.0,07:00-22:30,"POS,UPI,CARD,ONLINE",Card testing / micro-burst velocity,0.012,30,6487.65,INR,PURCHASE,POS,MOBILE_APP,1,0,Coimbatore,4.0,0,0,1,DEV-MOHANA-SAMSUNG-S23,mobile_android,0,BEN-CUST_MOHANA_002-TRUSTED,Trusted Household Vendor,9,0,4,22,0,0,0,None,Resolved Genuine,Standard Habitual Purchase,0
TXN-CUST_MOHANA_002-10157,2026-07-05 21:56:48,2026-07-05,21:56:48,21,6,1,0,CUST_MOHANA_002,180,Coimbatore,Tamil Nadu,Medium Risk / 12% Fraud Rate,M011,SkyTrail Travels,Travel Agency,Flight & International Tour Packages,Coimbatore,Gandhipuram,Tamil Nadu,641012,11.0183,76.9664,11,44000.0,09:00-20:00,"ONLINE,TRANSFER,CARD",Mule-account ticket arbitrage & fast cancellation fraud,0.052,130,7141.3,INR,PURCHASE,CARD,MOBILE_APP,0,0,Coimbatore,9.0,0,0,1,DEV-MOHANA-SAMSUNG-S23,mobile_android,0,BEN-CUST_MOHANA_002-TRUSTED,Trusted Household Vendor,9,0,4,23,0,0,0,None,Resolved Genuine,Standard Habitual Purchase,0
TXN-CUST_MOHANA_002-10158,2026-07-05 23:20:59,2026-07-05,23:20:59,23,6,1,1,CUST_MOHANA_002,180,Coimbatore,Tamil Nadu,Medium Risk / 12% Fraud Rate,M012,DashDine Delivery,Food Delivery,Quick Commerce & Meal Delivery,Chennai,Sholinganallur,Tamil Nadu,600119,12.901,80.2279,4,520.0,06:00-02:00,"UPI,CARD,ONLINE,WALLET",Promo code abuse / stolen wallet balances,0.014,35,10734.99,INR,PURCHASE,UPI,MOBILE_APP,0,0,Coimbatore,9.0,0,0,1,DEV-MOHANA-SAMSUNG-S23,mobile_android,0,BEN-CUST_MOHANA_002-TRUSTED,Trusted Household Vendor,7,1,3,21,0,0,0,None,Resolved Genuine,Standard Habitual Purchase,0
TXN-CUST_MOHANA_002-10159,2026-07-06 00:49:54,2026-07-06,00:49:54,0,0,0,1,CUST_MOHANA_002,180,Coimbatore,Tamil Nadu,Medium Risk / 12% Fraud Rate,M003,Pulse Mobile Hub,Mobile Store,Smartphones & Accessories,Chennai,Tambaram,Tamil Nadu,600045,12.9249,80.1278,4,18500.0,09:30-21:30,"POS,UPI,CARD",New device abuse / rapid checkout surge,0.035,87,11615.85,INR,PURCHASE,POS,MOBILE_APP,1,0,Coimbatore,15.0,0,0,1,DEV-MOHANA-SAMSUNG-S23,mobile_android,0,BEN-CUST_MOHANA_002-TRUSTED,Trusted Household Vendor,3,0,1,7,0,0,0,None,Resolved Genuine,Standard Habitual Purchase,0
TXN-CUST_MOHANA_002-10160,2026-07-06 02:14:46,2026-07-06,02:14:46,2,0,0,1,CUST_MOHANA_002,180,Coimbatore,Tamil Nadu,Medium Risk / 12% Fraud Rate,M006,MedicoCare Pharmacy,Pharmacy,Medicines & Surgical Supplies,Madurai,KK Nagar,Tamil Nadu,625020,9.9252,78.1498,10,1450.0,24_HOURS,"POS,UPI,CARD,ONLINE",Nighttime micro card testing,0.015,37,7208.56,INR,PURCHASE,POS,MOBILE_APP,1,0,Coimbatore,3.0,0,0,1,DEV-MOHANA-SAMSUNG-S23,mobile_android,0,BEN-CUST_MOHANA_002-TRUSTED,Trusted Household Vendor,15,0,2,11,0,0,0,None,Resolved Genuine,Standard Habitual Purchase,0
TXN-CUST_MOHANA_002-10161,2026-07-06 03:38:13,2026-07-06,03:38:13,3,0,0,1,CUST_MOHANA_002,180,Coimbatore,Tamil Nadu,Medium Risk / 12% Fraud Rate,M001,NovaMart Fresh,Grocery & Supermarket,Supermarket / Hypermarket,Chennai,T Nagar,Tamil Nadu,600017,13.0418,80.2341,8,1250.0,07:00-22:30,"POS,UPI,CARD,ONLINE",Card testing / micro-burst velocity,0.012,30,10912.34,INR,PURCHASE,ONLINE,MOBILE_APP,1,0,Coimbatore,6.0,0,0,1,DEV-MOHANA-SAMSUNG-S23,mobile_android,0,BEN-CUST_MOHANA_002-TRUSTED,Trusted Household Vendor,5,0,1,11,0,0,0,None,Resolved Genuine,Standard Habitual Purchase,0
TXN-CUST_MOHANA_002-10162,2026-07-06 05:06:20,2026-07-06,05:06:20,5,0,0,1,CUST_MOHANA_002,180,Coimbatore,Tamil Nadu,Medium Risk / 12% Fraud Rate,M004,Aurelia Gold House,Jewellery,Gold & Diamond Jewellery,Coimbatore,RS Puram,Tamil Nadu,641002,11.0089,76.9514,14,78000.0,10:00-20:30,"POS,CARD,TRANSFER",Account takeover / card-not-present luxury surge,0.065,162,9648.16,INR,PURCHASE,POS,MOBILE_APP,1,0,Coimbatore,1.0,0,0,1,DEV-MOHANA-SAMSUNG-S23,mobile_android,0,BEN-CUST_MOHANA_002-TRUSTED,Trusted Household Vendor,14,0,2,12,0,0,0,None,Resolved Genuine,Standard Habitual Purchase,0
TXN-CUST_MOHANA_002-10163,2026-07-06 06:30:17,2026-07-06,06:30:17,6,0,0,0,CUST_MOHANA_002,180,Coimbatore,Tamil Nadu,Medium Risk / 12% Fraud Rate,M003,Pulse Mobile Hub,Mobile Store,Smartphones & Accessories,Chennai,Tambaram,Tamil Nadu,600045,12.9249,80.1278,4,18500.0,09:30-21:30,"POS,UPI,CARD",New device abuse / rapid checkout surge,0.035,87,33399.49,INR,P2P_TRANSFER,CARD,MOBILE_APP,0,0,Mumbai,515.0,1,0,1,DEV-MOHANA-SAMSUNG-S23,mobile_android,1,BEN-NEW-428,Global Flight Booking,0,2,9,46,1,0,0,Geographic Anomaly / High Ticket Spike,Review Required,Sudden location velocity jump with new merchant,1
TXN-CUST_MOHANA_002-10164,2026-07-06 07:54:50,2026-07-06,07:54:50,7,0,0,0,CUST_MOHANA_002,180,Coimbatore,Tamil Nadu,Medium Risk / 12% Fraud Rate,M027,BrickHarbor Realty,Real Estate / Property Services,Rental Escrow & Facility Management,Chennai,Porur,Tamil Nadu,600116,13.035,80.16,11,65000.0,09:00-19:00,"TRANSFER,NETBANKING,CARD",Security deposit phishing / escrow hijacking,0.039,97,5412.46,INR,PURCHASE,NETBANKING,MOBILE_APP,0,0,Coimbatore,8.0,0,0,1,DEV-MOHANA-SAMSUNG-S23,mobile_android,0,BEN-CUST_MOHANA_002-TRUSTED,Trusted Household Vendor,10,0,2,10,0,0,0,None,Resolved Genuine,Standard Habitual Purchase,0
TXN-CUST_MOHANA_002-10165,2026-07-06 09:20:54,2026-07-06,09:20:54,9,0,0,0,CUST_MOHANA_002,180,Coimbatore,Tamil Nadu,Medium Risk / 12% Fraud Rate,M017,AutoForge Parts,Spare Parts,OEM Industrial & Auto Components,Hosur,Mookandapalli,Tamil Nadu,635126,12.7409,77.8253,15,16500.0,09:00-19:30,"TRANSFER,POS,CARD",Business email compromise / fake beneficiary update,0.033,82,3464.4,INR,PURCHASE,CARD,MOBILE_APP,1,0,Coimbatore,3.0,0,0,1,DEV-MOHANA-SAMSUNG-S23,mobile_android,0,BEN-CUST_MOHANA_002-TRUSTED,Trusted Household Vendor,5,0,3,17,0,0,0,None,Resolved Genuine,Standard Habitual Purchase,0
TXN-CUST_MOHANA_002-10166,2026-07-06 10:48:30,2026-07-06,10:48:30,10,0,0,0,CUST_MOHANA_002,180,Coimbatore,Tamil Nadu,Medium Risk / 12% Fraud Rate,M023,SwiftBox Logistics,Courier / Logistics,Express Parcel & Freight Delivery,Tiruppur,Avinashi Road,Tamil Nadu,641603,11.1085,77.3411,9,4200.0,08:00-21:00,"POS,UPI,CARD,ONLINE",Interception fraud / address redirection,0.02,50,11169.0,INR,PURCHASE,UPI,MOBILE_APP,1,0,Coimbatore,4.0,0,0,1,DEV-MOHANA-SAMSUNG-S23,mobile_android,0,BEN-CUST_MOHANA_002-TRUSTED,Trusted Household Vendor,15,1,3,16,0,0,0,None,Resolved Genuine,Standard Habitual Purchase,0
TXN-CUST_MOHANA_002-10167,2026-07-06 12:14:16,2026-07-06,12:14:16,12,0,0,0,CUST_MOHANA_002,180,Coimbatore,Tamil Nadu,Medium Risk / 12% Fraud Rate,M027,BrickHarbor Realty,Real Estate / Property Services,Rental Escrow & Facility Management,Chennai,Porur,Tamil Nadu,600116,13.035,80.16,11,65000.0,09:00-19:00,"TRANSFER,NETBANKING,CARD",Security deposit phishing / escrow hijacking,0.039,97,9441.54,INR,PURCHASE,NETBANKING,MOBILE_APP,0,0,Coimbatore,10.0,0,0,1,DEV-MOHANA-SAMSUNG-S23,mobile_android,0,BEN-CUST_MOHANA_002-TRUSTED,Trusted Household Vendor,6,0,3,18,0,0,0,None,Resolved Genuine,Standard Habitual Purchase,0
TXN-CUST_MOHANA_002-10168,2026-07-06 13:42:37,2026-07-06,13:42:37,13,0,0,0,CUST_MOHANA_002,180,Coimbatore,Tamil Nadu,Medium Risk / 12% Fraud Rate,M024,LinkWave Telecom,Telecom Retail,Fiber Broadband & Postpaid Plans,Erode,Perundurai Road,Tamil Nadu,638011,11.341,77.7172,10,1950.0,09:30-20:30,"UPI,CARD,ONLINE,POS",SIM swap bill recharge surges,0.017,42,5855.86,INR,PURCHASE,CARD,MOBILE_APP,1,0,Coimbatore,1.0,0,0,1,DEV-MOHANA-SAMSUNG-S23,mobile_android,0,BEN-CUST_MOHANA_002-TRUSTED,Trusted Household Vendor,7,0,3,15,0,0,0,None,Resolved Genuine,Standard Habitual Purchase,0
TXN-CUST_MOHANA_002-10169,2026-07-06 15:06:23,2026-07-06,15:06:23,15,0,0,0,CUST_MOHANA_002,180,Coimbatore,Tamil Nadu,Medium Risk / 12% Fraud Rate,M016,MotoCare Garage,Auto Service,Car Service & Detailing Hub,Chennai,Pallikaranai,Tamil Nadu,600100,12.9372,80.2014,7,8900.0,08:30-20:30,"POS,UPI,CARD",Over-invoicing / synthetic card payments,0.021,52,6911.08,INR,PURCHASE,CARD,MOBILE_APP,1,0,Coimbatore,12.0,0,0,1,DEV-MOHANA-SAMSUNG-S23,mobile_android,0,BEN-CUST_MOHANA_002-TRUSTED,Trusted Household Vendor,4,1,4,25,0,0,0,None,Resolved Genuine,Standard Habitual Purchase,0
TXN-CUST_MOHANA_002-10170,2026-07-06 16:29:51,2026-07-06,16:29:51,16,0,0,0,CUST_MOHANA_002,180,Coimbatore,Tamil Nadu,Medium Risk / 12% Fraud Rate,M024,LinkWave Telecom,Telecom Retail,Fiber Broadband & Postpaid Plans,Erode,Perundurai Road,Tamil Nadu,638011,11.341,77.7172,10,1950.0,09:30-20:30,"UPI,CARD,ONLINE,POS",SIM swap bill recharge surges,0.017,42,10279.91,INR,PURCHASE,UPI,MOBILE_APP,1,0,Coimbatore,6.0,0,0,1,DEV-MOHANA-SAMSUNG-S23,mobile_android,0,BEN-CUST_MOHANA_002-TRUSTED,Trusted Household Vendor,14,0,3,18,0,0,0,None,Resolved Genuine,Standard Habitual Purchase,0
TXN-CUST_MOHANA_002-10171,2026-07-06 17:57:37,2026-07-06,17:57:37,17,0,0,0,CUST_MOHANA_002,180,Coimbatore,Tamil Nadu,Medium Risk / 12% Fraud Rate,M011,SkyTrail Travels,Travel Agency,Flight & International Tour Packages,Coimbatore,Gandhipuram,Tamil Nadu,641012,11.0183,76.9664,11,44000.0,09:00-20:00,"ONLINE,TRANSFER,CARD",Mule-account ticket arbitrage & fast cancellation fraud,0.052,130,106968.48,INR,PURCHASE,TRANSFER,MOBILE_APP,0,0,Delhi,679.0,1,0,1,DEV-MOHANA-SAMSUNG-S23,mobile_android,0,BEN-CUST_MOHANA_002-01,Self Family Transfer,3,3,6,34,1,0,0,Geographic Anomaly / High Ticket Spike,Review Required,Sudden location velocity jump with new merchant,1
TXN-CUST_MOHANA_002-10172,2026-07-06 19:27:01,2026-07-06,19:27:01,19,0,0,0,CUST_MOHANA_002,180,Coimbatore,Tamil Nadu,Medium Risk / 12% Fraud Rate,M007,SpiceRoute Kitchen,Restaurant,Fine Dining & Chettinad,Chennai,Adyar,Tamil Nadu,600020,13.0012,80.2565,7,2200.0,11:30-23:30,"POS,UPI,CARD",Cloned card POS terminal replay,0.018,45,5726.74,INR,PURCHASE,UPI,MOBILE_APP,1,0,Coimbatore,3.0,0,0,1,DEV-MOHANA-SAMSUNG-S23,mobile_android,0,BEN-CUST_MOHANA_002-TRUSTED,Trusted Household Vendor,9,1,3,21,0,0,0,None,Resolved Genuine,Standard Habitual Purchase,0
TXN-CUST_MOHANA_002-10173,2026-07-06 20:52:21,2026-07-06,20:52:21,20,0,0,0,CUST_MOHANA_002,180,Coimbatore,Tamil Nadu,Medium Risk / 12% Fraud Rate,M026,GreenLeaf Wellness,Health & Wellness,Organic Nutrition & Ayurveda,Trichy,Srirangam,Tamil Nadu,620006,10.8624,78.6947,6,2100.0,08:00-21:00,"POS,UPI,ONLINE,CARD",Subscription card stuffing,0.013,32,12034.11,INR,PURCHASE,UPI,MOBILE_APP,1,0,Coimbatore,7.0,0,0,1,DEV-MOHANA-SAMSUNG-S23,mobile_android,0,BEN-CUST_MOHANA_002-TRUSTED,Trusted Household Vendor,10,0,4,20,0,0,0,None,Resolved Genuine,Standard Habitual Purchase,0
TXN-CUST_MOHANA_002-10174,2026-07-06 22:20:11,2026-07-06,22:20:11,22,0,0,0,CUST_MOHANA_002,180,Coimbatore,Tamil Nadu,Medium Risk / 12% Fraud Rate,M013,CartNest Online,E-commerce,Multi-category Marketplace,Chennai,Guindy,Tamil Nadu,600032,13.0067,80.2026,5,6200.0,24_HOURS,"ONLINE,UPI,CARD,NETBANKING",Account takeover + triangulation shipping fraud,0.045,112,7679.89,INR,PURCHASE,UPI,MOBILE_APP,0,0,Coimbatore,1.0,0,0,1,DEV-MOHANA-SAMSUNG-S23,mobile_android,0,BEN-CUST_MOHANA_002-TRUSTED,Trusted Household Vendor,9,0,3,20,0,0,0,None,Resolved Genuine,Standard Habitual Purchase,0
TXN-CUST_MOHANA_002-10175,2026-07-06 23:45:47,2026-07-06,23:45:47,23,0,0,1,CUST_MOHANA_002,180,Coimbatore,Tamil Nadu,Medium Risk / 12% Fraud Rate,M014,OakLine Furnishings,Furniture,Teak Wood & Modern Home Decor,Madurai,Bypass Road,Tamil Nadu,625016,9.932,78.109,12,38000.0,10:00-21:00,"POS,CARD,TRANSFER,EMI",Invoice redirection fraud / fake payment slips,0.029,72,11472.03,INR,PURCHASE,CARD,MOBILE_APP,1,0,Coimbatore,11.0,0,0,1,DEV-MOHANA-SAMSUNG-S23,mobile_android,0,BEN-CUST_MOHANA_002-TRUSTED,Trusted Household Vendor,12,0,2,13,0,0,0,None,Resolved Genuine,Standard Habitual Purchase,0
TXN-CUST_MOHANA_002-10176,2026-07-07 01:09:45,2026-07-07,01:09:45,1,1,0,1,CUST_MOHANA_002,180,Coimbatore,Tamil Nadu,Medium Risk / 12% Fraud Rate,M013,CartNest Online,E-commerce,Multi-category Marketplace,Chennai,Guindy,Tamil Nadu,600032,13.0067,80.2026,5,6200.0,24_HOURS,"ONLINE,UPI,CARD,NETBANKING",Account takeover + triangulation shipping fraud,0.045,112,8217.34,INR,PURCHASE,NETBANKING,MOBILE_APP,0,0,Coimbatore,5.0,0,0,1,DEV-MOHANA-SAMSUNG-S23,mobile_android,0,BEN-CUST_MOHANA_002-TRUSTED,Trusted Household Vendor,10,0,1,8,0,0,0,None,Resolved Genuine,Standard Habitual Purchase,0
TXN-CUST_MOHANA_002-10177,2026-07-07 02:34:58,2026-07-07,02:34:58,2,1,0,1,CUST_MOHANA_002,180,Coimbatore,Tamil Nadu,Medium Risk / 12% Fraud Rate,M028,CraftCove Home Decor,Home Decor,Handicrafts & Art Pieces,Thanjavur,Medical College Road,Tamil Nadu,613004,10.7684,79.1245,8,7400.0,09:30-20:30,"POS,UPI,CARD,ONLINE",Cross-border tourist chargebacks,0.023,57,9003.15,INR,PURCHASE,ONLINE,MOBILE_APP,1,0,Coimbatore,4.0,0,0,1,DEV-MOHANA-SAMSUNG-S23,mobile_android,0,BEN-CUST_MOHANA_002-TRUSTED,Trusted Household Vendor,9,1,4,20,0,0,0,None,Resolved Genuine,Standard Habitual Purchase,0
TXN-CUST_MOHANA_002-10178,2026-07-07 04:01:17,2026-07-07,04:01:17,4,1,0,1,CUST_MOHANA_002,180,Coimbatore,Tamil Nadu,Medium Risk / 12% Fraud Rate,M022,SkillSpring Academy,Education / Training,Professional Certifications & Tech Bootcamps,Chennai,Mylapore,Tamil Nadu,600004,13.0368,80.2676,8,22000.0,08:30-19:30,"ONLINE,NETBANKING,CARD,UPI",Stolen corporate card enrollments,0.028,70,4009.56,INR,PURCHASE,UPI,MOBILE_APP,0,0,Coimbatore,2.0,0,0,1,DEV-MOHANA-SAMSUNG-S23,mobile_android,0,BEN-CUST_MOHANA_002-TRUSTED,Trusted Household Vendor,14,1,3,18,0,0,0,None,Resolved Genuine,Standard Habitual Purchase,0
TXN-CUST_MOHANA_002-10179,2026-07-07 05:25:32,2026-07-07,05:25:32,5,1,0,1,CUST_MOHANA_002,180,Coimbatore,Tamil Nadu,Medium Risk / 12% Fraud Rate,M017,AutoForge Parts,Spare Parts,OEM Industrial & Auto Components,Hosur,Mookandapalli,Tamil Nadu,635126,12.7409,77.8253,15,16500.0,09:00-19:30,"TRANSFER,POS,CARD",Business email compromise / fake beneficiary update,0.033,82,13022.05,INR,PURCHASE,POS,MOBILE_APP,1,0,Coimbatore,13.0,0,0,1,DEV-MOHANA-SAMSUNG-S23,mobile_android,0,BEN-CUST_MOHANA_002-TRUSTED,Trusted Household Vendor,3,0,4,20,0,0,0,None,Resolved Genuine,Standard Habitual Purchase,0
TXN-CUST_MOHANA_002-10180,2026-07-07 06:50:58,2026-07-07,06:50:58,6,1,0,0,CUST_MOHANA_002,180,Coimbatore,Tamil Nadu,Medium Risk / 12% Fraud Rate,M010,HarborView Residency,Hotel / Hospitality,Business & Luxury Hotel,Chennai,OMR,Tamil Nadu,600096,12.9165,80.2285,6,9500.0,24_HOURS,"ONLINE,POS,CARD,TRANSFER",Online travel booking fraud with stolen corporate credentials,0.041,102,10377.39,INR,PURCHASE,CARD,MOBILE_APP,1,0,Coimbatore,7.0,0,0,1,DEV-MOHANA-SAMSUNG-S23,mobile_android,0,BEN-CUST_MOHANA_002-TRUSTED,Trusted Household Vendor,11,0,2,15,0,0,0,None,Resolved Genuine,Standard Habitual Purchase,0
TXN-CUST_MOHANA_002-10181,2026-07-07 08:18:43,2026-07-07,08:18:43,8,1,0,0,CUST_MOHANA_002,180,Coimbatore,Tamil Nadu,Medium Risk / 12% Fraud Rate,M026,GreenLeaf Wellness,Health & Wellness,Organic Nutrition & Ayurveda,Trichy,Srirangam,Tamil Nadu,620006,10.8624,78.6947,6,2100.0,08:00-21:00,"POS,UPI,ONLINE,CARD",Subscription card stuffing,0.013,32,10422.85,INR,PURCHASE,POS,MOBILE_APP,1,0,Coimbatore,3.0,0,0,1,DEV-MOHANA-SAMSUNG-S23,mobile_android,0,BEN-CUST_MOHANA_002-TRUSTED,Trusted Household Vendor,4,0,4,25,0,0,0,None,Resolved Genuine,Standard Habitual Purchase,0
TXN-CUST_MOHANA_002-10182,2026-07-07 09:44:20,2026-07-07,09:44:20,9,1,0,0,CUST_MOHANA_002,180,Coimbatore,Tamil Nadu,Medium Risk / 12% Fraud Rate,M008,BeanCircuit Cafe,Cafe,Specialty Coffee & Bakery,Bengaluru,Indiranagar,Karnataka,560038,12.9784,77.6408,3,650.0,07:30-23:00,"UPI,POS,CARD",QR code spoofing / fast velocity dining,0.009,22,5536.45,INR,PURCHASE,POS,MOBILE_APP,1,0,Coimbatore,6.0,0,0,1,DEV-MOHANA-SAMSUNG-S23,mobile_android,0,BEN-CUST_MOHANA_002-TRUSTED,Trusted Household Vendor,13,0,3,18,0,0,0,None,Resolved Genuine,Standard Habitual Purchase,0
TXN-CUST_MOHANA_002-10183,2026-07-07 11:11:04,2026-07-07,11:11:04,11,1,0,0,CUST_MOHANA_002,180,Coimbatore,Tamil Nadu,Medium Risk / 12% Fraud Rate,M019,ArenaSport World,Sports Retail,Fitness Equipment & Sports Wear,Chennai,Nungambakkam,Tamil Nadu,600034,13.0604,80.2405,6,5600.0,10:00-21:30,"POS,ONLINE,UPI,CARD",Stolen card chargeback on premium sports gear,0.026,65,11496.94,INR,PURCHASE,ONLINE,MOBILE_APP,1,0,Coimbatore,12.0,0,0,1,DEV-MOHANA-SAMSUNG-S23,mobile_android,0,BEN-CUST_MOHANA_002-TRUSTED,Trusted Household Vendor,8,1,2,13,0,0,0,None,Resolved Genuine,Standard Habitual Purchase,0
TXN-CUST_MOHANA_002-10184,2026-07-07 12:39:21,2026-07-07,12:39:21,12,1,0,0,CUST_MOHANA_002,180,Coimbatore,Tamil Nadu,Medium Risk / 12% Fraud Rate,M008,BeanCircuit Cafe,Cafe,Specialty Coffee & Bakery,Bengaluru,Indiranagar,Karnataka,560038,12.9784,77.6408,3,650.0,07:30-23:00,"UPI,POS,CARD",QR code spoofing / fast velocity dining,0.009,22,8383.6,INR,PURCHASE,UPI,MOBILE_APP,1,0,Coimbatore,8.0,0,0,1,DEV-MOHANA-SAMSUNG-S23,mobile_android,0,BEN-CUST_MOHANA_002-TRUSTED,Trusted Household Vendor,11,0,3,20,0,0,0,None,Resolved Genuine,Standard Habitual Purchase,0
TXN-CUST_MOHANA_002-10185,2026-07-07 14:07:15,2026-07-07,14:07:15,14,1,0,0,CUST_MOHANA_002,180,Coimbatore,Tamil Nadu,Medium Risk / 12% Fraud Rate,M020,GameGrid Arena,Gaming,"Esports, Consoles & Virtual Credits",Bengaluru,Koramangala,Karnataka,560095,12.9352,77.6245,4,3400.0,10:00-01:00,"ONLINE,UPI,CARD,WALLET",Virtual item laundering & bot-driven micro transactions,0.055,137,6680.88,INR,PURCHASE,WALLET,MOBILE_APP,0,0,Coimbatore,9.0,0,0,1,DEV-MOHANA-SAMSUNG-S23,mobile_android,0,BEN-CUST_MOHANA_002-TRUSTED,Trusted Household Vendor,4,0,3,20,0,0,0,None,Resolved Genuine,Standard Habitual Purchase,0
TXN-CUST_MOHANA_002-10186,2026-07-07 15:35:19,2026-07-07,15:35:19,15,1,0,0,CUST_MOHANA_002,180,Coimbatore,Tamil Nadu,Medium Risk / 12% Fraud Rate,M026,GreenLeaf Wellness,Health & Wellness,Organic Nutrition & Ayurveda,Trichy,Srirangam,Tamil Nadu,620006,10.8624,78.6947,6,2100.0,08:00-21:00,"POS,UPI,ONLINE,CARD",Subscription card stuffing,0.013,32,11253.45,INR,PURCHASE,UPI,MOBILE_APP,1,0,Coimbatore,12.0,0,0,1,DEV-MOHANA-SAMSUNG-S23,mobile_android,0,BEN-CUST_MOHANA_002-TRUSTED,Trusted Household Vendor,10,1,1,9,0,0,0,None,Resolved Genuine,Standard Habitual Purchase,0
TXN-CUST_MOHANA_002-10187,2026-07-07 17:02:31,2026-07-07,17:02:31,17,1,0,0,CUST_MOHANA_002,180,Coimbatore,Tamil Nadu,Medium Risk / 12% Fraud Rate,M011,SkyTrail Travels,Travel Agency,Flight & International Tour Packages,Coimbatore,Gandhipuram,Tamil Nadu,641012,11.0183,76.9664,11,44000.0,09:00-20:00,"ONLINE,TRANSFER,CARD",Mule-account ticket arbitrage & fast cancellation fraud,0.052,130,7032.92,INR,PURCHASE,TRANSFER,MOBILE_APP,0,0,Coimbatore,10.0,0,0,1,DEV-MOHANA-SAMSUNG-S23,mobile_android,0,BEN-CUST_MOHANA_002-TRUSTED,Trusted Household Vendor,15,0,2,15,0,0,0,None,Resolved Genuine,Standard Habitual Purchase,0
TXN-CUST_MOHANA_002-10188,2026-07-07 18:28:49,2026-07-07,18:28:49,18,1,0,0,CUST_MOHANA_002,180,Coimbatore,Tamil Nadu,Medium Risk / 12% Fraud Rate,M011,SkyTrail Travels,Travel Agency,Flight & International Tour Packages,Coimbatore,Gandhipuram,Tamil Nadu,641012,11.0183,76.9664,11,44000.0,09:00-20:00,"ONLINE,TRANSFER,CARD",Mule-account ticket arbitrage & fast cancellation fraud,0.052,130,116453.9,INR,P2P_TRANSFER,ONLINE,MOBILE_APP,0,0,Hyderabad,492.0,1,0,1,DEV-MOHANA-SAMSUNG-S23,mobile_android,1,BEN-NEW-851,Global Flight Booking,0,4,8,37,1,0,0,Geographic Anomaly / High Ticket Spike,Review Required,Sudden location velocity jump with new merchant,1
TXN-CUST_MOHANA_002-10189,2026-07-07 19:55:22,2026-07-07,19:55:22,19,1,0,0,CUST_MOHANA_002,180,Coimbatore,Tamil Nadu,Medium Risk / 12% Fraud Rate,M017,AutoForge Parts,Spare Parts,OEM Industrial & Auto Components,Hosur,Mookandapalli,Tamil Nadu,635126,12.7409,77.8253,15,16500.0,09:00-19:30,"TRANSFER,POS,CARD",Business email compromise / fake beneficiary update,0.033,82,6281.05,INR,PURCHASE,POS,MOBILE_APP,1,0,Coimbatore,13.0,0,0,1,DEV-MOHANA-SAMSUNG-S23,mobile_android,0,BEN-CUST_MOHANA_002-TRUSTED,Trusted Household Vendor,7,0,1,9,0,0,0,None,Resolved Genuine,Standard Habitual Purchase,0
TXN-CUST_MOHANA_002-10190,2026-07-07 21:19:38,2026-07-07,21:19:38,21,1,0,0,CUST_MOHANA_002,180,Coimbatore,Tamil Nadu,Medium Risk / 12% Fraud Rate,M001,NovaMart Fresh,Grocery & Supermarket,Supermarket / Hypermarket,Chennai,T Nagar,Tamil Nadu,600017,13.0418,80.2341,8,1250.0,07:00-22:30,"POS,UPI,CARD,ONLINE",Card testing / micro-burst velocity,0.012,30,3693.98,INR,PURCHASE,ONLINE,MOBILE_APP,1,0,Coimbatore,11.0,0,0,1,DEV-MOHANA-SAMSUNG-S23,mobile_android,0,BEN-CUST_MOHANA_002-TRUSTED,Trusted Household Vendor,8,0,1,8,0,0,0,None,Resolved Genuine,Standard Habitual Purchase,0
TXN-CUST_MOHANA_002-10191,2026-07-07 22:45:42,2026-07-07,22:45:42,22,1,0,0,CUST_MOHANA_002,180,Coimbatore,Tamil Nadu,Medium Risk / 12% Fraud Rate,M013,CartNest Online,E-commerce,Multi-category Marketplace,Chennai,Guindy,Tamil Nadu,600032,13.0067,80.2026,5,6200.0,24_HOURS,"ONLINE,UPI,CARD,NETBANKING",Account takeover + triangulation shipping fraud,0.045,112,9063.7,INR,PURCHASE,CARD,MOBILE_APP,0,0,Coimbatore,10.0,0,0,1,DEV-MOHANA-SAMSUNG-S23,mobile_android,0,BEN-CUST_MOHANA_002-TRUSTED,Trusted Household Vendor,4,0,3,21,0,0,0,None,Resolved Genuine,Standard Habitual Purchase,0
TXN-CUST_MOHANA_002-10192,2026-07-08 00:10:46,2026-07-08,00:10:46,0,2,0,1,CUST_MOHANA_002,180,Coimbatore,Tamil Nadu,Medium Risk / 12% Fraud Rate,M023,SwiftBox Logistics,Courier / Logistics,Express Parcel & Freight Delivery,Tiruppur,Avinashi Road,Tamil Nadu,641603,11.1085,77.3411,9,4200.0,08:00-21:00,"POS,UPI,CARD,ONLINE",Interception fraud / address redirection,0.02,50,9586.73,INR,PURCHASE,POS,MOBILE_APP,1,0,Coimbatore,5.0,0,0,1,DEV-MOHANA-SAMSUNG-S23,mobile_android,0,BEN-CUST_MOHANA_002-TRUSTED,Trusted Household Vendor,8,1,2,11,0,0,0,None,Resolved Genuine,Standard Habitual Purchase,0
TXN-CUST_MOHANA_002-10193,2026-07-08 01:34:29,2026-07-08,01:34:29,1,2,0,1,CUST_MOHANA_002,180,Coimbatore,Tamil Nadu,Medium Risk / 12% Fraud Rate,M011,SkyTrail Travels,Travel Agency,Flight & International Tour Packages,Coimbatore,Gandhipuram,Tamil Nadu,641012,11.0183,76.9664,11,44000.0,09:00-20:00,"ONLINE,TRANSFER,CARD",Mule-account ticket arbitrage & fast cancellation fraud,0.052,130,9036.27,INR,PURCHASE,ONLINE,MOBILE_APP,0,0,Coimbatore,6.0,0,0,1,DEV-MOHANA-SAMSUNG-S23,mobile_android,0,BEN-CUST_MOHANA_002-TRUSTED,Trusted Household Vendor,11,1,4,24,0,0,0,None,Resolved Genuine,Standard Habitual Purchase,0
TXN-CUST_MOHANA_002-10194,2026-07-08 03:01:45,2026-07-08,03:01:45,3,2,0,1,CUST_MOHANA_002,180,Coimbatore,Tamil Nadu,Medium Risk / 12% Fraud Rate,M013,CartNest Online,E-commerce,Multi-category Marketplace,Chennai,Guindy,Tamil Nadu,600032,13.0067,80.2026,5,6200.0,24_HOURS,"ONLINE,UPI,CARD,NETBANKING",Account takeover + triangulation shipping fraud,0.045,112,5215.58,INR,PURCHASE,CARD,MOBILE_APP,0,0,Coimbatore,10.0,0,0,1,DEV-MOHANA-SAMSUNG-S23,mobile_android,0,BEN-CUST_MOHANA_002-TRUSTED,Trusted Household Vendor,13,0,1,11,0,0,0,None,Resolved Genuine,Standard Habitual Purchase,0
TXN-CUST_MOHANA_002-10195,2026-07-08 04:28:33,2026-07-08,04:28:33,4,2,0,1,CUST_MOHANA_002,180,Coimbatore,Tamil Nadu,Medium Risk / 12% Fraud Rate,M019,ArenaSport World,Sports Retail,Fitness Equipment & Sports Wear,Chennai,Nungambakkam,Tamil Nadu,600034,13.0604,80.2405,6,5600.0,10:00-21:30,"POS,ONLINE,UPI,CARD",Stolen card chargeback on premium sports gear,0.026,65,3801.69,INR,PURCHASE,POS,MOBILE_APP,1,0,Coimbatore,9.0,0,0,1,DEV-MOHANA-SAMSUNG-S23,mobile_android,0,BEN-CUST_MOHANA_002-TRUSTED,Trusted Household Vendor,10,1,2,11,0,0,0,None,Resolved Genuine,Standard Habitual Purchase,0
TXN-CUST_MOHANA_002-10196,2026-07-08 05:52:47,2026-07-08,05:52:47,5,2,0,1,CUST_MOHANA_002,180,Coimbatore,Tamil Nadu,Medium Risk / 12% Fraud Rate,M004,Aurelia Gold House,Jewellery,Gold & Diamond Jewellery,Coimbatore,RS Puram,Tamil Nadu,641002,11.0089,76.9514,14,78000.0,10:00-20:30,"POS,CARD,TRANSFER",Account takeover / card-not-present luxury surge,0.065,162,8732.36,INR,PURCHASE,CARD,MOBILE_APP,1,0,Coimbatore,12.0,0,0,1,DEV-MOHANA-SAMSUNG-S23,mobile_android,0,BEN-CUST_MOHANA_002-TRUSTED,Trusted Household Vendor,8,0,3,15,0,0,0,None,Resolved Genuine,Standard Habitual Purchase,0
TXN-CUST_MOHANA_002-10197,2026-07-08 07:18:40,2026-07-08,07:18:40,7,2,0,0,CUST_MOHANA_002,180,Coimbatore,Tamil Nadu,Medium Risk / 12% Fraud Rate,M025,ShieldSure Services,Insurance Services,General & Health Insurance Premium,Chennai,Egmore,Tamil Nadu,600008,13.0784,80.2607,13,14000.0,09:30-18:00,"ONLINE,NETBANKING,CARD",Premium diversion / fake policy payment slips,0.019,47,4109.68,INR,PURCHASE,NETBANKING,MOBILE_APP,0,0,Coimbatore,7.0,0,0,1,DEV-MOHANA-SAMSUNG-S23,mobile_android,0,BEN-CUST_MOHANA_002-TRUSTED,Trusted Household Vendor,13,0,4,20,0,0,0,None,Resolved Genuine,Standard Habitual Purchase,0
TXN-CUST_MOHANA_002-10198,2026-07-08 08:45:21,2026-07-08,08:45:21,8,2,0,0,CUST_MOHANA_002,180,Coimbatore,Tamil Nadu,Medium Risk / 12% Fraud Rate,M003,Pulse Mobile Hub,Mobile Store,Smartphones & Accessories,Chennai,Tambaram,Tamil Nadu,600045,12.9249,80.1278,4,18500.0,09:30-21:30,"POS,UPI,CARD",New device abuse / rapid checkout surge,0.035,87,11706.51,INR,PURCHASE,POS,MOBILE_APP,1,0,Coimbatore,8.0,0,0,1,DEV-MOHANA-SAMSUNG-S23,mobile_android,0,BEN-CUST_MOHANA_002-TRUSTED,Trusted Household Vendor,6,1,3,14,0,0,0,None,Resolved Genuine,Standard Habitual Purchase,0
TXN-CUST_MOHANA_002-10199,2026-07-08 10:12:37,2026-07-08,10:12:37,10,2,0,0,CUST_MOHANA_002,180,Coimbatore,Tamil Nadu,Medium Risk / 12% Fraud Rate,M018,PageTurn Book House,Bookstore,"Academic, Fiction & Stationery",Trichy,Thillai Nagar,Tamil Nadu,620018,10.8282,78.6854,16,850.0,09:00-21:30,"POS,UPI,CARD,ONLINE",Low-value card testing bots,0.008,20,3647.1,INR,PURCHASE,POS,MOBILE_APP,1,0,Coimbatore,11.0,0,0,1,DEV-MOHANA-SAMSUNG-S23,mobile_android,0,BEN-CUST_MOHANA_002-TRUSTED,Trusted Household Vendor,10,0,2,10,0,0,0,None,Resolved Genuine,Standard Habitual Purchase,0
TXN-CUST_MOHANA_002-10200,2026-07-08 11:37:20,2026-07-08,11:37:20,11,2,0,0,CUST_MOHANA_002,180,Coimbatore,Tamil Nadu,Medium Risk / 12% Fraud Rate,M008,BeanCircuit Cafe,Cafe,Specialty Coffee & Bakery,Bengaluru,Indiranagar,Karnataka,560038,12.9784,77.6408,3,650.0,07:30-23:00,"UPI,POS,CARD",QR code spoofing / fast velocity dining,0.009,22,13089.65,INR,PURCHASE,POS,MOBILE_APP,1,0,Coimbatore,14.0,0,0,1,DEV-MOHANA-SAMSUNG-S23,mobile_android,0,BEN-CUST_MOHANA_002-TRUSTED,Trusted Household Vendor,8,1,3,20,0,0,0,None,Resolved Genuine,Standard Habitual Purchase,0
TXN-CUST_MOHANA_002-10201,2026-07-08 13:00:51,2026-07-08,13:00:51,13,2,0,0,CUST_MOHANA_002,180,Coimbatore,Tamil Nadu,Medium Risk / 12% Fraud Rate,M025,ShieldSure Services,Insurance Services,General & Health Insurance Premium,Chennai,Egmore,Tamil Nadu,600008,13.0784,80.2607,13,14000.0,09:30-18:00,"ONLINE,NETBANKING,CARD",Premium diversion / fake policy payment slips,0.019,47,6354.32,INR,PURCHASE,ONLINE,MOBILE_APP,0,0,Coimbatore,1.0,0,0,1,DEV-MOHANA-SAMSUNG-S23,mobile_android,0,BEN-CUST_MOHANA_002-TRUSTED,Trusted Household Vendor,11,0,4,18,0,0,0,None,Resolved Genuine,Standard Habitual Purchase,0
TXN-CUST_MOHANA_002-10202,2026-07-08 14:25:27,2026-07-08,14:25:27,14,2,0,0,CUST_MOHANA_002,180,Coimbatore,Tamil Nadu,Medium Risk / 12% Fraud Rate,M002,CircuitBay Electronics,Consumer Electronics,Laptops & Gadgets,Chennai,Velachery,Tamil Nadu,600042,12.9759,80.2212,6,32000.0,10:00-21:30,"POS,ONLINE,EMI,UPI",Stolen payment details / high-ticket electronics delivery,0.048,120,66955.88,INR,P2P_TRANSFER,ONLINE,MOBILE_APP,0,0,Mumbai,657.0,1,0,1,DEV-MOHANA-SAMSUNG-S23,mobile_android,1,BEN-NEW-476,Global Flight Booking,0,4,4,24,1,0,0,Geographic Anomaly / High Ticket Spike,Review Required,Sudden location velocity jump with new merchant,1
TXN-CUST_MOHANA_002-10203,2026-07-08 15:50:08,2026-07-08,15:50:08,15,2,0,0,CUST_MOHANA_002,180,Coimbatore,Tamil Nadu,Medium Risk / 12% Fraud Rate,M018,PageTurn Book House,Bookstore,"Academic, Fiction & Stationery",Trichy,Thillai Nagar,Tamil Nadu,620018,10.8282,78.6854,16,850.0,09:00-21:30,"POS,UPI,CARD,ONLINE",Low-value card testing bots,0.008,20,1538.75,INR,P2P_TRANSFER,UPI,MOBILE_APP,0,0,Hyderabad,588.0,1,0,1,DEV-MOHANA-SAMSUNG-S23,mobile_android,1,BEN-NEW-497,Global Flight Booking,0,3,8,37,1,0,0,Geographic Anomaly / High Ticket Spike,Review Required,Sudden location velocity jump with new merchant,1
TXN-CUST_MOHANA_002-10204,2026-07-08 17:18:03,2026-07-08,17:18:03,17,2,0,0,CUST_MOHANA_002,180,Coimbatore,Tamil Nadu,Medium Risk / 12% Fraud Rate,M009,RapidFuel Station,Fuel Station,"Petrol, Diesel & EV Fast Charge",Salem,Fairlands,Tamil Nadu,636016,11.6643,78.146,9,3100.0,24_HOURS,"POS,FLEET_CARD,UPI",Automated fleet card skimming,0.024,60,6811.75,INR,PURCHASE,UPI,MOBILE_APP,1,0,Coimbatore,6.0,0,0,1,DEV-MOHANA-SAMSUNG-S23,mobile_android,0,BEN-CUST_MOHANA_002-TRUSTED,Trusted Household Vendor,4,0,4,22,0,0,0,None,Resolved Genuine,Standard Habitual Purchase,0
TXN-CUST_MOHANA_002-10205,2026-07-08 18:44:10,2026-07-08,18:44:10,18,2,0,0,CUST_MOHANA_002,180,Coimbatore,Tamil Nadu,Medium Risk / 12% Fraud Rate,M015,HomeSphere Appliances,Home Appliances,"Refrigerators, ACs & Kitchen Tech",Coimbatore,Saibaba Colony,Tamil Nadu,641011,11.0315,76.945,9,27500.0,09:30-21:00,"POS,EMI,CARD,UPI",Carding attacks with immediate in-store pickup,0.038,95,72729.66,INR,P2P_TRANSFER,UPI,MOBILE_APP,0,0,Hyderabad,1088.0,1,0,1,DEV-MOHANA-SAMSUNG-S23,mobile_android,1,BEN-NEW-142,Global Flight Booking,0,3,5,23,1,0,0,Geographic Anomaly / High Ticket Spike,Review Required,Sudden location velocity jump with new merchant,1
TXN-CUST_MOHANA_002-10206,2026-07-08 20:12:01,2026-07-08,20:12:01,20,2,0,0,CUST_MOHANA_002,180,Coimbatore,Tamil Nadu,Medium Risk / 12% Fraud Rate,M028,CraftCove Home Decor,Home Decor,Handicrafts & Art Pieces,Thanjavur,Medical College Road,Tamil Nadu,613004,10.7684,79.1245,8,7400.0,09:30-20:30,"POS,UPI,CARD,ONLINE",Cross-border tourist chargebacks,0.023,57,5496.95,INR,PURCHASE,UPI,MOBILE_APP,1,0,Coimbatore,13.0,0,0,1,DEV-MOHANA-SAMSUNG-S23,mobile_android,0,BEN-CUST_MOHANA_002-TRUSTED,Trusted Household Vendor,14,0,3,18,0,0,0,None,Resolved Genuine,Standard Habitual Purchase,0
TXN-CUST_MOHANA_002-10207,2026-07-08 21:37:35,2026-07-08,21:37:35,21,2,0,0,CUST_MOHANA_002,180,Coimbatore,Tamil Nadu,Medium Risk / 12% Fraud Rate,M002,CircuitBay Electronics,Consumer Electronics,Laptops & Gadgets,Chennai,Velachery,Tamil Nadu,600042,12.9759,80.2212,6,32000.0,10:00-21:30,"POS,ONLINE,EMI,UPI",Stolen payment details / high-ticket electronics delivery,0.048,120,10007.87,INR,PURCHASE,POS,MOBILE_APP,1,0,Coimbatore,4.0,0,0,1,DEV-MOHANA-SAMSUNG-S23,mobile_android,0,BEN-CUST_MOHANA_002-TRUSTED,Trusted Household Vendor,6,0,3,18,0,0,0,None,Resolved Genuine,Standard Habitual Purchase,0
TXN-CUST_MOHANA_002-10208,2026-07-08 23:01:04,2026-07-08,23:01:04,23,2,0,1,CUST_MOHANA_002,180,Coimbatore,Tamil Nadu,Medium Risk / 12% Fraud Rate,M027,BrickHarbor Realty,Real Estate / Property Services,Rental Escrow & Facility Management,Chennai,Porur,Tamil Nadu,600116,13.035,80.16,11,65000.0,09:00-19:00,"TRANSFER,NETBANKING,CARD",Security deposit phishing / escrow hijacking,0.039,97,5245.38,INR,PURCHASE,NETBANKING,MOBILE_APP,0,0,Coimbatore,6.0,0,0,1,DEV-MOHANA-SAMSUNG-S23,mobile_android,0,BEN-CUST_MOHANA_002-TRUSTED,Trusted Household Vendor,14,0,4,25,0,0,0,None,Resolved Genuine,Standard Habitual Purchase,0
TXN-CUST_MOHANA_002-10209,2026-07-09 00:30:22,2026-07-09,00:30:22,0,3,0,1,CUST_MOHANA_002,180,Coimbatore,Tamil Nadu,Medium Risk / 12% Fraud Rate,M020,GameGrid Arena,Gaming,"Esports, Consoles & Virtual Credits",Bengaluru,Koramangala,Karnataka,560095,12.9352,77.6245,4,3400.0,10:00-01:00,"ONLINE,UPI,CARD,WALLET",Virtual item laundering & bot-driven micro transactions,0.055,137,11089.36,INR,PURCHASE,UPI,MOBILE_APP,0,0,Coimbatore,15.0,0,0,1,DEV-MOHANA-SAMSUNG-S23,mobile_android,0,BEN-CUST_MOHANA_002-TRUSTED,Trusted Household Vendor,15,0,3,15,0,0,0,None,Resolved Genuine,Standard Habitual Purchase,0
TXN-CUST_MOHANA_002-10210,2026-07-09 01:57:28,2026-07-09,01:57:28,1,3,0,1,CUST_MOHANA_002,180,Coimbatore,Tamil Nadu,Medium Risk / 12% Fraud Rate,M029,CloudDesk Digital,Software / Digital Services,Cloud Infrastructure & SaaS Tools,Bengaluru,Whitefield,Karnataka,560066,12.9698,77.7499,7,19800.0,24_HOURS,"ONLINE,CARD,TRANSFER",Cryptomining VM rental with stolen credit cards,0.058,145,3402.76,INR,PURCHASE,ONLINE,MOBILE_APP,0,0,Coimbatore,1.0,0,0,1,DEV-MOHANA-SAMSUNG-S23,mobile_android,0,BEN-CUST_MOHANA_002-TRUSTED,Trusted Household Vendor,7,0,1,10,0,0,0,None,Resolved Genuine,Standard Habitual Purchase,0
TXN-CUST_MOHANA_002-10211,2026-07-09 03:23:32,2026-07-09,03:23:32,3,3,0,1,CUST_MOHANA_002,180,Coimbatore,Tamil Nadu,Medium Risk / 12% Fraud Rate,M024,LinkWave Telecom,Telecom Retail,Fiber Broadband & Postpaid Plans,Erode,Perundurai Road,Tamil Nadu,638011,11.341,77.7172,10,1950.0,09:30-20:30,"UPI,CARD,ONLINE,POS",SIM swap bill recharge surges,0.017,42,9194.73,INR,PURCHASE,CARD,MOBILE_APP,1,0,Coimbatore,3.0,0,0,1,DEV-MOHANA-SAMSUNG-S23,mobile_android,0,BEN-CUST_MOHANA_002-TRUSTED,Trusted Household Vendor,6,1,3,20,0,0,0,None,Resolved Genuine,Standard Habitual Purchase,0
TXN-CUST_MOHANA_002-10212,2026-07-09 04:51:23,2026-07-09,04:51:23,4,3,0,1,CUST_MOHANA_002,180,Coimbatore,Tamil Nadu,Medium Risk / 12% Fraud Rate,M012,DashDine Delivery,Food Delivery,Quick Commerce & Meal Delivery,Chennai,Sholinganallur,Tamil Nadu,600119,12.901,80.2279,4,520.0,06:00-02:00,"UPI,CARD,ONLINE,WALLET",Promo code abuse / stolen wallet balances,0.014,35,4176.21,INR,PURCHASE,UPI,MOBILE_APP,0,0,Coimbatore,7.0,0,0,1,DEV-MOHANA-SAMSUNG-S23,mobile_android,0,BEN-CUST_MOHANA_002-TRUSTED,Trusted Household Vendor,15,0,3,15,0,0,0,None,Resolved Genuine,Standard Habitual Purchase,0
TXN-CUST_MOHANA_002-10213,2026-07-09 06:16:36,2026-07-09,06:16:36,6,3,0,0,CUST_MOHANA_002,180,Coimbatore,Tamil Nadu,Medium Risk / 12% Fraud Rate,M009,RapidFuel Station,Fuel Station,"Petrol, Diesel & EV Fast Charge",Salem,Fairlands,Tamil Nadu,636016,11.6643,78.146,9,3100.0,24_HOURS,"POS,FLEET_CARD,UPI",Automated fleet card skimming,0.024,60,8060.66,INR,PURCHASE,UPI,MOBILE_APP,1,0,Coimbatore,15.0,0,0,1,DEV-MOHANA-SAMSUNG-S23,mobile_android,0,BEN-CUST_MOHANA_002-TRUSTED,Trusted Household Vendor,4,0,2,10,0,0,0,None,Resolved Genuine,Standard Habitual Purchase,0
TXN-CUST_MOHANA_002-10214,2026-07-09 07:45:17,2026-07-09,07:45:17,7,3,0,0,CUST_MOHANA_002,180,Coimbatore,Tamil Nadu,Medium Risk / 12% Fraud Rate,M016,MotoCare Garage,Auto Service,Car Service & Detailing Hub,Chennai,Pallikaranai,Tamil Nadu,600100,12.9372,80.2014,7,8900.0,08:30-20:30,"POS,UPI,CARD",Over-invoicing / synthetic card payments,0.021,52,5180.73,INR,PURCHASE,CARD,MOBILE_APP,1,0,Coimbatore,2.0,0,0,1,DEV-MOHANA-SAMSUNG-S23,mobile_android,0,BEN-CUST_MOHANA_002-TRUSTED,Trusted Household Vendor,10,1,2,18,0,0,0,None,Resolved Genuine,Standard Habitual Purchase,0
TXN-CUST_MOHANA_002-10215,2026-07-09 09:10:19,2026-07-09,09:10:19,9,3,0,0,CUST_MOHANA_002,180,Coimbatore,Tamil Nadu,Medium Risk / 12% Fraud Rate,M001,NovaMart Fresh,Grocery & Supermarket,Supermarket / Hypermarket,Chennai,T Nagar,Tamil Nadu,600017,13.0418,80.2341,8,1250.0,07:00-22:30,"POS,UPI,CARD,ONLINE",Card testing / micro-burst velocity,0.012,30,10569.34,INR,PURCHASE,POS,MOBILE_APP,1,0,Coimbatore,8.0,0,0,1,DEV-MOHANA-SAMSUNG-S23,mobile_android,0,BEN-CUST_MOHANA_002-TRUSTED,Trusted Household Vendor,6,1,2,16,0,0,0,None,Resolved Genuine,Standard Habitual Purchase,0
TXN-CUST_MOHANA_002-10216,2026-07-09 10:37:47,2026-07-09,10:37:47,10,3,0,0,CUST_MOHANA_002,180,Coimbatore,Tamil Nadu,Medium Risk / 12% Fraud Rate,M001,NovaMart Fresh,Grocery & Supermarket,Supermarket / Hypermarket,Chennai,T Nagar,Tamil Nadu,600017,13.0418,80.2341,8,1250.0,07:00-22:30,"POS,UPI,CARD,ONLINE",Card testing / micro-burst velocity,0.012,30,3779.04,INR,PURCHASE,POS,MOBILE_APP,1,0,Coimbatore,7.0,0,0,1,DEV-MOHANA-SAMSUNG-S23,mobile_android,0,BEN-CUST_MOHANA_002-TRUSTED,Trusted Household Vendor,5,0,4,18,0,0,0,None,Resolved Genuine,Standard Habitual Purchase,0
TXN-CUST_MOHANA_002-10217,2026-07-09 12:05:08,2026-07-09,12:05:08,12,3,0,0,CUST_MOHANA_002,180,Coimbatore,Tamil Nadu,Medium Risk / 12% Fraud Rate,M025,ShieldSure Services,Insurance Services,General & Health Insurance Premium,Chennai,Egmore,Tamil Nadu,600008,13.0784,80.2607,13,14000.0,09:30-18:00,"ONLINE,NETBANKING,CARD",Premium diversion / fake policy payment slips,0.019,47,12339.03,INR,PURCHASE,NETBANKING,MOBILE_APP,0,0,Coimbatore,12.0,0,0,1,DEV-MOHANA-SAMSUNG-S23,mobile_android,0,BEN-CUST_MOHANA_002-TRUSTED,Trusted Household Vendor,6,0,4,18,0,0,0,None,Resolved Genuine,Standard Habitual Purchase,0
TXN-CUST_MOHANA_002-10218,2026-07-09 13:32:33,2026-07-09,13:32:33,13,3,0,0,CUST_MOHANA_002,180,Coimbatore,Tamil Nadu,Medium Risk / 12% Fraud Rate,M028,CraftCove Home Decor,Home Decor,Handicrafts & Art Pieces,Thanjavur,Medical College Road,Tamil Nadu,613004,10.7684,79.1245,8,7400.0,09:30-20:30,"POS,UPI,CARD,ONLINE",Cross-border tourist chargebacks,0.023,57,5318.31,INR,PURCHASE,POS,MOBILE_APP,1,0,Coimbatore,12.0,0,0,1,DEV-MOHANA-SAMSUNG-S23,mobile_android,0,BEN-CUST_MOHANA_002-TRUSTED,Trusted Household Vendor,13,0,1,12,0,0,0,None,Resolved Genuine,Standard Habitual Purchase,0
TXN-CUST_MOHANA_002-10219,2026-07-09 14:59:18,2026-07-09,14:59:18,14,3,0,0,CUST_MOHANA_002,180,Coimbatore,Tamil Nadu,Medium Risk / 12% Fraud Rate,M023,SwiftBox Logistics,Courier / Logistics,Express Parcel & Freight Delivery,Tiruppur,Avinashi Road,Tamil Nadu,641603,11.1085,77.3411,9,4200.0,08:00-21:00,"POS,UPI,CARD,ONLINE",Interception fraud / address redirection,0.02,50,8382.98,INR,PURCHASE,CARD,MOBILE_APP,1,0,Coimbatore,4.0,0,0,1,DEV-MOHANA-SAMSUNG-S23,mobile_android,0,BEN-CUST_MOHANA_002-TRUSTED,Trusted Household Vendor,7,0,1,7,0,0,0,None,Resolved Genuine,Standard Habitual Purchase,0
TXN-CUST_MOHANA_002-10220,2026-07-09 16:26:18,2026-07-09,16:26:18,16,3,0,0,CUST_MOHANA_002,180,Coimbatore,Tamil Nadu,Medium Risk / 12% Fraud Rate,M015,HomeSphere Appliances,Home Appliances,"Refrigerators, ACs & Kitchen Tech",Coimbatore,Saibaba Colony,Tamil Nadu,641011,11.0315,76.945,9,27500.0,09:30-21:00,"POS,EMI,CARD,UPI",Carding attacks with immediate in-store pickup,0.038,95,11771.28,INR,PURCHASE,EMI,MOBILE_APP,1,0,Coimbatore,9.0,0,0,1,DEV-MOHANA-SAMSUNG-S23,mobile_android,0,BEN-CUST_MOHANA_002-TRUSTED,Trusted Household Vendor,14,1,3,19,0,0,0,None,Resolved Genuine,Standard Habitual Purchase,0
TXN-CUST_MOHANA_002-10221,2026-07-09 17:54:06,2026-07-09,17:54:06,17,3,0,0,CUST_MOHANA_002,180,Coimbatore,Tamil Nadu,Medium Risk / 12% Fraud Rate,M012,DashDine Delivery,Food Delivery,Quick Commerce & Meal Delivery,Chennai,Sholinganallur,Tamil Nadu,600119,12.901,80.2279,4,520.0,06:00-02:00,"UPI,CARD,ONLINE,WALLET",Promo code abuse / stolen wallet balances,0.014,35,7551.42,INR,PURCHASE,ONLINE,MOBILE_APP,0,0,Coimbatore,10.0,0,0,1,DEV-MOHANA-SAMSUNG-S23,mobile_android,0,BEN-CUST_MOHANA_002-TRUSTED,Trusted Household Vendor,8,0,4,20,0,0,0,None,Resolved Genuine,Standard Habitual Purchase,0
TXN-CUST_MOHANA_002-10222,2026-07-09 19:22:24,2026-07-09,19:22:24,19,3,0,0,CUST_MOHANA_002,180,Coimbatore,Tamil Nadu,Medium Risk / 12% Fraud Rate,M025,ShieldSure Services,Insurance Services,General & Health Insurance Premium,Chennai,Egmore,Tamil Nadu,600008,13.0784,80.2607,13,14000.0,09:30-18:00,"ONLINE,NETBANKING,CARD",Premium diversion / fake policy payment slips,0.019,47,12472.18,INR,PURCHASE,ONLINE,MOBILE_APP,0,0,Coimbatore,11.0,0,0,1,DEV-MOHANA-SAMSUNG-S23,mobile_android,0,BEN-CUST_MOHANA_002-TRUSTED,Trusted Household Vendor,9,0,3,18,0,0,0,None,Resolved Genuine,Standard Habitual Purchase,0
TXN-CUST_MOHANA_002-10223,2026-07-09 20:51:06,2026-07-09,20:51:06,20,3,0,0,CUST_MOHANA_002,180,Coimbatore,Tamil Nadu,Medium Risk / 12% Fraud Rate,M011,SkyTrail Travels,Travel Agency,Flight & International Tour Packages,Coimbatore,Gandhipuram,Tamil Nadu,641012,11.0183,76.9664,11,44000.0,09:00-20:00,"ONLINE,TRANSFER,CARD",Mule-account ticket arbitrage & fast cancellation fraud,0.052,130,12832.13,INR,PURCHASE,TRANSFER,MOBILE_APP,0,0,Coimbatore,11.0,0,0,1,DEV-MOHANA-SAMSUNG-S23,mobile_android,0,BEN-CUST_MOHANA_002-TRUSTED,Trusted Household Vendor,3,0,2,18,0,0,0,None,Resolved Genuine,Standard Habitual Purchase,0
TXN-CUST_MOHANA_002-10224,2026-07-09 22:20:01,2026-07-09,22:20:01,22,3,0,0,CUST_MOHANA_002,180,Coimbatore,Tamil Nadu,Medium Risk / 12% Fraud Rate,M021,GlowCraft Salon,Salon / Beauty,Spa & Grooming Studio,Chennai,Porur,Tamil Nadu,600116,13.0382,80.1565,5,2800.0,09:00-21:00,"POS,UPI,CARD",Unusual late-night transaction spikes,0.011,27,4879.52,INR,PURCHASE,CARD,MOBILE_APP,1,0,Coimbatore,6.0,0,0,1,DEV-MOHANA-SAMSUNG-S23,mobile_android,0,BEN-CUST_MOHANA_002-TRUSTED,Trusted Household Vendor,15,0,2,12,0,0,0,None,Resolved Genuine,Standard Habitual Purchase,0
TXN-CUST_MOHANA_002-10225,2026-07-09 23:49:16,2026-07-09,23:49:16,23,3,0,1,CUST_MOHANA_002,180,Coimbatore,Tamil Nadu,Medium Risk / 12% Fraud Rate,M026,GreenLeaf Wellness,Health & Wellness,Organic Nutrition & Ayurveda,Trichy,Srirangam,Tamil Nadu,620006,10.8624,78.6947,6,2100.0,08:00-21:00,"POS,UPI,ONLINE,CARD",Subscription card stuffing,0.013,32,5499.29,INR,PURCHASE,POS,MOBILE_APP,1,0,Coimbatore,12.0,0,0,1,DEV-MOHANA-SAMSUNG-S23,mobile_android,0,BEN-CUST_MOHANA_002-TRUSTED,Trusted Household Vendor,4,0,4,26,0,0,0,None,Resolved Genuine,Standard Habitual Purchase,0
TXN-CUST_MOHANA_002-10226,2026-07-10 01:13:18,2026-07-10,01:13:18,1,4,0,1,CUST_MOHANA_002,180,Coimbatore,Tamil Nadu,Medium Risk / 12% Fraud Rate,M001,NovaMart Fresh,Grocery & Supermarket,Supermarket / Hypermarket,Chennai,T Nagar,Tamil Nadu,600017,13.0418,80.2341,8,1250.0,07:00-22:30,"POS,UPI,CARD,ONLINE",Card testing / micro-burst velocity,0.012,30,5998.12,INR,PURCHASE,UPI,MOBILE_APP,1,0,Coimbatore,9.0,0,0,1,DEV-MOHANA-SAMSUNG-S23,mobile_android,0,BEN-CUST_MOHANA_002-TRUSTED,Trusted Household Vendor,14,0,2,15,0,0,0,None,Resolved Genuine,Standard Habitual Purchase,0
TXN-CUST_MOHANA_002-10227,2026-07-10 02:39:38,2026-07-10,02:39:38,2,4,0,1,CUST_MOHANA_002,180,Coimbatore,Tamil Nadu,Medium Risk / 12% Fraud Rate,M011,SkyTrail Travels,Travel Agency,Flight & International Tour Packages,Coimbatore,Gandhipuram,Tamil Nadu,641012,11.0183,76.9664,11,44000.0,09:00-20:00,"ONLINE,TRANSFER,CARD",Mule-account ticket arbitrage & fast cancellation fraud,0.052,130,10864.92,INR,PURCHASE,CARD,MOBILE_APP,0,0,Coimbatore,13.0,0,0,1,DEV-MOHANA-SAMSUNG-S23,mobile_android,0,BEN-CUST_MOHANA_002-TRUSTED,Trusted Household Vendor,11,0,4,24,0,0,0,None,Resolved Genuine,Standard Habitual Purchase,0
TXN-CUST_MOHANA_002-10228,2026-07-10 04:04:21,2026-07-10,04:04:21,4,4,0,1,CUST_MOHANA_002,180,Coimbatore,Tamil Nadu,Medium Risk / 12% Fraud Rate,M012,DashDine Delivery,Food Delivery,Quick Commerce & Meal Delivery,Chennai,Sholinganallur,Tamil Nadu,600119,12.901,80.2279,4,520.0,06:00-02:00,"UPI,CARD,ONLINE,WALLET",Promo code abuse / stolen wallet balances,0.014,35,11048.23,INR,PURCHASE,WALLET,MOBILE_APP,0,0,Coimbatore,12.0,0,0,1,DEV-MOHANA-SAMSUNG-S23,mobile_android,0,BEN-CUST_MOHANA_002-TRUSTED,Trusted Household Vendor,6,0,1,8,0,0,0,None,Resolved Genuine,Standard Habitual Purchase,0
TXN-CUST_MOHANA_002-10229,2026-07-10 05:32:45,2026-07-10,05:32:45,5,4,0,1,CUST_MOHANA_002,180,Coimbatore,Tamil Nadu,Medium Risk / 12% Fraud Rate,M029,CloudDesk Digital,Software / Digital Services,Cloud Infrastructure & SaaS Tools,Bengaluru,Whitefield,Karnataka,560066,12.9698,77.7499,7,19800.0,24_HOURS,"ONLINE,CARD,TRANSFER",Cryptomining VM rental with stolen credit cards,0.058,145,56522.0,INR,PURCHASE,TRANSFER,MOBILE_APP,0,0,Hyderabad,410.0,1,0,1,DEV-MOHANA-SAMSUNG-S23,mobile_android,0,BEN-CUST_MOHANA_002-01,Self Family Transfer,3,3,5,26,1,0,0,Geographic Anomaly / High Ticket Spike,Review Required,Sudden location velocity jump with new merchant,1
TXN-CUST_MOHANA_002-10230,2026-07-10 06:57:36,2026-07-10,06:57:36,6,4,0,0,CUST_MOHANA_002,180,Coimbatore,Tamil Nadu,Medium Risk / 12% Fraud Rate,M013,CartNest Online,E-commerce,Multi-category Marketplace,Chennai,Guindy,Tamil Nadu,600032,13.0067,80.2026,5,6200.0,24_HOURS,"ONLINE,UPI,CARD,NETBANKING",Account takeover + triangulation shipping fraud,0.045,112,6489.15,INR,PURCHASE,ONLINE,MOBILE_APP,0,0,Coimbatore,4.0,0,0,1,DEV-MOHANA-SAMSUNG-S23,mobile_android,0,BEN-CUST_MOHANA_002-TRUSTED,Trusted Household Vendor,6,0,1,6,0,0,0,None,Resolved Genuine,Standard Habitual Purchase,0
TXN-CUST_MOHANA_002-10231,2026-07-10 08:21:11,2026-07-10,08:21:11,8,4,0,0,CUST_MOHANA_002,180,Coimbatore,Tamil Nadu,Medium Risk / 12% Fraud Rate,M004,Aurelia Gold House,Jewellery,Gold & Diamond Jewellery,Coimbatore,RS Puram,Tamil Nadu,641002,11.0089,76.9514,14,78000.0,10:00-20:30,"POS,CARD,TRANSFER",Account takeover / card-not-present luxury surge,0.065,162,5512.29,INR,PURCHASE,CARD,MOBILE_APP,1,0,Coimbatore,14.0,0,0,1,DEV-MOHANA-SAMSUNG-S23,mobile_android,0,BEN-CUST_MOHANA_002-TRUSTED,Trusted Household Vendor,4,0,1,13,0,0,0,None,Resolved Genuine,Standard Habitual Purchase,0
TXN-CUST_MOHANA_002-10232,2026-07-10 09:50:18,2026-07-10,09:50:18,9,4,0,0,CUST_MOHANA_002,180,Coimbatore,Tamil Nadu,Medium Risk / 12% Fraud Rate,M014,OakLine Furnishings,Furniture,Teak Wood & Modern Home Decor,Madurai,Bypass Road,Tamil Nadu,625016,9.932,78.109,12,38000.0,10:00-21:00,"POS,CARD,TRANSFER,EMI",Invoice redirection fraud / fake payment slips,0.029,72,13037.72,INR,PURCHASE,EMI,MOBILE_APP,1,0,Coimbatore,11.0,0,0,1,DEV-MOHANA-SAMSUNG-S23,mobile_android,0,BEN-CUST_MOHANA_002-TRUSTED,Trusted Household Vendor,8,0,3,19,0,0,0,None,Resolved Genuine,Standard Habitual Purchase,0
TXN-CUST_MOHANA_002-10233,2026-07-10 11:14:57,2026-07-10,11:14:57,11,4,0,0,CUST_MOHANA_002,180,Coimbatore,Tamil Nadu,Medium Risk / 12% Fraud Rate,M014,OakLine Furnishings,Furniture,Teak Wood & Modern Home Decor,Madurai,Bypass Road,Tamil Nadu,625016,9.932,78.109,12,38000.0,10:00-21:00,"POS,CARD,TRANSFER,EMI",Invoice redirection fraud / fake payment slips,0.029,72,9716.43,INR,PURCHASE,EMI,MOBILE_APP,1,0,Coimbatore,15.0,0,0,1,DEV-MOHANA-SAMSUNG-S23,mobile_android,0,BEN-CUST_MOHANA_002-TRUSTED,Trusted Household Vendor,13,0,1,6,0,0,0,None,Resolved Genuine,Standard Habitual Purchase,0
TXN-CUST_MOHANA_002-10234,2026-07-10 12:41:21,2026-07-10,12:41:21,12,4,0,0,CUST_MOHANA_002,180,Coimbatore,Tamil Nadu,Medium Risk / 12% Fraud Rate,M012,DashDine Delivery,Food Delivery,Quick Commerce & Meal Delivery,Chennai,Sholinganallur,Tamil Nadu,600119,12.901,80.2279,4,520.0,06:00-02:00,"UPI,CARD,ONLINE,WALLET",Promo code abuse / stolen wallet balances,0.014,35,3716.61,INR,PURCHASE,UPI,MOBILE_APP,0,0,Coimbatore,12.0,0,0,1,DEV-MOHANA-SAMSUNG-S23,mobile_android,0,BEN-CUST_MOHANA_002-TRUSTED,Trusted Household Vendor,15,0,4,24,0,0,0,None,Resolved Genuine,Standard Habitual Purchase,0
TXN-CUST_MOHANA_002-10235,2026-07-10 14:08:53,2026-07-10,14:08:53,14,4,0,0,CUST_MOHANA_002,180,Coimbatore,Tamil Nadu,Medium Risk / 12% Fraud Rate,M020,GameGrid Arena,Gaming,"Esports, Consoles & Virtual Credits",Bengaluru,Koramangala,Karnataka,560095,12.9352,77.6245,4,3400.0,10:00-01:00,"ONLINE,UPI,CARD,WALLET",Virtual item laundering & bot-driven micro transactions,0.055,137,12382.48,INR,PURCHASE,ONLINE,MOBILE_APP,0,0,Coimbatore,11.0,0,0,1,DEV-MOHANA-SAMSUNG-S23,mobile_android,0,BEN-CUST_MOHANA_002-TRUSTED,Trusted Household Vendor,9,0,1,13,0,0,0,None,Resolved Genuine,Standard Habitual Purchase,0
TXN-CUST_MOHANA_002-10236,2026-07-10 15:36:50,2026-07-10,15:36:50,15,4,0,0,CUST_MOHANA_002,180,Coimbatore,Tamil Nadu,Medium Risk / 12% Fraud Rate,M003,Pulse Mobile Hub,Mobile Store,Smartphones & Accessories,Chennai,Tambaram,Tamil Nadu,600045,12.9249,80.1278,4,18500.0,09:30-21:30,"POS,UPI,CARD",New device abuse / rapid checkout surge,0.035,87,8243.69,INR,PURCHASE,CARD,MOBILE_APP,1,0,Coimbatore,9.0,0,0,1,DEV-MOHANA-SAMSUNG-S23,mobile_android,0,BEN-CUST_MOHANA_002-TRUSTED,Trusted Household Vendor,14,1,2,11,0,0,0,None,Resolved Genuine,Standard Habitual Purchase,0
TXN-CUST_MOHANA_002-10237,2026-07-10 17:02:58,2026-07-10,17:02:58,17,4,0,0,CUST_MOHANA_002,180,Coimbatore,Tamil Nadu,Medium Risk / 12% Fraud Rate,M024,LinkWave Telecom,Telecom Retail,Fiber Broadband & Postpaid Plans,Erode,Perundurai Road,Tamil Nadu,638011,11.341,77.7172,10,1950.0,09:30-20:30,"UPI,CARD,ONLINE,POS",SIM swap bill recharge surges,0.017,42,6841.3,INR,PURCHASE,ONLINE,MOBILE_APP,1,0,Coimbatore,10.0,0,0,1,DEV-MOHANA-SAMSUNG-S23,mobile_android,0,BEN-CUST_MOHANA_002-TRUSTED,Trusted Household Vendor,8,0,1,14,0,0,0,None,Resolved Genuine,Standard Habitual Purchase,0
TXN-CUST_MOHANA_002-10238,2026-07-10 18:31:01,2026-07-10,18:31:01,18,4,0,0,CUST_MOHANA_002,180,Coimbatore,Tamil Nadu,Medium Risk / 12% Fraud Rate,M028,CraftCove Home Decor,Home Decor,Handicrafts & Art Pieces,Thanjavur,Medical College Road,Tamil Nadu,613004,10.7684,79.1245,8,7400.0,09:30-20:30,"POS,UPI,CARD,ONLINE",Cross-border tourist chargebacks,0.023,57,8002.23,INR,PURCHASE,UPI,MOBILE_APP,1,0,Coimbatore,10.0,0,0,1,DEV-MOHANA-SAMSUNG-S23,mobile_android,0,BEN-CUST_MOHANA_002-TRUSTED,Trusted Household Vendor,13,0,1,6,0,0,0,None,Resolved Genuine,Standard Habitual Purchase,0
TXN-CUST_MOHANA_002-10239,2026-07-10 20:00:02,2026-07-10,20:00:02,20,4,0,0,CUST_MOHANA_002,180,Coimbatore,Tamil Nadu,Medium Risk / 12% Fraud Rate,M015,HomeSphere Appliances,Home Appliances,"Refrigerators, ACs & Kitchen Tech",Coimbatore,Saibaba Colony,Tamil Nadu,641011,11.0315,76.945,9,27500.0,09:30-21:00,"POS,EMI,CARD,UPI",Carding attacks with immediate in-store pickup,0.038,95,52160.33,INR,PURCHASE,POS,WEB_PORTAL,0,0,Hyderabad,878.0,1,1,0,DEV-LAPTOP-CHROME-381,web_browser,0,BEN-CUST_MOHANA_002-01,Self Family Transfer,3,3,10,46,1,0,0,Geographic Anomaly / High Ticket Spike,Review Required,Sudden location velocity jump with new merchant,1
TXN-CUST_MOHANA_002-10240,2026-07-10 21:26:57,2026-07-10,21:26:57,21,4,0,0,CUST_MOHANA_002,180,Coimbatore,Tamil Nadu,Medium Risk / 12% Fraud Rate,M023,SwiftBox Logistics,Courier / Logistics,Express Parcel & Freight Delivery,Tiruppur,Avinashi Road,Tamil Nadu,641603,11.1085,77.3411,9,4200.0,08:00-21:00,"POS,UPI,CARD,ONLINE",Interception fraud / address redirection,0.02,50,8670.71,INR,PURCHASE,POS,MOBILE_APP,1,0,Coimbatore,3.0,0,0,1,DEV-MOHANA-SAMSUNG-S23,mobile_android,0,BEN-CUST_MOHANA_002-TRUSTED,Trusted Household Vendor,5,0,3,18,0,0,0,None,Resolved Genuine,Standard Habitual Purchase,0
TXN-CUST_MOHANA_002-10241,2026-07-10 22:53:57,2026-07-10,22:53:57,22,4,0,0,CUST_MOHANA_002,180,Coimbatore,Tamil Nadu,Medium Risk / 12% Fraud Rate,M014,OakLine Furnishings,Furniture,Teak Wood & Modern Home Decor,Madurai,Bypass Road,Tamil Nadu,625016,9.932,78.109,12,38000.0,10:00-21:00,"POS,CARD,TRANSFER,EMI",Invoice redirection fraud / fake payment slips,0.029,72,4518.68,INR,PURCHASE,EMI,MOBILE_APP,1,0,Coimbatore,3.0,0,0,1,DEV-MOHANA-SAMSUNG-S23,mobile_android,0,BEN-CUST_MOHANA_002-TRUSTED,Trusted Household Vendor,6,0,1,13,0,0,0,None,Resolved Genuine,Standard Habitual Purchase,0
TXN-CUST_MOHANA_002-10242,2026-07-11 00:18:51,2026-07-11,00:18:51,0,5,1,1,CUST_MOHANA_002,180,Coimbatore,Tamil Nadu,Medium Risk / 12% Fraud Rate,M013,CartNest Online,E-commerce,Multi-category Marketplace,Chennai,Guindy,Tamil Nadu,600032,13.0067,80.2026,5,6200.0,24_HOURS,"ONLINE,UPI,CARD,NETBANKING",Account takeover + triangulation shipping fraud,0.045,112,11312.55,INR,PURCHASE,NETBANKING,MOBILE_APP,0,0,Coimbatore,13.0,0,0,1,DEV-MOHANA-SAMSUNG-S23,mobile_android,0,BEN-CUST_MOHANA_002-TRUSTED,Trusted Household Vendor,15,0,2,10,0,0,0,None,Resolved Genuine,Standard Habitual Purchase,0
TXN-CUST_MOHANA_002-10243,2026-07-11 01:44:04,2026-07-11,01:44:04,1,5,1,1,CUST_MOHANA_002,180,Coimbatore,Tamil Nadu,Medium Risk / 12% Fraud Rate,M008,BeanCircuit Cafe,Cafe,Specialty Coffee & Bakery,Bengaluru,Indiranagar,Karnataka,560038,12.9784,77.6408,3,650.0,07:30-23:00,"UPI,POS,CARD",QR code spoofing / fast velocity dining,0.009,22,6868.72,INR,PURCHASE,CARD,MOBILE_APP,1,0,Coimbatore,11.0,0,0,1,DEV-MOHANA-SAMSUNG-S23,mobile_android,0,BEN-CUST_MOHANA_002-TRUSTED,Trusted Household Vendor,6,0,4,25,0,0,0,None,Resolved Genuine,Standard Habitual Purchase,0
TXN-CUST_MOHANA_002-10244,2026-07-11 03:12:19,2026-07-11,03:12:19,3,5,1,1,CUST_MOHANA_002,180,Coimbatore,Tamil Nadu,Medium Risk / 12% Fraud Rate,M004,Aurelia Gold House,Jewellery,Gold & Diamond Jewellery,Coimbatore,RS Puram,Tamil Nadu,641002,11.0089,76.9514,14,78000.0,10:00-20:30,"POS,CARD,TRANSFER",Account takeover / card-not-present luxury surge,0.065,162,4435.68,INR,PURCHASE,CARD,MOBILE_APP,1,0,Coimbatore,3.0,0,0,1,DEV-MOHANA-SAMSUNG-S23,mobile_android,0,BEN-CUST_MOHANA_002-TRUSTED,Trusted Household Vendor,10,1,1,11,0,0,0,None,Resolved Genuine,Standard Habitual Purchase,0
TXN-CUST_MOHANA_002-10245,2026-07-11 04:40:29,2026-07-11,04:40:29,4,5,1,1,CUST_MOHANA_002,180,Coimbatore,Tamil Nadu,Medium Risk / 12% Fraud Rate,M014,OakLine Furnishings,Furniture,Teak Wood & Modern Home Decor,Madurai,Bypass Road,Tamil Nadu,625016,9.932,78.109,12,38000.0,10:00-21:00,"POS,CARD,TRANSFER,EMI",Invoice redirection fraud / fake payment slips,0.029,72,69492.6,INR,P2P_TRANSFER,POS,MOBILE_APP,0,0,Hyderabad,677.0,1,0,1,DEV-MOHANA-SAMSUNG-S23,mobile_android,1,BEN-NEW-585,Global Flight Booking,0,4,8,38,1,0,0,Geographic Anomaly / High Ticket Spike,Review Required,Sudden location velocity jump with new merchant,1
TXN-CUST_MOHANA_002-10246,2026-07-11 06:06:30,2026-07-11,06:06:30,6,5,1,0,CUST_MOHANA_002,180,Coimbatore,Tamil Nadu,Medium Risk / 12% Fraud Rate,M023,SwiftBox Logistics,Courier / Logistics,Express Parcel & Freight Delivery,Tiruppur,Avinashi Road,Tamil Nadu,641603,11.1085,77.3411,9,4200.0,08:00-21:00,"POS,UPI,CARD,ONLINE",Interception fraud / address redirection,0.02,50,7707.0,INR,PURCHASE,ONLINE,MOBILE_APP,1,0,Coimbatore,2.0,0,0,1,DEV-MOHANA-SAMSUNG-S23,mobile_android,0,BEN-CUST_MOHANA_002-TRUSTED,Trusted Household Vendor,10,1,3,22,0,0,0,None,Resolved Genuine,Standard Habitual Purchase,0
TXN-CUST_MOHANA_002-10247,2026-07-11 07:35:25,2026-07-11,07:35:25,7,5,1,0,CUST_MOHANA_002,180,Coimbatore,Tamil Nadu,Medium Risk / 12% Fraud Rate,M029,CloudDesk Digital,Software / Digital Services,Cloud Infrastructure & SaaS Tools,Bengaluru,Whitefield,Karnataka,560066,12.9698,77.7499,7,19800.0,24_HOURS,"ONLINE,CARD,TRANSFER",Cryptomining VM rental with stolen credit cards,0.058,145,4802.78,INR,PURCHASE,ONLINE,MOBILE_APP,0,0,Coimbatore,1.0,0,0,1,DEV-MOHANA-SAMSUNG-S23,mobile_android,0,BEN-CUST_MOHANA_002-TRUSTED,Trusted Household Vendor,13,1,2,17,0,0,0,None,Resolved Genuine,Standard Habitual Purchase,0
TXN-CUST_MOHANA_002-10248,2026-07-11 09:02:46,2026-07-11,09:02:46,9,5,1,0,CUST_MOHANA_002,180,Coimbatore,Tamil Nadu,Medium Risk / 12% Fraud Rate,M018,PageTurn Book House,Bookstore,"Academic, Fiction & Stationery",Trichy,Thillai Nagar,Tamil Nadu,620018,10.8282,78.6854,16,850.0,09:00-21:30,"POS,UPI,CARD,ONLINE",Low-value card testing bots,0.008,20,7207.83,INR,PURCHASE,ONLINE,MOBILE_APP,1,0,Coimbatore,5.0,0,0,1,DEV-MOHANA-SAMSUNG-S23,mobile_android,0,BEN-CUST_MOHANA_002-TRUSTED,Trusted Household Vendor,12,0,2,11,0,0,0,None,Resolved Genuine,Standard Habitual Purchase,0
TXN-CUST_MOHANA_002-10249,2026-07-11 10:29:32,2026-07-11,10:29:32,10,5,1,0,CUST_MOHANA_002,180,Coimbatore,Tamil Nadu,Medium Risk / 12% Fraud Rate,M008,BeanCircuit Cafe,Cafe,Specialty Coffee & Bakery,Bengaluru,Indiranagar,Karnataka,560038,12.9784,77.6408,3,650.0,07:30-23:00,"UPI,POS,CARD",QR code spoofing / fast velocity dining,0.009,22,5464.96,INR,PURCHASE,POS,MOBILE_APP,1,0,Coimbatore,5.0,0,0,1,DEV-MOHANA-SAMSUNG-S23,mobile_android,0,BEN-CUST_MOHANA_002-TRUSTED,Trusted Household Vendor,3,1,4,18,0,0,0,None,Resolved Genuine,Standard Habitual Purchase,0
TXN-CUST_MOHANA_002-10250,2026-07-11 11:56:00,2026-07-11,11:56:00,11,5,1,0,CUST_MOHANA_002,180,Coimbatore,Tamil Nadu,Medium Risk / 12% Fraud Rate,M001,NovaMart Fresh,Grocery & Supermarket,Supermarket / Hypermarket,Chennai,T Nagar,Tamil Nadu,600017,13.0418,80.2341,8,1250.0,07:00-22:30,"POS,UPI,CARD,ONLINE",Card testing / micro-burst velocity,0.012,30,4550.08,INR,PURCHASE,UPI,MOBILE_APP,1,0,Coimbatore,11.0,0,0,1,DEV-MOHANA-SAMSUNG-S23,mobile_android,0,BEN-CUST_MOHANA_002-TRUSTED,Trusted Household Vendor,7,0,1,11,0,0,0,None,Resolved Genuine,Standard Habitual Purchase,0
TXN-CUST_MOHANA_002-10251,2026-07-11 13:24:55,2026-07-11,13:24:55,13,5,1,0,CUST_MOHANA_002,180,Coimbatore,Tamil Nadu,Medium Risk / 12% Fraud Rate,M028,CraftCove Home Decor,Home Decor,Handicrafts & Art Pieces,Thanjavur,Medical College Road,Tamil Nadu,613004,10.7684,79.1245,8,7400.0,09:30-20:30,"POS,UPI,CARD,ONLINE",Cross-border tourist chargebacks,0.023,57,8299.97,INR,PURCHASE,ONLINE,MOBILE_APP,1,0,Coimbatore,4.0,0,0,1,DEV-MOHANA-SAMSUNG-S23,mobile_android,0,BEN-CUST_MOHANA_002-TRUSTED,Trusted Household Vendor,10,1,4,21,0,0,0,None,Resolved Genuine,Standard Habitual Purchase,0
TXN-CUST_MOHANA_002-10252,2026-07-11 14:48:55,2026-07-11,14:48:55,14,5,1,0,CUST_MOHANA_002,180,Coimbatore,Tamil Nadu,Medium Risk / 12% Fraud Rate,M013,CartNest Online,E-commerce,Multi-category Marketplace,Chennai,Guindy,Tamil Nadu,600032,13.0067,80.2026,5,6200.0,24_HOURS,"ONLINE,UPI,CARD,NETBANKING",Account takeover + triangulation shipping fraud,0.045,112,9040.93,INR,PURCHASE,UPI,MOBILE_APP,0,0,Coimbatore,11.0,0,0,1,DEV-MOHANA-SAMSUNG-S23,mobile_android,0,BEN-CUST_MOHANA_002-TRUSTED,Trusted Household Vendor,5,0,1,14,0,0,0,None,Resolved Genuine,Standard Habitual Purchase,0
TXN-CUST_MOHANA_002-10253,2026-07-11 16:13:11,2026-07-11,16:13:11,16,5,1,0,CUST_MOHANA_002,180,Coimbatore,Tamil Nadu,Medium Risk / 12% Fraud Rate,M025,ShieldSure Services,Insurance Services,General & Health Insurance Premium,Chennai,Egmore,Tamil Nadu,600008,13.0784,80.2607,13,14000.0,09:30-18:00,"ONLINE,NETBANKING,CARD",Premium diversion / fake policy payment slips,0.019,47,4093.54,INR,PURCHASE,ONLINE,MOBILE_APP,0,0,Coimbatore,9.0,0,0,1,DEV-MOHANA-SAMSUNG-S23,mobile_android,0,BEN-CUST_MOHANA_002-TRUSTED,Trusted Household Vendor,12,0,1,9,0,0,0,None,Resolved Genuine,Standard Habitual Purchase,0
TXN-CUST_MOHANA_002-10254,2026-07-11 17:40:21,2026-07-11,17:40:21,17,5,1,0,CUST_MOHANA_002,180,Coimbatore,Tamil Nadu,Medium Risk / 12% Fraud Rate,M014,OakLine Furnishings,Furniture,Teak Wood & Modern Home Decor,Madurai,Bypass Road,Tamil Nadu,625016,9.932,78.109,12,38000.0,10:00-21:00,"POS,CARD,TRANSFER,EMI",Invoice redirection fraud / fake payment slips,0.029,72,11965.66,INR,PURCHASE,POS,MOBILE_APP,1,0,Coimbatore,6.0,0,0,1,DEV-MOHANA-SAMSUNG-S23,mobile_android,0,BEN-CUST_MOHANA_002-TRUSTED,Trusted Household Vendor,9,0,3,20,0,0,0,None,Resolved Genuine,Standard Habitual Purchase,0
TXN-CUST_MOHANA_002-10255,2026-07-11 19:04:00,2026-07-11,19:04:00,19,5,1,0,CUST_MOHANA_002,180,Coimbatore,Tamil Nadu,Medium Risk / 12% Fraud Rate,M011,SkyTrail Travels,Travel Agency,Flight & International Tour Packages,Coimbatore,Gandhipuram,Tamil Nadu,641012,11.0183,76.9664,11,44000.0,09:00-20:00,"ONLINE,TRANSFER,CARD",Mule-account ticket arbitrage & fast cancellation fraud,0.052,130,11362.45,INR,PURCHASE,TRANSFER,MOBILE_APP,0,0,Coimbatore,1.0,0,0,1,DEV-MOHANA-SAMSUNG-S23,mobile_android,0,BEN-CUST_MOHANA_002-TRUSTED,Trusted Household Vendor,9,1,3,17,0,0,0,None,Resolved Genuine,Standard Habitual Purchase,0
TXN-CUST_MOHANA_002-10256,2026-07-11 20:31:54,2026-07-11,20:31:54,20,5,1,0,CUST_MOHANA_002,180,Coimbatore,Tamil Nadu,Medium Risk / 12% Fraud Rate,M005,UrbanThread Studio,Fashion / Apparel,Designer & Ready-to-wear,Chennai,Anna Nagar,Tamil Nadu,600040,13.085,80.2101,5,4800.0,10:30-22:00,"POS,ONLINE,UPI,CARD",Refund abuse / credential stuffing,0.022,55,8289.53,INR,PURCHASE,ONLINE,MOBILE_APP,1,0,Coimbatore,13.0,0,0,1,DEV-MOHANA-SAMSUNG-S23,mobile_android,0,BEN-CUST_MOHANA_002-TRUSTED,Trusted Household Vendor,13,0,4,21,0,0,0,None,Resolved Genuine,Standard Habitual Purchase,0
TXN-CUST_MOHANA_002-10257,2026-07-11 21:58:53,2026-07-11,21:58:53,21,5,1,0,CUST_MOHANA_002,180,Coimbatore,Tamil Nadu,Medium Risk / 12% Fraud Rate,M010,HarborView Residency,Hotel / Hospitality,Business & Luxury Hotel,Chennai,OMR,Tamil Nadu,600096,12.9165,80.2285,6,9500.0,24_HOURS,"ONLINE,POS,CARD,TRANSFER",Online travel booking fraud with stolen corporate credentials,0.041,102,8470.76,INR,PURCHASE,ONLINE,MOBILE_APP,1,0,Coimbatore,2.0,0,0,1,DEV-MOHANA-SAMSUNG-S23,mobile_android,0,BEN-CUST_MOHANA_002-TRUSTED,Trusted Household Vendor,9,0,1,14,0,0,0,None,Resolved Genuine,Standard Habitual Purchase,0
TXN-CUST_MOHANA_002-10258,2026-07-11 23:22:48,2026-07-11,23:22:48,23,5,1,1,CUST_MOHANA_002,180,Coimbatore,Tamil Nadu,Medium Risk / 12% Fraud Rate,M029,CloudDesk Digital,Software / Digital Services,Cloud Infrastructure & SaaS Tools,Bengaluru,Whitefield,Karnataka,560066,12.9698,77.7499,7,19800.0,24_HOURS,"ONLINE,CARD,TRANSFER",Cryptomining VM rental with stolen credit cards,0.058,145,11325.89,INR,PURCHASE,CARD,MOBILE_APP,0,0,Coimbatore,13.0,0,0,1,DEV-MOHANA-SAMSUNG-S23,mobile_android,0,BEN-CUST_MOHANA_002-TRUSTED,Trusted Household Vendor,7,0,3,18,0,0,0,None,Resolved Genuine,Standard Habitual Purchase,0
TXN-CUST_MOHANA_002-10259,2026-07-12 00:48:59,2026-07-12,00:48:59,0,6,1,1,CUST_MOHANA_002,180,Coimbatore,Tamil Nadu,Medium Risk / 12% Fraud Rate,M026,GreenLeaf Wellness,Health & Wellness,Organic Nutrition & Ayurveda,Trichy,Srirangam,Tamil Nadu,620006,10.8624,78.6947,6,2100.0,08:00-21:00,"POS,UPI,ONLINE,CARD",Subscription card stuffing,0.013,32,13464.12,INR,PURCHASE,CARD,MOBILE_APP,1,0,Coimbatore,6.0,0,0,1,DEV-MOHANA-SAMSUNG-S23,mobile_android,0,BEN-CUST_MOHANA_002-TRUSTED,Trusted Household Vendor,7,0,3,22,0,0,0,None,Resolved Genuine,Standard Habitual Purchase,0
TXN-CUST_MOHANA_002-10260,2026-07-12 02:15:19,2026-07-12,02:15:19,2,6,1,1,CUST_MOHANA_002,180,Coimbatore,Tamil Nadu,Medium Risk / 12% Fraud Rate,M025,ShieldSure Services,Insurance Services,General & Health Insurance Premium,Chennai,Egmore,Tamil Nadu,600008,13.0784,80.2607,13,14000.0,09:30-18:00,"ONLINE,NETBANKING,CARD",Premium diversion / fake policy payment slips,0.019,47,12285.82,INR,PURCHASE,NETBANKING,MOBILE_APP,0,0,Coimbatore,12.0,0,0,1,DEV-MOHANA-SAMSUNG-S23,mobile_android,0,BEN-CUST_MOHANA_002-TRUSTED,Trusted Household Vendor,10,0,2,11,0,0,0,None,Resolved Genuine,Standard Habitual Purchase,0
TXN-CUST_MOHANA_002-10261,2026-07-12 03:42:52,2026-07-12,03:42:52,3,6,1,1,CUST_MOHANA_002,180,Coimbatore,Tamil Nadu,Medium Risk / 12% Fraud Rate,M011,SkyTrail Travels,Travel Agency,Flight & International Tour Packages,Coimbatore,Gandhipuram,Tamil Nadu,641012,11.0183,76.9664,11,44000.0,09:00-20:00,"ONLINE,TRANSFER,CARD",Mule-account ticket arbitrage & fast cancellation fraud,0.052,130,8833.94,INR,PURCHASE,TRANSFER,MOBILE_APP,0,0,Coimbatore,10.0,0,0,1,DEV-MOHANA-SAMSUNG-S23,mobile_android,0,BEN-CUST_MOHANA_002-TRUSTED,Trusted Household Vendor,13,0,3,18,0,0,0,None,Resolved Genuine,Standard Habitual Purchase,0
TXN-CUST_MOHANA_002-10262,2026-07-12 05:11:31,2026-07-12,05:11:31,5,6,1,1,CUST_MOHANA_002,180,Coimbatore,Tamil Nadu,Medium Risk / 12% Fraud Rate,M020,GameGrid Arena,Gaming,"Esports, Consoles & Virtual Credits",Bengaluru,Koramangala,Karnataka,560095,12.9352,77.6245,4,3400.0,10:00-01:00,"ONLINE,UPI,CARD,WALLET",Virtual item laundering & bot-driven micro transactions,0.055,137,8637.88,INR,PURCHASE,UPI,MOBILE_APP,0,0,Coimbatore,6.0,0,0,1,DEV-MOHANA-SAMSUNG-S23,mobile_android,0,BEN-CUST_MOHANA_002-TRUSTED,Trusted Household Vendor,6,0,3,19,0,0,0,None,Resolved Genuine,Standard Habitual Purchase,0
TXN-CUST_MOHANA_002-10263,2026-07-12 06:40:45,2026-07-12,06:40:45,6,6,1,0,CUST_MOHANA_002,180,Coimbatore,Tamil Nadu,Medium Risk / 12% Fraud Rate,M007,SpiceRoute Kitchen,Restaurant,Fine Dining & Chettinad,Chennai,Adyar,Tamil Nadu,600020,13.0012,80.2565,7,2200.0,11:30-23:30,"POS,UPI,CARD",Cloned card POS terminal replay,0.018,45,11822.5,INR,PURCHASE,CARD,MOBILE_APP,1,0,Coimbatore,9.0,0,0,1,DEV-MOHANA-SAMSUNG-S23,mobile_android,0,BEN-CUST_MOHANA_002-TRUSTED,Trusted Household Vendor,7,0,3,20,0,0,0,None,Resolved Genuine,Standard Habitual Purchase,0
TXN-CUST_MOHANA_002-10264,2026-07-12 08:08:10,2026-07-12,08:08:10,8,6,1,0,CUST_MOHANA_002,180,Coimbatore,Tamil Nadu,Medium Risk / 12% Fraud Rate,M007,SpiceRoute Kitchen,Restaurant,Fine Dining & Chettinad,Chennai,Adyar,Tamil Nadu,600020,13.0012,80.2565,7,2200.0,11:30-23:30,"POS,UPI,CARD",Cloned card POS terminal replay,0.018,45,6326.41,INR,P2P_TRANSFER,UPI,MOBILE_APP,0,0,Mumbai,1088.0,1,0,1,DEV-MOHANA-SAMSUNG-S23,mobile_android,1,BEN-NEW-802,Global Flight Booking,0,4,6,34,1,0,0,Geographic Anomaly / High Ticket Spike,Review Required,Sudden location velocity jump with new merchant,1
TXN-CUST_MOHANA_002-10265,2026-07-12 09:34:53,2026-07-12,09:34:53,9,6,1,0,CUST_MOHANA_002,180,Coimbatore,Tamil Nadu,Medium Risk / 12% Fraud Rate,M007,SpiceRoute Kitchen,Restaurant,Fine Dining & Chettinad,Chennai,Adyar,Tamil Nadu,600020,13.0012,80.2565,7,2200.0,11:30-23:30,"POS,UPI,CARD",Cloned card POS terminal replay,0.018,45,11539.91,INR,PURCHASE,CARD,MOBILE_APP,1,0,Coimbatore,10.0,0,0,1,DEV-MOHANA-SAMSUNG-S23,mobile_android,0,BEN-CUST_MOHANA_002-TRUSTED,Trusted Household Vendor,14,0,1,10,0,0,0,None,Resolved Genuine,Standard Habitual Purchase,0
TXN-CUST_MOHANA_002-10266,2026-07-12 11:02:07,2026-07-12,11:02:07,11,6,1,0,CUST_MOHANA_002,180,Coimbatore,Tamil Nadu,Medium Risk / 12% Fraud Rate,M007,SpiceRoute Kitchen,Restaurant,Fine Dining & Chettinad,Chennai,Adyar,Tamil Nadu,600020,13.0012,80.2565,7,2200.0,11:30-23:30,"POS,UPI,CARD",Cloned card POS terminal replay,0.018,45,9500.94,INR,PURCHASE,UPI,MOBILE_APP,1,0,Coimbatore,11.0,0,0,1,DEV-MOHANA-SAMSUNG-S23,mobile_android,0,BEN-CUST_MOHANA_002-TRUSTED,Trusted Household Vendor,13,0,2,15,0,0,0,None,Resolved Genuine,Standard Habitual Purchase,0
TXN-CUST_MOHANA_002-10267,2026-07-12 12:26:59,2026-07-12,12:26:59,12,6,1,0,CUST_MOHANA_002,180,Coimbatore,Tamil Nadu,Medium Risk / 12% Fraud Rate,M016,MotoCare Garage,Auto Service,Car Service & Detailing Hub,Chennai,Pallikaranai,Tamil Nadu,600100,12.9372,80.2014,7,8900.0,08:30-20:30,"POS,UPI,CARD",Over-invoicing / synthetic card payments,0.021,52,10713.82,INR,PURCHASE,UPI,MOBILE_APP,1,0,Coimbatore,15.0,0,0,1,DEV-MOHANA-SAMSUNG-S23,mobile_android,0,BEN-CUST_MOHANA_002-TRUSTED,Trusted Household Vendor,5,0,3,15,0,0,0,None,Resolved Genuine,Standard Habitual Purchase,0
TXN-CUST_MOHANA_002-10268,2026-07-12 13:51:54,2026-07-12,13:51:54,13,6,1,0,CUST_MOHANA_002,180,Coimbatore,Tamil Nadu,Medium Risk / 12% Fraud Rate,M013,CartNest Online,E-commerce,Multi-category Marketplace,Chennai,Guindy,Tamil Nadu,600032,13.0067,80.2026,5,6200.0,24_HOURS,"ONLINE,UPI,CARD,NETBANKING",Account takeover + triangulation shipping fraud,0.045,112,11693.77,INR,PURCHASE,CARD,MOBILE_APP,0,0,Coimbatore,7.0,0,0,1,DEV-MOHANA-SAMSUNG-S23,mobile_android,0,BEN-CUST_MOHANA_002-TRUSTED,Trusted Household Vendor,15,1,2,17,0,0,0,None,Resolved Genuine,Standard Habitual Purchase,0
TXN-CUST_MOHANA_002-10269,2026-07-12 15:18:02,2026-07-12,15:18:02,15,6,1,0,CUST_MOHANA_002,180,Coimbatore,Tamil Nadu,Medium Risk / 12% Fraud Rate,M018,PageTurn Book House,Bookstore,"Academic, Fiction & Stationery",Trichy,Thillai Nagar,Tamil Nadu,620018,10.8282,78.6854,16,850.0,09:00-21:30,"POS,UPI,CARD,ONLINE",Low-value card testing bots,0.008,20,9352.55,INR,PURCHASE,CARD,MOBILE_APP,1,0,Coimbatore,5.0,0,0,1,DEV-MOHANA-SAMSUNG-S23,mobile_android,0,BEN-CUST_MOHANA_002-TRUSTED,Trusted Household Vendor,6,0,4,18,0,0,0,None,Resolved Genuine,Standard Habitual Purchase,0
TXN-CUST_MOHANA_002-10270,2026-07-12 16:47:19,2026-07-12,16:47:19,16,6,1,0,CUST_MOHANA_002,180,Coimbatore,Tamil Nadu,Medium Risk / 12% Fraud Rate,M021,GlowCraft Salon,Salon / Beauty,Spa & Grooming Studio,Chennai,Porur,Tamil Nadu,600116,13.0382,80.1565,5,2800.0,09:00-21:00,"POS,UPI,CARD",Unusual late-night transaction spikes,0.011,27,13413.31,INR,PURCHASE,UPI,MOBILE_APP,1,0,Coimbatore,10.0,0,0,1,DEV-MOHANA-SAMSUNG-S23,mobile_android,0,BEN-CUST_MOHANA_002-TRUSTED,Trusted Household Vendor,9,1,4,19,0,0,0,None,Resolved Genuine,Standard Habitual Purchase,0
TXN-CUST_MOHANA_002-10271,2026-07-12 18:11:33,2026-07-12,18:11:33,18,6,1,0,CUST_MOHANA_002,180,Coimbatore,Tamil Nadu,Medium Risk / 12% Fraud Rate,M004,Aurelia Gold House,Jewellery,Gold & Diamond Jewellery,Coimbatore,RS Puram,Tamil Nadu,641002,11.0089,76.9514,14,78000.0,10:00-20:30,"POS,CARD,TRANSFER",Account takeover / card-not-present luxury surge,0.065,162,7085.62,INR,PURCHASE,CARD,MOBILE_APP,1,0,Coimbatore,13.0,0,0,1,DEV-MOHANA-SAMSUNG-S23,mobile_android,0,BEN-CUST_MOHANA_002-TRUSTED,Trusted Household Vendor,4,0,1,7,0,0,0,None,Resolved Genuine,Standard Habitual Purchase,0
TXN-CUST_MOHANA_002-10272,2026-07-12 19:38:15,2026-07-12,19:38:15,19,6,1,0,CUST_MOHANA_002,180,Coimbatore,Tamil Nadu,Medium Risk / 12% Fraud Rate,M009,RapidFuel Station,Fuel Station,"Petrol, Diesel & EV Fast Charge",Salem,Fairlands,Tamil Nadu,636016,11.6643,78.146,9,3100.0,24_HOURS,"POS,FLEET_CARD,UPI",Automated fleet card skimming,0.024,60,6133.01,INR,PURCHASE,UPI,WEB_PORTAL,0,0,Hyderabad,733.0,1,1,0,DEV-LAPTOP-CHROME-860,web_browser,0,BEN-CUST_MOHANA_002-01,Self Family Transfer,3,2,4,18,1,0,0,Geographic Anomaly / High Ticket Spike,Review Required,Sudden location velocity jump with new merchant,1
TXN-CUST_MOHANA_002-10273,2026-07-12 21:01:42,2026-07-12,21:01:42,21,6,1,0,CUST_MOHANA_002,180,Coimbatore,Tamil Nadu,Medium Risk / 12% Fraud Rate,M011,SkyTrail Travels,Travel Agency,Flight & International Tour Packages,Coimbatore,Gandhipuram,Tamil Nadu,641012,11.0183,76.9664,11,44000.0,09:00-20:00,"ONLINE,TRANSFER,CARD",Mule-account ticket arbitrage & fast cancellation fraud,0.052,130,13363.73,INR,PURCHASE,ONLINE,MOBILE_APP,0,0,Coimbatore,12.0,0,0,1,DEV-MOHANA-SAMSUNG-S23,mobile_android,0,BEN-CUST_MOHANA_002-TRUSTED,Trusted Household Vendor,6,0,4,21,0,0,0,None,Resolved Genuine,Standard Habitual Purchase,0
TXN-CUST_MOHANA_002-10274,2026-07-12 22:28:49,2026-07-12,22:28:49,22,6,1,0,CUST_MOHANA_002,180,Coimbatore,Tamil Nadu,Medium Risk / 12% Fraud Rate,M019,ArenaSport World,Sports Retail,Fitness Equipment & Sports Wear,Chennai,Nungambakkam,Tamil Nadu,600034,13.0604,80.2405,6,5600.0,10:00-21:30,"POS,ONLINE,UPI,CARD",Stolen card chargeback on premium sports gear,0.026,65,11067.61,INR,PURCHASE,POS,MOBILE_APP,1,0,Coimbatore,15.0,0,0,1,DEV-MOHANA-SAMSUNG-S23,mobile_android,0,BEN-CUST_MOHANA_002-TRUSTED,Trusted Household Vendor,5,0,2,18,0,0,0,None,Resolved Genuine,Standard Habitual Purchase,0
TXN-CUST_MOHANA_002-10275,2026-07-12 23:55:43,2026-07-12,23:55:43,23,6,1,1,CUST_MOHANA_002,180,Coimbatore,Tamil Nadu,Medium Risk / 12% Fraud Rate,M025,ShieldSure Services,Insurance Services,General & Health Insurance Premium,Chennai,Egmore,Tamil Nadu,600008,13.0784,80.2607,13,14000.0,09:30-18:00,"ONLINE,NETBANKING,CARD",Premium diversion / fake policy payment slips,0.019,47,5642.7,INR,PURCHASE,CARD,MOBILE_APP,0,0,Coimbatore,13.0,0,0,1,DEV-MOHANA-SAMSUNG-S23,mobile_android,0,BEN-CUST_MOHANA_002-TRUSTED,Trusted Household Vendor,6,0,4,18,0,0,0,None,Resolved Genuine,Standard Habitual Purchase,0
TXN-CUST_MOHANA_002-10276,2026-07-13 01:24:51,2026-07-13,01:24:51,1,0,0,1,CUST_MOHANA_002,180,Coimbatore,Tamil Nadu,Medium Risk / 12% Fraud Rate,M003,Pulse Mobile Hub,Mobile Store,Smartphones & Accessories,Chennai,Tambaram,Tamil Nadu,600045,12.9249,80.1278,4,18500.0,09:30-21:30,"POS,UPI,CARD",New device abuse / rapid checkout surge,0.035,87,9226.65,INR,PURCHASE,UPI,MOBILE_APP,1,0,Coimbatore,10.0,0,0,1,DEV-MOHANA-SAMSUNG-S23,mobile_android,0,BEN-CUST_MOHANA_002-TRUSTED,Trusted Household Vendor,15,0,3,15,0,0,0,None,Resolved Genuine,Standard Habitual Purchase,0
TXN-CUST_MOHANA_002-10277,2026-07-13 02:48:49,2026-07-13,02:48:49,2,0,0,1,CUST_MOHANA_002,180,Coimbatore,Tamil Nadu,Medium Risk / 12% Fraud Rate,M028,CraftCove Home Decor,Home Decor,Handicrafts & Art Pieces,Thanjavur,Medical College Road,Tamil Nadu,613004,10.7684,79.1245,8,7400.0,09:30-20:30,"POS,UPI,CARD,ONLINE",Cross-border tourist chargebacks,0.023,57,7545.3,INR,PURCHASE,UPI,MOBILE_APP,1,0,Coimbatore,4.0,0,0,1,DEV-MOHANA-SAMSUNG-S23,mobile_android,0,BEN-CUST_MOHANA_002-TRUSTED,Trusted Household Vendor,5,0,2,14,0,0,0,None,Resolved Genuine,Standard Habitual Purchase,0
TXN-CUST_MOHANA_002-10278,2026-07-13 04:12:52,2026-07-13,04:12:52,4,0,0,1,CUST_MOHANA_002,180,Coimbatore,Tamil Nadu,Medium Risk / 12% Fraud Rate,M008,BeanCircuit Cafe,Cafe,Specialty Coffee & Bakery,Bengaluru,Indiranagar,Karnataka,560038,12.9784,77.6408,3,650.0,07:30-23:00,"UPI,POS,CARD",QR code spoofing / fast velocity dining,0.009,22,10245.85,INR,PURCHASE,UPI,MOBILE_APP,1,0,Coimbatore,7.0,0,0,1,DEV-MOHANA-SAMSUNG-S23,mobile_android,0,BEN-CUST_MOHANA_002-TRUSTED,Trusted Household Vendor,10,0,4,21,0,0,0,None,Resolved Genuine,Standard Habitual Purchase,0
TXN-CUST_MOHANA_002-10279,2026-07-13 05:36:52,2026-07-13,05:36:52,5,0,0,1,CUST_MOHANA_002,180,Coimbatore,Tamil Nadu,Medium Risk / 12% Fraud Rate,M003,Pulse Mobile Hub,Mobile Store,Smartphones & Accessories,Chennai,Tambaram,Tamil Nadu,600045,12.9249,80.1278,4,18500.0,09:30-21:30,"POS,UPI,CARD",New device abuse / rapid checkout surge,0.035,87,7567.05,INR,PURCHASE,UPI,MOBILE_APP,1,0,Coimbatore,8.0,0,0,1,DEV-MOHANA-SAMSUNG-S23,mobile_android,0,BEN-CUST_MOHANA_002-TRUSTED,Trusted Household Vendor,12,0,4,18,0,0,0,None,Resolved Genuine,Standard Habitual Purchase,0
TXN-CUST_MOHANA_002-10280,2026-07-13 07:03:31,2026-07-13,07:03:31,7,0,0,0,CUST_MOHANA_002,180,Coimbatore,Tamil Nadu,Medium Risk / 12% Fraud Rate,M009,RapidFuel Station,Fuel Station,"Petrol, Diesel & EV Fast Charge",Salem,Fairlands,Tamil Nadu,636016,11.6643,78.146,9,3100.0,24_HOURS,"POS,FLEET_CARD,UPI",Automated fleet card skimming,0.024,60,5492.31,INR,PURCHASE,POS,MOBILE_APP,1,0,Coimbatore,11.0,0,0,1,DEV-MOHANA-SAMSUNG-S23,mobile_android,0,BEN-CUST_MOHANA_002-TRUSTED,Trusted Household Vendor,8,0,3,21,0,0,0,None,Resolved Genuine,Standard Habitual Purchase,0
TXN-CUST_MOHANA_002-10281,2026-07-13 08:29:58,2026-07-13,08:29:58,8,0,0,0,CUST_MOHANA_002,180,Coimbatore,Tamil Nadu,Medium Risk / 12% Fraud Rate,M013,CartNest Online,E-commerce,Multi-category Marketplace,Chennai,Guindy,Tamil Nadu,600032,13.0067,80.2026,5,6200.0,24_HOURS,"ONLINE,UPI,CARD,NETBANKING",Account takeover + triangulation shipping fraud,0.045,112,11949.83,INR,PURCHASE,ONLINE,MOBILE_APP,0,0,Coimbatore,10.0,0,0,1,DEV-MOHANA-SAMSUNG-S23,mobile_android,0,BEN-CUST_MOHANA_002-TRUSTED,Trusted Household Vendor,14,0,2,16,0,0,0,None,Resolved Genuine,Standard Habitual Purchase,0
TXN-CUST_MOHANA_002-10282,2026-07-13 09:54:22,2026-07-13,09:54:22,9,0,0,0,CUST_MOHANA_002,180,Coimbatore,Tamil Nadu,Medium Risk / 12% Fraud Rate,M013,CartNest Online,E-commerce,Multi-category Marketplace,Chennai,Guindy,Tamil Nadu,600032,13.0067,80.2026,5,6200.0,24_HOURS,"ONLINE,UPI,CARD,NETBANKING",Account takeover + triangulation shipping fraud,0.045,112,5512.74,INR,PURCHASE,CARD,MOBILE_APP,0,0,Coimbatore,6.0,0,0,1,DEV-MOHANA-SAMSUNG-S23,mobile_android,0,BEN-CUST_MOHANA_002-TRUSTED,Trusted Household Vendor,6,0,3,17,0,0,0,None,Resolved Genuine,Standard Habitual Purchase,0
TXN-CUST_MOHANA_002-10283,2026-07-13 11:20:03,2026-07-13,11:20:03,11,0,0,0,CUST_MOHANA_002,180,Coimbatore,Tamil Nadu,Medium Risk / 12% Fraud Rate,M029,CloudDesk Digital,Software / Digital Services,Cloud Infrastructure & SaaS Tools,Bengaluru,Whitefield,Karnataka,560066,12.9698,77.7499,7,19800.0,24_HOURS,"ONLINE,CARD,TRANSFER",Cryptomining VM rental with stolen credit cards,0.058,145,8191.07,INR,PURCHASE,TRANSFER,MOBILE_APP,0,0,Coimbatore,1.0,0,0,1,DEV-MOHANA-SAMSUNG-S23,mobile_android,0,BEN-CUST_MOHANA_002-TRUSTED,Trusted Household Vendor,13,0,2,11,0,0,0,None,Resolved Genuine,Standard Habitual Purchase,0
TXN-CUST_MOHANA_002-10284,2026-07-13 12:46:10,2026-07-13,12:46:10,12,0,0,0,CUST_MOHANA_002,180,Coimbatore,Tamil Nadu,Medium Risk / 12% Fraud Rate,M026,GreenLeaf Wellness,Health & Wellness,Organic Nutrition & Ayurveda,Trichy,Srirangam,Tamil Nadu,620006,10.8624,78.6947,6,2100.0,08:00-21:00,"POS,UPI,ONLINE,CARD",Subscription card stuffing,0.013,32,3623.17,INR,PURCHASE,CARD,MOBILE_APP,1,0,Coimbatore,10.0,0,0,1,DEV-MOHANA-SAMSUNG-S23,mobile_android,0,BEN-CUST_MOHANA_002-TRUSTED,Trusted Household Vendor,3,0,4,24,0,0,0,None,Resolved Genuine,Standard Habitual Purchase,0
TXN-CUST_MOHANA_002-10285,2026-07-13 14:13:54,2026-07-13,14:13:54,14,0,0,0,CUST_MOHANA_002,180,Coimbatore,Tamil Nadu,Medium Risk / 12% Fraud Rate,M014,OakLine Furnishings,Furniture,Teak Wood & Modern Home Decor,Madurai,Bypass Road,Tamil Nadu,625016,9.932,78.109,12,38000.0,10:00-21:00,"POS,CARD,TRANSFER,EMI",Invoice redirection fraud / fake payment slips,0.029,72,4312.5,INR,PURCHASE,TRANSFER,MOBILE_APP,1,0,Coimbatore,5.0,0,0,1,DEV-MOHANA-SAMSUNG-S23,mobile_android,0,BEN-CUST_MOHANA_002-TRUSTED,Trusted Household Vendor,8,0,3,21,0,0,0,None,Resolved Genuine,Standard Habitual Purchase,0
TXN-CUST_MOHANA_002-10286,2026-07-13 15:38:15,2026-07-13,15:38:15,15,0,0,0,CUST_MOHANA_002,180,Coimbatore,Tamil Nadu,Medium Risk / 12% Fraud Rate,M008,BeanCircuit Cafe,Cafe,Specialty Coffee & Bakery,Bengaluru,Indiranagar,Karnataka,560038,12.9784,77.6408,3,650.0,07:30-23:00,"UPI,POS,CARD",QR code spoofing / fast velocity dining,0.009,22,12107.2,INR,PURCHASE,POS,MOBILE_APP,1,0,Coimbatore,11.0,0,0,1,DEV-MOHANA-SAMSUNG-S23,mobile_android,0,BEN-CUST_MOHANA_002-TRUSTED,Trusted Household Vendor,3,0,2,15,0,0,0,None,Resolved Genuine,Standard Habitual Purchase,0
TXN-CUST_MOHANA_002-10287,2026-07-13 17:01:57,2026-07-13,17:01:57,17,0,0,0,CUST_MOHANA_002,180,Coimbatore,Tamil Nadu,Medium Risk / 12% Fraud Rate,M008,BeanCircuit Cafe,Cafe,Specialty Coffee & Bakery,Bengaluru,Indiranagar,Karnataka,560038,12.9784,77.6408,3,650.0,07:30-23:00,"UPI,POS,CARD",QR code spoofing / fast velocity dining,0.009,22,4317.72,INR,PURCHASE,UPI,MOBILE_APP,1,0,Coimbatore,15.0,0,0,1,DEV-MOHANA-SAMSUNG-S23,mobile_android,0,BEN-CUST_MOHANA_002-TRUSTED,Trusted Household Vendor,7,1,1,14,0,0,0,None,Resolved Genuine,Standard Habitual Purchase,0
TXN-CUST_MOHANA_002-10288,2026-07-13 18:30:56,2026-07-13,18:30:56,18,0,0,0,CUST_MOHANA_002,180,Coimbatore,Tamil Nadu,Medium Risk / 12% Fraud Rate,M015,HomeSphere Appliances,Home Appliances,"Refrigerators, ACs & Kitchen Tech",Coimbatore,Saibaba Colony,Tamil Nadu,641011,11.0315,76.945,9,27500.0,09:30-21:00,"POS,EMI,CARD,UPI",Carding attacks with immediate in-store pickup,0.038,95,4920.1,INR,PURCHASE,EMI,MOBILE_APP,1,0,Coimbatore,3.0,0,0,1,DEV-MOHANA-SAMSUNG-S23,mobile_android,0,BEN-CUST_MOHANA_002-TRUSTED,Trusted Household Vendor,5,0,3,20,0,0,0,None,Resolved Genuine,Standard Habitual Purchase,0
TXN-CUST_MOHANA_002-10289,2026-07-13 19:56:12,2026-07-13,19:56:12,19,0,0,0,CUST_MOHANA_002,180,Coimbatore,Tamil Nadu,Medium Risk / 12% Fraud Rate,M017,AutoForge Parts,Spare Parts,OEM Industrial & Auto Components,Hosur,Mookandapalli,Tamil Nadu,635126,12.7409,77.8253,15,16500.0,09:00-19:30,"TRANSFER,POS,CARD",Business email compromise / fake beneficiary update,0.033,82,4081.14,INR,PURCHASE,CARD,MOBILE_APP,1,0,Coimbatore,14.0,0,0,1,DEV-MOHANA-SAMSUNG-S23,mobile_android,0,BEN-CUST_MOHANA_002-TRUSTED,Trusted Household Vendor,12,1,1,8,0,0,0,None,Resolved Genuine,Standard Habitual Purchase,0
TXN-CUST_MOHANA_002-10290,2026-07-13 21:21:20,2026-07-13,21:21:20,21,0,0,0,CUST_MOHANA_002,180,Coimbatore,Tamil Nadu,Medium Risk / 12% Fraud Rate,M016,MotoCare Garage,Auto Service,Car Service & Detailing Hub,Chennai,Pallikaranai,Tamil Nadu,600100,12.9372,80.2014,7,8900.0,08:30-20:30,"POS,UPI,CARD",Over-invoicing / synthetic card payments,0.021,52,13008.56,INR,PURCHASE,POS,MOBILE_APP,1,0,Coimbatore,15.0,0,0,1,DEV-MOHANA-SAMSUNG-S23,mobile_android,0,BEN-CUST_MOHANA_002-TRUSTED,Trusted Household Vendor,15,1,1,7,0,0,0,None,Resolved Genuine,Standard Habitual Purchase,0
TXN-CUST_MOHANA_002-10291,2026-07-13 22:45:08,2026-07-13,22:45:08,22,0,0,0,CUST_MOHANA_002,180,Coimbatore,Tamil Nadu,Medium Risk / 12% Fraud Rate,M004,Aurelia Gold House,Jewellery,Gold & Diamond Jewellery,Coimbatore,RS Puram,Tamil Nadu,641002,11.0089,76.9514,14,78000.0,10:00-20:30,"POS,CARD,TRANSFER",Account takeover / card-not-present luxury surge,0.065,162,6144.25,INR,PURCHASE,CARD,MOBILE_APP,1,0,Coimbatore,13.0,0,0,1,DEV-MOHANA-SAMSUNG-S23,mobile_android,0,BEN-CUST_MOHANA_002-TRUSTED,Trusted Household Vendor,15,1,1,14,0,0,0,None,Resolved Genuine,Standard Habitual Purchase,0
TXN-CUST_MOHANA_002-10292,2026-07-14 00:13:06,2026-07-14,00:13:06,0,1,0,1,CUST_MOHANA_002,180,Coimbatore,Tamil Nadu,Medium Risk / 12% Fraud Rate,M024,LinkWave Telecom,Telecom Retail,Fiber Broadband & Postpaid Plans,Erode,Perundurai Road,Tamil Nadu,638011,11.341,77.7172,10,1950.0,09:30-20:30,"UPI,CARD,ONLINE,POS",SIM swap bill recharge surges,0.017,42,5225.02,INR,PURCHASE,UPI,MOBILE_APP,1,0,Coimbatore,9.0,0,0,1,DEV-MOHANA-SAMSUNG-S23,mobile_android,0,BEN-CUST_MOHANA_002-TRUSTED,Trusted Household Vendor,15,0,2,15,0,0,0,None,Resolved Genuine,Standard Habitual Purchase,0
TXN-CUST_MOHANA_002-10293,2026-07-14 01:41:38,2026-07-14,01:41:38,1,1,0,1,CUST_MOHANA_002,180,Coimbatore,Tamil Nadu,Medium Risk / 12% Fraud Rate,M025,ShieldSure Services,Insurance Services,General & Health Insurance Premium,Chennai,Egmore,Tamil Nadu,600008,13.0784,80.2607,13,14000.0,09:30-18:00,"ONLINE,NETBANKING,CARD",Premium diversion / fake policy payment slips,0.019,47,6177.84,INR,PURCHASE,ONLINE,MOBILE_APP,0,0,Coimbatore,14.0,0,0,1,DEV-MOHANA-SAMSUNG-S23,mobile_android,0,BEN-CUST_MOHANA_002-TRUSTED,Trusted Household Vendor,9,1,1,8,0,0,0,None,Resolved Genuine,Standard Habitual Purchase,0
TXN-CUST_MOHANA_002-10294,2026-07-14 03:05:20,2026-07-14,03:05:20,3,1,0,1,CUST_MOHANA_002,180,Coimbatore,Tamil Nadu,Medium Risk / 12% Fraud Rate,M005,UrbanThread Studio,Fashion / Apparel,Designer & Ready-to-wear,Chennai,Anna Nagar,Tamil Nadu,600040,13.085,80.2101,5,4800.0,10:30-22:00,"POS,ONLINE,UPI,CARD",Refund abuse / credential stuffing,0.022,55,12034.68,INR,PURCHASE,UPI,MOBILE_APP,1,0,Coimbatore,4.0,0,0,1,DEV-MOHANA-SAMSUNG-S23,mobile_android,0,BEN-CUST_MOHANA_002-TRUSTED,Trusted Household Vendor,12,0,3,21,0,0,0,None,Resolved Genuine,Standard Habitual Purchase,0
TXN-CUST_MOHANA_002-10295,2026-07-14 04:30:12,2026-07-14,04:30:12,4,1,0,1,CUST_MOHANA_002,180,Coimbatore,Tamil Nadu,Medium Risk / 12% Fraud Rate,M006,MedicoCare Pharmacy,Pharmacy,Medicines & Surgical Supplies,Madurai,KK Nagar,Tamil Nadu,625020,9.9252,78.1498,10,1450.0,24_HOURS,"POS,UPI,CARD,ONLINE",Nighttime micro card testing,0.015,37,10644.13,INR,PURCHASE,ONLINE,MOBILE_APP,1,0,Coimbatore,12.0,0,0,1,DEV-MOHANA-SAMSUNG-S23,mobile_android,0,BEN-CUST_MOHANA_002-TRUSTED,Trusted Household Vendor,4,0,1,8,0,0,0,None,Resolved Genuine,Standard Habitual Purchase,0
TXN-CUST_MOHANA_002-10296,2026-07-14 05:53:36,2026-07-14,05:53:36,5,1,0,1,CUST_MOHANA_002,180,Coimbatore,Tamil Nadu,Medium Risk / 12% Fraud Rate,M015,HomeSphere Appliances,Home Appliances,"Refrigerators, ACs & Kitchen Tech",Coimbatore,Saibaba Colony,Tamil Nadu,641011,11.0315,76.945,9,27500.0,09:30-21:00,"POS,EMI,CARD,UPI",Carding attacks with immediate in-store pickup,0.038,95,8794.71,INR,PURCHASE,UPI,MOBILE_APP,1,0,Coimbatore,8.0,0,0,1,DEV-MOHANA-SAMSUNG-S23,mobile_android,0,BEN-CUST_MOHANA_002-TRUSTED,Trusted Household Vendor,11,0,4,26,0,0,0,None,Resolved Genuine,Standard Habitual Purchase,0
TXN-CUST_MOHANA_002-10297,2026-07-14 07:19:48,2026-07-14,07:19:48,7,1,0,0,CUST_MOHANA_002,180,Coimbatore,Tamil Nadu,Medium Risk / 12% Fraud Rate,M021,GlowCraft Salon,Salon / Beauty,Spa & Grooming Studio,Chennai,Porur,Tamil Nadu,600116,13.0382,80.1565,5,2800.0,09:00-21:00,"POS,UPI,CARD",Unusual late-night transaction spikes,0.011,27,13021.51,INR,PURCHASE,UPI,MOBILE_APP,1,0,Coimbatore,6.0,0,0,1,DEV-MOHANA-SAMSUNG-S23,mobile_android,0,BEN-CUST_MOHANA_002-TRUSTED,Trusted Household Vendor,15,0,4,26,0,0,0,None,Resolved Genuine,Standard Habitual Purchase,0
TXN-CUST_MOHANA_002-10298,2026-07-14 08:48:50,2026-07-14,08:48:50,8,1,0,0,CUST_MOHANA_002,180,Coimbatore,Tamil Nadu,Medium Risk / 12% Fraud Rate,M006,MedicoCare Pharmacy,Pharmacy,Medicines & Surgical Supplies,Madurai,KK Nagar,Tamil Nadu,625020,9.9252,78.1498,10,1450.0,24_HOURS,"POS,UPI,CARD,ONLINE",Nighttime micro card testing,0.015,37,8532.16,INR,PURCHASE,POS,MOBILE_APP,1,0,Coimbatore,8.0,0,0,1,DEV-MOHANA-SAMSUNG-S23,mobile_android,0,BEN-CUST_MOHANA_002-TRUSTED,Trusted Household Vendor,6,1,1,11,0,0,0,None,Resolved Genuine,Standard Habitual Purchase,0
TXN-CUST_MOHANA_002-10299,2026-07-14 10:17:17,2026-07-14,10:17:17,10,1,0,0,CUST_MOHANA_002,180,Coimbatore,Tamil Nadu,Medium Risk / 12% Fraud Rate,M004,Aurelia Gold House,Jewellery,Gold & Diamond Jewellery,Coimbatore,RS Puram,Tamil Nadu,641002,11.0089,76.9514,14,78000.0,10:00-20:30,"POS,CARD,TRANSFER",Account takeover / card-not-present luxury surge,0.065,162,9564.84,INR,PURCHASE,POS,MOBILE_APP,1,0,Coimbatore,7.0,0,0,1,DEV-MOHANA-SAMSUNG-S23,mobile_android,0,BEN-CUST_MOHANA_002-TRUSTED,Trusted Household Vendor,8,0,3,19,0,0,0,None,Resolved Genuine,Standard Habitual Purchase,0
TXN-CUST_MOHANA_002-10300,2026-07-14 11:43:36,2026-07-14,11:43:36,11,1,0,0,CUST_MOHANA_002,180,Coimbatore,Tamil Nadu,Medium Risk / 12% Fraud Rate,M025,ShieldSure Services,Insurance Services,General & Health Insurance Premium,Chennai,Egmore,Tamil Nadu,600008,13.0784,80.2607,13,14000.0,09:30-18:00,"ONLINE,NETBANKING,CARD",Premium diversion / fake policy payment slips,0.019,47,3563.62,INR,PURCHASE,CARD,MOBILE_APP,0,0,Coimbatore,7.0,0,0,1,DEV-MOHANA-SAMSUNG-S23,mobile_android,0,BEN-CUST_MOHANA_002-TRUSTED,Trusted Household Vendor,10,0,2,12,0,0,0,None,Resolved Genuine,Standard Habitual Purchase,0
TXN-CUST_MOHANA_002-10301,2026-07-14 13:10:54,2026-07-14,13:10:54,13,1,0,0,CUST_MOHANA_002,180,Coimbatore,Tamil Nadu,Medium Risk / 12% Fraud Rate,M010,HarborView Residency,Hotel / Hospitality,Business & Luxury Hotel,Chennai,OMR,Tamil Nadu,600096,12.9165,80.2285,6,9500.0,24_HOURS,"ONLINE,POS,CARD,TRANSFER",Online travel booking fraud with stolen corporate credentials,0.041,102,22371.6,INR,P2P_TRANSFER,CARD,WEB_PORTAL,0,0,Delhi,558.0,1,1,0,DEV-LAPTOP-CHROME-332,web_browser,1,BEN-NEW-576,Global Flight Booking,0,3,7,33,1,0,0,Geographic Anomaly / High Ticket Spike,Review Required,Sudden location velocity jump with new merchant,1
TXN-CUST_MOHANA_002-10302,2026-07-14 14:37:04,2026-07-14,14:37:04,14,1,0,0,CUST_MOHANA_002,180,Coimbatore,Tamil Nadu,Medium Risk / 12% Fraud Rate,M014,OakLine Furnishings,Furniture,Teak Wood & Modern Home Decor,Madurai,Bypass Road,Tamil Nadu,625016,9.932,78.109,12,38000.0,10:00-21:00,"POS,CARD,TRANSFER,EMI",Invoice redirection fraud / fake payment slips,0.029,72,13188.11,INR,PURCHASE,TRANSFER,MOBILE_APP,1,0,Coimbatore,4.0,0,0,1,DEV-MOHANA-SAMSUNG-S23,mobile_android,0,BEN-CUST_MOHANA_002-TRUSTED,Trusted Household Vendor,7,0,1,6,0,0,0,None,Resolved Genuine,Standard Habitual Purchase,0
TXN-CUST_MOHANA_002-10303,2026-07-14 16:02:35,2026-07-14,16:02:35,16,1,0,0,CUST_MOHANA_002,180,Coimbatore,Tamil Nadu,Medium Risk / 12% Fraud Rate,M013,CartNest Online,E-commerce,Multi-category Marketplace,Chennai,Guindy,Tamil Nadu,600032,13.0067,80.2026,5,6200.0,24_HOURS,"ONLINE,UPI,CARD,NETBANKING",Account takeover + triangulation shipping fraud,0.045,112,12447.87,INR,PURCHASE,NETBANKING,MOBILE_APP,0,0,Coimbatore,14.0,0,0,1,DEV-MOHANA-SAMSUNG-S23,mobile_android,0,BEN-CUST_MOHANA_002-TRUSTED,Trusted Household Vendor,8,0,3,14,0,0,0,None,Resolved Genuine,Standard Habitual Purchase,0
TXN-CUST_MOHANA_002-10304,2026-07-14 17:31:35,2026-07-14,17:31:35,17,1,0,0,CUST_MOHANA_002,180,Coimbatore,Tamil Nadu,Medium Risk / 12% Fraud Rate,M028,CraftCove Home Decor,Home Decor,Handicrafts & Art Pieces,Thanjavur,Medical College Road,Tamil Nadu,613004,10.7684,79.1245,8,7400.0,09:30-20:30,"POS,UPI,CARD,ONLINE",Cross-border tourist chargebacks,0.023,57,22096.73,INR,P2P_TRANSFER,UPI,WEB_PORTAL,0,0,Mumbai,617.0,1,1,0,DEV-LAPTOP-CHROME-439,web_browser,1,BEN-NEW-203,Global Flight Booking,0,4,5,30,1,0,0,Geographic Anomaly / High Ticket Spike,Review Required,Sudden location velocity jump with new merchant,1
TXN-CUST_MOHANA_002-10305,2026-07-14 18:56:36,2026-07-14,18:56:36,18,1,0,0,CUST_MOHANA_002,180,Coimbatore,Tamil Nadu,Medium Risk / 12% Fraud Rate,M001,NovaMart Fresh,Grocery & Supermarket,Supermarket / Hypermarket,Chennai,T Nagar,Tamil Nadu,600017,13.0418,80.2341,8,1250.0,07:00-22:30,"POS,UPI,CARD,ONLINE",Card testing / micro-burst velocity,0.012,30,8596.97,INR,PURCHASE,ONLINE,MOBILE_APP,1,0,Coimbatore,11.0,0,0,1,DEV-MOHANA-SAMSUNG-S23,mobile_android,0,BEN-CUST_MOHANA_002-TRUSTED,Trusted Household Vendor,10,0,1,11,0,0,0,None,Resolved Genuine,Standard Habitual Purchase,0
TXN-CUST_MOHANA_002-10306,2026-07-14 20:24:47,2026-07-14,20:24:47,20,1,0,0,CUST_MOHANA_002,180,Coimbatore,Tamil Nadu,Medium Risk / 12% Fraud Rate,M015,HomeSphere Appliances,Home Appliances,"Refrigerators, ACs & Kitchen Tech",Coimbatore,Saibaba Colony,Tamil Nadu,641011,11.0315,76.945,9,27500.0,09:30-21:00,"POS,EMI,CARD,UPI",Carding attacks with immediate in-store pickup,0.038,95,6938.64,INR,PURCHASE,POS,MOBILE_APP,1,0,Coimbatore,6.0,0,0,1,DEV-MOHANA-SAMSUNG-S23,mobile_android,0,BEN-CUST_MOHANA_002-TRUSTED,Trusted Household Vendor,15,0,1,13,0,0,0,None,Resolved Genuine,Standard Habitual Purchase,0
TXN-CUST_MOHANA_002-10307,2026-07-14 21:52:44,2026-07-14,21:52:44,21,1,0,0,CUST_MOHANA_002,180,Coimbatore,Tamil Nadu,Medium Risk / 12% Fraud Rate,M014,OakLine Furnishings,Furniture,Teak Wood & Modern Home Decor,Madurai,Bypass Road,Tamil Nadu,625016,9.932,78.109,12,38000.0,10:00-21:00,"POS,CARD,TRANSFER,EMI",Invoice redirection fraud / fake payment slips,0.029,72,11189.12,INR,PURCHASE,EMI,MOBILE_APP,1,0,Coimbatore,1.0,0,0,1,DEV-MOHANA-SAMSUNG-S23,mobile_android,0,BEN-CUST_MOHANA_002-TRUSTED,Trusted Household Vendor,5,0,1,11,0,0,0,None,Resolved Genuine,Standard Habitual Purchase,0
TXN-CUST_MOHANA_002-10308,2026-07-14 23:20:06,2026-07-14,23:20:06,23,1,0,1,CUST_MOHANA_002,180,Coimbatore,Tamil Nadu,Medium Risk / 12% Fraud Rate,M015,HomeSphere Appliances,Home Appliances,"Refrigerators, ACs & Kitchen Tech",Coimbatore,Saibaba Colony,Tamil Nadu,641011,11.0315,76.945,9,27500.0,09:30-21:00,"POS,EMI,CARD,UPI",Carding attacks with immediate in-store pickup,0.038,95,77660.82,INR,PURCHASE,CARD,MOBILE_APP,0,0,Mumbai,445.0,1,0,1,DEV-MOHANA-SAMSUNG-S23,mobile_android,0,BEN-CUST_MOHANA_002-01,Self Family Transfer,3,2,4,24,1,0,0,Geographic Anomaly / High Ticket Spike,Review Required,Sudden location velocity jump with new merchant,1
TXN-CUST_MOHANA_002-10309,2026-07-15 00:44:50,2026-07-15,00:44:50,0,2,0,1,CUST_MOHANA_002,180,Coimbatore,Tamil Nadu,Medium Risk / 12% Fraud Rate,M002,CircuitBay Electronics,Consumer Electronics,Laptops & Gadgets,Chennai,Velachery,Tamil Nadu,600042,12.9759,80.2212,6,32000.0,10:00-21:30,"POS,ONLINE,EMI,UPI",Stolen payment details / high-ticket electronics delivery,0.048,120,6489.68,INR,PURCHASE,ONLINE,MOBILE_APP,1,0,Coimbatore,3.0,0,0,1,DEV-MOHANA-SAMSUNG-S23,mobile_android,0,BEN-CUST_MOHANA_002-TRUSTED,Trusted Household Vendor,9,1,2,16,0,0,0,None,Resolved Genuine,Standard Habitual Purchase,0
TXN-CUST_MOHANA_002-10310,2026-07-15 02:11:31,2026-07-15,02:11:31,2,2,0,1,CUST_MOHANA_002,180,Coimbatore,Tamil Nadu,Medium Risk / 12% Fraud Rate,M009,RapidFuel Station,Fuel Station,"Petrol, Diesel & EV Fast Charge",Salem,Fairlands,Tamil Nadu,636016,11.6643,78.146,9,3100.0,24_HOURS,"POS,FLEET_CARD,UPI",Automated fleet card skimming,0.024,60,13502.35,INR,PURCHASE,POS,MOBILE_APP,1,0,Coimbatore,4.0,0,0,1,DEV-MOHANA-SAMSUNG-S23,mobile_android,0,BEN-CUST_MOHANA_002-TRUSTED,Trusted Household Vendor,5,1,1,10,0,0,0,None,Resolved Genuine,Standard Habitual Purchase,0
TXN-CUST_MOHANA_002-10311,2026-07-15 03:39:16,2026-07-15,03:39:16,3,2,0,1,CUST_MOHANA_002,180,Coimbatore,Tamil Nadu,Medium Risk / 12% Fraud Rate,M026,GreenLeaf Wellness,Health & Wellness,Organic Nutrition & Ayurveda,Trichy,Srirangam,Tamil Nadu,620006,10.8624,78.6947,6,2100.0,08:00-21:00,"POS,UPI,ONLINE,CARD",Subscription card stuffing,0.013,32,4074.11,INR,PURCHASE,CARD,MOBILE_APP,1,0,Coimbatore,8.0,0,0,1,DEV-MOHANA-SAMSUNG-S23,mobile_android,0,BEN-CUST_MOHANA_002-TRUSTED,Trusted Household Vendor,13,0,2,11,0,0,0,None,Resolved Genuine,Standard Habitual Purchase,0
TXN-CUST_MOHANA_002-10312,2026-07-15 05:03:09,2026-07-15,05:03:09,5,2,0,1,CUST_MOHANA_002,180,Coimbatore,Tamil Nadu,Medium Risk / 12% Fraud Rate,M015,HomeSphere Appliances,Home Appliances,"Refrigerators, ACs & Kitchen Tech",Coimbatore,Saibaba Colony,Tamil Nadu,641011,11.0315,76.945,9,27500.0,09:30-21:00,"POS,EMI,CARD,UPI",Carding attacks with immediate in-store pickup,0.038,95,11679.24,INR,PURCHASE,CARD,MOBILE_APP,1,0,Coimbatore,6.0,0,0,1,DEV-MOHANA-SAMSUNG-S23,mobile_android,0,BEN-CUST_MOHANA_002-TRUSTED,Trusted Household Vendor,10,0,3,22,0,0,0,None,Resolved Genuine,Standard Habitual Purchase,0
TXN-CUST_MOHANA_002-10313,2026-07-15 06:29:50,2026-07-15,06:29:50,6,2,0,0,CUST_MOHANA_002,180,Coimbatore,Tamil Nadu,Medium Risk / 12% Fraud Rate,M029,CloudDesk Digital,Software / Digital Services,Cloud Infrastructure & SaaS Tools,Bengaluru,Whitefield,Karnataka,560066,12.9698,77.7499,7,19800.0,24_HOURS,"ONLINE,CARD,TRANSFER",Cryptomining VM rental with stolen credit cards,0.058,145,11706.68,INR,PURCHASE,ONLINE,MOBILE_APP,0,0,Coimbatore,6.0,0,0,1,DEV-MOHANA-SAMSUNG-S23,mobile_android,0,BEN-CUST_MOHANA_002-TRUSTED,Trusted Household Vendor,11,0,3,22,0,0,0,None,Resolved Genuine,Standard Habitual Purchase,0
TXN-CUST_MOHANA_002-10314,2026-07-15 07:57:20,2026-07-15,07:57:20,7,2,0,0,CUST_MOHANA_002,180,Coimbatore,Tamil Nadu,Medium Risk / 12% Fraud Rate,M026,GreenLeaf Wellness,Health & Wellness,Organic Nutrition & Ayurveda,Trichy,Srirangam,Tamil Nadu,620006,10.8624,78.6947,6,2100.0,08:00-21:00,"POS,UPI,ONLINE,CARD",Subscription card stuffing,0.013,32,9457.27,INR,PURCHASE,CARD,MOBILE_APP,1,0,Coimbatore,15.0,0,0,1,DEV-MOHANA-SAMSUNG-S23,mobile_android,0,BEN-CUST_MOHANA_002-TRUSTED,Trusted Household Vendor,9,0,1,10,0,0,0,None,Resolved Genuine,Standard Habitual Purchase,0
TXN-CUST_MOHANA_002-10315,2026-07-15 09:22:42,2026-07-15,09:22:42,9,2,0,0,CUST_MOHANA_002,180,Coimbatore,Tamil Nadu,Medium Risk / 12% Fraud Rate,M017,AutoForge Parts,Spare Parts,OEM Industrial & Auto Components,Hosur,Mookandapalli,Tamil Nadu,635126,12.7409,77.8253,15,16500.0,09:00-19:30,"TRANSFER,POS,CARD",Business email compromise / fake beneficiary update,0.033,82,6465.8,INR,PURCHASE,POS,MOBILE_APP,1,0,Coimbatore,12.0,0,0,1,DEV-MOHANA-SAMSUNG-S23,mobile_android,0,BEN-CUST_MOHANA_002-TRUSTED,Trusted Household Vendor,12,0,1,10,0,0,0,None,Resolved Genuine,Standard Habitual Purchase,0
TXN-CUST_MOHANA_002-10316,2026-07-15 10:46:45,2026-07-15,10:46:45,10,2,0,0,CUST_MOHANA_002,180,Coimbatore,Tamil Nadu,Medium Risk / 12% Fraud Rate,M005,UrbanThread Studio,Fashion / Apparel,Designer & Ready-to-wear,Chennai,Anna Nagar,Tamil Nadu,600040,13.085,80.2101,5,4800.0,10:30-22:00,"POS,ONLINE,UPI,CARD",Refund abuse / credential stuffing,0.022,55,9061.14,INR,PURCHASE,ONLINE,MOBILE_APP,1,0,Coimbatore,14.0,0,0,1,DEV-MOHANA-SAMSUNG-S23,mobile_android,0,BEN-CUST_MOHANA_002-TRUSTED,Trusted Household Vendor,10,0,2,11,0,0,0,None,Resolved Genuine,Standard Habitual Purchase,0
TXN-CUST_MOHANA_002-10317,2026-07-15 12:14:20,2026-07-15,12:14:20,12,2,0,0,CUST_MOHANA_002,180,Coimbatore,Tamil Nadu,Medium Risk / 12% Fraud Rate,M017,AutoForge Parts,Spare Parts,OEM Industrial & Auto Components,Hosur,Mookandapalli,Tamil Nadu,635126,12.7409,77.8253,15,16500.0,09:00-19:30,"TRANSFER,POS,CARD",Business email compromise / fake beneficiary update,0.033,82,38085.14,INR,P2P_TRANSFER,CARD,MOBILE_APP,0,0,Delhi,880.0,1,0,1,DEV-MOHANA-SAMSUNG-S23,mobile_android,1,BEN-NEW-266,Global Flight Booking,0,3,6,33,1,0,0,Geographic Anomaly / High Ticket Spike,Review Required,Sudden location velocity jump with new merchant,1
TXN-CUST_MOHANA_002-10318,2026-07-15 13:43:25,2026-07-15,13:43:25,13,2,0,0,CUST_MOHANA_002,180,Coimbatore,Tamil Nadu,Medium Risk / 12% Fraud Rate,M022,SkillSpring Academy,Education / Training,Professional Certifications & Tech Bootcamps,Chennai,Mylapore,Tamil Nadu,600004,13.0368,80.2676,8,22000.0,08:30-19:30,"ONLINE,NETBANKING,CARD,UPI",Stolen corporate card enrollments,0.028,70,4076.47,INR,PURCHASE,UPI,MOBILE_APP,0,0,Coimbatore,6.0,0,0,1,DEV-MOHANA-SAMSUNG-S23,mobile_android,0,BEN-CUST_MOHANA_002-TRUSTED,Trusted Household Vendor,9,0,1,12,0,0,0,None,Resolved Genuine,Standard Habitual Purchase,0
TXN-CUST_MOHANA_002-10319,2026-07-15 15:07:45,2026-07-15,15:07:45,15,2,0,0,CUST_MOHANA_002,180,Coimbatore,Tamil Nadu,Medium Risk / 12% Fraud Rate,M016,MotoCare Garage,Auto Service,Car Service & Detailing Hub,Chennai,Pallikaranai,Tamil Nadu,600100,12.9372,80.2014,7,8900.0,08:30-20:30,"POS,UPI,CARD",Over-invoicing / synthetic card payments,0.021,52,13379.26,INR,PURCHASE,POS,MOBILE_APP,1,0,Coimbatore,6.0,0,0,1,DEV-MOHANA-SAMSUNG-S23,mobile_android,0,BEN-CUST_MOHANA_002-TRUSTED,Trusted Household Vendor,7,0,1,13,0,0,0,None,Resolved Genuine,Standard Habitual Purchase,0
TXN-CUST_MOHANA_002-10320,2026-07-15 16:36:25,2026-07-15,16:36:25,16,2,0,0,CUST_MOHANA_002,180,Coimbatore,Tamil Nadu,Medium Risk / 12% Fraud Rate,M016,MotoCare Garage,Auto Service,Car Service & Detailing Hub,Chennai,Pallikaranai,Tamil Nadu,600100,12.9372,80.2014,7,8900.0,08:30-20:30,"POS,UPI,CARD",Over-invoicing / synthetic card payments,0.021,52,27580.83,INR,P2P_TRANSFER,POS,WEB_PORTAL,0,0,Delhi,740.0,1,1,0,DEV-LAPTOP-CHROME-319,web_browser,1,BEN-NEW-923,Global Flight Booking,0,2,6,31,1,0,0,Geographic Anomaly / High Ticket Spike,Review Required,Sudden location velocity jump with new merchant,1
TXN-CUST_MOHANA_002-10321,2026-07-15 18:00:46,2026-07-15,18:00:46,18,2,0,0,CUST_MOHANA_002,180,Coimbatore,Tamil Nadu,Medium Risk / 12% Fraud Rate,M011,SkyTrail Travels,Travel Agency,Flight & International Tour Packages,Coimbatore,Gandhipuram,Tamil Nadu,641012,11.0183,76.9664,11,44000.0,09:00-20:00,"ONLINE,TRANSFER,CARD",Mule-account ticket arbitrage & fast cancellation fraud,0.052,130,9453.15,INR,PURCHASE,CARD,MOBILE_APP,0,0,Coimbatore,14.0,0,0,1,DEV-MOHANA-SAMSUNG-S23,mobile_android,0,BEN-CUST_MOHANA_002-TRUSTED,Trusted Household Vendor,4,1,1,6,0,0,0,None,Resolved Genuine,Standard Habitual Purchase,0
TXN-CUST_MOHANA_002-10322,2026-07-15 19:25:04,2026-07-15,19:25:04,19,2,0,0,CUST_MOHANA_002,180,Coimbatore,Tamil Nadu,Medium Risk / 12% Fraud Rate,M014,OakLine Furnishings,Furniture,Teak Wood & Modern Home Decor,Madurai,Bypass Road,Tamil Nadu,625016,9.932,78.109,12,38000.0,10:00-21:00,"POS,CARD,TRANSFER,EMI",Invoice redirection fraud / fake payment slips,0.029,72,8425.01,INR,PURCHASE,POS,MOBILE_APP,1,0,Coimbatore,2.0,0,0,1,DEV-MOHANA-SAMSUNG-S23,mobile_android,0,BEN-CUST_MOHANA_002-TRUSTED,Trusted Household Vendor,3,0,2,17,0,0,0,None,Resolved Genuine,Standard Habitual Purchase,0
TXN-CUST_MOHANA_002-10323,2026-07-15 20:49:32,2026-07-15,20:49:32,20,2,0,0,CUST_MOHANA_002,180,Coimbatore,Tamil Nadu,Medium Risk / 12% Fraud Rate,M005,UrbanThread Studio,Fashion / Apparel,Designer & Ready-to-wear,Chennai,Anna Nagar,Tamil Nadu,600040,13.085,80.2101,5,4800.0,10:30-22:00,"POS,ONLINE,UPI,CARD",Refund abuse / credential stuffing,0.022,55,6372.51,INR,PURCHASE,POS,MOBILE_APP,1,0,Coimbatore,14.0,0,0,1,DEV-MOHANA-SAMSUNG-S23,mobile_android,0,BEN-CUST_MOHANA_002-TRUSTED,Trusted Household Vendor,13,0,3,14,0,0,0,None,Resolved Genuine,Standard Habitual Purchase,0
TXN-CUST_MOHANA_002-10324,2026-07-15 22:13:56,2026-07-15,22:13:56,22,2,0,0,CUST_MOHANA_002,180,Coimbatore,Tamil Nadu,Medium Risk / 12% Fraud Rate,M010,HarborView Residency,Hotel / Hospitality,Business & Luxury Hotel,Chennai,OMR,Tamil Nadu,600096,12.9165,80.2285,6,9500.0,24_HOURS,"ONLINE,POS,CARD,TRANSFER",Online travel booking fraud with stolen corporate credentials,0.041,102,6767.45,INR,PURCHASE,ONLINE,MOBILE_APP,1,0,Coimbatore,1.0,0,0,1,DEV-MOHANA-SAMSUNG-S23,mobile_android,0,BEN-CUST_MOHANA_002-TRUSTED,Trusted Household Vendor,3,0,1,9,0,0,0,None,Resolved Genuine,Standard Habitual Purchase,0
TXN-CUST_MOHANA_002-10325,2026-07-15 23:42:04,2026-07-15,23:42:04,23,2,0,1,CUST_MOHANA_002,180,Coimbatore,Tamil Nadu,Medium Risk / 12% Fraud Rate,M029,CloudDesk Digital,Software / Digital Services,Cloud Infrastructure & SaaS Tools,Bengaluru,Whitefield,Karnataka,560066,12.9698,77.7499,7,19800.0,24_HOURS,"ONLINE,CARD,TRANSFER",Cryptomining VM rental with stolen credit cards,0.058,145,46474.75,INR,PURCHASE,TRANSFER,MOBILE_APP,0,0,Mumbai,573.0,1,0,1,DEV-MOHANA-SAMSUNG-S23,mobile_android,0,BEN-CUST_MOHANA_002-01,Self Family Transfer,3,4,6,27,1,0,0,Geographic Anomaly / High Ticket Spike,Review Required,Sudden location velocity jump with new merchant,1
TXN-CUST_MOHANA_002-10326,2026-07-16 01:10:27,2026-07-16,01:10:27,1,3,0,1,CUST_MOHANA_002,180,Coimbatore,Tamil Nadu,Medium Risk / 12% Fraud Rate,M010,HarborView Residency,Hotel / Hospitality,Business & Luxury Hotel,Chennai,OMR,Tamil Nadu,600096,12.9165,80.2285,6,9500.0,24_HOURS,"ONLINE,POS,CARD,TRANSFER",Online travel booking fraud with stolen corporate credentials,0.041,102,4813.88,INR,PURCHASE,ONLINE,MOBILE_APP,1,0,Coimbatore,8.0,0,0,1,DEV-MOHANA-SAMSUNG-S23,mobile_android,0,BEN-CUST_MOHANA_002-TRUSTED,Trusted Household Vendor,5,0,3,21,0,0,0,None,Resolved Genuine,Standard Habitual Purchase,0
TXN-CUST_MOHANA_002-10327,2026-07-16 02:37:30,2026-07-16,02:37:30,2,3,0,1,CUST_MOHANA_002,180,Coimbatore,Tamil Nadu,Medium Risk / 12% Fraud Rate,M023,SwiftBox Logistics,Courier / Logistics,Express Parcel & Freight Delivery,Tiruppur,Avinashi Road,Tamil Nadu,641603,11.1085,77.3411,9,4200.0,08:00-21:00,"POS,UPI,CARD,ONLINE",Interception fraud / address redirection,0.02,50,6293.71,INR,PURCHASE,ONLINE,MOBILE_APP,1,0,Coimbatore,7.0,0,0,1,DEV-MOHANA-SAMSUNG-S23,mobile_android,0,BEN-CUST_MOHANA_002-TRUSTED,Trusted Household Vendor,14,0,2,17,0,0,0,None,Resolved Genuine,Standard Habitual Purchase,0
TXN-CUST_MOHANA_002-10328,2026-07-16 04:03:03,2026-07-16,04:03:03,4,3,0,1,CUST_MOHANA_002,180,Coimbatore,Tamil Nadu,Medium Risk / 12% Fraud Rate,M017,AutoForge Parts,Spare Parts,OEM Industrial & Auto Components,Hosur,Mookandapalli,Tamil Nadu,635126,12.7409,77.8253,15,16500.0,09:00-19:30,"TRANSFER,POS,CARD",Business email compromise / fake beneficiary update,0.033,82,6525.27,INR,PURCHASE,TRANSFER,MOBILE_APP,1,0,Coimbatore,11.0,0,0,1,DEV-MOHANA-SAMSUNG-S23,mobile_android,0,BEN-CUST_MOHANA_002-TRUSTED,Trusted Household Vendor,9,0,4,22,0,0,0,None,Resolved Genuine,Standard Habitual Purchase,0
TXN-CUST_MOHANA_002-10329,2026-07-16 05:30:27,2026-07-16,05:30:27,5,3,0,1,CUST_MOHANA_002,180,Coimbatore,Tamil Nadu,Medium Risk / 12% Fraud Rate,M007,SpiceRoute Kitchen,Restaurant,Fine Dining & Chettinad,Chennai,Adyar,Tamil Nadu,600020,13.0012,80.2565,7,2200.0,11:30-23:30,"POS,UPI,CARD",Cloned card POS terminal replay,0.018,45,5854.95,INR,PURCHASE,POS,MOBILE_APP,1,0,Coimbatore,3.0,0,0,1,DEV-MOHANA-SAMSUNG-S23,mobile_android,0,BEN-CUST_MOHANA_002-TRUSTED,Trusted Household Vendor,4,0,1,7,0,0,0,None,Resolved Genuine,Standard Habitual Purchase,0
TXN-CUST_MOHANA_002-10330,2026-07-16 06:54:44,2026-07-16,06:54:44,6,3,0,0,CUST_MOHANA_002,180,Coimbatore,Tamil Nadu,Medium Risk / 12% Fraud Rate,M015,HomeSphere Appliances,Home Appliances,"Refrigerators, ACs & Kitchen Tech",Coimbatore,Saibaba Colony,Tamil Nadu,641011,11.0315,76.945,9,27500.0,09:30-21:00,"POS,EMI,CARD,UPI",Carding attacks with immediate in-store pickup,0.038,95,4686.32,INR,PURCHASE,CARD,MOBILE_APP,1,0,Coimbatore,12.0,0,0,1,DEV-MOHANA-SAMSUNG-S23,mobile_android,0,BEN-CUST_MOHANA_002-TRUSTED,Trusted Household Vendor,14,1,3,17,0,0,0,None,Resolved Genuine,Standard Habitual Purchase,0
TXN-CUST_MOHANA_002-10331,2026-07-16 08:22:27,2026-07-16,08:22:27,8,3,0,0,CUST_MOHANA_002,180,Coimbatore,Tamil Nadu,Medium Risk / 12% Fraud Rate,M014,OakLine Furnishings,Furniture,Teak Wood & Modern Home Decor,Madurai,Bypass Road,Tamil Nadu,625016,9.932,78.109,12,38000.0,10:00-21:00,"POS,CARD,TRANSFER,EMI",Invoice redirection fraud / fake payment slips,0.029,72,7580.78,INR,PURCHASE,CARD,MOBILE_APP,1,0,Coimbatore,15.0,0,0,1,DEV-MOHANA-SAMSUNG-S23,mobile_android,0,BEN-CUST_MOHANA_002-TRUSTED,Trusted Household Vendor,14,0,3,21,0,0,0,None,Resolved Genuine,Standard Habitual Purchase,0
TXN-CUST_MOHANA_002-10332,2026-07-16 09:49:47,2026-07-16,09:49:47,9,3,0,0,CUST_MOHANA_002,180,Coimbatore,Tamil Nadu,Medium Risk / 12% Fraud Rate,M012,DashDine Delivery,Food Delivery,Quick Commerce & Meal Delivery,Chennai,Sholinganallur,Tamil Nadu,600119,12.901,80.2279,4,520.0,06:00-02:00,"UPI,CARD,ONLINE,WALLET",Promo code abuse / stolen wallet balances,0.014,35,4996.62,INR,PURCHASE,ONLINE,MOBILE_APP,0,0,Coimbatore,4.0,0,0,1,DEV-MOHANA-SAMSUNG-S23,mobile_android,0,BEN-CUST_MOHANA_002-TRUSTED,Trusted Household Vendor,3,0,1,12,0,0,0,None,Resolved Genuine,Standard Habitual Purchase,0
TXN-CUST_MOHANA_002-10333,2026-07-16 11:14:18,2026-07-16,11:14:18,11,3,0,0,CUST_MOHANA_002,180,Coimbatore,Tamil Nadu,Medium Risk / 12% Fraud Rate,M016,MotoCare Garage,Auto Service,Car Service & Detailing Hub,Chennai,Pallikaranai,Tamil Nadu,600100,12.9372,80.2014,7,8900.0,08:30-20:30,"POS,UPI,CARD",Over-invoicing / synthetic card payments,0.021,52,8127.74,INR,PURCHASE,POS,MOBILE_APP,1,0,Coimbatore,7.0,0,0,1,DEV-MOHANA-SAMSUNG-S23,mobile_android,0,BEN-CUST_MOHANA_002-TRUSTED,Trusted Household Vendor,10,0,3,19,0,0,0,None,Resolved Genuine,Standard Habitual Purchase,0
TXN-CUST_MOHANA_002-10334,2026-07-16 12:42:10,2026-07-16,12:42:10,12,3,0,0,CUST_MOHANA_002,180,Coimbatore,Tamil Nadu,Medium Risk / 12% Fraud Rate,M023,SwiftBox Logistics,Courier / Logistics,Express Parcel & Freight Delivery,Tiruppur,Avinashi Road,Tamil Nadu,641603,11.1085,77.3411,9,4200.0,08:00-21:00,"POS,UPI,CARD,ONLINE",Interception fraud / address redirection,0.02,50,7707.95,INR,PURCHASE,UPI,MOBILE_APP,1,0,Coimbatore,6.0,0,0,1,DEV-MOHANA-SAMSUNG-S23,mobile_android,0,BEN-CUST_MOHANA_002-TRUSTED,Trusted Household Vendor,3,0,2,14,0,0,0,None,Resolved Genuine,Standard Habitual Purchase,0
TXN-CUST_MOHANA_002-10335,2026-07-16 14:08:04,2026-07-16,14:08:04,14,3,0,0,CUST_MOHANA_002,180,Coimbatore,Tamil Nadu,Medium Risk / 12% Fraud Rate,M016,MotoCare Garage,Auto Service,Car Service & Detailing Hub,Chennai,Pallikaranai,Tamil Nadu,600100,12.9372,80.2014,7,8900.0,08:30-20:30,"POS,UPI,CARD",Over-invoicing / synthetic card payments,0.021,52,12330.31,INR,PURCHASE,CARD,MOBILE_APP,1,0,Coimbatore,6.0,0,0,1,DEV-MOHANA-SAMSUNG-S23,mobile_android,0,BEN-CUST_MOHANA_002-TRUSTED,Trusted Household Vendor,6,1,2,17,0,0,0,None,Resolved Genuine,Standard Habitual Purchase,0
TXN-CUST_MOHANA_002-10336,2026-07-16 15:37:13,2026-07-16,15:37:13,15,3,0,0,CUST_MOHANA_002,180,Coimbatore,Tamil Nadu,Medium Risk / 12% Fraud Rate,M007,SpiceRoute Kitchen,Restaurant,Fine Dining & Chettinad,Chennai,Adyar,Tamil Nadu,600020,13.0012,80.2565,7,2200.0,11:30-23:30,"POS,UPI,CARD",Cloned card POS terminal replay,0.018,45,10752.0,INR,PURCHASE,UPI,MOBILE_APP,1,0,Coimbatore,7.0,0,0,1,DEV-MOHANA-SAMSUNG-S23,mobile_android,0,BEN-CUST_MOHANA_002-TRUSTED,Trusted Household Vendor,13,1,1,11,0,0,0,None,Resolved Genuine,Standard Habitual Purchase,0
TXN-CUST_MOHANA_002-10337,2026-07-16 17:05:25,2026-07-16,17:05:25,17,3,0,0,CUST_MOHANA_002,180,Coimbatore,Tamil Nadu,Medium Risk / 12% Fraud Rate,M012,DashDine Delivery,Food Delivery,Quick Commerce & Meal Delivery,Chennai,Sholinganallur,Tamil Nadu,600119,12.901,80.2279,4,520.0,06:00-02:00,"UPI,CARD,ONLINE,WALLET",Promo code abuse / stolen wallet balances,0.014,35,6839.23,INR,PURCHASE,CARD,MOBILE_APP,0,0,Coimbatore,2.0,0,0,1,DEV-MOHANA-SAMSUNG-S23,mobile_android,0,BEN-CUST_MOHANA_002-TRUSTED,Trusted Household Vendor,6,0,2,15,0,0,0,None,Resolved Genuine,Standard Habitual Purchase,0
TXN-CUST_MOHANA_002-10338,2026-07-16 18:32:54,2026-07-16,18:32:54,18,3,0,0,CUST_MOHANA_002,180,Coimbatore,Tamil Nadu,Medium Risk / 12% Fraud Rate,M028,CraftCove Home Decor,Home Decor,Handicrafts & Art Pieces,Thanjavur,Medical College Road,Tamil Nadu,613004,10.7684,79.1245,8,7400.0,09:30-20:30,"POS,UPI,CARD,ONLINE",Cross-border tourist chargebacks,0.023,57,10912.76,INR,PURCHASE,UPI,MOBILE_APP,1,0,Coimbatore,9.0,0,0,1,DEV-MOHANA-SAMSUNG-S23,mobile_android,0,BEN-CUST_MOHANA_002-TRUSTED,Trusted Household Vendor,11,0,4,24,0,0,0,None,Resolved Genuine,Standard Habitual Purchase,0
TXN-CUST_MOHANA_002-10339,2026-07-16 20:00:55,2026-07-16,20:00:55,20,3,0,0,CUST_MOHANA_002,180,Coimbatore,Tamil Nadu,Medium Risk / 12% Fraud Rate,M024,LinkWave Telecom,Telecom Retail,Fiber Broadband & Postpaid Plans,Erode,Perundurai Road,Tamil Nadu,638011,11.341,77.7172,10,1950.0,09:30-20:30,"UPI,CARD,ONLINE,POS",SIM swap bill recharge surges,0.017,42,11562.85,INR,PURCHASE,POS,MOBILE_APP,1,0,Coimbatore,8.0,0,0,1,DEV-MOHANA-SAMSUNG-S23,mobile_android,0,BEN-CUST_MOHANA_002-TRUSTED,Trusted Household Vendor,11,0,3,14,0,0,0,None,Resolved Genuine,Standard Habitual Purchase,0
TXN-CUST_MOHANA_002-10340,2026-07-16 21:26:01,2026-07-16,21:26:01,21,3,0,0,CUST_MOHANA_002,180,Coimbatore,Tamil Nadu,Medium Risk / 12% Fraud Rate,M001,NovaMart Fresh,Grocery & Supermarket,Supermarket / Hypermarket,Chennai,T Nagar,Tamil Nadu,600017,13.0418,80.2341,8,1250.0,07:00-22:30,"POS,UPI,CARD,ONLINE",Card testing / micro-burst velocity,0.012,30,7554.83,INR,PURCHASE,ONLINE,MOBILE_APP,1,0,Coimbatore,11.0,0,0,1,DEV-MOHANA-SAMSUNG-S23,mobile_android,0,BEN-CUST_MOHANA_002-TRUSTED,Trusted Household Vendor,10,0,1,13,0,0,0,None,Resolved Genuine,Standard Habitual Purchase,0
TXN-CUST_MOHANA_002-10341,2026-07-16 22:54:54,2026-07-16,22:54:54,22,3,0,0,CUST_MOHANA_002,180,Coimbatore,Tamil Nadu,Medium Risk / 12% Fraud Rate,M020,GameGrid Arena,Gaming,"Esports, Consoles & Virtual Credits",Bengaluru,Koramangala,Karnataka,560095,12.9352,77.6245,4,3400.0,10:00-01:00,"ONLINE,UPI,CARD,WALLET",Virtual item laundering & bot-driven micro transactions,0.055,137,9233.36,INR,PURCHASE,CARD,MOBILE_APP,0,0,Coimbatore,15.0,0,0,1,DEV-MOHANA-SAMSUNG-S23,mobile_android,0,BEN-CUST_MOHANA_002-TRUSTED,Trusted Household Vendor,10,0,2,14,0,0,0,None,Resolved Genuine,Standard Habitual Purchase,0
TXN-CUST_MOHANA_002-10342,2026-07-17 00:23:39,2026-07-17,00:23:39,0,4,0,1,CUST_MOHANA_002,180,Coimbatore,Tamil Nadu,Medium Risk / 12% Fraud Rate,M028,CraftCove Home Decor,Home Decor,Handicrafts & Art Pieces,Thanjavur,Medical College Road,Tamil Nadu,613004,10.7684,79.1245,8,7400.0,09:30-20:30,"POS,UPI,CARD,ONLINE",Cross-border tourist chargebacks,0.023,57,3794.85,INR,PURCHASE,CARD,MOBILE_APP,1,0,Coimbatore,4.0,0,0,1,DEV-MOHANA-SAMSUNG-S23,mobile_android,0,BEN-CUST_MOHANA_002-TRUSTED,Trusted Household Vendor,9,0,3,14,0,0,0,None,Resolved Genuine,Standard Habitual Purchase,0
TXN-CUST_MOHANA_002-10343,2026-07-17 01:50:14,2026-07-17,01:50:14,1,4,0,1,CUST_MOHANA_002,180,Coimbatore,Tamil Nadu,Medium Risk / 12% Fraud Rate,M002,CircuitBay Electronics,Consumer Electronics,Laptops & Gadgets,Chennai,Velachery,Tamil Nadu,600042,12.9759,80.2212,6,32000.0,10:00-21:30,"POS,ONLINE,EMI,UPI",Stolen payment details / high-ticket electronics delivery,0.048,120,5662.37,INR,PURCHASE,UPI,MOBILE_APP,1,0,Coimbatore,14.0,0,0,1,DEV-MOHANA-SAMSUNG-S23,mobile_android,0,BEN-CUST_MOHANA_002-TRUSTED,Trusted Household Vendor,3,0,4,18,0,0,0,None,Resolved Genuine,Standard Habitual Purchase,0
TXN-CUST_MOHANA_002-10344,2026-07-17 03:19:23,2026-07-17,03:19:23,3,4,0,1,CUST_MOHANA_002,180,Coimbatore,Tamil Nadu,Medium Risk / 12% Fraud Rate,M026,GreenLeaf Wellness,Health & Wellness,Organic Nutrition & Ayurveda,Trichy,Srirangam,Tamil Nadu,620006,10.8624,78.6947,6,2100.0,08:00-21:00,"POS,UPI,ONLINE,CARD",Subscription card stuffing,0.013,32,11593.49,INR,PURCHASE,ONLINE,MOBILE_APP,1,0,Coimbatore,9.0,0,0,1,DEV-MOHANA-SAMSUNG-S23,mobile_android,0,BEN-CUST_MOHANA_002-TRUSTED,Trusted Household Vendor,3,0,4,18,0,0,0,None,Resolved Genuine,Standard Habitual Purchase,0
TXN-CUST_MOHANA_002-10345,2026-07-17 04:45:46,2026-07-17,04:45:46,4,4,0,1,CUST_MOHANA_002,180,Coimbatore,Tamil Nadu,Medium Risk / 12% Fraud Rate,M019,ArenaSport World,Sports Retail,Fitness Equipment & Sports Wear,Chennai,Nungambakkam,Tamil Nadu,600034,13.0604,80.2405,6,5600.0,10:00-21:30,"POS,ONLINE,UPI,CARD",Stolen card chargeback on premium sports gear,0.026,65,5576.83,INR,PURCHASE,CARD,MOBILE_APP,1,0,Coimbatore,11.0,0,0,1,DEV-MOHANA-SAMSUNG-S23,mobile_android,0,BEN-CUST_MOHANA_002-TRUSTED,Trusted Household Vendor,6,0,1,14,0,0,0,None,Resolved Genuine,Standard Habitual Purchase,0
TXN-CUST_MOHANA_002-10346,2026-07-17 06:13:31,2026-07-17,06:13:31,6,4,0,0,CUST_MOHANA_002,180,Coimbatore,Tamil Nadu,Medium Risk / 12% Fraud Rate,M006,MedicoCare Pharmacy,Pharmacy,Medicines & Surgical Supplies,Madurai,KK Nagar,Tamil Nadu,625020,9.9252,78.1498,10,1450.0,24_HOURS,"POS,UPI,CARD,ONLINE",Nighttime micro card testing,0.015,37,8959.65,INR,PURCHASE,CARD,MOBILE_APP,1,0,Coimbatore,4.0,0,0,1,DEV-MOHANA-SAMSUNG-S23,mobile_android,0,BEN-CUST_MOHANA_002-TRUSTED,Trusted Household Vendor,4,1,4,21,0,0,0,None,Resolved Genuine,Standard Habitual Purchase,0
TXN-CUST_MOHANA_002-10347,2026-07-17 07:42:36,2026-07-17,07:42:36,7,4,0,0,CUST_MOHANA_002,180,Coimbatore,Tamil Nadu,Medium Risk / 12% Fraud Rate,M001,NovaMart Fresh,Grocery & Supermarket,Supermarket / Hypermarket,Chennai,T Nagar,Tamil Nadu,600017,13.0418,80.2341,8,1250.0,07:00-22:30,"POS,UPI,CARD,ONLINE",Card testing / micro-burst velocity,0.012,30,2424.05,INR,P2P_TRANSFER,ONLINE,MOBILE_APP,0,0,Hyderabad,564.0,1,0,1,DEV-MOHANA-SAMSUNG-S23,mobile_android,1,BEN-NEW-363,Global Flight Booking,0,2,9,40,1,0,0,Geographic Anomaly / High Ticket Spike,Review Required,Sudden location velocity jump with new merchant,1
TXN-CUST_MOHANA_002-10348,2026-07-17 09:11:26,2026-07-17,09:11:26,9,4,0,0,CUST_MOHANA_002,180,Coimbatore,Tamil Nadu,Medium Risk / 12% Fraud Rate,M007,SpiceRoute Kitchen,Restaurant,Fine Dining & Chettinad,Chennai,Adyar,Tamil Nadu,600020,13.0012,80.2565,7,2200.0,11:30-23:30,"POS,UPI,CARD",Cloned card POS terminal replay,0.018,45,10837.45,INR,PURCHASE,CARD,MOBILE_APP,1,0,Coimbatore,6.0,0,0,1,DEV-MOHANA-SAMSUNG-S23,mobile_android,0,BEN-CUST_MOHANA_002-TRUSTED,Trusted Household Vendor,7,1,3,22,0,0,0,None,Resolved Genuine,Standard Habitual Purchase,0
TXN-CUST_MOHANA_002-10349,2026-07-17 10:38:40,2026-07-17,10:38:40,10,4,0,0,CUST_MOHANA_002,180,Coimbatore,Tamil Nadu,Medium Risk / 12% Fraud Rate,M003,Pulse Mobile Hub,Mobile Store,Smartphones & Accessories,Chennai,Tambaram,Tamil Nadu,600045,12.9249,80.1278,4,18500.0,09:30-21:30,"POS,UPI,CARD",New device abuse / rapid checkout surge,0.035,87,58754.87,INR,PURCHASE,UPI,MOBILE_APP,0,0,Mumbai,545.0,1,0,1,DEV-MOHANA-SAMSUNG-S23,mobile_android,0,BEN-CUST_MOHANA_002-01,Self Family Transfer,3,2,10,44,1,0,0,Geographic Anomaly / High Ticket Spike,Review Required,Sudden location velocity jump with new merchant,1
TXN-CUST_MOHANA_002-10350,2026-07-17 12:02:45,2026-07-17,12:02:45,12,4,0,0,CUST_MOHANA_002,180,Coimbatore,Tamil Nadu,Medium Risk / 12% Fraud Rate,M015,HomeSphere Appliances,Home Appliances,"Refrigerators, ACs & Kitchen Tech",Coimbatore,Saibaba Colony,Tamil Nadu,641011,11.0315,76.945,9,27500.0,09:30-21:00,"POS,EMI,CARD,UPI",Carding attacks with immediate in-store pickup,0.038,95,6842.8,INR,PURCHASE,POS,MOBILE_APP,1,0,Coimbatore,9.0,0,0,1,DEV-MOHANA-SAMSUNG-S23,mobile_android,0,BEN-CUST_MOHANA_002-TRUSTED,Trusted Household Vendor,11,0,4,25,0,0,0,None,Resolved Genuine,Standard Habitual Purchase,0
TXN-CUST_MOHANA_002-10351,2026-07-17 13:30:10,2026-07-17,13:30:10,13,4,0,0,CUST_MOHANA_002,180,Coimbatore,Tamil Nadu,Medium Risk / 12% Fraud Rate,M009,RapidFuel Station,Fuel Station,"Petrol, Diesel & EV Fast Charge",Salem,Fairlands,Tamil Nadu,636016,11.6643,78.146,9,3100.0,24_HOURS,"POS,FLEET_CARD,UPI",Automated fleet card skimming,0.024,60,11412.07,INR,PURCHASE,FLEET_CARD,MOBILE_APP,1,0,Coimbatore,6.0,0,0,1,DEV-MOHANA-SAMSUNG-S23,mobile_android,0,BEN-CUST_MOHANA_002-TRUSTED,Trusted Household Vendor,5,0,3,17,0,0,0,None,Resolved Genuine,Standard Habitual Purchase,0
TXN-CUST_MOHANA_002-10352,2026-07-17 14:56:50,2026-07-17,14:56:50,14,4,0,0,CUST_MOHANA_002,180,Coimbatore,Tamil Nadu,Medium Risk / 12% Fraud Rate,M009,RapidFuel Station,Fuel Station,"Petrol, Diesel & EV Fast Charge",Salem,Fairlands,Tamil Nadu,636016,11.6643,78.146,9,3100.0,24_HOURS,"POS,FLEET_CARD,UPI",Automated fleet card skimming,0.024,60,10798.22,INR,PURCHASE,POS,MOBILE_APP,1,0,Coimbatore,15.0,0,0,1,DEV-MOHANA-SAMSUNG-S23,mobile_android,0,BEN-CUST_MOHANA_002-TRUSTED,Trusted Household Vendor,4,0,1,8,0,0,0,None,Resolved Genuine,Standard Habitual Purchase,0
TXN-CUST_MOHANA_002-10353,2026-07-17 16:22:17,2026-07-17,16:22:17,16,4,0,0,CUST_MOHANA_002,180,Coimbatore,Tamil Nadu,Medium Risk / 12% Fraud Rate,M017,AutoForge Parts,Spare Parts,OEM Industrial & Auto Components,Hosur,Mookandapalli,Tamil Nadu,635126,12.7409,77.8253,15,16500.0,09:00-19:30,"TRANSFER,POS,CARD",Business email compromise / fake beneficiary update,0.033,82,11715.22,INR,PURCHASE,POS,MOBILE_APP,1,0,Coimbatore,9.0,0,0,1,DEV-MOHANA-SAMSUNG-S23,mobile_android,0,BEN-CUST_MOHANA_002-TRUSTED,Trusted Household Vendor,3,1,3,20,0,0,0,None,Resolved Genuine,Standard Habitual Purchase,0
TXN-CUST_MOHANA_002-10354,2026-07-17 17:50:26,2026-07-17,17:50:26,17,4,0,0,CUST_MOHANA_002,180,Coimbatore,Tamil Nadu,Medium Risk / 12% Fraud Rate,M014,OakLine Furnishings,Furniture,Teak Wood & Modern Home Decor,Madurai,Bypass Road,Tamil Nadu,625016,9.932,78.109,12,38000.0,10:00-21:00,"POS,CARD,TRANSFER,EMI",Invoice redirection fraud / fake payment slips,0.029,72,4456.41,INR,PURCHASE,CARD,MOBILE_APP,1,0,Coimbatore,9.0,0,0,1,DEV-MOHANA-SAMSUNG-S23,mobile_android,0,BEN-CUST_MOHANA_002-TRUSTED,Trusted Household Vendor,6,0,4,21,0,0,0,None,Resolved Genuine,Standard Habitual Purchase,0
TXN-CUST_MOHANA_002-10355,2026-07-17 19:17:34,2026-07-17,19:17:34,19,4,0,0,CUST_MOHANA_002,180,Coimbatore,Tamil Nadu,Medium Risk / 12% Fraud Rate,M016,MotoCare Garage,Auto Service,Car Service & Detailing Hub,Chennai,Pallikaranai,Tamil Nadu,600100,12.9372,80.2014,7,8900.0,08:30-20:30,"POS,UPI,CARD",Over-invoicing / synthetic card payments,0.021,52,11289.33,INR,PURCHASE,UPI,MOBILE_APP,1,0,Coimbatore,12.0,0,0,1,DEV-MOHANA-SAMSUNG-S23,mobile_android,0,BEN-CUST_MOHANA_002-TRUSTED,Trusted Household Vendor,13,0,2,18,0,0,0,None,Resolved Genuine,Standard Habitual Purchase,0
TXN-CUST_MOHANA_002-10356,2026-07-17 20:45:36,2026-07-17,20:45:36,20,4,0,0,CUST_MOHANA_002,180,Coimbatore,Tamil Nadu,Medium Risk / 12% Fraud Rate,M013,CartNest Online,E-commerce,Multi-category Marketplace,Chennai,Guindy,Tamil Nadu,600032,13.0067,80.2026,5,6200.0,24_HOURS,"ONLINE,UPI,CARD,NETBANKING",Account takeover + triangulation shipping fraud,0.045,112,6686.58,INR,PURCHASE,NETBANKING,MOBILE_APP,0,0,Coimbatore,6.0,0,0,1,DEV-MOHANA-SAMSUNG-S23,mobile_android,0,BEN-CUST_MOHANA_002-TRUSTED,Trusted Household Vendor,3,1,1,9,0,0,0,None,Resolved Genuine,Standard Habitual Purchase,0
TXN-CUST_MOHANA_002-10357,2026-07-17 22:09:01,2026-07-17,22:09:01,22,4,0,0,CUST_MOHANA_002,180,Coimbatore,Tamil Nadu,Medium Risk / 12% Fraud Rate,M012,DashDine Delivery,Food Delivery,Quick Commerce & Meal Delivery,Chennai,Sholinganallur,Tamil Nadu,600119,12.901,80.2279,4,520.0,06:00-02:00,"UPI,CARD,ONLINE,WALLET",Promo code abuse / stolen wallet balances,0.014,35,3574.64,INR,PURCHASE,UPI,MOBILE_APP,0,0,Coimbatore,11.0,0,0,1,DEV-MOHANA-SAMSUNG-S23,mobile_android,0,BEN-CUST_MOHANA_002-TRUSTED,Trusted Household Vendor,9,0,3,19,0,0,0,None,Resolved Genuine,Standard Habitual Purchase,0
TXN-CUST_MOHANA_002-10358,2026-07-17 23:37:35,2026-07-17,23:37:35,23,4,0,1,CUST_MOHANA_002,180,Coimbatore,Tamil Nadu,Medium Risk / 12% Fraud Rate,M003,Pulse Mobile Hub,Mobile Store,Smartphones & Accessories,Chennai,Tambaram,Tamil Nadu,600045,12.9249,80.1278,4,18500.0,09:30-21:30,"POS,UPI,CARD",New device abuse / rapid checkout surge,0.035,87,4767.61,INR,PURCHASE,POS,MOBILE_APP,1,0,Coimbatore,2.0,0,0,1,DEV-MOHANA-SAMSUNG-S23,mobile_android,0,BEN-CUST_MOHANA_002-TRUSTED,Trusted Household Vendor,12,0,1,13,0,0,0,None,Resolved Genuine,Standard Habitual Purchase,0
TXN-CUST_MOHANA_002-10359,2026-07-18 01:03:57,2026-07-18,01:03:57,1,5,1,1,CUST_MOHANA_002,180,Coimbatore,Tamil Nadu,Medium Risk / 12% Fraud Rate,M018,PageTurn Book House,Bookstore,"Academic, Fiction & Stationery",Trichy,Thillai Nagar,Tamil Nadu,620018,10.8282,78.6854,16,850.0,09:00-21:30,"POS,UPI,CARD,ONLINE",Low-value card testing bots,0.008,20,10804.22,INR,PURCHASE,CARD,MOBILE_APP,1,0,Coimbatore,6.0,0,0,1,DEV-MOHANA-SAMSUNG-S23,mobile_android,0,BEN-CUST_MOHANA_002-TRUSTED,Trusted Household Vendor,15,1,1,9,0,0,0,None,Resolved Genuine,Standard Habitual Purchase,0
TXN-CUST_MOHANA_002-10360,2026-07-18 02:29:13,2026-07-18,02:29:13,2,5,1,1,CUST_MOHANA_002,180,Coimbatore,Tamil Nadu,Medium Risk / 12% Fraud Rate,M027,BrickHarbor Realty,Real Estate / Property Services,Rental Escrow & Facility Management,Chennai,Porur,Tamil Nadu,600116,13.035,80.16,11,65000.0,09:00-19:00,"TRANSFER,NETBANKING,CARD",Security deposit phishing / escrow hijacking,0.039,97,155733.3,INR,PURCHASE,NETBANKING,WEB_PORTAL,0,0,Mumbai,607.0,1,1,0,DEV-LAPTOP-CHROME-209,web_browser,0,BEN-CUST_MOHANA_002-01,Self Family Transfer,3,4,5,24,1,0,0,Geographic Anomaly / High Ticket Spike,Review Required,Sudden location velocity jump with new merchant,1
TXN-CUST_MOHANA_002-10361,2026-07-18 03:54:19,2026-07-18,03:54:19,3,5,1,1,CUST_MOHANA_002,180,Coimbatore,Tamil Nadu,Medium Risk / 12% Fraud Rate,M028,CraftCove Home Decor,Home Decor,Handicrafts & Art Pieces,Thanjavur,Medical College Road,Tamil Nadu,613004,10.7684,79.1245,8,7400.0,09:30-20:30,"POS,UPI,CARD,ONLINE",Cross-border tourist chargebacks,0.023,57,7602.7,INR,PURCHASE,ONLINE,MOBILE_APP,1,0,Coimbatore,2.0,0,0,1,DEV-MOHANA-SAMSUNG-S23,mobile_android,0,BEN-CUST_MOHANA_002-TRUSTED,Trusted Household Vendor,4,0,3,18,0,0,0,None,Resolved Genuine,Standard Habitual Purchase,0
TXN-CUST_MOHANA_002-10362,2026-07-18 05:22:08,2026-07-18,05:22:08,5,5,1,1,CUST_MOHANA_002,180,Coimbatore,Tamil Nadu,Medium Risk / 12% Fraud Rate,M014,OakLine Furnishings,Furniture,Teak Wood & Modern Home Decor,Madurai,Bypass Road,Tamil Nadu,625016,9.932,78.109,12,38000.0,10:00-21:00,"POS,CARD,TRANSFER,EMI",Invoice redirection fraud / fake payment slips,0.029,72,69609.35,INR,PURCHASE,POS,MOBILE_APP,0,0,Delhi,489.0,1,0,1,DEV-MOHANA-SAMSUNG-S23,mobile_android,0,BEN-CUST_MOHANA_002-01,Self Family Transfer,3,4,4,23,1,0,0,Geographic Anomaly / High Ticket Spike,Review Required,Sudden location velocity jump with new merchant,1
TXN-CUST_MOHANA_002-10363,2026-07-18 06:46:13,2026-07-18,06:46:13,6,5,1,0,CUST_MOHANA_002,180,Coimbatore,Tamil Nadu,Medium Risk / 12% Fraud Rate,M009,RapidFuel Station,Fuel Station,"Petrol, Diesel & EV Fast Charge",Salem,Fairlands,Tamil Nadu,636016,11.6643,78.146,9,3100.0,24_HOURS,"POS,FLEET_CARD,UPI",Automated fleet card skimming,0.024,60,11233.59,INR,PURCHASE,POS,MOBILE_APP,1,0,Coimbatore,6.0,0,0,1,DEV-MOHANA-SAMSUNG-S23,mobile_android,0,BEN-CUST_MOHANA_002-TRUSTED,Trusted Household Vendor,12,0,2,11,0,0,0,None,Resolved Genuine,Standard Habitual Purchase,0
TXN-CUST_MOHANA_002-10364,2026-07-18 08:11:01,2026-07-18,08:11:01,8,5,1,0,CUST_MOHANA_002,180,Coimbatore,Tamil Nadu,Medium Risk / 12% Fraud Rate,M009,RapidFuel Station,Fuel Station,"Petrol, Diesel & EV Fast Charge",Salem,Fairlands,Tamil Nadu,636016,11.6643,78.146,9,3100.0,24_HOURS,"POS,FLEET_CARD,UPI",Automated fleet card skimming,0.024,60,6931.86,INR,PURCHASE,UPI,MOBILE_APP,0,0,Hyderabad,381.0,1,0,1,DEV-MOHANA-SAMSUNG-S23,mobile_android,0,BEN-CUST_MOHANA_002-01,Self Family Transfer,3,4,8,42,1,0,0,Geographic Anomaly / High Ticket Spike,Review Required,Sudden location velocity jump with new merchant,1
TXN-CUST_MOHANA_002-10365,2026-07-18 09:36:12,2026-07-18,09:36:12,9,5,1,0,CUST_MOHANA_002,180,Coimbatore,Tamil Nadu,Medium Risk / 12% Fraud Rate,M018,PageTurn Book House,Bookstore,"Academic, Fiction & Stationery",Trichy,Thillai Nagar,Tamil Nadu,620018,10.8282,78.6854,16,850.0,09:00-21:30,"POS,UPI,CARD,ONLINE",Low-value card testing bots,0.008,20,10110.58,INR,PURCHASE,ONLINE,MOBILE_APP,1,0,Coimbatore,2.0,0,0,1,DEV-MOHANA-SAMSUNG-S23,mobile_android,0,BEN-CUST_MOHANA_002-TRUSTED,Trusted Household Vendor,7,0,1,7,0,0,0,None,Resolved Genuine,Standard Habitual Purchase,0
TXN-CUST_MOHANA_002-10366,2026-07-18 11:03:32,2026-07-18,11:03:32,11,5,1,0,CUST_MOHANA_002,180,Coimbatore,Tamil Nadu,Medium Risk / 12% Fraud Rate,M009,RapidFuel Station,Fuel Station,"Petrol, Diesel & EV Fast Charge",Salem,Fairlands,Tamil Nadu,636016,11.6643,78.146,9,3100.0,24_HOURS,"POS,FLEET_CARD,UPI",Automated fleet card skimming,0.024,60,10959.16,INR,PURCHASE,FLEET_CARD,MOBILE_APP,1,0,Coimbatore,3.0,0,0,1,DEV-MOHANA-SAMSUNG-S23,mobile_android,0,BEN-CUST_MOHANA_002-TRUSTED,Trusted Household Vendor,4,1,1,6,0,0,0,None,Resolved Genuine,Standard Habitual Purchase,0
TXN-CUST_MOHANA_002-10367,2026-07-18 12:29:45,2026-07-18,12:29:45,12,5,1,0,CUST_MOHANA_002,180,Coimbatore,Tamil Nadu,Medium Risk / 12% Fraud Rate,M012,DashDine Delivery,Food Delivery,Quick Commerce & Meal Delivery,Chennai,Sholinganallur,Tamil Nadu,600119,12.901,80.2279,4,520.0,06:00-02:00,"UPI,CARD,ONLINE,WALLET",Promo code abuse / stolen wallet balances,0.014,35,7541.08,INR,PURCHASE,ONLINE,MOBILE_APP,0,0,Coimbatore,2.0,0,0,1,DEV-MOHANA-SAMSUNG-S23,mobile_android,0,BEN-CUST_MOHANA_002-TRUSTED,Trusted Household Vendor,4,0,2,12,0,0,0,None,Resolved Genuine,Standard Habitual Purchase,0
TXN-CUST_MOHANA_002-10368,2026-07-18 13:54:16,2026-07-18,13:54:16,13,5,1,0,CUST_MOHANA_002,180,Coimbatore,Tamil Nadu,Medium Risk / 12% Fraud Rate,M019,ArenaSport World,Sports Retail,Fitness Equipment & Sports Wear,Chennai,Nungambakkam,Tamil Nadu,600034,13.0604,80.2405,6,5600.0,10:00-21:30,"POS,ONLINE,UPI,CARD",Stolen card chargeback on premium sports gear,0.026,65,10547.11,INR,PURCHASE,ONLINE,MOBILE_APP,1,0,Coimbatore,2.0,0,0,1,DEV-MOHANA-SAMSUNG-S23,mobile_android,0,BEN-CUST_MOHANA_002-TRUSTED,Trusted Household Vendor,10,0,1,8,0,0,0,None,Resolved Genuine,Standard Habitual Purchase,0
TXN-CUST_MOHANA_002-10369,2026-07-18 15:18:41,2026-07-18,15:18:41,15,5,1,0,CUST_MOHANA_002,180,Coimbatore,Tamil Nadu,Medium Risk / 12% Fraud Rate,M027,BrickHarbor Realty,Real Estate / Property Services,Rental Escrow & Facility Management,Chennai,Porur,Tamil Nadu,600116,13.035,80.16,11,65000.0,09:00-19:00,"TRANSFER,NETBANKING,CARD",Security deposit phishing / escrow hijacking,0.039,97,12211.02,INR,PURCHASE,CARD,MOBILE_APP,0,0,Coimbatore,9.0,0,0,1,DEV-MOHANA-SAMSUNG-S23,mobile_android,0,BEN-CUST_MOHANA_002-TRUSTED,Trusted Household Vendor,3,0,4,26,0,0,0,None,Resolved Genuine,Standard Habitual Purchase,0
TXN-CUST_MOHANA_002-10370,2026-07-18 16:47:20,2026-07-18,16:47:20,16,5,1,0,CUST_MOHANA_002,180,Coimbatore,Tamil Nadu,Medium Risk / 12% Fraud Rate,M019,ArenaSport World,Sports Retail,Fitness Equipment & Sports Wear,Chennai,Nungambakkam,Tamil Nadu,600034,13.0604,80.2405,6,5600.0,10:00-21:30,"POS,ONLINE,UPI,CARD",Stolen card chargeback on premium sports gear,0.026,65,11505.54,INR,PURCHASE,ONLINE,MOBILE_APP,1,0,Coimbatore,13.0,0,0,1,DEV-MOHANA-SAMSUNG-S23,mobile_android,0,BEN-CUST_MOHANA_002-TRUSTED,Trusted Household Vendor,11,0,4,18,0,0,0,None,Resolved Genuine,Standard Habitual Purchase,0
TXN-CUST_MOHANA_002-10371,2026-07-18 18:13:19,2026-07-18,18:13:19,18,5,1,0,CUST_MOHANA_002,180,Coimbatore,Tamil Nadu,Medium Risk / 12% Fraud Rate,M020,GameGrid Arena,Gaming,"Esports, Consoles & Virtual Credits",Bengaluru,Koramangala,Karnataka,560095,12.9352,77.6245,4,3400.0,10:00-01:00,"ONLINE,UPI,CARD,WALLET",Virtual item laundering & bot-driven micro transactions,0.055,137,10202.2,INR,PURCHASE,UPI,MOBILE_APP,0,0,Coimbatore,4.0,0,0,1,DEV-MOHANA-SAMSUNG-S23,mobile_android,0,BEN-CUST_MOHANA_002-TRUSTED,Trusted Household Vendor,8,0,3,20,0,0,0,None,Resolved Genuine,Standard Habitual Purchase,0
TXN-CUST_MOHANA_002-10372,2026-07-18 19:42:33,2026-07-18,19:42:33,19,5,1,0,CUST_MOHANA_002,180,Coimbatore,Tamil Nadu,Medium Risk / 12% Fraud Rate,M014,OakLine Furnishings,Furniture,Teak Wood & Modern Home Decor,Madurai,Bypass Road,Tamil Nadu,625016,9.932,78.109,12,38000.0,10:00-21:00,"POS,CARD,TRANSFER,EMI",Invoice redirection fraud / fake payment slips,0.029,72,12689.61,INR,PURCHASE,EMI,MOBILE_APP,1,0,Coimbatore,5.0,0,0,1,DEV-MOHANA-SAMSUNG-S23,mobile_android,0,BEN-CUST_MOHANA_002-TRUSTED,Trusted Household Vendor,14,0,1,10,0,0,0,None,Resolved Genuine,Standard Habitual Purchase,0
TXN-CUST_MOHANA_002-10373,2026-07-18 21:09:51,2026-07-18,21:09:51,21,5,1,0,CUST_MOHANA_002,180,Coimbatore,Tamil Nadu,Medium Risk / 12% Fraud Rate,M016,MotoCare Garage,Auto Service,Car Service & Detailing Hub,Chennai,Pallikaranai,Tamil Nadu,600100,12.9372,80.2014,7,8900.0,08:30-20:30,"POS,UPI,CARD",Over-invoicing / synthetic card payments,0.021,52,3414.82,INR,PURCHASE,UPI,MOBILE_APP,1,0,Coimbatore,2.0,0,0,1,DEV-MOHANA-SAMSUNG-S23,mobile_android,0,BEN-CUST_MOHANA_002-TRUSTED,Trusted Household Vendor,14,0,2,12,0,0,0,None,Resolved Genuine,Standard Habitual Purchase,0
TXN-CUST_MOHANA_002-10374,2026-07-18 22:36:42,2026-07-18,22:36:42,22,5,1,0,CUST_MOHANA_002,180,Coimbatore,Tamil Nadu,Medium Risk / 12% Fraud Rate,M027,BrickHarbor Realty,Real Estate / Property Services,Rental Escrow & Facility Management,Chennai,Porur,Tamil Nadu,600116,13.035,80.16,11,65000.0,09:00-19:00,"TRANSFER,NETBANKING,CARD",Security deposit phishing / escrow hijacking,0.039,97,175314.67,INR,P2P_TRANSFER,CARD,WEB_PORTAL,0,0,Mumbai,435.0,1,1,0,DEV-LAPTOP-CHROME-787,web_browser,1,BEN-NEW-355,Global Flight Booking,0,4,4,18,1,0,0,Geographic Anomaly / High Ticket Spike,Review Required,Sudden location velocity jump with new merchant,1
TXN-CUST_MOHANA_002-10375,2026-07-19 00:04:29,2026-07-19,00:04:29,0,6,1,1,CUST_MOHANA_002,180,Coimbatore,Tamil Nadu,Medium Risk / 12% Fraud Rate,M022,SkillSpring Academy,Education / Training,Professional Certifications & Tech Bootcamps,Chennai,Mylapore,Tamil Nadu,600004,13.0368,80.2676,8,22000.0,08:30-19:30,"ONLINE,NETBANKING,CARD,UPI",Stolen corporate card enrollments,0.028,70,51757.34,INR,PURCHASE,ONLINE,MOBILE_APP,0,0,Delhi,415.0,1,0,1,DEV-MOHANA-SAMSUNG-S23,mobile_android,0,BEN-CUST_MOHANA_002-01,Self Family Transfer,3,4,4,18,1,0,0,Geographic Anomaly / High Ticket Spike,Review Required,Sudden location velocity jump with new merchant,1
TXN-CUST_MOHANA_002-10376,2026-07-19 01:30:22,2026-07-19,01:30:22,1,6,1,1,CUST_MOHANA_002,180,Coimbatore,Tamil Nadu,Medium Risk / 12% Fraud Rate,M011,SkyTrail Travels,Travel Agency,Flight & International Tour Packages,Coimbatore,Gandhipuram,Tamil Nadu,641012,11.0183,76.9664,11,44000.0,09:00-20:00,"ONLINE,TRANSFER,CARD",Mule-account ticket arbitrage & fast cancellation fraud,0.052,130,5504.6,INR,PURCHASE,TRANSFER,MOBILE_APP,0,0,Coimbatore,3.0,0,0,1,DEV-MOHANA-SAMSUNG-S23,mobile_android,0,BEN-CUST_MOHANA_002-TRUSTED,Trusted Household Vendor,8,1,1,12,0,0,0,None,Resolved Genuine,Standard Habitual Purchase,0
TXN-CUST_MOHANA_002-10377,2026-07-19 02:56:03,2026-07-19,02:56:03,2,6,1,1,CUST_MOHANA_002,180,Coimbatore,Tamil Nadu,Medium Risk / 12% Fraud Rate,M017,AutoForge Parts,Spare Parts,OEM Industrial & Auto Components,Hosur,Mookandapalli,Tamil Nadu,635126,12.7409,77.8253,15,16500.0,09:00-19:30,"TRANSFER,POS,CARD",Business email compromise / fake beneficiary update,0.033,82,10339.21,INR,PURCHASE,POS,MOBILE_APP,1,0,Coimbatore,8.0,0,0,1,DEV-MOHANA-SAMSUNG-S23,mobile_android,0,BEN-CUST_MOHANA_002-TRUSTED,Trusted Household Vendor,6,0,2,15,0,0,0,None,Resolved Genuine,Standard Habitual Purchase,0
TXN-CUST_MOHANA_002-10378,2026-07-19 04:20:34,2026-07-19,04:20:34,4,6,1,1,CUST_MOHANA_002,180,Coimbatore,Tamil Nadu,Medium Risk / 12% Fraud Rate,M022,SkillSpring Academy,Education / Training,Professional Certifications & Tech Bootcamps,Chennai,Mylapore,Tamil Nadu,600004,13.0368,80.2676,8,22000.0,08:30-19:30,"ONLINE,NETBANKING,CARD,UPI",Stolen corporate card enrollments,0.028,70,12152.76,INR,PURCHASE,UPI,MOBILE_APP,0,0,Coimbatore,11.0,0,0,1,DEV-MOHANA-SAMSUNG-S23,mobile_android,0,BEN-CUST_MOHANA_002-TRUSTED,Trusted Household Vendor,7,0,4,18,0,0,0,None,Resolved Genuine,Standard Habitual Purchase,0
TXN-CUST_MOHANA_002-10379,2026-07-19 05:45:29,2026-07-19,05:45:29,5,6,1,1,CUST_MOHANA_002,180,Coimbatore,Tamil Nadu,Medium Risk / 12% Fraud Rate,M014,OakLine Furnishings,Furniture,Teak Wood & Modern Home Decor,Madurai,Bypass Road,Tamil Nadu,625016,9.932,78.109,12,38000.0,10:00-21:00,"POS,CARD,TRANSFER,EMI",Invoice redirection fraud / fake payment slips,0.029,72,8128.54,INR,PURCHASE,EMI,MOBILE_APP,1,0,Coimbatore,1.0,0,0,1,DEV-MOHANA-SAMSUNG-S23,mobile_android,0,BEN-CUST_MOHANA_002-TRUSTED,Trusted Household Vendor,14,0,1,14,0,0,0,None,Resolved Genuine,Standard Habitual Purchase,0
TXN-CUST_MOHANA_002-10380,2026-07-19 07:10:37,2026-07-19,07:10:37,7,6,1,0,CUST_MOHANA_002,180,Coimbatore,Tamil Nadu,Medium Risk / 12% Fraud Rate,M014,OakLine Furnishings,Furniture,Teak Wood & Modern Home Decor,Madurai,Bypass Road,Tamil Nadu,625016,9.932,78.109,12,38000.0,10:00-21:00,"POS,CARD,TRANSFER,EMI",Invoice redirection fraud / fake payment slips,0.029,72,4526.25,INR,PURCHASE,EMI,MOBILE_APP,1,0,Coimbatore,5.0,0,0,1,DEV-MOHANA-SAMSUNG-S23,mobile_android,0,BEN-CUST_MOHANA_002-TRUSTED,Trusted Household Vendor,5,1,3,14,0,0,0,None,Resolved Genuine,Standard Habitual Purchase,0
TXN-CUST_MOHANA_002-10381,2026-07-19 08:36:52,2026-07-19,08:36:52,8,6,1,0,CUST_MOHANA_002,180,Coimbatore,Tamil Nadu,Medium Risk / 12% Fraud Rate,M025,ShieldSure Services,Insurance Services,General & Health Insurance Premium,Chennai,Egmore,Tamil Nadu,600008,13.0784,80.2607,13,14000.0,09:30-18:00,"ONLINE,NETBANKING,CARD",Premium diversion / fake policy payment slips,0.019,47,8801.84,INR,PURCHASE,ONLINE,MOBILE_APP,0,0,Coimbatore,10.0,0,0,1,DEV-MOHANA-SAMSUNG-S23,mobile_android,0,BEN-CUST_MOHANA_002-TRUSTED,Trusted Household Vendor,13,0,3,21,0,0,0,None,Resolved Genuine,Standard Habitual Purchase,0
TXN-CUST_MOHANA_002-10382,2026-07-19 10:01:28,2026-07-19,10:01:28,10,6,1,0,CUST_MOHANA_002,180,Coimbatore,Tamil Nadu,Medium Risk / 12% Fraud Rate,M028,CraftCove Home Decor,Home Decor,Handicrafts & Art Pieces,Thanjavur,Medical College Road,Tamil Nadu,613004,10.7684,79.1245,8,7400.0,09:30-20:30,"POS,UPI,CARD,ONLINE",Cross-border tourist chargebacks,0.023,57,6211.28,INR,PURCHASE,ONLINE,MOBILE_APP,1,0,Coimbatore,8.0,0,0,1,DEV-MOHANA-SAMSUNG-S23,mobile_android,0,BEN-CUST_MOHANA_002-TRUSTED,Trusted Household Vendor,5,0,3,17,0,0,0,None,Resolved Genuine,Standard Habitual Purchase,0
TXN-CUST_MOHANA_002-10383,2026-07-19 11:27:30,2026-07-19,11:27:30,11,6,1,0,CUST_MOHANA_002,180,Coimbatore,Tamil Nadu,Medium Risk / 12% Fraud Rate,M005,UrbanThread Studio,Fashion / Apparel,Designer & Ready-to-wear,Chennai,Anna Nagar,Tamil Nadu,600040,13.085,80.2101,5,4800.0,10:30-22:00,"POS,ONLINE,UPI,CARD",Refund abuse / credential stuffing,0.022,55,3574.89,INR,PURCHASE,ONLINE,MOBILE_APP,1,0,Coimbatore,4.0,0,0,1,DEV-MOHANA-SAMSUNG-S23,mobile_android,0,BEN-CUST_MOHANA_002-TRUSTED,Trusted Household Vendor,6,0,4,19,0,0,0,None,Resolved Genuine,Standard Habitual Purchase,0
TXN-CUST_MOHANA_002-10384,2026-07-19 12:52:30,2026-07-19,12:52:30,12,6,1,0,CUST_MOHANA_002,180,Coimbatore,Tamil Nadu,Medium Risk / 12% Fraud Rate,M012,DashDine Delivery,Food Delivery,Quick Commerce & Meal Delivery,Chennai,Sholinganallur,Tamil Nadu,600119,12.901,80.2279,4,520.0,06:00-02:00,"UPI,CARD,ONLINE,WALLET",Promo code abuse / stolen wallet balances,0.014,35,8724.69,INR,PURCHASE,WALLET,MOBILE_APP,0,0,Coimbatore,12.0,0,0,1,DEV-MOHANA-SAMSUNG-S23,mobile_android,0,BEN-CUST_MOHANA_002-TRUSTED,Trusted Household Vendor,14,1,3,14,0,0,0,None,Resolved Genuine,Standard Habitual Purchase,0
TXN-CUST_MOHANA_002-10385,2026-07-19 14:16:17,2026-07-19,14:16:17,14,6,1,0,CUST_MOHANA_002,180,Coimbatore,Tamil Nadu,Medium Risk / 12% Fraud Rate,M029,CloudDesk Digital,Software / Digital Services,Cloud Infrastructure & SaaS Tools,Bengaluru,Whitefield,Karnataka,560066,12.9698,77.7499,7,19800.0,24_HOURS,"ONLINE,CARD,TRANSFER",Cryptomining VM rental with stolen credit cards,0.058,145,4492.62,INR,PURCHASE,TRANSFER,MOBILE_APP,0,0,Coimbatore,15.0,0,0,1,DEV-MOHANA-SAMSUNG-S23,mobile_android,0,BEN-CUST_MOHANA_002-TRUSTED,Trusted Household Vendor,15,0,2,18,0,0,0,None,Resolved Genuine,Standard Habitual Purchase,0
TXN-CUST_MOHANA_002-10386,2026-07-19 15:44:49,2026-07-19,15:44:49,15,6,1,0,CUST_MOHANA_002,180,Coimbatore,Tamil Nadu,Medium Risk / 12% Fraud Rate,M019,ArenaSport World,Sports Retail,Fitness Equipment & Sports Wear,Chennai,Nungambakkam,Tamil Nadu,600034,13.0604,80.2405,6,5600.0,10:00-21:30,"POS,ONLINE,UPI,CARD",Stolen card chargeback on premium sports gear,0.026,65,11549.75,INR,PURCHASE,POS,MOBILE_APP,1,0,Coimbatore,9.0,0,0,1,DEV-MOHANA-SAMSUNG-S23,mobile_android,0,BEN-CUST_MOHANA_002-TRUSTED,Trusted Household Vendor,11,0,4,20,0,0,0,None,Resolved Genuine,Standard Habitual Purchase,0
TXN-CUST_MOHANA_002-10387,2026-07-19 17:13:58,2026-07-19,17:13:58,17,6,1,0,CUST_MOHANA_002,180,Coimbatore,Tamil Nadu,Medium Risk / 12% Fraud Rate,M011,SkyTrail Travels,Travel Agency,Flight & International Tour Packages,Coimbatore,Gandhipuram,Tamil Nadu,641012,11.0183,76.9664,11,44000.0,09:00-20:00,"ONLINE,TRANSFER,CARD",Mule-account ticket arbitrage & fast cancellation fraud,0.052,130,11238.63,INR,PURCHASE,TRANSFER,MOBILE_APP,0,0,Coimbatore,13.0,0,0,1,DEV-MOHANA-SAMSUNG-S23,mobile_android,0,BEN-CUST_MOHANA_002-TRUSTED,Trusted Household Vendor,3,0,3,17,0,0,0,None,Resolved Genuine,Standard Habitual Purchase,0
TXN-CUST_MOHANA_002-10388,2026-07-19 18:38:29,2026-07-19,18:38:29,18,6,1,0,CUST_MOHANA_002,180,Coimbatore,Tamil Nadu,Medium Risk / 12% Fraud Rate,M024,LinkWave Telecom,Telecom Retail,Fiber Broadband & Postpaid Plans,Erode,Perundurai Road,Tamil Nadu,638011,11.341,77.7172,10,1950.0,09:30-20:30,"UPI,CARD,ONLINE,POS",SIM swap bill recharge surges,0.017,42,6524.65,INR,PURCHASE,CARD,MOBILE_APP,1,0,Coimbatore,13.0,0,0,1,DEV-MOHANA-SAMSUNG-S23,mobile_android,0,BEN-CUST_MOHANA_002-TRUSTED,Trusted Household Vendor,12,0,3,20,0,0,0,None,Resolved Genuine,Standard Habitual Purchase,0
TXN-CUST_MOHANA_002-10389,2026-07-19 20:05:54,2026-07-19,20:05:54,20,6,1,0,CUST_MOHANA_002,180,Coimbatore,Tamil Nadu,Medium Risk / 12% Fraud Rate,M020,GameGrid Arena,Gaming,"Esports, Consoles & Virtual Credits",Bengaluru,Koramangala,Karnataka,560095,12.9352,77.6245,4,3400.0,10:00-01:00,"ONLINE,UPI,CARD,WALLET",Virtual item laundering & bot-driven micro transactions,0.055,137,9165.2,INR,PURCHASE,UPI,MOBILE_APP,0,0,Coimbatore,6.0,0,0,1,DEV-MOHANA-SAMSUNG-S23,mobile_android,0,BEN-CUST_MOHANA_002-TRUSTED,Trusted Household Vendor,12,1,4,21,0,0,0,None,Resolved Genuine,Standard Habitual Purchase,0
TXN-CUST_MOHANA_002-10390,2026-07-19 21:31:15,2026-07-19,21:31:15,21,6,1,0,CUST_MOHANA_002,180,Coimbatore,Tamil Nadu,Medium Risk / 12% Fraud Rate,M028,CraftCove Home Decor,Home Decor,Handicrafts & Art Pieces,Thanjavur,Medical College Road,Tamil Nadu,613004,10.7684,79.1245,8,7400.0,09:30-20:30,"POS,UPI,CARD,ONLINE",Cross-border tourist chargebacks,0.023,57,16802.49,INR,P2P_TRANSFER,POS,WEB_PORTAL,0,0,Hyderabad,641.0,1,1,0,DEV-LAPTOP-CHROME-346,web_browser,1,BEN-NEW-675,Global Flight Booking,0,3,5,23,1,0,0,Geographic Anomaly / High Ticket Spike,Review Required,Sudden location velocity jump with new merchant,1
TXN-CUST_MOHANA_002-10391,2026-07-19 22:55:16,2026-07-19,22:55:16,22,6,1,0,CUST_MOHANA_002,180,Coimbatore,Tamil Nadu,Medium Risk / 12% Fraud Rate,M029,CloudDesk Digital,Software / Digital Services,Cloud Infrastructure & SaaS Tools,Bengaluru,Whitefield,Karnataka,560066,12.9698,77.7499,7,19800.0,24_HOURS,"ONLINE,CARD,TRANSFER",Cryptomining VM rental with stolen credit cards,0.058,145,4797.36,INR,PURCHASE,CARD,MOBILE_APP,0,0,Coimbatore,7.0,0,0,1,DEV-MOHANA-SAMSUNG-S23,mobile_android,0,BEN-CUST_MOHANA_002-TRUSTED,Trusted Household Vendor,10,0,2,18,0,0,0,None,Resolved Genuine,Standard Habitual Purchase,0
TXN-CUST_MOHANA_002-10392,2026-07-20 00:24:39,2026-07-20,00:24:39,0,0,0,1,CUST_MOHANA_002,180,Coimbatore,Tamil Nadu,Medium Risk / 12% Fraud Rate,M003,Pulse Mobile Hub,Mobile Store,Smartphones & Accessories,Chennai,Tambaram,Tamil Nadu,600045,12.9249,80.1278,4,18500.0,09:30-21:30,"POS,UPI,CARD",New device abuse / rapid checkout surge,0.035,87,4446.67,INR,PURCHASE,CARD,MOBILE_APP,1,0,Coimbatore,9.0,0,0,1,DEV-MOHANA-SAMSUNG-S23,mobile_android,0,BEN-CUST_MOHANA_002-TRUSTED,Trusted Household Vendor,6,0,2,13,0,0,0,None,Resolved Genuine,Standard Habitual Purchase,0
TXN-CUST_MOHANA_002-10393,2026-07-20 01:49:22,2026-07-20,01:49:22,1,0,0,1,CUST_MOHANA_002,180,Coimbatore,Tamil Nadu,Medium Risk / 12% Fraud Rate,M004,Aurelia Gold House,Jewellery,Gold & Diamond Jewellery,Coimbatore,RS Puram,Tamil Nadu,641002,11.0089,76.9514,14,78000.0,10:00-20:30,"POS,CARD,TRANSFER",Account takeover / card-not-present luxury surge,0.065,162,3773.48,INR,PURCHASE,CARD,MOBILE_APP,1,0,Coimbatore,1.0,0,0,1,DEV-MOHANA-SAMSUNG-S23,mobile_android,0,BEN-CUST_MOHANA_002-TRUSTED,Trusted Household Vendor,4,0,4,25,0,0,0,None,Resolved Genuine,Standard Habitual Purchase,0
TXN-CUST_MOHANA_002-10394,2026-07-20 03:18:07,2026-07-20,03:18:07,3,0,0,1,CUST_MOHANA_002,180,Coimbatore,Tamil Nadu,Medium Risk / 12% Fraud Rate,M003,Pulse Mobile Hub,Mobile Store,Smartphones & Accessories,Chennai,Tambaram,Tamil Nadu,600045,12.9249,80.1278,4,18500.0,09:30-21:30,"POS,UPI,CARD",New device abuse / rapid checkout surge,0.035,87,6876.31,INR,PURCHASE,UPI,MOBILE_APP,1,0,Coimbatore,4.0,0,0,1,DEV-MOHANA-SAMSUNG-S23,mobile_android,0,BEN-CUST_MOHANA_002-TRUSTED,Trusted Household Vendor,15,0,1,14,0,0,0,None,Resolved Genuine,Standard Habitual Purchase,0
TXN-CUST_MOHANA_002-10395,2026-07-20 04:46:00,2026-07-20,04:46:00,4,0,0,1,CUST_MOHANA_002,180,Coimbatore,Tamil Nadu,Medium Risk / 12% Fraud Rate,M025,ShieldSure Services,Insurance Services,General & Health Insurance Premium,Chennai,Egmore,Tamil Nadu,600008,13.0784,80.2607,13,14000.0,09:30-18:00,"ONLINE,NETBANKING,CARD",Premium diversion / fake policy payment slips,0.019,47,5860.34,INR,PURCHASE,CARD,MOBILE_APP,0,0,Coimbatore,8.0,0,0,1,DEV-MOHANA-SAMSUNG-S23,mobile_android,0,BEN-CUST_MOHANA_002-TRUSTED,Trusted Household Vendor,13,0,2,10,0,0,0,None,Resolved Genuine,Standard Habitual Purchase,0
TXN-CUST_MOHANA_002-10396,2026-07-20 06:14:57,2026-07-20,06:14:57,6,0,0,0,CUST_MOHANA_002,180,Coimbatore,Tamil Nadu,Medium Risk / 12% Fraud Rate,M016,MotoCare Garage,Auto Service,Car Service & Detailing Hub,Chennai,Pallikaranai,Tamil Nadu,600100,12.9372,80.2014,7,8900.0,08:30-20:30,"POS,UPI,CARD",Over-invoicing / synthetic card payments,0.021,52,11734.07,INR,PURCHASE,POS,MOBILE_APP,1,0,Coimbatore,4.0,0,0,1,DEV-MOHANA-SAMSUNG-S23,mobile_android,0,BEN-CUST_MOHANA_002-TRUSTED,Trusted Household Vendor,4,0,3,22,0,0,0,None,Resolved Genuine,Standard Habitual Purchase,0
TXN-CUST_MOHANA_002-10397,2026-07-20 07:41:51,2026-07-20,07:41:51,7,0,0,0,CUST_MOHANA_002,180,Coimbatore,Tamil Nadu,Medium Risk / 12% Fraud Rate,M019,ArenaSport World,Sports Retail,Fitness Equipment & Sports Wear,Chennai,Nungambakkam,Tamil Nadu,600034,13.0604,80.2405,6,5600.0,10:00-21:30,"POS,ONLINE,UPI,CARD",Stolen card chargeback on premium sports gear,0.026,65,6232.23,INR,PURCHASE,CARD,MOBILE_APP,1,0,Coimbatore,7.0,0,0,1,DEV-MOHANA-SAMSUNG-S23,mobile_android,0,BEN-CUST_MOHANA_002-TRUSTED,Trusted Household Vendor,15,0,3,22,0,0,0,None,Resolved Genuine,Standard Habitual Purchase,0
TXN-CUST_MOHANA_002-10398,2026-07-20 09:09:26,2026-07-20,09:09:26,9,0,0,0,CUST_MOHANA_002,180,Coimbatore,Tamil Nadu,Medium Risk / 12% Fraud Rate,M001,NovaMart Fresh,Grocery & Supermarket,Supermarket / Hypermarket,Chennai,T Nagar,Tamil Nadu,600017,13.0418,80.2341,8,1250.0,07:00-22:30,"POS,UPI,CARD,ONLINE",Card testing / micro-burst velocity,0.012,30,10936.79,INR,PURCHASE,UPI,MOBILE_APP,1,0,Coimbatore,11.0,0,0,1,DEV-MOHANA-SAMSUNG-S23,mobile_android,0,BEN-CUST_MOHANA_002-TRUSTED,Trusted Household Vendor,6,0,3,16,0,0,0,None,Resolved Genuine,Standard Habitual Purchase,0
TXN-CUST_MOHANA_002-10399,2026-07-20 10:34:14,2026-07-20,10:34:14,10,0,0,0,CUST_MOHANA_002,180,Coimbatore,Tamil Nadu,Medium Risk / 12% Fraud Rate,M002,CircuitBay Electronics,Consumer Electronics,Laptops & Gadgets,Chennai,Velachery,Tamil Nadu,600042,12.9759,80.2212,6,32000.0,10:00-21:30,"POS,ONLINE,EMI,UPI",Stolen payment details / high-ticket electronics delivery,0.048,120,90413.32,INR,P2P_TRANSFER,ONLINE,WEB_PORTAL,0,0,Mumbai,435.0,1,1,0,DEV-LAPTOP-CHROME-314,web_browser,1,BEN-NEW-560,Global Flight Booking,0,3,7,32,1,0,0,Geographic Anomaly / High Ticket Spike,Review Required,Sudden location velocity jump with new merchant,1
TXN-CUST_MOHANA_002-10400,2026-07-20 11:57:49,2026-07-20,11:57:49,11,0,0,0,CUST_MOHANA_002,180,Coimbatore,Tamil Nadu,Medium Risk / 12% Fraud Rate,M024,LinkWave Telecom,Telecom Retail,Fiber Broadband & Postpaid Plans,Erode,Perundurai Road,Tamil Nadu,638011,11.341,77.7172,10,1950.0,09:30-20:30,"UPI,CARD,ONLINE,POS",SIM swap bill recharge surges,0.017,42,12704.86,INR,PURCHASE,POS,MOBILE_APP,1,0,Coimbatore,4.0,0,0,1,DEV-MOHANA-SAMSUNG-S23,mobile_android,0,BEN-CUST_MOHANA_002-TRUSTED,Trusted Household Vendor,13,0,3,16,0,0,0,None,Resolved Genuine,Standard Habitual Purchase,0
TXN-CUST_MOHANA_002-10401,2026-07-20 13:25:21,2026-07-20,13:25:21,13,0,0,0,CUST_MOHANA_002,180,Coimbatore,Tamil Nadu,Medium Risk / 12% Fraud Rate,M027,BrickHarbor Realty,Real Estate / Property Services,Rental Escrow & Facility Management,Chennai,Porur,Tamil Nadu,600116,13.035,80.16,11,65000.0,09:00-19:00,"TRANSFER,NETBANKING,CARD",Security deposit phishing / escrow hijacking,0.039,97,12591.8,INR,PURCHASE,TRANSFER,MOBILE_APP,0,0,Coimbatore,8.0,0,0,1,DEV-MOHANA-SAMSUNG-S23,mobile_android,0,BEN-CUST_MOHANA_002-TRUSTED,Trusted Household Vendor,8,0,2,18,0,0,0,None,Resolved Genuine,Standard Habitual Purchase,0
TXN-CUST_MOHANA_002-10402,2026-07-20 14:49:48,2026-07-20,14:49:48,14,0,0,0,CUST_MOHANA_002,180,Coimbatore,Tamil Nadu,Medium Risk / 12% Fraud Rate,M027,BrickHarbor Realty,Real Estate / Property Services,Rental Escrow & Facility Management,Chennai,Porur,Tamil Nadu,600116,13.035,80.16,11,65000.0,09:00-19:00,"TRANSFER,NETBANKING,CARD",Security deposit phishing / escrow hijacking,0.039,97,12507.58,INR,PURCHASE,TRANSFER,MOBILE_APP,0,0,Coimbatore,2.0,0,0,1,DEV-MOHANA-SAMSUNG-S23,mobile_android,0,BEN-CUST_MOHANA_002-TRUSTED,Trusted Household Vendor,6,1,2,12,0,0,0,None,Resolved Genuine,Standard Habitual Purchase,0
TXN-CUST_MOHANA_002-10403,2026-07-20 16:15:41,2026-07-20,16:15:41,16,0,0,0,CUST_MOHANA_002,180,Coimbatore,Tamil Nadu,Medium Risk / 12% Fraud Rate,M014,OakLine Furnishings,Furniture,Teak Wood & Modern Home Decor,Madurai,Bypass Road,Tamil Nadu,625016,9.932,78.109,12,38000.0,10:00-21:00,"POS,CARD,TRANSFER,EMI",Invoice redirection fraud / fake payment slips,0.029,72,80596.48,INR,P2P_TRANSFER,TRANSFER,MOBILE_APP,0,0,Delhi,1030.0,1,0,1,DEV-MOHANA-SAMSUNG-S23,mobile_android,1,BEN-NEW-793,Global Flight Booking,0,4,9,45,1,0,0,Geographic Anomaly / High Ticket Spike,Review Required,Sudden location velocity jump with new merchant,1
TXN-CUST_MOHANA_002-10404,2026-07-20 17:40:02,2026-07-20,17:40:02,17,0,0,0,CUST_MOHANA_002,180,Coimbatore,Tamil Nadu,Medium Risk / 12% Fraud Rate,M020,GameGrid Arena,Gaming,"Esports, Consoles & Virtual Credits",Bengaluru,Koramangala,Karnataka,560095,12.9352,77.6245,4,3400.0,10:00-01:00,"ONLINE,UPI,CARD,WALLET",Virtual item laundering & bot-driven micro transactions,0.055,137,8656.36,INR,PURCHASE,WALLET,MOBILE_APP,0,0,Delhi,735.0,1,0,1,DEV-MOHANA-SAMSUNG-S23,mobile_android,0,BEN-CUST_MOHANA_002-01,Self Family Transfer,3,2,8,38,1,0,0,Geographic Anomaly / High Ticket Spike,Review Required,Sudden location velocity jump with new merchant,1
TXN-CUST_MOHANA_002-10405,2026-07-20 19:05:20,2026-07-20,19:05:20,19,0,0,0,CUST_MOHANA_002,180,Coimbatore,Tamil Nadu,Medium Risk / 12% Fraud Rate,M020,GameGrid Arena,Gaming,"Esports, Consoles & Virtual Credits",Bengaluru,Koramangala,Karnataka,560095,12.9352,77.6245,4,3400.0,10:00-01:00,"ONLINE,UPI,CARD,WALLET",Virtual item laundering & bot-driven micro transactions,0.055,137,7139.34,INR,P2P_TRANSFER,WALLET,MOBILE_APP,0,0,Mumbai,500.0,1,0,1,DEV-MOHANA-SAMSUNG-S23,mobile_android,1,BEN-NEW-648,Global Flight Booking,0,3,6,27,1,0,0,Geographic Anomaly / High Ticket Spike,Review Required,Sudden location velocity jump with new merchant,1
TXN-CUST_MOHANA_002-10406,2026-07-20 20:33:59,2026-07-20,20:33:59,20,0,0,0,CUST_MOHANA_002,180,Coimbatore,Tamil Nadu,Medium Risk / 12% Fraud Rate,M004,Aurelia Gold House,Jewellery,Gold & Diamond Jewellery,Coimbatore,RS Puram,Tamil Nadu,641002,11.0089,76.9514,14,78000.0,10:00-20:30,"POS,CARD,TRANSFER",Account takeover / card-not-present luxury surge,0.065,162,11525.34,INR,PURCHASE,TRANSFER,MOBILE_APP,1,0,Coimbatore,3.0,0,0,1,DEV-MOHANA-SAMSUNG-S23,mobile_android,0,BEN-CUST_MOHANA_002-TRUSTED,Trusted Household Vendor,14,0,2,18,0,0,0,None,Resolved Genuine,Standard Habitual Purchase,0
TXN-CUST_MOHANA_002-10407,2026-07-20 22:03:05,2026-07-20,22:03:05,22,0,0,0,CUST_MOHANA_002,180,Coimbatore,Tamil Nadu,Medium Risk / 12% Fraud Rate,M004,Aurelia Gold House,Jewellery,Gold & Diamond Jewellery,Coimbatore,RS Puram,Tamil Nadu,641002,11.0089,76.9514,14,78000.0,10:00-20:30,"POS,CARD,TRANSFER",Account takeover / card-not-present luxury surge,0.065,162,9112.66,INR,PURCHASE,TRANSFER,MOBILE_APP,1,0,Coimbatore,7.0,0,0,1,DEV-MOHANA-SAMSUNG-S23,mobile_android,0,BEN-CUST_MOHANA_002-TRUSTED,Trusted Household Vendor,3,0,2,12,0,0,0,None,Resolved Genuine,Standard Habitual Purchase,0
TXN-CUST_MOHANA_002-10408,2026-07-20 23:29:43,2026-07-20,23:29:43,23,0,0,1,CUST_MOHANA_002,180,Coimbatore,Tamil Nadu,Medium Risk / 12% Fraud Rate,M008,BeanCircuit Cafe,Cafe,Specialty Coffee & Bakery,Bengaluru,Indiranagar,Karnataka,560038,12.9784,77.6408,3,650.0,07:30-23:00,"UPI,POS,CARD",QR code spoofing / fast velocity dining,0.009,22,11549.22,INR,PURCHASE,CARD,MOBILE_APP,1,0,Coimbatore,4.0,0,0,1,DEV-MOHANA-SAMSUNG-S23,mobile_android,0,BEN-CUST_MOHANA_002-TRUSTED,Trusted Household Vendor,6,0,1,14,0,0,0,None,Resolved Genuine,Standard Habitual Purchase,0
TXN-CUST_MOHANA_002-10409,2026-07-21 00:53:37,2026-07-21,00:53:37,0,1,0,1,CUST_MOHANA_002,180,Coimbatore,Tamil Nadu,Medium Risk / 12% Fraud Rate,M017,AutoForge Parts,Spare Parts,OEM Industrial & Auto Components,Hosur,Mookandapalli,Tamil Nadu,635126,12.7409,77.8253,15,16500.0,09:00-19:30,"TRANSFER,POS,CARD",Business email compromise / fake beneficiary update,0.033,82,8883.18,INR,PURCHASE,TRANSFER,MOBILE_APP,1,0,Coimbatore,5.0,0,0,1,DEV-MOHANA-SAMSUNG-S23,mobile_android,0,BEN-CUST_MOHANA_002-TRUSTED,Trusted Household Vendor,5,0,2,16,0,0,0,None,Resolved Genuine,Standard Habitual Purchase,0
TXN-CUST_MOHANA_002-10410,2026-07-21 02:19:57,2026-07-21,02:19:57,2,1,0,1,CUST_MOHANA_002,180,Coimbatore,Tamil Nadu,Medium Risk / 12% Fraud Rate,M027,BrickHarbor Realty,Real Estate / Property Services,Rental Escrow & Facility Management,Chennai,Porur,Tamil Nadu,600116,13.035,80.16,11,65000.0,09:00-19:00,"TRANSFER,NETBANKING,CARD",Security deposit phishing / escrow hijacking,0.039,97,5494.06,INR,PURCHASE,TRANSFER,MOBILE_APP,0,0,Coimbatore,13.0,0,0,1,DEV-MOHANA-SAMSUNG-S23,mobile_android,0,BEN-CUST_MOHANA_002-TRUSTED,Trusted Household Vendor,11,0,1,13,0,0,0,None,Resolved Genuine,Standard Habitual Purchase,0
TXN-CUST_MOHANA_002-10411,2026-07-21 03:43:47,2026-07-21,03:43:47,3,1,0,1,CUST_MOHANA_002,180,Coimbatore,Tamil Nadu,Medium Risk / 12% Fraud Rate,M024,LinkWave Telecom,Telecom Retail,Fiber Broadband & Postpaid Plans,Erode,Perundurai Road,Tamil Nadu,638011,11.341,77.7172,10,1950.0,09:30-20:30,"UPI,CARD,ONLINE,POS",SIM swap bill recharge surges,0.017,42,9865.32,INR,PURCHASE,CARD,MOBILE_APP,1,0,Coimbatore,2.0,0,0,1,DEV-MOHANA-SAMSUNG-S23,mobile_android,0,BEN-CUST_MOHANA_002-TRUSTED,Trusted Household Vendor,10,0,3,18,0,0,0,None,Resolved Genuine,Standard Habitual Purchase,0
TXN-CUST_MOHANA_002-10412,2026-07-21 05:13:08,2026-07-21,05:13:08,5,1,0,1,CUST_MOHANA_002,180,Coimbatore,Tamil Nadu,Medium Risk / 12% Fraud Rate,M011,SkyTrail Travels,Travel Agency,Flight & International Tour Packages,Coimbatore,Gandhipuram,Tamil Nadu,641012,11.0183,76.9664,11,44000.0,09:00-20:00,"ONLINE,TRANSFER,CARD",Mule-account ticket arbitrage & fast cancellation fraud,0.052,130,3705.59,INR,PURCHASE,CARD,MOBILE_APP,0,0,Coimbatore,13.0,0,0,1,DEV-MOHANA-SAMSUNG-S23,mobile_android,0,BEN-CUST_MOHANA_002-TRUSTED,Trusted Household Vendor,15,1,1,6,0,0,0,None,Resolved Genuine,Standard Habitual Purchase,0
TXN-CUST_MOHANA_002-10413,2026-07-21 06:41:43,2026-07-21,06:41:43,6,1,0,0,CUST_MOHANA_002,180,Coimbatore,Tamil Nadu,Medium Risk / 12% Fraud Rate,M024,LinkWave Telecom,Telecom Retail,Fiber Broadband & Postpaid Plans,Erode,Perundurai Road,Tamil Nadu,638011,11.341,77.7172,10,1950.0,09:30-20:30,"UPI,CARD,ONLINE,POS",SIM swap bill recharge surges,0.017,42,3709.54,INR,PURCHASE,CARD,MOBILE_APP,1,0,Coimbatore,6.0,0,0,1,DEV-MOHANA-SAMSUNG-S23,mobile_android,0,BEN-CUST_MOHANA_002-TRUSTED,Trusted Household Vendor,4,1,1,13,0,0,0,None,Resolved Genuine,Standard Habitual Purchase,0
TXN-CUST_MOHANA_002-10414,2026-07-21 08:10:50,2026-07-21,08:10:50,8,1,0,0,CUST_MOHANA_002,180,Coimbatore,Tamil Nadu,Medium Risk / 12% Fraud Rate,M004,Aurelia Gold House,Jewellery,Gold & Diamond Jewellery,Coimbatore,RS Puram,Tamil Nadu,641002,11.0089,76.9514,14,78000.0,10:00-20:30,"POS,CARD,TRANSFER",Account takeover / card-not-present luxury surge,0.065,162,7877.59,INR,PURCHASE,TRANSFER,MOBILE_APP,1,0,Coimbatore,15.0,0,0,1,DEV-MOHANA-SAMSUNG-S23,mobile_android,0,BEN-CUST_MOHANA_002-TRUSTED,Trusted Household Vendor,3,0,3,14,0,0,0,None,Resolved Genuine,Standard Habitual Purchase,0
TXN-CUST_MOHANA_002-10415,2026-07-21 09:38:33,2026-07-21,09:38:33,9,1,0,0,CUST_MOHANA_002,180,Coimbatore,Tamil Nadu,Medium Risk / 12% Fraud Rate,M012,DashDine Delivery,Food Delivery,Quick Commerce & Meal Delivery,Chennai,Sholinganallur,Tamil Nadu,600119,12.901,80.2279,4,520.0,06:00-02:00,"UPI,CARD,ONLINE,WALLET",Promo code abuse / stolen wallet balances,0.014,35,1163.75,INR,P2P_TRANSFER,UPI,MOBILE_APP,0,0,Hyderabad,961.0,1,0,1,DEV-MOHANA-SAMSUNG-S23,mobile_android,1,BEN-NEW-263,Global Flight Booking,0,3,10,50,1,0,0,Geographic Anomaly / High Ticket Spike,Review Required,Sudden location velocity jump with new merchant,1
TXN-CUST_MOHANA_002-10416,2026-07-21 11:06:50,2026-07-21,11:06:50,11,1,0,0,CUST_MOHANA_002,180,Coimbatore,Tamil Nadu,Medium Risk / 12% Fraud Rate,M020,GameGrid Arena,Gaming,"Esports, Consoles & Virtual Credits",Bengaluru,Koramangala,Karnataka,560095,12.9352,77.6245,4,3400.0,10:00-01:00,"ONLINE,UPI,CARD,WALLET",Virtual item laundering & bot-driven micro transactions,0.055,137,10215.06,INR,PURCHASE,ONLINE,MOBILE_APP,0,0,Coimbatore,9.0,0,0,1,DEV-MOHANA-SAMSUNG-S23,mobile_android,0,BEN-CUST_MOHANA_002-TRUSTED,Trusted Household Vendor,11,0,4,20,0,0,0,None,Resolved Genuine,Standard Habitual Purchase,0
TXN-CUST_MOHANA_002-10417,2026-07-21 12:31:17,2026-07-21,12:31:17,12,1,0,0,CUST_MOHANA_002,180,Coimbatore,Tamil Nadu,Medium Risk / 12% Fraud Rate,M025,ShieldSure Services,Insurance Services,General & Health Insurance Premium,Chennai,Egmore,Tamil Nadu,600008,13.0784,80.2607,13,14000.0,09:30-18:00,"ONLINE,NETBANKING,CARD",Premium diversion / fake policy payment slips,0.019,47,6347.57,INR,PURCHASE,NETBANKING,MOBILE_APP,0,0,Coimbatore,10.0,0,0,1,DEV-MOHANA-SAMSUNG-S23,mobile_android,0,BEN-CUST_MOHANA_002-TRUSTED,Trusted Household Vendor,9,0,3,14,0,0,0,None,Resolved Genuine,Standard Habitual Purchase,0
TXN-CUST_MOHANA_002-10418,2026-07-21 13:57:43,2026-07-21,13:57:43,13,1,0,0,CUST_MOHANA_002,180,Coimbatore,Tamil Nadu,Medium Risk / 12% Fraud Rate,M015,HomeSphere Appliances,Home Appliances,"Refrigerators, ACs & Kitchen Tech",Coimbatore,Saibaba Colony,Tamil Nadu,641011,11.0315,76.945,9,27500.0,09:30-21:00,"POS,EMI,CARD,UPI",Carding attacks with immediate in-store pickup,0.038,95,3667.76,INR,PURCHASE,UPI,MOBILE_APP,1,0,Coimbatore,10.0,0,0,1,DEV-MOHANA-SAMSUNG-S23,mobile_android,0,BEN-CUST_MOHANA_002-TRUSTED,Trusted Household Vendor,6,1,3,19,0,0,0,None,Resolved Genuine,Standard Habitual Purchase,0
TXN-CUST_MOHANA_002-10419,2026-07-21 15:24:57,2026-07-21,15:24:57,15,1,0,0,CUST_MOHANA_002,180,Coimbatore,Tamil Nadu,Medium Risk / 12% Fraud Rate,M003,Pulse Mobile Hub,Mobile Store,Smartphones & Accessories,Chennai,Tambaram,Tamil Nadu,600045,12.9249,80.1278,4,18500.0,09:30-21:30,"POS,UPI,CARD",New device abuse / rapid checkout surge,0.035,87,7086.96,INR,PURCHASE,UPI,MOBILE_APP,1,0,Coimbatore,9.0,0,0,1,DEV-MOHANA-SAMSUNG-S23,mobile_android,0,BEN-CUST_MOHANA_002-TRUSTED,Trusted Household Vendor,9,0,2,11,0,0,0,None,Resolved Genuine,Standard Habitual Purchase,0
TXN-CUST_MOHANA_002-10420,2026-07-21 16:49:46,2026-07-21,16:49:46,16,1,0,0,CUST_MOHANA_002,180,Coimbatore,Tamil Nadu,Medium Risk / 12% Fraud Rate,M005,UrbanThread Studio,Fashion / Apparel,Designer & Ready-to-wear,Chennai,Anna Nagar,Tamil Nadu,600040,13.085,80.2101,5,4800.0,10:30-22:00,"POS,ONLINE,UPI,CARD",Refund abuse / credential stuffing,0.022,55,11536.54,INR,PURCHASE,POS,MOBILE_APP,1,0,Coimbatore,9.0,0,0,1,DEV-MOHANA-SAMSUNG-S23,mobile_android,0,BEN-CUST_MOHANA_002-TRUSTED,Trusted Household Vendor,8,0,3,19,0,0,0,None,Resolved Genuine,Standard Habitual Purchase,0
TXN-CUST_MOHANA_002-10421,2026-07-21 18:15:01,2026-07-21,18:15:01,18,1,0,0,CUST_MOHANA_002,180,Coimbatore,Tamil Nadu,Medium Risk / 12% Fraud Rate,M006,MedicoCare Pharmacy,Pharmacy,Medicines & Surgical Supplies,Madurai,KK Nagar,Tamil Nadu,625020,9.9252,78.1498,10,1450.0,24_HOURS,"POS,UPI,CARD,ONLINE",Nighttime micro card testing,0.015,37,11408.43,INR,PURCHASE,ONLINE,MOBILE_APP,1,0,Coimbatore,7.0,0,0,1,DEV-MOHANA-SAMSUNG-S23,mobile_android,0,BEN-CUST_MOHANA_002-TRUSTED,Trusted Household Vendor,13,0,1,6,0,0,0,None,Resolved Genuine,Standard Habitual Purchase,0
TXN-CUST_MOHANA_002-10422,2026-07-21 19:40:52,2026-07-21,19:40:52,19,1,0,0,CUST_MOHANA_002,180,Coimbatore,Tamil Nadu,Medium Risk / 12% Fraud Rate,M008,BeanCircuit Cafe,Cafe,Specialty Coffee & Bakery,Bengaluru,Indiranagar,Karnataka,560038,12.9784,77.6408,3,650.0,07:30-23:00,"UPI,POS,CARD",QR code spoofing / fast velocity dining,0.009,22,7583.87,INR,PURCHASE,POS,MOBILE_APP,1,0,Coimbatore,14.0,0,0,1,DEV-MOHANA-SAMSUNG-S23,mobile_android,0,BEN-CUST_MOHANA_002-TRUSTED,Trusted Household Vendor,12,0,4,18,0,0,0,None,Resolved Genuine,Standard Habitual Purchase,0
TXN-CUST_MOHANA_002-10423,2026-07-21 21:08:54,2026-07-21,21:08:54,21,1,0,0,CUST_MOHANA_002,180,Coimbatore,Tamil Nadu,Medium Risk / 12% Fraud Rate,M025,ShieldSure Services,Insurance Services,General & Health Insurance Premium,Chennai,Egmore,Tamil Nadu,600008,13.0784,80.2607,13,14000.0,09:30-18:00,"ONLINE,NETBANKING,CARD",Premium diversion / fake policy payment slips,0.019,47,37670.4,INR,P2P_TRANSFER,ONLINE,MOBILE_APP,0,0,Hyderabad,489.0,1,0,1,DEV-MOHANA-SAMSUNG-S23,mobile_android,1,BEN-NEW-921,Global Flight Booking,0,2,4,19,1,0,0,Geographic Anomaly / High Ticket Spike,Review Required,Sudden location velocity jump with new merchant,1
TXN-CUST_MOHANA_002-10424,2026-07-21 22:37:29,2026-07-21,22:37:29,22,1,0,0,CUST_MOHANA_002,180,Coimbatore,Tamil Nadu,Medium Risk / 12% Fraud Rate,M009,RapidFuel Station,Fuel Station,"Petrol, Diesel & EV Fast Charge",Salem,Fairlands,Tamil Nadu,636016,11.6643,78.146,9,3100.0,24_HOURS,"POS,FLEET_CARD,UPI",Automated fleet card skimming,0.024,60,11915.96,INR,PURCHASE,UPI,MOBILE_APP,1,0,Coimbatore,2.0,0,0,1,DEV-MOHANA-SAMSUNG-S23,mobile_android,0,BEN-CUST_MOHANA_002-TRUSTED,Trusted Household Vendor,7,0,1,10,0,0,0,None,Resolved Genuine,Standard Habitual Purchase,0
TXN-CUST_MOHANA_002-10425,2026-07-22 00:06:40,2026-07-22,00:06:40,0,2,0,1,CUST_MOHANA_002,180,Coimbatore,Tamil Nadu,Medium Risk / 12% Fraud Rate,M021,GlowCraft Salon,Salon / Beauty,Spa & Grooming Studio,Chennai,Porur,Tamil Nadu,600116,13.0382,80.1565,5,2800.0,09:00-21:00,"POS,UPI,CARD",Unusual late-night transaction spikes,0.011,27,5209.94,INR,PURCHASE,POS,MOBILE_APP,1,0,Coimbatore,8.0,0,0,1,DEV-MOHANA-SAMSUNG-S23,mobile_android,0,BEN-CUST_MOHANA_002-TRUSTED,Trusted Household Vendor,11,0,2,16,0,0,0,None,Resolved Genuine,Standard Habitual Purchase,0
TXN-CUST_MOHANA_002-10426,2026-07-22 01:34:22,2026-07-22,01:34:22,1,2,0,1,CUST_MOHANA_002,180,Coimbatore,Tamil Nadu,Medium Risk / 12% Fraud Rate,M007,SpiceRoute Kitchen,Restaurant,Fine Dining & Chettinad,Chennai,Adyar,Tamil Nadu,600020,13.0012,80.2565,7,2200.0,11:30-23:30,"POS,UPI,CARD",Cloned card POS terminal replay,0.018,45,5587.23,INR,P2P_TRANSFER,CARD,WEB_PORTAL,0,0,Mumbai,458.0,1,1,0,DEV-LAPTOP-CHROME-374,web_browser,1,BEN-NEW-509,Global Flight Booking,0,4,4,22,1,0,0,Geographic Anomaly / High Ticket Spike,Review Required,Sudden location velocity jump with new merchant,1
TXN-CUST_MOHANA_002-10427,2026-07-22 03:02:07,2026-07-22,03:02:07,3,2,0,1,CUST_MOHANA_002,180,Coimbatore,Tamil Nadu,Medium Risk / 12% Fraud Rate,M017,AutoForge Parts,Spare Parts,OEM Industrial & Auto Components,Hosur,Mookandapalli,Tamil Nadu,635126,12.7409,77.8253,15,16500.0,09:00-19:30,"TRANSFER,POS,CARD",Business email compromise / fake beneficiary update,0.033,82,9228.49,INR,PURCHASE,POS,MOBILE_APP,1,0,Coimbatore,11.0,0,0,1,DEV-MOHANA-SAMSUNG-S23,mobile_android,0,BEN-CUST_MOHANA_002-TRUSTED,Trusted Household Vendor,9,0,3,16,0,0,0,None,Resolved Genuine,Standard Habitual Purchase,0
TXN-CUST_MOHANA_002-10428,2026-07-22 04:25:39,2026-07-22,04:25:39,4,2,0,1,CUST_MOHANA_002,180,Coimbatore,Tamil Nadu,Medium Risk / 12% Fraud Rate,M029,CloudDesk Digital,Software / Digital Services,Cloud Infrastructure & SaaS Tools,Bengaluru,Whitefield,Karnataka,560066,12.9698,77.7499,7,19800.0,24_HOURS,"ONLINE,CARD,TRANSFER",Cryptomining VM rental with stolen credit cards,0.058,145,7681.96,INR,PURCHASE,ONLINE,MOBILE_APP,0,0,Coimbatore,12.0,0,0,1,DEV-MOHANA-SAMSUNG-S23,mobile_android,0,BEN-CUST_MOHANA_002-TRUSTED,Trusted Household Vendor,6,1,4,22,0,0,0,None,Resolved Genuine,Standard Habitual Purchase,0
TXN-CUST_MOHANA_002-10429,2026-07-22 05:54:49,2026-07-22,05:54:49,5,2,0,1,CUST_MOHANA_002,180,Coimbatore,Tamil Nadu,Medium Risk / 12% Fraud Rate,M009,RapidFuel Station,Fuel Station,"Petrol, Diesel & EV Fast Charge",Salem,Fairlands,Tamil Nadu,636016,11.6643,78.146,9,3100.0,24_HOURS,"POS,FLEET_CARD,UPI",Automated fleet card skimming,0.024,60,4238.12,INR,PURCHASE,UPI,MOBILE_APP,1,0,Coimbatore,14.0,0,0,1,DEV-MOHANA-SAMSUNG-S23,mobile_android,0,BEN-CUST_MOHANA_002-TRUSTED,Trusted Household Vendor,7,1,4,24,0,0,0,None,Resolved Genuine,Standard Habitual Purchase,0
TXN-CUST_MOHANA_002-10430,2026-07-22 07:19:09,2026-07-22,07:19:09,7,2,0,0,CUST_MOHANA_002,180,Coimbatore,Tamil Nadu,Medium Risk / 12% Fraud Rate,M025,ShieldSure Services,Insurance Services,General & Health Insurance Premium,Chennai,Egmore,Tamil Nadu,600008,13.0784,80.2607,13,14000.0,09:30-18:00,"ONLINE,NETBANKING,CARD",Premium diversion / fake policy payment slips,0.019,47,7211.38,INR,PURCHASE,NETBANKING,MOBILE_APP,0,0,Coimbatore,5.0,0,0,1,DEV-MOHANA-SAMSUNG-S23,mobile_android,0,BEN-CUST_MOHANA_002-TRUSTED,Trusted Household Vendor,5,0,1,9,0,0,0,None,Resolved Genuine,Standard Habitual Purchase,0
TXN-CUST_MOHANA_002-10431,2026-07-22 08:46:53,2026-07-22,08:46:53,8,2,0,0,CUST_MOHANA_002,180,Coimbatore,Tamil Nadu,Medium Risk / 12% Fraud Rate,M012,DashDine Delivery,Food Delivery,Quick Commerce & Meal Delivery,Chennai,Sholinganallur,Tamil Nadu,600119,12.901,80.2279,4,520.0,06:00-02:00,"UPI,CARD,ONLINE,WALLET",Promo code abuse / stolen wallet balances,0.014,35,6867.29,INR,PURCHASE,UPI,MOBILE_APP,0,0,Coimbatore,11.0,0,0,1,DEV-MOHANA-SAMSUNG-S23,mobile_android,0,BEN-CUST_MOHANA_002-TRUSTED,Trusted Household Vendor,14,1,2,11,0,0,0,None,Resolved Genuine,Standard Habitual Purchase,0
TXN-CUST_MOHANA_002-10432,2026-07-22 10:13:06,2026-07-22,10:13:06,10,2,0,0,CUST_MOHANA_002,180,Coimbatore,Tamil Nadu,Medium Risk / 12% Fraud Rate,M010,HarborView Residency,Hotel / Hospitality,Business & Luxury Hotel,Chennai,OMR,Tamil Nadu,600096,12.9165,80.2285,6,9500.0,24_HOURS,"ONLINE,POS,CARD,TRANSFER",Online travel booking fraud with stolen corporate credentials,0.041,102,7594.15,INR,PURCHASE,POS,MOBILE_APP,1,0,Coimbatore,5.0,0,0,1,DEV-MOHANA-SAMSUNG-S23,mobile_android,0,BEN-CUST_MOHANA_002-TRUSTED,Trusted Household Vendor,15,0,1,7,0,0,0,None,Resolved Genuine,Standard Habitual Purchase,0
TXN-CUST_MOHANA_002-10433,2026-07-22 11:38:43,2026-07-22,11:38:43,11,2,0,0,CUST_MOHANA_002,180,Coimbatore,Tamil Nadu,Medium Risk / 12% Fraud Rate,M018,PageTurn Book House,Bookstore,"Academic, Fiction & Stationery",Trichy,Thillai Nagar,Tamil Nadu,620018,10.8282,78.6854,16,850.0,09:00-21:30,"POS,UPI,CARD,ONLINE",Low-value card testing bots,0.008,20,10513.54,INR,PURCHASE,UPI,MOBILE_APP,1,0,Coimbatore,9.0,0,0,1,DEV-MOHANA-SAMSUNG-S23,mobile_android,0,BEN-CUST_MOHANA_002-TRUSTED,Trusted Household Vendor,8,1,3,21,0,0,0,None,Resolved Genuine,Standard Habitual Purchase,0
TXN-CUST_MOHANA_002-10434,2026-07-22 13:05:46,2026-07-22,13:05:46,13,2,0,0,CUST_MOHANA_002,180,Coimbatore,Tamil Nadu,Medium Risk / 12% Fraud Rate,M023,SwiftBox Logistics,Courier / Logistics,Express Parcel & Freight Delivery,Tiruppur,Avinashi Road,Tamil Nadu,641603,11.1085,77.3411,9,4200.0,08:00-21:00,"POS,UPI,CARD,ONLINE",Interception fraud / address redirection,0.02,50,7921.8,INR,P2P_TRANSFER,CARD,MOBILE_APP,0,0,Mumbai,596.0,1,0,1,DEV-MOHANA-SAMSUNG-S23,mobile_android,1,BEN-NEW-973,Global Flight Booking,0,4,9,41,1,0,0,Geographic Anomaly / High Ticket Spike,Review Required,Sudden location velocity jump with new merchant,1
TXN-CUST_MOHANA_002-10435,2026-07-22 14:30:24,2026-07-22,14:30:24,14,2,0,0,CUST_MOHANA_002,180,Coimbatore,Tamil Nadu,Medium Risk / 12% Fraud Rate,M007,SpiceRoute Kitchen,Restaurant,Fine Dining & Chettinad,Chennai,Adyar,Tamil Nadu,600020,13.0012,80.2565,7,2200.0,11:30-23:30,"POS,UPI,CARD",Cloned card POS terminal replay,0.018,45,5531.16,INR,PURCHASE,UPI,MOBILE_APP,1,0,Coimbatore,13.0,0,0,1,DEV-MOHANA-SAMSUNG-S23,mobile_android,0,BEN-CUST_MOHANA_002-TRUSTED,Trusted Household Vendor,11,0,2,15,0,0,0,None,Resolved Genuine,Standard Habitual Purchase,0
TXN-CUST_MOHANA_002-10436,2026-07-22 15:59:06,2026-07-22,15:59:06,15,2,0,0,CUST_MOHANA_002,180,Coimbatore,Tamil Nadu,Medium Risk / 12% Fraud Rate,M004,Aurelia Gold House,Jewellery,Gold & Diamond Jewellery,Coimbatore,RS Puram,Tamil Nadu,641002,11.0089,76.9514,14,78000.0,10:00-20:30,"POS,CARD,TRANSFER",Account takeover / card-not-present luxury surge,0.065,162,7426.14,INR,PURCHASE,POS,MOBILE_APP,1,0,Coimbatore,4.0,0,0,1,DEV-MOHANA-SAMSUNG-S23,mobile_android,0,BEN-CUST_MOHANA_002-TRUSTED,Trusted Household Vendor,4,0,1,13,0,0,0,None,Resolved Genuine,Standard Habitual Purchase,0
TXN-CUST_MOHANA_002-10437,2026-07-22 17:25:39,2026-07-22,17:25:39,17,2,0,0,CUST_MOHANA_002,180,Coimbatore,Tamil Nadu,Medium Risk / 12% Fraud Rate,M024,LinkWave Telecom,Telecom Retail,Fiber Broadband & Postpaid Plans,Erode,Perundurai Road,Tamil Nadu,638011,11.341,77.7172,10,1950.0,09:30-20:30,"UPI,CARD,ONLINE,POS",SIM swap bill recharge surges,0.017,42,12361.68,INR,PURCHASE,UPI,MOBILE_APP,1,0,Coimbatore,2.0,0,0,1,DEV-MOHANA-SAMSUNG-S23,mobile_android,0,BEN-CUST_MOHANA_002-TRUSTED,Trusted Household Vendor,6,0,2,13,0,0,0,None,Resolved Genuine,Standard Habitual Purchase,0
TXN-CUST_MOHANA_002-10438,2026-07-22 18:52:01,2026-07-22,18:52:01,18,2,0,0,CUST_MOHANA_002,180,Coimbatore,Tamil Nadu,Medium Risk / 12% Fraud Rate,M005,UrbanThread Studio,Fashion / Apparel,Designer & Ready-to-wear,Chennai,Anna Nagar,Tamil Nadu,600040,13.085,80.2101,5,4800.0,10:30-22:00,"POS,ONLINE,UPI,CARD",Refund abuse / credential stuffing,0.022,55,7530.94,INR,PURCHASE,POS,MOBILE_APP,1,0,Coimbatore,6.0,0,0,1,DEV-MOHANA-SAMSUNG-S23,mobile_android,0,BEN-CUST_MOHANA_002-TRUSTED,Trusted Household Vendor,9,0,1,7,0,0,0,None,Resolved Genuine,Standard Habitual Purchase,0
TXN-CUST_MOHANA_002-10439,2026-07-22 20:21:09,2026-07-22,20:21:09,20,2,0,0,CUST_MOHANA_002,180,Coimbatore,Tamil Nadu,Medium Risk / 12% Fraud Rate,M025,ShieldSure Services,Insurance Services,General & Health Insurance Premium,Chennai,Egmore,Tamil Nadu,600008,13.0784,80.2607,13,14000.0,09:30-18:00,"ONLINE,NETBANKING,CARD",Premium diversion / fake policy payment slips,0.019,47,9641.13,INR,PURCHASE,ONLINE,MOBILE_APP,0,0,Coimbatore,9.0,0,0,1,DEV-MOHANA-SAMSUNG-S23,mobile_android,0,BEN-CUST_MOHANA_002-TRUSTED,Trusted Household Vendor,9,0,3,21,0,0,0,None,Resolved Genuine,Standard Habitual Purchase,0
TXN-CUST_MOHANA_002-10440,2026-07-22 21:50:19,2026-07-22,21:50:19,21,2,0,0,CUST_MOHANA_002,180,Coimbatore,Tamil Nadu,Medium Risk / 12% Fraud Rate,M028,CraftCove Home Decor,Home Decor,Handicrafts & Art Pieces,Thanjavur,Medical College Road,Tamil Nadu,613004,10.7684,79.1245,8,7400.0,09:30-20:30,"POS,UPI,CARD,ONLINE",Cross-border tourist chargebacks,0.023,57,7553.41,INR,PURCHASE,UPI,MOBILE_APP,1,0,Coimbatore,9.0,0,0,1,DEV-MOHANA-SAMSUNG-S23,mobile_android,0,BEN-CUST_MOHANA_002-TRUSTED,Trusted Household Vendor,3,0,1,9,0,0,0,None,Resolved Genuine,Standard Habitual Purchase,0
TXN-CUST_MOHANA_002-10441,2026-07-22 23:18:38,2026-07-22,23:18:38,23,2,0,1,CUST_MOHANA_002,180,Coimbatore,Tamil Nadu,Medium Risk / 12% Fraud Rate,M026,GreenLeaf Wellness,Health & Wellness,Organic Nutrition & Ayurveda,Trichy,Srirangam,Tamil Nadu,620006,10.8624,78.6947,6,2100.0,08:00-21:00,"POS,UPI,ONLINE,CARD",Subscription card stuffing,0.013,32,3866.43,INR,PURCHASE,POS,WEB_PORTAL,0,0,Delhi,414.0,1,1,0,DEV-LAPTOP-CHROME-897,web_browser,0,BEN-CUST_MOHANA_002-01,Self Family Transfer,3,4,5,25,1,0,0,Geographic Anomaly / High Ticket Spike,Review Required,Sudden location velocity jump with new merchant,1
TXN-CUST_MOHANA_002-10442,2026-07-23 00:46:10,2026-07-23,00:46:10,0,3,0,1,CUST_MOHANA_002,180,Coimbatore,Tamil Nadu,Medium Risk / 12% Fraud Rate,M011,SkyTrail Travels,Travel Agency,Flight & International Tour Packages,Coimbatore,Gandhipuram,Tamil Nadu,641012,11.0183,76.9664,11,44000.0,09:00-20:00,"ONLINE,TRANSFER,CARD",Mule-account ticket arbitrage & fast cancellation fraud,0.052,130,8217.18,INR,PURCHASE,ONLINE,MOBILE_APP,0,0,Coimbatore,12.0,0,0,1,DEV-MOHANA-SAMSUNG-S23,mobile_android,0,BEN-CUST_MOHANA_002-TRUSTED,Trusted Household Vendor,12,0,3,20,0,0,0,None,Resolved Genuine,Standard Habitual Purchase,0
TXN-CUST_MOHANA_002-10443,2026-07-23 02:15:04,2026-07-23,02:15:04,2,3,0,1,CUST_MOHANA_002,180,Coimbatore,Tamil Nadu,Medium Risk / 12% Fraud Rate,M029,CloudDesk Digital,Software / Digital Services,Cloud Infrastructure & SaaS Tools,Bengaluru,Whitefield,Karnataka,560066,12.9698,77.7499,7,19800.0,24_HOURS,"ONLINE,CARD,TRANSFER",Cryptomining VM rental with stolen credit cards,0.058,145,9734.79,INR,PURCHASE,ONLINE,MOBILE_APP,0,0,Coimbatore,4.0,0,0,1,DEV-MOHANA-SAMSUNG-S23,mobile_android,0,BEN-CUST_MOHANA_002-TRUSTED,Trusted Household Vendor,5,0,3,15,0,0,0,None,Resolved Genuine,Standard Habitual Purchase,0
TXN-CUST_MOHANA_002-10444,2026-07-23 03:40:20,2026-07-23,03:40:20,3,3,0,1,CUST_MOHANA_002,180,Coimbatore,Tamil Nadu,Medium Risk / 12% Fraud Rate,M003,Pulse Mobile Hub,Mobile Store,Smartphones & Accessories,Chennai,Tambaram,Tamil Nadu,600045,12.9249,80.1278,4,18500.0,09:30-21:30,"POS,UPI,CARD",New device abuse / rapid checkout surge,0.035,87,11646.84,INR,PURCHASE,CARD,MOBILE_APP,1,0,Coimbatore,14.0,0,0,1,DEV-MOHANA-SAMSUNG-S23,mobile_android,0,BEN-CUST_MOHANA_002-TRUSTED,Trusted Household Vendor,4,0,3,18,0,0,0,None,Resolved Genuine,Standard Habitual Purchase,0
TXN-CUST_MOHANA_002-10445,2026-07-23 05:05:05,2026-07-23,05:05:05,5,3,0,1,CUST_MOHANA_002,180,Coimbatore,Tamil Nadu,Medium Risk / 12% Fraud Rate,M013,CartNest Online,E-commerce,Multi-category Marketplace,Chennai,Guindy,Tamil Nadu,600032,13.0067,80.2026,5,6200.0,24_HOURS,"ONLINE,UPI,CARD,NETBANKING",Account takeover + triangulation shipping fraud,0.045,112,8804.86,INR,PURCHASE,NETBANKING,MOBILE_APP,0,0,Coimbatore,6.0,0,0,1,DEV-MOHANA-SAMSUNG-S23,mobile_android,0,BEN-CUST_MOHANA_002-TRUSTED,Trusted Household Vendor,15,0,2,13,0,0,0,None,Resolved Genuine,Standard Habitual Purchase,0
TXN-CUST_MOHANA_002-10446,2026-07-23 06:29:31,2026-07-23,06:29:31,6,3,0,0,CUST_MOHANA_002,180,Coimbatore,Tamil Nadu,Medium Risk / 12% Fraud Rate,M024,LinkWave Telecom,Telecom Retail,Fiber Broadband & Postpaid Plans,Erode,Perundurai Road,Tamil Nadu,638011,11.341,77.7172,10,1950.0,09:30-20:30,"UPI,CARD,ONLINE,POS",SIM swap bill recharge surges,0.017,42,5008.32,INR,PURCHASE,CARD,MOBILE_APP,1,0,Coimbatore,4.0,0,0,1,DEV-MOHANA-SAMSUNG-S23,mobile_android,0,BEN-CUST_MOHANA_002-TRUSTED,Trusted Household Vendor,4,0,2,17,0,0,0,None,Resolved Genuine,Standard Habitual Purchase,0
TXN-CUST_MOHANA_002-10447,2026-07-23 07:54:34,2026-07-23,07:54:34,7,3,0,0,CUST_MOHANA_002,180,Coimbatore,Tamil Nadu,Medium Risk / 12% Fraud Rate,M011,SkyTrail Travels,Travel Agency,Flight & International Tour Packages,Coimbatore,Gandhipuram,Tamil Nadu,641012,11.0183,76.9664,11,44000.0,09:00-20:00,"ONLINE,TRANSFER,CARD",Mule-account ticket arbitrage & fast cancellation fraud,0.052,130,7666.34,INR,PURCHASE,CARD,MOBILE_APP,0,0,Coimbatore,2.0,0,0,1,DEV-MOHANA-SAMSUNG-S23,mobile_android,0,BEN-CUST_MOHANA_002-TRUSTED,Trusted Household Vendor,14,0,1,10,0,0,0,None,Resolved Genuine,Standard Habitual Purchase,0
TXN-CUST_MOHANA_002-10448,2026-07-23 09:18:44,2026-07-23,09:18:44,9,3,0,0,CUST_MOHANA_002,180,Coimbatore,Tamil Nadu,Medium Risk / 12% Fraud Rate,M018,PageTurn Book House,Bookstore,"Academic, Fiction & Stationery",Trichy,Thillai Nagar,Tamil Nadu,620018,10.8282,78.6854,16,850.0,09:00-21:30,"POS,UPI,CARD,ONLINE",Low-value card testing bots,0.008,20,7553.93,INR,PURCHASE,POS,MOBILE_APP,1,0,Coimbatore,12.0,0,0,1,DEV-MOHANA-SAMSUNG-S23,mobile_android,0,BEN-CUST_MOHANA_002-TRUSTED,Trusted Household Vendor,13,1,3,19,0,0,0,None,Resolved Genuine,Standard Habitual Purchase,0
TXN-CUST_MOHANA_002-10449,2026-07-23 10:43:34,2026-07-23,10:43:34,10,3,0,0,CUST_MOHANA_002,180,Coimbatore,Tamil Nadu,Medium Risk / 12% Fraud Rate,M013,CartNest Online,E-commerce,Multi-category Marketplace,Chennai,Guindy,Tamil Nadu,600032,13.0067,80.2026,5,6200.0,24_HOURS,"ONLINE,UPI,CARD,NETBANKING",Account takeover + triangulation shipping fraud,0.045,112,7772.43,INR,PURCHASE,UPI,MOBILE_APP,0,0,Coimbatore,13.0,0,0,1,DEV-MOHANA-SAMSUNG-S23,mobile_android,0,BEN-CUST_MOHANA_002-TRUSTED,Trusted Household Vendor,4,0,1,12,0,0,0,None,Resolved Genuine,Standard Habitual Purchase,0
TXN-CUST_MOHANA_002-10450,2026-07-23 12:11:39,2026-07-23,12:11:39,12,3,0,0,CUST_MOHANA_002,180,Coimbatore,Tamil Nadu,Medium Risk / 12% Fraud Rate,M001,NovaMart Fresh,Grocery & Supermarket,Supermarket / Hypermarket,Chennai,T Nagar,Tamil Nadu,600017,13.0418,80.2341,8,1250.0,07:00-22:30,"POS,UPI,CARD,ONLINE",Card testing / micro-burst velocity,0.012,30,12976.22,INR,PURCHASE,UPI,MOBILE_APP,1,0,Coimbatore,4.0,0,0,1,DEV-MOHANA-SAMSUNG-S23,mobile_android,0,BEN-CUST_MOHANA_002-TRUSTED,Trusted Household Vendor,11,0,1,11,0,0,0,None,Resolved Genuine,Standard Habitual Purchase,0
TXN-CUST_MOHANA_002-10451,2026-07-23 13:37:24,2026-07-23,13:37:24,13,3,0,0,CUST_MOHANA_002,180,Coimbatore,Tamil Nadu,Medium Risk / 12% Fraud Rate,M029,CloudDesk Digital,Software / Digital Services,Cloud Infrastructure & SaaS Tools,Bengaluru,Whitefield,Karnataka,560066,12.9698,77.7499,7,19800.0,24_HOURS,"ONLINE,CARD,TRANSFER",Cryptomining VM rental with stolen credit cards,0.058,145,9595.76,INR,PURCHASE,ONLINE,MOBILE_APP,0,0,Coimbatore,14.0,0,0,1,DEV-MOHANA-SAMSUNG-S23,mobile_android,0,BEN-CUST_MOHANA_002-TRUSTED,Trusted Household Vendor,9,0,1,13,0,0,0,None,Resolved Genuine,Standard Habitual Purchase,0
TXN-CUST_MOHANA_002-10452,2026-07-23 15:01:14,2026-07-23,15:01:14,15,3,0,0,CUST_MOHANA_002,180,Coimbatore,Tamil Nadu,Medium Risk / 12% Fraud Rate,M024,LinkWave Telecom,Telecom Retail,Fiber Broadband & Postpaid Plans,Erode,Perundurai Road,Tamil Nadu,638011,11.341,77.7172,10,1950.0,09:30-20:30,"UPI,CARD,ONLINE,POS",SIM swap bill recharge surges,0.017,42,5571.11,INR,PURCHASE,ONLINE,MOBILE_APP,1,0,Coimbatore,3.0,0,0,1,DEV-MOHANA-SAMSUNG-S23,mobile_android,0,BEN-CUST_MOHANA_002-TRUSTED,Trusted Household Vendor,8,0,3,14,0,0,0,None,Resolved Genuine,Standard Habitual Purchase,0
TXN-CUST_MOHANA_002-10453,2026-07-23 16:29:32,2026-07-23,16:29:32,16,3,0,0,CUST_MOHANA_002,180,Coimbatore,Tamil Nadu,Medium Risk / 12% Fraud Rate,M017,AutoForge Parts,Spare Parts,OEM Industrial & Auto Components,Hosur,Mookandapalli,Tamil Nadu,635126,12.7409,77.8253,15,16500.0,09:00-19:30,"TRANSFER,POS,CARD",Business email compromise / fake beneficiary update,0.033,82,9012.97,INR,PURCHASE,POS,MOBILE_APP,1,0,Coimbatore,7.0,0,0,1,DEV-MOHANA-SAMSUNG-S23,mobile_android,0,BEN-CUST_MOHANA_002-TRUSTED,Trusted Household Vendor,13,0,4,24,0,0,0,None,Resolved Genuine,Standard Habitual Purchase,0
TXN-CUST_MOHANA_002-10454,2026-07-23 17:57:31,2026-07-23,17:57:31,17,3,0,0,CUST_MOHANA_002,180,Coimbatore,Tamil Nadu,Medium Risk / 12% Fraud Rate,M021,GlowCraft Salon,Salon / Beauty,Spa & Grooming Studio,Chennai,Porur,Tamil Nadu,600116,13.0382,80.1565,5,2800.0,09:00-21:00,"POS,UPI,CARD",Unusual late-night transaction spikes,0.011,27,12604.66,INR,PURCHASE,CARD,MOBILE_APP,1,0,Coimbatore,10.0,0,0,1,DEV-MOHANA-SAMSUNG-S23,mobile_android,0,BEN-CUST_MOHANA_002-TRUSTED,Trusted Household Vendor,7,0,3,14,0,0,0,None,Resolved Genuine,Standard Habitual Purchase,0
TXN-CUST_MOHANA_002-10455,2026-07-23 19:21:36,2026-07-23,19:21:36,19,3,0,0,CUST_MOHANA_002,180,Coimbatore,Tamil Nadu,Medium Risk / 12% Fraud Rate,M010,HarborView Residency,Hotel / Hospitality,Business & Luxury Hotel,Chennai,OMR,Tamil Nadu,600096,12.9165,80.2285,6,9500.0,24_HOURS,"ONLINE,POS,CARD,TRANSFER",Online travel booking fraud with stolen corporate credentials,0.041,102,12542.88,INR,PURCHASE,POS,MOBILE_APP,1,0,Coimbatore,1.0,0,0,1,DEV-MOHANA-SAMSUNG-S23,mobile_android,0,BEN-CUST_MOHANA_002-TRUSTED,Trusted Household Vendor,15,0,4,23,0,0,0,None,Resolved Genuine,Standard Habitual Purchase,0
TXN-CUST_MOHANA_002-10456,2026-07-23 20:46:48,2026-07-23,20:46:48,20,3,0,0,CUST_MOHANA_002,180,Coimbatore,Tamil Nadu,Medium Risk / 12% Fraud Rate,M016,MotoCare Garage,Auto Service,Car Service & Detailing Hub,Chennai,Pallikaranai,Tamil Nadu,600100,12.9372,80.2014,7,8900.0,08:30-20:30,"POS,UPI,CARD",Over-invoicing / synthetic card payments,0.021,52,12200.9,INR,PURCHASE,POS,MOBILE_APP,1,0,Coimbatore,15.0,0,0,1,DEV-MOHANA-SAMSUNG-S23,mobile_android,0,BEN-CUST_MOHANA_002-TRUSTED,Trusted Household Vendor,9,0,2,13,0,0,0,None,Resolved Genuine,Standard Habitual Purchase,0
TXN-CUST_MOHANA_002-10457,2026-07-23 22:11:36,2026-07-23,22:11:36,22,3,0,0,CUST_MOHANA_002,180,Coimbatore,Tamil Nadu,Medium Risk / 12% Fraud Rate,M012,DashDine Delivery,Food Delivery,Quick Commerce & Meal Delivery,Chennai,Sholinganallur,Tamil Nadu,600119,12.901,80.2279,4,520.0,06:00-02:00,"UPI,CARD,ONLINE,WALLET",Promo code abuse / stolen wallet balances,0.014,35,9667.99,INR,PURCHASE,UPI,MOBILE_APP,0,0,Coimbatore,2.0,0,0,1,DEV-MOHANA-SAMSUNG-S23,mobile_android,0,BEN-CUST_MOHANA_002-TRUSTED,Trusted Household Vendor,10,1,3,14,0,0,0,None,Resolved Genuine,Standard Habitual Purchase,0
TXN-CUST_MOHANA_002-10458,2026-07-23 23:38:03,2026-07-23,23:38:03,23,3,0,1,CUST_MOHANA_002,180,Coimbatore,Tamil Nadu,Medium Risk / 12% Fraud Rate,M019,ArenaSport World,Sports Retail,Fitness Equipment & Sports Wear,Chennai,Nungambakkam,Tamil Nadu,600034,13.0604,80.2405,6,5600.0,10:00-21:30,"POS,ONLINE,UPI,CARD",Stolen card chargeback on premium sports gear,0.026,65,9324.6,INR,PURCHASE,ONLINE,MOBILE_APP,1,0,Coimbatore,2.0,0,0,1,DEV-MOHANA-SAMSUNG-S23,mobile_android,0,BEN-CUST_MOHANA_002-TRUSTED,Trusted Household Vendor,12,0,3,14,0,0,0,None,Resolved Genuine,Standard Habitual Purchase,0
TXN-CUST_MOHANA_002-10459,2026-07-24 01:05:44,2026-07-24,01:05:44,1,4,0,1,CUST_MOHANA_002,180,Coimbatore,Tamil Nadu,Medium Risk / 12% Fraud Rate,M015,HomeSphere Appliances,Home Appliances,"Refrigerators, ACs & Kitchen Tech",Coimbatore,Saibaba Colony,Tamil Nadu,641011,11.0315,76.945,9,27500.0,09:30-21:00,"POS,EMI,CARD,UPI",Carding attacks with immediate in-store pickup,0.038,95,13517.32,INR,PURCHASE,UPI,MOBILE_APP,1,0,Coimbatore,10.0,0,0,1,DEV-MOHANA-SAMSUNG-S23,mobile_android,0,BEN-CUST_MOHANA_002-TRUSTED,Trusted Household Vendor,15,0,4,24,0,0,0,None,Resolved Genuine,Standard Habitual Purchase,0
TXN-CUST_MOHANA_002-10460,2026-07-24 02:34:21,2026-07-24,02:34:21,2,4,0,1,CUST_MOHANA_002,180,Coimbatore,Tamil Nadu,Medium Risk / 12% Fraud Rate,M022,SkillSpring Academy,Education / Training,Professional Certifications & Tech Bootcamps,Chennai,Mylapore,Tamil Nadu,600004,13.0368,80.2676,8,22000.0,08:30-19:30,"ONLINE,NETBANKING,CARD,UPI",Stolen corporate card enrollments,0.028,70,48729.48,INR,PURCHASE,UPI,MOBILE_APP,0,0,Hyderabad,1077.0,1,0,1,DEV-MOHANA-SAMSUNG-S23,mobile_android,0,BEN-CUST_MOHANA_002-01,Self Family Transfer,3,4,9,39,1,0,0,Geographic Anomaly / High Ticket Spike,Review Required,Sudden location velocity jump with new merchant,1
TXN-CUST_MOHANA_002-10461,2026-07-24 04:03:05,2026-07-24,04:03:05,4,4,0,1,CUST_MOHANA_002,180,Coimbatore,Tamil Nadu,Medium Risk / 12% Fraud Rate,M010,HarborView Residency,Hotel / Hospitality,Business & Luxury Hotel,Chennai,OMR,Tamil Nadu,600096,12.9165,80.2285,6,9500.0,24_HOURS,"ONLINE,POS,CARD,TRANSFER",Online travel booking fraud with stolen corporate credentials,0.041,102,19030.91,INR,P2P_TRANSFER,ONLINE,MOBILE_APP,0,0,Hyderabad,693.0,1,0,1,DEV-MOHANA-SAMSUNG-S23,mobile_android,1,BEN-NEW-438,Global Flight Booking,0,4,8,38,1,0,0,Geographic Anomaly / High Ticket Spike,Review Required,Sudden location velocity jump with new merchant,1
TXN-CUST_MOHANA_002-10462,2026-07-24 05:26:37,2026-07-24,05:26:37,5,4,0,1,CUST_MOHANA_002,180,Coimbatore,Tamil Nadu,Medium Risk / 12% Fraud Rate,M017,AutoForge Parts,Spare Parts,OEM Industrial & Auto Components,Hosur,Mookandapalli,Tamil Nadu,635126,12.7409,77.8253,15,16500.0,09:00-19:30,"TRANSFER,POS,CARD",Business email compromise / fake beneficiary update,0.033,82,12450.85,INR,PURCHASE,TRANSFER,MOBILE_APP,1,0,Coimbatore,10.0,0,0,1,DEV-MOHANA-SAMSUNG-S23,mobile_android,0,BEN-CUST_MOHANA_002-TRUSTED,Trusted Household Vendor,5,0,2,11,0,0,0,None,Resolved Genuine,Standard Habitual Purchase,0
TXN-CUST_MOHANA_002-10463,2026-07-24 06:51:07,2026-07-24,06:51:07,6,4,0,0,CUST_MOHANA_002,180,Coimbatore,Tamil Nadu,Medium Risk / 12% Fraud Rate,M025,ShieldSure Services,Insurance Services,General & Health Insurance Premium,Chennai,Egmore,Tamil Nadu,600008,13.0784,80.2607,13,14000.0,09:30-18:00,"ONLINE,NETBANKING,CARD",Premium diversion / fake policy payment slips,0.019,47,11632.19,INR,PURCHASE,NETBANKING,MOBILE_APP,0,0,Coimbatore,4.0,0,0,1,DEV-MOHANA-SAMSUNG-S23,mobile_android,0,BEN-CUST_MOHANA_002-TRUSTED,Trusted Household Vendor,15,0,2,16,0,0,0,None,Resolved Genuine,Standard Habitual Purchase,0
TXN-CUST_MOHANA_002-10464,2026-07-24 08:17:54,2026-07-24,08:17:54,8,4,0,0,CUST_MOHANA_002,180,Coimbatore,Tamil Nadu,Medium Risk / 12% Fraud Rate,M002,CircuitBay Electronics,Consumer Electronics,Laptops & Gadgets,Chennai,Velachery,Tamil Nadu,600042,12.9759,80.2212,6,32000.0,10:00-21:30,"POS,ONLINE,EMI,UPI",Stolen payment details / high-ticket electronics delivery,0.048,120,7559.75,INR,PURCHASE,UPI,MOBILE_APP,1,0,Coimbatore,12.0,0,0,1,DEV-MOHANA-SAMSUNG-S23,mobile_android,0,BEN-CUST_MOHANA_002-TRUSTED,Trusted Household Vendor,5,1,4,19,0,0,0,None,Resolved Genuine,Standard Habitual Purchase,0
TXN-CUST_MOHANA_002-10465,2026-07-24 09:44:03,2026-07-24,09:44:03,9,4,0,0,CUST_MOHANA_002,180,Coimbatore,Tamil Nadu,Medium Risk / 12% Fraud Rate,M014,OakLine Furnishings,Furniture,Teak Wood & Modern Home Decor,Madurai,Bypass Road,Tamil Nadu,625016,9.932,78.109,12,38000.0,10:00-21:00,"POS,CARD,TRANSFER,EMI",Invoice redirection fraud / fake payment slips,0.029,72,13317.89,INR,PURCHASE,CARD,MOBILE_APP,1,0,Coimbatore,1.0,0,0,1,DEV-MOHANA-SAMSUNG-S23,mobile_android,0,BEN-CUST_MOHANA_002-TRUSTED,Trusted Household Vendor,14,0,2,14,0,0,0,None,Resolved Genuine,Standard Habitual Purchase,0
TXN-CUST_MOHANA_002-10466,2026-07-24 11:10:49,2026-07-24,11:10:49,11,4,0,0,CUST_MOHANA_002,180,Coimbatore,Tamil Nadu,Medium Risk / 12% Fraud Rate,M024,LinkWave Telecom,Telecom Retail,Fiber Broadband & Postpaid Plans,Erode,Perundurai Road,Tamil Nadu,638011,11.341,77.7172,10,1950.0,09:30-20:30,"UPI,CARD,ONLINE,POS",SIM swap bill recharge surges,0.017,42,5726.73,INR,PURCHASE,CARD,MOBILE_APP,1,0,Coimbatore,10.0,0,0,1,DEV-MOHANA-SAMSUNG-S23,mobile_android,0,BEN-CUST_MOHANA_002-TRUSTED,Trusted Household Vendor,13,0,3,22,0,0,0,None,Resolved Genuine,Standard Habitual Purchase,0
TXN-CUST_MOHANA_002-10467,2026-07-24 12:35:03,2026-07-24,12:35:03,12,4,0,0,CUST_MOHANA_002,180,Coimbatore,Tamil Nadu,Medium Risk / 12% Fraud Rate,M029,CloudDesk Digital,Software / Digital Services,Cloud Infrastructure & SaaS Tools,Bengaluru,Whitefield,Karnataka,560066,12.9698,77.7499,7,19800.0,24_HOURS,"ONLINE,CARD,TRANSFER",Cryptomining VM rental with stolen credit cards,0.058,145,51195.17,INR,PURCHASE,ONLINE,WEB_PORTAL,0,0,Delhi,303.0,1,1,0,DEV-LAPTOP-CHROME-938,web_browser,0,BEN-CUST_MOHANA_002-01,Self Family Transfer,3,3,7,32,1,0,0,Geographic Anomaly / High Ticket Spike,Review Required,Sudden location velocity jump with new merchant,1
TXN-CUST_MOHANA_002-10468,2026-07-24 14:03:52,2026-07-24,14:03:52,14,4,0,0,CUST_MOHANA_002,180,Coimbatore,Tamil Nadu,Medium Risk / 12% Fraud Rate,M019,ArenaSport World,Sports Retail,Fitness Equipment & Sports Wear,Chennai,Nungambakkam,Tamil Nadu,600034,13.0604,80.2405,6,5600.0,10:00-21:30,"POS,ONLINE,UPI,CARD",Stolen card chargeback on premium sports gear,0.026,65,14862.45,INR,P2P_TRANSFER,ONLINE,WEB_PORTAL,0,0,Mumbai,715.0,1,1,0,DEV-LAPTOP-CHROME-662,web_browser,1,BEN-NEW-792,Global Flight Booking,0,4,10,48,1,0,0,Geographic Anomaly / High Ticket Spike,Review Required,Sudden location velocity jump with new merchant,1
TXN-CUST_MOHANA_002-10469,2026-07-24 15:31:14,2026-07-24,15:31:14,15,4,0,0,CUST_MOHANA_002,180,Coimbatore,Tamil Nadu,Medium Risk / 12% Fraud Rate,M003,Pulse Mobile Hub,Mobile Store,Smartphones & Accessories,Chennai,Tambaram,Tamil Nadu,600045,12.9249,80.1278,4,18500.0,09:30-21:30,"POS,UPI,CARD",New device abuse / rapid checkout surge,0.035,87,11392.73,INR,PURCHASE,CARD,MOBILE_APP,1,0,Coimbatore,7.0,0,0,1,DEV-MOHANA-SAMSUNG-S23,mobile_android,0,BEN-CUST_MOHANA_002-TRUSTED,Trusted Household Vendor,9,0,3,15,0,0,0,None,Resolved Genuine,Standard Habitual Purchase,0
TXN-CUST_MOHANA_002-10470,2026-07-24 17:00:10,2026-07-24,17:00:10,17,4,0,0,CUST_MOHANA_002,180,Coimbatore,Tamil Nadu,Medium Risk / 12% Fraud Rate,M007,SpiceRoute Kitchen,Restaurant,Fine Dining & Chettinad,Chennai,Adyar,Tamil Nadu,600020,13.0012,80.2565,7,2200.0,11:30-23:30,"POS,UPI,CARD",Cloned card POS terminal replay,0.018,45,3552.32,INR,PURCHASE,CARD,MOBILE_APP,1,0,Coimbatore,8.0,0,0,1,DEV-MOHANA-SAMSUNG-S23,mobile_android,0,BEN-CUST_MOHANA_002-TRUSTED,Trusted Household Vendor,13,0,1,8,0,0,0,None,Resolved Genuine,Standard Habitual Purchase,0
TXN-CUST_MOHANA_002-10471,2026-07-24 18:28:10,2026-07-24,18:28:10,18,4,0,0,CUST_MOHANA_002,180,Coimbatore,Tamil Nadu,Medium Risk / 12% Fraud Rate,M026,GreenLeaf Wellness,Health & Wellness,Organic Nutrition & Ayurveda,Trichy,Srirangam,Tamil Nadu,620006,10.8624,78.6947,6,2100.0,08:00-21:00,"POS,UPI,ONLINE,CARD",Subscription card stuffing,0.013,32,8790.75,INR,PURCHASE,UPI,MOBILE_APP,1,0,Coimbatore,10.0,0,0,1,DEV-MOHANA-SAMSUNG-S23,mobile_android,0,BEN-CUST_MOHANA_002-TRUSTED,Trusted Household Vendor,7,0,1,10,0,0,0,None,Resolved Genuine,Standard Habitual Purchase,0
TXN-CUST_MOHANA_002-10472,2026-07-24 19:53:58,2026-07-24,19:53:58,19,4,0,0,CUST_MOHANA_002,180,Coimbatore,Tamil Nadu,Medium Risk / 12% Fraud Rate,M005,UrbanThread Studio,Fashion / Apparel,Designer & Ready-to-wear,Chennai,Anna Nagar,Tamil Nadu,600040,13.085,80.2101,5,4800.0,10:30-22:00,"POS,ONLINE,UPI,CARD",Refund abuse / credential stuffing,0.022,55,5854.13,INR,PURCHASE,POS,MOBILE_APP,1,0,Coimbatore,13.0,0,0,1,DEV-MOHANA-SAMSUNG-S23,mobile_android,0,BEN-CUST_MOHANA_002-TRUSTED,Trusted Household Vendor,13,0,3,14,0,0,0,None,Resolved Genuine,Standard Habitual Purchase,0
TXN-CUST_MOHANA_002-10473,2026-07-24 21:22:21,2026-07-24,21:22:21,21,4,0,0,CUST_MOHANA_002,180,Coimbatore,Tamil Nadu,Medium Risk / 12% Fraud Rate,M006,MedicoCare Pharmacy,Pharmacy,Medicines & Surgical Supplies,Madurai,KK Nagar,Tamil Nadu,625020,9.9252,78.1498,10,1450.0,24_HOURS,"POS,UPI,CARD,ONLINE",Nighttime micro card testing,0.015,37,8279.86,INR,PURCHASE,ONLINE,MOBILE_APP,1,0,Coimbatore,4.0,0,0,1,DEV-MOHANA-SAMSUNG-S23,mobile_android,0,BEN-CUST_MOHANA_002-TRUSTED,Trusted Household Vendor,12,1,4,24,0,0,0,None,Resolved Genuine,Standard Habitual Purchase,0
TXN-CUST_MOHANA_002-10474,2026-07-24 22:46:08,2026-07-24,22:46:08,22,4,0,0,CUST_MOHANA_002,180,Coimbatore,Tamil Nadu,Medium Risk / 12% Fraud Rate,M002,CircuitBay Electronics,Consumer Electronics,Laptops & Gadgets,Chennai,Velachery,Tamil Nadu,600042,12.9759,80.2212,6,32000.0,10:00-21:30,"POS,ONLINE,EMI,UPI",Stolen payment details / high-ticket electronics delivery,0.048,120,4591.2,INR,PURCHASE,POS,MOBILE_APP,1,0,Coimbatore,13.0,0,0,1,DEV-MOHANA-SAMSUNG-S23,mobile_android,0,BEN-CUST_MOHANA_002-TRUSTED,Trusted Household Vendor,4,0,2,13,0,0,0,None,Resolved Genuine,Standard Habitual Purchase,0
TXN-CUST_MOHANA_002-10475,2026-07-25 00:14:25,2026-07-25,00:14:25,0,5,1,1,CUST_MOHANA_002,180,Coimbatore,Tamil Nadu,Medium Risk / 12% Fraud Rate,M011,SkyTrail Travels,Travel Agency,Flight & International Tour Packages,Coimbatore,Gandhipuram,Tamil Nadu,641012,11.0183,76.9664,11,44000.0,09:00-20:00,"ONLINE,TRANSFER,CARD",Mule-account ticket arbitrage & fast cancellation fraud,0.052,130,11800.32,INR,PURCHASE,TRANSFER,MOBILE_APP,0,0,Coimbatore,14.0,0,0,1,DEV-MOHANA-SAMSUNG-S23,mobile_android,0,BEN-CUST_MOHANA_002-TRUSTED,Trusted Household Vendor,4,0,1,14,0,0,0,None,Resolved Genuine,Standard Habitual Purchase,0
TXN-CUST_MOHANA_002-10476,2026-07-25 01:38:09,2026-07-25,01:38:09,1,5,1,1,CUST_MOHANA_002,180,Coimbatore,Tamil Nadu,Medium Risk / 12% Fraud Rate,M021,GlowCraft Salon,Salon / Beauty,Spa & Grooming Studio,Chennai,Porur,Tamil Nadu,600116,13.0382,80.1565,5,2800.0,09:00-21:00,"POS,UPI,CARD",Unusual late-night transaction spikes,0.011,27,6248.32,INR,PURCHASE,UPI,MOBILE_APP,1,0,Coimbatore,5.0,0,0,1,DEV-MOHANA-SAMSUNG-S23,mobile_android,0,BEN-CUST_MOHANA_002-TRUSTED,Trusted Household Vendor,14,0,1,6,0,0,0,None,Resolved Genuine,Standard Habitual Purchase,0
TXN-CUST_MOHANA_002-10477,2026-07-25 03:04:16,2026-07-25,03:04:16,3,5,1,1,CUST_MOHANA_002,180,Coimbatore,Tamil Nadu,Medium Risk / 12% Fraud Rate,M025,ShieldSure Services,Insurance Services,General & Health Insurance Premium,Chennai,Egmore,Tamil Nadu,600008,13.0784,80.2607,13,14000.0,09:30-18:00,"ONLINE,NETBANKING,CARD",Premium diversion / fake policy payment slips,0.019,47,5207.33,INR,PURCHASE,NETBANKING,MOBILE_APP,0,0,Coimbatore,11.0,0,0,1,DEV-MOHANA-SAMSUNG-S23,mobile_android,0,BEN-CUST_MOHANA_002-TRUSTED,Trusted Household Vendor,13,0,4,20,0,0,0,None,Resolved Genuine,Standard Habitual Purchase,0
TXN-CUST_MOHANA_002-10478,2026-07-25 04:27:58,2026-07-25,04:27:58,4,5,1,1,CUST_MOHANA_002,180,Coimbatore,Tamil Nadu,Medium Risk / 12% Fraud Rate,M012,DashDine Delivery,Food Delivery,Quick Commerce & Meal Delivery,Chennai,Sholinganallur,Tamil Nadu,600119,12.901,80.2279,4,520.0,06:00-02:00,"UPI,CARD,ONLINE,WALLET",Promo code abuse / stolen wallet balances,0.014,35,5649.21,INR,PURCHASE,WALLET,MOBILE_APP,0,0,Coimbatore,5.0,0,0,1,DEV-MOHANA-SAMSUNG-S23,mobile_android,0,BEN-CUST_MOHANA_002-TRUSTED,Trusted Household Vendor,10,0,4,22,0,0,0,None,Resolved Genuine,Standard Habitual Purchase,0
TXN-CUST_MOHANA_002-10479,2026-07-25 05:53:43,2026-07-25,05:53:43,5,5,1,1,CUST_MOHANA_002,180,Coimbatore,Tamil Nadu,Medium Risk / 12% Fraud Rate,M002,CircuitBay Electronics,Consumer Electronics,Laptops & Gadgets,Chennai,Velachery,Tamil Nadu,600042,12.9759,80.2212,6,32000.0,10:00-21:30,"POS,ONLINE,EMI,UPI",Stolen payment details / high-ticket electronics delivery,0.048,120,10686.02,INR,PURCHASE,UPI,MOBILE_APP,1,0,Coimbatore,8.0,0,0,1,DEV-MOHANA-SAMSUNG-S23,mobile_android,0,BEN-CUST_MOHANA_002-TRUSTED,Trusted Household Vendor,15,0,4,20,0,0,0,None,Resolved Genuine,Standard Habitual Purchase,0
TXN-CUST_MOHANA_002-10480,2026-07-25 07:20:42,2026-07-25,07:20:42,7,5,1,0,CUST_MOHANA_002,180,Coimbatore,Tamil Nadu,Medium Risk / 12% Fraud Rate,M012,DashDine Delivery,Food Delivery,Quick Commerce & Meal Delivery,Chennai,Sholinganallur,Tamil Nadu,600119,12.901,80.2279,4,520.0,06:00-02:00,"UPI,CARD,ONLINE,WALLET",Promo code abuse / stolen wallet balances,0.014,35,3598.52,INR,PURCHASE,WALLET,MOBILE_APP,0,0,Coimbatore,13.0,0,0,1,DEV-MOHANA-SAMSUNG-S23,mobile_android,0,BEN-CUST_MOHANA_002-TRUSTED,Trusted Household Vendor,14,1,4,24,0,0,0,None,Resolved Genuine,Standard Habitual Purchase,0
TXN-CUST_MOHANA_002-10481,2026-07-25 08:49:38,2026-07-25,08:49:38,8,5,1,0,CUST_MOHANA_002,180,Coimbatore,Tamil Nadu,Medium Risk / 12% Fraud Rate,M006,MedicoCare Pharmacy,Pharmacy,Medicines & Surgical Supplies,Madurai,KK Nagar,Tamil Nadu,625020,9.9252,78.1498,10,1450.0,24_HOURS,"POS,UPI,CARD,ONLINE",Nighttime micro card testing,0.015,37,9167.3,INR,PURCHASE,ONLINE,MOBILE_APP,1,0,Coimbatore,15.0,0,0,1,DEV-MOHANA-SAMSUNG-S23,mobile_android,0,BEN-CUST_MOHANA_002-TRUSTED,Trusted Household Vendor,3,0,3,22,0,0,0,None,Resolved Genuine,Standard Habitual Purchase,0
TXN-CUST_MOHANA_002-10482,2026-07-25 10:17:05,2026-07-25,10:17:05,10,5,1,0,CUST_MOHANA_002,180,Coimbatore,Tamil Nadu,Medium Risk / 12% Fraud Rate,M009,RapidFuel Station,Fuel Station,"Petrol, Diesel & EV Fast Charge",Salem,Fairlands,Tamil Nadu,636016,11.6643,78.146,9,3100.0,24_HOURS,"POS,FLEET_CARD,UPI",Automated fleet card skimming,0.024,60,4085.01,INR,PURCHASE,POS,MOBILE_APP,1,0,Coimbatore,4.0,0,0,1,DEV-MOHANA-SAMSUNG-S23,mobile_android,0,BEN-CUST_MOHANA_002-TRUSTED,Trusted Household Vendor,6,1,4,20,0,0,0,None,Resolved Genuine,Standard Habitual Purchase,0
TXN-CUST_MOHANA_002-10483,2026-07-25 11:46:12,2026-07-25,11:46:12,11,5,1,0,CUST_MOHANA_002,180,Coimbatore,Tamil Nadu,Medium Risk / 12% Fraud Rate,M011,SkyTrail Travels,Travel Agency,Flight & International Tour Packages,Coimbatore,Gandhipuram,Tamil Nadu,641012,11.0183,76.9664,11,44000.0,09:00-20:00,"ONLINE,TRANSFER,CARD",Mule-account ticket arbitrage & fast cancellation fraud,0.052,130,7050.37,INR,PURCHASE,ONLINE,MOBILE_APP,0,0,Coimbatore,15.0,0,0,1,DEV-MOHANA-SAMSUNG-S23,mobile_android,0,BEN-CUST_MOHANA_002-TRUSTED,Trusted Household Vendor,9,1,3,21,0,0,0,None,Resolved Genuine,Standard Habitual Purchase,0
TXN-CUST_MOHANA_002-10484,2026-07-25 13:12:52,2026-07-25,13:12:52,13,5,1,0,CUST_MOHANA_002,180,Coimbatore,Tamil Nadu,Medium Risk / 12% Fraud Rate,M003,Pulse Mobile Hub,Mobile Store,Smartphones & Accessories,Chennai,Tambaram,Tamil Nadu,600045,12.9249,80.1278,4,18500.0,09:30-21:30,"POS,UPI,CARD",New device abuse / rapid checkout surge,0.035,87,8135.4,INR,PURCHASE,POS,MOBILE_APP,1,0,Coimbatore,4.0,0,0,1,DEV-MOHANA-SAMSUNG-S23,mobile_android,0,BEN-CUST_MOHANA_002-TRUSTED,Trusted Household Vendor,13,0,2,11,0,0,0,None,Resolved Genuine,Standard Habitual Purchase,0
TXN-CUST_MOHANA_002-10485,2026-07-25 14:39:54,2026-07-25,14:39:54,14,5,1,0,CUST_MOHANA_002,180,Coimbatore,Tamil Nadu,Medium Risk / 12% Fraud Rate,M001,NovaMart Fresh,Grocery & Supermarket,Supermarket / Hypermarket,Chennai,T Nagar,Tamil Nadu,600017,13.0418,80.2341,8,1250.0,07:00-22:30,"POS,UPI,CARD,ONLINE",Card testing / micro-burst velocity,0.012,30,7274.26,INR,PURCHASE,CARD,MOBILE_APP,1,0,Coimbatore,4.0,0,0,1,DEV-MOHANA-SAMSUNG-S23,mobile_android,0,BEN-CUST_MOHANA_002-TRUSTED,Trusted Household Vendor,11,0,2,12,0,0,0,None,Resolved Genuine,Standard Habitual Purchase,0
TXN-CUST_MOHANA_002-10486,2026-07-25 16:06:06,2026-07-25,16:06:06,16,5,1,0,CUST_MOHANA_002,180,Coimbatore,Tamil Nadu,Medium Risk / 12% Fraud Rate,M018,PageTurn Book House,Bookstore,"Academic, Fiction & Stationery",Trichy,Thillai Nagar,Tamil Nadu,620018,10.8282,78.6854,16,850.0,09:00-21:30,"POS,UPI,CARD,ONLINE",Low-value card testing bots,0.008,20,9249.04,INR,PURCHASE,ONLINE,MOBILE_APP,1,0,Coimbatore,6.0,0,0,1,DEV-MOHANA-SAMSUNG-S23,mobile_android,0,BEN-CUST_MOHANA_002-TRUSTED,Trusted Household Vendor,6,0,2,11,0,0,0,None,Resolved Genuine,Standard Habitual Purchase,0
TXN-CUST_MOHANA_002-10487,2026-07-25 17:34:51,2026-07-25,17:34:51,17,5,1,0,CUST_MOHANA_002,180,Coimbatore,Tamil Nadu,Medium Risk / 12% Fraud Rate,M018,PageTurn Book House,Bookstore,"Academic, Fiction & Stationery",Trichy,Thillai Nagar,Tamil Nadu,620018,10.8282,78.6854,16,850.0,09:00-21:30,"POS,UPI,CARD,ONLINE",Low-value card testing bots,0.008,20,6426.63,INR,PURCHASE,CARD,MOBILE_APP,1,0,Coimbatore,5.0,0,0,1,DEV-MOHANA-SAMSUNG-S23,mobile_android,0,BEN-CUST_MOHANA_002-TRUSTED,Trusted Household Vendor,12,0,2,10,0,0,0,None,Resolved Genuine,Standard Habitual Purchase,0
TXN-CUST_MOHANA_002-10488,2026-07-25 18:59:06,2026-07-25,18:59:06,18,5,1,0,CUST_MOHANA_002,180,Coimbatore,Tamil Nadu,Medium Risk / 12% Fraud Rate,M013,CartNest Online,E-commerce,Multi-category Marketplace,Chennai,Guindy,Tamil Nadu,600032,13.0067,80.2026,5,6200.0,24_HOURS,"ONLINE,UPI,CARD,NETBANKING",Account takeover + triangulation shipping fraud,0.045,112,6398.97,INR,PURCHASE,CARD,MOBILE_APP,0,0,Coimbatore,1.0,0,0,1,DEV-MOHANA-SAMSUNG-S23,mobile_android,0,BEN-CUST_MOHANA_002-TRUSTED,Trusted Household Vendor,9,0,1,10,0,0,0,None,Resolved Genuine,Standard Habitual Purchase,0
TXN-CUST_MOHANA_002-10489,2026-07-25 20:28:28,2026-07-25,20:28:28,20,5,1,0,CUST_MOHANA_002,180,Coimbatore,Tamil Nadu,Medium Risk / 12% Fraud Rate,M008,BeanCircuit Cafe,Cafe,Specialty Coffee & Bakery,Bengaluru,Indiranagar,Karnataka,560038,12.9784,77.6408,3,650.0,07:30-23:00,"UPI,POS,CARD",QR code spoofing / fast velocity dining,0.009,22,8007.73,INR,PURCHASE,POS,MOBILE_APP,1,0,Coimbatore,11.0,0,0,1,DEV-MOHANA-SAMSUNG-S23,mobile_android,0,BEN-CUST_MOHANA_002-TRUSTED,Trusted Household Vendor,9,0,1,14,0,0,0,None,Resolved Genuine,Standard Habitual Purchase,0
TXN-CUST_MOHANA_002-10490,2026-07-25 21:52:31,2026-07-25,21:52:31,21,5,1,0,CUST_MOHANA_002,180,Coimbatore,Tamil Nadu,Medium Risk / 12% Fraud Rate,M005,UrbanThread Studio,Fashion / Apparel,Designer & Ready-to-wear,Chennai,Anna Nagar,Tamil Nadu,600040,13.085,80.2101,5,4800.0,10:30-22:00,"POS,ONLINE,UPI,CARD",Refund abuse / credential stuffing,0.022,55,12631.44,INR,PURCHASE,POS,MOBILE_APP,1,0,Coimbatore,12.0,0,0,1,DEV-MOHANA-SAMSUNG-S23,mobile_android,0,BEN-CUST_MOHANA_002-TRUSTED,Trusted Household Vendor,5,0,2,10,0,0,0,None,Resolved Genuine,Standard Habitual Purchase,0
TXN-CUST_MOHANA_002-10491,2026-07-25 23:20:55,2026-07-25,23:20:55,23,5,1,1,CUST_MOHANA_002,180,Coimbatore,Tamil Nadu,Medium Risk / 12% Fraud Rate,M021,GlowCraft Salon,Salon / Beauty,Spa & Grooming Studio,Chennai,Porur,Tamil Nadu,600116,13.0382,80.1565,5,2800.0,09:00-21:00,"POS,UPI,CARD",Unusual late-night transaction spikes,0.011,27,4341.14,INR,PURCHASE,CARD,MOBILE_APP,1,0,Coimbatore,8.0,0,0,1,DEV-MOHANA-SAMSUNG-S23,mobile_android,0,BEN-CUST_MOHANA_002-TRUSTED,Trusted Household Vendor,4,0,2,13,0,0,0,None,Resolved Genuine,Standard Habitual Purchase,0
TXN-CUST_MOHANA_002-10492,2026-07-26 00:45:53,2026-07-26,00:45:53,0,6,1,1,CUST_MOHANA_002,180,Coimbatore,Tamil Nadu,Medium Risk / 12% Fraud Rate,M014,OakLine Furnishings,Furniture,Teak Wood & Modern Home Decor,Madurai,Bypass Road,Tamil Nadu,625016,9.932,78.109,12,38000.0,10:00-21:00,"POS,CARD,TRANSFER,EMI",Invoice redirection fraud / fake payment slips,0.029,72,5150.52,INR,PURCHASE,EMI,MOBILE_APP,1,0,Coimbatore,9.0,0,0,1,DEV-MOHANA-SAMSUNG-S23,mobile_android,0,BEN-CUST_MOHANA_002-TRUSTED,Trusted Household Vendor,15,0,4,21,0,0,0,None,Resolved Genuine,Standard Habitual Purchase,0
TXN-CUST_MOHANA_002-10493,2026-07-26 02:13:50,2026-07-26,02:13:50,2,6,1,1,CUST_MOHANA_002,180,Coimbatore,Tamil Nadu,Medium Risk / 12% Fraud Rate,M028,CraftCove Home Decor,Home Decor,Handicrafts & Art Pieces,Thanjavur,Medical College Road,Tamil Nadu,613004,10.7684,79.1245,8,7400.0,09:30-20:30,"POS,UPI,CARD,ONLINE",Cross-border tourist chargebacks,0.023,57,11828.6,INR,PURCHASE,UPI,MOBILE_APP,1,0,Coimbatore,14.0,0,0,1,DEV-MOHANA-SAMSUNG-S23,mobile_android,0,BEN-CUST_MOHANA_002-TRUSTED,Trusted Household Vendor,4,0,2,18,0,0,0,None,Resolved Genuine,Standard Habitual Purchase,0
TXN-CUST_MOHANA_002-10494,2026-07-26 03:41:19,2026-07-26,03:41:19,3,6,1,1,CUST_MOHANA_002,180,Coimbatore,Tamil Nadu,Medium Risk / 12% Fraud Rate,M011,SkyTrail Travels,Travel Agency,Flight & International Tour Packages,Coimbatore,Gandhipuram,Tamil Nadu,641012,11.0183,76.9664,11,44000.0,09:00-20:00,"ONLINE,TRANSFER,CARD",Mule-account ticket arbitrage & fast cancellation fraud,0.052,130,7565.94,INR,PURCHASE,ONLINE,MOBILE_APP,0,0,Coimbatore,6.0,0,0,1,DEV-MOHANA-SAMSUNG-S23,mobile_android,0,BEN-CUST_MOHANA_002-TRUSTED,Trusted Household Vendor,14,0,4,25,0,0,0,None,Resolved Genuine,Standard Habitual Purchase,0
TXN-CUST_MOHANA_002-10495,2026-07-26 05:09:26,2026-07-26,05:09:26,5,6,1,1,CUST_MOHANA_002,180,Coimbatore,Tamil Nadu,Medium Risk / 12% Fraud Rate,M019,ArenaSport World,Sports Retail,Fitness Equipment & Sports Wear,Chennai,Nungambakkam,Tamil Nadu,600034,13.0604,80.2405,6,5600.0,10:00-21:30,"POS,ONLINE,UPI,CARD",Stolen card chargeback on premium sports gear,0.026,65,8954.9,INR,PURCHASE,CARD,MOBILE_APP,1,0,Coimbatore,11.0,0,0,1,DEV-MOHANA-SAMSUNG-S23,mobile_android,0,BEN-CUST_MOHANA_002-TRUSTED,Trusted Household Vendor,10,0,1,6,0,0,0,None,Resolved Genuine,Standard Habitual Purchase,0
TXN-CUST_MOHANA_002-10496,2026-07-26 06:35:15,2026-07-26,06:35:15,6,6,1,0,CUST_MOHANA_002,180,Coimbatore,Tamil Nadu,Medium Risk / 12% Fraud Rate,M016,MotoCare Garage,Auto Service,Car Service & Detailing Hub,Chennai,Pallikaranai,Tamil Nadu,600100,12.9372,80.2014,7,8900.0,08:30-20:30,"POS,UPI,CARD",Over-invoicing / synthetic card payments,0.021,52,5806.69,INR,PURCHASE,POS,MOBILE_APP,1,0,Coimbatore,7.0,0,0,1,DEV-MOHANA-SAMSUNG-S23,mobile_android,0,BEN-CUST_MOHANA_002-TRUSTED,Trusted Household Vendor,15,0,2,15,0,0,0,None,Resolved Genuine,Standard Habitual Purchase,0
TXN-CUST_MOHANA_002-10497,2026-07-26 08:03:14,2026-07-26,08:03:14,8,6,1,0,CUST_MOHANA_002,180,Coimbatore,Tamil Nadu,Medium Risk / 12% Fraud Rate,M013,CartNest Online,E-commerce,Multi-category Marketplace,Chennai,Guindy,Tamil Nadu,600032,13.0067,80.2026,5,6200.0,24_HOURS,"ONLINE,UPI,CARD,NETBANKING",Account takeover + triangulation shipping fraud,0.045,112,8914.33,INR,PURCHASE,UPI,MOBILE_APP,0,0,Coimbatore,2.0,0,0,1,DEV-MOHANA-SAMSUNG-S23,mobile_android,0,BEN-CUST_MOHANA_002-TRUSTED,Trusted Household Vendor,5,0,2,15,0,0,0,None,Resolved Genuine,Standard Habitual Purchase,0
TXN-CUST_MOHANA_002-10498,2026-07-26 09:28:36,2026-07-26,09:28:36,9,6,1,0,CUST_MOHANA_002,180,Coimbatore,Tamil Nadu,Medium Risk / 12% Fraud Rate,M006,MedicoCare Pharmacy,Pharmacy,Medicines & Surgical Supplies,Madurai,KK Nagar,Tamil Nadu,625020,9.9252,78.1498,10,1450.0,24_HOURS,"POS,UPI,CARD,ONLINE",Nighttime micro card testing,0.015,37,4279.13,INR,PURCHASE,CARD,MOBILE_APP,1,0,Coimbatore,7.0,0,0,1,DEV-MOHANA-SAMSUNG-S23,mobile_android,0,BEN-CUST_MOHANA_002-TRUSTED,Trusted Household Vendor,3,0,3,22,0,0,0,None,Resolved Genuine,Standard Habitual Purchase,0
TXN-CUST_MOHANA_002-10499,2026-07-26 10:57:56,2026-07-26,10:57:56,10,6,1,0,CUST_MOHANA_002,180,Coimbatore,Tamil Nadu,Medium Risk / 12% Fraud Rate,M004,Aurelia Gold House,Jewellery,Gold & Diamond Jewellery,Coimbatore,RS Puram,Tamil Nadu,641002,11.0089,76.9514,14,78000.0,10:00-20:30,"POS,CARD,TRANSFER",Account takeover / card-not-present luxury surge,0.065,162,10404.82,INR,PURCHASE,TRANSFER,MOBILE_APP,1,0,Coimbatore,7.0,0,0,1,DEV-MOHANA-SAMSUNG-S23,mobile_android,0,BEN-CUST_MOHANA_002-TRUSTED,Trusted Household Vendor,11,0,1,8,0,0,0,None,Resolved Genuine,Standard Habitual Purchase,0
TXN-CUST_MOHANA_002-10500,2026-07-26 12:21:46,2026-07-26,12:21:46,12,6,1,0,CUST_MOHANA_002,180,Coimbatore,Tamil Nadu,Medium Risk / 12% Fraud Rate,M019,ArenaSport World,Sports Retail,Fitness Equipment & Sports Wear,Chennai,Nungambakkam,Tamil Nadu,600034,13.0604,80.2405,6,5600.0,10:00-21:30,"POS,ONLINE,UPI,CARD",Stolen card chargeback on premium sports gear,0.026,65,11167.75,INR,P2P_TRANSFER,UPI,MOBILE_APP,0,0,Delhi,1073.0,1,0,1,DEV-MOHANA-SAMSUNG-S23,mobile_android,1,BEN-NEW-647,Global Flight Booking,0,4,4,21,1,0,0,Geographic Anomaly / High Ticket Spike,Review Required,Sudden location velocity jump with new merchant,1
TXN-CUST_MOHANA_002-10501,2026-07-26 13:47:45,2026-07-26,13:47:45,13,6,1,0,CUST_MOHANA_002,180,Coimbatore,Tamil Nadu,Medium Risk / 12% Fraud Rate,M020,GameGrid Arena,Gaming,"Esports, Consoles & Virtual Credits",Bengaluru,Koramangala,Karnataka,560095,12.9352,77.6245,4,3400.0,10:00-01:00,"ONLINE,UPI,CARD,WALLET",Virtual item laundering & bot-driven micro transactions,0.055,137,8926.95,INR,PURCHASE,UPI,MOBILE_APP,0,0,Coimbatore,13.0,0,0,1,DEV-MOHANA-SAMSUNG-S23,mobile_android,0,BEN-CUST_MOHANA_002-TRUSTED,Trusted Household Vendor,5,0,1,6,0,0,0,None,Resolved Genuine,Standard Habitual Purchase,0
TXN-CUST_MOHANA_002-10502,2026-07-26 15:16:15,2026-07-26,15:16:15,15,6,1,0,CUST_MOHANA_002,180,Coimbatore,Tamil Nadu,Medium Risk / 12% Fraud Rate,M026,GreenLeaf Wellness,Health & Wellness,Organic Nutrition & Ayurveda,Trichy,Srirangam,Tamil Nadu,620006,10.8624,78.6947,6,2100.0,08:00-21:00,"POS,UPI,ONLINE,CARD",Subscription card stuffing,0.013,32,3879.7,INR,P2P_TRANSFER,ONLINE,MOBILE_APP,0,0,Hyderabad,535.0,1,0,1,DEV-MOHANA-SAMSUNG-S23,mobile_android,1,BEN-NEW-836,Global Flight Booking,0,4,10,50,1,0,0,Geographic Anomaly / High Ticket Spike,Review Required,Sudden location velocity jump with new merchant,1
TXN-CUST_MOHANA_002-10503,2026-07-26 16:45:28,2026-07-26,16:45:28,16,6,1,0,CUST_MOHANA_002,180,Coimbatore,Tamil Nadu,Medium Risk / 12% Fraud Rate,M021,GlowCraft Salon,Salon / Beauty,Spa & Grooming Studio,Chennai,Porur,Tamil Nadu,600116,13.0382,80.1565,5,2800.0,09:00-21:00,"POS,UPI,CARD",Unusual late-night transaction spikes,0.011,27,4725.88,INR,PURCHASE,POS,MOBILE_APP,1,0,Coimbatore,15.0,0,0,1,DEV-MOHANA-SAMSUNG-S23,mobile_android,0,BEN-CUST_MOHANA_002-TRUSTED,Trusted Household Vendor,13,0,1,10,0,0,0,None,Resolved Genuine,Standard Habitual Purchase,0
TXN-CUST_MOHANA_002-10504,2026-07-26 18:10:57,2026-07-26,18:10:57,18,6,1,0,CUST_MOHANA_002,180,Coimbatore,Tamil Nadu,Medium Risk / 12% Fraud Rate,M021,GlowCraft Salon,Salon / Beauty,Spa & Grooming Studio,Chennai,Porur,Tamil Nadu,600116,13.0382,80.1565,5,2800.0,09:00-21:00,"POS,UPI,CARD",Unusual late-night transaction spikes,0.011,27,8966.06,INR,PURCHASE,CARD,MOBILE_APP,1,0,Coimbatore,8.0,0,0,1,DEV-MOHANA-SAMSUNG-S23,mobile_android,0,BEN-CUST_MOHANA_002-TRUSTED,Trusted Household Vendor,14,0,1,13,0,0,0,None,Resolved Genuine,Standard Habitual Purchase,0
TXN-CUST_MOHANA_002-10505,2026-07-26 19:34:54,2026-07-26,19:34:54,19,6,1,0,CUST_MOHANA_002,180,Coimbatore,Tamil Nadu,Medium Risk / 12% Fraud Rate,M006,MedicoCare Pharmacy,Pharmacy,Medicines & Surgical Supplies,Madurai,KK Nagar,Tamil Nadu,625020,9.9252,78.1498,10,1450.0,24_HOURS,"POS,UPI,CARD,ONLINE",Nighttime micro card testing,0.015,37,5799.87,INR,PURCHASE,UPI,MOBILE_APP,1,0,Coimbatore,9.0,0,0,1,DEV-MOHANA-SAMSUNG-S23,mobile_android,0,BEN-CUST_MOHANA_002-TRUSTED,Trusted Household Vendor,10,0,4,26,0,0,0,None,Resolved Genuine,Standard Habitual Purchase,0
TXN-CUST_MOHANA_002-10506,2026-07-26 21:02:55,2026-07-26,21:02:55,21,6,1,0,CUST_MOHANA_002,180,Coimbatore,Tamil Nadu,Medium Risk / 12% Fraud Rate,M022,SkillSpring Academy,Education / Training,Professional Certifications & Tech Bootcamps,Chennai,Mylapore,Tamil Nadu,600004,13.0368,80.2676,8,22000.0,08:30-19:30,"ONLINE,NETBANKING,CARD,UPI",Stolen corporate card enrollments,0.028,70,5304.96,INR,PURCHASE,ONLINE,MOBILE_APP,0,0,Coimbatore,15.0,0,0,1,DEV-MOHANA-SAMSUNG-S23,mobile_android,0,BEN-CUST_MOHANA_002-TRUSTED,Trusted Household Vendor,9,0,3,15,0,0,0,None,Resolved Genuine,Standard Habitual Purchase,0
TXN-CUST_MOHANA_002-10507,2026-07-26 22:30:38,2026-07-26,22:30:38,22,6,1,0,CUST_MOHANA_002,180,Coimbatore,Tamil Nadu,Medium Risk / 12% Fraud Rate,M022,SkillSpring Academy,Education / Training,Professional Certifications & Tech Bootcamps,Chennai,Mylapore,Tamil Nadu,600004,13.0368,80.2676,8,22000.0,08:30-19:30,"ONLINE,NETBANKING,CARD,UPI",Stolen corporate card enrollments,0.028,70,13328.25,INR,PURCHASE,NETBANKING,MOBILE_APP,0,0,Coimbatore,8.0,0,0,1,DEV-MOHANA-SAMSUNG-S23,mobile_android,0,BEN-CUST_MOHANA_002-TRUSTED,Trusted Household Vendor,9,0,4,24,0,0,0,None,Resolved Genuine,Standard Habitual Purchase,0
TXN-CUST_MOHANA_002-10508,2026-07-26 23:57:04,2026-07-26,23:57:04,23,6,1,1,CUST_MOHANA_002,180,Coimbatore,Tamil Nadu,Medium Risk / 12% Fraud Rate,M023,SwiftBox Logistics,Courier / Logistics,Express Parcel & Freight Delivery,Tiruppur,Avinashi Road,Tamil Nadu,641603,11.1085,77.3411,9,4200.0,08:00-21:00,"POS,UPI,CARD,ONLINE",Interception fraud / address redirection,0.02,50,12531.61,INR,P2P_TRANSFER,POS,MOBILE_APP,0,0,Mumbai,627.0,1,0,1,DEV-MOHANA-SAMSUNG-S23,mobile_android,1,BEN-NEW-867,Global Flight Booking,0,4,8,42,1,0,0,Geographic Anomaly / High Ticket Spike,Review Required,Sudden location velocity jump with new merchant,1
TXN-CUST_MOHANA_002-10509,2026-07-27 01:22:23,2026-07-27,01:22:23,1,0,0,1,CUST_MOHANA_002,180,Coimbatore,Tamil Nadu,Medium Risk / 12% Fraud Rate,M017,AutoForge Parts,Spare Parts,OEM Industrial & Auto Components,Hosur,Mookandapalli,Tamil Nadu,635126,12.7409,77.8253,15,16500.0,09:00-19:30,"TRANSFER,POS,CARD",Business email compromise / fake beneficiary update,0.033,82,3406.68,INR,PURCHASE,TRANSFER,MOBILE_APP,1,0,Coimbatore,11.0,0,0,1,DEV-MOHANA-SAMSUNG-S23,mobile_android,0,BEN-CUST_MOHANA_002-TRUSTED,Trusted Household Vendor,8,1,2,14,0,0,0,None,Resolved Genuine,Standard Habitual Purchase,0
TXN-CUST_MOHANA_002-10510,2026-07-27 02:51:05,2026-07-27,02:51:05,2,0,0,1,CUST_MOHANA_002,180,Coimbatore,Tamil Nadu,Medium Risk / 12% Fraud Rate,M022,SkillSpring Academy,Education / Training,Professional Certifications & Tech Bootcamps,Chennai,Mylapore,Tamil Nadu,600004,13.0368,80.2676,8,22000.0,08:30-19:30,"ONLINE,NETBANKING,CARD,UPI",Stolen corporate card enrollments,0.028,70,67157.28,INR,PURCHASE,ONLINE,WEB_PORTAL,0,0,Delhi,1045.0,1,1,0,DEV-LAPTOP-CHROME-499,web_browser,0,BEN-CUST_MOHANA_002-01,Self Family Transfer,3,4,6,26,1,0,0,Geographic Anomaly / High Ticket Spike,Review Required,Sudden location velocity jump with new merchant,1
TXN-CUST_MOHANA_002-10511,2026-07-27 04:18:31,2026-07-27,04:18:31,4,0,0,1,CUST_MOHANA_002,180,Coimbatore,Tamil Nadu,Medium Risk / 12% Fraud Rate,M006,MedicoCare Pharmacy,Pharmacy,Medicines & Surgical Supplies,Madurai,KK Nagar,Tamil Nadu,625020,9.9252,78.1498,10,1450.0,24_HOURS,"POS,UPI,CARD,ONLINE",Nighttime micro card testing,0.015,37,6251.89,INR,PURCHASE,CARD,MOBILE_APP,1,0,Coimbatore,9.0,0,0,1,DEV-MOHANA-SAMSUNG-S23,mobile_android,0,BEN-CUST_MOHANA_002-TRUSTED,Trusted Household Vendor,8,1,3,18,0,0,0,None,Resolved Genuine,Standard Habitual Purchase,0
TXN-CUST_MOHANA_002-10512,2026-07-27 05:43:01,2026-07-27,05:43:01,5,0,0,1,CUST_MOHANA_002,180,Coimbatore,Tamil Nadu,Medium Risk / 12% Fraud Rate,M017,AutoForge Parts,Spare Parts,OEM Industrial & Auto Components,Hosur,Mookandapalli,Tamil Nadu,635126,12.7409,77.8253,15,16500.0,09:00-19:30,"TRANSFER,POS,CARD",Business email compromise / fake beneficiary update,0.033,82,7410.37,INR,PURCHASE,CARD,MOBILE_APP,1,0,Coimbatore,10.0,0,0,1,DEV-MOHANA-SAMSUNG-S23,mobile_android,0,BEN-CUST_MOHANA_002-TRUSTED,Trusted Household Vendor,8,0,2,14,0,0,0,None,Resolved Genuine,Standard Habitual Purchase,0
TXN-CUST_MOHANA_002-10513,2026-07-27 07:07:31,2026-07-27,07:07:31,7,0,0,0,CUST_MOHANA_002,180,Coimbatore,Tamil Nadu,Medium Risk / 12% Fraud Rate,M008,BeanCircuit Cafe,Cafe,Specialty Coffee & Bakery,Bengaluru,Indiranagar,Karnataka,560038,12.9784,77.6408,3,650.0,07:30-23:00,"UPI,POS,CARD",QR code spoofing / fast velocity dining,0.009,22,9866.28,INR,PURCHASE,POS,MOBILE_APP,1,0,Coimbatore,3.0,0,0,1,DEV-MOHANA-SAMSUNG-S23,mobile_android,0,BEN-CUST_MOHANA_002-TRUSTED,Trusted Household Vendor,15,0,3,17,0,0,0,None,Resolved Genuine,Standard Habitual Purchase,0
TXN-CUST_MOHANA_002-10514,2026-07-27 08:36:07,2026-07-27,08:36:07,8,0,0,0,CUST_MOHANA_002,180,Coimbatore,Tamil Nadu,Medium Risk / 12% Fraud Rate,M007,SpiceRoute Kitchen,Restaurant,Fine Dining & Chettinad,Chennai,Adyar,Tamil Nadu,600020,13.0012,80.2565,7,2200.0,11:30-23:30,"POS,UPI,CARD",Cloned card POS terminal replay,0.018,45,8971.06,INR,PURCHASE,UPI,MOBILE_APP,1,0,Coimbatore,15.0,0,0,1,DEV-MOHANA-SAMSUNG-S23,mobile_android,0,BEN-CUST_MOHANA_002-TRUSTED,Trusted Household Vendor,8,0,1,8,0,0,0,None,Resolved Genuine,Standard Habitual Purchase,0
TXN-CUST_MOHANA_002-10515,2026-07-27 10:01:05,2026-07-27,10:01:05,10,0,0,0,CUST_MOHANA_002,180,Coimbatore,Tamil Nadu,Medium Risk / 12% Fraud Rate,M022,SkillSpring Academy,Education / Training,Professional Certifications & Tech Bootcamps,Chennai,Mylapore,Tamil Nadu,600004,13.0368,80.2676,8,22000.0,08:30-19:30,"ONLINE,NETBANKING,CARD,UPI",Stolen corporate card enrollments,0.028,70,10341.4,INR,PURCHASE,UPI,MOBILE_APP,0,0,Coimbatore,6.0,0,0,1,DEV-MOHANA-SAMSUNG-S23,mobile_android,0,BEN-CUST_MOHANA_002-TRUSTED,Trusted Household Vendor,14,1,3,16,0,0,0,None,Resolved Genuine,Standard Habitual Purchase,0
TXN-CUST_MOHANA_002-10516,2026-07-27 11:29:58,2026-07-27,11:29:58,11,0,0,0,CUST_MOHANA_002,180,Coimbatore,Tamil Nadu,Medium Risk / 12% Fraud Rate,M011,SkyTrail Travels,Travel Agency,Flight & International Tour Packages,Coimbatore,Gandhipuram,Tamil Nadu,641012,11.0183,76.9664,11,44000.0,09:00-20:00,"ONLINE,TRANSFER,CARD",Mule-account ticket arbitrage & fast cancellation fraud,0.052,130,103167.11,INR,PURCHASE,ONLINE,MOBILE_APP,0,0,Mumbai,713.0,1,0,1,DEV-MOHANA-SAMSUNG-S23,mobile_android,0,BEN-CUST_MOHANA_002-01,Self Family Transfer,3,4,5,27,1,0,0,Geographic Anomaly / High Ticket Spike,Review Required,Sudden location velocity jump with new merchant,1
TXN-CUST_MOHANA_002-10517,2026-07-27 12:56:33,2026-07-27,12:56:33,12,0,0,0,CUST_MOHANA_002,180,Coimbatore,Tamil Nadu,Medium Risk / 12% Fraud Rate,M026,GreenLeaf Wellness,Health & Wellness,Organic Nutrition & Ayurveda,Trichy,Srirangam,Tamil Nadu,620006,10.8624,78.6947,6,2100.0,08:00-21:00,"POS,UPI,ONLINE,CARD",Subscription card stuffing,0.013,32,10401.66,INR,PURCHASE,CARD,MOBILE_APP,1,0,Coimbatore,2.0,0,0,1,DEV-MOHANA-SAMSUNG-S23,mobile_android,0,BEN-CUST_MOHANA_002-TRUSTED,Trusted Household Vendor,11,0,1,11,0,0,0,None,Resolved Genuine,Standard Habitual Purchase,0
TXN-CUST_MOHANA_002-10518,2026-07-27 14:22:09,2026-07-27,14:22:09,14,0,0,0,CUST_MOHANA_002,180,Coimbatore,Tamil Nadu,Medium Risk / 12% Fraud Rate,M021,GlowCraft Salon,Salon / Beauty,Spa & Grooming Studio,Chennai,Porur,Tamil Nadu,600116,13.0382,80.1565,5,2800.0,09:00-21:00,"POS,UPI,CARD",Unusual late-night transaction spikes,0.011,27,8394.25,INR,PURCHASE,CARD,MOBILE_APP,1,0,Coimbatore,5.0,0,0,1,DEV-MOHANA-SAMSUNG-S23,mobile_android,0,BEN-CUST_MOHANA_002-TRUSTED,Trusted Household Vendor,3,0,3,19,0,0,0,None,Resolved Genuine,Standard Habitual Purchase,0
TXN-CUST_MOHANA_002-10519,2026-07-27 15:50:05,2026-07-27,15:50:05,15,0,0,0,CUST_MOHANA_002,180,Coimbatore,Tamil Nadu,Medium Risk / 12% Fraud Rate,M025,ShieldSure Services,Insurance Services,General & Health Insurance Premium,Chennai,Egmore,Tamil Nadu,600008,13.0784,80.2607,13,14000.0,09:30-18:00,"ONLINE,NETBANKING,CARD",Premium diversion / fake policy payment slips,0.019,47,10337.05,INR,PURCHASE,NETBANKING,MOBILE_APP,0,0,Coimbatore,14.0,0,0,1,DEV-MOHANA-SAMSUNG-S23,mobile_android,0,BEN-CUST_MOHANA_002-TRUSTED,Trusted Household Vendor,6,0,1,7,0,0,0,None,Resolved Genuine,Standard Habitual Purchase,0
TXN-CUST_MOHANA_002-10520,2026-07-27 17:18:45,2026-07-27,17:18:45,17,0,0,0,CUST_MOHANA_002,180,Coimbatore,Tamil Nadu,Medium Risk / 12% Fraud Rate,M029,CloudDesk Digital,Software / Digital Services,Cloud Infrastructure & SaaS Tools,Bengaluru,Whitefield,Karnataka,560066,12.9698,77.7499,7,19800.0,24_HOURS,"ONLINE,CARD,TRANSFER",Cryptomining VM rental with stolen credit cards,0.058,145,8625.56,INR,PURCHASE,TRANSFER,MOBILE_APP,0,0,Coimbatore,10.0,0,0,1,DEV-MOHANA-SAMSUNG-S23,mobile_android,0,BEN-CUST_MOHANA_002-TRUSTED,Trusted Household Vendor,10,1,1,13,0,0,0,None,Resolved Genuine,Standard Habitual Purchase,0
TXN-CUST_MOHANA_002-10521,2026-07-27 18:43:08,2026-07-27,18:43:08,18,0,0,0,CUST_MOHANA_002,180,Coimbatore,Tamil Nadu,Medium Risk / 12% Fraud Rate,M007,SpiceRoute Kitchen,Restaurant,Fine Dining & Chettinad,Chennai,Adyar,Tamil Nadu,600020,13.0012,80.2565,7,2200.0,11:30-23:30,"POS,UPI,CARD",Cloned card POS terminal replay,0.018,45,8719.73,INR,PURCHASE,POS,MOBILE_APP,1,0,Coimbatore,12.0,0,0,1,DEV-MOHANA-SAMSUNG-S23,mobile_android,0,BEN-CUST_MOHANA_002-TRUSTED,Trusted Household Vendor,7,0,2,11,0,0,0,None,Resolved Genuine,Standard Habitual Purchase,0
TXN-CUST_MOHANA_002-10522,2026-07-27 20:11:34,2026-07-27,20:11:34,20,0,0,0,CUST_MOHANA_002,180,Coimbatore,Tamil Nadu,Medium Risk / 12% Fraud Rate,M007,SpiceRoute Kitchen,Restaurant,Fine Dining & Chettinad,Chennai,Adyar,Tamil Nadu,600020,13.0012,80.2565,7,2200.0,11:30-23:30,"POS,UPI,CARD",Cloned card POS terminal replay,0.018,45,7424.21,INR,PURCHASE,UPI,MOBILE_APP,1,0,Coimbatore,2.0,0,0,1,DEV-MOHANA-SAMSUNG-S23,mobile_android,0,BEN-CUST_MOHANA_002-TRUSTED,Trusted Household Vendor,4,0,4,23,0,0,0,None,Resolved Genuine,Standard Habitual Purchase,0
TXN-CUST_MOHANA_002-10523,2026-07-27 21:36:11,2026-07-27,21:36:11,21,0,0,0,CUST_MOHANA_002,180,Coimbatore,Tamil Nadu,Medium Risk / 12% Fraud Rate,M007,SpiceRoute Kitchen,Restaurant,Fine Dining & Chettinad,Chennai,Adyar,Tamil Nadu,600020,13.0012,80.2565,7,2200.0,11:30-23:30,"POS,UPI,CARD",Cloned card POS terminal replay,0.018,45,10835.11,INR,PURCHASE,UPI,MOBILE_APP,1,0,Coimbatore,6.0,0,0,1,DEV-MOHANA-SAMSUNG-S23,mobile_android,0,BEN-CUST_MOHANA_002-TRUSTED,Trusted Household Vendor,9,0,2,18,0,0,0,None,Resolved Genuine,Standard Habitual Purchase,0
TXN-CUST_MOHANA_002-10524,2026-07-27 23:00:10,2026-07-27,23:00:10,23,0,0,1,CUST_MOHANA_002,180,Coimbatore,Tamil Nadu,Medium Risk / 12% Fraud Rate,M026,GreenLeaf Wellness,Health & Wellness,Organic Nutrition & Ayurveda,Trichy,Srirangam,Tamil Nadu,620006,10.8624,78.6947,6,2100.0,08:00-21:00,"POS,UPI,ONLINE,CARD",Subscription card stuffing,0.013,32,7747.75,INR,PURCHASE,ONLINE,MOBILE_APP,1,0,Coimbatore,14.0,0,0,1,DEV-MOHANA-SAMSUNG-S23,mobile_android,0,BEN-CUST_MOHANA_002-TRUSTED,Trusted Household Vendor,12,0,1,8,0,0,0,None,Resolved Genuine,Standard Habitual Purchase,0
TXN-CUST_MOHANA_002-10525,2026-07-28 00:27:45,2026-07-28,00:27:45,0,1,0,1,CUST_MOHANA_002,180,Coimbatore,Tamil Nadu,Medium Risk / 12% Fraud Rate,M021,GlowCraft Salon,Salon / Beauty,Spa & Grooming Studio,Chennai,Porur,Tamil Nadu,600116,13.0382,80.1565,5,2800.0,09:00-21:00,"POS,UPI,CARD",Unusual late-night transaction spikes,0.011,27,8185.34,INR,P2P_TRANSFER,CARD,WEB_PORTAL,0,0,Mumbai,336.0,1,1,0,DEV-LAPTOP-CHROME-888,web_browser,1,BEN-NEW-730,Global Flight Booking,0,3,5,23,1,0,0,Geographic Anomaly / High Ticket Spike,Review Required,Sudden location velocity jump with new merchant,1
TXN-CUST_MOHANA_002-10526,2026-07-28 01:55:19,2026-07-28,01:55:19,1,1,0,1,CUST_MOHANA_002,180,Coimbatore,Tamil Nadu,Medium Risk / 12% Fraud Rate,M017,AutoForge Parts,Spare Parts,OEM Industrial & Auto Components,Hosur,Mookandapalli,Tamil Nadu,635126,12.7409,77.8253,15,16500.0,09:00-19:30,"TRANSFER,POS,CARD",Business email compromise / fake beneficiary update,0.033,82,8223.45,INR,PURCHASE,POS,MOBILE_APP,1,0,Coimbatore,1.0,0,0,1,DEV-MOHANA-SAMSUNG-S23,mobile_android,0,BEN-CUST_MOHANA_002-TRUSTED,Trusted Household Vendor,15,0,2,10,0,0,0,None,Resolved Genuine,Standard Habitual Purchase,0
TXN-CUST_MOHANA_002-10527,2026-07-28 03:20:21,2026-07-28,03:20:21,3,1,0,1,CUST_MOHANA_002,180,Coimbatore,Tamil Nadu,Medium Risk / 12% Fraud Rate,M005,UrbanThread Studio,Fashion / Apparel,Designer & Ready-to-wear,Chennai,Anna Nagar,Tamil Nadu,600040,13.085,80.2101,5,4800.0,10:30-22:00,"POS,ONLINE,UPI,CARD",Refund abuse / credential stuffing,0.022,55,10219.27,INR,P2P_TRANSFER,UPI,MOBILE_APP,0,0,Hyderabad,1085.0,1,0,1,DEV-MOHANA-SAMSUNG-S23,mobile_android,1,BEN-NEW-240,Global Flight Booking,0,3,7,38,1,0,0,Geographic Anomaly / High Ticket Spike,Review Required,Sudden location velocity jump with new merchant,1
TXN-CUST_MOHANA_002-10528,2026-07-28 04:48:36,2026-07-28,04:48:36,4,1,0,1,CUST_MOHANA_002,180,Coimbatore,Tamil Nadu,Medium Risk / 12% Fraud Rate,M026,GreenLeaf Wellness,Health & Wellness,Organic Nutrition & Ayurveda,Trichy,Srirangam,Tamil Nadu,620006,10.8624,78.6947,6,2100.0,08:00-21:00,"POS,UPI,ONLINE,CARD",Subscription card stuffing,0.013,32,11313.76,INR,PURCHASE,CARD,MOBILE_APP,1,0,Coimbatore,7.0,0,0,1,DEV-MOHANA-SAMSUNG-S23,mobile_android,0,BEN-CUST_MOHANA_002-TRUSTED,Trusted Household Vendor,15,1,3,21,0,0,0,None,Resolved Genuine,Standard Habitual Purchase,0
TXN-CUST_MOHANA_002-10529,2026-07-28 06:15:14,2026-07-28,06:15:14,6,1,0,0,CUST_MOHANA_002,180,Coimbatore,Tamil Nadu,Medium Risk / 12% Fraud Rate,M009,RapidFuel Station,Fuel Station,"Petrol, Diesel & EV Fast Charge",Salem,Fairlands,Tamil Nadu,636016,11.6643,78.146,9,3100.0,24_HOURS,"POS,FLEET_CARD,UPI",Automated fleet card skimming,0.024,60,6446.23,INR,PURCHASE,FLEET_CARD,MOBILE_APP,1,0,Coimbatore,3.0,0,0,1,DEV-MOHANA-SAMSUNG-S23,mobile_android,0,BEN-CUST_MOHANA_002-TRUSTED,Trusted Household Vendor,11,1,3,18,0,0,0,None,Resolved Genuine,Standard Habitual Purchase,0
TXN-CUST_MOHANA_002-10530,2026-07-28 07:41:53,2026-07-28,07:41:53,7,1,0,0,CUST_MOHANA_002,180,Coimbatore,Tamil Nadu,Medium Risk / 12% Fraud Rate,M011,SkyTrail Travels,Travel Agency,Flight & International Tour Packages,Coimbatore,Gandhipuram,Tamil Nadu,641012,11.0183,76.9664,11,44000.0,09:00-20:00,"ONLINE,TRANSFER,CARD",Mule-account ticket arbitrage & fast cancellation fraud,0.052,130,10875.46,INR,PURCHASE,CARD,MOBILE_APP,0,0,Coimbatore,7.0,0,0,1,DEV-MOHANA-SAMSUNG-S23,mobile_android,0,BEN-CUST_MOHANA_002-TRUSTED,Trusted Household Vendor,15,0,3,18,0,0,0,None,Resolved Genuine,Standard Habitual Purchase,0
TXN-CUST_MOHANA_002-10531,2026-07-28 09:06:21,2026-07-28,09:06:21,9,1,0,0,CUST_MOHANA_002,180,Coimbatore,Tamil Nadu,Medium Risk / 12% Fraud Rate,M005,UrbanThread Studio,Fashion / Apparel,Designer & Ready-to-wear,Chennai,Anna Nagar,Tamil Nadu,600040,13.085,80.2101,5,4800.0,10:30-22:00,"POS,ONLINE,UPI,CARD",Refund abuse / credential stuffing,0.022,55,6506.33,INR,PURCHASE,CARD,MOBILE_APP,1,0,Coimbatore,10.0,0,0,1,DEV-MOHANA-SAMSUNG-S23,mobile_android,0,BEN-CUST_MOHANA_002-TRUSTED,Trusted Household Vendor,15,0,1,11,0,0,0,None,Resolved Genuine,Standard Habitual Purchase,0
TXN-CUST_MOHANA_002-10532,2026-07-28 10:29:54,2026-07-28,10:29:54,10,1,0,0,CUST_MOHANA_002,180,Coimbatore,Tamil Nadu,Medium Risk / 12% Fraud Rate,M028,CraftCove Home Decor,Home Decor,Handicrafts & Art Pieces,Thanjavur,Medical College Road,Tamil Nadu,613004,10.7684,79.1245,8,7400.0,09:30-20:30,"POS,UPI,CARD,ONLINE",Cross-border tourist chargebacks,0.023,57,13384.83,INR,P2P_TRANSFER,UPI,WEB_PORTAL,0,0,Delhi,681.0,1,1,0,DEV-LAPTOP-CHROME-259,web_browser,1,BEN-NEW-999,Global Flight Booking,0,4,5,23,1,0,0,Geographic Anomaly / High Ticket Spike,Review Required,Sudden location velocity jump with new merchant,1
TXN-CUST_MOHANA_002-10533,2026-07-28 11:59:04,2026-07-28,11:59:04,11,1,0,0,CUST_MOHANA_002,180,Coimbatore,Tamil Nadu,Medium Risk / 12% Fraud Rate,M005,UrbanThread Studio,Fashion / Apparel,Designer & Ready-to-wear,Chennai,Anna Nagar,Tamil Nadu,600040,13.085,80.2101,5,4800.0,10:30-22:00,"POS,ONLINE,UPI,CARD",Refund abuse / credential stuffing,0.022,55,9955.04,INR,PURCHASE,UPI,MOBILE_APP,1,0,Coimbatore,14.0,0,0,1,DEV-MOHANA-SAMSUNG-S23,mobile_android,0,BEN-CUST_MOHANA_002-TRUSTED,Trusted Household Vendor,15,0,1,11,0,0,0,None,Resolved Genuine,Standard Habitual Purchase,0
TXN-CUST_MOHANA_002-10534,2026-07-28 13:22:52,2026-07-28,13:22:52,13,1,0,0,CUST_MOHANA_002,180,Coimbatore,Tamil Nadu,Medium Risk / 12% Fraud Rate,M001,NovaMart Fresh,Grocery & Supermarket,Supermarket / Hypermarket,Chennai,T Nagar,Tamil Nadu,600017,13.0418,80.2341,8,1250.0,07:00-22:30,"POS,UPI,CARD,ONLINE",Card testing / micro-burst velocity,0.012,30,6704.56,INR,PURCHASE,ONLINE,MOBILE_APP,1,0,Coimbatore,8.0,0,0,1,DEV-MOHANA-SAMSUNG-S23,mobile_android,0,BEN-CUST_MOHANA_002-TRUSTED,Trusted Household Vendor,13,1,2,18,0,0,0,None,Resolved Genuine,Standard Habitual Purchase,0
TXN-CUST_MOHANA_002-10535,2026-07-28 14:50:42,2026-07-28,14:50:42,14,1,0,0,CUST_MOHANA_002,180,Coimbatore,Tamil Nadu,Medium Risk / 12% Fraud Rate,M022,SkillSpring Academy,Education / Training,Professional Certifications & Tech Bootcamps,Chennai,Mylapore,Tamil Nadu,600004,13.0368,80.2676,8,22000.0,08:30-19:30,"ONLINE,NETBANKING,CARD,UPI",Stolen corporate card enrollments,0.028,70,4423.77,INR,PURCHASE,UPI,MOBILE_APP,0,0,Coimbatore,5.0,0,0,1,DEV-MOHANA-SAMSUNG-S23,mobile_android,0,BEN-CUST_MOHANA_002-TRUSTED,Trusted Household Vendor,9,0,4,20,0,0,0,None,Resolved Genuine,Standard Habitual Purchase,0
TXN-CUST_MOHANA_002-10536,2026-07-28 16:17:06,2026-07-28,16:17:06,16,1,0,0,CUST_MOHANA_002,180,Coimbatore,Tamil Nadu,Medium Risk / 12% Fraud Rate,M028,CraftCove Home Decor,Home Decor,Handicrafts & Art Pieces,Thanjavur,Medical College Road,Tamil Nadu,613004,10.7684,79.1245,8,7400.0,09:30-20:30,"POS,UPI,CARD,ONLINE",Cross-border tourist chargebacks,0.023,57,10441.68,INR,PURCHASE,ONLINE,MOBILE_APP,1,0,Coimbatore,15.0,0,0,1,DEV-MOHANA-SAMSUNG-S23,mobile_android,0,BEN-CUST_MOHANA_002-TRUSTED,Trusted Household Vendor,13,0,4,22,0,0,0,None,Resolved Genuine,Standard Habitual Purchase,0
TXN-CUST_MOHANA_002-10537,2026-07-28 17:44:22,2026-07-28,17:44:22,17,1,0,0,CUST_MOHANA_002,180,Coimbatore,Tamil Nadu,Medium Risk / 12% Fraud Rate,M005,UrbanThread Studio,Fashion / Apparel,Designer & Ready-to-wear,Chennai,Anna Nagar,Tamil Nadu,600040,13.085,80.2101,5,4800.0,10:30-22:00,"POS,ONLINE,UPI,CARD",Refund abuse / credential stuffing,0.022,55,11018.38,INR,PURCHASE,UPI,MOBILE_APP,1,0,Coimbatore,3.0,0,0,1,DEV-MOHANA-SAMSUNG-S23,mobile_android,0,BEN-CUST_MOHANA_002-TRUSTED,Trusted Household Vendor,8,0,2,13,0,0,0,None,Resolved Genuine,Standard Habitual Purchase,0
TXN-CUST_MOHANA_002-10538,2026-07-28 19:13:27,2026-07-28,19:13:27,19,1,0,0,CUST_MOHANA_002,180,Coimbatore,Tamil Nadu,Medium Risk / 12% Fraud Rate,M003,Pulse Mobile Hub,Mobile Store,Smartphones & Accessories,Chennai,Tambaram,Tamil Nadu,600045,12.9249,80.1278,4,18500.0,09:30-21:30,"POS,UPI,CARD",New device abuse / rapid checkout surge,0.035,87,8763.44,INR,PURCHASE,POS,MOBILE_APP,1,0,Coimbatore,13.0,0,0,1,DEV-MOHANA-SAMSUNG-S23,mobile_android,0,BEN-CUST_MOHANA_002-TRUSTED,Trusted Household Vendor,14,0,1,9,0,0,0,None,Resolved Genuine,Standard Habitual Purchase,0
TXN-CUST_MOHANA_002-10539,2026-07-28 20:41:53,2026-07-28,20:41:53,20,1,0,0,CUST_MOHANA_002,180,Coimbatore,Tamil Nadu,Medium Risk / 12% Fraud Rate,M005,UrbanThread Studio,Fashion / Apparel,Designer & Ready-to-wear,Chennai,Anna Nagar,Tamil Nadu,600040,13.085,80.2101,5,4800.0,10:30-22:00,"POS,ONLINE,UPI,CARD",Refund abuse / credential stuffing,0.022,55,5441.85,INR,PURCHASE,UPI,MOBILE_APP,1,0,Coimbatore,3.0,0,0,1,DEV-MOHANA-SAMSUNG-S23,mobile_android,0,BEN-CUST_MOHANA_002-TRUSTED,Trusted Household Vendor,13,0,1,7,0,0,0,None,Resolved Genuine,Standard Habitual Purchase,0
TXN-CUST_MOHANA_002-10540,2026-07-28 22:05:38,2026-07-28,22:05:38,22,1,0,0,CUST_MOHANA_002,180,Coimbatore,Tamil Nadu,Medium Risk / 12% Fraud Rate,M024,LinkWave Telecom,Telecom Retail,Fiber Broadband & Postpaid Plans,Erode,Perundurai Road,Tamil Nadu,638011,11.341,77.7172,10,1950.0,09:30-20:30,"UPI,CARD,ONLINE,POS",SIM swap bill recharge surges,0.017,42,3482.77,INR,PURCHASE,POS,MOBILE_APP,1,0,Coimbatore,2.0,0,0,1,DEV-MOHANA-SAMSUNG-S23,mobile_android,0,BEN-CUST_MOHANA_002-TRUSTED,Trusted Household Vendor,7,0,4,20,0,0,0,None,Resolved Genuine,Standard Habitual Purchase,0
TXN-CUST_MOHANA_002-10541,2026-07-28 23:30:15,2026-07-28,23:30:15,23,1,0,1,CUST_MOHANA_002,180,Coimbatore,Tamil Nadu,Medium Risk / 12% Fraud Rate,M018,PageTurn Book House,Bookstore,"Academic, Fiction & Stationery",Trichy,Thillai Nagar,Tamil Nadu,620018,10.8282,78.6854,16,850.0,09:00-21:30,"POS,UPI,CARD,ONLINE",Low-value card testing bots,0.008,20,8124.5,INR,PURCHASE,POS,MOBILE_APP,1,0,Coimbatore,1.0,0,0,1,DEV-MOHANA-SAMSUNG-S23,mobile_android,0,BEN-CUST_MOHANA_002-TRUSTED,Trusted Household Vendor,9,0,4,25,0,0,0,None,Resolved Genuine,Standard Habitual Purchase,0
TXN-CUST_MOHANA_002-10542,2026-07-29 00:54:43,2026-07-29,00:54:43,0,2,0,1,CUST_MOHANA_002,180,Coimbatore,Tamil Nadu,Medium Risk / 12% Fraud Rate,M006,MedicoCare Pharmacy,Pharmacy,Medicines & Surgical Supplies,Madurai,KK Nagar,Tamil Nadu,625020,9.9252,78.1498,10,1450.0,24_HOURS,"POS,UPI,CARD,ONLINE",Nighttime micro card testing,0.015,37,4436.7,INR,PURCHASE,ONLINE,WEB_PORTAL,0,0,Delhi,1064.0,1,1,0,DEV-LAPTOP-CHROME-428,web_browser,0,BEN-CUST_MOHANA_002-01,Self Family Transfer,3,3,8,36,1,0,0,Geographic Anomaly / High Ticket Spike,Review Required,Sudden location velocity jump with new merchant,1
TXN-CUST_MOHANA_002-10543,2026-07-29 02:20:23,2026-07-29,02:20:23,2,2,0,1,CUST_MOHANA_002,180,Coimbatore,Tamil Nadu,Medium Risk / 12% Fraud Rate,M028,CraftCove Home Decor,Home Decor,Handicrafts & Art Pieces,Thanjavur,Medical College Road,Tamil Nadu,613004,10.7684,79.1245,8,7400.0,09:30-20:30,"POS,UPI,CARD,ONLINE",Cross-border tourist chargebacks,0.023,57,9226.43,INR,PURCHASE,ONLINE,MOBILE_APP,1,0,Coimbatore,1.0,0,0,1,DEV-MOHANA-SAMSUNG-S23,mobile_android,0,BEN-CUST_MOHANA_002-TRUSTED,Trusted Household Vendor,11,0,1,12,0,0,0,None,Resolved Genuine,Standard Habitual Purchase,0
TXN-CUST_MOHANA_002-10544,2026-07-29 03:49:11,2026-07-29,03:49:11,3,2,0,1,CUST_MOHANA_002,180,Coimbatore,Tamil Nadu,Medium Risk / 12% Fraud Rate,M018,PageTurn Book House,Bookstore,"Academic, Fiction & Stationery",Trichy,Thillai Nagar,Tamil Nadu,620018,10.8282,78.6854,16,850.0,09:00-21:30,"POS,UPI,CARD,ONLINE",Low-value card testing bots,0.008,20,5859.11,INR,PURCHASE,ONLINE,MOBILE_APP,1,0,Coimbatore,2.0,0,0,1,DEV-MOHANA-SAMSUNG-S23,mobile_android,0,BEN-CUST_MOHANA_002-TRUSTED,Trusted Household Vendor,14,0,2,11,0,0,0,None,Resolved Genuine,Standard Habitual Purchase,0
TXN-CUST_MOHANA_002-10545,2026-07-29 05:16:28,2026-07-29,05:16:28,5,2,0,1,CUST_MOHANA_002,180,Coimbatore,Tamil Nadu,Medium Risk / 12% Fraud Rate,M006,MedicoCare Pharmacy,Pharmacy,Medicines & Surgical Supplies,Madurai,KK Nagar,Tamil Nadu,625020,9.9252,78.1498,10,1450.0,24_HOURS,"POS,UPI,CARD,ONLINE",Nighttime micro card testing,0.015,37,2738.54,INR,P2P_TRANSFER,UPI,MOBILE_APP,0,0,Mumbai,753.0,1,0,1,DEV-MOHANA-SAMSUNG-S23,mobile_android,1,BEN-NEW-678,Global Flight Booking,0,4,9,38,1,0,0,Geographic Anomaly / High Ticket Spike,Review Required,Sudden location velocity jump with new merchant,1
TXN-CUST_MOHANA_002-10546,2026-07-29 06:41:49,2026-07-29,06:41:49,6,2,0,0,CUST_MOHANA_002,180,Coimbatore,Tamil Nadu,Medium Risk / 12% Fraud Rate,M006,MedicoCare Pharmacy,Pharmacy,Medicines & Surgical Supplies,Madurai,KK Nagar,Tamil Nadu,625020,9.9252,78.1498,10,1450.0,24_HOURS,"POS,UPI,CARD,ONLINE",Nighttime micro card testing,0.015,37,4982.95,INR,PURCHASE,ONLINE,MOBILE_APP,1,0,Coimbatore,10.0,0,0,1,DEV-MOHANA-SAMSUNG-S23,mobile_android,0,BEN-CUST_MOHANA_002-TRUSTED,Trusted Household Vendor,14,0,2,12,0,0,0,None,Resolved Genuine,Standard Habitual Purchase,0
TXN-CUST_MOHANA_002-10547,2026-07-29 08:10:57,2026-07-29,08:10:57,8,2,0,0,CUST_MOHANA_002,180,Coimbatore,Tamil Nadu,Medium Risk / 12% Fraud Rate,M024,LinkWave Telecom,Telecom Retail,Fiber Broadband & Postpaid Plans,Erode,Perundurai Road,Tamil Nadu,638011,11.341,77.7172,10,1950.0,09:30-20:30,"UPI,CARD,ONLINE,POS",SIM swap bill recharge surges,0.017,42,7756.42,INR,PURCHASE,ONLINE,MOBILE_APP,1,0,Coimbatore,6.0,0,0,1,DEV-MOHANA-SAMSUNG-S23,mobile_android,0,BEN-CUST_MOHANA_002-TRUSTED,Trusted Household Vendor,13,0,1,9,0,0,0,None,Resolved Genuine,Standard Habitual Purchase,0
TXN-CUST_MOHANA_002-10548,2026-07-29 09:37:40,2026-07-29,09:37:40,9,2,0,0,CUST_MOHANA_002,180,Coimbatore,Tamil Nadu,Medium Risk / 12% Fraud Rate,M005,UrbanThread Studio,Fashion / Apparel,Designer & Ready-to-wear,Chennai,Anna Nagar,Tamil Nadu,600040,13.085,80.2101,5,4800.0,10:30-22:00,"POS,ONLINE,UPI,CARD",Refund abuse / credential stuffing,0.022,55,5811.84,INR,PURCHASE,ONLINE,MOBILE_APP,1,0,Coimbatore,3.0,0,0,1,DEV-MOHANA-SAMSUNG-S23,mobile_android,0,BEN-CUST_MOHANA_002-TRUSTED,Trusted Household Vendor,14,0,3,22,0,0,0,None,Resolved Genuine,Standard Habitual Purchase,0
TXN-CUST_MOHANA_002-10549,2026-07-29 11:02:17,2026-07-29,11:02:17,11,2,0,0,CUST_MOHANA_002,180,Coimbatore,Tamil Nadu,Medium Risk / 12% Fraud Rate,M018,PageTurn Book House,Bookstore,"Academic, Fiction & Stationery",Trichy,Thillai Nagar,Tamil Nadu,620018,10.8282,78.6854,16,850.0,09:00-21:30,"POS,UPI,CARD,ONLINE",Low-value card testing bots,0.008,20,12984.9,INR,PURCHASE,ONLINE,MOBILE_APP,1,0,Coimbatore,5.0,0,0,1,DEV-MOHANA-SAMSUNG-S23,mobile_android,0,BEN-CUST_MOHANA_002-TRUSTED,Trusted Household Vendor,14,0,4,25,0,0,0,None,Resolved Genuine,Standard Habitual Purchase,0
TXN-CUST_MOHANA_002-10550,2026-07-29 12:27:00,2026-07-29,12:27:00,12,2,0,0,CUST_MOHANA_002,180,Coimbatore,Tamil Nadu,Medium Risk / 12% Fraud Rate,M026,GreenLeaf Wellness,Health & Wellness,Organic Nutrition & Ayurveda,Trichy,Srirangam,Tamil Nadu,620006,10.8624,78.6947,6,2100.0,08:00-21:00,"POS,UPI,ONLINE,CARD",Subscription card stuffing,0.013,32,7409.43,INR,PURCHASE,ONLINE,MOBILE_APP,1,0,Coimbatore,4.0,0,0,1,DEV-MOHANA-SAMSUNG-S23,mobile_android,0,BEN-CUST_MOHANA_002-TRUSTED,Trusted Household Vendor,7,0,3,21,0,0,0,None,Resolved Genuine,Standard Habitual Purchase,0
TXN-CUST_MOHANA_002-10551,2026-07-29 13:54:04,2026-07-29,13:54:04,13,2,0,0,CUST_MOHANA_002,180,Coimbatore,Tamil Nadu,Medium Risk / 12% Fraud Rate,M024,LinkWave Telecom,Telecom Retail,Fiber Broadband & Postpaid Plans,Erode,Perundurai Road,Tamil Nadu,638011,11.341,77.7172,10,1950.0,09:30-20:30,"UPI,CARD,ONLINE,POS",SIM swap bill recharge surges,0.017,42,4588.08,INR,PURCHASE,CARD,MOBILE_APP,1,0,Coimbatore,15.0,0,0,1,DEV-MOHANA-SAMSUNG-S23,mobile_android,0,BEN-CUST_MOHANA_002-TRUSTED,Trusted Household Vendor,3,0,4,20,0,0,0,None,Resolved Genuine,Standard Habitual Purchase,0
TXN-CUST_MOHANA_002-10552,2026-07-29 15:20:06,2026-07-29,15:20:06,15,2,0,0,CUST_MOHANA_002,180,Coimbatore,Tamil Nadu,Medium Risk / 12% Fraud Rate,M006,MedicoCare Pharmacy,Pharmacy,Medicines & Surgical Supplies,Madurai,KK Nagar,Tamil Nadu,625020,9.9252,78.1498,10,1450.0,24_HOURS,"POS,UPI,CARD,ONLINE",Nighttime micro card testing,0.015,37,3965.46,INR,PURCHASE,ONLINE,MOBILE_APP,1,0,Coimbatore,4.0,0,0,1,DEV-MOHANA-SAMSUNG-S23,mobile_android,0,BEN-CUST_MOHANA_002-TRUSTED,Trusted Household Vendor,15,0,4,19,0,0,0,None,Resolved Genuine,Standard Habitual Purchase,0
TXN-CUST_MOHANA_002-10553,2026-07-29 16:44:47,2026-07-29,16:44:47,16,2,0,0,CUST_MOHANA_002,180,Coimbatore,Tamil Nadu,Medium Risk / 12% Fraud Rate,M023,SwiftBox Logistics,Courier / Logistics,Express Parcel & Freight Delivery,Tiruppur,Avinashi Road,Tamil Nadu,641603,11.1085,77.3411,9,4200.0,08:00-21:00,"POS,UPI,CARD,ONLINE",Interception fraud / address redirection,0.02,50,12532.9,INR,PURCHASE,UPI,MOBILE_APP,1,0,Coimbatore,6.0,0,0,1,DEV-MOHANA-SAMSUNG-S23,mobile_android,0,BEN-CUST_MOHANA_002-TRUSTED,Trusted Household Vendor,5,1,2,10,0,0,0,None,Resolved Genuine,Standard Habitual Purchase,0
TXN-CUST_MOHANA_002-10554,2026-07-29 18:13:04,2026-07-29,18:13:04,18,2,0,0,CUST_MOHANA_002,180,Coimbatore,Tamil Nadu,Medium Risk / 12% Fraud Rate,M025,ShieldSure Services,Insurance Services,General & Health Insurance Premium,Chennai,Egmore,Tamil Nadu,600008,13.0784,80.2607,13,14000.0,09:30-18:00,"ONLINE,NETBANKING,CARD",Premium diversion / fake policy payment slips,0.019,47,13315.27,INR,PURCHASE,CARD,MOBILE_APP,0,0,Coimbatore,3.0,0,0,1,DEV-MOHANA-SAMSUNG-S23,mobile_android,0,BEN-CUST_MOHANA_002-TRUSTED,Trusted Household Vendor,14,0,4,18,0,0,0,None,Resolved Genuine,Standard Habitual Purchase,0
TXN-CUST_MOHANA_002-10555,2026-07-29 19:39:45,2026-07-29,19:39:45,19,2,0,0,CUST_MOHANA_002,180,Coimbatore,Tamil Nadu,Medium Risk / 12% Fraud Rate,M006,MedicoCare Pharmacy,Pharmacy,Medicines & Surgical Supplies,Madurai,KK Nagar,Tamil Nadu,625020,9.9252,78.1498,10,1450.0,24_HOURS,"POS,UPI,CARD,ONLINE",Nighttime micro card testing,0.015,37,2686.44,INR,PURCHASE,ONLINE,WEB_PORTAL,0,0,Hyderabad,800.0,1,1,0,DEV-LAPTOP-CHROME-879,web_browser,0,BEN-CUST_MOHANA_002-01,Self Family Transfer,3,4,10,50,1,0,0,Geographic Anomaly / High Ticket Spike,Review Required,Sudden location velocity jump with new merchant,1
TXN-CUST_MOHANA_002-10556,2026-07-29 21:06:10,2026-07-29,21:06:10,21,2,0,0,CUST_MOHANA_002,180,Coimbatore,Tamil Nadu,Medium Risk / 12% Fraud Rate,M028,CraftCove Home Decor,Home Decor,Handicrafts & Art Pieces,Thanjavur,Medical College Road,Tamil Nadu,613004,10.7684,79.1245,8,7400.0,09:30-20:30,"POS,UPI,CARD,ONLINE",Cross-border tourist chargebacks,0.023,57,19214.02,INR,PURCHASE,CARD,WEB_PORTAL,0,0,Hyderabad,1057.0,1,1,0,DEV-LAPTOP-CHROME-315,web_browser,0,BEN-CUST_MOHANA_002-01,Self Family Transfer,3,4,9,40,1,0,0,Geographic Anomaly / High Ticket Spike,Review Required,Sudden location velocity jump with new merchant,1
TXN-CUST_MOHANA_002-10557,2026-07-29 22:31:00,2026-07-29,22:31:00,22,2,0,0,CUST_MOHANA_002,180,Coimbatore,Tamil Nadu,Medium Risk / 12% Fraud Rate,M018,PageTurn Book House,Bookstore,"Academic, Fiction & Stationery",Trichy,Thillai Nagar,Tamil Nadu,620018,10.8282,78.6854,16,850.0,09:00-21:30,"POS,UPI,CARD,ONLINE",Low-value card testing bots,0.008,20,7422.33,INR,PURCHASE,POS,MOBILE_APP,1,0,Coimbatore,1.0,0,0,1,DEV-MOHANA-SAMSUNG-S23,mobile_android,0,BEN-CUST_MOHANA_002-TRUSTED,Trusted Household Vendor,6,0,1,10,0,0,0,None,Resolved Genuine,Standard Habitual Purchase,0
TXN-CUST_MOHANA_002-10558,2026-07-30 00:00:16,2026-07-30,00:00:16,0,3,0,1,CUST_MOHANA_002,180,Coimbatore,Tamil Nadu,Medium Risk / 12% Fraud Rate,M008,BeanCircuit Cafe,Cafe,Specialty Coffee & Bakery,Bengaluru,Indiranagar,Karnataka,560038,12.9784,77.6408,3,650.0,07:30-23:00,"UPI,POS,CARD",QR code spoofing / fast velocity dining,0.009,22,12809.96,INR,PURCHASE,POS,MOBILE_APP,1,0,Coimbatore,11.0,0,0,1,DEV-MOHANA-SAMSUNG-S23,mobile_android,0,BEN-CUST_MOHANA_002-TRUSTED,Trusted Household Vendor,4,1,3,15,0,0,0,None,Resolved Genuine,Standard Habitual Purchase,0
TXN-CUST_MOHANA_002-10559,2026-07-30 01:25:45,2026-07-30,01:25:45,1,3,0,1,CUST_MOHANA_002,180,Coimbatore,Tamil Nadu,Medium Risk / 12% Fraud Rate,M028,CraftCove Home Decor,Home Decor,Handicrafts & Art Pieces,Thanjavur,Medical College Road,Tamil Nadu,613004,10.7684,79.1245,8,7400.0,09:30-20:30,"POS,UPI,CARD,ONLINE",Cross-border tourist chargebacks,0.023,57,5062.65,INR,PURCHASE,UPI,MOBILE_APP,1,0,Coimbatore,4.0,0,0,1,DEV-MOHANA-SAMSUNG-S23,mobile_android,0,BEN-CUST_MOHANA_002-TRUSTED,Trusted Household Vendor,3,0,1,8,0,0,0,None,Resolved Genuine,Standard Habitual Purchase,0
TXN-CUST_MOHANA_002-10560,2026-07-30 02:53:49,2026-07-30,02:53:49,2,3,0,1,CUST_MOHANA_002,180,Coimbatore,Tamil Nadu,Medium Risk / 12% Fraud Rate,M024,LinkWave Telecom,Telecom Retail,Fiber Broadband & Postpaid Plans,Erode,Perundurai Road,Tamil Nadu,638011,11.341,77.7172,10,1950.0,09:30-20:30,"UPI,CARD,ONLINE,POS",SIM swap bill recharge surges,0.017,42,13006.64,INR,PURCHASE,ONLINE,MOBILE_APP,1,0,Coimbatore,12.0,0,0,1,DEV-MOHANA-SAMSUNG-S23,mobile_android,0,BEN-CUST_MOHANA_002-TRUSTED,Trusted Household Vendor,4,0,1,9,0,0,0,None,Resolved Genuine,Standard Habitual Purchase,0
TXN-CUST_MOHANA_002-10561,2026-07-30 04:20:05,2026-07-30,04:20:05,4,3,0,1,CUST_MOHANA_002,180,Coimbatore,Tamil Nadu,Medium Risk / 12% Fraud Rate,M021,GlowCraft Salon,Salon / Beauty,Spa & Grooming Studio,Chennai,Porur,Tamil Nadu,600116,13.0382,80.1565,5,2800.0,09:00-21:00,"POS,UPI,CARD",Unusual late-night transaction spikes,0.011,27,12252.14,INR,PURCHASE,CARD,MOBILE_APP,1,0,Coimbatore,9.0,0,0,1,DEV-MOHANA-SAMSUNG-S23,mobile_android,0,BEN-CUST_MOHANA_002-TRUSTED,Trusted Household Vendor,3,1,2,16,0,0,0,None,Resolved Genuine,Standard Habitual Purchase,0
TXN-CUST_MOHANA_002-10562,2026-07-30 05:49:26,2026-07-30,05:49:26,5,3,0,1,CUST_MOHANA_002,180,Coimbatore,Tamil Nadu,Medium Risk / 12% Fraud Rate,M003,Pulse Mobile Hub,Mobile Store,Smartphones & Accessories,Chennai,Tambaram,Tamil Nadu,600045,12.9249,80.1278,4,18500.0,09:30-21:30,"POS,UPI,CARD",New device abuse / rapid checkout surge,0.035,87,5546.25,INR,PURCHASE,UPI,MOBILE_APP,1,0,Coimbatore,10.0,0,0,1,DEV-MOHANA-SAMSUNG-S23,mobile_android,0,BEN-CUST_MOHANA_002-TRUSTED,Trusted Household Vendor,5,0,1,6,0,0,0,None,Resolved Genuine,Standard Habitual Purchase,0
TXN-CUST_MOHANA_002-10563,2026-07-30 07:16:38,2026-07-30,07:16:38,7,3,0,0,CUST_MOHANA_002,180,Coimbatore,Tamil Nadu,Medium Risk / 12% Fraud Rate,M024,LinkWave Telecom,Telecom Retail,Fiber Broadband & Postpaid Plans,Erode,Perundurai Road,Tamil Nadu,638011,11.341,77.7172,10,1950.0,09:30-20:30,"UPI,CARD,ONLINE,POS",SIM swap bill recharge surges,0.017,42,4948.23,INR,PURCHASE,POS,MOBILE_APP,1,0,Coimbatore,4.0,0,0,1,DEV-MOHANA-SAMSUNG-S23,mobile_android,0,BEN-CUST_MOHANA_002-TRUSTED,Trusted Household Vendor,9,1,4,20,0,0,0,None,Resolved Genuine,Standard Habitual Purchase,0
TXN-CUST_MOHANA_002-10564,2026-07-30 08:40:22,2026-07-30,08:40:22,8,3,0,0,CUST_MOHANA_002,180,Coimbatore,Tamil Nadu,Medium Risk / 12% Fraud Rate,M020,GameGrid Arena,Gaming,"Esports, Consoles & Virtual Credits",Bengaluru,Koramangala,Karnataka,560095,12.9352,77.6245,4,3400.0,10:00-01:00,"ONLINE,UPI,CARD,WALLET",Virtual item laundering & bot-driven micro transactions,0.055,137,9791.75,INR,P2P_TRANSFER,ONLINE,MOBILE_APP,0,0,Mumbai,415.0,1,0,1,DEV-MOHANA-SAMSUNG-S23,mobile_android,1,BEN-NEW-285,Global Flight Booking,0,3,7,31,1,0,0,Geographic Anomaly / High Ticket Spike,Review Required,Sudden location velocity jump with new merchant,1
TXN-CUST_MOHANA_002-10565,2026-07-30 10:07:28,2026-07-30,10:07:28,10,3,0,0,CUST_MOHANA_002,180,Coimbatore,Tamil Nadu,Medium Risk / 12% Fraud Rate,M002,CircuitBay Electronics,Consumer Electronics,Laptops & Gadgets,Chennai,Velachery,Tamil Nadu,600042,12.9759,80.2212,6,32000.0,10:00-21:30,"POS,ONLINE,EMI,UPI",Stolen payment details / high-ticket electronics delivery,0.048,120,7954.21,INR,PURCHASE,ONLINE,MOBILE_APP,1,0,Coimbatore,12.0,0,0,1,DEV-MOHANA-SAMSUNG-S23,mobile_android,0,BEN-CUST_MOHANA_002-TRUSTED,Trusted Household Vendor,6,0,4,21,0,0,0,None,Resolved Genuine,Standard Habitual Purchase,0
TXN-CUST_MOHANA_002-10566,2026-07-30 11:31:05,2026-07-30,11:31:05,11,3,0,0,CUST_MOHANA_002,180,Coimbatore,Tamil Nadu,Medium Risk / 12% Fraud Rate,M019,ArenaSport World,Sports Retail,Fitness Equipment & Sports Wear,Chennai,Nungambakkam,Tamil Nadu,600034,13.0604,80.2405,6,5600.0,10:00-21:30,"POS,ONLINE,UPI,CARD",Stolen card chargeback on premium sports gear,0.026,65,5362.93,INR,PURCHASE,ONLINE,MOBILE_APP,1,0,Coimbatore,7.0,0,0,1,DEV-MOHANA-SAMSUNG-S23,mobile_android,0,BEN-CUST_MOHANA_002-TRUSTED,Trusted Household Vendor,13,0,1,13,0,0,0,None,Resolved Genuine,Standard Habitual Purchase,0
TXN-CUST_MOHANA_002-10567,2026-07-30 12:58:23,2026-07-30,12:58:23,12,3,0,0,CUST_MOHANA_002,180,Coimbatore,Tamil Nadu,Medium Risk / 12% Fraud Rate,M022,SkillSpring Academy,Education / Training,Professional Certifications & Tech Bootcamps,Chennai,Mylapore,Tamil Nadu,600004,13.0368,80.2676,8,22000.0,08:30-19:30,"ONLINE,NETBANKING,CARD,UPI",Stolen corporate card enrollments,0.028,70,11674.84,INR,PURCHASE,CARD,MOBILE_APP,0,0,Coimbatore,13.0,0,0,1,DEV-MOHANA-SAMSUNG-S23,mobile_android,0,BEN-CUST_MOHANA_002-TRUSTED,Trusted Household Vendor,15,0,2,12,0,0,0,None,Resolved Genuine,Standard Habitual Purchase,0
TXN-CUST_MOHANA_002-10568,2026-07-30 14:22:24,2026-07-30,14:22:24,14,3,0,0,CUST_MOHANA_002,180,Coimbatore,Tamil Nadu,Medium Risk / 12% Fraud Rate,M010,HarborView Residency,Hotel / Hospitality,Business & Luxury Hotel,Chennai,OMR,Tamil Nadu,600096,12.9165,80.2285,6,9500.0,24_HOURS,"ONLINE,POS,CARD,TRANSFER",Online travel booking fraud with stolen corporate credentials,0.041,102,3631.64,INR,PURCHASE,ONLINE,MOBILE_APP,1,0,Coimbatore,9.0,0,0,1,DEV-MOHANA-SAMSUNG-S23,mobile_android,0,BEN-CUST_MOHANA_002-TRUSTED,Trusted Household Vendor,8,0,2,15,0,0,0,None,Resolved Genuine,Standard Habitual Purchase,0
TXN-CUST_MOHANA_002-10569,2026-07-30 15:51:41,2026-07-30,15:51:41,15,3,0,0,CUST_MOHANA_002,180,Coimbatore,Tamil Nadu,Medium Risk / 12% Fraud Rate,M005,UrbanThread Studio,Fashion / Apparel,Designer & Ready-to-wear,Chennai,Anna Nagar,Tamil Nadu,600040,13.085,80.2101,5,4800.0,10:30-22:00,"POS,ONLINE,UPI,CARD",Refund abuse / credential stuffing,0.022,55,12647.29,INR,P2P_TRANSFER,CARD,WEB_PORTAL,0,0,Hyderabad,498.0,1,1,0,DEV-LAPTOP-CHROME-117,web_browser,1,BEN-NEW-458,Global Flight Booking,0,4,10,43,1,0,0,Geographic Anomaly / High Ticket Spike,Review Required,Sudden location velocity jump with new merchant,1
TXN-CUST_MOHANA_002-10570,2026-07-30 17:19:57,2026-07-30,17:19:57,17,3,0,0,CUST_MOHANA_002,180,Coimbatore,Tamil Nadu,Medium Risk / 12% Fraud Rate,M024,LinkWave Telecom,Telecom Retail,Fiber Broadband & Postpaid Plans,Erode,Perundurai Road,Tamil Nadu,638011,11.341,77.7172,10,1950.0,09:30-20:30,"UPI,CARD,ONLINE,POS",SIM swap bill recharge surges,0.017,42,5298.58,INR,P2P_TRANSFER,POS,MOBILE_APP,0,0,Mumbai,1032.0,1,0,1,DEV-MOHANA-SAMSUNG-S23,mobile_android,1,BEN-NEW-231,Global Flight Booking,0,4,8,34,1,0,0,Geographic Anomaly / High Ticket Spike,Review Required,Sudden location velocity jump with new merchant,1
TXN-CUST_MOHANA_002-10571,2026-07-30 18:48:00,2026-07-30,18:48:00,18,3,0,0,CUST_MOHANA_002,180,Coimbatore,Tamil Nadu,Medium Risk / 12% Fraud Rate,M008,BeanCircuit Cafe,Cafe,Specialty Coffee & Bakery,Bengaluru,Indiranagar,Karnataka,560038,12.9784,77.6408,3,650.0,07:30-23:00,"UPI,POS,CARD",QR code spoofing / fast velocity dining,0.009,22,13282.63,INR,PURCHASE,POS,MOBILE_APP,1,0,Coimbatore,2.0,0,0,1,DEV-MOHANA-SAMSUNG-S23,mobile_android,0,BEN-CUST_MOHANA_002-TRUSTED,Trusted Household Vendor,9,1,2,18,0,0,0,None,Resolved Genuine,Standard Habitual Purchase,0
TXN-CUST_MOHANA_002-10572,2026-07-30 20:13:22,2026-07-30,20:13:22,20,3,0,0,CUST_MOHANA_002,180,Coimbatore,Tamil Nadu,Medium Risk / 12% Fraud Rate,M012,DashDine Delivery,Food Delivery,Quick Commerce & Meal Delivery,Chennai,Sholinganallur,Tamil Nadu,600119,12.901,80.2279,4,520.0,06:00-02:00,"UPI,CARD,ONLINE,WALLET",Promo code abuse / stolen wallet balances,0.014,35,7351.16,INR,PURCHASE,ONLINE,MOBILE_APP,0,0,Coimbatore,13.0,0,0,1,DEV-MOHANA-SAMSUNG-S23,mobile_android,0,BEN-CUST_MOHANA_002-TRUSTED,Trusted Household Vendor,3,0,2,11,0,0,0,None,Resolved Genuine,Standard Habitual Purchase,0
TXN-CUST_MOHANA_002-10573,2026-07-30 21:42:06,2026-07-30,21:42:06,21,3,0,0,CUST_MOHANA_002,180,Coimbatore,Tamil Nadu,Medium Risk / 12% Fraud Rate,M025,ShieldSure Services,Insurance Services,General & Health Insurance Premium,Chennai,Egmore,Tamil Nadu,600008,13.0784,80.2607,13,14000.0,09:30-18:00,"ONLINE,NETBANKING,CARD",Premium diversion / fake policy payment slips,0.019,47,4992.94,INR,PURCHASE,ONLINE,MOBILE_APP,0,0,Coimbatore,3.0,0,0,1,DEV-MOHANA-SAMSUNG-S23,mobile_android,0,BEN-CUST_MOHANA_002-TRUSTED,Trusted Household Vendor,9,0,1,11,0,0,0,None,Resolved Genuine,Standard Habitual Purchase,0
TXN-CUST_MOHANA_002-10574,2026-07-30 23:09:11,2026-07-30,23:09:11,23,3,0,1,CUST_MOHANA_002,180,Coimbatore,Tamil Nadu,Medium Risk / 12% Fraud Rate,M016,MotoCare Garage,Auto Service,Car Service & Detailing Hub,Chennai,Pallikaranai,Tamil Nadu,600100,12.9372,80.2014,7,8900.0,08:30-20:30,"POS,UPI,CARD",Over-invoicing / synthetic card payments,0.021,52,5754.23,INR,PURCHASE,CARD,MOBILE_APP,1,0,Coimbatore,8.0,0,0,1,DEV-MOHANA-SAMSUNG-S23,mobile_android,0,BEN-CUST_MOHANA_002-TRUSTED,Trusted Household Vendor,12,0,2,10,0,0,0,None,Resolved Genuine,Standard Habitual Purchase,0
TXN-CUST_MOHANA_002-10575,2026-07-31 00:35:14,2026-07-31,00:35:14,0,4,0,1,CUST_MOHANA_002,180,Coimbatore,Tamil Nadu,Medium Risk / 12% Fraud Rate,M024,LinkWave Telecom,Telecom Retail,Fiber Broadband & Postpaid Plans,Erode,Perundurai Road,Tamil Nadu,638011,11.341,77.7172,10,1950.0,09:30-20:30,"UPI,CARD,ONLINE,POS",SIM swap bill recharge surges,0.017,42,13232.74,INR,PURCHASE,CARD,MOBILE_APP,1,0,Coimbatore,7.0,0,0,1,DEV-MOHANA-SAMSUNG-S23,mobile_android,0,BEN-CUST_MOHANA_002-TRUSTED,Trusted Household Vendor,9,0,1,8,0,0,0,None,Resolved Genuine,Standard Habitual Purchase,0
TXN-CUST_MOHANA_002-10576,2026-07-31 01:59:24,2026-07-31,01:59:24,1,4,0,1,CUST_MOHANA_002,180,Coimbatore,Tamil Nadu,Medium Risk / 12% Fraud Rate,M010,HarborView Residency,Hotel / Hospitality,Business & Luxury Hotel,Chennai,OMR,Tamil Nadu,600096,12.9165,80.2285,6,9500.0,24_HOURS,"ONLINE,POS,CARD,TRANSFER",Online travel booking fraud with stolen corporate credentials,0.041,102,8816.68,INR,PURCHASE,POS,MOBILE_APP,1,0,Coimbatore,15.0,0,0,1,DEV-MOHANA-SAMSUNG-S23,mobile_android,0,BEN-CUST_MOHANA_002-TRUSTED,Trusted Household Vendor,7,1,3,14,0,0,0,None,Resolved Genuine,Standard Habitual Purchase,0
TXN-CUST_MOHANA_002-10577,2026-07-31 03:24:08,2026-07-31,03:24:08,3,4,0,1,CUST_MOHANA_002,180,Coimbatore,Tamil Nadu,Medium Risk / 12% Fraud Rate,M023,SwiftBox Logistics,Courier / Logistics,Express Parcel & Freight Delivery,Tiruppur,Avinashi Road,Tamil Nadu,641603,11.1085,77.3411,9,4200.0,08:00-21:00,"POS,UPI,CARD,ONLINE",Interception fraud / address redirection,0.02,50,12237.83,INR,PURCHASE,CARD,MOBILE_APP,1,0,Coimbatore,1.0,0,0,1,DEV-MOHANA-SAMSUNG-S23,mobile_android,0,BEN-CUST_MOHANA_002-TRUSTED,Trusted Household Vendor,3,0,1,12,0,0,0,None,Resolved Genuine,Standard Habitual Purchase,0
TXN-CUST_MOHANA_002-10578,2026-07-31 04:53:16,2026-07-31,04:53:16,4,4,0,1,CUST_MOHANA_002,180,Coimbatore,Tamil Nadu,Medium Risk / 12% Fraud Rate,M019,ArenaSport World,Sports Retail,Fitness Equipment & Sports Wear,Chennai,Nungambakkam,Tamil Nadu,600034,13.0604,80.2405,6,5600.0,10:00-21:30,"POS,ONLINE,UPI,CARD",Stolen card chargeback on premium sports gear,0.026,65,12724.91,INR,PURCHASE,UPI,MOBILE_APP,1,0,Coimbatore,11.0,0,0,1,DEV-MOHANA-SAMSUNG-S23,mobile_android,0,BEN-CUST_MOHANA_002-TRUSTED,Trusted Household Vendor,15,0,4,19,0,0,0,None,Resolved Genuine,Standard Habitual Purchase,0
TXN-CUST_MOHANA_002-10579,2026-07-31 06:18:54,2026-07-31,06:18:54,6,4,0,0,CUST_MOHANA_002,180,Coimbatore,Tamil Nadu,Medium Risk / 12% Fraud Rate,M019,ArenaSport World,Sports Retail,Fitness Equipment & Sports Wear,Chennai,Nungambakkam,Tamil Nadu,600034,13.0604,80.2405,6,5600.0,10:00-21:30,"POS,ONLINE,UPI,CARD",Stolen card chargeback on premium sports gear,0.026,65,10306.1,INR,PURCHASE,ONLINE,MOBILE_APP,1,0,Coimbatore,6.0,0,0,1,DEV-MOHANA-SAMSUNG-S23,mobile_android,0,BEN-CUST_MOHANA_002-TRUSTED,Trusted Household Vendor,5,0,4,22,0,0,0,None,Resolved Genuine,Standard Habitual Purchase,0
TXN-CUST_MOHANA_002-10580,2026-07-31 07:45:10,2026-07-31,07:45:10,7,4,0,0,CUST_MOHANA_002,180,Coimbatore,Tamil Nadu,Medium Risk / 12% Fraud Rate,M004,Aurelia Gold House,Jewellery,Gold & Diamond Jewellery,Coimbatore,RS Puram,Tamil Nadu,641002,11.0089,76.9514,14,78000.0,10:00-20:30,"POS,CARD,TRANSFER",Account takeover / card-not-present luxury surge,0.065,162,4795.96,INR,PURCHASE,POS,MOBILE_APP,1,0,Coimbatore,13.0,0,0,1,DEV-MOHANA-SAMSUNG-S23,mobile_android,0,BEN-CUST_MOHANA_002-TRUSTED,Trusted Household Vendor,3,0,4,18,0,0,0,None,Resolved Genuine,Standard Habitual Purchase,0
TXN-CUST_MOHANA_002-10581,2026-07-31 09:11:54,2026-07-31,09:11:54,9,4,0,0,CUST_MOHANA_002,180,Coimbatore,Tamil Nadu,Medium Risk / 12% Fraud Rate,M025,ShieldSure Services,Insurance Services,General & Health Insurance Premium,Chennai,Egmore,Tamil Nadu,600008,13.0784,80.2607,13,14000.0,09:30-18:00,"ONLINE,NETBANKING,CARD",Premium diversion / fake policy payment slips,0.019,47,4608.8,INR,PURCHASE,ONLINE,MOBILE_APP,0,0,Coimbatore,13.0,0,0,1,DEV-MOHANA-SAMSUNG-S23,mobile_android,0,BEN-CUST_MOHANA_002-TRUSTED,Trusted Household Vendor,6,0,1,12,0,0,0,None,Resolved Genuine,Standard Habitual Purchase,0
TXN-CUST_MOHANA_002-10582,2026-07-31 10:38:37,2026-07-31,10:38:37,10,4,0,0,CUST_MOHANA_002,180,Coimbatore,Tamil Nadu,Medium Risk / 12% Fraud Rate,M004,Aurelia Gold House,Jewellery,Gold & Diamond Jewellery,Coimbatore,RS Puram,Tamil Nadu,641002,11.0089,76.9514,14,78000.0,10:00-20:30,"POS,CARD,TRANSFER",Account takeover / card-not-present luxury surge,0.065,162,189466.37,INR,P2P_TRANSFER,TRANSFER,WEB_PORTAL,0,0,Delhi,465.0,1,1,0,DEV-LAPTOP-CHROME-192,web_browser,1,BEN-NEW-113,Global Flight Booking,0,3,8,35,1,0,0,Geographic Anomaly / High Ticket Spike,Review Required,Sudden location velocity jump with new merchant,1
TXN-CUST_MOHANA_002-10583,2026-07-31 12:06:54,2026-07-31,12:06:54,12,4,0,0,CUST_MOHANA_002,180,Coimbatore,Tamil Nadu,Medium Risk / 12% Fraud Rate,M022,SkillSpring Academy,Education / Training,Professional Certifications & Tech Bootcamps,Chennai,Mylapore,Tamil Nadu,600004,13.0368,80.2676,8,22000.0,08:30-19:30,"ONLINE,NETBANKING,CARD,UPI",Stolen corporate card enrollments,0.028,70,7135.69,INR,PURCHASE,ONLINE,MOBILE_APP,0,0,Coimbatore,2.0,0,0,1,DEV-MOHANA-SAMSUNG-S23,mobile_android,0,BEN-CUST_MOHANA_002-TRUSTED,Trusted Household Vendor,14,1,1,11,0,0,0,None,Resolved Genuine,Standard Habitual Purchase,0
TXN-CUST_MOHANA_002-10584,2026-07-31 13:34:31,2026-07-31,13:34:31,13,4,0,0,CUST_MOHANA_002,180,Coimbatore,Tamil Nadu,Medium Risk / 12% Fraud Rate,M015,HomeSphere Appliances,Home Appliances,"Refrigerators, ACs & Kitchen Tech",Coimbatore,Saibaba Colony,Tamil Nadu,641011,11.0315,76.945,9,27500.0,09:30-21:00,"POS,EMI,CARD,UPI",Carding attacks with immediate in-store pickup,0.038,95,4261.24,INR,PURCHASE,EMI,MOBILE_APP,1,0,Coimbatore,9.0,0,0,1,DEV-MOHANA-SAMSUNG-S23,mobile_android,0,BEN-CUST_MOHANA_002-TRUSTED,Trusted Household Vendor,4,1,4,18,0,0,0,None,Resolved Genuine,Standard Habitual Purchase,0
TXN-CUST_MOHANA_002-10585,2026-07-31 15:00:42,2026-07-31,15:00:42,15,4,0,0,CUST_MOHANA_002,180,Coimbatore,Tamil Nadu,Medium Risk / 12% Fraud Rate,M008,BeanCircuit Cafe,Cafe,Specialty Coffee & Bakery,Bengaluru,Indiranagar,Karnataka,560038,12.9784,77.6408,3,650.0,07:30-23:00,"UPI,POS,CARD",QR code spoofing / fast velocity dining,0.009,22,6787.82,INR,PURCHASE,CARD,MOBILE_APP,1,0,Coimbatore,1.0,0,0,1,DEV-MOHANA-SAMSUNG-S23,mobile_android,0,BEN-CUST_MOHANA_002-TRUSTED,Trusted Household Vendor,8,0,3,18,0,0,0,None,Resolved Genuine,Standard Habitual Purchase,0
TXN-CUST_MOHANA_002-10586,2026-07-31 16:27:03,2026-07-31,16:27:03,16,4,0,0,CUST_MOHANA_002,180,Coimbatore,Tamil Nadu,Medium Risk / 12% Fraud Rate,M007,SpiceRoute Kitchen,Restaurant,Fine Dining & Chettinad,Chennai,Adyar,Tamil Nadu,600020,13.0012,80.2565,7,2200.0,11:30-23:30,"POS,UPI,CARD",Cloned card POS terminal replay,0.018,45,11570.47,INR,PURCHASE,POS,MOBILE_APP,1,0,Coimbatore,3.0,0,0,1,DEV-MOHANA-SAMSUNG-S23,mobile_android,0,BEN-CUST_MOHANA_002-TRUSTED,Trusted Household Vendor,3,1,2,16,0,0,0,None,Resolved Genuine,Standard Habitual Purchase,0
TXN-CUST_MOHANA_002-10587,2026-07-31 17:51:32,2026-07-31,17:51:32,17,4,0,0,CUST_MOHANA_002,180,Coimbatore,Tamil Nadu,Medium Risk / 12% Fraud Rate,M018,PageTurn Book House,Bookstore,"Academic, Fiction & Stationery",Trichy,Thillai Nagar,Tamil Nadu,620018,10.8282,78.6854,16,850.0,09:00-21:30,"POS,UPI,CARD,ONLINE",Low-value card testing bots,0.008,20,12165.93,INR,PURCHASE,ONLINE,MOBILE_APP,1,0,Coimbatore,11.0,0,0,1,DEV-MOHANA-SAMSUNG-S23,mobile_android,0,BEN-CUST_MOHANA_002-TRUSTED,Trusted Household Vendor,14,0,4,22,0,0,0,None,Resolved Genuine,Standard Habitual Purchase,0
TXN-CUST_MOHANA_002-10588,2026-07-31 19:17:55,2026-07-31,19:17:55,19,4,0,0,CUST_MOHANA_002,180,Coimbatore,Tamil Nadu,Medium Risk / 12% Fraud Rate,M007,SpiceRoute Kitchen,Restaurant,Fine Dining & Chettinad,Chennai,Adyar,Tamil Nadu,600020,13.0012,80.2565,7,2200.0,11:30-23:30,"POS,UPI,CARD",Cloned card POS terminal replay,0.018,45,4629.06,INR,PURCHASE,UPI,MOBILE_APP,1,0,Coimbatore,1.0,0,0,1,DEV-MOHANA-SAMSUNG-S23,mobile_android,0,BEN-CUST_MOHANA_002-TRUSTED,Trusted Household Vendor,12,0,2,12,0,0,0,None,Resolved Genuine,Standard Habitual Purchase,0
TXN-CUST_MOHANA_002-10589,2026-07-31 20:46:15,2026-07-31,20:46:15,20,4,0,0,CUST_MOHANA_002,180,Coimbatore,Tamil Nadu,Medium Risk / 12% Fraud Rate,M015,HomeSphere Appliances,Home Appliances,"Refrigerators, ACs & Kitchen Tech",Coimbatore,Saibaba Colony,Tamil Nadu,641011,11.0315,76.945,9,27500.0,09:30-21:00,"POS,EMI,CARD,UPI",Carding attacks with immediate in-store pickup,0.038,95,12804.09,INR,PURCHASE,EMI,MOBILE_APP,1,0,Coimbatore,14.0,0,0,1,DEV-MOHANA-SAMSUNG-S23,mobile_android,0,BEN-CUST_MOHANA_002-TRUSTED,Trusted Household Vendor,9,0,4,19,0,0,0,None,Resolved Genuine,Standard Habitual Purchase,0
TXN-CUST_MOHANA_002-10590,2026-07-31 22:11:46,2026-07-31,22:11:46,22,4,0,0,CUST_MOHANA_002,180,Coimbatore,Tamil Nadu,Medium Risk / 12% Fraud Rate,M003,Pulse Mobile Hub,Mobile Store,Smartphones & Accessories,Chennai,Tambaram,Tamil Nadu,600045,12.9249,80.1278,4,18500.0,09:30-21:30,"POS,UPI,CARD",New device abuse / rapid checkout surge,0.035,87,8751.08,INR,PURCHASE,POS,MOBILE_APP,1,0,Coimbatore,14.0,0,0,1,DEV-MOHANA-SAMSUNG-S23,mobile_android,0,BEN-CUST_MOHANA_002-TRUSTED,Trusted Household Vendor,3,1,4,18,0,0,0,None,Resolved Genuine,Standard Habitual Purchase,0
TXN-CUST_MOHANA_002-10591,2026-07-31 23:41:03,2026-07-31,23:41:03,23,4,0,1,CUST_MOHANA_002,180,Coimbatore,Tamil Nadu,Medium Risk / 12% Fraud Rate,M013,CartNest Online,E-commerce,Multi-category Marketplace,Chennai,Guindy,Tamil Nadu,600032,13.0067,80.2026,5,6200.0,24_HOURS,"ONLINE,UPI,CARD,NETBANKING",Account takeover + triangulation shipping fraud,0.045,112,7631.0,INR,PURCHASE,ONLINE,MOBILE_APP,0,0,Coimbatore,2.0,0,0,1,DEV-MOHANA-SAMSUNG-S23,mobile_android,0,BEN-CUST_MOHANA_002-TRUSTED,Trusted Household Vendor,13,0,3,15,0,0,0,None,Resolved Genuine,Standard Habitual Purchase,0
TXN-CUST_MOHANA_002-10592,2026-08-01 01:09:13,2026-08-01,01:09:13,1,5,1,1,CUST_MOHANA_002,180,Coimbatore,Tamil Nadu,Medium Risk / 12% Fraud Rate,M002,CircuitBay Electronics,Consumer Electronics,Laptops & Gadgets,Chennai,Velachery,Tamil Nadu,600042,12.9759,80.2212,6,32000.0,10:00-21:30,"POS,ONLINE,EMI,UPI",Stolen payment details / high-ticket electronics delivery,0.048,120,7958.7,INR,PURCHASE,POS,MOBILE_APP,1,0,Coimbatore,8.0,0,0,1,DEV-MOHANA-SAMSUNG-S23,mobile_android,0,BEN-CUST_MOHANA_002-TRUSTED,Trusted Household Vendor,7,0,1,6,0,0,0,None,Resolved Genuine,Standard Habitual Purchase,0
TXN-CUST_MOHANA_002-10593,2026-08-01 02:37:07,2026-08-01,02:37:07,2,5,1,1,CUST_MOHANA_002,180,Coimbatore,Tamil Nadu,Medium Risk / 12% Fraud Rate,M009,RapidFuel Station,Fuel Station,"Petrol, Diesel & EV Fast Charge",Salem,Fairlands,Tamil Nadu,636016,11.6643,78.146,9,3100.0,24_HOURS,"POS,FLEET_CARD,UPI",Automated fleet card skimming,0.024,60,9372.76,INR,PURCHASE,UPI,MOBILE_APP,1,0,Coimbatore,9.0,0,0,1,DEV-MOHANA-SAMSUNG-S23,mobile_android,0,BEN-CUST_MOHANA_002-TRUSTED,Trusted Household Vendor,14,0,1,10,0,0,0,None,Resolved Genuine,Standard Habitual Purchase,0
TXN-CUST_MOHANA_002-10594,2026-08-01 04:03:58,2026-08-01,04:03:58,4,5,1,1,CUST_MOHANA_002,180,Coimbatore,Tamil Nadu,Medium Risk / 12% Fraud Rate,M011,SkyTrail Travels,Travel Agency,Flight & International Tour Packages,Coimbatore,Gandhipuram,Tamil Nadu,641012,11.0183,76.9664,11,44000.0,09:00-20:00,"ONLINE,TRANSFER,CARD",Mule-account ticket arbitrage & fast cancellation fraud,0.052,130,5942.76,INR,PURCHASE,TRANSFER,MOBILE_APP,0,0,Coimbatore,12.0,0,0,1,DEV-MOHANA-SAMSUNG-S23,mobile_android,0,BEN-CUST_MOHANA_002-TRUSTED,Trusted Household Vendor,3,1,2,18,0,0,0,None,Resolved Genuine,Standard Habitual Purchase,0
TXN-CUST_MOHANA_002-10595,2026-08-01 05:27:35,2026-08-01,05:27:35,5,5,1,1,CUST_MOHANA_002,180,Coimbatore,Tamil Nadu,Medium Risk / 12% Fraud Rate,M019,ArenaSport World,Sports Retail,Fitness Equipment & Sports Wear,Chennai,Nungambakkam,Tamil Nadu,600034,13.0604,80.2405,6,5600.0,10:00-21:30,"POS,ONLINE,UPI,CARD",Stolen card chargeback on premium sports gear,0.026,65,6435.81,INR,PURCHASE,CARD,MOBILE_APP,1,0,Coimbatore,14.0,0,0,1,DEV-MOHANA-SAMSUNG-S23,mobile_android,0,BEN-CUST_MOHANA_002-TRUSTED,Trusted Household Vendor,9,0,4,21,0,0,0,None,Resolved Genuine,Standard Habitual Purchase,0
TXN-CUST_MOHANA_002-10596,2026-08-01 06:54:52,2026-08-01,06:54:52,6,5,1,0,CUST_MOHANA_002,180,Coimbatore,Tamil Nadu,Medium Risk / 12% Fraud Rate,M007,SpiceRoute Kitchen,Restaurant,Fine Dining & Chettinad,Chennai,Adyar,Tamil Nadu,600020,13.0012,80.2565,7,2200.0,11:30-23:30,"POS,UPI,CARD",Cloned card POS terminal replay,0.018,45,8125.13,INR,PURCHASE,CARD,MOBILE_APP,1,0,Coimbatore,8.0,0,0,1,DEV-MOHANA-SAMSUNG-S23,mobile_android,0,BEN-CUST_MOHANA_002-TRUSTED,Trusted Household Vendor,9,0,4,26,0,0,0,None,Resolved Genuine,Standard Habitual Purchase,0
TXN-CUST_MOHANA_002-10597,2026-08-01 08:22:46,2026-08-01,08:22:46,8,5,1,0,CUST_MOHANA_002,180,Coimbatore,Tamil Nadu,Medium Risk / 12% Fraud Rate,M004,Aurelia Gold House,Jewellery,Gold & Diamond Jewellery,Coimbatore,RS Puram,Tamil Nadu,641002,11.0089,76.9514,14,78000.0,10:00-20:30,"POS,CARD,TRANSFER",Account takeover / card-not-present luxury surge,0.065,162,7591.05,INR,PURCHASE,CARD,MOBILE_APP,1,0,Coimbatore,7.0,0,0,1,DEV-MOHANA-SAMSUNG-S23,mobile_android,0,BEN-CUST_MOHANA_002-TRUSTED,Trusted Household Vendor,6,0,2,14,0,0,0,None,Resolved Genuine,Standard Habitual Purchase,0
TXN-CUST_MOHANA_002-10598,2026-08-01 09:51:53,2026-08-01,09:51:53,9,5,1,0,CUST_MOHANA_002,180,Coimbatore,Tamil Nadu,Medium Risk / 12% Fraud Rate,M016,MotoCare Garage,Auto Service,Car Service & Detailing Hub,Chennai,Pallikaranai,Tamil Nadu,600100,12.9372,80.2014,7,8900.0,08:30-20:30,"POS,UPI,CARD",Over-invoicing / synthetic card payments,0.021,52,8294.9,INR,PURCHASE,UPI,MOBILE_APP,1,0,Coimbatore,5.0,0,0,1,DEV-MOHANA-SAMSUNG-S23,mobile_android,0,BEN-CUST_MOHANA_002-TRUSTED,Trusted Household Vendor,15,0,2,16,0,0,0,None,Resolved Genuine,Standard Habitual Purchase,0
TXN-CUST_MOHANA_002-10599,2026-08-01 11:16:23,2026-08-01,11:16:23,11,5,1,0,CUST_MOHANA_002,180,Coimbatore,Tamil Nadu,Medium Risk / 12% Fraud Rate,M024,LinkWave Telecom,Telecom Retail,Fiber Broadband & Postpaid Plans,Erode,Perundurai Road,Tamil Nadu,638011,11.341,77.7172,10,1950.0,09:30-20:30,"UPI,CARD,ONLINE,POS",SIM swap bill recharge surges,0.017,42,5390.65,INR,P2P_TRANSFER,POS,MOBILE_APP,0,0,Hyderabad,909.0,1,0,1,DEV-MOHANA-SAMSUNG-S23,mobile_android,1,BEN-NEW-216,Global Flight Booking,0,3,8,34,1,0,0,Geographic Anomaly / High Ticket Spike,Review Required,Sudden location velocity jump with new merchant,1
TXN-CUST_MOHANA_002-10600,2026-08-01 12:40:11,2026-08-01,12:40:11,12,5,1,0,CUST_MOHANA_002,180,Coimbatore,Tamil Nadu,Medium Risk / 12% Fraud Rate,M027,BrickHarbor Realty,Real Estate / Property Services,Rental Escrow & Facility Management,Chennai,Porur,Tamil Nadu,600116,13.035,80.16,11,65000.0,09:00-19:00,"TRANSFER,NETBANKING,CARD",Security deposit phishing / escrow hijacking,0.039,97,12692.92,INR,PURCHASE,TRANSFER,MOBILE_APP,0,0,Coimbatore,3.0,0,0,1,DEV-MOHANA-SAMSUNG-S23,mobile_android,0,BEN-CUST_MOHANA_002-TRUSTED,Trusted Household Vendor,3,0,2,17,0,0,0,None,Resolved Genuine,Standard Habitual Purchase,0
TXN-CUST_MOHANA_002-10601,2026-08-01 14:03:54,2026-08-01,14:03:54,14,5,1,0,CUST_MOHANA_002,180,Coimbatore,Tamil Nadu,Medium Risk / 12% Fraud Rate,M015,HomeSphere Appliances,Home Appliances,"Refrigerators, ACs & Kitchen Tech",Coimbatore,Saibaba Colony,Tamil Nadu,641011,11.0315,76.945,9,27500.0,09:30-21:00,"POS,EMI,CARD,UPI",Carding attacks with immediate in-store pickup,0.038,95,11762.1,INR,PURCHASE,UPI,MOBILE_APP,1,0,Coimbatore,9.0,0,0,1,DEV-MOHANA-SAMSUNG-S23,mobile_android,0,BEN-CUST_MOHANA_002-TRUSTED,Trusted Household Vendor,4,0,1,6,0,0,0,None,Resolved Genuine,Standard Habitual Purchase,0
TXN-CUST_MOHANA_002-10602,2026-08-01 15:32:20,2026-08-01,15:32:20,15,5,1,0,CUST_MOHANA_002,180,Coimbatore,Tamil Nadu,Medium Risk / 12% Fraud Rate,M022,SkillSpring Academy,Education / Training,Professional Certifications & Tech Bootcamps,Chennai,Mylapore,Tamil Nadu,600004,13.0368,80.2676,8,22000.0,08:30-19:30,"ONLINE,NETBANKING,CARD,UPI",Stolen corporate card enrollments,0.028,70,10186.65,INR,PURCHASE,ONLINE,MOBILE_APP,0,0,Coimbatore,1.0,0,0,1,DEV-MOHANA-SAMSUNG-S23,mobile_android,0,BEN-CUST_MOHANA_002-TRUSTED,Trusted Household Vendor,4,0,3,17,0,0,0,None,Resolved Genuine,Standard Habitual Purchase,0
TXN-CUST_MOHANA_002-10603,2026-08-01 16:57:57,2026-08-01,16:57:57,16,5,1,0,CUST_MOHANA_002,180,Coimbatore,Tamil Nadu,Medium Risk / 12% Fraud Rate,M023,SwiftBox Logistics,Courier / Logistics,Express Parcel & Freight Delivery,Tiruppur,Avinashi Road,Tamil Nadu,641603,11.1085,77.3411,9,4200.0,08:00-21:00,"POS,UPI,CARD,ONLINE",Interception fraud / address redirection,0.02,50,11059.44,INR,PURCHASE,POS,MOBILE_APP,1,0,Coimbatore,10.0,0,0,1,DEV-MOHANA-SAMSUNG-S23,mobile_android,0,BEN-CUST_MOHANA_002-TRUSTED,Trusted Household Vendor,5,0,4,19,0,0,0,None,Resolved Genuine,Standard Habitual Purchase,0
TXN-CUST_MOHANA_002-10604,2026-08-01 18:27:13,2026-08-01,18:27:13,18,5,1,0,CUST_MOHANA_002,180,Coimbatore,Tamil Nadu,Medium Risk / 12% Fraud Rate,M001,NovaMart Fresh,Grocery & Supermarket,Supermarket / Hypermarket,Chennai,T Nagar,Tamil Nadu,600017,13.0418,80.2341,8,1250.0,07:00-22:30,"POS,UPI,CARD,ONLINE",Card testing / micro-burst velocity,0.012,30,3529.17,INR,P2P_TRANSFER,POS,MOBILE_APP,0,0,Hyderabad,901.0,1,0,1,DEV-MOHANA-SAMSUNG-S23,mobile_android,1,BEN-NEW-934,Global Flight Booking,0,3,9,46,1,0,0,Geographic Anomaly / High Ticket Spike,Review Required,Sudden location velocity jump with new merchant,1
TXN-CUST_MOHANA_002-10605,2026-08-01 19:56:11,2026-08-01,19:56:11,19,5,1,0,CUST_MOHANA_002,180,Coimbatore,Tamil Nadu,Medium Risk / 12% Fraud Rate,M029,CloudDesk Digital,Software / Digital Services,Cloud Infrastructure & SaaS Tools,Bengaluru,Whitefield,Karnataka,560066,12.9698,77.7499,7,19800.0,24_HOURS,"ONLINE,CARD,TRANSFER",Cryptomining VM rental with stolen credit cards,0.058,145,6052.36,INR,PURCHASE,CARD,MOBILE_APP,0,0,Coimbatore,9.0,0,0,1,DEV-MOHANA-SAMSUNG-S23,mobile_android,0,BEN-CUST_MOHANA_002-TRUSTED,Trusted Household Vendor,10,1,1,14,0,0,0,None,Resolved Genuine,Standard Habitual Purchase,0
TXN-CUST_MOHANA_002-10606,2026-08-01 21:22:40,2026-08-01,21:22:40,21,5,1,0,CUST_MOHANA_002,180,Coimbatore,Tamil Nadu,Medium Risk / 12% Fraud Rate,M008,BeanCircuit Cafe,Cafe,Specialty Coffee & Bakery,Bengaluru,Indiranagar,Karnataka,560038,12.9784,77.6408,3,650.0,07:30-23:00,"UPI,POS,CARD",QR code spoofing / fast velocity dining,0.009,22,9225.09,INR,PURCHASE,UPI,MOBILE_APP,1,0,Coimbatore,8.0,0,0,1,DEV-MOHANA-SAMSUNG-S23,mobile_android,0,BEN-CUST_MOHANA_002-TRUSTED,Trusted Household Vendor,10,0,3,22,0,0,0,None,Resolved Genuine,Standard Habitual Purchase,0
TXN-CUST_MOHANA_002-10607,2026-08-01 22:47:06,2026-08-01,22:47:06,22,5,1,0,CUST_MOHANA_002,180,Coimbatore,Tamil Nadu,Medium Risk / 12% Fraud Rate,M026,GreenLeaf Wellness,Health & Wellness,Organic Nutrition & Ayurveda,Trichy,Srirangam,Tamil Nadu,620006,10.8624,78.6947,6,2100.0,08:00-21:00,"POS,UPI,ONLINE,CARD",Subscription card stuffing,0.013,32,3662.07,INR,PURCHASE,CARD,MOBILE_APP,1,0,Coimbatore,9.0,0,0,1,DEV-MOHANA-SAMSUNG-S23,mobile_android,0,BEN-CUST_MOHANA_002-TRUSTED,Trusted Household Vendor,8,1,4,19,0,0,0,None,Resolved Genuine,Standard Habitual Purchase,0
TXN-CUST_MOHANA_002-10608,2026-08-02 00:15:28,2026-08-02,00:15:28,0,6,1,1,CUST_MOHANA_002,180,Coimbatore,Tamil Nadu,Medium Risk / 12% Fraud Rate,M006,MedicoCare Pharmacy,Pharmacy,Medicines & Surgical Supplies,Madurai,KK Nagar,Tamil Nadu,625020,9.9252,78.1498,10,1450.0,24_HOURS,"POS,UPI,CARD,ONLINE",Nighttime micro card testing,0.015,37,11989.61,INR,PURCHASE,ONLINE,MOBILE_APP,1,0,Coimbatore,7.0,0,0,1,DEV-MOHANA-SAMSUNG-S23,mobile_android,0,BEN-CUST_MOHANA_002-TRUSTED,Trusted Household Vendor,12,0,3,15,0,0,0,None,Resolved Genuine,Standard Habitual Purchase,0
TXN-CUST_MOHANA_002-10609,2026-08-02 01:43:27,2026-08-02,01:43:27,1,6,1,1,CUST_MOHANA_002,180,Coimbatore,Tamil Nadu,Medium Risk / 12% Fraud Rate,M022,SkillSpring Academy,Education / Training,Professional Certifications & Tech Bootcamps,Chennai,Mylapore,Tamil Nadu,600004,13.0368,80.2676,8,22000.0,08:30-19:30,"ONLINE,NETBANKING,CARD,UPI",Stolen corporate card enrollments,0.028,70,4257.13,INR,PURCHASE,CARD,MOBILE_APP,0,0,Coimbatore,3.0,0,0,1,DEV-MOHANA-SAMSUNG-S23,mobile_android,0,BEN-CUST_MOHANA_002-TRUSTED,Trusted Household Vendor,13,0,4,20,0,0,0,None,Resolved Genuine,Standard Habitual Purchase,0
TXN-CUST_MOHANA_002-10610,2026-08-02 03:10:27,2026-08-02,03:10:27,3,6,1,1,CUST_MOHANA_002,180,Coimbatore,Tamil Nadu,Medium Risk / 12% Fraud Rate,M014,OakLine Furnishings,Furniture,Teak Wood & Modern Home Decor,Madurai,Bypass Road,Tamil Nadu,625016,9.932,78.109,12,38000.0,10:00-21:00,"POS,CARD,TRANSFER,EMI",Invoice redirection fraud / fake payment slips,0.029,72,9108.83,INR,PURCHASE,EMI,MOBILE_APP,1,0,Coimbatore,9.0,0,0,1,DEV-MOHANA-SAMSUNG-S23,mobile_android,0,BEN-CUST_MOHANA_002-TRUSTED,Trusted Household Vendor,12,1,4,18,0,0,0,None,Resolved Genuine,Standard Habitual Purchase,0
TXN-CUST_MOHANA_002-10611,2026-08-02 04:35:28,2026-08-02,04:35:28,4,6,1,1,CUST_MOHANA_002,180,Coimbatore,Tamil Nadu,Medium Risk / 12% Fraud Rate,M019,ArenaSport World,Sports Retail,Fitness Equipment & Sports Wear,Chennai,Nungambakkam,Tamil Nadu,600034,13.0604,80.2405,6,5600.0,10:00-21:30,"POS,ONLINE,UPI,CARD",Stolen card chargeback on premium sports gear,0.026,65,7017.34,INR,PURCHASE,CARD,MOBILE_APP,1,0,Coimbatore,12.0,0,0,1,DEV-MOHANA-SAMSUNG-S23,mobile_android,0,BEN-CUST_MOHANA_002-TRUSTED,Trusted Household Vendor,15,1,1,7,0,0,0,None,Resolved Genuine,Standard Habitual Purchase,0
TXN-CUST_MOHANA_002-10612,2026-08-02 06:00:59,2026-08-02,06:00:59,6,6,1,0,CUST_MOHANA_002,180,Coimbatore,Tamil Nadu,Medium Risk / 12% Fraud Rate,M002,CircuitBay Electronics,Consumer Electronics,Laptops & Gadgets,Chennai,Velachery,Tamil Nadu,600042,12.9759,80.2212,6,32000.0,10:00-21:30,"POS,ONLINE,EMI,UPI",Stolen payment details / high-ticket electronics delivery,0.048,120,8442.43,INR,PURCHASE,EMI,MOBILE_APP,1,0,Coimbatore,9.0,0,0,1,DEV-MOHANA-SAMSUNG-S23,mobile_android,0,BEN-CUST_MOHANA_002-TRUSTED,Trusted Household Vendor,10,0,2,18,0,0,0,None,Resolved Genuine,Standard Habitual Purchase,0
TXN-CUST_MOHANA_002-10613,2026-08-02 07:27:44,2026-08-02,07:27:44,7,6,1,0,CUST_MOHANA_002,180,Coimbatore,Tamil Nadu,Medium Risk / 12% Fraud Rate,M011,SkyTrail Travels,Travel Agency,Flight & International Tour Packages,Coimbatore,Gandhipuram,Tamil Nadu,641012,11.0183,76.9664,11,44000.0,09:00-20:00,"ONLINE,TRANSFER,CARD",Mule-account ticket arbitrage & fast cancellation fraud,0.052,130,10773.23,INR,PURCHASE,CARD,MOBILE_APP,0,0,Coimbatore,6.0,0,0,1,DEV-MOHANA-SAMSUNG-S23,mobile_android,0,BEN-CUST_MOHANA_002-TRUSTED,Trusted Household Vendor,12,1,4,24,0,0,0,None,Resolved Genuine,Standard Habitual Purchase,0
TXN-CUST_MOHANA_002-10614,2026-08-02 08:52:14,2026-08-02,08:52:14,8,6,1,0,CUST_MOHANA_002,180,Coimbatore,Tamil Nadu,Medium Risk / 12% Fraud Rate,M021,GlowCraft Salon,Salon / Beauty,Spa & Grooming Studio,Chennai,Porur,Tamil Nadu,600116,13.0382,80.1565,5,2800.0,09:00-21:00,"POS,UPI,CARD",Unusual late-night transaction spikes,0.011,27,5217.06,INR,PURCHASE,UPI,MOBILE_APP,0,0,Delhi,1018.0,1,0,1,DEV-MOHANA-SAMSUNG-S23,mobile_android,0,BEN-CUST_MOHANA_002-01,Self Family Transfer,3,4,6,32,1,0,0,Geographic Anomaly / High Ticket Spike,Review Required,Sudden location velocity jump with new merchant,1
TXN-CUST_MOHANA_002-10615,2026-08-02 10:18:54,2026-08-02,10:18:54,10,6,1,0,CUST_MOHANA_002,180,Coimbatore,Tamil Nadu,Medium Risk / 12% Fraud Rate,M024,LinkWave Telecom,Telecom Retail,Fiber Broadband & Postpaid Plans,Erode,Perundurai Road,Tamil Nadu,638011,11.341,77.7172,10,1950.0,09:30-20:30,"UPI,CARD,ONLINE,POS",SIM swap bill recharge surges,0.017,42,4232.99,INR,P2P_TRANSFER,POS,MOBILE_APP,0,0,Mumbai,572.0,1,0,1,DEV-MOHANA-SAMSUNG-S23,mobile_android,1,BEN-NEW-166,Global Flight Booking,0,3,8,34,1,0,0,Geographic Anomaly / High Ticket Spike,Review Required,Sudden location velocity jump with new merchant,1
TXN-CUST_MOHANA_002-10616,2026-08-02 11:43:13,2026-08-02,11:43:13,11,6,1,0,CUST_MOHANA_002,180,Coimbatore,Tamil Nadu,Medium Risk / 12% Fraud Rate,M011,SkyTrail Travels,Travel Agency,Flight & International Tour Packages,Coimbatore,Gandhipuram,Tamil Nadu,641012,11.0183,76.9664,11,44000.0,09:00-20:00,"ONLINE,TRANSFER,CARD",Mule-account ticket arbitrage & fast cancellation fraud,0.052,130,4442.54,INR,PURCHASE,ONLINE,MOBILE_APP,0,0,Coimbatore,3.0,0,0,1,DEV-MOHANA-SAMSUNG-S23,mobile_android,0,BEN-CUST_MOHANA_002-TRUSTED,Trusted Household Vendor,12,1,3,20,0,0,0,None,Resolved Genuine,Standard Habitual Purchase,0
TXN-CUST_MOHANA_002-10617,2026-08-02 13:08:17,2026-08-02,13:08:17,13,6,1,0,CUST_MOHANA_002,180,Coimbatore,Tamil Nadu,Medium Risk / 12% Fraud Rate,M018,PageTurn Book House,Bookstore,"Academic, Fiction & Stationery",Trichy,Thillai Nagar,Tamil Nadu,620018,10.8282,78.6854,16,850.0,09:00-21:30,"POS,UPI,CARD,ONLINE",Low-value card testing bots,0.008,20,4675.59,INR,PURCHASE,ONLINE,MOBILE_APP,1,0,Coimbatore,9.0,0,0,1,DEV-MOHANA-SAMSUNG-S23,mobile_android,0,BEN-CUST_MOHANA_002-TRUSTED,Trusted Household Vendor,7,0,2,18,0,0,0,None,Resolved Genuine,Standard Habitual Purchase,0
TXN-CUST_MOHANA_002-10618,2026-08-02 14:35:51,2026-08-02,14:35:51,14,6,1,0,CUST_MOHANA_002,180,Coimbatore,Tamil Nadu,Medium Risk / 12% Fraud Rate,M008,BeanCircuit Cafe,Cafe,Specialty Coffee & Bakery,Bengaluru,Indiranagar,Karnataka,560038,12.9784,77.6408,3,650.0,07:30-23:00,"UPI,POS,CARD",QR code spoofing / fast velocity dining,0.009,22,9663.62,INR,PURCHASE,POS,MOBILE_APP,1,0,Coimbatore,15.0,0,0,1,DEV-MOHANA-SAMSUNG-S23,mobile_android,0,BEN-CUST_MOHANA_002-TRUSTED,Trusted Household Vendor,9,0,3,16,0,0,0,None,Resolved Genuine,Standard Habitual Purchase,0
TXN-CUST_MOHANA_002-10619,2026-08-02 16:05:12,2026-08-02,16:05:12,16,6,1,0,CUST_MOHANA_002,180,Coimbatore,Tamil Nadu,Medium Risk / 12% Fraud Rate,M025,ShieldSure Services,Insurance Services,General & Health Insurance Premium,Chennai,Egmore,Tamil Nadu,600008,13.0784,80.2607,13,14000.0,09:30-18:00,"ONLINE,NETBANKING,CARD",Premium diversion / fake policy payment slips,0.019,47,8777.53,INR,PURCHASE,CARD,MOBILE_APP,0,0,Coimbatore,10.0,0,0,1,DEV-MOHANA-SAMSUNG-S23,mobile_android,0,BEN-CUST_MOHANA_002-TRUSTED,Trusted Household Vendor,3,0,4,19,0,0,0,None,Resolved Genuine,Standard Habitual Purchase,0
TXN-CUST_MOHANA_002-10620,2026-08-02 17:29:08,2026-08-02,17:29:08,17,6,1,0,CUST_MOHANA_002,180,Coimbatore,Tamil Nadu,Medium Risk / 12% Fraud Rate,M003,Pulse Mobile Hub,Mobile Store,Smartphones & Accessories,Chennai,Tambaram,Tamil Nadu,600045,12.9249,80.1278,4,18500.0,09:30-21:30,"POS,UPI,CARD",New device abuse / rapid checkout surge,0.035,87,5587.41,INR,PURCHASE,CARD,MOBILE_APP,1,0,Coimbatore,14.0,0,0,1,DEV-MOHANA-SAMSUNG-S23,mobile_android,0,BEN-CUST_MOHANA_002-TRUSTED,Trusted Household Vendor,8,1,2,12,0,0,0,None,Resolved Genuine,Standard Habitual Purchase,0
TXN-CUST_MOHANA_002-10621,2026-08-02 18:58:32,2026-08-02,18:58:32,18,6,1,0,CUST_MOHANA_002,180,Coimbatore,Tamil Nadu,Medium Risk / 12% Fraud Rate,M028,CraftCove Home Decor,Home Decor,Handicrafts & Art Pieces,Thanjavur,Medical College Road,Tamil Nadu,613004,10.7684,79.1245,8,7400.0,09:30-20:30,"POS,UPI,CARD,ONLINE",Cross-border tourist chargebacks,0.023,57,15439.36,INR,PURCHASE,CARD,WEB_PORTAL,0,0,Mumbai,786.0,1,1,0,DEV-LAPTOP-CHROME-338,web_browser,0,BEN-CUST_MOHANA_002-01,Self Family Transfer,3,4,7,32,1,0,0,Geographic Anomaly / High Ticket Spike,Review Required,Sudden location velocity jump with new merchant,1
TXN-CUST_MOHANA_002-10622,2026-08-02 20:27:49,2026-08-02,20:27:49,20,6,1,0,CUST_MOHANA_002,180,Coimbatore,Tamil Nadu,Medium Risk / 12% Fraud Rate,M002,CircuitBay Electronics,Consumer Electronics,Laptops & Gadgets,Chennai,Velachery,Tamil Nadu,600042,12.9759,80.2212,6,32000.0,10:00-21:30,"POS,ONLINE,EMI,UPI",Stolen payment details / high-ticket electronics delivery,0.048,120,12767.18,INR,PURCHASE,EMI,MOBILE_APP,1,0,Coimbatore,6.0,0,0,1,DEV-MOHANA-SAMSUNG-S23,mobile_android,0,BEN-CUST_MOHANA_002-TRUSTED,Trusted Household Vendor,9,0,1,6,0,0,0,None,Resolved Genuine,Standard Habitual Purchase,0
TXN-CUST_MOHANA_002-10623,2026-08-02 21:56:40,2026-08-02,21:56:40,21,6,1,0,CUST_MOHANA_002,180,Coimbatore,Tamil Nadu,Medium Risk / 12% Fraud Rate,M012,DashDine Delivery,Food Delivery,Quick Commerce & Meal Delivery,Chennai,Sholinganallur,Tamil Nadu,600119,12.901,80.2279,4,520.0,06:00-02:00,"UPI,CARD,ONLINE,WALLET",Promo code abuse / stolen wallet balances,0.014,35,12645.58,INR,PURCHASE,ONLINE,MOBILE_APP,0,0,Coimbatore,5.0,0,0,1,DEV-MOHANA-SAMSUNG-S23,mobile_android,0,BEN-CUST_MOHANA_002-TRUSTED,Trusted Household Vendor,5,0,4,19,0,0,0,None,Resolved Genuine,Standard Habitual Purchase,0
TXN-CUST_MOHANA_002-10624,2026-08-02 23:23:46,2026-08-02,23:23:46,23,6,1,1,CUST_MOHANA_002,180,Coimbatore,Tamil Nadu,Medium Risk / 12% Fraud Rate,M014,OakLine Furnishings,Furniture,Teak Wood & Modern Home Decor,Madurai,Bypass Road,Tamil Nadu,625016,9.932,78.109,12,38000.0,10:00-21:00,"POS,CARD,TRANSFER,EMI",Invoice redirection fraud / fake payment slips,0.029,72,6642.41,INR,PURCHASE,POS,MOBILE_APP,1,0,Coimbatore,1.0,0,0,1,DEV-MOHANA-SAMSUNG-S23,mobile_android,0,BEN-CUST_MOHANA_002-TRUSTED,Trusted Household Vendor,7,0,3,20,0,0,0,None,Resolved Genuine,Standard Habitual Purchase,0
TXN-CUST_MOHANA_002-10625,2026-08-03 00:49:35,2026-08-03,00:49:35,0,0,0,1,CUST_MOHANA_002,180,Coimbatore,Tamil Nadu,Medium Risk / 12% Fraud Rate,M003,Pulse Mobile Hub,Mobile Store,Smartphones & Accessories,Chennai,Tambaram,Tamil Nadu,600045,12.9249,80.1278,4,18500.0,09:30-21:30,"POS,UPI,CARD",New device abuse / rapid checkout surge,0.035,87,45474.2,INR,PURCHASE,CARD,MOBILE_APP,0,0,Hyderabad,366.0,1,0,1,DEV-MOHANA-SAMSUNG-S23,mobile_android,0,BEN-CUST_MOHANA_002-01,Self Family Transfer,3,4,5,30,1,0,0,Geographic Anomaly / High Ticket Spike,Review Required,Sudden location velocity jump with new merchant,1
TXN-CUST_MOHANA_002-10626,2026-08-03 02:16:25,2026-08-03,02:16:25,2,0,0,1,CUST_MOHANA_002,180,Coimbatore,Tamil Nadu,Medium Risk / 12% Fraud Rate,M018,PageTurn Book House,Bookstore,"Academic, Fiction & Stationery",Trichy,Thillai Nagar,Tamil Nadu,620018,10.8282,78.6854,16,850.0,09:00-21:30,"POS,UPI,CARD,ONLINE",Low-value card testing bots,0.008,20,9830.97,INR,PURCHASE,ONLINE,MOBILE_APP,1,0,Coimbatore,9.0,0,0,1,DEV-MOHANA-SAMSUNG-S23,mobile_android,0,BEN-CUST_MOHANA_002-TRUSTED,Trusted Household Vendor,9,0,1,14,0,0,0,None,Resolved Genuine,Standard Habitual Purchase,0
TXN-CUST_MOHANA_002-10627,2026-08-03 03:40:42,2026-08-03,03:40:42,3,0,0,1,CUST_MOHANA_002,180,Coimbatore,Tamil Nadu,Medium Risk / 12% Fraud Rate,M009,RapidFuel Station,Fuel Station,"Petrol, Diesel & EV Fast Charge",Salem,Fairlands,Tamil Nadu,636016,11.6643,78.146,9,3100.0,24_HOURS,"POS,FLEET_CARD,UPI",Automated fleet card skimming,0.024,60,4212.12,INR,PURCHASE,POS,MOBILE_APP,1,0,Coimbatore,5.0,0,0,1,DEV-MOHANA-SAMSUNG-S23,mobile_android,0,BEN-CUST_MOHANA_002-TRUSTED,Trusted Household Vendor,15,0,1,11,0,0,0,None,Resolved Genuine,Standard Habitual Purchase,0
TXN-CUST_MOHANA_002-10628,2026-08-03 05:07:50,2026-08-03,05:07:50,5,0,0,1,CUST_MOHANA_002,180,Coimbatore,Tamil Nadu,Medium Risk / 12% Fraud Rate,M013,CartNest Online,E-commerce,Multi-category Marketplace,Chennai,Guindy,Tamil Nadu,600032,13.0067,80.2026,5,6200.0,24_HOURS,"ONLINE,UPI,CARD,NETBANKING",Account takeover + triangulation shipping fraud,0.045,112,9791.22,INR,PURCHASE,NETBANKING,MOBILE_APP,0,0,Coimbatore,5.0,0,0,1,DEV-MOHANA-SAMSUNG-S23,mobile_android,0,BEN-CUST_MOHANA_002-TRUSTED,Trusted Household Vendor,14,0,2,18,0,0,0,None,Resolved Genuine,Standard Habitual Purchase,0
TXN-CUST_MOHANA_002-10629,2026-08-03 06:33:52,2026-08-03,06:33:52,6,0,0,0,CUST_MOHANA_002,180,Coimbatore,Tamil Nadu,Medium Risk / 12% Fraud Rate,M017,AutoForge Parts,Spare Parts,OEM Industrial & Auto Components,Hosur,Mookandapalli,Tamil Nadu,635126,12.7409,77.8253,15,16500.0,09:00-19:30,"TRANSFER,POS,CARD",Business email compromise / fake beneficiary update,0.033,82,7287.86,INR,PURCHASE,POS,MOBILE_APP,1,0,Coimbatore,5.0,0,0,1,DEV-MOHANA-SAMSUNG-S23,mobile_android,0,BEN-CUST_MOHANA_002-TRUSTED,Trusted Household Vendor,8,0,1,10,0,0,0,None,Resolved Genuine,Standard Habitual Purchase,0
TXN-CUST_MOHANA_002-10630,2026-08-03 08:03:09,2026-08-03,08:03:09,8,0,0,0,CUST_MOHANA_002,180,Coimbatore,Tamil Nadu,Medium Risk / 12% Fraud Rate,M026,GreenLeaf Wellness,Health & Wellness,Organic Nutrition & Ayurveda,Trichy,Srirangam,Tamil Nadu,620006,10.8624,78.6947,6,2100.0,08:00-21:00,"POS,UPI,ONLINE,CARD",Subscription card stuffing,0.013,32,10131.05,INR,PURCHASE,UPI,MOBILE_APP,1,0,Coimbatore,2.0,0,0,1,DEV-MOHANA-SAMSUNG-S23,mobile_android,0,BEN-CUST_MOHANA_002-TRUSTED,Trusted Household Vendor,14,1,2,10,0,0,0,None,Resolved Genuine,Standard Habitual Purchase,0
TXN-CUST_MOHANA_002-10631,2026-08-03 09:31:37,2026-08-03,09:31:37,9,0,0,0,CUST_MOHANA_002,180,Coimbatore,Tamil Nadu,Medium Risk / 12% Fraud Rate,M025,ShieldSure Services,Insurance Services,General & Health Insurance Premium,Chennai,Egmore,Tamil Nadu,600008,13.0784,80.2607,13,14000.0,09:30-18:00,"ONLINE,NETBANKING,CARD",Premium diversion / fake policy payment slips,0.019,47,8273.12,INR,PURCHASE,ONLINE,MOBILE_APP,0,0,Coimbatore,6.0,0,0,1,DEV-MOHANA-SAMSUNG-S23,mobile_android,0,BEN-CUST_MOHANA_002-TRUSTED,Trusted Household Vendor,14,0,4,23,0,0,0,None,Resolved Genuine,Standard Habitual Purchase,0
TXN-CUST_MOHANA_002-10632,2026-08-03 10:55:42,2026-08-03,10:55:42,10,0,0,0,CUST_MOHANA_002,180,Coimbatore,Tamil Nadu,Medium Risk / 12% Fraud Rate,M016,MotoCare Garage,Auto Service,Car Service & Detailing Hub,Chennai,Pallikaranai,Tamil Nadu,600100,12.9372,80.2014,7,8900.0,08:30-20:30,"POS,UPI,CARD",Over-invoicing / synthetic card payments,0.021,52,4201.78,INR,PURCHASE,CARD,MOBILE_APP,1,0,Coimbatore,11.0,0,0,1,DEV-MOHANA-SAMSUNG-S23,mobile_android,0,BEN-CUST_MOHANA_002-TRUSTED,Trusted Household Vendor,12,0,2,18,0,0,0,None,Resolved Genuine,Standard Habitual Purchase,0
TXN-CUST_MOHANA_002-10633,2026-08-03 12:23:56,2026-08-03,12:23:56,12,0,0,0,CUST_MOHANA_002,180,Coimbatore,Tamil Nadu,Medium Risk / 12% Fraud Rate,M007,SpiceRoute Kitchen,Restaurant,Fine Dining & Chettinad,Chennai,Adyar,Tamil Nadu,600020,13.0012,80.2565,7,2200.0,11:30-23:30,"POS,UPI,CARD",Cloned card POS terminal replay,0.018,45,5257.45,INR,P2P_TRANSFER,UPI,WEB_PORTAL,0,0,Hyderabad,428.0,1,1,0,DEV-LAPTOP-CHROME-826,web_browser,1,BEN-NEW-435,Global Flight Booking,0,2,8,34,1,0,0,Geographic Anomaly / High Ticket Spike,Review Required,Sudden location velocity jump with new merchant,1
TXN-CUST_MOHANA_002-10634,2026-08-03 13:49:37,2026-08-03,13:49:37,13,0,0,0,CUST_MOHANA_002,180,Coimbatore,Tamil Nadu,Medium Risk / 12% Fraud Rate,M001,NovaMart Fresh,Grocery & Supermarket,Supermarket / Hypermarket,Chennai,T Nagar,Tamil Nadu,600017,13.0418,80.2341,8,1250.0,07:00-22:30,"POS,UPI,CARD,ONLINE",Card testing / micro-burst velocity,0.012,30,2336.02,INR,P2P_TRANSFER,CARD,MOBILE_APP,0,0,Hyderabad,886.0,1,0,1,DEV-MOHANA-SAMSUNG-S23,mobile_android,1,BEN-NEW-643,Global Flight Booking,0,3,10,44,1,0,0,Geographic Anomaly / High Ticket Spike,Review Required,Sudden location velocity jump with new merchant,1
TXN-CUST_MOHANA_002-10635,2026-08-03 15:13:18,2026-08-03,15:13:18,15,0,0,0,CUST_MOHANA_002,180,Coimbatore,Tamil Nadu,Medium Risk / 12% Fraud Rate,M013,CartNest Online,E-commerce,Multi-category Marketplace,Chennai,Guindy,Tamil Nadu,600032,13.0067,80.2026,5,6200.0,24_HOURS,"ONLINE,UPI,CARD,NETBANKING",Account takeover + triangulation shipping fraud,0.045,112,13586.13,INR,PURCHASE,NETBANKING,MOBILE_APP,0,0,Coimbatore,11.0,0,0,1,DEV-MOHANA-SAMSUNG-S23,mobile_android,0,BEN-CUST_MOHANA_002-TRUSTED,Trusted Household Vendor,9,0,4,24,0,0,0,None,Resolved Genuine,Standard Habitual Purchase,0
TXN-CUST_MOHANA_002-10636,2026-08-03 16:37:00,2026-08-03,16:37:00,16,0,0,0,CUST_MOHANA_002,180,Coimbatore,Tamil Nadu,Medium Risk / 12% Fraud Rate,M026,GreenLeaf Wellness,Health & Wellness,Organic Nutrition & Ayurveda,Trichy,Srirangam,Tamil Nadu,620006,10.8624,78.6947,6,2100.0,08:00-21:00,"POS,UPI,ONLINE,CARD",Subscription card stuffing,0.013,32,7845.2,INR,PURCHASE,CARD,MOBILE_APP,1,0,Coimbatore,3.0,0,0,1,DEV-MOHANA-SAMSUNG-S23,mobile_android,0,BEN-CUST_MOHANA_002-TRUSTED,Trusted Household Vendor,8,1,3,19,0,0,0,None,Resolved Genuine,Standard Habitual Purchase,0
TXN-CUST_MOHANA_002-10637,2026-08-03 18:03:20,2026-08-03,18:03:20,18,0,0,0,CUST_MOHANA_002,180,Coimbatore,Tamil Nadu,Medium Risk / 12% Fraud Rate,M015,HomeSphere Appliances,Home Appliances,"Refrigerators, ACs & Kitchen Tech",Coimbatore,Saibaba Colony,Tamil Nadu,641011,11.0315,76.945,9,27500.0,09:30-21:00,"POS,EMI,CARD,UPI",Carding attacks with immediate in-store pickup,0.038,95,6867.15,INR,PURCHASE,CARD,MOBILE_APP,1,0,Coimbatore,15.0,0,0,1,DEV-MOHANA-SAMSUNG-S23,mobile_android,0,BEN-CUST_MOHANA_002-TRUSTED,Trusted Household Vendor,15,1,4,23,0,0,0,None,Resolved Genuine,Standard Habitual Purchase,0
TXN-CUST_MOHANA_002-10638,2026-08-03 19:32:31,2026-08-03,19:32:31,19,0,0,0,CUST_MOHANA_002,180,Coimbatore,Tamil Nadu,Medium Risk / 12% Fraud Rate,M007,SpiceRoute Kitchen,Restaurant,Fine Dining & Chettinad,Chennai,Adyar,Tamil Nadu,600020,13.0012,80.2565,7,2200.0,11:30-23:30,"POS,UPI,CARD",Cloned card POS terminal replay,0.018,45,11368.85,INR,PURCHASE,POS,MOBILE_APP,1,0,Coimbatore,13.0,0,0,1,DEV-MOHANA-SAMSUNG-S23,mobile_android,0,BEN-CUST_MOHANA_002-TRUSTED,Trusted Household Vendor,5,0,4,23,0,0,0,None,Resolved Genuine,Standard Habitual Purchase,0
TXN-CUST_MOHANA_002-10639,2026-08-03 20:57:28,2026-08-03,20:57:28,20,0,0,0,CUST_MOHANA_002,180,Coimbatore,Tamil Nadu,Medium Risk / 12% Fraud Rate,M013,CartNest Online,E-commerce,Multi-category Marketplace,Chennai,Guindy,Tamil Nadu,600032,13.0067,80.2026,5,6200.0,24_HOURS,"ONLINE,UPI,CARD,NETBANKING",Account takeover + triangulation shipping fraud,0.045,112,12334.03,INR,PURCHASE,NETBANKING,MOBILE_APP,0,0,Coimbatore,13.0,0,0,1,DEV-MOHANA-SAMSUNG-S23,mobile_android,0,BEN-CUST_MOHANA_002-TRUSTED,Trusted Household Vendor,15,1,2,15,0,0,0,None,Resolved Genuine,Standard Habitual Purchase,0
TXN-CUST_MOHANA_002-10640,2026-08-03 22:25:05,2026-08-03,22:25:05,22,0,0,0,CUST_MOHANA_002,180,Coimbatore,Tamil Nadu,Medium Risk / 12% Fraud Rate,M002,CircuitBay Electronics,Consumer Electronics,Laptops & Gadgets,Chennai,Velachery,Tamil Nadu,600042,12.9759,80.2212,6,32000.0,10:00-21:30,"POS,ONLINE,EMI,UPI",Stolen payment details / high-ticket electronics delivery,0.048,120,4505.67,INR,PURCHASE,POS,MOBILE_APP,1,0,Coimbatore,11.0,0,0,1,DEV-MOHANA-SAMSUNG-S23,mobile_android,0,BEN-CUST_MOHANA_002-TRUSTED,Trusted Household Vendor,6,0,3,14,0,0,0,None,Resolved Genuine,Standard Habitual Purchase,0
TXN-CUST_MOHANA_002-10641,2026-08-03 23:52:39,2026-08-03,23:52:39,23,0,0,1,CUST_MOHANA_002,180,Coimbatore,Tamil Nadu,Medium Risk / 12% Fraud Rate,M022,SkillSpring Academy,Education / Training,Professional Certifications & Tech Bootcamps,Chennai,Mylapore,Tamil Nadu,600004,13.0368,80.2676,8,22000.0,08:30-19:30,"ONLINE,NETBANKING,CARD,UPI",Stolen corporate card enrollments,0.028,70,7740.06,INR,PURCHASE,CARD,MOBILE_APP,0,0,Coimbatore,14.0,0,0,1,DEV-MOHANA-SAMSUNG-S23,mobile_android,0,BEN-CUST_MOHANA_002-TRUSTED,Trusted Household Vendor,5,1,2,12,0,0,0,None,Resolved Genuine,Standard Habitual Purchase,0
TXN-CUST_MOHANA_002-10642,2026-08-04 01:21:49,2026-08-04,01:21:49,1,1,0,1,CUST_MOHANA_002,180,Coimbatore,Tamil Nadu,Medium Risk / 12% Fraud Rate,M026,GreenLeaf Wellness,Health & Wellness,Organic Nutrition & Ayurveda,Trichy,Srirangam,Tamil Nadu,620006,10.8624,78.6947,6,2100.0,08:00-21:00,"POS,UPI,ONLINE,CARD",Subscription card stuffing,0.013,32,8009.65,INR,PURCHASE,CARD,MOBILE_APP,1,0,Coimbatore,15.0,0,0,1,DEV-MOHANA-SAMSUNG-S23,mobile_android,0,BEN-CUST_MOHANA_002-TRUSTED,Trusted Household Vendor,7,0,4,20,0,0,0,None,Resolved Genuine,Standard Habitual Purchase,0
TXN-CUST_MOHANA_002-10643,2026-08-04 02:49:48,2026-08-04,02:49:48,2,1,0,1,CUST_MOHANA_002,180,Coimbatore,Tamil Nadu,Medium Risk / 12% Fraud Rate,M020,GameGrid Arena,Gaming,"Esports, Consoles & Virtual Credits",Bengaluru,Koramangala,Karnataka,560095,12.9352,77.6245,4,3400.0,10:00-01:00,"ONLINE,UPI,CARD,WALLET",Virtual item laundering & bot-driven micro transactions,0.055,137,4086.79,INR,PURCHASE,ONLINE,MOBILE_APP,0,0,Coimbatore,1.0,0,0,1,DEV-MOHANA-SAMSUNG-S23,mobile_android,0,BEN-CUST_MOHANA_002-TRUSTED,Trusted Household Vendor,7,1,2,11,0,0,0,None,Resolved Genuine,Standard Habitual Purchase,0
TXN-CUST_MOHANA_002-10644,2026-08-04 04:15:27,2026-08-04,04:15:27,4,1,0,1,CUST_MOHANA_002,180,Coimbatore,Tamil Nadu,Medium Risk / 12% Fraud Rate,M028,CraftCove Home Decor,Home Decor,Handicrafts & Art Pieces,Thanjavur,Medical College Road,Tamil Nadu,613004,10.7684,79.1245,8,7400.0,09:30-20:30,"POS,UPI,CARD,ONLINE",Cross-border tourist chargebacks,0.023,57,18534.81,INR,PURCHASE,POS,MOBILE_APP,0,0,Hyderabad,829.0,1,0,1,DEV-MOHANA-SAMSUNG-S23,mobile_android,0,BEN-CUST_MOHANA_002-01,Self Family Transfer,3,4,7,38,1,0,0,Geographic Anomaly / High Ticket Spike,Review Required,Sudden location velocity jump with new merchant,1
TXN-CUST_MOHANA_002-10645,2026-08-04 05:38:56,2026-08-04,05:38:56,5,1,0,1,CUST_MOHANA_002,180,Coimbatore,Tamil Nadu,Medium Risk / 12% Fraud Rate,M016,MotoCare Garage,Auto Service,Car Service & Detailing Hub,Chennai,Pallikaranai,Tamil Nadu,600100,12.9372,80.2014,7,8900.0,08:30-20:30,"POS,UPI,CARD",Over-invoicing / synthetic card payments,0.021,52,9405.86,INR,PURCHASE,POS,MOBILE_APP,1,0,Coimbatore,7.0,0,0,1,DEV-MOHANA-SAMSUNG-S23,mobile_android,0,BEN-CUST_MOHANA_002-TRUSTED,Trusted Household Vendor,11,0,4,21,0,0,0,None,Resolved Genuine,Standard Habitual Purchase,0
TXN-CUST_MOHANA_002-10646,2026-08-04 07:07:35,2026-08-04,07:07:35,7,1,0,0,CUST_MOHANA_002,180,Coimbatore,Tamil Nadu,Medium Risk / 12% Fraud Rate,M006,MedicoCare Pharmacy,Pharmacy,Medicines & Surgical Supplies,Madurai,KK Nagar,Tamil Nadu,625020,9.9252,78.1498,10,1450.0,24_HOURS,"POS,UPI,CARD,ONLINE",Nighttime micro card testing,0.015,37,9293.96,INR,PURCHASE,POS,MOBILE_APP,1,0,Coimbatore,15.0,0,0,1,DEV-MOHANA-SAMSUNG-S23,mobile_android,0,BEN-CUST_MOHANA_002-TRUSTED,Trusted Household Vendor,15,0,4,22,0,0,0,None,Resolved Genuine,Standard Habitual Purchase,0
TXN-CUST_MOHANA_002-10647,2026-08-04 08:33:39,2026-08-04,08:33:39,8,1,0,0,CUST_MOHANA_002,180,Coimbatore,Tamil Nadu,Medium Risk / 12% Fraud Rate,M023,SwiftBox Logistics,Courier / Logistics,Express Parcel & Freight Delivery,Tiruppur,Avinashi Road,Tamil Nadu,641603,11.1085,77.3411,9,4200.0,08:00-21:00,"POS,UPI,CARD,ONLINE",Interception fraud / address redirection,0.02,50,7567.2,INR,PURCHASE,UPI,MOBILE_APP,1,0,Coimbatore,5.0,0,0,1,DEV-MOHANA-SAMSUNG-S23,mobile_android,0,BEN-CUST_MOHANA_002-TRUSTED,Trusted Household Vendor,4,0,4,19,0,0,0,None,Resolved Genuine,Standard Habitual Purchase,0
TXN-CUST_MOHANA_002-10648,2026-08-04 10:02:34,2026-08-04,10:02:34,10,1,0,0,CUST_MOHANA_002,180,Coimbatore,Tamil Nadu,Medium Risk / 12% Fraud Rate,M002,CircuitBay Electronics,Consumer Electronics,Laptops & Gadgets,Chennai,Velachery,Tamil Nadu,600042,12.9759,80.2212,6,32000.0,10:00-21:30,"POS,ONLINE,EMI,UPI",Stolen payment details / high-ticket electronics delivery,0.048,120,5479.69,INR,PURCHASE,ONLINE,MOBILE_APP,1,0,Coimbatore,5.0,0,0,1,DEV-MOHANA-SAMSUNG-S23,mobile_android,0,BEN-CUST_MOHANA_002-TRUSTED,Trusted Household Vendor,8,0,4,24,0,0,0,None,Resolved Genuine,Standard Habitual Purchase,0
TXN-CUST_MOHANA_002-10649,2026-08-04 11:28:03,2026-08-04,11:28:03,11,1,0,0,CUST_MOHANA_002,180,Coimbatore,Tamil Nadu,Medium Risk / 12% Fraud Rate,M019,ArenaSport World,Sports Retail,Fitness Equipment & Sports Wear,Chennai,Nungambakkam,Tamil Nadu,600034,13.0604,80.2405,6,5600.0,10:00-21:30,"POS,ONLINE,UPI,CARD",Stolen card chargeback on premium sports gear,0.026,65,10840.86,INR,PURCHASE,UPI,MOBILE_APP,1,0,Coimbatore,14.0,0,0,1,DEV-MOHANA-SAMSUNG-S23,mobile_android,0,BEN-CUST_MOHANA_002-TRUSTED,Trusted Household Vendor,10,0,1,8,0,0,0,None,Resolved Genuine,Standard Habitual Purchase,0
TXN-CUST_MOHANA_002-10650,2026-08-04 12:53:40,2026-08-04,12:53:40,12,1,0,0,CUST_MOHANA_002,180,Coimbatore,Tamil Nadu,Medium Risk / 12% Fraud Rate,M009,RapidFuel Station,Fuel Station,"Petrol, Diesel & EV Fast Charge",Salem,Fairlands,Tamil Nadu,636016,11.6643,78.146,9,3100.0,24_HOURS,"POS,FLEET_CARD,UPI",Automated fleet card skimming,0.024,60,13069.48,INR,PURCHASE,UPI,MOBILE_APP,1,0,Coimbatore,3.0,0,0,1,DEV-MOHANA-SAMSUNG-S23,mobile_android,0,BEN-CUST_MOHANA_002-TRUSTED,Trusted Household Vendor,13,0,1,9,0,0,0,None,Resolved Genuine,Standard Habitual Purchase,0
TXN-CUST_MOHANA_002-10651,2026-08-04 14:20:05,2026-08-04,14:20:05,14,1,0,0,CUST_MOHANA_002,180,Coimbatore,Tamil Nadu,Medium Risk / 12% Fraud Rate,M029,CloudDesk Digital,Software / Digital Services,Cloud Infrastructure & SaaS Tools,Bengaluru,Whitefield,Karnataka,560066,12.9698,77.7499,7,19800.0,24_HOURS,"ONLINE,CARD,TRANSFER",Cryptomining VM rental with stolen credit cards,0.058,145,5982.82,INR,PURCHASE,ONLINE,MOBILE_APP,0,0,Coimbatore,13.0,0,0,1,DEV-MOHANA-SAMSUNG-S23,mobile_android,0,BEN-CUST_MOHANA_002-TRUSTED,Trusted Household Vendor,3,0,3,20,0,0,0,None,Resolved Genuine,Standard Habitual Purchase,0
TXN-CUST_MOHANA_002-10652,2026-08-04 15:45:00,2026-08-04,15:45:00,15,1,0,0,CUST_MOHANA_002,180,Coimbatore,Tamil Nadu,Medium Risk / 12% Fraud Rate,M021,GlowCraft Salon,Salon / Beauty,Spa & Grooming Studio,Chennai,Porur,Tamil Nadu,600116,13.0382,80.1565,5,2800.0,09:00-21:00,"POS,UPI,CARD",Unusual late-night transaction spikes,0.011,27,7147.76,INR,PURCHASE,POS,MOBILE_APP,1,0,Coimbatore,11.0,0,0,1,DEV-MOHANA-SAMSUNG-S23,mobile_android,0,BEN-CUST_MOHANA_002-TRUSTED,Trusted Household Vendor,6,0,2,11,0,0,0,None,Resolved Genuine,Standard Habitual Purchase,0
TXN-CUST_MOHANA_002-10653,2026-08-04 17:09:15,2026-08-04,17:09:15,17,1,0,0,CUST_MOHANA_002,180,Coimbatore,Tamil Nadu,Medium Risk / 12% Fraud Rate,M007,SpiceRoute Kitchen,Restaurant,Fine Dining & Chettinad,Chennai,Adyar,Tamil Nadu,600020,13.0012,80.2565,7,2200.0,11:30-23:30,"POS,UPI,CARD",Cloned card POS terminal replay,0.018,45,4972.47,INR,PURCHASE,CARD,MOBILE_APP,1,0,Coimbatore,12.0,0,0,1,DEV-MOHANA-SAMSUNG-S23,mobile_android,0,BEN-CUST_MOHANA_002-TRUSTED,Trusted Household Vendor,15,0,3,21,0,0,0,None,Resolved Genuine,Standard Habitual Purchase,0
TXN-CUST_MOHANA_002-10654,2026-08-04 18:36:44,2026-08-04,18:36:44,18,1,0,0,CUST_MOHANA_002,180,Coimbatore,Tamil Nadu,Medium Risk / 12% Fraud Rate,M020,GameGrid Arena,Gaming,"Esports, Consoles & Virtual Credits",Bengaluru,Koramangala,Karnataka,560095,12.9352,77.6245,4,3400.0,10:00-01:00,"ONLINE,UPI,CARD,WALLET",Virtual item laundering & bot-driven micro transactions,0.055,137,9611.17,INR,P2P_TRANSFER,CARD,MOBILE_APP,0,0,Delhi,748.0,1,0,1,DEV-MOHANA-SAMSUNG-S23,mobile_android,1,BEN-NEW-780,Global Flight Booking,0,3,10,44,1,0,0,Geographic Anomaly / High Ticket Spike,Review Required,Sudden location velocity jump with new merchant,1
TXN-CUST_MOHANA_002-10655,2026-08-04 20:03:05,2026-08-04,20:03:05,20,1,0,0,CUST_MOHANA_002,180,Coimbatore,Tamil Nadu,Medium Risk / 12% Fraud Rate,M001,NovaMart Fresh,Grocery & Supermarket,Supermarket / Hypermarket,Chennai,T Nagar,Tamil Nadu,600017,13.0418,80.2341,8,1250.0,07:00-22:30,"POS,UPI,CARD,ONLINE",Card testing / micro-burst velocity,0.012,30,5354.61,INR,PURCHASE,UPI,MOBILE_APP,1,0,Coimbatore,14.0,0,0,1,DEV-MOHANA-SAMSUNG-S23,mobile_android,0,BEN-CUST_MOHANA_002-TRUSTED,Trusted Household Vendor,13,0,4,19,0,0,0,None,Resolved Genuine,Standard Habitual Purchase,0
TXN-CUST_MOHANA_002-10656,2026-08-04 21:31:52,2026-08-04,21:31:52,21,1,0,0,CUST_MOHANA_002,180,Coimbatore,Tamil Nadu,Medium Risk / 12% Fraud Rate,M012,DashDine Delivery,Food Delivery,Quick Commerce & Meal Delivery,Chennai,Sholinganallur,Tamil Nadu,600119,12.901,80.2279,4,520.0,06:00-02:00,"UPI,CARD,ONLINE,WALLET",Promo code abuse / stolen wallet balances,0.014,35,10685.01,INR,PURCHASE,WALLET,MOBILE_APP,0,0,Coimbatore,11.0,0,0,1,DEV-MOHANA-SAMSUNG-S23,mobile_android,0,BEN-CUST_MOHANA_002-TRUSTED,Trusted Household Vendor,12,0,1,9,0,0,0,None,Resolved Genuine,Standard Habitual Purchase,0
TXN-CUST_MOHANA_002-10657,2026-08-04 23:00:13,2026-08-04,23:00:13,23,1,0,1,CUST_MOHANA_002,180,Coimbatore,Tamil Nadu,Medium Risk / 12% Fraud Rate,M009,RapidFuel Station,Fuel Station,"Petrol, Diesel & EV Fast Charge",Salem,Fairlands,Tamil Nadu,636016,11.6643,78.146,9,3100.0,24_HOURS,"POS,FLEET_CARD,UPI",Automated fleet card skimming,0.024,60,6755.3,INR,PURCHASE,POS,MOBILE_APP,1,0,Coimbatore,11.0,0,0,1,DEV-MOHANA-SAMSUNG-S23,mobile_android,0,BEN-CUST_MOHANA_002-TRUSTED,Trusted Household Vendor,12,1,4,23,0,0,0,None,Resolved Genuine,Standard Habitual Purchase,0
TXN-CUST_MOHANA_002-10658,2026-08-05 00:27:56,2026-08-05,00:27:56,0,2,0,1,CUST_MOHANA_002,180,Coimbatore,Tamil Nadu,Medium Risk / 12% Fraud Rate,M017,AutoForge Parts,Spare Parts,OEM Industrial & Auto Components,Hosur,Mookandapalli,Tamil Nadu,635126,12.7409,77.8253,15,16500.0,09:00-19:30,"TRANSFER,POS,CARD",Business email compromise / fake beneficiary update,0.033,82,11863.38,INR,PURCHASE,TRANSFER,MOBILE_APP,1,0,Coimbatore,5.0,0,0,1,DEV-MOHANA-SAMSUNG-S23,mobile_android,0,BEN-CUST_MOHANA_002-TRUSTED,Trusted Household Vendor,8,0,2,14,0,0,0,None,Resolved Genuine,Standard Habitual Purchase,0
TXN-CUST_MOHANA_002-10659,2026-08-05 01:51:24,2026-08-05,01:51:24,1,2,0,1,CUST_MOHANA_002,180,Coimbatore,Tamil Nadu,Medium Risk / 12% Fraud Rate,M028,CraftCove Home Decor,Home Decor,Handicrafts & Art Pieces,Thanjavur,Medical College Road,Tamil Nadu,613004,10.7684,79.1245,8,7400.0,09:30-20:30,"POS,UPI,CARD,ONLINE",Cross-border tourist chargebacks,0.023,57,12792.49,INR,PURCHASE,POS,MOBILE_APP,1,0,Coimbatore,12.0,0,0,1,DEV-MOHANA-SAMSUNG-S23,mobile_android,0,BEN-CUST_MOHANA_002-TRUSTED,Trusted Household Vendor,11,0,1,12,0,0,0,None,Resolved Genuine,Standard Habitual Purchase,0
TXN-CUST_MOHANA_002-10660,2026-08-05 03:17:27,2026-08-05,03:17:27,3,2,0,1,CUST_MOHANA_002,180,Coimbatore,Tamil Nadu,Medium Risk / 12% Fraud Rate,M017,AutoForge Parts,Spare Parts,OEM Industrial & Auto Components,Hosur,Mookandapalli,Tamil Nadu,635126,12.7409,77.8253,15,16500.0,09:00-19:30,"TRANSFER,POS,CARD",Business email compromise / fake beneficiary update,0.033,82,6323.38,INR,PURCHASE,TRANSFER,MOBILE_APP,1,0,Coimbatore,15.0,0,0,1,DEV-MOHANA-SAMSUNG-S23,mobile_android,0,BEN-CUST_MOHANA_002-TRUSTED,Trusted Household Vendor,8,1,4,22,0,0,0,None,Resolved Genuine,Standard Habitual Purchase,0
TXN-CUST_MOHANA_002-10661,2026-08-05 04:42:23,2026-08-05,04:42:23,4,2,0,1,CUST_MOHANA_002,180,Coimbatore,Tamil Nadu,Medium Risk / 12% Fraud Rate,M022,SkillSpring Academy,Education / Training,Professional Certifications & Tech Bootcamps,Chennai,Mylapore,Tamil Nadu,600004,13.0368,80.2676,8,22000.0,08:30-19:30,"ONLINE,NETBANKING,CARD,UPI",Stolen corporate card enrollments,0.028,70,13146.22,INR,PURCHASE,NETBANKING,MOBILE_APP,0,0,Coimbatore,5.0,0,0,1,DEV-MOHANA-SAMSUNG-S23,mobile_android,0,BEN-CUST_MOHANA_002-TRUSTED,Trusted Household Vendor,11,0,1,14,0,0,0,None,Resolved Genuine,Standard Habitual Purchase,0
TXN-CUST_MOHANA_002-10662,2026-08-05 06:11:03,2026-08-05,06:11:03,6,2,0,0,CUST_MOHANA_002,180,Coimbatore,Tamil Nadu,Medium Risk / 12% Fraud Rate,M023,SwiftBox Logistics,Courier / Logistics,Express Parcel & Freight Delivery,Tiruppur,Avinashi Road,Tamil Nadu,641603,11.1085,77.3411,9,4200.0,08:00-21:00,"POS,UPI,CARD,ONLINE",Interception fraud / address redirection,0.02,50,4072.77,INR,PURCHASE,POS,MOBILE_APP,1,0,Coimbatore,10.0,0,0,1,DEV-MOHANA-SAMSUNG-S23,mobile_android,0,BEN-CUST_MOHANA_002-TRUSTED,Trusted Household Vendor,14,0,4,18,0,0,0,None,Resolved Genuine,Standard Habitual Purchase,0
TXN-CUST_MOHANA_002-10663,2026-08-05 07:38:18,2026-08-05,07:38:18,7,2,0,0,CUST_MOHANA_002,180,Coimbatore,Tamil Nadu,Medium Risk / 12% Fraud Rate,M021,GlowCraft Salon,Salon / Beauty,Spa & Grooming Studio,Chennai,Porur,Tamil Nadu,600116,13.0382,80.1565,5,2800.0,09:00-21:00,"POS,UPI,CARD",Unusual late-night transaction spikes,0.011,27,11107.65,INR,PURCHASE,CARD,MOBILE_APP,1,0,Coimbatore,13.0,0,0,1,DEV-MOHANA-SAMSUNG-S23,mobile_android,0,BEN-CUST_MOHANA_002-TRUSTED,Trusted Household Vendor,6,0,3,15,0,0,0,None,Resolved Genuine,Standard Habitual Purchase,0
TXN-CUST_MOHANA_002-10664,2026-08-05 09:02:35,2026-08-05,09:02:35,9,2,0,0,CUST_MOHANA_002,180,Coimbatore,Tamil Nadu,Medium Risk / 12% Fraud Rate,M015,HomeSphere Appliances,Home Appliances,"Refrigerators, ACs & Kitchen Tech",Coimbatore,Saibaba Colony,Tamil Nadu,641011,11.0315,76.945,9,27500.0,09:30-21:00,"POS,EMI,CARD,UPI",Carding attacks with immediate in-store pickup,0.038,95,13195.52,INR,PURCHASE,UPI,MOBILE_APP,1,0,Coimbatore,9.0,0,0,1,DEV-MOHANA-SAMSUNG-S23,mobile_android,0,BEN-CUST_MOHANA_002-TRUSTED,Trusted Household Vendor,15,0,4,26,0,0,0,None,Resolved Genuine,Standard Habitual Purchase,0
TXN-CUST_MOHANA_002-10665,2026-08-05 10:29:04,2026-08-05,10:29:04,10,2,0,0,CUST_MOHANA_002,180,Coimbatore,Tamil Nadu,Medium Risk / 12% Fraud Rate,M005,UrbanThread Studio,Fashion / Apparel,Designer & Ready-to-wear,Chennai,Anna Nagar,Tamil Nadu,600040,13.085,80.2101,5,4800.0,10:30-22:00,"POS,ONLINE,UPI,CARD",Refund abuse / credential stuffing,0.022,55,12424.95,INR,PURCHASE,UPI,MOBILE_APP,1,0,Coimbatore,13.0,0,0,1,DEV-MOHANA-SAMSUNG-S23,mobile_android,0,BEN-CUST_MOHANA_002-TRUSTED,Trusted Household Vendor,7,0,1,13,0,0,0,None,Resolved Genuine,Standard Habitual Purchase,0
TXN-CUST_MOHANA_002-10666,2026-08-05 11:55:57,2026-08-05,11:55:57,11,2,0,0,CUST_MOHANA_002,180,Coimbatore,Tamil Nadu,Medium Risk / 12% Fraud Rate,M005,UrbanThread Studio,Fashion / Apparel,Designer & Ready-to-wear,Chennai,Anna Nagar,Tamil Nadu,600040,13.085,80.2101,5,4800.0,10:30-22:00,"POS,ONLINE,UPI,CARD",Refund abuse / credential stuffing,0.022,55,11942.61,INR,PURCHASE,ONLINE,MOBILE_APP,1,0,Coimbatore,2.0,0,0,1,DEV-MOHANA-SAMSUNG-S23,mobile_android,0,BEN-CUST_MOHANA_002-TRUSTED,Trusted Household Vendor,13,0,4,22,0,0,0,None,Resolved Genuine,Standard Habitual Purchase,0
TXN-CUST_MOHANA_002-10667,2026-08-05 13:21:36,2026-08-05,13:21:36,13,2,0,0,CUST_MOHANA_002,180,Coimbatore,Tamil Nadu,Medium Risk / 12% Fraud Rate,M002,CircuitBay Electronics,Consumer Electronics,Laptops & Gadgets,Chennai,Velachery,Tamil Nadu,600042,12.9759,80.2212,6,32000.0,10:00-21:30,"POS,ONLINE,EMI,UPI",Stolen payment details / high-ticket electronics delivery,0.048,120,11664.28,INR,PURCHASE,EMI,MOBILE_APP,1,0,Coimbatore,14.0,0,0,1,DEV-MOHANA-SAMSUNG-S23,mobile_android,0,BEN-CUST_MOHANA_002-TRUSTED,Trusted Household Vendor,14,0,4,20,0,0,0,None,Resolved Genuine,Standard Habitual Purchase,0
TXN-CUST_MOHANA_002-10668,2026-08-05 14:46:37,2026-08-05,14:46:37,14,2,0,0,CUST_MOHANA_002,180,Coimbatore,Tamil Nadu,Medium Risk / 12% Fraud Rate,M029,CloudDesk Digital,Software / Digital Services,Cloud Infrastructure & SaaS Tools,Bengaluru,Whitefield,Karnataka,560066,12.9698,77.7499,7,19800.0,24_HOURS,"ONLINE,CARD,TRANSFER",Cryptomining VM rental with stolen credit cards,0.058,145,5478.1,INR,PURCHASE,TRANSFER,MOBILE_APP,0,0,Coimbatore,9.0,0,0,1,DEV-MOHANA-SAMSUNG-S23,mobile_android,0,BEN-CUST_MOHANA_002-TRUSTED,Trusted Household Vendor,5,0,4,21,0,0,0,None,Resolved Genuine,Standard Habitual Purchase,0
TXN-CUST_MOHANA_002-10669,2026-08-05 16:11:26,2026-08-05,16:11:26,16,2,0,0,CUST_MOHANA_002,180,Coimbatore,Tamil Nadu,Medium Risk / 12% Fraud Rate,M026,GreenLeaf Wellness,Health & Wellness,Organic Nutrition & Ayurveda,Trichy,Srirangam,Tamil Nadu,620006,10.8624,78.6947,6,2100.0,08:00-21:00,"POS,UPI,ONLINE,CARD",Subscription card stuffing,0.013,32,4452.67,INR,PURCHASE,CARD,MOBILE_APP,1,0,Coimbatore,2.0,0,0,1,DEV-MOHANA-SAMSUNG-S23,mobile_android,0,BEN-CUST_MOHANA_002-TRUSTED,Trusted Household Vendor,3,0,4,20,0,0,0,None,Resolved Genuine,Standard Habitual Purchase,0
TXN-CUST_MOHANA_002-10670,2026-08-05 17:40:30,2026-08-05,17:40:30,17,2,0,0,CUST_MOHANA_002,180,Coimbatore,Tamil Nadu,Medium Risk / 12% Fraud Rate,M019,ArenaSport World,Sports Retail,Fitness Equipment & Sports Wear,Chennai,Nungambakkam,Tamil Nadu,600034,13.0604,80.2405,6,5600.0,10:00-21:30,"POS,ONLINE,UPI,CARD",Stolen card chargeback on premium sports gear,0.026,65,5542.92,INR,PURCHASE,ONLINE,MOBILE_APP,1,0,Coimbatore,3.0,0,0,1,DEV-MOHANA-SAMSUNG-S23,mobile_android,0,BEN-CUST_MOHANA_002-TRUSTED,Trusted Household Vendor,14,0,1,8,0,0,0,None,Resolved Genuine,Standard Habitual Purchase,0
TXN-CUST_MOHANA_002-10671,2026-08-05 19:04:47,2026-08-05,19:04:47,19,2,0,0,CUST_MOHANA_002,180,Coimbatore,Tamil Nadu,Medium Risk / 12% Fraud Rate,M002,CircuitBay Electronics,Consumer Electronics,Laptops & Gadgets,Chennai,Velachery,Tamil Nadu,600042,12.9759,80.2212,6,32000.0,10:00-21:30,"POS,ONLINE,EMI,UPI",Stolen payment details / high-ticket electronics delivery,0.048,120,11725.39,INR,PURCHASE,POS,MOBILE_APP,1,0,Coimbatore,1.0,0,0,1,DEV-MOHANA-SAMSUNG-S23,mobile_android,0,BEN-CUST_MOHANA_002-TRUSTED,Trusted Household Vendor,3,1,2,11,0,0,0,None,Resolved Genuine,Standard Habitual Purchase,0
TXN-CUST_MOHANA_002-10672,2026-08-05 20:32:20,2026-08-05,20:32:20,20,2,0,0,CUST_MOHANA_002,180,Coimbatore,Tamil Nadu,Medium Risk / 12% Fraud Rate,M013,CartNest Online,E-commerce,Multi-category Marketplace,Chennai,Guindy,Tamil Nadu,600032,13.0067,80.2026,5,6200.0,24_HOURS,"ONLINE,UPI,CARD,NETBANKING",Account takeover + triangulation shipping fraud,0.045,112,8105.35,INR,PURCHASE,NETBANKING,MOBILE_APP,0,0,Coimbatore,7.0,0,0,1,DEV-MOHANA-SAMSUNG-S23,mobile_android,0,BEN-CUST_MOHANA_002-TRUSTED,Trusted Household Vendor,11,1,1,12,0,0,0,None,Resolved Genuine,Standard Habitual Purchase,0
TXN-CUST_MOHANA_002-10673,2026-08-05 21:56:27,2026-08-05,21:56:27,21,2,0,0,CUST_MOHANA_002,180,Coimbatore,Tamil Nadu,Medium Risk / 12% Fraud Rate,M018,PageTurn Book House,Bookstore,"Academic, Fiction & Stationery",Trichy,Thillai Nagar,Tamil Nadu,620018,10.8282,78.6854,16,850.0,09:00-21:30,"POS,UPI,CARD,ONLINE",Low-value card testing bots,0.008,20,4252.84,INR,PURCHASE,POS,MOBILE_APP,1,0,Coimbatore,5.0,0,0,1,DEV-MOHANA-SAMSUNG-S23,mobile_android,0,BEN-CUST_MOHANA_002-TRUSTED,Trusted Household Vendor,15,1,4,22,0,0,0,None,Resolved Genuine,Standard Habitual Purchase,0
TXN-CUST_MOHANA_002-10674,2026-08-05 23:20:14,2026-08-05,23:20:14,23,2,0,1,CUST_MOHANA_002,180,Coimbatore,Tamil Nadu,Medium Risk / 12% Fraud Rate,M024,LinkWave Telecom,Telecom Retail,Fiber Broadband & Postpaid Plans,Erode,Perundurai Road,Tamil Nadu,638011,11.341,77.7172,10,1950.0,09:30-20:30,"UPI,CARD,ONLINE,POS",SIM swap bill recharge surges,0.017,42,4152.18,INR,PURCHASE,UPI,MOBILE_APP,0,0,Delhi,965.0,1,0,1,DEV-MOHANA-SAMSUNG-S23,mobile_android,0,BEN-CUST_MOHANA_002-01,Self Family Transfer,3,2,9,45,1,0,0,Geographic Anomaly / High Ticket Spike,Review Required,Sudden location velocity jump with new merchant,1
TXN-CUST_MOHANA_002-10675,2026-08-06 00:45:17,2026-08-06,00:45:17,0,3,0,1,CUST_MOHANA_002,180,Coimbatore,Tamil Nadu,Medium Risk / 12% Fraud Rate,M026,GreenLeaf Wellness,Health & Wellness,Organic Nutrition & Ayurveda,Trichy,Srirangam,Tamil Nadu,620006,10.8624,78.6947,6,2100.0,08:00-21:00,"POS,UPI,ONLINE,CARD",Subscription card stuffing,0.013,32,5988.16,INR,P2P_TRANSFER,ONLINE,MOBILE_APP,0,0,Hyderabad,441.0,1,0,1,DEV-MOHANA-SAMSUNG-S23,mobile_android,1,BEN-NEW-987,Global Flight Booking,0,2,6,27,1,0,0,Geographic Anomaly / High Ticket Spike,Review Required,Sudden location velocity jump with new merchant,1
TXN-CUST_MOHANA_002-10676,2026-08-06 02:08:54,2026-08-06,02:08:54,2,3,0,1,CUST_MOHANA_002,180,Coimbatore,Tamil Nadu,Medium Risk / 12% Fraud Rate,M007,SpiceRoute Kitchen,Restaurant,Fine Dining & Chettinad,Chennai,Adyar,Tamil Nadu,600020,13.0012,80.2565,7,2200.0,11:30-23:30,"POS,UPI,CARD",Cloned card POS terminal replay,0.018,45,10880.02,INR,PURCHASE,POS,MOBILE_APP,1,0,Coimbatore,1.0,0,0,1,DEV-MOHANA-SAMSUNG-S23,mobile_android,0,BEN-CUST_MOHANA_002-TRUSTED,Trusted Household Vendor,5,0,4,23,0,0,0,None,Resolved Genuine,Standard Habitual Purchase,0
TXN-CUST_MOHANA_002-10677,2026-08-06 03:37:12,2026-08-06,03:37:12,3,3,0,1,CUST_MOHANA_002,180,Coimbatore,Tamil Nadu,Medium Risk / 12% Fraud Rate,M009,RapidFuel Station,Fuel Station,"Petrol, Diesel & EV Fast Charge",Salem,Fairlands,Tamil Nadu,636016,11.6643,78.146,9,3100.0,24_HOURS,"POS,FLEET_CARD,UPI",Automated fleet card skimming,0.024,60,13023.28,INR,PURCHASE,FLEET_CARD,MOBILE_APP,1,0,Coimbatore,12.0,0,0,1,DEV-MOHANA-SAMSUNG-S23,mobile_android,0,BEN-CUST_MOHANA_002-TRUSTED,Trusted Household Vendor,4,0,4,18,0,0,0,None,Resolved Genuine,Standard Habitual Purchase,0
TXN-CUST_MOHANA_002-10678,2026-08-06 05:06:01,2026-08-06,05:06:01,5,3,0,1,CUST_MOHANA_002,180,Coimbatore,Tamil Nadu,Medium Risk / 12% Fraud Rate,M002,CircuitBay Electronics,Consumer Electronics,Laptops & Gadgets,Chennai,Velachery,Tamil Nadu,600042,12.9759,80.2212,6,32000.0,10:00-21:30,"POS,ONLINE,EMI,UPI",Stolen payment details / high-ticket electronics delivery,0.048,120,7846.3,INR,PURCHASE,POS,MOBILE_APP,1,0,Coimbatore,15.0,0,0,1,DEV-MOHANA-SAMSUNG-S23,mobile_android,0,BEN-CUST_MOHANA_002-TRUSTED,Trusted Household Vendor,7,0,4,19,0,0,0,None,Resolved Genuine,Standard Habitual Purchase,0
TXN-CUST_MOHANA_002-10679,2026-08-06 06:29:30,2026-08-06,06:29:30,6,3,0,0,CUST_MOHANA_002,180,Coimbatore,Tamil Nadu,Medium Risk / 12% Fraud Rate,M021,GlowCraft Salon,Salon / Beauty,Spa & Grooming Studio,Chennai,Porur,Tamil Nadu,600116,13.0382,80.1565,5,2800.0,09:00-21:00,"POS,UPI,CARD",Unusual late-night transaction spikes,0.011,27,7408.47,INR,PURCHASE,POS,MOBILE_APP,1,0,Coimbatore,6.0,0,0,1,DEV-MOHANA-SAMSUNG-S23,mobile_android,0,BEN-CUST_MOHANA_002-TRUSTED,Trusted Household Vendor,14,0,1,9,0,0,0,None,Resolved Genuine,Standard Habitual Purchase,0
TXN-CUST_MOHANA_002-10680,2026-08-06 07:58:49,2026-08-06,07:58:49,7,3,0,0,CUST_MOHANA_002,180,Coimbatore,Tamil Nadu,Medium Risk / 12% Fraud Rate,M001,NovaMart Fresh,Grocery & Supermarket,Supermarket / Hypermarket,Chennai,T Nagar,Tamil Nadu,600017,13.0418,80.2341,8,1250.0,07:00-22:30,"POS,UPI,CARD,ONLINE",Card testing / micro-burst velocity,0.012,30,11639.18,INR,PURCHASE,CARD,MOBILE_APP,1,0,Coimbatore,9.0,0,0,1,DEV-MOHANA-SAMSUNG-S23,mobile_android,0,BEN-CUST_MOHANA_002-TRUSTED,Trusted Household Vendor,12,0,4,25,0,0,0,None,Resolved Genuine,Standard Habitual Purchase,0
TXN-CUST_MOHANA_002-10681,2026-08-06 09:22:28,2026-08-06,09:22:28,9,3,0,0,CUST_MOHANA_002,180,Coimbatore,Tamil Nadu,Medium Risk / 12% Fraud Rate,M020,GameGrid Arena,Gaming,"Esports, Consoles & Virtual Credits",Bengaluru,Koramangala,Karnataka,560095,12.9352,77.6245,4,3400.0,10:00-01:00,"ONLINE,UPI,CARD,WALLET",Virtual item laundering & bot-driven micro transactions,0.055,137,3553.45,INR,PURCHASE,WALLET,MOBILE_APP,0,0,Coimbatore,13.0,0,0,1,DEV-MOHANA-SAMSUNG-S23,mobile_android,0,BEN-CUST_MOHANA_002-TRUSTED,Trusted Household Vendor,9,0,2,18,0,0,0,None,Resolved Genuine,Standard Habitual Purchase,0
TXN-CUST_MOHANA_002-10682,2026-08-06 10:47:05,2026-08-06,10:47:05,10,3,0,0,CUST_MOHANA_002,180,Coimbatore,Tamil Nadu,Medium Risk / 12% Fraud Rate,M018,PageTurn Book House,Bookstore,"Academic, Fiction & Stationery",Trichy,Thillai Nagar,Tamil Nadu,620018,10.8282,78.6854,16,850.0,09:00-21:30,"POS,UPI,CARD,ONLINE",Low-value card testing bots,0.008,20,4836.43,INR,PURCHASE,ONLINE,MOBILE_APP,1,0,Coimbatore,9.0,0,0,1,DEV-MOHANA-SAMSUNG-S23,mobile_android,0,BEN-CUST_MOHANA_002-TRUSTED,Trusted Household Vendor,5,0,4,25,0,0,0,None,Resolved Genuine,Standard Habitual Purchase,0
TXN-CUST_MOHANA_002-10683,2026-08-06 12:15:11,2026-08-06,12:15:11,12,3,0,0,CUST_MOHANA_002,180,Coimbatore,Tamil Nadu,Medium Risk / 12% Fraud Rate,M017,AutoForge Parts,Spare Parts,OEM Industrial & Auto Components,Hosur,Mookandapalli,Tamil Nadu,635126,12.7409,77.8253,15,16500.0,09:00-19:30,"TRANSFER,POS,CARD",Business email compromise / fake beneficiary update,0.033,82,5787.61,INR,PURCHASE,CARD,MOBILE_APP,1,0,Coimbatore,7.0,0,0,1,DEV-MOHANA-SAMSUNG-S23,mobile_android,0,BEN-CUST_MOHANA_002-TRUSTED,Trusted Household Vendor,10,0,1,13,0,0,0,None,Resolved Genuine,Standard Habitual Purchase,0
TXN-CUST_MOHANA_002-10684,2026-08-06 13:43:17,2026-08-06,13:43:17,13,3,0,0,CUST_MOHANA_002,180,Coimbatore,Tamil Nadu,Medium Risk / 12% Fraud Rate,M003,Pulse Mobile Hub,Mobile Store,Smartphones & Accessories,Chennai,Tambaram,Tamil Nadu,600045,12.9249,80.1278,4,18500.0,09:30-21:30,"POS,UPI,CARD",New device abuse / rapid checkout surge,0.035,87,7113.66,INR,PURCHASE,UPI,MOBILE_APP,1,0,Coimbatore,6.0,0,0,1,DEV-MOHANA-SAMSUNG-S23,mobile_android,0,BEN-CUST_MOHANA_002-TRUSTED,Trusted Household Vendor,5,0,4,25,0,0,0,None,Resolved Genuine,Standard Habitual Purchase,0
TXN-CUST_MOHANA_002-10685,2026-08-06 15:11:45,2026-08-06,15:11:45,15,3,0,0,CUST_MOHANA_002,180,Coimbatore,Tamil Nadu,Medium Risk / 12% Fraud Rate,M019,ArenaSport World,Sports Retail,Fitness Equipment & Sports Wear,Chennai,Nungambakkam,Tamil Nadu,600034,13.0604,80.2405,6,5600.0,10:00-21:30,"POS,ONLINE,UPI,CARD",Stolen card chargeback on premium sports gear,0.026,65,8035.6,INR,PURCHASE,POS,MOBILE_APP,1,0,Coimbatore,7.0,0,0,1,DEV-MOHANA-SAMSUNG-S23,mobile_android,0,BEN-CUST_MOHANA_002-TRUSTED,Trusted Household Vendor,5,1,2,11,0,0,0,None,Resolved Genuine,Standard Habitual Purchase,0
TXN-CUST_MOHANA_002-10686,2026-08-06 16:35:56,2026-08-06,16:35:56,16,3,0,0,CUST_MOHANA_002,180,Coimbatore,Tamil Nadu,Medium Risk / 12% Fraud Rate,M029,CloudDesk Digital,Software / Digital Services,Cloud Infrastructure & SaaS Tools,Bengaluru,Whitefield,Karnataka,560066,12.9698,77.7499,7,19800.0,24_HOURS,"ONLINE,CARD,TRANSFER",Cryptomining VM rental with stolen credit cards,0.058,145,10555.73,INR,PURCHASE,ONLINE,MOBILE_APP,0,0,Coimbatore,6.0,0,0,1,DEV-MOHANA-SAMSUNG-S23,mobile_android,0,BEN-CUST_MOHANA_002-TRUSTED,Trusted Household Vendor,9,0,2,14,0,0,0,None,Resolved Genuine,Standard Habitual Purchase,0
TXN-CUST_MOHANA_002-10687,2026-08-06 18:05:12,2026-08-06,18:05:12,18,3,0,0,CUST_MOHANA_002,180,Coimbatore,Tamil Nadu,Medium Risk / 12% Fraud Rate,M018,PageTurn Book House,Bookstore,"Academic, Fiction & Stationery",Trichy,Thillai Nagar,Tamil Nadu,620018,10.8282,78.6854,16,850.0,09:00-21:30,"POS,UPI,CARD,ONLINE",Low-value card testing bots,0.008,20,12118.76,INR,PURCHASE,POS,MOBILE_APP,1,0,Coimbatore,13.0,0,0,1,DEV-MOHANA-SAMSUNG-S23,mobile_android,0,BEN-CUST_MOHANA_002-TRUSTED,Trusted Household Vendor,5,0,3,21,0,0,0,None,Resolved Genuine,Standard Habitual Purchase,0
TXN-CUST_MOHANA_002-10688,2026-08-06 19:30:46,2026-08-06,19:30:46,19,3,0,0,CUST_MOHANA_002,180,Coimbatore,Tamil Nadu,Medium Risk / 12% Fraud Rate,M017,AutoForge Parts,Spare Parts,OEM Industrial & Auto Components,Hosur,Mookandapalli,Tamil Nadu,635126,12.7409,77.8253,15,16500.0,09:00-19:30,"TRANSFER,POS,CARD",Business email compromise / fake beneficiary update,0.033,82,6606.42,INR,PURCHASE,CARD,MOBILE_APP,1,0,Coimbatore,2.0,0,0,1,DEV-MOHANA-SAMSUNG-S23,mobile_android,0,BEN-CUST_MOHANA_002-TRUSTED,Trusted Household Vendor,7,0,4,19,0,0,0,None,Resolved Genuine,Standard Habitual Purchase,0
TXN-CUST_MOHANA_002-10689,2026-08-06 20:58:12,2026-08-06,20:58:12,20,3,0,0,CUST_MOHANA_002,180,Coimbatore,Tamil Nadu,Medium Risk / 12% Fraud Rate,M005,UrbanThread Studio,Fashion / Apparel,Designer & Ready-to-wear,Chennai,Anna Nagar,Tamil Nadu,600040,13.085,80.2101,5,4800.0,10:30-22:00,"POS,ONLINE,UPI,CARD",Refund abuse / credential stuffing,0.022,55,8380.43,INR,PURCHASE,ONLINE,MOBILE_APP,1,0,Coimbatore,7.0,0,0,1,DEV-MOHANA-SAMSUNG-S23,mobile_android,0,BEN-CUST_MOHANA_002-TRUSTED,Trusted Household Vendor,4,0,1,10,0,0,0,None,Resolved Genuine,Standard Habitual Purchase,0
TXN-CUST_MOHANA_002-10690,2026-08-06 22:22:09,2026-08-06,22:22:09,22,3,0,0,CUST_MOHANA_002,180,Coimbatore,Tamil Nadu,Medium Risk / 12% Fraud Rate,M023,SwiftBox Logistics,Courier / Logistics,Express Parcel & Freight Delivery,Tiruppur,Avinashi Road,Tamil Nadu,641603,11.1085,77.3411,9,4200.0,08:00-21:00,"POS,UPI,CARD,ONLINE",Interception fraud / address redirection,0.02,50,9440.65,INR,PURCHASE,UPI,MOBILE_APP,1,0,Coimbatore,3.0,0,0,1,DEV-MOHANA-SAMSUNG-S23,mobile_android,0,BEN-CUST_MOHANA_002-TRUSTED,Trusted Household Vendor,5,0,2,17,0,0,0,None,Resolved Genuine,Standard Habitual Purchase,0
TXN-CUST_MOHANA_002-10691,2026-08-06 23:47:33,2026-08-06,23:47:33,23,3,0,1,CUST_MOHANA_002,180,Coimbatore,Tamil Nadu,Medium Risk / 12% Fraud Rate,M019,ArenaSport World,Sports Retail,Fitness Equipment & Sports Wear,Chennai,Nungambakkam,Tamil Nadu,600034,13.0604,80.2405,6,5600.0,10:00-21:30,"POS,ONLINE,UPI,CARD",Stolen card chargeback on premium sports gear,0.026,65,4159.37,INR,PURCHASE,UPI,MOBILE_APP,1,0,Coimbatore,1.0,0,0,1,DEV-MOHANA-SAMSUNG-S23,mobile_android,0,BEN-CUST_MOHANA_002-TRUSTED,Trusted Household Vendor,14,0,3,18,0,0,0,None,Resolved Genuine,Standard Habitual Purchase,0
TXN-CUST_MOHANA_002-10692,2026-08-07 01:16:27,2026-08-07,01:16:27,1,4,0,1,CUST_MOHANA_002,180,Coimbatore,Tamil Nadu,Medium Risk / 12% Fraud Rate,M004,Aurelia Gold House,Jewellery,Gold & Diamond Jewellery,Coimbatore,RS Puram,Tamil Nadu,641002,11.0089,76.9514,14,78000.0,10:00-20:30,"POS,CARD,TRANSFER",Account takeover / card-not-present luxury surge,0.065,162,11797.74,INR,PURCHASE,POS,MOBILE_APP,1,0,Coimbatore,6.0,0,0,1,DEV-MOHANA-SAMSUNG-S23,mobile_android,0,BEN-CUST_MOHANA_002-TRUSTED,Trusted Household Vendor,10,0,3,19,0,0,0,None,Resolved Genuine,Standard Habitual Purchase,0
TXN-CUST_MOHANA_002-10693,2026-08-07 02:42:28,2026-08-07,02:42:28,2,4,0,1,CUST_MOHANA_002,180,Coimbatore,Tamil Nadu,Medium Risk / 12% Fraud Rate,M017,AutoForge Parts,Spare Parts,OEM Industrial & Auto Components,Hosur,Mookandapalli,Tamil Nadu,635126,12.7409,77.8253,15,16500.0,09:00-19:30,"TRANSFER,POS,CARD",Business email compromise / fake beneficiary update,0.033,82,4689.47,INR,PURCHASE,POS,MOBILE_APP,1,0,Coimbatore,14.0,0,0,1,DEV-MOHANA-SAMSUNG-S23,mobile_android,0,BEN-CUST_MOHANA_002-TRUSTED,Trusted Household Vendor,8,0,2,10,0,0,0,None,Resolved Genuine,Standard Habitual Purchase,0
TXN-CUST_MOHANA_002-10694,2026-08-07 04:10:08,2026-08-07,04:10:08,4,4,0,1,CUST_MOHANA_002,180,Coimbatore,Tamil Nadu,Medium Risk / 12% Fraud Rate,M001,NovaMart Fresh,Grocery & Supermarket,Supermarket / Hypermarket,Chennai,T Nagar,Tamil Nadu,600017,13.0418,80.2341,8,1250.0,07:00-22:30,"POS,UPI,CARD,ONLINE",Card testing / micro-burst velocity,0.012,30,12968.59,INR,PURCHASE,CARD,MOBILE_APP,1,0,Coimbatore,1.0,0,0,1,DEV-MOHANA-SAMSUNG-S23,mobile_android,0,BEN-CUST_MOHANA_002-TRUSTED,Trusted Household Vendor,6,1,4,24,0,0,0,None,Resolved Genuine,Standard Habitual Purchase,0
TXN-CUST_MOHANA_002-10695,2026-08-07 05:35:11,2026-08-07,05:35:11,5,4,0,1,CUST_MOHANA_002,180,Coimbatore,Tamil Nadu,Medium Risk / 12% Fraud Rate,M002,CircuitBay Electronics,Consumer Electronics,Laptops & Gadgets,Chennai,Velachery,Tamil Nadu,600042,12.9759,80.2212,6,32000.0,10:00-21:30,"POS,ONLINE,EMI,UPI",Stolen payment details / high-ticket electronics delivery,0.048,120,8085.45,INR,PURCHASE,ONLINE,MOBILE_APP,1,0,Coimbatore,4.0,0,0,1,DEV-MOHANA-SAMSUNG-S23,mobile_android,0,BEN-CUST_MOHANA_002-TRUSTED,Trusted Household Vendor,10,0,3,22,0,0,0,None,Resolved Genuine,Standard Habitual Purchase,0
TXN-CUST_MOHANA_002-10696,2026-08-07 06:59:33,2026-08-07,06:59:33,6,4,0,0,CUST_MOHANA_002,180,Coimbatore,Tamil Nadu,Medium Risk / 12% Fraud Rate,M018,PageTurn Book House,Bookstore,"Academic, Fiction & Stationery",Trichy,Thillai Nagar,Tamil Nadu,620018,10.8282,78.6854,16,850.0,09:00-21:30,"POS,UPI,CARD,ONLINE",Low-value card testing bots,0.008,20,9632.47,INR,PURCHASE,POS,MOBILE_APP,1,0,Coimbatore,15.0,0,0,1,DEV-MOHANA-SAMSUNG-S23,mobile_android,0,BEN-CUST_MOHANA_002-TRUSTED,Trusted Household Vendor,3,0,3,15,0,0,0,None,Resolved Genuine,Standard Habitual Purchase,0
TXN-CUST_MOHANA_002-10697,2026-08-07 08:25:52,2026-08-07,08:25:52,8,4,0,0,CUST_MOHANA_002,180,Coimbatore,Tamil Nadu,Medium Risk / 12% Fraud Rate,M021,GlowCraft Salon,Salon / Beauty,Spa & Grooming Studio,Chennai,Porur,Tamil Nadu,600116,13.0382,80.1565,5,2800.0,09:00-21:00,"POS,UPI,CARD",Unusual late-night transaction spikes,0.011,27,13042.26,INR,PURCHASE,UPI,MOBILE_APP,1,0,Coimbatore,14.0,0,0,1,DEV-MOHANA-SAMSUNG-S23,mobile_android,0,BEN-CUST_MOHANA_002-TRUSTED,Trusted Household Vendor,14,0,2,17,0,0,0,None,Resolved Genuine,Standard Habitual Purchase,0
TXN-CUST_MOHANA_002-10698,2026-08-07 09:50:43,2026-08-07,09:50:43,9,4,0,0,CUST_MOHANA_002,180,Coimbatore,Tamil Nadu,Medium Risk / 12% Fraud Rate,M005,UrbanThread Studio,Fashion / Apparel,Designer & Ready-to-wear,Chennai,Anna Nagar,Tamil Nadu,600040,13.085,80.2101,5,4800.0,10:30-22:00,"POS,ONLINE,UPI,CARD",Refund abuse / credential stuffing,0.022,55,13535.6,INR,PURCHASE,CARD,MOBILE_APP,1,0,Coimbatore,2.0,0,0,1,DEV-MOHANA-SAMSUNG-S23,mobile_android,0,BEN-CUST_MOHANA_002-TRUSTED,Trusted Household Vendor,3,0,3,15,0,0,0,None,Resolved Genuine,Standard Habitual Purchase,0
TXN-CUST_MOHANA_002-10699,2026-08-07 11:14:28,2026-08-07,11:14:28,11,4,0,0,CUST_MOHANA_002,180,Coimbatore,Tamil Nadu,Medium Risk / 12% Fraud Rate,M012,DashDine Delivery,Food Delivery,Quick Commerce & Meal Delivery,Chennai,Sholinganallur,Tamil Nadu,600119,12.901,80.2279,4,520.0,06:00-02:00,"UPI,CARD,ONLINE,WALLET",Promo code abuse / stolen wallet balances,0.014,35,1622.48,INR,P2P_TRANSFER,CARD,MOBILE_APP,0,0,Mumbai,393.0,1,0,1,DEV-MOHANA-SAMSUNG-S23,mobile_android,1,BEN-NEW-101,Global Flight Booking,0,2,8,41,1,0,0,Geographic Anomaly / High Ticket Spike,Review Required,Sudden location velocity jump with new merchant,1
TXN-CUST_MOHANA_002-10700,2026-08-07 12:43:11,2026-08-07,12:43:11,12,4,0,0,CUST_MOHANA_002,180,Coimbatore,Tamil Nadu,Medium Risk / 12% Fraud Rate,M004,Aurelia Gold House,Jewellery,Gold & Diamond Jewellery,Coimbatore,RS Puram,Tamil Nadu,641002,11.0089,76.9514,14,78000.0,10:00-20:30,"POS,CARD,TRANSFER",Account takeover / card-not-present luxury surge,0.065,162,13406.76,INR,PURCHASE,POS,MOBILE_APP,1,0,Coimbatore,11.0,0,0,1,DEV-MOHANA-SAMSUNG-S23,mobile_android,0,BEN-CUST_MOHANA_002-TRUSTED,Trusted Household Vendor,9,1,2,10,0,0,0,None,Resolved Genuine,Standard Habitual Purchase,0
TXN-CUST_MOHANA_002-10701,2026-08-07 14:11:03,2026-08-07,14:11:03,14,4,0,0,CUST_MOHANA_002,180,Coimbatore,Tamil Nadu,Medium Risk / 12% Fraud Rate,M008,BeanCircuit Cafe,Cafe,Specialty Coffee & Bakery,Bengaluru,Indiranagar,Karnataka,560038,12.9784,77.6408,3,650.0,07:30-23:00,"UPI,POS,CARD",QR code spoofing / fast velocity dining,0.009,22,13059.44,INR,PURCHASE,UPI,MOBILE_APP,1,0,Coimbatore,14.0,0,0,1,DEV-MOHANA-SAMSUNG-S23,mobile_android,0,BEN-CUST_MOHANA_002-TRUSTED,Trusted Household Vendor,12,0,1,9,0,0,0,None,Resolved Genuine,Standard Habitual Purchase,0
TXN-CUST_MOHANA_002-10702,2026-08-07 15:34:42,2026-08-07,15:34:42,15,4,0,0,CUST_MOHANA_002,180,Coimbatore,Tamil Nadu,Medium Risk / 12% Fraud Rate,M015,HomeSphere Appliances,Home Appliances,"Refrigerators, ACs & Kitchen Tech",Coimbatore,Saibaba Colony,Tamil Nadu,641011,11.0315,76.945,9,27500.0,09:30-21:00,"POS,EMI,CARD,UPI",Carding attacks with immediate in-store pickup,0.038,95,52228.89,INR,P2P_TRANSFER,POS,WEB_PORTAL,0,0,Hyderabad,315.0,1,1,0,DEV-LAPTOP-CHROME-421,web_browser,1,BEN-NEW-817,Global Flight Booking,0,2,7,38,1,0,0,Geographic Anomaly / High Ticket Spike,Review Required,Sudden location velocity jump with new merchant,1
TXN-CUST_MOHANA_002-10703,2026-08-07 17:01:33,2026-08-07,17:01:33,17,4,0,0,CUST_MOHANA_002,180,Coimbatore,Tamil Nadu,Medium Risk / 12% Fraud Rate,M010,HarborView Residency,Hotel / Hospitality,Business & Luxury Hotel,Chennai,OMR,Tamil Nadu,600096,12.9165,80.2285,6,9500.0,24_HOURS,"ONLINE,POS,CARD,TRANSFER",Online travel booking fraud with stolen corporate credentials,0.041,102,9130.1,INR,PURCHASE,POS,MOBILE_APP,1,0,Coimbatore,6.0,0,0,1,DEV-MOHANA-SAMSUNG-S23,mobile_android,0,BEN-CUST_MOHANA_002-TRUSTED,Trusted Household Vendor,15,0,2,18,0,0,0,None,Resolved Genuine,Standard Habitual Purchase,0
TXN-CUST_MOHANA_002-10704,2026-08-07 18:27:46,2026-08-07,18:27:46,18,4,0,0,CUST_MOHANA_002,180,Coimbatore,Tamil Nadu,Medium Risk / 12% Fraud Rate,M019,ArenaSport World,Sports Retail,Fitness Equipment & Sports Wear,Chennai,Nungambakkam,Tamil Nadu,600034,13.0604,80.2405,6,5600.0,10:00-21:30,"POS,ONLINE,UPI,CARD",Stolen card chargeback on premium sports gear,0.026,65,9064.4,INR,PURCHASE,ONLINE,MOBILE_APP,1,0,Coimbatore,4.0,0,0,1,DEV-MOHANA-SAMSUNG-S23,mobile_android,0,BEN-CUST_MOHANA_002-TRUSTED,Trusted Household Vendor,8,0,4,22,0,0,0,None,Resolved Genuine,Standard Habitual Purchase,0
TXN-CUST_MOHANA_002-10705,2026-08-07 19:52:50,2026-08-07,19:52:50,19,4,0,0,CUST_MOHANA_002,180,Coimbatore,Tamil Nadu,Medium Risk / 12% Fraud Rate,M016,MotoCare Garage,Auto Service,Car Service & Detailing Hub,Chennai,Pallikaranai,Tamil Nadu,600100,12.9372,80.2014,7,8900.0,08:30-20:30,"POS,UPI,CARD",Over-invoicing / synthetic card payments,0.021,52,25564.25,INR,PURCHASE,UPI,WEB_PORTAL,0,0,Mumbai,939.0,1,1,0,DEV-LAPTOP-CHROME-850,web_browser,0,BEN-CUST_MOHANA_002-01,Self Family Transfer,3,4,8,37,1,0,0,Geographic Anomaly / High Ticket Spike,Review Required,Sudden location velocity jump with new merchant,1
TXN-CUST_MOHANA_002-10706,2026-08-07 21:21:04,2026-08-07,21:21:04,21,4,0,0,CUST_MOHANA_002,180,Coimbatore,Tamil Nadu,Medium Risk / 12% Fraud Rate,M026,GreenLeaf Wellness,Health & Wellness,Organic Nutrition & Ayurveda,Trichy,Srirangam,Tamil Nadu,620006,10.8624,78.6947,6,2100.0,08:00-21:00,"POS,UPI,ONLINE,CARD",Subscription card stuffing,0.013,32,8891.88,INR,PURCHASE,ONLINE,MOBILE_APP,1,0,Coimbatore,4.0,0,0,1,DEV-MOHANA-SAMSUNG-S23,mobile_android,0,BEN-CUST_MOHANA_002-TRUSTED,Trusted Household Vendor,3,0,1,11,0,0,0,None,Resolved Genuine,Standard Habitual Purchase,0
TXN-CUST_MOHANA_002-10707,2026-08-07 22:44:44,2026-08-07,22:44:44,22,4,0,0,CUST_MOHANA_002,180,Coimbatore,Tamil Nadu,Medium Risk / 12% Fraud Rate,M012,DashDine Delivery,Food Delivery,Quick Commerce & Meal Delivery,Chennai,Sholinganallur,Tamil Nadu,600119,12.901,80.2279,4,520.0,06:00-02:00,"UPI,CARD,ONLINE,WALLET",Promo code abuse / stolen wallet balances,0.014,35,11301.77,INR,PURCHASE,CARD,MOBILE_APP,0,0,Coimbatore,11.0,0,0,1,DEV-MOHANA-SAMSUNG-S23,mobile_android,0,BEN-CUST_MOHANA_002-TRUSTED,Trusted Household Vendor,13,0,2,11,0,0,0,None,Resolved Genuine,Standard Habitual Purchase,0
TXN-CUST_MOHANA_002-10708,2026-08-08 00:10:57,2026-08-08,00:10:57,0,5,1,1,CUST_MOHANA_002,180,Coimbatore,Tamil Nadu,Medium Risk / 12% Fraud Rate,M010,HarborView Residency,Hotel / Hospitality,Business & Luxury Hotel,Chennai,OMR,Tamil Nadu,600096,12.9165,80.2285,6,9500.0,24_HOURS,"ONLINE,POS,CARD,TRANSFER",Online travel booking fraud with stolen corporate credentials,0.041,102,5576.02,INR,PURCHASE,CARD,MOBILE_APP,1,0,Coimbatore,15.0,0,0,1,DEV-MOHANA-SAMSUNG-S23,mobile_android,0,BEN-CUST_MOHANA_002-TRUSTED,Trusted Household Vendor,10,0,3,22,0,0,0,None,Resolved Genuine,Standard Habitual Purchase,0
TXN-CUST_MOHANA_002-10709,2026-08-08 01:38:56,2026-08-08,01:38:56,1,5,1,1,CUST_MOHANA_002,180,Coimbatore,Tamil Nadu,Medium Risk / 12% Fraud Rate,M027,BrickHarbor Realty,Real Estate / Property Services,Rental Escrow & Facility Management,Chennai,Porur,Tamil Nadu,600116,13.035,80.16,11,65000.0,09:00-19:00,"TRANSFER,NETBANKING,CARD",Security deposit phishing / escrow hijacking,0.039,97,5867.96,INR,PURCHASE,TRANSFER,MOBILE_APP,0,0,Coimbatore,14.0,0,0,1,DEV-MOHANA-SAMSUNG-S23,mobile_android,0,BEN-CUST_MOHANA_002-TRUSTED,Trusted Household Vendor,11,0,4,24,0,0,0,None,Resolved Genuine,Standard Habitual Purchase,0
TXN-CUST_MOHANA_002-10710,2026-08-08 03:07:30,2026-08-08,03:07:30,3,5,1,1,CUST_MOHANA_002,180,Coimbatore,Tamil Nadu,Medium Risk / 12% Fraud Rate,M018,PageTurn Book House,Bookstore,"Academic, Fiction & Stationery",Trichy,Thillai Nagar,Tamil Nadu,620018,10.8282,78.6854,16,850.0,09:00-21:30,"POS,UPI,CARD,ONLINE",Low-value card testing bots,0.008,20,7841.3,INR,PURCHASE,UPI,MOBILE_APP,1,0,Coimbatore,12.0,0,0,1,DEV-MOHANA-SAMSUNG-S23,mobile_android,0,BEN-CUST_MOHANA_002-TRUSTED,Trusted Household Vendor,12,0,2,14,0,0,0,None,Resolved Genuine,Standard Habitual Purchase,0
TXN-CUST_MOHANA_002-10711,2026-08-08 04:36:15,2026-08-08,04:36:15,4,5,1,1,CUST_MOHANA_002,180,Coimbatore,Tamil Nadu,Medium Risk / 12% Fraud Rate,M018,PageTurn Book House,Bookstore,"Academic, Fiction & Stationery",Trichy,Thillai Nagar,Tamil Nadu,620018,10.8282,78.6854,16,850.0,09:00-21:30,"POS,UPI,CARD,ONLINE",Low-value card testing bots,0.008,20,8534.47,INR,PURCHASE,UPI,MOBILE_APP,1,0,Coimbatore,9.0,0,0,1,DEV-MOHANA-SAMSUNG-S23,mobile_android,0,BEN-CUST_MOHANA_002-TRUSTED,Trusted Household Vendor,8,0,2,16,0,0,0,None,Resolved Genuine,Standard Habitual Purchase,0
TXN-CUST_MOHANA_002-10712,2026-08-08 06:05:10,2026-08-08,06:05:10,6,5,1,0,CUST_MOHANA_002,180,Coimbatore,Tamil Nadu,Medium Risk / 12% Fraud Rate,M026,GreenLeaf Wellness,Health & Wellness,Organic Nutrition & Ayurveda,Trichy,Srirangam,Tamil Nadu,620006,10.8624,78.6947,6,2100.0,08:00-21:00,"POS,UPI,ONLINE,CARD",Subscription card stuffing,0.013,32,12659.09,INR,PURCHASE,POS,MOBILE_APP,1,0,Coimbatore,14.0,0,0,1,DEV-MOHANA-SAMSUNG-S23,mobile_android,0,BEN-CUST_MOHANA_002-TRUSTED,Trusted Household Vendor,11,0,2,15,0,0,0,None,Resolved Genuine,Standard Habitual Purchase,0
TXN-CUST_MOHANA_002-10713,2026-08-08 07:30:35,2026-08-08,07:30:35,7,5,1,0,CUST_MOHANA_002,180,Coimbatore,Tamil Nadu,Medium Risk / 12% Fraud Rate,M015,HomeSphere Appliances,Home Appliances,"Refrigerators, ACs & Kitchen Tech",Coimbatore,Saibaba Colony,Tamil Nadu,641011,11.0315,76.945,9,27500.0,09:30-21:00,"POS,EMI,CARD,UPI",Carding attacks with immediate in-store pickup,0.038,95,11726.3,INR,PURCHASE,CARD,MOBILE_APP,1,0,Coimbatore,15.0,0,0,1,DEV-MOHANA-SAMSUNG-S23,mobile_android,0,BEN-CUST_MOHANA_002-TRUSTED,Trusted Household Vendor,9,0,1,13,0,0,0,None,Resolved Genuine,Standard Habitual Purchase,0
TXN-CUST_MOHANA_002-10714,2026-08-08 08:57:42,2026-08-08,08:57:42,8,5,1,0,CUST_MOHANA_002,180,Coimbatore,Tamil Nadu,Medium Risk / 12% Fraud Rate,M012,DashDine Delivery,Food Delivery,Quick Commerce & Meal Delivery,Chennai,Sholinganallur,Tamil Nadu,600119,12.901,80.2279,4,520.0,06:00-02:00,"UPI,CARD,ONLINE,WALLET",Promo code abuse / stolen wallet balances,0.014,35,4216.63,INR,PURCHASE,UPI,MOBILE_APP,0,0,Coimbatore,7.0,0,0,1,DEV-MOHANA-SAMSUNG-S23,mobile_android,0,BEN-CUST_MOHANA_002-TRUSTED,Trusted Household Vendor,14,1,2,10,0,0,0,None,Resolved Genuine,Standard Habitual Purchase,0
TXN-CUST_MOHANA_002-10715,2026-08-08 10:24:20,2026-08-08,10:24:20,10,5,1,0,CUST_MOHANA_002,180,Coimbatore,Tamil Nadu,Medium Risk / 12% Fraud Rate,M011,SkyTrail Travels,Travel Agency,Flight & International Tour Packages,Coimbatore,Gandhipuram,Tamil Nadu,641012,11.0183,76.9664,11,44000.0,09:00-20:00,"ONLINE,TRANSFER,CARD",Mule-account ticket arbitrage & fast cancellation fraud,0.052,130,12603.6,INR,PURCHASE,CARD,MOBILE_APP,0,0,Coimbatore,6.0,0,0,1,DEV-MOHANA-SAMSUNG-S23,mobile_android,0,BEN-CUST_MOHANA_002-TRUSTED,Trusted Household Vendor,13,1,4,22,0,0,0,None,Resolved Genuine,Standard Habitual Purchase,0
TXN-CUST_MOHANA_002-10716,2026-08-08 11:52:07,2026-08-08,11:52:07,11,5,1,0,CUST_MOHANA_002,180,Coimbatore,Tamil Nadu,Medium Risk / 12% Fraud Rate,M022,SkillSpring Academy,Education / Training,Professional Certifications & Tech Bootcamps,Chennai,Mylapore,Tamil Nadu,600004,13.0368,80.2676,8,22000.0,08:30-19:30,"ONLINE,NETBANKING,CARD,UPI",Stolen corporate card enrollments,0.028,70,13499.15,INR,PURCHASE,ONLINE,MOBILE_APP,0,0,Coimbatore,2.0,0,0,1,DEV-MOHANA-SAMSUNG-S23,mobile_android,0,BEN-CUST_MOHANA_002-TRUSTED,Trusted Household Vendor,4,0,1,13,0,0,0,None,Resolved Genuine,Standard Habitual Purchase,0
TXN-CUST_MOHANA_002-10717,2026-08-08 13:20:12,2026-08-08,13:20:12,13,5,1,0,CUST_MOHANA_002,180,Coimbatore,Tamil Nadu,Medium Risk / 12% Fraud Rate,M013,CartNest Online,E-commerce,Multi-category Marketplace,Chennai,Guindy,Tamil Nadu,600032,13.0067,80.2026,5,6200.0,24_HOURS,"ONLINE,UPI,CARD,NETBANKING",Account takeover + triangulation shipping fraud,0.045,112,4366.5,INR,PURCHASE,CARD,MOBILE_APP,0,0,Coimbatore,11.0,0,0,1,DEV-MOHANA-SAMSUNG-S23,mobile_android,0,BEN-CUST_MOHANA_002-TRUSTED,Trusted Household Vendor,15,1,3,21,0,0,0,None,Resolved Genuine,Standard Habitual Purchase,0
TXN-CUST_MOHANA_002-10718,2026-08-08 14:47:41,2026-08-08,14:47:41,14,5,1,0,CUST_MOHANA_002,180,Coimbatore,Tamil Nadu,Medium Risk / 12% Fraud Rate,M002,CircuitBay Electronics,Consumer Electronics,Laptops & Gadgets,Chennai,Velachery,Tamil Nadu,600042,12.9759,80.2212,6,32000.0,10:00-21:30,"POS,ONLINE,EMI,UPI",Stolen payment details / high-ticket electronics delivery,0.048,120,10404.72,INR,PURCHASE,EMI,MOBILE_APP,1,0,Coimbatore,3.0,0,0,1,DEV-MOHANA-SAMSUNG-S23,mobile_android,0,BEN-CUST_MOHANA_002-TRUSTED,Trusted Household Vendor,9,1,1,9,0,0,0,None,Resolved Genuine,Standard Habitual Purchase,0
TXN-CUST_MOHANA_002-10719,2026-08-08 16:12:59,2026-08-08,16:12:59,16,5,1,0,CUST_MOHANA_002,180,Coimbatore,Tamil Nadu,Medium Risk / 12% Fraud Rate,M009,RapidFuel Station,Fuel Station,"Petrol, Diesel & EV Fast Charge",Salem,Fairlands,Tamil Nadu,636016,11.6643,78.146,9,3100.0,24_HOURS,"POS,FLEET_CARD,UPI",Automated fleet card skimming,0.024,60,10526.05,INR,PURCHASE,UPI,MOBILE_APP,1,0,Coimbatore,2.0,0,0,1,DEV-MOHANA-SAMSUNG-S23,mobile_android,0,BEN-CUST_MOHANA_002-TRUSTED,Trusted Household Vendor,4,0,1,8,0,0,0,None,Resolved Genuine,Standard Habitual Purchase,0
TXN-CUST_MOHANA_002-10720,2026-08-08 17:37:28,2026-08-08,17:37:28,17,5,1,0,CUST_MOHANA_002,180,Coimbatore,Tamil Nadu,Medium Risk / 12% Fraud Rate,M029,CloudDesk Digital,Software / Digital Services,Cloud Infrastructure & SaaS Tools,Bengaluru,Whitefield,Karnataka,560066,12.9698,77.7499,7,19800.0,24_HOURS,"ONLINE,CARD,TRANSFER",Cryptomining VM rental with stolen credit cards,0.058,145,6600.22,INR,PURCHASE,ONLINE,MOBILE_APP,0,0,Coimbatore,13.0,0,0,1,DEV-MOHANA-SAMSUNG-S23,mobile_android,0,BEN-CUST_MOHANA_002-TRUSTED,Trusted Household Vendor,3,0,3,16,0,0,0,None,Resolved Genuine,Standard Habitual Purchase,0
TXN-CUST_MOHANA_002-10721,2026-08-08 19:06:02,2026-08-08,19:06:02,19,5,1,0,CUST_MOHANA_002,180,Coimbatore,Tamil Nadu,Medium Risk / 12% Fraud Rate,M025,ShieldSure Services,Insurance Services,General & Health Insurance Premium,Chennai,Egmore,Tamil Nadu,600008,13.0784,80.2607,13,14000.0,09:30-18:00,"ONLINE,NETBANKING,CARD",Premium diversion / fake policy payment slips,0.019,47,11687.05,INR,PURCHASE,NETBANKING,MOBILE_APP,0,0,Coimbatore,15.0,0,0,1,DEV-MOHANA-SAMSUNG-S23,mobile_android,0,BEN-CUST_MOHANA_002-TRUSTED,Trusted Household Vendor,4,1,3,17,0,0,0,None,Resolved Genuine,Standard Habitual Purchase,0
TXN-CUST_MOHANA_002-10722,2026-08-08 20:34:37,2026-08-08,20:34:37,20,5,1,0,CUST_MOHANA_002,180,Coimbatore,Tamil Nadu,Medium Risk / 12% Fraud Rate,M006,MedicoCare Pharmacy,Pharmacy,Medicines & Surgical Supplies,Madurai,KK Nagar,Tamil Nadu,625020,9.9252,78.1498,10,1450.0,24_HOURS,"POS,UPI,CARD,ONLINE",Nighttime micro card testing,0.015,37,12646.36,INR,PURCHASE,CARD,MOBILE_APP,1,0,Coimbatore,6.0,0,0,1,DEV-MOHANA-SAMSUNG-S23,mobile_android,0,BEN-CUST_MOHANA_002-TRUSTED,Trusted Household Vendor,10,0,3,14,0,0,0,None,Resolved Genuine,Standard Habitual Purchase,0
TXN-CUST_MOHANA_002-10723,2026-08-08 22:00:38,2026-08-08,22:00:38,22,5,1,0,CUST_MOHANA_002,180,Coimbatore,Tamil Nadu,Medium Risk / 12% Fraud Rate,M002,CircuitBay Electronics,Consumer Electronics,Laptops & Gadgets,Chennai,Velachery,Tamil Nadu,600042,12.9759,80.2212,6,32000.0,10:00-21:30,"POS,ONLINE,EMI,UPI",Stolen payment details / high-ticket electronics delivery,0.048,120,13149.79,INR,PURCHASE,ONLINE,MOBILE_APP,1,0,Coimbatore,8.0,0,0,1,DEV-MOHANA-SAMSUNG-S23,mobile_android,0,BEN-CUST_MOHANA_002-TRUSTED,Trusted Household Vendor,14,1,4,20,0,0,0,None,Resolved Genuine,Standard Habitual Purchase,0
TXN-CUST_MOHANA_002-10724,2026-08-08 23:26:49,2026-08-08,23:26:49,23,5,1,1,CUST_MOHANA_002,180,Coimbatore,Tamil Nadu,Medium Risk / 12% Fraud Rate,M018,PageTurn Book House,Bookstore,"Academic, Fiction & Stationery",Trichy,Thillai Nagar,Tamil Nadu,620018,10.8282,78.6854,16,850.0,09:00-21:30,"POS,UPI,CARD,ONLINE",Low-value card testing bots,0.008,20,3905.08,INR,PURCHASE,POS,MOBILE_APP,1,0,Coimbatore,6.0,0,0,1,DEV-MOHANA-SAMSUNG-S23,mobile_android,0,BEN-CUST_MOHANA_002-TRUSTED,Trusted Household Vendor,13,0,3,17,0,0,0,None,Resolved Genuine,Standard Habitual Purchase,0
TXN-CUST_MOHANA_002-10725,2026-08-09 00:54:13,2026-08-09,00:54:13,0,6,1,1,CUST_MOHANA_002,180,Coimbatore,Tamil Nadu,Medium Risk / 12% Fraud Rate,M027,BrickHarbor Realty,Real Estate / Property Services,Rental Escrow & Facility Management,Chennai,Porur,Tamil Nadu,600116,13.035,80.16,11,65000.0,09:00-19:00,"TRANSFER,NETBANKING,CARD",Security deposit phishing / escrow hijacking,0.039,97,4070.78,INR,PURCHASE,CARD,MOBILE_APP,0,0,Coimbatore,1.0,0,0,1,DEV-MOHANA-SAMSUNG-S23,mobile_android,0,BEN-CUST_MOHANA_002-TRUSTED,Trusted Household Vendor,13,0,3,17,0,0,0,None,Resolved Genuine,Standard Habitual Purchase,0
TXN-CUST_MOHANA_002-10726,2026-08-09 02:23:26,2026-08-09,02:23:26,2,6,1,1,CUST_MOHANA_002,180,Coimbatore,Tamil Nadu,Medium Risk / 12% Fraud Rate,M025,ShieldSure Services,Insurance Services,General & Health Insurance Premium,Chennai,Egmore,Tamil Nadu,600008,13.0784,80.2607,13,14000.0,09:30-18:00,"ONLINE,NETBANKING,CARD",Premium diversion / fake policy payment slips,0.019,47,10757.95,INR,PURCHASE,NETBANKING,MOBILE_APP,0,0,Coimbatore,4.0,0,0,1,DEV-MOHANA-SAMSUNG-S23,mobile_android,0,BEN-CUST_MOHANA_002-TRUSTED,Trusted Household Vendor,3,0,1,11,0,0,0,None,Resolved Genuine,Standard Habitual Purchase,0
TXN-CUST_MOHANA_002-10727,2026-08-09 03:47:36,2026-08-09,03:47:36,3,6,1,1,CUST_MOHANA_002,180,Coimbatore,Tamil Nadu,Medium Risk / 12% Fraud Rate,M002,CircuitBay Electronics,Consumer Electronics,Laptops & Gadgets,Chennai,Velachery,Tamil Nadu,600042,12.9759,80.2212,6,32000.0,10:00-21:30,"POS,ONLINE,EMI,UPI",Stolen payment details / high-ticket electronics delivery,0.048,120,12358.53,INR,PURCHASE,POS,MOBILE_APP,1,0,Coimbatore,7.0,0,0,1,DEV-MOHANA-SAMSUNG-S23,mobile_android,0,BEN-CUST_MOHANA_002-TRUSTED,Trusted Household Vendor,4,1,3,22,0,0,0,None,Resolved Genuine,Standard Habitual Purchase,0
TXN-CUST_MOHANA_002-10728,2026-08-09 05:12:48,2026-08-09,05:12:48,5,6,1,1,CUST_MOHANA_002,180,Coimbatore,Tamil Nadu,Medium Risk / 12% Fraud Rate,M020,GameGrid Arena,Gaming,"Esports, Consoles & Virtual Credits",Bengaluru,Koramangala,Karnataka,560095,12.9352,77.6245,4,3400.0,10:00-01:00,"ONLINE,UPI,CARD,WALLET",Virtual item laundering & bot-driven micro transactions,0.055,137,12680.54,INR,PURCHASE,UPI,MOBILE_APP,0,0,Coimbatore,4.0,0,0,1,DEV-MOHANA-SAMSUNG-S23,mobile_android,0,BEN-CUST_MOHANA_002-TRUSTED,Trusted Household Vendor,12,0,3,22,0,0,0,None,Resolved Genuine,Standard Habitual Purchase,0
TXN-CUST_MOHANA_002-10729,2026-08-09 06:38:21,2026-08-09,06:38:21,6,6,1,0,CUST_MOHANA_002,180,Coimbatore,Tamil Nadu,Medium Risk / 12% Fraud Rate,M025,ShieldSure Services,Insurance Services,General & Health Insurance Premium,Chennai,Egmore,Tamil Nadu,600008,13.0784,80.2607,13,14000.0,09:30-18:00,"ONLINE,NETBANKING,CARD",Premium diversion / fake policy payment slips,0.019,47,11050.44,INR,PURCHASE,ONLINE,MOBILE_APP,0,0,Coimbatore,15.0,0,0,1,DEV-MOHANA-SAMSUNG-S23,mobile_android,0,BEN-CUST_MOHANA_002-TRUSTED,Trusted Household Vendor,5,0,3,19,0,0,0,None,Resolved Genuine,Standard Habitual Purchase,0
TXN-CUST_MOHANA_002-10730,2026-08-09 08:04:05,2026-08-09,08:04:05,8,6,1,0,CUST_MOHANA_002,180,Coimbatore,Tamil Nadu,Medium Risk / 12% Fraud Rate,M002,CircuitBay Electronics,Consumer Electronics,Laptops & Gadgets,Chennai,Velachery,Tamil Nadu,600042,12.9759,80.2212,6,32000.0,10:00-21:30,"POS,ONLINE,EMI,UPI",Stolen payment details / high-ticket electronics delivery,0.048,120,4005.11,INR,PURCHASE,POS,MOBILE_APP,1,0,Coimbatore,8.0,0,0,1,DEV-MOHANA-SAMSUNG-S23,mobile_android,0,BEN-CUST_MOHANA_002-TRUSTED,Trusted Household Vendor,13,0,1,12,0,0,0,None,Resolved Genuine,Standard Habitual Purchase,0
TXN-CUST_MOHANA_002-10731,2026-08-09 09:30:54,2026-08-09,09:30:54,9,6,1,0,CUST_MOHANA_002,180,Coimbatore,Tamil Nadu,Medium Risk / 12% Fraud Rate,M027,BrickHarbor Realty,Real Estate / Property Services,Rental Escrow & Facility Management,Chennai,Porur,Tamil Nadu,600116,13.035,80.16,11,65000.0,09:00-19:00,"TRANSFER,NETBANKING,CARD",Security deposit phishing / escrow hijacking,0.039,97,166822.32,INR,P2P_TRANSFER,TRANSFER,WEB_PORTAL,0,0,Hyderabad,749.0,1,1,0,DEV-LAPTOP-CHROME-496,web_browser,1,BEN-NEW-812,Global Flight Booking,0,3,6,33,1,0,0,Geographic Anomaly / High Ticket Spike,Review Required,Sudden location velocity jump with new merchant,1
TXN-CUST_MOHANA_002-10732,2026-08-09 10:57:19,2026-08-09,10:57:19,10,6,1,0,CUST_MOHANA_002,180,Coimbatore,Tamil Nadu,Medium Risk / 12% Fraud Rate,M023,SwiftBox Logistics,Courier / Logistics,Express Parcel & Freight Delivery,Tiruppur,Avinashi Road,Tamil Nadu,641603,11.1085,77.3411,9,4200.0,08:00-21:00,"POS,UPI,CARD,ONLINE",Interception fraud / address redirection,0.02,50,10338.22,INR,PURCHASE,UPI,MOBILE_APP,1,0,Coimbatore,12.0,0,0,1,DEV-MOHANA-SAMSUNG-S23,mobile_android,0,BEN-CUST_MOHANA_002-TRUSTED,Trusted Household Vendor,13,0,2,14,0,0,0,None,Resolved Genuine,Standard Habitual Purchase,0
TXN-CUST_MOHANA_002-10733,2026-08-09 12:22:33,2026-08-09,12:22:33,12,6,1,0,CUST_MOHANA_002,180,Coimbatore,Tamil Nadu,Medium Risk / 12% Fraud Rate,M023,SwiftBox Logistics,Courier / Logistics,Express Parcel & Freight Delivery,Tiruppur,Avinashi Road,Tamil Nadu,641603,11.1085,77.3411,9,4200.0,08:00-21:00,"POS,UPI,CARD,ONLINE",Interception fraud / address redirection,0.02,50,13224.44,INR,PURCHASE,ONLINE,MOBILE_APP,1,0,Coimbatore,6.0,0,0,1,DEV-MOHANA-SAMSUNG-S23,mobile_android,0,BEN-CUST_MOHANA_002-TRUSTED,Trusted Household Vendor,3,0,1,13,0,0,0,None,Resolved Genuine,Standard Habitual Purchase,0
TXN-CUST_MOHANA_002-10734,2026-08-09 13:48:42,2026-08-09,13:48:42,13,6,1,0,CUST_MOHANA_002,180,Coimbatore,Tamil Nadu,Medium Risk / 12% Fraud Rate,M025,ShieldSure Services,Insurance Services,General & Health Insurance Premium,Chennai,Egmore,Tamil Nadu,600008,13.0784,80.2607,13,14000.0,09:30-18:00,"ONLINE,NETBANKING,CARD",Premium diversion / fake policy payment slips,0.019,47,12050.28,INR,PURCHASE,ONLINE,MOBILE_APP,0,0,Coimbatore,3.0,0,0,1,DEV-MOHANA-SAMSUNG-S23,mobile_android,0,BEN-CUST_MOHANA_002-TRUSTED,Trusted Household Vendor,6,0,1,11,0,0,0,None,Resolved Genuine,Standard Habitual Purchase,0
TXN-CUST_MOHANA_002-10735,2026-08-09 15:17:04,2026-08-09,15:17:04,15,6,1,0,CUST_MOHANA_002,180,Coimbatore,Tamil Nadu,Medium Risk / 12% Fraud Rate,M003,Pulse Mobile Hub,Mobile Store,Smartphones & Accessories,Chennai,Tambaram,Tamil Nadu,600045,12.9249,80.1278,4,18500.0,09:30-21:30,"POS,UPI,CARD",New device abuse / rapid checkout surge,0.035,87,8430.95,INR,PURCHASE,POS,MOBILE_APP,1,0,Coimbatore,7.0,0,0,1,DEV-MOHANA-SAMSUNG-S23,mobile_android,0,BEN-CUST_MOHANA_002-TRUSTED,Trusted Household Vendor,9,0,2,14,0,0,0,None,Resolved Genuine,Standard Habitual Purchase,0
TXN-CUST_MOHANA_002-10736,2026-08-09 16:41:06,2026-08-09,16:41:06,16,6,1,0,CUST_MOHANA_002,180,Coimbatore,Tamil Nadu,Medium Risk / 12% Fraud Rate,M018,PageTurn Book House,Bookstore,"Academic, Fiction & Stationery",Trichy,Thillai Nagar,Tamil Nadu,620018,10.8282,78.6854,16,850.0,09:00-21:30,"POS,UPI,CARD,ONLINE",Low-value card testing bots,0.008,20,5998.67,INR,PURCHASE,UPI,MOBILE_APP,1,0,Coimbatore,10.0,0,0,1,DEV-MOHANA-SAMSUNG-S23,mobile_android,0,BEN-CUST_MOHANA_002-TRUSTED,Trusted Household Vendor,13,1,2,13,0,0,0,None,Resolved Genuine,Standard Habitual Purchase,0
TXN-CUST_MOHANA_002-10737,2026-08-09 18:09:15,2026-08-09,18:09:15,18,6,1,0,CUST_MOHANA_002,180,Coimbatore,Tamil Nadu,Medium Risk / 12% Fraud Rate,M010,HarborView Residency,Hotel / Hospitality,Business & Luxury Hotel,Chennai,OMR,Tamil Nadu,600096,12.9165,80.2285,6,9500.0,24_HOURS,"ONLINE,POS,CARD,TRANSFER",Online travel booking fraud with stolen corporate credentials,0.041,102,6776.51,INR,PURCHASE,ONLINE,MOBILE_APP,1,0,Coimbatore,2.0,0,0,1,DEV-MOHANA-SAMSUNG-S23,mobile_android,0,BEN-CUST_MOHANA_002-TRUSTED,Trusted Household Vendor,12,1,1,12,0,0,0,None,Resolved Genuine,Standard Habitual Purchase,0
TXN-CUST_MOHANA_002-10738,2026-08-09 19:37:41,2026-08-09,19:37:41,19,6,1,0,CUST_MOHANA_002,180,Coimbatore,Tamil Nadu,Medium Risk / 12% Fraud Rate,M002,CircuitBay Electronics,Consumer Electronics,Laptops & Gadgets,Chennai,Velachery,Tamil Nadu,600042,12.9759,80.2212,6,32000.0,10:00-21:30,"POS,ONLINE,EMI,UPI",Stolen payment details / high-ticket electronics delivery,0.048,120,7032.93,INR,PURCHASE,EMI,MOBILE_APP,1,0,Coimbatore,1.0,0,0,1,DEV-MOHANA-SAMSUNG-S23,mobile_android,0,BEN-CUST_MOHANA_002-TRUSTED,Trusted Household Vendor,11,0,4,21,0,0,0,None,Resolved Genuine,Standard Habitual Purchase,0
TXN-CUST_MOHANA_002-10739,2026-08-09 21:01:10,2026-08-09,21:01:10,21,6,1,0,CUST_MOHANA_002,180,Coimbatore,Tamil Nadu,Medium Risk / 12% Fraud Rate,M029,CloudDesk Digital,Software / Digital Services,Cloud Infrastructure & SaaS Tools,Bengaluru,Whitefield,Karnataka,560066,12.9698,77.7499,7,19800.0,24_HOURS,"ONLINE,CARD,TRANSFER",Cryptomining VM rental with stolen credit cards,0.058,145,12609.1,INR,PURCHASE,ONLINE,MOBILE_APP,0,0,Coimbatore,2.0,0,0,1,DEV-MOHANA-SAMSUNG-S23,mobile_android,0,BEN-CUST_MOHANA_002-TRUSTED,Trusted Household Vendor,6,0,4,18,0,0,0,None,Resolved Genuine,Standard Habitual Purchase,0
TXN-CUST_MOHANA_002-10740,2026-08-09 22:26:15,2026-08-09,22:26:15,22,6,1,0,CUST_MOHANA_002,180,Coimbatore,Tamil Nadu,Medium Risk / 12% Fraud Rate,M022,SkillSpring Academy,Education / Training,Professional Certifications & Tech Bootcamps,Chennai,Mylapore,Tamil Nadu,600004,13.0368,80.2676,8,22000.0,08:30-19:30,"ONLINE,NETBANKING,CARD,UPI",Stolen corporate card enrollments,0.028,70,6812.02,INR,PURCHASE,UPI,MOBILE_APP,0,0,Coimbatore,15.0,0,0,1,DEV-MOHANA-SAMSUNG-S23,mobile_android,0,BEN-CUST_MOHANA_002-TRUSTED,Trusted Household Vendor,15,0,3,19,0,0,0,None,Resolved Genuine,Standard Habitual Purchase,0
TXN-CUST_MOHANA_002-10741,2026-08-09 23:54:48,2026-08-09,23:54:48,23,6,1,1,CUST_MOHANA_002,180,Coimbatore,Tamil Nadu,Medium Risk / 12% Fraud Rate,M028,CraftCove Home Decor,Home Decor,Handicrafts & Art Pieces,Thanjavur,Medical College Road,Tamil Nadu,613004,10.7684,79.1245,8,7400.0,09:30-20:30,"POS,UPI,CARD,ONLINE",Cross-border tourist chargebacks,0.023,57,5297.89,INR,PURCHASE,UPI,MOBILE_APP,1,0,Coimbatore,3.0,0,0,1,DEV-MOHANA-SAMSUNG-S23,mobile_android,0,BEN-CUST_MOHANA_002-TRUSTED,Trusted Household Vendor,7,0,4,24,0,0,0,None,Resolved Genuine,Standard Habitual Purchase,0
TXN-CUST_MOHANA_002-10742,2026-08-10 01:18:28,2026-08-10,01:18:28,1,0,0,1,CUST_MOHANA_002,180,Coimbatore,Tamil Nadu,Medium Risk / 12% Fraud Rate,M027,BrickHarbor Realty,Real Estate / Property Services,Rental Escrow & Facility Management,Chennai,Porur,Tamil Nadu,600116,13.035,80.16,11,65000.0,09:00-19:00,"TRANSFER,NETBANKING,CARD",Security deposit phishing / escrow hijacking,0.039,97,5850.75,INR,PURCHASE,TRANSFER,MOBILE_APP,0,0,Coimbatore,11.0,0,0,1,DEV-MOHANA-SAMSUNG-S23,mobile_android,0,BEN-CUST_MOHANA_002-TRUSTED,Trusted Household Vendor,15,0,2,12,0,0,0,None,Resolved Genuine,Standard Habitual Purchase,0
TXN-CUST_MOHANA_002-10743,2026-08-10 02:44:37,2026-08-10,02:44:37,2,0,0,1,CUST_MOHANA_002,180,Coimbatore,Tamil Nadu,Medium Risk / 12% Fraud Rate,M012,DashDine Delivery,Food Delivery,Quick Commerce & Meal Delivery,Chennai,Sholinganallur,Tamil Nadu,600119,12.901,80.2279,4,520.0,06:00-02:00,"UPI,CARD,ONLINE,WALLET",Promo code abuse / stolen wallet balances,0.014,35,8710.74,INR,PURCHASE,CARD,MOBILE_APP,0,0,Coimbatore,2.0,0,0,1,DEV-MOHANA-SAMSUNG-S23,mobile_android,0,BEN-CUST_MOHANA_002-TRUSTED,Trusted Household Vendor,3,0,4,18,0,0,0,None,Resolved Genuine,Standard Habitual Purchase,0
TXN-CUST_MOHANA_002-10744,2026-08-10 04:13:28,2026-08-10,04:13:28,4,0,0,1,CUST_MOHANA_002,180,Coimbatore,Tamil Nadu,Medium Risk / 12% Fraud Rate,M004,Aurelia Gold House,Jewellery,Gold & Diamond Jewellery,Coimbatore,RS Puram,Tamil Nadu,641002,11.0089,76.9514,14,78000.0,10:00-20:30,"POS,CARD,TRANSFER",Account takeover / card-not-present luxury surge,0.065,162,4326.51,INR,PURCHASE,TRANSFER,MOBILE_APP,1,0,Coimbatore,6.0,0,0,1,DEV-MOHANA-SAMSUNG-S23,mobile_android,0,BEN-CUST_MOHANA_002-TRUSTED,Trusted Household Vendor,14,0,2,10,0,0,0,None,Resolved Genuine,Standard Habitual Purchase,0
TXN-CUST_MOHANA_002-10745,2026-08-10 05:37:57,2026-08-10,05:37:57,5,0,0,1,CUST_MOHANA_002,180,Coimbatore,Tamil Nadu,Medium Risk / 12% Fraud Rate,M014,OakLine Furnishings,Furniture,Teak Wood & Modern Home Decor,Madurai,Bypass Road,Tamil Nadu,625016,9.932,78.109,12,38000.0,10:00-21:00,"POS,CARD,TRANSFER,EMI",Invoice redirection fraud / fake payment slips,0.029,72,105662.56,INR,P2P_TRANSFER,POS,WEB_PORTAL,0,0,Hyderabad,1042.0,1,1,0,DEV-LAPTOP-CHROME-762,web_browser,1,BEN-NEW-637,Global Flight Booking,0,4,5,30,1,0,0,Geographic Anomaly / High Ticket Spike,Review Required,Sudden location velocity jump with new merchant,1
TXN-CUST_MOHANA_002-10746,2026-08-10 07:04:47,2026-08-10,07:04:47,7,0,0,0,CUST_MOHANA_002,180,Coimbatore,Tamil Nadu,Medium Risk / 12% Fraud Rate,M016,MotoCare Garage,Auto Service,Car Service & Detailing Hub,Chennai,Pallikaranai,Tamil Nadu,600100,12.9372,80.2014,7,8900.0,08:30-20:30,"POS,UPI,CARD",Over-invoicing / synthetic card payments,0.021,52,25025.96,INR,PURCHASE,CARD,MOBILE_APP,0,0,Hyderabad,396.0,1,0,1,DEV-MOHANA-SAMSUNG-S23,mobile_android,0,BEN-CUST_MOHANA_002-01,Self Family Transfer,3,3,4,24,1,0,0,Geographic Anomaly / High Ticket Spike,Review Required,Sudden location velocity jump with new merchant,1
TXN-CUST_MOHANA_002-10747,2026-08-10 08:29:27,2026-08-10,08:29:27,8,0,0,0,CUST_MOHANA_002,180,Coimbatore,Tamil Nadu,Medium Risk / 12% Fraud Rate,M012,DashDine Delivery,Food Delivery,Quick Commerce & Meal Delivery,Chennai,Sholinganallur,Tamil Nadu,600119,12.901,80.2279,4,520.0,06:00-02:00,"UPI,CARD,ONLINE,WALLET",Promo code abuse / stolen wallet balances,0.014,35,6789.62,INR,PURCHASE,WALLET,MOBILE_APP,0,0,Coimbatore,9.0,0,0,1,DEV-MOHANA-SAMSUNG-S23,mobile_android,0,BEN-CUST_MOHANA_002-TRUSTED,Trusted Household Vendor,12,1,3,21,0,0,0,None,Resolved Genuine,Standard Habitual Purchase,0
TXN-CUST_MOHANA_002-10748,2026-08-10 09:53:51,2026-08-10,09:53:51,9,0,0,0,CUST_MOHANA_002,180,Coimbatore,Tamil Nadu,Medium Risk / 12% Fraud Rate,M023,SwiftBox Logistics,Courier / Logistics,Express Parcel & Freight Delivery,Tiruppur,Avinashi Road,Tamil Nadu,641603,11.1085,77.3411,9,4200.0,08:00-21:00,"POS,UPI,CARD,ONLINE",Interception fraud / address redirection,0.02,50,4360.8,INR,PURCHASE,CARD,MOBILE_APP,1,0,Coimbatore,9.0,0,0,1,DEV-MOHANA-SAMSUNG-S23,mobile_android,0,BEN-CUST_MOHANA_002-TRUSTED,Trusted Household Vendor,15,0,1,9,0,0,0,None,Resolved Genuine,Standard Habitual Purchase,0
TXN-CUST_MOHANA_002-10749,2026-08-10 11:20:08,2026-08-10,11:20:08,11,0,0,0,CUST_MOHANA_002,180,Coimbatore,Tamil Nadu,Medium Risk / 12% Fraud Rate,M025,ShieldSure Services,Insurance Services,General & Health Insurance Premium,Chennai,Egmore,Tamil Nadu,600008,13.0784,80.2607,13,14000.0,09:30-18:00,"ONLINE,NETBANKING,CARD",Premium diversion / fake policy payment slips,0.019,47,11644.62,INR,PURCHASE,NETBANKING,MOBILE_APP,0,0,Coimbatore,10.0,0,0,1,DEV-MOHANA-SAMSUNG-S23,mobile_android,0,BEN-CUST_MOHANA_002-TRUSTED,Trusted Household Vendor,11,0,1,8,0,0,0,None,Resolved Genuine,Standard Habitual Purchase,0
TXN-CUST_MOHANA_002-10750,2026-08-10 12:46:35,2026-08-10,12:46:35,12,0,0,0,CUST_MOHANA_002,180,Coimbatore,Tamil Nadu,Medium Risk / 12% Fraud Rate,M019,ArenaSport World,Sports Retail,Fitness Equipment & Sports Wear,Chennai,Nungambakkam,Tamil Nadu,600034,13.0604,80.2405,6,5600.0,10:00-21:30,"POS,ONLINE,UPI,CARD",Stolen card chargeback on premium sports gear,0.026,65,8291.84,INR,PURCHASE,UPI,MOBILE_APP,1,0,Coimbatore,3.0,0,0,1,DEV-MOHANA-SAMSUNG-S23,mobile_android,0,BEN-CUST_MOHANA_002-TRUSTED,Trusted Household Vendor,8,0,3,14,0,0,0,None,Resolved Genuine,Standard Habitual Purchase,0
TXN-CUST_MOHANA_002-10751,2026-08-10 14:13:55,2026-08-10,14:13:55,14,0,0,0,CUST_MOHANA_002,180,Coimbatore,Tamil Nadu,Medium Risk / 12% Fraud Rate,M017,AutoForge Parts,Spare Parts,OEM Industrial & Auto Components,Hosur,Mookandapalli,Tamil Nadu,635126,12.7409,77.8253,15,16500.0,09:00-19:30,"TRANSFER,POS,CARD",Business email compromise / fake beneficiary update,0.033,82,4808.64,INR,PURCHASE,TRANSFER,MOBILE_APP,1,0,Coimbatore,12.0,0,0,1,DEV-MOHANA-SAMSUNG-S23,mobile_android,0,BEN-CUST_MOHANA_002-TRUSTED,Trusted Household Vendor,3,0,2,12,0,0,0,None,Resolved Genuine,Standard Habitual Purchase,0
TXN-CUST_MOHANA_002-10752,2026-08-10 15:40:38,2026-08-10,15:40:38,15,0,0,0,CUST_MOHANA_002,180,Coimbatore,Tamil Nadu,Medium Risk / 12% Fraud Rate,M020,GameGrid Arena,Gaming,"Esports, Consoles & Virtual Credits",Bengaluru,Koramangala,Karnataka,560095,12.9352,77.6245,4,3400.0,10:00-01:00,"ONLINE,UPI,CARD,WALLET",Virtual item laundering & bot-driven micro transactions,0.055,137,6404.36,INR,PURCHASE,UPI,MOBILE_APP,0,0,Coimbatore,3.0,0,0,1,DEV-MOHANA-SAMSUNG-S23,mobile_android,0,BEN-CUST_MOHANA_002-TRUSTED,Trusted Household Vendor,5,0,2,10,0,0,0,None,Resolved Genuine,Standard Habitual Purchase,0
TXN-CUST_MOHANA_002-10753,2026-08-10 17:05:33,2026-08-10,17:05:33,17,0,0,0,CUST_MOHANA_002,180,Coimbatore,Tamil Nadu,Medium Risk / 12% Fraud Rate,M009,RapidFuel Station,Fuel Station,"Petrol, Diesel & EV Fast Charge",Salem,Fairlands,Tamil Nadu,636016,11.6643,78.146,9,3100.0,24_HOURS,"POS,FLEET_CARD,UPI",Automated fleet card skimming,0.024,60,6243.2,INR,PURCHASE,UPI,MOBILE_APP,1,0,Coimbatore,5.0,0,0,1,DEV-MOHANA-SAMSUNG-S23,mobile_android,0,BEN-CUST_MOHANA_002-TRUSTED,Trusted Household Vendor,14,0,2,11,0,0,0,None,Resolved Genuine,Standard Habitual Purchase,0
TXN-CUST_MOHANA_002-10754,2026-08-10 18:29:20,2026-08-10,18:29:20,18,0,0,0,CUST_MOHANA_002,180,Coimbatore,Tamil Nadu,Medium Risk / 12% Fraud Rate,M012,DashDine Delivery,Food Delivery,Quick Commerce & Meal Delivery,Chennai,Sholinganallur,Tamil Nadu,600119,12.901,80.2279,4,520.0,06:00-02:00,"UPI,CARD,ONLINE,WALLET",Promo code abuse / stolen wallet balances,0.014,35,9288.2,INR,PURCHASE,CARD,MOBILE_APP,0,0,Coimbatore,12.0,0,0,1,DEV-MOHANA-SAMSUNG-S23,mobile_android,0,BEN-CUST_MOHANA_002-TRUSTED,Trusted Household Vendor,13,1,1,6,0,0,0,None,Resolved Genuine,Standard Habitual Purchase,0
TXN-CUST_MOHANA_002-10755,2026-08-10 19:53:30,2026-08-10,19:53:30,19,0,0,0,CUST_MOHANA_002,180,Coimbatore,Tamil Nadu,Medium Risk / 12% Fraud Rate,M021,GlowCraft Salon,Salon / Beauty,Spa & Grooming Studio,Chennai,Porur,Tamil Nadu,600116,13.0382,80.1565,5,2800.0,09:00-21:00,"POS,UPI,CARD",Unusual late-night transaction spikes,0.011,27,5520.15,INR,PURCHASE,POS,MOBILE_APP,1,0,Coimbatore,1.0,0,0,1,DEV-MOHANA-SAMSUNG-S23,mobile_android,0,BEN-CUST_MOHANA_002-TRUSTED,Trusted Household Vendor,6,0,2,12,0,0,0,None,Resolved Genuine,Standard Habitual Purchase,0
TXN-CUST_MOHANA_002-10756,2026-08-10 21:21:12,2026-08-10,21:21:12,21,0,0,0,CUST_MOHANA_002,180,Coimbatore,Tamil Nadu,Medium Risk / 12% Fraud Rate,M016,MotoCare Garage,Auto Service,Car Service & Detailing Hub,Chennai,Pallikaranai,Tamil Nadu,600100,12.9372,80.2014,7,8900.0,08:30-20:30,"POS,UPI,CARD",Over-invoicing / synthetic card payments,0.021,52,7063.59,INR,PURCHASE,UPI,MOBILE_APP,1,0,Coimbatore,15.0,0,0,1,DEV-MOHANA-SAMSUNG-S23,mobile_android,0,BEN-CUST_MOHANA_002-TRUSTED,Trusted Household Vendor,6,1,1,9,0,0,0,None,Resolved Genuine,Standard Habitual Purchase,0
TXN-CUST_MOHANA_002-10757,2026-08-10 22:44:51,2026-08-10,22:44:51,22,0,0,0,CUST_MOHANA_002,180,Coimbatore,Tamil Nadu,Medium Risk / 12% Fraud Rate,M025,ShieldSure Services,Insurance Services,General & Health Insurance Premium,Chennai,Egmore,Tamil Nadu,600008,13.0784,80.2607,13,14000.0,09:30-18:00,"ONLINE,NETBANKING,CARD",Premium diversion / fake policy payment slips,0.019,47,11144.9,INR,PURCHASE,NETBANKING,MOBILE_APP,0,0,Coimbatore,9.0,0,0,1,DEV-MOHANA-SAMSUNG-S23,mobile_android,0,BEN-CUST_MOHANA_002-TRUSTED,Trusted Household Vendor,3,1,3,18,0,0,0,None,Resolved Genuine,Standard Habitual Purchase,0
TXN-CUST_MOHANA_002-10758,2026-08-11 00:10:38,2026-08-11,00:10:38,0,1,0,1,CUST_MOHANA_002,180,Coimbatore,Tamil Nadu,Medium Risk / 12% Fraud Rate,M001,NovaMart Fresh,Grocery & Supermarket,Supermarket / Hypermarket,Chennai,T Nagar,Tamil Nadu,600017,13.0418,80.2341,8,1250.0,07:00-22:30,"POS,UPI,CARD,ONLINE",Card testing / micro-burst velocity,0.012,30,10358.26,INR,PURCHASE,ONLINE,MOBILE_APP,1,0,Coimbatore,14.0,0,0,1,DEV-MOHANA-SAMSUNG-S23,mobile_android,0,BEN-CUST_MOHANA_002-TRUSTED,Trusted Household Vendor,10,1,2,17,0,0,0,None,Resolved Genuine,Standard Habitual Purchase,0
TXN-CUST_MOHANA_002-10759,2026-08-11 01:36:10,2026-08-11,01:36:10,1,1,0,1,CUST_MOHANA_002,180,Coimbatore,Tamil Nadu,Medium Risk / 12% Fraud Rate,M029,CloudDesk Digital,Software / Digital Services,Cloud Infrastructure & SaaS Tools,Bengaluru,Whitefield,Karnataka,560066,12.9698,77.7499,7,19800.0,24_HOURS,"ONLINE,CARD,TRANSFER",Cryptomining VM rental with stolen credit cards,0.058,145,9362.53,INR,PURCHASE,ONLINE,MOBILE_APP,0,0,Coimbatore,10.0,0,0,1,DEV-MOHANA-SAMSUNG-S23,mobile_android,0,BEN-CUST_MOHANA_002-TRUSTED,Trusted Household Vendor,15,0,2,10,0,0,0,None,Resolved Genuine,Standard Habitual Purchase,0
TXN-CUST_MOHANA_002-10760,2026-08-11 03:03:29,2026-08-11,03:03:29,3,1,0,1,CUST_MOHANA_002,180,Coimbatore,Tamil Nadu,Medium Risk / 12% Fraud Rate,M020,GameGrid Arena,Gaming,"Esports, Consoles & Virtual Credits",Bengaluru,Koramangala,Karnataka,560095,12.9352,77.6245,4,3400.0,10:00-01:00,"ONLINE,UPI,CARD,WALLET",Virtual item laundering & bot-driven micro transactions,0.055,137,4314.52,INR,PURCHASE,CARD,MOBILE_APP,0,0,Coimbatore,11.0,0,0,1,DEV-MOHANA-SAMSUNG-S23,mobile_android,0,BEN-CUST_MOHANA_002-TRUSTED,Trusted Household Vendor,10,0,1,12,0,0,0,None,Resolved Genuine,Standard Habitual Purchase,0
TXN-CUST_MOHANA_002-10761,2026-08-11 04:32:04,2026-08-11,04:32:04,4,1,0,1,CUST_MOHANA_002,180,Coimbatore,Tamil Nadu,Medium Risk / 12% Fraud Rate,M002,CircuitBay Electronics,Consumer Electronics,Laptops & Gadgets,Chennai,Velachery,Tamil Nadu,600042,12.9759,80.2212,6,32000.0,10:00-21:30,"POS,ONLINE,EMI,UPI",Stolen payment details / high-ticket electronics delivery,0.048,120,12178.13,INR,PURCHASE,POS,MOBILE_APP,1,0,Coimbatore,3.0,0,0,1,DEV-MOHANA-SAMSUNG-S23,mobile_android,0,BEN-CUST_MOHANA_002-TRUSTED,Trusted Household Vendor,4,0,2,14,0,0,0,None,Resolved Genuine,Standard Habitual Purchase,0
TXN-CUST_MOHANA_002-10762,2026-08-11 05:56:57,2026-08-11,05:56:57,5,1,0,1,CUST_MOHANA_002,180,Coimbatore,Tamil Nadu,Medium Risk / 12% Fraud Rate,M024,LinkWave Telecom,Telecom Retail,Fiber Broadband & Postpaid Plans,Erode,Perundurai Road,Tamil Nadu,638011,11.341,77.7172,10,1950.0,09:30-20:30,"UPI,CARD,ONLINE,POS",SIM swap bill recharge surges,0.017,42,8920.36,INR,PURCHASE,CARD,MOBILE_APP,1,0,Coimbatore,5.0,0,0,1,DEV-MOHANA-SAMSUNG-S23,mobile_android,0,BEN-CUST_MOHANA_002-TRUSTED,Trusted Household Vendor,9,1,4,20,0,0,0,None,Resolved Genuine,Standard Habitual Purchase,0
TXN-CUST_MOHANA_002-10763,2026-08-11 07:23:46,2026-08-11,07:23:46,7,1,0,0,CUST_MOHANA_002,180,Coimbatore,Tamil Nadu,Medium Risk / 12% Fraud Rate,M026,GreenLeaf Wellness,Health & Wellness,Organic Nutrition & Ayurveda,Trichy,Srirangam,Tamil Nadu,620006,10.8624,78.6947,6,2100.0,08:00-21:00,"POS,UPI,ONLINE,CARD",Subscription card stuffing,0.013,32,12260.07,INR,PURCHASE,POS,MOBILE_APP,1,0,Coimbatore,2.0,0,0,1,DEV-MOHANA-SAMSUNG-S23,mobile_android,0,BEN-CUST_MOHANA_002-TRUSTED,Trusted Household Vendor,11,0,1,11,0,0,0,None,Resolved Genuine,Standard Habitual Purchase,0
TXN-CUST_MOHANA_002-10764,2026-08-11 08:49:36,2026-08-11,08:49:36,8,1,0,0,CUST_MOHANA_002,180,Coimbatore,Tamil Nadu,Medium Risk / 12% Fraud Rate,M029,CloudDesk Digital,Software / Digital Services,Cloud Infrastructure & SaaS Tools,Bengaluru,Whitefield,Karnataka,560066,12.9698,77.7499,7,19800.0,24_HOURS,"ONLINE,CARD,TRANSFER",Cryptomining VM rental with stolen credit cards,0.058,145,7159.46,INR,PURCHASE,ONLINE,MOBILE_APP,0,0,Coimbatore,14.0,0,0,1,DEV-MOHANA-SAMSUNG-S23,mobile_android,0,BEN-CUST_MOHANA_002-TRUSTED,Trusted Household Vendor,10,0,4,24,0,0,0,None,Resolved Genuine,Standard Habitual Purchase,0
TXN-CUST_MOHANA_002-10765,2026-08-11 10:14:24,2026-08-11,10:14:24,10,1,0,0,CUST_MOHANA_002,180,Coimbatore,Tamil Nadu,Medium Risk / 12% Fraud Rate,M013,CartNest Online,E-commerce,Multi-category Marketplace,Chennai,Guindy,Tamil Nadu,600032,13.0067,80.2026,5,6200.0,24_HOURS,"ONLINE,UPI,CARD,NETBANKING",Account takeover + triangulation shipping fraud,0.045,112,12884.59,INR,PURCHASE,CARD,MOBILE_APP,0,0,Coimbatore,2.0,0,0,1,DEV-MOHANA-SAMSUNG-S23,mobile_android,0,BEN-CUST_MOHANA_002-TRUSTED,Trusted Household Vendor,8,0,4,18,0,0,0,None,Resolved Genuine,Standard Habitual Purchase,0
TXN-CUST_MOHANA_002-10766,2026-08-11 11:39:37,2026-08-11,11:39:37,11,1,0,0,CUST_MOHANA_002,180,Coimbatore,Tamil Nadu,Medium Risk / 12% Fraud Rate,M010,HarborView Residency,Hotel / Hospitality,Business & Luxury Hotel,Chennai,OMR,Tamil Nadu,600096,12.9165,80.2285,6,9500.0,24_HOURS,"ONLINE,POS,CARD,TRANSFER",Online travel booking fraud with stolen corporate credentials,0.041,102,11343.79,INR,PURCHASE,TRANSFER,MOBILE_APP,1,0,Coimbatore,13.0,0,0,1,DEV-MOHANA-SAMSUNG-S23,mobile_android,0,BEN-CUST_MOHANA_002-TRUSTED,Trusted Household Vendor,10,0,1,12,0,0,0,None,Resolved Genuine,Standard Habitual Purchase,0
TXN-CUST_MOHANA_002-10767,2026-08-11 13:08:54,2026-08-11,13:08:54,13,1,0,0,CUST_MOHANA_002,180,Coimbatore,Tamil Nadu,Medium Risk / 12% Fraud Rate,M022,SkillSpring Academy,Education / Training,Professional Certifications & Tech Bootcamps,Chennai,Mylapore,Tamil Nadu,600004,13.0368,80.2676,8,22000.0,08:30-19:30,"ONLINE,NETBANKING,CARD,UPI",Stolen corporate card enrollments,0.028,70,49030.02,INR,P2P_TRANSFER,UPI,MOBILE_APP,0,0,Hyderabad,530.0,1,0,1,DEV-MOHANA-SAMSUNG-S23,mobile_android,1,BEN-NEW-409,Global Flight Booking,0,4,7,32,1,0,0,Geographic Anomaly / High Ticket Spike,Review Required,Sudden location velocity jump with new merchant,1
TXN-CUST_MOHANA_002-10768,2026-08-11 14:35:01,2026-08-11,14:35:01,14,1,0,0,CUST_MOHANA_002,180,Coimbatore,Tamil Nadu,Medium Risk / 12% Fraud Rate,M005,UrbanThread Studio,Fashion / Apparel,Designer & Ready-to-wear,Chennai,Anna Nagar,Tamil Nadu,600040,13.085,80.2101,5,4800.0,10:30-22:00,"POS,ONLINE,UPI,CARD",Refund abuse / credential stuffing,0.022,55,12034.4,INR,PURCHASE,UPI,MOBILE_APP,1,0,Coimbatore,7.0,0,0,1,DEV-MOHANA-SAMSUNG-S23,mobile_android,0,BEN-CUST_MOHANA_002-TRUSTED,Trusted Household Vendor,4,1,1,8,0,0,0,None,Resolved Genuine,Standard Habitual Purchase,0
TXN-CUST_MOHANA_002-10769,2026-08-11 15:59:57,2026-08-11,15:59:57,15,1,0,0,CUST_MOHANA_002,180,Coimbatore,Tamil Nadu,Medium Risk / 12% Fraud Rate,M026,GreenLeaf Wellness,Health & Wellness,Organic Nutrition & Ayurveda,Trichy,Srirangam,Tamil Nadu,620006,10.8624,78.6947,6,2100.0,08:00-21:00,"POS,UPI,ONLINE,CARD",Subscription card stuffing,0.013,32,7591.54,INR,PURCHASE,ONLINE,MOBILE_APP,1,0,Coimbatore,3.0,0,0,1,DEV-MOHANA-SAMSUNG-S23,mobile_android,0,BEN-CUST_MOHANA_002-TRUSTED,Trusted Household Vendor,13,0,3,18,0,0,0,None,Resolved Genuine,Standard Habitual Purchase,0
TXN-CUST_MOHANA_002-10770,2026-08-11 17:27:24,2026-08-11,17:27:24,17,1,0,0,CUST_MOHANA_002,180,Coimbatore,Tamil Nadu,Medium Risk / 12% Fraud Rate,M004,Aurelia Gold House,Jewellery,Gold & Diamond Jewellery,Coimbatore,RS Puram,Tamil Nadu,641002,11.0089,76.9514,14,78000.0,10:00-20:30,"POS,CARD,TRANSFER",Account takeover / card-not-present luxury surge,0.065,162,10327.61,INR,PURCHASE,TRANSFER,MOBILE_APP,1,0,Coimbatore,14.0,0,0,1,DEV-MOHANA-SAMSUNG-S23,mobile_android,0,BEN-CUST_MOHANA_002-TRUSTED,Trusted Household Vendor,11,0,1,13,0,0,0,None,Resolved Genuine,Standard Habitual Purchase,0
TXN-CUST_MOHANA_002-10771,2026-08-11 18:56:29,2026-08-11,18:56:29,18,1,0,0,CUST_MOHANA_002,180,Coimbatore,Tamil Nadu,Medium Risk / 12% Fraud Rate,M020,GameGrid Arena,Gaming,"Esports, Consoles & Virtual Credits",Bengaluru,Koramangala,Karnataka,560095,12.9352,77.6245,4,3400.0,10:00-01:00,"ONLINE,UPI,CARD,WALLET",Virtual item laundering & bot-driven micro transactions,0.055,137,13093.78,INR,PURCHASE,UPI,MOBILE_APP,0,0,Coimbatore,10.0,0,0,1,DEV-MOHANA-SAMSUNG-S23,mobile_android,0,BEN-CUST_MOHANA_002-TRUSTED,Trusted Household Vendor,5,1,4,22,0,0,0,None,Resolved Genuine,Standard Habitual Purchase,0
TXN-CUST_MOHANA_002-10772,2026-08-11 20:25:20,2026-08-11,20:25:20,20,1,0,0,CUST_MOHANA_002,180,Coimbatore,Tamil Nadu,Medium Risk / 12% Fraud Rate,M023,SwiftBox Logistics,Courier / Logistics,Express Parcel & Freight Delivery,Tiruppur,Avinashi Road,Tamil Nadu,641603,11.1085,77.3411,9,4200.0,08:00-21:00,"POS,UPI,CARD,ONLINE",Interception fraud / address redirection,0.02,50,4263.28,INR,PURCHASE,UPI,MOBILE_APP,1,0,Coimbatore,10.0,0,0,1,DEV-MOHANA-SAMSUNG-S23,mobile_android,0,BEN-CUST_MOHANA_002-TRUSTED,Trusted Household Vendor,7,0,4,21,0,0,0,None,Resolved Genuine,Standard Habitual Purchase,0
TXN-CUST_MOHANA_002-10773,2026-08-11 21:52:05,2026-08-11,21:52:05,21,1,0,0,CUST_MOHANA_002,180,Coimbatore,Tamil Nadu,Medium Risk / 12% Fraud Rate,M026,GreenLeaf Wellness,Health & Wellness,Organic Nutrition & Ayurveda,Trichy,Srirangam,Tamil Nadu,620006,10.8624,78.6947,6,2100.0,08:00-21:00,"POS,UPI,ONLINE,CARD",Subscription card stuffing,0.013,32,5842.1,INR,PURCHASE,UPI,MOBILE_APP,1,0,Coimbatore,3.0,0,0,1,DEV-MOHANA-SAMSUNG-S23,mobile_android,0,BEN-CUST_MOHANA_002-TRUSTED,Trusted Household Vendor,10,0,3,19,0,0,0,None,Resolved Genuine,Standard Habitual Purchase,0
TXN-CUST_MOHANA_002-10774,2026-08-11 23:19:29,2026-08-11,23:19:29,23,1,0,1,CUST_MOHANA_002,180,Coimbatore,Tamil Nadu,Medium Risk / 12% Fraud Rate,M012,DashDine Delivery,Food Delivery,Quick Commerce & Meal Delivery,Chennai,Sholinganallur,Tamil Nadu,600119,12.901,80.2279,4,520.0,06:00-02:00,"UPI,CARD,ONLINE,WALLET",Promo code abuse / stolen wallet balances,0.014,35,8822.61,INR,PURCHASE,CARD,MOBILE_APP,0,0,Coimbatore,4.0,0,0,1,DEV-MOHANA-SAMSUNG-S23,mobile_android,0,BEN-CUST_MOHANA_002-TRUSTED,Trusted Household Vendor,3,0,2,11,0,0,0,None,Resolved Genuine,Standard Habitual Purchase,0
TXN-CUST_MOHANA_002-10775,2026-08-12 00:43:22,2026-08-12,00:43:22,0,2,0,1,CUST_MOHANA_002,180,Coimbatore,Tamil Nadu,Medium Risk / 12% Fraud Rate,M027,BrickHarbor Realty,Real Estate / Property Services,Rental Escrow & Facility Management,Chennai,Porur,Tamil Nadu,600116,13.035,80.16,11,65000.0,09:00-19:00,"TRANSFER,NETBANKING,CARD",Security deposit phishing / escrow hijacking,0.039,97,150291.84,INR,PURCHASE,NETBANKING,MOBILE_APP,0,0,Delhi,715.0,1,0,1,DEV-MOHANA-SAMSUNG-S23,mobile_android,0,BEN-CUST_MOHANA_002-01,Self Family Transfer,3,2,6,31,1,0,0,Geographic Anomaly / High Ticket Spike,Review Required,Sudden location velocity jump with new merchant,1
TXN-CUST_MOHANA_002-10776,2026-08-12 02:11:57,2026-08-12,02:11:57,2,2,0,1,CUST_MOHANA_002,180,Coimbatore,Tamil Nadu,Medium Risk / 12% Fraud Rate,M025,ShieldSure Services,Insurance Services,General & Health Insurance Premium,Chennai,Egmore,Tamil Nadu,600008,13.0784,80.2607,13,14000.0,09:30-18:00,"ONLINE,NETBANKING,CARD",Premium diversion / fake policy payment slips,0.019,47,10823.19,INR,PURCHASE,NETBANKING,MOBILE_APP,0,0,Coimbatore,15.0,0,0,1,DEV-MOHANA-SAMSUNG-S23,mobile_android,0,BEN-CUST_MOHANA_002-TRUSTED,Trusted Household Vendor,10,0,3,21,0,0,0,None,Resolved Genuine,Standard Habitual Purchase,0
TXN-CUST_MOHANA_002-10777,2026-08-12 03:37:45,2026-08-12,03:37:45,3,2,0,1,CUST_MOHANA_002,180,Coimbatore,Tamil Nadu,Medium Risk / 12% Fraud Rate,M023,SwiftBox Logistics,Courier / Logistics,Express Parcel & Freight Delivery,Tiruppur,Avinashi Road,Tamil Nadu,641603,11.1085,77.3411,9,4200.0,08:00-21:00,"POS,UPI,CARD,ONLINE",Interception fraud / address redirection,0.02,50,12528.13,INR,PURCHASE,CARD,MOBILE_APP,1,0,Coimbatore,13.0,0,0,1,DEV-MOHANA-SAMSUNG-S23,mobile_android,0,BEN-CUST_MOHANA_002-TRUSTED,Trusted Household Vendor,6,0,3,17,0,0,0,None,Resolved Genuine,Standard Habitual Purchase,0
TXN-CUST_MOHANA_002-10778,2026-08-12 05:03:46,2026-08-12,05:03:46,5,2,0,1,CUST_MOHANA_002,180,Coimbatore,Tamil Nadu,Medium Risk / 12% Fraud Rate,M019,ArenaSport World,Sports Retail,Fitness Equipment & Sports Wear,Chennai,Nungambakkam,Tamil Nadu,600034,13.0604,80.2405,6,5600.0,10:00-21:30,"POS,ONLINE,UPI,CARD",Stolen card chargeback on premium sports gear,0.026,65,13781.95,INR,PURCHASE,CARD,MOBILE_APP,0,0,Delhi,695.0,1,0,1,DEV-MOHANA-SAMSUNG-S23,mobile_android,0,BEN-CUST_MOHANA_002-01,Self Family Transfer,3,4,8,35,1,0,0,Geographic Anomaly / High Ticket Spike,Review Required,Sudden location velocity jump with new merchant,1
TXN-CUST_MOHANA_002-10779,2026-08-12 06:29:45,2026-08-12,06:29:45,6,2,0,0,CUST_MOHANA_002,180,Coimbatore,Tamil Nadu,Medium Risk / 12% Fraud Rate,M029,CloudDesk Digital,Software / Digital Services,Cloud Infrastructure & SaaS Tools,Bengaluru,Whitefield,Karnataka,560066,12.9698,77.7499,7,19800.0,24_HOURS,"ONLINE,CARD,TRANSFER",Cryptomining VM rental with stolen credit cards,0.058,145,6259.64,INR,PURCHASE,ONLINE,MOBILE_APP,0,0,Coimbatore,2.0,0,0,1,DEV-MOHANA-SAMSUNG-S23,mobile_android,0,BEN-CUST_MOHANA_002-TRUSTED,Trusted Household Vendor,8,1,3,22,0,0,0,None,Resolved Genuine,Standard Habitual Purchase,0
TXN-CUST_MOHANA_002-10780,2026-08-12 07:57:21,2026-08-12,07:57:21,7,2,0,0,CUST_MOHANA_002,180,Coimbatore,Tamil Nadu,Medium Risk / 12% Fraud Rate,M001,NovaMart Fresh,Grocery & Supermarket,Supermarket / Hypermarket,Chennai,T Nagar,Tamil Nadu,600017,13.0418,80.2341,8,1250.0,07:00-22:30,"POS,UPI,CARD,ONLINE",Card testing / micro-burst velocity,0.012,30,9241.4,INR,PURCHASE,POS,MOBILE_APP,1,0,Coimbatore,15.0,0,0,1,DEV-MOHANA-SAMSUNG-S23,mobile_android,0,BEN-CUST_MOHANA_002-TRUSTED,Trusted Household Vendor,11,0,3,19,0,0,0,None,Resolved Genuine,Standard Habitual Purchase,0
TXN-CUST_MOHANA_002-10781,2026-08-12 09:21:51,2026-08-12,09:21:51,9,2,0,0,CUST_MOHANA_002,180,Coimbatore,Tamil Nadu,Medium Risk / 12% Fraud Rate,M013,CartNest Online,E-commerce,Multi-category Marketplace,Chennai,Guindy,Tamil Nadu,600032,13.0067,80.2026,5,6200.0,24_HOURS,"ONLINE,UPI,CARD,NETBANKING",Account takeover + triangulation shipping fraud,0.045,112,9478.63,INR,PURCHASE,NETBANKING,MOBILE_APP,0,0,Coimbatore,6.0,0,0,1,DEV-MOHANA-SAMSUNG-S23,mobile_android,0,BEN-CUST_MOHANA_002-TRUSTED,Trusted Household Vendor,12,0,3,20,0,0,0,None,Resolved Genuine,Standard Habitual Purchase,0
TXN-CUST_MOHANA_002-10782,2026-08-12 10:47:04,2026-08-12,10:47:04,10,2,0,0,CUST_MOHANA_002,180,Coimbatore,Tamil Nadu,Medium Risk / 12% Fraud Rate,M015,HomeSphere Appliances,Home Appliances,"Refrigerators, ACs & Kitchen Tech",Coimbatore,Saibaba Colony,Tamil Nadu,641011,11.0315,76.945,9,27500.0,09:30-21:00,"POS,EMI,CARD,UPI",Carding attacks with immediate in-store pickup,0.038,95,5253.58,INR,PURCHASE,CARD,MOBILE_APP,1,0,Coimbatore,14.0,0,0,1,DEV-MOHANA-SAMSUNG-S23,mobile_android,0,BEN-CUST_MOHANA_002-TRUSTED,Trusted Household Vendor,10,0,1,8,0,0,0,None,Resolved Genuine,Standard Habitual Purchase,0
TXN-CUST_MOHANA_002-10783,2026-08-12 12:11:54,2026-08-12,12:11:54,12,2,0,0,CUST_MOHANA_002,180,Coimbatore,Tamil Nadu,Medium Risk / 12% Fraud Rate,M025,ShieldSure Services,Insurance Services,General & Health Insurance Premium,Chennai,Egmore,Tamil Nadu,600008,13.0784,80.2607,13,14000.0,09:30-18:00,"ONLINE,NETBANKING,CARD",Premium diversion / fake policy payment slips,0.019,47,10717.53,INR,PURCHASE,NETBANKING,MOBILE_APP,0,0,Coimbatore,2.0,0,0,1,DEV-MOHANA-SAMSUNG-S23,mobile_android,0,BEN-CUST_MOHANA_002-TRUSTED,Trusted Household Vendor,4,0,4,18,0,0,0,None,Resolved Genuine,Standard Habitual Purchase,0
TXN-CUST_MOHANA_002-10784,2026-08-12 13:41:18,2026-08-12,13:41:18,13,2,0,0,CUST_MOHANA_002,180,Coimbatore,Tamil Nadu,Medium Risk / 12% Fraud Rate,M009,RapidFuel Station,Fuel Station,"Petrol, Diesel & EV Fast Charge",Salem,Fairlands,Tamil Nadu,636016,11.6643,78.146,9,3100.0,24_HOURS,"POS,FLEET_CARD,UPI",Automated fleet card skimming,0.024,60,10036.78,INR,PURCHASE,POS,MOBILE_APP,1,0,Coimbatore,10.0,0,0,1,DEV-MOHANA-SAMSUNG-S23,mobile_android,0,BEN-CUST_MOHANA_002-TRUSTED,Trusted Household Vendor,9,1,2,14,0,0,0,None,Resolved Genuine,Standard Habitual Purchase,0
TXN-CUST_MOHANA_002-10785,2026-08-12 15:09:21,2026-08-12,15:09:21,15,2,0,0,CUST_MOHANA_002,180,Coimbatore,Tamil Nadu,Medium Risk / 12% Fraud Rate,M029,CloudDesk Digital,Software / Digital Services,Cloud Infrastructure & SaaS Tools,Bengaluru,Whitefield,Karnataka,560066,12.9698,77.7499,7,19800.0,24_HOURS,"ONLINE,CARD,TRANSFER",Cryptomining VM rental with stolen credit cards,0.058,145,6551.25,INR,PURCHASE,CARD,MOBILE_APP,0,0,Coimbatore,12.0,0,0,1,DEV-MOHANA-SAMSUNG-S23,mobile_android,0,BEN-CUST_MOHANA_002-TRUSTED,Trusted Household Vendor,12,0,4,21,0,0,0,None,Resolved Genuine,Standard Habitual Purchase,0
TXN-CUST_MOHANA_002-10786,2026-08-12 16:36:42,2026-08-12,16:36:42,16,2,0,0,CUST_MOHANA_002,180,Coimbatore,Tamil Nadu,Medium Risk / 12% Fraud Rate,M015,HomeSphere Appliances,Home Appliances,"Refrigerators, ACs & Kitchen Tech",Coimbatore,Saibaba Colony,Tamil Nadu,641011,11.0315,76.945,9,27500.0,09:30-21:00,"POS,EMI,CARD,UPI",Carding attacks with immediate in-store pickup,0.038,95,5705.26,INR,PURCHASE,POS,MOBILE_APP,1,0,Coimbatore,15.0,0,0,1,DEV-MOHANA-SAMSUNG-S23,mobile_android,0,BEN-CUST_MOHANA_002-TRUSTED,Trusted Household Vendor,3,0,1,13,0,0,0,None,Resolved Genuine,Standard Habitual Purchase,0
TXN-CUST_MOHANA_002-10787,2026-08-12 18:05:44,2026-08-12,18:05:44,18,2,0,0,CUST_MOHANA_002,180,Coimbatore,Tamil Nadu,Medium Risk / 12% Fraud Rate,M027,BrickHarbor Realty,Real Estate / Property Services,Rental Escrow & Facility Management,Chennai,Porur,Tamil Nadu,600116,13.035,80.16,11,65000.0,09:00-19:00,"TRANSFER,NETBANKING,CARD",Security deposit phishing / escrow hijacking,0.039,97,149420.38,INR,P2P_TRANSFER,NETBANKING,WEB_PORTAL,0,0,Mumbai,677.0,1,1,0,DEV-LAPTOP-CHROME-223,web_browser,1,BEN-NEW-670,Global Flight Booking,0,4,8,39,1,0,0,Geographic Anomaly / High Ticket Spike,Review Required,Sudden location velocity jump with new merchant,1
TXN-CUST_MOHANA_002-10788,2026-08-12 19:30:05,2026-08-12,19:30:05,19,2,0,0,CUST_MOHANA_002,180,Coimbatore,Tamil Nadu,Medium Risk / 12% Fraud Rate,M012,DashDine Delivery,Food Delivery,Quick Commerce & Meal Delivery,Chennai,Sholinganallur,Tamil Nadu,600119,12.901,80.2279,4,520.0,06:00-02:00,"UPI,CARD,ONLINE,WALLET",Promo code abuse / stolen wallet balances,0.014,35,11719.58,INR,PURCHASE,WALLET,MOBILE_APP,0,0,Coimbatore,11.0,0,0,1,DEV-MOHANA-SAMSUNG-S23,mobile_android,0,BEN-CUST_MOHANA_002-TRUSTED,Trusted Household Vendor,9,0,2,14,0,0,0,None,Resolved Genuine,Standard Habitual Purchase,0
TXN-CUST_MOHANA_002-10789,2026-08-12 20:55:05,2026-08-12,20:55:05,20,2,0,0,CUST_MOHANA_002,180,Coimbatore,Tamil Nadu,Medium Risk / 12% Fraud Rate,M022,SkillSpring Academy,Education / Training,Professional Certifications & Tech Bootcamps,Chennai,Mylapore,Tamil Nadu,600004,13.0368,80.2676,8,22000.0,08:30-19:30,"ONLINE,NETBANKING,CARD,UPI",Stolen corporate card enrollments,0.028,70,10034.97,INR,PURCHASE,NETBANKING,MOBILE_APP,0,0,Coimbatore,11.0,0,0,1,DEV-MOHANA-SAMSUNG-S23,mobile_android,0,BEN-CUST_MOHANA_002-TRUSTED,Trusted Household Vendor,10,0,1,8,0,0,0,None,Resolved Genuine,Standard Habitual Purchase,0
TXN-CUST_MOHANA_002-10790,2026-08-12 22:23:42,2026-08-12,22:23:42,22,2,0,0,CUST_MOHANA_002,180,Coimbatore,Tamil Nadu,Medium Risk / 12% Fraud Rate,M027,BrickHarbor Realty,Real Estate / Property Services,Rental Escrow & Facility Management,Chennai,Porur,Tamil Nadu,600116,13.035,80.16,11,65000.0,09:00-19:00,"TRANSFER,NETBANKING,CARD",Security deposit phishing / escrow hijacking,0.039,97,10302.4,INR,PURCHASE,TRANSFER,MOBILE_APP,0,0,Coimbatore,12.0,0,0,1,DEV-MOHANA-SAMSUNG-S23,mobile_android,0,BEN-CUST_MOHANA_002-TRUSTED,Trusted Household Vendor,14,0,3,17,0,0,0,None,Resolved Genuine,Standard Habitual Purchase,0
TXN-CUST_MOHANA_002-10791,2026-08-12 23:52:32,2026-08-12,23:52:32,23,2,0,1,CUST_MOHANA_002,180,Coimbatore,Tamil Nadu,Medium Risk / 12% Fraud Rate,M015,HomeSphere Appliances,Home Appliances,"Refrigerators, ACs & Kitchen Tech",Coimbatore,Saibaba Colony,Tamil Nadu,641011,11.0315,76.945,9,27500.0,09:30-21:00,"POS,EMI,CARD,UPI",Carding attacks with immediate in-store pickup,0.038,95,8020.26,INR,PURCHASE,EMI,MOBILE_APP,1,0,Coimbatore,10.0,0,0,1,DEV-MOHANA-SAMSUNG-S23,mobile_android,0,BEN-CUST_MOHANA_002-TRUSTED,Trusted Household Vendor,9,0,3,17,0,0,0,None,Resolved Genuine,Standard Habitual Purchase,0
TXN-CUST_MOHANA_002-10792,2026-08-13 01:18:44,2026-08-13,01:18:44,1,3,0,1,CUST_MOHANA_002,180,Coimbatore,Tamil Nadu,Medium Risk / 12% Fraud Rate,M004,Aurelia Gold House,Jewellery,Gold & Diamond Jewellery,Coimbatore,RS Puram,Tamil Nadu,641002,11.0089,76.9514,14,78000.0,10:00-20:30,"POS,CARD,TRANSFER",Account takeover / card-not-present luxury surge,0.065,162,6242.3,INR,PURCHASE,TRANSFER,MOBILE_APP,1,0,Coimbatore,1.0,0,0,1,DEV-MOHANA-SAMSUNG-S23,mobile_android,0,BEN-CUST_MOHANA_002-TRUSTED,Trusted Household Vendor,15,0,1,11,0,0,0,None,Resolved Genuine,Standard Habitual Purchase,0
TXN-CUST_MOHANA_002-10793,2026-08-13 02:47:02,2026-08-13,02:47:02,2,3,0,1,CUST_MOHANA_002,180,Coimbatore,Tamil Nadu,Medium Risk / 12% Fraud Rate,M027,BrickHarbor Realty,Real Estate / Property Services,Rental Escrow & Facility Management,Chennai,Porur,Tamil Nadu,600116,13.035,80.16,11,65000.0,09:00-19:00,"TRANSFER,NETBANKING,CARD",Security deposit phishing / escrow hijacking,0.039,97,7881.15,INR,PURCHASE,CARD,MOBILE_APP,0,0,Coimbatore,9.0,0,0,1,DEV-MOHANA-SAMSUNG-S23,mobile_android,0,BEN-CUST_MOHANA_002-TRUSTED,Trusted Household Vendor,8,1,3,22,0,0,0,None,Resolved Genuine,Standard Habitual Purchase,0
TXN-CUST_MOHANA_002-10794,2026-08-13 04:14:23,2026-08-13,04:14:23,4,3,0,1,CUST_MOHANA_002,180,Coimbatore,Tamil Nadu,Medium Risk / 12% Fraud Rate,M002,CircuitBay Electronics,Consumer Electronics,Laptops & Gadgets,Chennai,Velachery,Tamil Nadu,600042,12.9759,80.2212,6,32000.0,10:00-21:30,"POS,ONLINE,EMI,UPI",Stolen payment details / high-ticket electronics delivery,0.048,120,3770.94,INR,PURCHASE,ONLINE,MOBILE_APP,1,0,Coimbatore,15.0,0,0,1,DEV-MOHANA-SAMSUNG-S23,mobile_android,0,BEN-CUST_MOHANA_002-TRUSTED,Trusted Household Vendor,14,1,2,11,0,0,0,None,Resolved Genuine,Standard Habitual Purchase,0
TXN-CUST_MOHANA_002-10795,2026-08-13 05:39:38,2026-08-13,05:39:38,5,3,0,1,CUST_MOHANA_002,180,Coimbatore,Tamil Nadu,Medium Risk / 12% Fraud Rate,M011,SkyTrail Travels,Travel Agency,Flight & International Tour Packages,Coimbatore,Gandhipuram,Tamil Nadu,641012,11.0183,76.9664,11,44000.0,09:00-20:00,"ONLINE,TRANSFER,CARD",Mule-account ticket arbitrage & fast cancellation fraud,0.052,130,8123.77,INR,PURCHASE,ONLINE,MOBILE_APP,0,0,Coimbatore,14.0,0,0,1,DEV-MOHANA-SAMSUNG-S23,mobile_android,0,BEN-CUST_MOHANA_002-TRUSTED,Trusted Household Vendor,9,0,1,10,0,0,0,None,Resolved Genuine,Standard Habitual Purchase,0
TXN-CUST_MOHANA_002-10796,2026-08-13 07:04:24,2026-08-13,07:04:24,7,3,0,0,CUST_MOHANA_002,180,Coimbatore,Tamil Nadu,Medium Risk / 12% Fraud Rate,M019,ArenaSport World,Sports Retail,Fitness Equipment & Sports Wear,Chennai,Nungambakkam,Tamil Nadu,600034,13.0604,80.2405,6,5600.0,10:00-21:30,"POS,ONLINE,UPI,CARD",Stolen card chargeback on premium sports gear,0.026,65,10461.46,INR,PURCHASE,CARD,MOBILE_APP,1,0,Coimbatore,2.0,0,0,1,DEV-MOHANA-SAMSUNG-S23,mobile_android,0,BEN-CUST_MOHANA_002-TRUSTED,Trusted Household Vendor,15,0,2,18,0,0,0,None,Resolved Genuine,Standard Habitual Purchase,0
TXN-CUST_MOHANA_002-10797,2026-08-13 08:32:38,2026-08-13,08:32:38,8,3,0,0,CUST_MOHANA_002,180,Coimbatore,Tamil Nadu,Medium Risk / 12% Fraud Rate,M023,SwiftBox Logistics,Courier / Logistics,Express Parcel & Freight Delivery,Tiruppur,Avinashi Road,Tamil Nadu,641603,11.1085,77.3411,9,4200.0,08:00-21:00,"POS,UPI,CARD,ONLINE",Interception fraud / address redirection,0.02,50,4285.81,INR,PURCHASE,UPI,MOBILE_APP,1,0,Coimbatore,3.0,0,0,1,DEV-MOHANA-SAMSUNG-S23,mobile_android,0,BEN-CUST_MOHANA_002-TRUSTED,Trusted Household Vendor,4,0,2,16,0,0,0,None,Resolved Genuine,Standard Habitual Purchase,0
TXN-CUST_MOHANA_002-10798,2026-08-13 09:59:46,2026-08-13,09:59:46,9,3,0,0,CUST_MOHANA_002,180,Coimbatore,Tamil Nadu,Medium Risk / 12% Fraud Rate,M012,DashDine Delivery,Food Delivery,Quick Commerce & Meal Delivery,Chennai,Sholinganallur,Tamil Nadu,600119,12.901,80.2279,4,520.0,06:00-02:00,"UPI,CARD,ONLINE,WALLET",Promo code abuse / stolen wallet balances,0.014,35,10633.71,INR,PURCHASE,UPI,MOBILE_APP,0,0,Coimbatore,9.0,0,0,1,DEV-MOHANA-SAMSUNG-S23,mobile_android,0,BEN-CUST_MOHANA_002-TRUSTED,Trusted Household Vendor,14,0,2,12,0,0,0,None,Resolved Genuine,Standard Habitual Purchase,0
TXN-CUST_MOHANA_002-10799,2026-08-13 11:26:37,2026-08-13,11:26:37,11,3,0,0,CUST_MOHANA_002,180,Coimbatore,Tamil Nadu,Medium Risk / 12% Fraud Rate,M021,GlowCraft Salon,Salon / Beauty,Spa & Grooming Studio,Chennai,Porur,Tamil Nadu,600116,13.0382,80.1565,5,2800.0,09:00-21:00,"POS,UPI,CARD",Unusual late-night transaction spikes,0.011,27,12130.64,INR,PURCHASE,UPI,MOBILE_APP,1,0,Coimbatore,13.0,0,0,1,DEV-MOHANA-SAMSUNG-S23,mobile_android,0,BEN-CUST_MOHANA_002-TRUSTED,Trusted Household Vendor,14,0,2,15,0,0,0,None,Resolved Genuine,Standard Habitual Purchase,0
TXN-CUST_MOHANA_002-10800,2026-08-13 12:54:59,2026-08-13,12:54:59,12,3,0,0,CUST_MOHANA_002,180,Coimbatore,Tamil Nadu,Medium Risk / 12% Fraud Rate,M028,CraftCove Home Decor,Home Decor,Handicrafts & Art Pieces,Thanjavur,Medical College Road,Tamil Nadu,613004,10.7684,79.1245,8,7400.0,09:30-20:30,"POS,UPI,CARD,ONLINE",Cross-border tourist chargebacks,0.023,57,10124.59,INR,PURCHASE,UPI,MOBILE_APP,1,0,Coimbatore,4.0,0,0,1,DEV-MOHANA-SAMSUNG-S23,mobile_android,0,BEN-CUST_MOHANA_002-TRUSTED,Trusted Household Vendor,5,0,2,17,0,0,0,None,Resolved Genuine,Standard Habitual Purchase,0
TXN-CUST_MOHANA_002-10801,2026-08-13 14:19:45,2026-08-13,14:19:45,14,3,0,0,CUST_MOHANA_002,180,Coimbatore,Tamil Nadu,Medium Risk / 12% Fraud Rate,M020,GameGrid Arena,Gaming,"Esports, Consoles & Virtual Credits",Bengaluru,Koramangala,Karnataka,560095,12.9352,77.6245,4,3400.0,10:00-01:00,"ONLINE,UPI,CARD,WALLET",Virtual item laundering & bot-driven micro transactions,0.055,137,5339.06,INR,PURCHASE,CARD,MOBILE_APP,0,0,Coimbatore,9.0,0,0,1,DEV-MOHANA-SAMSUNG-S23,mobile_android,0,BEN-CUST_MOHANA_002-TRUSTED,Trusted Household Vendor,3,0,2,15,0,0,0,None,Resolved Genuine,Standard Habitual Purchase,0
TXN-CUST_MOHANA_002-10802,2026-08-13 15:48:16,2026-08-13,15:48:16,15,3,0,0,CUST_MOHANA_002,180,Coimbatore,Tamil Nadu,Medium Risk / 12% Fraud Rate,M023,SwiftBox Logistics,Courier / Logistics,Express Parcel & Freight Delivery,Tiruppur,Avinashi Road,Tamil Nadu,641603,11.1085,77.3411,9,4200.0,08:00-21:00,"POS,UPI,CARD,ONLINE",Interception fraud / address redirection,0.02,50,10473.63,INR,PURCHASE,CARD,MOBILE_APP,1,0,Coimbatore,15.0,0,0,1,DEV-MOHANA-SAMSUNG-S23,mobile_android,0,BEN-CUST_MOHANA_002-TRUSTED,Trusted Household Vendor,15,0,2,13,0,0,0,None,Resolved Genuine,Standard Habitual Purchase,0
TXN-CUST_MOHANA_002-10803,2026-08-13 17:12:26,2026-08-13,17:12:26,17,3,0,0,CUST_MOHANA_002,180,Coimbatore,Tamil Nadu,Medium Risk / 12% Fraud Rate,M014,OakLine Furnishings,Furniture,Teak Wood & Modern Home Decor,Madurai,Bypass Road,Tamil Nadu,625016,9.932,78.109,12,38000.0,10:00-21:00,"POS,CARD,TRANSFER,EMI",Invoice redirection fraud / fake payment slips,0.029,72,7753.58,INR,PURCHASE,EMI,MOBILE_APP,1,0,Coimbatore,9.0,0,0,1,DEV-MOHANA-SAMSUNG-S23,mobile_android,0,BEN-CUST_MOHANA_002-TRUSTED,Trusted Household Vendor,10,0,1,7,0,0,0,None,Resolved Genuine,Standard Habitual Purchase,0
TXN-CUST_MOHANA_002-10804,2026-08-13 18:41:17,2026-08-13,18:41:17,18,3,0,0,CUST_MOHANA_002,180,Coimbatore,Tamil Nadu,Medium Risk / 12% Fraud Rate,M018,PageTurn Book House,Bookstore,"Academic, Fiction & Stationery",Trichy,Thillai Nagar,Tamil Nadu,620018,10.8282,78.6854,16,850.0,09:00-21:30,"POS,UPI,CARD,ONLINE",Low-value card testing bots,0.008,20,13356.46,INR,PURCHASE,ONLINE,MOBILE_APP,1,0,Coimbatore,1.0,0,0,1,DEV-MOHANA-SAMSUNG-S23,mobile_android,0,BEN-CUST_MOHANA_002-TRUSTED,Trusted Household Vendor,12,0,4,19,0,0,0,None,Resolved Genuine,Standard Habitual Purchase,0
TXN-CUST_MOHANA_002-10805,2026-08-13 20:09:16,2026-08-13,20:09:16,20,3,0,0,CUST_MOHANA_002,180,Coimbatore,Tamil Nadu,Medium Risk / 12% Fraud Rate,M026,GreenLeaf Wellness,Health & Wellness,Organic Nutrition & Ayurveda,Trichy,Srirangam,Tamil Nadu,620006,10.8624,78.6947,6,2100.0,08:00-21:00,"POS,UPI,ONLINE,CARD",Subscription card stuffing,0.013,32,5015.63,INR,PURCHASE,POS,MOBILE_APP,1,0,Coimbatore,14.0,0,0,1,DEV-MOHANA-SAMSUNG-S23,mobile_android,0,BEN-CUST_MOHANA_002-TRUSTED,Trusted Household Vendor,4,1,1,13,0,0,0,None,Resolved Genuine,Standard Habitual Purchase,0
TXN-CUST_MOHANA_002-10806,2026-08-13 21:33:25,2026-08-13,21:33:25,21,3,0,0,CUST_MOHANA_002,180,Coimbatore,Tamil Nadu,Medium Risk / 12% Fraud Rate,M013,CartNest Online,E-commerce,Multi-category Marketplace,Chennai,Guindy,Tamil Nadu,600032,13.0067,80.2026,5,6200.0,24_HOURS,"ONLINE,UPI,CARD,NETBANKING",Account takeover + triangulation shipping fraud,0.045,112,4417.72,INR,PURCHASE,UPI,MOBILE_APP,0,0,Coimbatore,11.0,0,0,1,DEV-MOHANA-SAMSUNG-S23,mobile_android,0,BEN-CUST_MOHANA_002-TRUSTED,Trusted Household Vendor,11,0,2,11,0,0,0,None,Resolved Genuine,Standard Habitual Purchase,0
TXN-CUST_MOHANA_002-10807,2026-08-13 23:02:36,2026-08-13,23:02:36,23,3,0,1,CUST_MOHANA_002,180,Coimbatore,Tamil Nadu,Medium Risk / 12% Fraud Rate,M016,MotoCare Garage,Auto Service,Car Service & Detailing Hub,Chennai,Pallikaranai,Tamil Nadu,600100,12.9372,80.2014,7,8900.0,08:30-20:30,"POS,UPI,CARD",Over-invoicing / synthetic card payments,0.021,52,10195.45,INR,PURCHASE,UPI,MOBILE_APP,1,0,Coimbatore,14.0,0,0,1,DEV-MOHANA-SAMSUNG-S23,mobile_android,0,BEN-CUST_MOHANA_002-TRUSTED,Trusted Household Vendor,11,0,3,20,0,0,0,None,Resolved Genuine,Standard Habitual Purchase,0
TXN-CUST_MOHANA_002-10808,2026-08-14 00:28:52,2026-08-14,00:28:52,0,4,0,1,CUST_MOHANA_002,180,Coimbatore,Tamil Nadu,Medium Risk / 12% Fraud Rate,M011,SkyTrail Travels,Travel Agency,Flight & International Tour Packages,Coimbatore,Gandhipuram,Tamil Nadu,641012,11.0183,76.9664,11,44000.0,09:00-20:00,"ONLINE,TRANSFER,CARD",Mule-account ticket arbitrage & fast cancellation fraud,0.052,130,7914.69,INR,PURCHASE,CARD,MOBILE_APP,0,0,Coimbatore,5.0,0,0,1,DEV-MOHANA-SAMSUNG-S23,mobile_android,0,BEN-CUST_MOHANA_002-TRUSTED,Trusted Household Vendor,6,1,2,12,0,0,0,None,Resolved Genuine,Standard Habitual Purchase,0
TXN-CUST_MOHANA_002-10809,2026-08-14 01:53:07,2026-08-14,01:53:07,1,4,0,1,CUST_MOHANA_002,180,Coimbatore,Tamil Nadu,Medium Risk / 12% Fraud Rate,M006,MedicoCare Pharmacy,Pharmacy,Medicines & Surgical Supplies,Madurai,KK Nagar,Tamil Nadu,625020,9.9252,78.1498,10,1450.0,24_HOURS,"POS,UPI,CARD,ONLINE",Nighttime micro card testing,0.015,37,12780.36,INR,PURCHASE,CARD,MOBILE_APP,1,0,Coimbatore,9.0,0,0,1,DEV-MOHANA-SAMSUNG-S23,mobile_android,0,BEN-CUST_MOHANA_002-TRUSTED,Trusted Household Vendor,15,1,1,10,0,0,0,None,Resolved Genuine,Standard Habitual Purchase,0
TXN-CUST_MOHANA_002-10810,2026-08-14 03:22:30,2026-08-14,03:22:30,3,4,0,1,CUST_MOHANA_002,180,Coimbatore,Tamil Nadu,Medium Risk / 12% Fraud Rate,M012,DashDine Delivery,Food Delivery,Quick Commerce & Meal Delivery,Chennai,Sholinganallur,Tamil Nadu,600119,12.901,80.2279,4,520.0,06:00-02:00,"UPI,CARD,ONLINE,WALLET",Promo code abuse / stolen wallet balances,0.014,35,9114.17,INR,PURCHASE,CARD,MOBILE_APP,0,0,Coimbatore,11.0,0,0,1,DEV-MOHANA-SAMSUNG-S23,mobile_android,0,BEN-CUST_MOHANA_002-TRUSTED,Trusted Household Vendor,14,0,2,12,0,0,0,None,Resolved Genuine,Standard Habitual Purchase,0
TXN-CUST_MOHANA_002-10811,2026-08-14 04:50:18,2026-08-14,04:50:18,4,4,0,1,CUST_MOHANA_002,180,Coimbatore,Tamil Nadu,Medium Risk / 12% Fraud Rate,M012,DashDine Delivery,Food Delivery,Quick Commerce & Meal Delivery,Chennai,Sholinganallur,Tamil Nadu,600119,12.901,80.2279,4,520.0,06:00-02:00,"UPI,CARD,ONLINE,WALLET",Promo code abuse / stolen wallet balances,0.014,35,7531.28,INR,PURCHASE,ONLINE,MOBILE_APP,0,0,Coimbatore,7.0,0,0,1,DEV-MOHANA-SAMSUNG-S23,mobile_android,0,BEN-CUST_MOHANA_002-TRUSTED,Trusted Household Vendor,6,1,3,14,0,0,0,None,Resolved Genuine,Standard Habitual Purchase,0
TXN-CUST_MOHANA_002-10812,2026-08-14 06:19:06,2026-08-14,06:19:06,6,4,0,0,CUST_MOHANA_002,180,Coimbatore,Tamil Nadu,Medium Risk / 12% Fraud Rate,M008,BeanCircuit Cafe,Cafe,Specialty Coffee & Bakery,Bengaluru,Indiranagar,Karnataka,560038,12.9784,77.6408,3,650.0,07:30-23:00,"UPI,POS,CARD",QR code spoofing / fast velocity dining,0.009,22,11897.78,INR,PURCHASE,UPI,MOBILE_APP,1,0,Coimbatore,11.0,0,0,1,DEV-MOHANA-SAMSUNG-S23,mobile_android,0,BEN-CUST_MOHANA_002-TRUSTED,Trusted Household Vendor,15,0,4,19,0,0,0,None,Resolved Genuine,Standard Habitual Purchase,0
TXN-CUST_MOHANA_002-10813,2026-08-14 07:47:38,2026-08-14,07:47:38,7,4,0,0,CUST_MOHANA_002,180,Coimbatore,Tamil Nadu,Medium Risk / 12% Fraud Rate,M004,Aurelia Gold House,Jewellery,Gold & Diamond Jewellery,Coimbatore,RS Puram,Tamil Nadu,641002,11.0089,76.9514,14,78000.0,10:00-20:30,"POS,CARD,TRANSFER",Account takeover / card-not-present luxury surge,0.065,162,8822.04,INR,PURCHASE,POS,MOBILE_APP,1,0,Coimbatore,5.0,0,0,1,DEV-MOHANA-SAMSUNG-S23,mobile_android,0,BEN-CUST_MOHANA_002-TRUSTED,Trusted Household Vendor,7,0,4,21,0,0,0,None,Resolved Genuine,Standard Habitual Purchase,0
TXN-CUST_MOHANA_002-10814,2026-08-14 09:11:05,2026-08-14,09:11:05,9,4,0,0,CUST_MOHANA_002,180,Coimbatore,Tamil Nadu,Medium Risk / 12% Fraud Rate,M022,SkillSpring Academy,Education / Training,Professional Certifications & Tech Bootcamps,Chennai,Mylapore,Tamil Nadu,600004,13.0368,80.2676,8,22000.0,08:30-19:30,"ONLINE,NETBANKING,CARD,UPI",Stolen corporate card enrollments,0.028,70,6615.6,INR,PURCHASE,ONLINE,MOBILE_APP,0,0,Coimbatore,14.0,0,0,1,DEV-MOHANA-SAMSUNG-S23,mobile_android,0,BEN-CUST_MOHANA_002-TRUSTED,Trusted Household Vendor,15,0,3,22,0,0,0,None,Resolved Genuine,Standard Habitual Purchase,0
TXN-CUST_MOHANA_002-10815,2026-08-14 10:36:25,2026-08-14,10:36:25,10,4,0,0,CUST_MOHANA_002,180,Coimbatore,Tamil Nadu,Medium Risk / 12% Fraud Rate,M001,NovaMart Fresh,Grocery & Supermarket,Supermarket / Hypermarket,Chennai,T Nagar,Tamil Nadu,600017,13.0418,80.2341,8,1250.0,07:00-22:30,"POS,UPI,CARD,ONLINE",Card testing / micro-burst velocity,0.012,30,12462.48,INR,PURCHASE,ONLINE,MOBILE_APP,1,0,Coimbatore,2.0,0,0,1,DEV-MOHANA-SAMSUNG-S23,mobile_android,0,BEN-CUST_MOHANA_002-TRUSTED,Trusted Household Vendor,5,0,4,18,0,0,0,None,Resolved Genuine,Standard Habitual Purchase,0
TXN-CUST_MOHANA_002-10816,2026-08-14 12:02:52,2026-08-14,12:02:52,12,4,0,0,CUST_MOHANA_002,180,Coimbatore,Tamil Nadu,Medium Risk / 12% Fraud Rate,M010,HarborView Residency,Hotel / Hospitality,Business & Luxury Hotel,Chennai,OMR,Tamil Nadu,600096,12.9165,80.2285,6,9500.0,24_HOURS,"ONLINE,POS,CARD,TRANSFER",Online travel booking fraud with stolen corporate credentials,0.041,102,10172.5,INR,PURCHASE,CARD,MOBILE_APP,1,0,Coimbatore,4.0,0,0,1,DEV-MOHANA-SAMSUNG-S23,mobile_android,0,BEN-CUST_MOHANA_002-TRUSTED,Trusted Household Vendor,13,0,4,24,0,0,0,None,Resolved Genuine,Standard Habitual Purchase,0
TXN-CUST_MOHANA_002-10817,2026-08-14 13:26:39,2026-08-14,13:26:39,13,4,0,0,CUST_MOHANA_002,180,Coimbatore,Tamil Nadu,Medium Risk / 12% Fraud Rate,M024,LinkWave Telecom,Telecom Retail,Fiber Broadband & Postpaid Plans,Erode,Perundurai Road,Tamil Nadu,638011,11.341,77.7172,10,1950.0,09:30-20:30,"UPI,CARD,ONLINE,POS",SIM swap bill recharge surges,0.017,42,4265.8,INR,PURCHASE,UPI,WEB_PORTAL,0,0,Delhi,557.0,1,1,0,DEV-LAPTOP-CHROME-470,web_browser,0,BEN-CUST_MOHANA_002-01,Self Family Transfer,3,4,4,23,1,0,0,Geographic Anomaly / High Ticket Spike,Review Required,Sudden location velocity jump with new merchant,1
TXN-CUST_MOHANA_002-10818,2026-08-14 14:50:34,2026-08-14,14:50:34,14,4,0,0,CUST_MOHANA_002,180,Coimbatore,Tamil Nadu,Medium Risk / 12% Fraud Rate,M024,LinkWave Telecom,Telecom Retail,Fiber Broadband & Postpaid Plans,Erode,Perundurai Road,Tamil Nadu,638011,11.341,77.7172,10,1950.0,09:30-20:30,"UPI,CARD,ONLINE,POS",SIM swap bill recharge surges,0.017,42,6130.21,INR,PURCHASE,POS,MOBILE_APP,1,0,Coimbatore,2.0,0,0,1,DEV-MOHANA-SAMSUNG-S23,mobile_android,0,BEN-CUST_MOHANA_002-TRUSTED,Trusted Household Vendor,8,0,3,18,0,0,0,None,Resolved Genuine,Standard Habitual Purchase,0
TXN-CUST_MOHANA_002-10819,2026-08-14 16:14:04,2026-08-14,16:14:04,16,4,0,0,CUST_MOHANA_002,180,Coimbatore,Tamil Nadu,Medium Risk / 12% Fraud Rate,M022,SkillSpring Academy,Education / Training,Professional Certifications & Tech Bootcamps,Chennai,Mylapore,Tamil Nadu,600004,13.0368,80.2676,8,22000.0,08:30-19:30,"ONLINE,NETBANKING,CARD,UPI",Stolen corporate card enrollments,0.028,70,4331.5,INR,PURCHASE,CARD,MOBILE_APP,0,0,Coimbatore,12.0,0,0,1,DEV-MOHANA-SAMSUNG-S23,mobile_android,0,BEN-CUST_MOHANA_002-TRUSTED,Trusted Household Vendor,12,0,2,17,0,0,0,None,Resolved Genuine,Standard Habitual Purchase,0
TXN-CUST_MOHANA_002-10820,2026-08-14 17:40:45,2026-08-14,17:40:45,17,4,0,0,CUST_MOHANA_002,180,Coimbatore,Tamil Nadu,Medium Risk / 12% Fraud Rate,M012,DashDine Delivery,Food Delivery,Quick Commerce & Meal Delivery,Chennai,Sholinganallur,Tamil Nadu,600119,12.901,80.2279,4,520.0,06:00-02:00,"UPI,CARD,ONLINE,WALLET",Promo code abuse / stolen wallet balances,0.014,35,11609.51,INR,PURCHASE,CARD,MOBILE_APP,0,0,Coimbatore,1.0,0,0,1,DEV-MOHANA-SAMSUNG-S23,mobile_android,0,BEN-CUST_MOHANA_002-TRUSTED,Trusted Household Vendor,15,0,1,6,0,0,0,None,Resolved Genuine,Standard Habitual Purchase,0
TXN-CUST_MOHANA_002-10821,2026-08-14 19:05:41,2026-08-14,19:05:41,19,4,0,0,CUST_MOHANA_002,180,Coimbatore,Tamil Nadu,Medium Risk / 12% Fraud Rate,M014,OakLine Furnishings,Furniture,Teak Wood & Modern Home Decor,Madurai,Bypass Road,Tamil Nadu,625016,9.932,78.109,12,38000.0,10:00-21:00,"POS,CARD,TRANSFER,EMI",Invoice redirection fraud / fake payment slips,0.029,72,13359.22,INR,PURCHASE,CARD,MOBILE_APP,1,0,Coimbatore,11.0,0,0,1,DEV-MOHANA-SAMSUNG-S23,mobile_android,0,BEN-CUST_MOHANA_002-TRUSTED,Trusted Household Vendor,4,1,4,19,0,0,0,None,Resolved Genuine,Standard Habitual Purchase,0
TXN-CUST_MOHANA_002-10822,2026-08-14 20:29:58,2026-08-14,20:29:58,20,4,0,0,CUST_MOHANA_002,180,Coimbatore,Tamil Nadu,Medium Risk / 12% Fraud Rate,M003,Pulse Mobile Hub,Mobile Store,Smartphones & Accessories,Chennai,Tambaram,Tamil Nadu,600045,12.9249,80.1278,4,18500.0,09:30-21:30,"POS,UPI,CARD",New device abuse / rapid checkout surge,0.035,87,12996.17,INR,PURCHASE,UPI,MOBILE_APP,1,0,Coimbatore,10.0,0,0,1,DEV-MOHANA-SAMSUNG-S23,mobile_android,0,BEN-CUST_MOHANA_002-TRUSTED,Trusted Household Vendor,12,0,4,25,0,0,0,None,Resolved Genuine,Standard Habitual Purchase,0
TXN-CUST_MOHANA_002-10823,2026-08-14 21:56:34,2026-08-14,21:56:34,21,4,0,0,CUST_MOHANA_002,180,Coimbatore,Tamil Nadu,Medium Risk / 12% Fraud Rate,M021,GlowCraft Salon,Salon / Beauty,Spa & Grooming Studio,Chennai,Porur,Tamil Nadu,600116,13.0382,80.1565,5,2800.0,09:00-21:00,"POS,UPI,CARD",Unusual late-night transaction spikes,0.011,27,8029.81,INR,PURCHASE,POS,MOBILE_APP,1,0,Coimbatore,1.0,0,0,1,DEV-MOHANA-SAMSUNG-S23,mobile_android,0,BEN-CUST_MOHANA_002-TRUSTED,Trusted Household Vendor,6,0,4,20,0,0,0,None,Resolved Genuine,Standard Habitual Purchase,0
TXN-CUST_MOHANA_002-10824,2026-08-14 23:22:31,2026-08-14,23:22:31,23,4,0,1,CUST_MOHANA_002,180,Coimbatore,Tamil Nadu,Medium Risk / 12% Fraud Rate,M029,CloudDesk Digital,Software / Digital Services,Cloud Infrastructure & SaaS Tools,Bengaluru,Whitefield,Karnataka,560066,12.9698,77.7499,7,19800.0,24_HOURS,"ONLINE,CARD,TRANSFER",Cryptomining VM rental with stolen credit cards,0.058,145,8335.5,INR,PURCHASE,CARD,MOBILE_APP,0,0,Coimbatore,2.0,0,0,1,DEV-MOHANA-SAMSUNG-S23,mobile_android,0,BEN-CUST_MOHANA_002-TRUSTED,Trusted Household Vendor,5,0,2,16,0,0,0,None,Resolved Genuine,Standard Habitual Purchase,0
TXN-CUST_MOHANA_002-10825,2026-08-15 00:49:58,2026-08-15,00:49:58,0,5,1,1,CUST_MOHANA_002,180,Coimbatore,Tamil Nadu,Medium Risk / 12% Fraud Rate,M001,NovaMart Fresh,Grocery & Supermarket,Supermarket / Hypermarket,Chennai,T Nagar,Tamil Nadu,600017,13.0418,80.2341,8,1250.0,07:00-22:30,"POS,UPI,CARD,ONLINE",Card testing / micro-burst velocity,0.012,30,8095.9,INR,PURCHASE,ONLINE,MOBILE_APP,1,0,Coimbatore,6.0,0,0,1,DEV-MOHANA-SAMSUNG-S23,mobile_android,0,BEN-CUST_MOHANA_002-TRUSTED,Trusted Household Vendor,13,0,4,23,0,0,0,None,Resolved Genuine,Standard Habitual Purchase,0
TXN-CUST_MOHANA_002-10826,2026-08-15 02:14:48,2026-08-15,02:14:48,2,5,1,1,CUST_MOHANA_002,180,Coimbatore,Tamil Nadu,Medium Risk / 12% Fraud Rate,M021,GlowCraft Salon,Salon / Beauty,Spa & Grooming Studio,Chennai,Porur,Tamil Nadu,600116,13.0382,80.1565,5,2800.0,09:00-21:00,"POS,UPI,CARD",Unusual late-night transaction spikes,0.011,27,12946.89,INR,PURCHASE,POS,MOBILE_APP,1,0,Coimbatore,11.0,0,0,1,DEV-MOHANA-SAMSUNG-S23,mobile_android,0,BEN-CUST_MOHANA_002-TRUSTED,Trusted Household Vendor,6,0,3,15,0,0,0,None,Resolved Genuine,Standard Habitual Purchase,0
TXN-CUST_MOHANA_002-10827,2026-08-15 03:41:59,2026-08-15,03:41:59,3,5,1,1,CUST_MOHANA_002,180,Coimbatore,Tamil Nadu,Medium Risk / 12% Fraud Rate,M013,CartNest Online,E-commerce,Multi-category Marketplace,Chennai,Guindy,Tamil Nadu,600032,13.0067,80.2026,5,6200.0,24_HOURS,"ONLINE,UPI,CARD,NETBANKING",Account takeover + triangulation shipping fraud,0.045,112,6753.92,INR,PURCHASE,UPI,MOBILE_APP,0,0,Coimbatore,4.0,0,0,1,DEV-MOHANA-SAMSUNG-S23,mobile_android,0,BEN-CUST_MOHANA_002-TRUSTED,Trusted Household Vendor,5,1,3,15,0,0,0,None,Resolved Genuine,Standard Habitual Purchase,0
TXN-CUST_MOHANA_002-10828,2026-08-15 05:06:15,2026-08-15,05:06:15,5,5,1,1,CUST_MOHANA_002,180,Coimbatore,Tamil Nadu,Medium Risk / 12% Fraud Rate,M006,MedicoCare Pharmacy,Pharmacy,Medicines & Surgical Supplies,Madurai,KK Nagar,Tamil Nadu,625020,9.9252,78.1498,10,1450.0,24_HOURS,"POS,UPI,CARD,ONLINE",Nighttime micro card testing,0.015,37,4634.72,INR,PURCHASE,CARD,MOBILE_APP,1,0,Coimbatore,2.0,0,0,1,DEV-MOHANA-SAMSUNG-S23,mobile_android,0,BEN-CUST_MOHANA_002-TRUSTED,Trusted Household Vendor,15,0,1,13,0,0,0,None,Resolved Genuine,Standard Habitual Purchase,0
TXN-CUST_MOHANA_002-10829,2026-08-15 06:34:29,2026-08-15,06:34:29,6,5,1,0,CUST_MOHANA_002,180,Coimbatore,Tamil Nadu,Medium Risk / 12% Fraud Rate,M009,RapidFuel Station,Fuel Station,"Petrol, Diesel & EV Fast Charge",Salem,Fairlands,Tamil Nadu,636016,11.6643,78.146,9,3100.0,24_HOURS,"POS,FLEET_CARD,UPI",Automated fleet card skimming,0.024,60,13530.51,INR,PURCHASE,POS,MOBILE_APP,1,0,Coimbatore,10.0,0,0,1,DEV-MOHANA-SAMSUNG-S23,mobile_android,0,BEN-CUST_MOHANA_002-TRUSTED,Trusted Household Vendor,10,0,3,14,0,0,0,None,Resolved Genuine,Standard Habitual Purchase,0
TXN-CUST_MOHANA_002-10830,2026-08-15 07:57:54,2026-08-15,07:57:54,7,5,1,0,CUST_MOHANA_002,180,Coimbatore,Tamil Nadu,Medium Risk / 12% Fraud Rate,M014,OakLine Furnishings,Furniture,Teak Wood & Modern Home Decor,Madurai,Bypass Road,Tamil Nadu,625016,9.932,78.109,12,38000.0,10:00-21:00,"POS,CARD,TRANSFER,EMI",Invoice redirection fraud / fake payment slips,0.029,72,13275.33,INR,PURCHASE,EMI,MOBILE_APP,1,0,Coimbatore,8.0,0,0,1,DEV-MOHANA-SAMSUNG-S23,mobile_android,0,BEN-CUST_MOHANA_002-TRUSTED,Trusted Household Vendor,11,0,3,21,0,0,0,None,Resolved Genuine,Standard Habitual Purchase,0
TXN-CUST_MOHANA_002-10831,2026-08-15 09:23:42,2026-08-15,09:23:42,9,5,1,0,CUST_MOHANA_002,180,Coimbatore,Tamil Nadu,Medium Risk / 12% Fraud Rate,M019,ArenaSport World,Sports Retail,Fitness Equipment & Sports Wear,Chennai,Nungambakkam,Tamil Nadu,600034,13.0604,80.2405,6,5600.0,10:00-21:30,"POS,ONLINE,UPI,CARD",Stolen card chargeback on premium sports gear,0.026,65,7967.83,INR,PURCHASE,ONLINE,MOBILE_APP,1,0,Coimbatore,8.0,0,0,1,DEV-MOHANA-SAMSUNG-S23,mobile_android,0,BEN-CUST_MOHANA_002-TRUSTED,Trusted Household Vendor,9,0,1,12,0,0,0,None,Resolved Genuine,Standard Habitual Purchase,0
TXN-CUST_MOHANA_002-10832,2026-08-15 10:52:27,2026-08-15,10:52:27,10,5,1,0,CUST_MOHANA_002,180,Coimbatore,Tamil Nadu,Medium Risk / 12% Fraud Rate,M014,OakLine Furnishings,Furniture,Teak Wood & Modern Home Decor,Madurai,Bypass Road,Tamil Nadu,625016,9.932,78.109,12,38000.0,10:00-21:00,"POS,CARD,TRANSFER,EMI",Invoice redirection fraud / fake payment slips,0.029,72,105141.31,INR,P2P_TRANSFER,CARD,WEB_PORTAL,0,0,Delhi,333.0,1,1,0,DEV-LAPTOP-CHROME-978,web_browser,1,BEN-NEW-422,Global Flight Booking,0,2,7,37,1,0,0,Geographic Anomaly / High Ticket Spike,Review Required,Sudden location velocity jump with new merchant,1
TXN-CUST_MOHANA_002-10833,2026-08-15 12:17:03,2026-08-15,12:17:03,12,5,1,0,CUST_MOHANA_002,180,Coimbatore,Tamil Nadu,Medium Risk / 12% Fraud Rate,M019,ArenaSport World,Sports Retail,Fitness Equipment & Sports Wear,Chennai,Nungambakkam,Tamil Nadu,600034,13.0604,80.2405,6,5600.0,10:00-21:30,"POS,ONLINE,UPI,CARD",Stolen card chargeback on premium sports gear,0.026,65,10938.97,INR,PURCHASE,CARD,MOBILE_APP,1,0,Coimbatore,5.0,0,0,1,DEV-MOHANA-SAMSUNG-S23,mobile_android,0,BEN-CUST_MOHANA_002-TRUSTED,Trusted Household Vendor,10,0,2,11,0,0,0,None,Resolved Genuine,Standard Habitual Purchase,0
TXN-CUST_MOHANA_002-10834,2026-08-15 13:41:06,2026-08-15,13:41:06,13,5,1,0,CUST_MOHANA_002,180,Coimbatore,Tamil Nadu,Medium Risk / 12% Fraud Rate,M021,GlowCraft Salon,Salon / Beauty,Spa & Grooming Studio,Chennai,Porur,Tamil Nadu,600116,13.0382,80.1565,5,2800.0,09:00-21:00,"POS,UPI,CARD",Unusual late-night transaction spikes,0.011,27,7256.5,INR,P2P_TRANSFER,UPI,WEB_PORTAL,0,0,Hyderabad,689.0,1,1,0,DEV-LAPTOP-CHROME-682,web_browser,1,BEN-NEW-811,Global Flight Booking,0,2,6,33,1,0,0,Geographic Anomaly / High Ticket Spike,Review Required,Sudden location velocity jump with new merchant,1
TXN-CUST_MOHANA_002-10835,2026-08-15 15:08:49,2026-08-15,15:08:49,15,5,1,0,CUST_MOHANA_002,180,Coimbatore,Tamil Nadu,Medium Risk / 12% Fraud Rate,M006,MedicoCare Pharmacy,Pharmacy,Medicines & Surgical Supplies,Madurai,KK Nagar,Tamil Nadu,625020,9.9252,78.1498,10,1450.0,24_HOURS,"POS,UPI,CARD,ONLINE",Nighttime micro card testing,0.015,37,7153.67,INR,PURCHASE,ONLINE,MOBILE_APP,1,0,Coimbatore,2.0,0,0,1,DEV-MOHANA-SAMSUNG-S23,mobile_android,0,BEN-CUST_MOHANA_002-TRUSTED,Trusted Household Vendor,10,1,2,13,0,0,0,None,Resolved Genuine,Standard Habitual Purchase,0
TXN-CUST_MOHANA_002-10836,2026-08-15 16:34:46,2026-08-15,16:34:46,16,5,1,0,CUST_MOHANA_002,180,Coimbatore,Tamil Nadu,Medium Risk / 12% Fraud Rate,M008,BeanCircuit Cafe,Cafe,Specialty Coffee & Bakery,Bengaluru,Indiranagar,Karnataka,560038,12.9784,77.6408,3,650.0,07:30-23:00,"UPI,POS,CARD",QR code spoofing / fast velocity dining,0.009,22,13471.97,INR,PURCHASE,CARD,MOBILE_APP,1,0,Coimbatore,14.0,0,0,1,DEV-MOHANA-SAMSUNG-S23,mobile_android,0,BEN-CUST_MOHANA_002-TRUSTED,Trusted Household Vendor,11,0,3,22,0,0,0,None,Resolved Genuine,Standard Habitual Purchase,0
TXN-CUST_MOHANA_002-10837,2026-08-15 18:03:13,2026-08-15,18:03:13,18,5,1,0,CUST_MOHANA_002,180,Coimbatore,Tamil Nadu,Medium Risk / 12% Fraud Rate,M025,ShieldSure Services,Insurance Services,General & Health Insurance Premium,Chennai,Egmore,Tamil Nadu,600008,13.0784,80.2607,13,14000.0,09:30-18:00,"ONLINE,NETBANKING,CARD",Premium diversion / fake policy payment slips,0.019,47,6821.07,INR,PURCHASE,CARD,MOBILE_APP,0,0,Coimbatore,7.0,0,0,1,DEV-MOHANA-SAMSUNG-S23,mobile_android,0,BEN-CUST_MOHANA_002-TRUSTED,Trusted Household Vendor,9,0,3,20,0,0,0,None,Resolved Genuine,Standard Habitual Purchase,0
TXN-CUST_MOHANA_002-10838,2026-08-15 19:28:06,2026-08-15,19:28:06,19,5,1,0,CUST_MOHANA_002,180,Coimbatore,Tamil Nadu,Medium Risk / 12% Fraud Rate,M011,SkyTrail Travels,Travel Agency,Flight & International Tour Packages,Coimbatore,Gandhipuram,Tamil Nadu,641012,11.0183,76.9664,11,44000.0,09:00-20:00,"ONLINE,TRANSFER,CARD",Mule-account ticket arbitrage & fast cancellation fraud,0.052,130,11087.94,INR,PURCHASE,ONLINE,MOBILE_APP,0,0,Coimbatore,14.0,0,0,1,DEV-MOHANA-SAMSUNG-S23,mobile_android,0,BEN-CUST_MOHANA_002-TRUSTED,Trusted Household Vendor,14,0,3,18,0,0,0,None,Resolved Genuine,Standard Habitual Purchase,0
TXN-CUST_MOHANA_002-10839,2026-08-15 20:55:46,2026-08-15,20:55:46,20,5,1,0,CUST_MOHANA_002,180,Coimbatore,Tamil Nadu,Medium Risk / 12% Fraud Rate,M026,GreenLeaf Wellness,Health & Wellness,Organic Nutrition & Ayurveda,Trichy,Srirangam,Tamil Nadu,620006,10.8624,78.6947,6,2100.0,08:00-21:00,"POS,UPI,ONLINE,CARD",Subscription card stuffing,0.013,32,4144.54,INR,PURCHASE,UPI,MOBILE_APP,1,0,Coimbatore,15.0,0,0,1,DEV-MOHANA-SAMSUNG-S23,mobile_android,0,BEN-CUST_MOHANA_002-TRUSTED,Trusted Household Vendor,9,0,1,9,0,0,0,None,Resolved Genuine,Standard Habitual Purchase,0
TXN-CUST_MOHANA_002-10840,2026-08-15 22:24:10,2026-08-15,22:24:10,22,5,1,0,CUST_MOHANA_002,180,Coimbatore,Tamil Nadu,Medium Risk / 12% Fraud Rate,M028,CraftCove Home Decor,Home Decor,Handicrafts & Art Pieces,Thanjavur,Medical College Road,Tamil Nadu,613004,10.7684,79.1245,8,7400.0,09:30-20:30,"POS,UPI,CARD,ONLINE",Cross-border tourist chargebacks,0.023,57,6036.48,INR,PURCHASE,CARD,MOBILE_APP,1,0,Coimbatore,10.0,0,0,1,DEV-MOHANA-SAMSUNG-S23,mobile_android,0,BEN-CUST_MOHANA_002-TRUSTED,Trusted Household Vendor,12,0,2,16,0,0,0,None,Resolved Genuine,Standard Habitual Purchase,0
TXN-CUST_MOHANA_002-10841,2026-08-15 23:49:09,2026-08-15,23:49:09,23,5,1,1,CUST_MOHANA_002,180,Coimbatore,Tamil Nadu,Medium Risk / 12% Fraud Rate,M017,AutoForge Parts,Spare Parts,OEM Industrial & Auto Components,Hosur,Mookandapalli,Tamil Nadu,635126,12.7409,77.8253,15,16500.0,09:00-19:30,"TRANSFER,POS,CARD",Business email compromise / fake beneficiary update,0.033,82,11142.52,INR,PURCHASE,TRANSFER,MOBILE_APP,1,0,Coimbatore,14.0,0,0,1,DEV-MOHANA-SAMSUNG-S23,mobile_android,0,BEN-CUST_MOHANA_002-TRUSTED,Trusted Household Vendor,5,0,2,10,0,0,0,None,Resolved Genuine,Standard Habitual Purchase,0
TXN-CUST_MOHANA_002-10842,2026-08-16 01:16:06,2026-08-16,01:16:06,1,6,1,1,CUST_MOHANA_002,180,Coimbatore,Tamil Nadu,Medium Risk / 12% Fraud Rate,M017,AutoForge Parts,Spare Parts,OEM Industrial & Auto Components,Hosur,Mookandapalli,Tamil Nadu,635126,12.7409,77.8253,15,16500.0,09:00-19:30,"TRANSFER,POS,CARD",Business email compromise / fake beneficiary update,0.033,82,7685.31,INR,PURCHASE,CARD,MOBILE_APP,1,0,Coimbatore,10.0,0,0,1,DEV-MOHANA-SAMSUNG-S23,mobile_android,0,BEN-CUST_MOHANA_002-TRUSTED,Trusted Household Vendor,12,0,2,18,0,0,0,None,Resolved Genuine,Standard Habitual Purchase,0
TXN-CUST_MOHANA_002-10843,2026-08-16 02:43:22,2026-08-16,02:43:22,2,6,1,1,CUST_MOHANA_002,180,Coimbatore,Tamil Nadu,Medium Risk / 12% Fraud Rate,M029,CloudDesk Digital,Software / Digital Services,Cloud Infrastructure & SaaS Tools,Bengaluru,Whitefield,Karnataka,560066,12.9698,77.7499,7,19800.0,24_HOURS,"ONLINE,CARD,TRANSFER",Cryptomining VM rental with stolen credit cards,0.058,145,8728.33,INR,PURCHASE,ONLINE,MOBILE_APP,0,0,Coimbatore,14.0,0,0,1,DEV-MOHANA-SAMSUNG-S23,mobile_android,0,BEN-CUST_MOHANA_002-TRUSTED,Trusted Household Vendor,6,0,1,7,0,0,0,None,Resolved Genuine,Standard Habitual Purchase,0
TXN-CUST_MOHANA_002-10844,2026-08-16 04:12:34,2026-08-16,04:12:34,4,6,1,1,CUST_MOHANA_002,180,Coimbatore,Tamil Nadu,Medium Risk / 12% Fraud Rate,M029,CloudDesk Digital,Software / Digital Services,Cloud Infrastructure & SaaS Tools,Bengaluru,Whitefield,Karnataka,560066,12.9698,77.7499,7,19800.0,24_HOURS,"ONLINE,CARD,TRANSFER",Cryptomining VM rental with stolen credit cards,0.058,145,11154.54,INR,PURCHASE,CARD,MOBILE_APP,0,0,Coimbatore,8.0,0,0,1,DEV-MOHANA-SAMSUNG-S23,mobile_android,0,BEN-CUST_MOHANA_002-TRUSTED,Trusted Household Vendor,4,1,2,10,0,0,0,None,Resolved Genuine,Standard Habitual Purchase,0
TXN-CUST_MOHANA_002-10845,2026-08-16 05:38:50,2026-08-16,05:38:50,5,6,1,1,CUST_MOHANA_002,180,Coimbatore,Tamil Nadu,Medium Risk / 12% Fraud Rate,M010,HarborView Residency,Hotel / Hospitality,Business & Luxury Hotel,Chennai,OMR,Tamil Nadu,600096,12.9165,80.2285,6,9500.0,24_HOURS,"ONLINE,POS,CARD,TRANSFER",Online travel booking fraud with stolen corporate credentials,0.041,102,12572.23,INR,PURCHASE,TRANSFER,MOBILE_APP,1,0,Coimbatore,9.0,0,0,1,DEV-MOHANA-SAMSUNG-S23,mobile_android,0,BEN-CUST_MOHANA_002-TRUSTED,Trusted Household Vendor,13,0,3,19,0,0,0,None,Resolved Genuine,Standard Habitual Purchase,0
TXN-CUST_MOHANA_002-10846,2026-08-16 07:04:16,2026-08-16,07:04:16,7,6,1,0,CUST_MOHANA_002,180,Coimbatore,Tamil Nadu,Medium Risk / 12% Fraud Rate,M026,GreenLeaf Wellness,Health & Wellness,Organic Nutrition & Ayurveda,Trichy,Srirangam,Tamil Nadu,620006,10.8624,78.6947,6,2100.0,08:00-21:00,"POS,UPI,ONLINE,CARD",Subscription card stuffing,0.013,32,9373.17,INR,PURCHASE,POS,MOBILE_APP,1,0,Coimbatore,14.0,0,0,1,DEV-MOHANA-SAMSUNG-S23,mobile_android,0,BEN-CUST_MOHANA_002-TRUSTED,Trusted Household Vendor,6,0,1,6,0,0,0,None,Resolved Genuine,Standard Habitual Purchase,0
TXN-CUST_MOHANA_002-10847,2026-08-16 08:29:28,2026-08-16,08:29:28,8,6,1,0,CUST_MOHANA_002,180,Coimbatore,Tamil Nadu,Medium Risk / 12% Fraud Rate,M019,ArenaSport World,Sports Retail,Fitness Equipment & Sports Wear,Chennai,Nungambakkam,Tamil Nadu,600034,13.0604,80.2405,6,5600.0,10:00-21:30,"POS,ONLINE,UPI,CARD",Stolen card chargeback on premium sports gear,0.026,65,7814.94,INR,PURCHASE,ONLINE,MOBILE_APP,1,0,Coimbatore,5.0,0,0,1,DEV-MOHANA-SAMSUNG-S23,mobile_android,0,BEN-CUST_MOHANA_002-TRUSTED,Trusted Household Vendor,5,0,1,6,0,0,0,None,Resolved Genuine,Standard Habitual Purchase,0
TXN-CUST_MOHANA_002-10848,2026-08-16 09:57:48,2026-08-16,09:57:48,9,6,1,0,CUST_MOHANA_002,180,Coimbatore,Tamil Nadu,Medium Risk / 12% Fraud Rate,M005,UrbanThread Studio,Fashion / Apparel,Designer & Ready-to-wear,Chennai,Anna Nagar,Tamil Nadu,600040,13.085,80.2101,5,4800.0,10:30-22:00,"POS,ONLINE,UPI,CARD",Refund abuse / credential stuffing,0.022,55,12551.84,INR,PURCHASE,POS,MOBILE_APP,1,0,Coimbatore,14.0,0,0,1,DEV-MOHANA-SAMSUNG-S23,mobile_android,0,BEN-CUST_MOHANA_002-TRUSTED,Trusted Household Vendor,15,0,2,13,0,0,0,None,Resolved Genuine,Standard Habitual Purchase,0
TXN-CUST_MOHANA_002-10849,2026-08-16 11:25:37,2026-08-16,11:25:37,11,6,1,0,CUST_MOHANA_002,180,Coimbatore,Tamil Nadu,Medium Risk / 12% Fraud Rate,M015,HomeSphere Appliances,Home Appliances,"Refrigerators, ACs & Kitchen Tech",Coimbatore,Saibaba Colony,Tamil Nadu,641011,11.0315,76.945,9,27500.0,09:30-21:00,"POS,EMI,CARD,UPI",Carding attacks with immediate in-store pickup,0.038,95,6799.85,INR,PURCHASE,CARD,MOBILE_APP,1,0,Coimbatore,7.0,0,0,1,DEV-MOHANA-SAMSUNG-S23,mobile_android,0,BEN-CUST_MOHANA_002-TRUSTED,Trusted Household Vendor,6,0,4,23,0,0,0,None,Resolved Genuine,Standard Habitual Purchase,0
TXN-CUST_MOHANA_002-10850,2026-08-16 12:52:47,2026-08-16,12:52:47,12,6,1,0,CUST_MOHANA_002,180,Coimbatore,Tamil Nadu,Medium Risk / 12% Fraud Rate,M027,BrickHarbor Realty,Real Estate / Property Services,Rental Escrow & Facility Management,Chennai,Porur,Tamil Nadu,600116,13.035,80.16,11,65000.0,09:00-19:00,"TRANSFER,NETBANKING,CARD",Security deposit phishing / escrow hijacking,0.039,97,8207.8,INR,PURCHASE,TRANSFER,MOBILE_APP,0,0,Coimbatore,1.0,0,0,1,DEV-MOHANA-SAMSUNG-S23,mobile_android,0,BEN-CUST_MOHANA_002-TRUSTED,Trusted Household Vendor,15,0,4,21,0,0,0,None,Resolved Genuine,Standard Habitual Purchase,0
TXN-CUST_MOHANA_002-10851,2026-08-16 14:21:51,2026-08-16,14:21:51,14,6,1,0,CUST_MOHANA_002,180,Coimbatore,Tamil Nadu,Medium Risk / 12% Fraud Rate,M009,RapidFuel Station,Fuel Station,"Petrol, Diesel & EV Fast Charge",Salem,Fairlands,Tamil Nadu,636016,11.6643,78.146,9,3100.0,24_HOURS,"POS,FLEET_CARD,UPI",Automated fleet card skimming,0.024,60,10599.33,INR,PURCHASE,FLEET_CARD,MOBILE_APP,1,0,Coimbatore,9.0,0,0,1,DEV-MOHANA-SAMSUNG-S23,mobile_android,0,BEN-CUST_MOHANA_002-TRUSTED,Trusted Household Vendor,14,0,3,20,0,0,0,None,Resolved Genuine,Standard Habitual Purchase,0
TXN-CUST_MOHANA_002-10852,2026-08-16 15:47:34,2026-08-16,15:47:34,15,6,1,0,CUST_MOHANA_002,180,Coimbatore,Tamil Nadu,Medium Risk / 12% Fraud Rate,M003,Pulse Mobile Hub,Mobile Store,Smartphones & Accessories,Chennai,Tambaram,Tamil Nadu,600045,12.9249,80.1278,4,18500.0,09:30-21:30,"POS,UPI,CARD",New device abuse / rapid checkout surge,0.035,87,4139.29,INR,PURCHASE,POS,MOBILE_APP,1,0,Coimbatore,15.0,0,0,1,DEV-MOHANA-SAMSUNG-S23,mobile_android,0,BEN-CUST_MOHANA_002-TRUSTED,Trusted Household Vendor,3,0,3,18,0,0,0,None,Resolved Genuine,Standard Habitual Purchase,0
TXN-CUST_MOHANA_002-10853,2026-08-16 17:16:19,2026-08-16,17:16:19,17,6,1,0,CUST_MOHANA_002,180,Coimbatore,Tamil Nadu,Medium Risk / 12% Fraud Rate,M007,SpiceRoute Kitchen,Restaurant,Fine Dining & Chettinad,Chennai,Adyar,Tamil Nadu,600020,13.0012,80.2565,7,2200.0,11:30-23:30,"POS,UPI,CARD",Cloned card POS terminal replay,0.018,45,11853.9,INR,PURCHASE,POS,MOBILE_APP,1,0,Coimbatore,3.0,0,0,1,DEV-MOHANA-SAMSUNG-S23,mobile_android,0,BEN-CUST_MOHANA_002-TRUSTED,Trusted Household Vendor,3,0,2,13,0,0,0,None,Resolved Genuine,Standard Habitual Purchase,0
TXN-CUST_MOHANA_002-10854,2026-08-16 18:41:34,2026-08-16,18:41:34,18,6,1,0,CUST_MOHANA_002,180,Coimbatore,Tamil Nadu,Medium Risk / 12% Fraud Rate,M010,HarborView Residency,Hotel / Hospitality,Business & Luxury Hotel,Chennai,OMR,Tamil Nadu,600096,12.9165,80.2285,6,9500.0,24_HOURS,"ONLINE,POS,CARD,TRANSFER",Online travel booking fraud with stolen corporate credentials,0.041,102,5267.74,INR,PURCHASE,CARD,MOBILE_APP,1,0,Coimbatore,7.0,0,0,1,DEV-MOHANA-SAMSUNG-S23,mobile_android,0,BEN-CUST_MOHANA_002-TRUSTED,Trusted Household Vendor,3,0,1,9,0,0,0,None,Resolved Genuine,Standard Habitual Purchase,0
TXN-CUST_MOHANA_002-10855,2026-08-16 20:08:57,2026-08-16,20:08:57,20,6,1,0,CUST_MOHANA_002,180,Coimbatore,Tamil Nadu,Medium Risk / 12% Fraud Rate,M023,SwiftBox Logistics,Courier / Logistics,Express Parcel & Freight Delivery,Tiruppur,Avinashi Road,Tamil Nadu,641603,11.1085,77.3411,9,4200.0,08:00-21:00,"POS,UPI,CARD,ONLINE",Interception fraud / address redirection,0.02,50,9310.34,INR,PURCHASE,POS,MOBILE_APP,1,0,Coimbatore,9.0,0,0,1,DEV-MOHANA-SAMSUNG-S23,mobile_android,0,BEN-CUST_MOHANA_002-TRUSTED,Trusted Household Vendor,15,0,4,18,0,0,0,None,Resolved Genuine,Standard Habitual Purchase,0
TXN-CUST_MOHANA_002-10856,2026-08-16 21:35:40,2026-08-16,21:35:40,21,6,1,0,CUST_MOHANA_002,180,Coimbatore,Tamil Nadu,Medium Risk / 12% Fraud Rate,M029,CloudDesk Digital,Software / Digital Services,Cloud Infrastructure & SaaS Tools,Bengaluru,Whitefield,Karnataka,560066,12.9698,77.7499,7,19800.0,24_HOURS,"ONLINE,CARD,TRANSFER",Cryptomining VM rental with stolen credit cards,0.058,145,13483.48,INR,PURCHASE,CARD,MOBILE_APP,0,0,Coimbatore,11.0,0,0,1,DEV-MOHANA-SAMSUNG-S23,mobile_android,0,BEN-CUST_MOHANA_002-TRUSTED,Trusted Household Vendor,12,0,2,16,0,0,0,None,Resolved Genuine,Standard Habitual Purchase,0
TXN-CUST_MOHANA_002-10857,2026-08-16 23:03:35,2026-08-16,23:03:35,23,6,1,1,CUST_MOHANA_002,180,Coimbatore,Tamil Nadu,Medium Risk / 12% Fraud Rate,M002,CircuitBay Electronics,Consumer Electronics,Laptops & Gadgets,Chennai,Velachery,Tamil Nadu,600042,12.9759,80.2212,6,32000.0,10:00-21:30,"POS,ONLINE,EMI,UPI",Stolen payment details / high-ticket electronics delivery,0.048,120,4960.5,INR,PURCHASE,EMI,MOBILE_APP,1,0,Coimbatore,13.0,0,0,1,DEV-MOHANA-SAMSUNG-S23,mobile_android,0,BEN-CUST_MOHANA_002-TRUSTED,Trusted Household Vendor,10,0,4,19,0,0,0,None,Resolved Genuine,Standard Habitual Purchase,0
TXN-CUST_MOHANA_002-10858,2026-08-17 00:29:47,2026-08-17,00:29:47,0,0,0,1,CUST_MOHANA_002,180,Coimbatore,Tamil Nadu,Medium Risk / 12% Fraud Rate,M007,SpiceRoute Kitchen,Restaurant,Fine Dining & Chettinad,Chennai,Adyar,Tamil Nadu,600020,13.0012,80.2565,7,2200.0,11:30-23:30,"POS,UPI,CARD",Cloned card POS terminal replay,0.018,45,13534.18,INR,PURCHASE,POS,MOBILE_APP,1,0,Coimbatore,5.0,0,0,1,DEV-MOHANA-SAMSUNG-S23,mobile_android,0,BEN-CUST_MOHANA_002-TRUSTED,Trusted Household Vendor,3,0,3,17,0,0,0,None,Resolved Genuine,Standard Habitual Purchase,0
TXN-CUST_MOHANA_002-10859,2026-08-17 01:56:24,2026-08-17,01:56:24,1,0,0,1,CUST_MOHANA_002,180,Coimbatore,Tamil Nadu,Medium Risk / 12% Fraud Rate,M026,GreenLeaf Wellness,Health & Wellness,Organic Nutrition & Ayurveda,Trichy,Srirangam,Tamil Nadu,620006,10.8624,78.6947,6,2100.0,08:00-21:00,"POS,UPI,ONLINE,CARD",Subscription card stuffing,0.013,32,11914.09,INR,PURCHASE,CARD,MOBILE_APP,1,0,Coimbatore,1.0,0,0,1,DEV-MOHANA-SAMSUNG-S23,mobile_android,0,BEN-CUST_MOHANA_002-TRUSTED,Trusted Household Vendor,9,1,3,19,0,0,0,None,Resolved Genuine,Standard Habitual Purchase,0
TXN-CUST_MOHANA_002-10860,2026-08-17 03:20:53,2026-08-17,03:20:53,3,0,0,1,CUST_MOHANA_002,180,Coimbatore,Tamil Nadu,Medium Risk / 12% Fraud Rate,M025,ShieldSure Services,Insurance Services,General & Health Insurance Premium,Chennai,Egmore,Tamil Nadu,600008,13.0784,80.2607,13,14000.0,09:30-18:00,"ONLINE,NETBANKING,CARD",Premium diversion / fake policy payment slips,0.019,47,6835.1,INR,PURCHASE,ONLINE,MOBILE_APP,0,0,Coimbatore,14.0,0,0,1,DEV-MOHANA-SAMSUNG-S23,mobile_android,0,BEN-CUST_MOHANA_002-TRUSTED,Trusted Household Vendor,6,0,2,12,0,0,0,None,Resolved Genuine,Standard Habitual Purchase,0
TXN-CUST_MOHANA_002-10861,2026-08-17 04:47:25,2026-08-17,04:47:25,4,0,0,1,CUST_MOHANA_002,180,Coimbatore,Tamil Nadu,Medium Risk / 12% Fraud Rate,M005,UrbanThread Studio,Fashion / Apparel,Designer & Ready-to-wear,Chennai,Anna Nagar,Tamil Nadu,600040,13.085,80.2101,5,4800.0,10:30-22:00,"POS,ONLINE,UPI,CARD",Refund abuse / credential stuffing,0.022,55,9760.81,INR,PURCHASE,UPI,MOBILE_APP,1,0,Coimbatore,4.0,0,0,1,DEV-MOHANA-SAMSUNG-S23,mobile_android,0,BEN-CUST_MOHANA_002-TRUSTED,Trusted Household Vendor,5,1,1,12,0,0,0,None,Resolved Genuine,Standard Habitual Purchase,0
TXN-CUST_MOHANA_002-10862,2026-08-17 06:14:15,2026-08-17,06:14:15,6,0,0,0,CUST_MOHANA_002,180,Coimbatore,Tamil Nadu,Medium Risk / 12% Fraud Rate,M004,Aurelia Gold House,Jewellery,Gold & Diamond Jewellery,Coimbatore,RS Puram,Tamil Nadu,641002,11.0089,76.9514,14,78000.0,10:00-20:30,"POS,CARD,TRANSFER",Account takeover / card-not-present luxury surge,0.065,162,5598.37,INR,PURCHASE,POS,MOBILE_APP,1,0,Coimbatore,15.0,0,0,1,DEV-MOHANA-SAMSUNG-S23,mobile_android,0,BEN-CUST_MOHANA_002-TRUSTED,Trusted Household Vendor,6,1,1,10,0,0,0,None,Resolved Genuine,Standard Habitual Purchase,0
TXN-CUST_MOHANA_002-10863,2026-08-17 07:40:06,2026-08-17,07:40:06,7,0,0,0,CUST_MOHANA_002,180,Coimbatore,Tamil Nadu,Medium Risk / 12% Fraud Rate,M015,HomeSphere Appliances,Home Appliances,"Refrigerators, ACs & Kitchen Tech",Coimbatore,Saibaba Colony,Tamil Nadu,641011,11.0315,76.945,9,27500.0,09:30-21:00,"POS,EMI,CARD,UPI",Carding attacks with immediate in-store pickup,0.038,95,4090.75,INR,PURCHASE,UPI,MOBILE_APP,1,0,Coimbatore,12.0,0,0,1,DEV-MOHANA-SAMSUNG-S23,mobile_android,0,BEN-CUST_MOHANA_002-TRUSTED,Trusted Household Vendor,15,1,4,23,0,0,0,None,Resolved Genuine,Standard Habitual Purchase,0
TXN-CUST_MOHANA_002-10864,2026-08-17 09:09:06,2026-08-17,09:09:06,9,0,0,0,CUST_MOHANA_002,180,Coimbatore,Tamil Nadu,Medium Risk / 12% Fraud Rate,M001,NovaMart Fresh,Grocery & Supermarket,Supermarket / Hypermarket,Chennai,T Nagar,Tamil Nadu,600017,13.0418,80.2341,8,1250.0,07:00-22:30,"POS,UPI,CARD,ONLINE",Card testing / micro-burst velocity,0.012,30,7862.9,INR,PURCHASE,CARD,MOBILE_APP,1,0,Coimbatore,7.0,0,0,1,DEV-MOHANA-SAMSUNG-S23,mobile_android,0,BEN-CUST_MOHANA_002-TRUSTED,Trusted Household Vendor,12,1,4,23,0,0,0,None,Resolved Genuine,Standard Habitual Purchase,0
TXN-CUST_MOHANA_002-10865,2026-08-17 10:34:00,2026-08-17,10:34:00,10,0,0,0,CUST_MOHANA_002,180,Coimbatore,Tamil Nadu,Medium Risk / 12% Fraud Rate,M024,LinkWave Telecom,Telecom Retail,Fiber Broadband & Postpaid Plans,Erode,Perundurai Road,Tamil Nadu,638011,11.341,77.7172,10,1950.0,09:30-20:30,"UPI,CARD,ONLINE,POS",SIM swap bill recharge surges,0.017,42,3977.99,INR,PURCHASE,UPI,MOBILE_APP,1,0,Coimbatore,5.0,0,0,1,DEV-MOHANA-SAMSUNG-S23,mobile_android,0,BEN-CUST_MOHANA_002-TRUSTED,Trusted Household Vendor,3,0,2,12,0,0,0,None,Resolved Genuine,Standard Habitual Purchase,0
TXN-CUST_MOHANA_002-10866,2026-08-17 12:02:51,2026-08-17,12:02:51,12,0,0,0,CUST_MOHANA_002,180,Coimbatore,Tamil Nadu,Medium Risk / 12% Fraud Rate,M024,LinkWave Telecom,Telecom Retail,Fiber Broadband & Postpaid Plans,Erode,Perundurai Road,Tamil Nadu,638011,11.341,77.7172,10,1950.0,09:30-20:30,"UPI,CARD,ONLINE,POS",SIM swap bill recharge surges,0.017,42,9333.56,INR,PURCHASE,CARD,MOBILE_APP,1,0,Coimbatore,13.0,0,0,1,DEV-MOHANA-SAMSUNG-S23,mobile_android,0,BEN-CUST_MOHANA_002-TRUSTED,Trusted Household Vendor,5,0,4,18,0,0,0,None,Resolved Genuine,Standard Habitual Purchase,0
TXN-CUST_MOHANA_002-10867,2026-08-17 13:27:33,2026-08-17,13:27:33,13,0,0,0,CUST_MOHANA_002,180,Coimbatore,Tamil Nadu,Medium Risk / 12% Fraud Rate,M023,SwiftBox Logistics,Courier / Logistics,Express Parcel & Freight Delivery,Tiruppur,Avinashi Road,Tamil Nadu,641603,11.1085,77.3411,9,4200.0,08:00-21:00,"POS,UPI,CARD,ONLINE",Interception fraud / address redirection,0.02,50,12762.58,INR,PURCHASE,CARD,MOBILE_APP,1,0,Coimbatore,13.0,0,0,1,DEV-MOHANA-SAMSUNG-S23,mobile_android,0,BEN-CUST_MOHANA_002-TRUSTED,Trusted Household Vendor,11,1,2,17,0,0,0,None,Resolved Genuine,Standard Habitual Purchase,0
TXN-CUST_MOHANA_002-10868,2026-08-17 14:51:22,2026-08-17,14:51:22,14,0,0,0,CUST_MOHANA_002,180,Coimbatore,Tamil Nadu,Medium Risk / 12% Fraud Rate,M026,GreenLeaf Wellness,Health & Wellness,Organic Nutrition & Ayurveda,Trichy,Srirangam,Tamil Nadu,620006,10.8624,78.6947,6,2100.0,08:00-21:00,"POS,UPI,ONLINE,CARD",Subscription card stuffing,0.013,32,9331.58,INR,PURCHASE,CARD,MOBILE_APP,1,0,Coimbatore,12.0,0,0,1,DEV-MOHANA-SAMSUNG-S23,mobile_android,0,BEN-CUST_MOHANA_002-TRUSTED,Trusted Household Vendor,4,0,1,8,0,0,0,None,Resolved Genuine,Standard Habitual Purchase,0
TXN-CUST_MOHANA_002-10869,2026-08-17 16:20:30,2026-08-17,16:20:30,16,0,0,0,CUST_MOHANA_002,180,Coimbatore,Tamil Nadu,Medium Risk / 12% Fraud Rate,M022,SkillSpring Academy,Education / Training,Professional Certifications & Tech Bootcamps,Chennai,Mylapore,Tamil Nadu,600004,13.0368,80.2676,8,22000.0,08:30-19:30,"ONLINE,NETBANKING,CARD,UPI",Stolen corporate card enrollments,0.028,70,11530.1,INR,PURCHASE,UPI,MOBILE_APP,0,0,Coimbatore,5.0,0,0,1,DEV-MOHANA-SAMSUNG-S23,mobile_android,0,BEN-CUST_MOHANA_002-TRUSTED,Trusted Household Vendor,3,1,3,20,0,0,0,None,Resolved Genuine,Standard Habitual Purchase,0
TXN-CUST_MOHANA_002-10870,2026-08-17 17:49:24,2026-08-17,17:49:24,17,0,0,0,CUST_MOHANA_002,180,Coimbatore,Tamil Nadu,Medium Risk / 12% Fraud Rate,M009,RapidFuel Station,Fuel Station,"Petrol, Diesel & EV Fast Charge",Salem,Fairlands,Tamil Nadu,636016,11.6643,78.146,9,3100.0,24_HOURS,"POS,FLEET_CARD,UPI",Automated fleet card skimming,0.024,60,10137.65,INR,PURCHASE,UPI,MOBILE_APP,1,0,Coimbatore,9.0,0,0,1,DEV-MOHANA-SAMSUNG-S23,mobile_android,0,BEN-CUST_MOHANA_002-TRUSTED,Trusted Household Vendor,10,0,1,13,0,0,0,None,Resolved Genuine,Standard Habitual Purchase,0
TXN-CUST_MOHANA_002-10871,2026-08-17 19:14:44,2026-08-17,19:14:44,19,0,0,0,CUST_MOHANA_002,180,Coimbatore,Tamil Nadu,Medium Risk / 12% Fraud Rate,M009,RapidFuel Station,Fuel Station,"Petrol, Diesel & EV Fast Charge",Salem,Fairlands,Tamil Nadu,636016,11.6643,78.146,9,3100.0,24_HOURS,"POS,FLEET_CARD,UPI",Automated fleet card skimming,0.024,60,7621.98,INR,PURCHASE,POS,MOBILE_APP,1,0,Coimbatore,10.0,0,0,1,DEV-MOHANA-SAMSUNG-S23,mobile_android,0,BEN-CUST_MOHANA_002-TRUSTED,Trusted Household Vendor,7,0,2,16,0,0,0,None,Resolved Genuine,Standard Habitual Purchase,0
TXN-CUST_MOHANA_002-10872,2026-08-17 20:40:17,2026-08-17,20:40:17,20,0,0,0,CUST_MOHANA_002,180,Coimbatore,Tamil Nadu,Medium Risk / 12% Fraud Rate,M018,PageTurn Book House,Bookstore,"Academic, Fiction & Stationery",Trichy,Thillai Nagar,Tamil Nadu,620018,10.8282,78.6854,16,850.0,09:00-21:30,"POS,UPI,CARD,ONLINE",Low-value card testing bots,0.008,20,5719.38,INR,PURCHASE,ONLINE,MOBILE_APP,1,0,Coimbatore,14.0,0,0,1,DEV-MOHANA-SAMSUNG-S23,mobile_android,0,BEN-CUST_MOHANA_002-TRUSTED,Trusted Household Vendor,15,0,2,12,0,0,0,None,Resolved Genuine,Standard Habitual Purchase,0
TXN-CUST_MOHANA_002-10873,2026-08-17 22:05:44,2026-08-17,22:05:44,22,0,0,0,CUST_MOHANA_002,180,Coimbatore,Tamil Nadu,Medium Risk / 12% Fraud Rate,M028,CraftCove Home Decor,Home Decor,Handicrafts & Art Pieces,Thanjavur,Medical College Road,Tamil Nadu,613004,10.7684,79.1245,8,7400.0,09:30-20:30,"POS,UPI,CARD,ONLINE",Cross-border tourist chargebacks,0.023,57,12897.57,INR,PURCHASE,CARD,MOBILE_APP,1,0,Coimbatore,3.0,0,0,1,DEV-MOHANA-SAMSUNG-S23,mobile_android,0,BEN-CUST_MOHANA_002-TRUSTED,Trusted Household Vendor,15,1,1,12,0,0,0,None,Resolved Genuine,Standard Habitual Purchase,0
TXN-CUST_MOHANA_002-10874,2026-08-17 23:31:30,2026-08-17,23:31:30,23,0,0,1,CUST_MOHANA_002,180,Coimbatore,Tamil Nadu,Medium Risk / 12% Fraud Rate,M018,PageTurn Book House,Bookstore,"Academic, Fiction & Stationery",Trichy,Thillai Nagar,Tamil Nadu,620018,10.8282,78.6854,16,850.0,09:00-21:30,"POS,UPI,CARD,ONLINE",Low-value card testing bots,0.008,20,6273.82,INR,PURCHASE,ONLINE,MOBILE_APP,1,0,Coimbatore,5.0,0,0,1,DEV-MOHANA-SAMSUNG-S23,mobile_android,0,BEN-CUST_MOHANA_002-TRUSTED,Trusted Household Vendor,6,0,2,13,0,0,0,None,Resolved Genuine,Standard Habitual Purchase,0
TXN-CUST_MOHANA_002-10875,2026-08-18 00:58:39,2026-08-18,00:58:39,0,1,0,1,CUST_MOHANA_002,180,Coimbatore,Tamil Nadu,Medium Risk / 12% Fraud Rate,M015,HomeSphere Appliances,Home Appliances,"Refrigerators, ACs & Kitchen Tech",Coimbatore,Saibaba Colony,Tamil Nadu,641011,11.0315,76.945,9,27500.0,09:30-21:00,"POS,EMI,CARD,UPI",Carding attacks with immediate in-store pickup,0.038,95,9248.71,INR,PURCHASE,POS,MOBILE_APP,1,0,Coimbatore,2.0,0,0,1,DEV-MOHANA-SAMSUNG-S23,mobile_android,0,BEN-CUST_MOHANA_002-TRUSTED,Trusted Household Vendor,5,0,1,7,0,0,0,None,Resolved Genuine,Standard Habitual Purchase,0
TXN-CUST_MOHANA_002-10876,2026-08-18 02:27:56,2026-08-18,02:27:56,2,1,0,1,CUST_MOHANA_002,180,Coimbatore,Tamil Nadu,Medium Risk / 12% Fraud Rate,M004,Aurelia Gold House,Jewellery,Gold & Diamond Jewellery,Coimbatore,RS Puram,Tamil Nadu,641002,11.0089,76.9514,14,78000.0,10:00-20:30,"POS,CARD,TRANSFER",Account takeover / card-not-present luxury surge,0.065,162,8815.34,INR,PURCHASE,TRANSFER,MOBILE_APP,1,0,Coimbatore,9.0,0,0,1,DEV-MOHANA-SAMSUNG-S23,mobile_android,0,BEN-CUST_MOHANA_002-TRUSTED,Trusted Household Vendor,14,1,3,20,0,0,0,None,Resolved Genuine,Standard Habitual Purchase,0
TXN-CUST_MOHANA_002-10877,2026-08-18 03:56:11,2026-08-18,03:56:11,3,1,0,1,CUST_MOHANA_002,180,Coimbatore,Tamil Nadu,Medium Risk / 12% Fraud Rate,M024,LinkWave Telecom,Telecom Retail,Fiber Broadband & Postpaid Plans,Erode,Perundurai Road,Tamil Nadu,638011,11.341,77.7172,10,1950.0,09:30-20:30,"UPI,CARD,ONLINE,POS",SIM swap bill recharge surges,0.017,42,9664.75,INR,PURCHASE,UPI,MOBILE_APP,1,0,Coimbatore,11.0,0,0,1,DEV-MOHANA-SAMSUNG-S23,mobile_android,0,BEN-CUST_MOHANA_002-TRUSTED,Trusted Household Vendor,10,0,1,13,0,0,0,None,Resolved Genuine,Standard Habitual Purchase,0
TXN-CUST_MOHANA_002-10878,2026-08-18 05:21:19,2026-08-18,05:21:19,5,1,0,1,CUST_MOHANA_002,180,Coimbatore,Tamil Nadu,Medium Risk / 12% Fraud Rate,M002,CircuitBay Electronics,Consumer Electronics,Laptops & Gadgets,Chennai,Velachery,Tamil Nadu,600042,12.9759,80.2212,6,32000.0,10:00-21:30,"POS,ONLINE,EMI,UPI",Stolen payment details / high-ticket electronics delivery,0.048,120,11538.97,INR,PURCHASE,POS,MOBILE_APP,1,0,Coimbatore,15.0,0,0,1,DEV-MOHANA-SAMSUNG-S23,mobile_android,0,BEN-CUST_MOHANA_002-TRUSTED,Trusted Household Vendor,8,0,2,14,0,0,0,None,Resolved Genuine,Standard Habitual Purchase,0
TXN-CUST_MOHANA_002-10879,2026-08-18 06:48:53,2026-08-18,06:48:53,6,1,0,0,CUST_MOHANA_002,180,Coimbatore,Tamil Nadu,Medium Risk / 12% Fraud Rate,M006,MedicoCare Pharmacy,Pharmacy,Medicines & Surgical Supplies,Madurai,KK Nagar,Tamil Nadu,625020,9.9252,78.1498,10,1450.0,24_HOURS,"POS,UPI,CARD,ONLINE",Nighttime micro card testing,0.015,37,9501.41,INR,PURCHASE,POS,MOBILE_APP,1,0,Coimbatore,12.0,0,0,1,DEV-MOHANA-SAMSUNG-S23,mobile_android,0,BEN-CUST_MOHANA_002-TRUSTED,Trusted Household Vendor,10,0,1,8,0,0,0,None,Resolved Genuine,Standard Habitual Purchase,0
TXN-CUST_MOHANA_002-10880,2026-08-18 08:13:21,2026-08-18,08:13:21,8,1,0,0,CUST_MOHANA_002,180,Coimbatore,Tamil Nadu,Medium Risk / 12% Fraud Rate,M029,CloudDesk Digital,Software / Digital Services,Cloud Infrastructure & SaaS Tools,Bengaluru,Whitefield,Karnataka,560066,12.9698,77.7499,7,19800.0,24_HOURS,"ONLINE,CARD,TRANSFER",Cryptomining VM rental with stolen credit cards,0.058,145,8420.75,INR,PURCHASE,TRANSFER,MOBILE_APP,0,0,Coimbatore,7.0,0,0,1,DEV-MOHANA-SAMSUNG-S23,mobile_android,0,BEN-CUST_MOHANA_002-TRUSTED,Trusted Household Vendor,6,0,2,17,0,0,0,None,Resolved Genuine,Standard Habitual Purchase,0
TXN-CUST_MOHANA_002-10881,2026-08-18 09:37:50,2026-08-18,09:37:50,9,1,0,0,CUST_MOHANA_002,180,Coimbatore,Tamil Nadu,Medium Risk / 12% Fraud Rate,M001,NovaMart Fresh,Grocery & Supermarket,Supermarket / Hypermarket,Chennai,T Nagar,Tamil Nadu,600017,13.0418,80.2341,8,1250.0,07:00-22:30,"POS,UPI,CARD,ONLINE",Card testing / micro-burst velocity,0.012,30,2881.25,INR,PURCHASE,CARD,WEB_PORTAL,0,0,Mumbai,684.0,1,1,0,DEV-LAPTOP-CHROME-247,web_browser,0,BEN-CUST_MOHANA_002-01,Self Family Transfer,3,2,7,36,1,0,0,Geographic Anomaly / High Ticket Spike,Review Required,Sudden location velocity jump with new merchant,1
TXN-CUST_MOHANA_002-10882,2026-08-18 11:06:20,2026-08-18,11:06:20,11,1,0,0,CUST_MOHANA_002,180,Coimbatore,Tamil Nadu,Medium Risk / 12% Fraud Rate,M007,SpiceRoute Kitchen,Restaurant,Fine Dining & Chettinad,Chennai,Adyar,Tamil Nadu,600020,13.0012,80.2565,7,2200.0,11:30-23:30,"POS,UPI,CARD",Cloned card POS terminal replay,0.018,45,12669.47,INR,PURCHASE,UPI,MOBILE_APP,1,0,Coimbatore,12.0,0,0,1,DEV-MOHANA-SAMSUNG-S23,mobile_android,0,BEN-CUST_MOHANA_002-TRUSTED,Trusted Household Vendor,6,0,2,14,0,0,0,None,Resolved Genuine,Standard Habitual Purchase,0
TXN-CUST_MOHANA_002-10883,2026-08-18 12:31:33,2026-08-18,12:31:33,12,1,0,0,CUST_MOHANA_002,180,Coimbatore,Tamil Nadu,Medium Risk / 12% Fraud Rate,M029,CloudDesk Digital,Software / Digital Services,Cloud Infrastructure & SaaS Tools,Bengaluru,Whitefield,Karnataka,560066,12.9698,77.7499,7,19800.0,24_HOURS,"ONLINE,CARD,TRANSFER",Cryptomining VM rental with stolen credit cards,0.058,145,12629.4,INR,PURCHASE,TRANSFER,MOBILE_APP,0,0,Coimbatore,1.0,0,0,1,DEV-MOHANA-SAMSUNG-S23,mobile_android,0,BEN-CUST_MOHANA_002-TRUSTED,Trusted Household Vendor,11,0,4,23,0,0,0,None,Resolved Genuine,Standard Habitual Purchase,0
TXN-CUST_MOHANA_002-10884,2026-08-18 13:55:01,2026-08-18,13:55:01,13,1,0,0,CUST_MOHANA_002,180,Coimbatore,Tamil Nadu,Medium Risk / 12% Fraud Rate,M015,HomeSphere Appliances,Home Appliances,"Refrigerators, ACs & Kitchen Tech",Coimbatore,Saibaba Colony,Tamil Nadu,641011,11.0315,76.945,9,27500.0,09:30-21:00,"POS,EMI,CARD,UPI",Carding attacks with immediate in-store pickup,0.038,95,3612.26,INR,PURCHASE,UPI,MOBILE_APP,1,0,Coimbatore,3.0,0,0,1,DEV-MOHANA-SAMSUNG-S23,mobile_android,0,BEN-CUST_MOHANA_002-TRUSTED,Trusted Household Vendor,12,1,3,22,0,0,0,None,Resolved Genuine,Standard Habitual Purchase,0
TXN-CUST_MOHANA_002-10885,2026-08-18 15:22:31,2026-08-18,15:22:31,15,1,0,0,CUST_MOHANA_002,180,Coimbatore,Tamil Nadu,Medium Risk / 12% Fraud Rate,M003,Pulse Mobile Hub,Mobile Store,Smartphones & Accessories,Chennai,Tambaram,Tamil Nadu,600045,12.9249,80.1278,4,18500.0,09:30-21:30,"POS,UPI,CARD",New device abuse / rapid checkout surge,0.035,87,9643.19,INR,PURCHASE,UPI,MOBILE_APP,1,0,Coimbatore,14.0,0,0,1,DEV-MOHANA-SAMSUNG-S23,mobile_android,0,BEN-CUST_MOHANA_002-TRUSTED,Trusted Household Vendor,10,0,4,20,0,0,0,None,Resolved Genuine,Standard Habitual Purchase,0
TXN-CUST_MOHANA_002-10886,2026-08-18 16:48:18,2026-08-18,16:48:18,16,1,0,0,CUST_MOHANA_002,180,Coimbatore,Tamil Nadu,Medium Risk / 12% Fraud Rate,M021,GlowCraft Salon,Salon / Beauty,Spa & Grooming Studio,Chennai,Porur,Tamil Nadu,600116,13.0382,80.1565,5,2800.0,09:00-21:00,"POS,UPI,CARD",Unusual late-night transaction spikes,0.011,27,10110.91,INR,PURCHASE,POS,MOBILE_APP,1,0,Coimbatore,3.0,0,0,1,DEV-MOHANA-SAMSUNG-S23,mobile_android,0,BEN-CUST_MOHANA_002-TRUSTED,Trusted Household Vendor,9,0,3,18,0,0,0,None,Resolved Genuine,Standard Habitual Purchase,0
TXN-CUST_MOHANA_002-10887,2026-08-18 18:12:49,2026-08-18,18:12:49,18,1,0,0,CUST_MOHANA_002,180,Coimbatore,Tamil Nadu,Medium Risk / 12% Fraud Rate,M016,MotoCare Garage,Auto Service,Car Service & Detailing Hub,Chennai,Pallikaranai,Tamil Nadu,600100,12.9372,80.2014,7,8900.0,08:30-20:30,"POS,UPI,CARD",Over-invoicing / synthetic card payments,0.021,52,8236.49,INR,PURCHASE,POS,MOBILE_APP,1,0,Coimbatore,13.0,0,0,1,DEV-MOHANA-SAMSUNG-S23,mobile_android,0,BEN-CUST_MOHANA_002-TRUSTED,Trusted Household Vendor,12,1,3,14,0,0,0,None,Resolved Genuine,Standard Habitual Purchase,0
TXN-CUST_MOHANA_002-10888,2026-08-18 19:38:44,2026-08-18,19:38:44,19,1,0,0,CUST_MOHANA_002,180,Coimbatore,Tamil Nadu,Medium Risk / 12% Fraud Rate,M029,CloudDesk Digital,Software / Digital Services,Cloud Infrastructure & SaaS Tools,Bengaluru,Whitefield,Karnataka,560066,12.9698,77.7499,7,19800.0,24_HOURS,"ONLINE,CARD,TRANSFER",Cryptomining VM rental with stolen credit cards,0.058,145,7473.55,INR,PURCHASE,TRANSFER,MOBILE_APP,0,0,Coimbatore,9.0,0,0,1,DEV-MOHANA-SAMSUNG-S23,mobile_android,0,BEN-CUST_MOHANA_002-TRUSTED,Trusted Household Vendor,3,1,2,15,0,0,0,None,Resolved Genuine,Standard Habitual Purchase,0
TXN-CUST_MOHANA_002-10889,2026-08-18 21:05:34,2026-08-18,21:05:34,21,1,0,0,CUST_MOHANA_002,180,Coimbatore,Tamil Nadu,Medium Risk / 12% Fraud Rate,M006,MedicoCare Pharmacy,Pharmacy,Medicines & Surgical Supplies,Madurai,KK Nagar,Tamil Nadu,625020,9.9252,78.1498,10,1450.0,24_HOURS,"POS,UPI,CARD,ONLINE",Nighttime micro card testing,0.015,37,4939.28,INR,PURCHASE,ONLINE,MOBILE_APP,1,0,Coimbatore,5.0,0,0,1,DEV-MOHANA-SAMSUNG-S23,mobile_android,0,BEN-CUST_MOHANA_002-TRUSTED,Trusted Household Vendor,15,1,3,17,0,0,0,None,Resolved Genuine,Standard Habitual Purchase,0
TXN-CUST_MOHANA_002-10890,2026-08-18 22:29:13,2026-08-18,22:29:13,22,1,0,0,CUST_MOHANA_002,180,Coimbatore,Tamil Nadu,Medium Risk / 12% Fraud Rate,M019,ArenaSport World,Sports Retail,Fitness Equipment & Sports Wear,Chennai,Nungambakkam,Tamil Nadu,600034,13.0604,80.2405,6,5600.0,10:00-21:30,"POS,ONLINE,UPI,CARD",Stolen card chargeback on premium sports gear,0.026,65,6641.01,INR,PURCHASE,CARD,MOBILE_APP,1,0,Coimbatore,13.0,0,0,1,DEV-MOHANA-SAMSUNG-S23,mobile_android,0,BEN-CUST_MOHANA_002-TRUSTED,Trusted Household Vendor,6,0,4,21,0,0,0,None,Resolved Genuine,Standard Habitual Purchase,0
TXN-CUST_MOHANA_002-10891,2026-08-18 23:55:24,2026-08-18,23:55:24,23,1,0,1,CUST_MOHANA_002,180,Coimbatore,Tamil Nadu,Medium Risk / 12% Fraud Rate,M024,LinkWave Telecom,Telecom Retail,Fiber Broadband & Postpaid Plans,Erode,Perundurai Road,Tamil Nadu,638011,11.341,77.7172,10,1950.0,09:30-20:30,"UPI,CARD,ONLINE,POS",SIM swap bill recharge surges,0.017,42,11686.11,INR,PURCHASE,CARD,MOBILE_APP,1,0,Coimbatore,11.0,0,0,1,DEV-MOHANA-SAMSUNG-S23,mobile_android,0,BEN-CUST_MOHANA_002-TRUSTED,Trusted Household Vendor,13,0,3,14,0,0,0,None,Resolved Genuine,Standard Habitual Purchase,0
TXN-CUST_MOHANA_002-10892,2026-08-19 01:21:23,2026-08-19,01:21:23,1,2,0,1,CUST_MOHANA_002,180,Coimbatore,Tamil Nadu,Medium Risk / 12% Fraud Rate,M003,Pulse Mobile Hub,Mobile Store,Smartphones & Accessories,Chennai,Tambaram,Tamil Nadu,600045,12.9249,80.1278,4,18500.0,09:30-21:30,"POS,UPI,CARD",New device abuse / rapid checkout surge,0.035,87,6819.29,INR,PURCHASE,CARD,MOBILE_APP,1,0,Coimbatore,5.0,0,0,1,DEV-MOHANA-SAMSUNG-S23,mobile_android,0,BEN-CUST_MOHANA_002-TRUSTED,Trusted Household Vendor,13,0,1,14,0,0,0,None,Resolved Genuine,Standard Habitual Purchase,0
TXN-CUST_MOHANA_002-10893,2026-08-19 02:46:49,2026-08-19,02:46:49,2,2,0,1,CUST_MOHANA_002,180,Coimbatore,Tamil Nadu,Medium Risk / 12% Fraud Rate,M007,SpiceRoute Kitchen,Restaurant,Fine Dining & Chettinad,Chennai,Adyar,Tamil Nadu,600020,13.0012,80.2565,7,2200.0,11:30-23:30,"POS,UPI,CARD",Cloned card POS terminal replay,0.018,45,5488.58,INR,PURCHASE,UPI,MOBILE_APP,1,0,Coimbatore,2.0,0,0,1,DEV-MOHANA-SAMSUNG-S23,mobile_android,0,BEN-CUST_MOHANA_002-TRUSTED,Trusted Household Vendor,3,0,1,14,0,0,0,None,Resolved Genuine,Standard Habitual Purchase,0
TXN-CUST_MOHANA_002-10894,2026-08-19 04:15:20,2026-08-19,04:15:20,4,2,0,1,CUST_MOHANA_002,180,Coimbatore,Tamil Nadu,Medium Risk / 12% Fraud Rate,M008,BeanCircuit Cafe,Cafe,Specialty Coffee & Bakery,Bengaluru,Indiranagar,Karnataka,560038,12.9784,77.6408,3,650.0,07:30-23:00,"UPI,POS,CARD",QR code spoofing / fast velocity dining,0.009,22,10584.6,INR,PURCHASE,UPI,MOBILE_APP,1,0,Coimbatore,3.0,0,0,1,DEV-MOHANA-SAMSUNG-S23,mobile_android,0,BEN-CUST_MOHANA_002-TRUSTED,Trusted Household Vendor,5,1,1,7,0,0,0,None,Resolved Genuine,Standard Habitual Purchase,0
TXN-CUST_MOHANA_002-10895,2026-08-19 05:44:26,2026-08-19,05:44:26,5,2,0,1,CUST_MOHANA_002,180,Coimbatore,Tamil Nadu,Medium Risk / 12% Fraud Rate,M006,MedicoCare Pharmacy,Pharmacy,Medicines & Surgical Supplies,Madurai,KK Nagar,Tamil Nadu,625020,9.9252,78.1498,10,1450.0,24_HOURS,"POS,UPI,CARD,ONLINE",Nighttime micro card testing,0.015,37,11377.53,INR,PURCHASE,CARD,MOBILE_APP,1,0,Coimbatore,6.0,0,0,1,DEV-MOHANA-SAMSUNG-S23,mobile_android,0,BEN-CUST_MOHANA_002-TRUSTED,Trusted Household Vendor,14,0,1,14,0,0,0,None,Resolved Genuine,Standard Habitual Purchase,0
TXN-CUST_MOHANA_002-10896,2026-08-19 07:08:45,2026-08-19,07:08:45,7,2,0,0,CUST_MOHANA_002,180,Coimbatore,Tamil Nadu,Medium Risk / 12% Fraud Rate,M014,OakLine Furnishings,Furniture,Teak Wood & Modern Home Decor,Madurai,Bypass Road,Tamil Nadu,625016,9.932,78.109,12,38000.0,10:00-21:00,"POS,CARD,TRANSFER,EMI",Invoice redirection fraud / fake payment slips,0.029,72,8943.09,INR,PURCHASE,POS,MOBILE_APP,1,0,Coimbatore,9.0,0,0,1,DEV-MOHANA-SAMSUNG-S23,mobile_android,0,BEN-CUST_MOHANA_002-TRUSTED,Trusted Household Vendor,7,0,4,19,0,0,0,None,Resolved Genuine,Standard Habitual Purchase,0
TXN-CUST_MOHANA_002-10897,2026-08-19 08:36:44,2026-08-19,08:36:44,8,2,0,0,CUST_MOHANA_002,180,Coimbatore,Tamil Nadu,Medium Risk / 12% Fraud Rate,M004,Aurelia Gold House,Jewellery,Gold & Diamond Jewellery,Coimbatore,RS Puram,Tamil Nadu,641002,11.0089,76.9514,14,78000.0,10:00-20:30,"POS,CARD,TRANSFER",Account takeover / card-not-present luxury surge,0.065,162,8814.55,INR,PURCHASE,CARD,MOBILE_APP,1,0,Coimbatore,5.0,0,0,1,DEV-MOHANA-SAMSUNG-S23,mobile_android,0,BEN-CUST_MOHANA_002-TRUSTED,Trusted Household Vendor,9,0,1,10,0,0,0,None,Resolved Genuine,Standard Habitual Purchase,0
TXN-CUST_MOHANA_002-10898,2026-08-19 10:04:38,2026-08-19,10:04:38,10,2,0,0,CUST_MOHANA_002,180,Coimbatore,Tamil Nadu,Medium Risk / 12% Fraud Rate,M027,BrickHarbor Realty,Real Estate / Property Services,Rental Escrow & Facility Management,Chennai,Porur,Tamil Nadu,600116,13.035,80.16,11,65000.0,09:00-19:00,"TRANSFER,NETBANKING,CARD",Security deposit phishing / escrow hijacking,0.039,97,11935.57,INR,PURCHASE,CARD,MOBILE_APP,0,0,Coimbatore,1.0,0,0,1,DEV-MOHANA-SAMSUNG-S23,mobile_android,0,BEN-CUST_MOHANA_002-TRUSTED,Trusted Household Vendor,5,1,4,26,0,0,0,None,Resolved Genuine,Standard Habitual Purchase,0
TXN-CUST_MOHANA_002-10899,2026-08-19 11:33:32,2026-08-19,11:33:32,11,2,0,0,CUST_MOHANA_002,180,Coimbatore,Tamil Nadu,Medium Risk / 12% Fraud Rate,M016,MotoCare Garage,Auto Service,Car Service & Detailing Hub,Chennai,Pallikaranai,Tamil Nadu,600100,12.9372,80.2014,7,8900.0,08:30-20:30,"POS,UPI,CARD",Over-invoicing / synthetic card payments,0.021,52,7910.89,INR,PURCHASE,UPI,MOBILE_APP,1,0,Coimbatore,9.0,0,0,1,DEV-MOHANA-SAMSUNG-S23,mobile_android,0,BEN-CUST_MOHANA_002-TRUSTED,Trusted Household Vendor,11,0,3,20,0,0,0,None,Resolved Genuine,Standard Habitual Purchase,0
TXN-CUST_MOHANA_002-10900,2026-08-19 13:00:45,2026-08-19,13:00:45,13,2,0,0,CUST_MOHANA_002,180,Coimbatore,Tamil Nadu,Medium Risk / 12% Fraud Rate,M010,HarborView Residency,Hotel / Hospitality,Business & Luxury Hotel,Chennai,OMR,Tamil Nadu,600096,12.9165,80.2285,6,9500.0,24_HOURS,"ONLINE,POS,CARD,TRANSFER",Online travel booking fraud with stolen corporate credentials,0.041,102,13046.46,INR,PURCHASE,TRANSFER,MOBILE_APP,1,0,Coimbatore,7.0,0,0,1,DEV-MOHANA-SAMSUNG-S23,mobile_android,0,BEN-CUST_MOHANA_002-TRUSTED,Trusted Household Vendor,12,0,1,8,0,0,0,None,Resolved Genuine,Standard Habitual Purchase,0
TXN-CUST_MOHANA_002-10901,2026-08-19 14:25:28,2026-08-19,14:25:28,14,2,0,0,CUST_MOHANA_002,180,Coimbatore,Tamil Nadu,Medium Risk / 12% Fraud Rate,M022,SkillSpring Academy,Education / Training,Professional Certifications & Tech Bootcamps,Chennai,Mylapore,Tamil Nadu,600004,13.0368,80.2676,8,22000.0,08:30-19:30,"ONLINE,NETBANKING,CARD,UPI",Stolen corporate card enrollments,0.028,70,45153.01,INR,P2P_TRANSFER,ONLINE,MOBILE_APP,0,0,Hyderabad,746.0,1,0,1,DEV-MOHANA-SAMSUNG-S23,mobile_android,1,BEN-NEW-287,Global Flight Booking,0,2,5,26,1,0,0,Geographic Anomaly / High Ticket Spike,Review Required,Sudden location velocity jump with new merchant,1
TXN-CUST_MOHANA_002-10902,2026-08-19 15:53:00,2026-08-19,15:53:00,15,2,0,0,CUST_MOHANA_002,180,Coimbatore,Tamil Nadu,Medium Risk / 12% Fraud Rate,M002,CircuitBay Electronics,Consumer Electronics,Laptops & Gadgets,Chennai,Velachery,Tamil Nadu,600042,12.9759,80.2212,6,32000.0,10:00-21:30,"POS,ONLINE,EMI,UPI",Stolen payment details / high-ticket electronics delivery,0.048,120,70337.63,INR,PURCHASE,POS,MOBILE_APP,0,0,Hyderabad,522.0,1,0,1,DEV-MOHANA-SAMSUNG-S23,mobile_android,0,BEN-CUST_MOHANA_002-01,Self Family Transfer,3,2,6,27,1,0,0,Geographic Anomaly / High Ticket Spike,Review Required,Sudden location velocity jump with new merchant,1
TXN-CUST_MOHANA_002-10903,2026-08-19 17:19:14,2026-08-19,17:19:14,17,2,0,0,CUST_MOHANA_002,180,Coimbatore,Tamil Nadu,Medium Risk / 12% Fraud Rate,M020,GameGrid Arena,Gaming,"Esports, Consoles & Virtual Credits",Bengaluru,Koramangala,Karnataka,560095,12.9352,77.6245,4,3400.0,10:00-01:00,"ONLINE,UPI,CARD,WALLET",Virtual item laundering & bot-driven micro transactions,0.055,137,7954.44,INR,PURCHASE,ONLINE,MOBILE_APP,0,0,Coimbatore,14.0,0,0,1,DEV-MOHANA-SAMSUNG-S23,mobile_android,0,BEN-CUST_MOHANA_002-TRUSTED,Trusted Household Vendor,12,0,3,16,0,0,0,None,Resolved Genuine,Standard Habitual Purchase,0
TXN-CUST_MOHANA_002-10904,2026-08-19 18:45:43,2026-08-19,18:45:43,18,2,0,0,CUST_MOHANA_002,180,Coimbatore,Tamil Nadu,Medium Risk / 12% Fraud Rate,M007,SpiceRoute Kitchen,Restaurant,Fine Dining & Chettinad,Chennai,Adyar,Tamil Nadu,600020,13.0012,80.2565,7,2200.0,11:30-23:30,"POS,UPI,CARD",Cloned card POS terminal replay,0.018,45,4531.12,INR,PURCHASE,UPI,MOBILE_APP,1,0,Coimbatore,9.0,0,0,1,DEV-MOHANA-SAMSUNG-S23,mobile_android,0,BEN-CUST_MOHANA_002-TRUSTED,Trusted Household Vendor,9,1,2,16,0,0,0,None,Resolved Genuine,Standard Habitual Purchase,0
TXN-CUST_MOHANA_002-10905,2026-08-19 20:09:14,2026-08-19,20:09:14,20,2,0,0,CUST_MOHANA_002,180,Coimbatore,Tamil Nadu,Medium Risk / 12% Fraud Rate,M023,SwiftBox Logistics,Courier / Logistics,Express Parcel & Freight Delivery,Tiruppur,Avinashi Road,Tamil Nadu,641603,11.1085,77.3411,9,4200.0,08:00-21:00,"POS,UPI,CARD,ONLINE",Interception fraud / address redirection,0.02,50,11000.29,INR,PURCHASE,UPI,MOBILE_APP,1,0,Coimbatore,12.0,0,0,1,DEV-MOHANA-SAMSUNG-S23,mobile_android,0,BEN-CUST_MOHANA_002-TRUSTED,Trusted Household Vendor,8,1,1,8,0,0,0,None,Resolved Genuine,Standard Habitual Purchase,0
TXN-CUST_MOHANA_002-10906,2026-08-19 21:35:52,2026-08-19,21:35:52,21,2,0,0,CUST_MOHANA_002,180,Coimbatore,Tamil Nadu,Medium Risk / 12% Fraud Rate,M007,SpiceRoute Kitchen,Restaurant,Fine Dining & Chettinad,Chennai,Adyar,Tamil Nadu,600020,13.0012,80.2565,7,2200.0,11:30-23:30,"POS,UPI,CARD",Cloned card POS terminal replay,0.018,45,5635.43,INR,P2P_TRANSFER,UPI,WEB_PORTAL,0,0,Mumbai,629.0,1,1,0,DEV-LAPTOP-CHROME-198,web_browser,1,BEN-NEW-283,Global Flight Booking,0,4,4,21,1,0,0,Geographic Anomaly / High Ticket Spike,Review Required,Sudden location velocity jump with new merchant,1
TXN-CUST_MOHANA_002-10907,2026-08-19 23:04:35,2026-08-19,23:04:35,23,2,0,1,CUST_MOHANA_002,180,Coimbatore,Tamil Nadu,Medium Risk / 12% Fraud Rate,M029,CloudDesk Digital,Software / Digital Services,Cloud Infrastructure & SaaS Tools,Bengaluru,Whitefield,Karnataka,560066,12.9698,77.7499,7,19800.0,24_HOURS,"ONLINE,CARD,TRANSFER",Cryptomining VM rental with stolen credit cards,0.058,145,42152.63,INR,PURCHASE,TRANSFER,MOBILE_APP,0,0,Delhi,866.0,1,0,1,DEV-MOHANA-SAMSUNG-S23,mobile_android,0,BEN-CUST_MOHANA_002-01,Self Family Transfer,3,4,5,24,1,0,0,Geographic Anomaly / High Ticket Spike,Review Required,Sudden location velocity jump with new merchant,1
TXN-CUST_MOHANA_002-10908,2026-08-20 00:31:57,2026-08-20,00:31:57,0,3,0,1,CUST_MOHANA_002,180,Coimbatore,Tamil Nadu,Medium Risk / 12% Fraud Rate,M019,ArenaSport World,Sports Retail,Fitness Equipment & Sports Wear,Chennai,Nungambakkam,Tamil Nadu,600034,13.0604,80.2405,6,5600.0,10:00-21:30,"POS,ONLINE,UPI,CARD",Stolen card chargeback on premium sports gear,0.026,65,11226.52,INR,PURCHASE,CARD,MOBILE_APP,1,0,Coimbatore,1.0,0,0,1,DEV-MOHANA-SAMSUNG-S23,mobile_android,0,BEN-CUST_MOHANA_002-TRUSTED,Trusted Household Vendor,11,1,4,20,0,0,0,None,Resolved Genuine,Standard Habitual Purchase,0
TXN-CUST_MOHANA_002-10909,2026-08-20 02:00:17,2026-08-20,02:00:17,2,3,0,1,CUST_MOHANA_002,180,Coimbatore,Tamil Nadu,Medium Risk / 12% Fraud Rate,M025,ShieldSure Services,Insurance Services,General & Health Insurance Premium,Chennai,Egmore,Tamil Nadu,600008,13.0784,80.2607,13,14000.0,09:30-18:00,"ONLINE,NETBANKING,CARD",Premium diversion / fake policy payment slips,0.019,47,7848.71,INR,PURCHASE,ONLINE,MOBILE_APP,0,0,Coimbatore,4.0,0,0,1,DEV-MOHANA-SAMSUNG-S23,mobile_android,0,BEN-CUST_MOHANA_002-TRUSTED,Trusted Household Vendor,11,0,2,18,0,0,0,None,Resolved Genuine,Standard Habitual Purchase,0
TXN-CUST_MOHANA_002-10910,2026-08-20 03:27:21,2026-08-20,03:27:21,3,3,0,1,CUST_MOHANA_002,180,Coimbatore,Tamil Nadu,Medium Risk / 12% Fraud Rate,M013,CartNest Online,E-commerce,Multi-category Marketplace,Chennai,Guindy,Tamil Nadu,600032,13.0067,80.2026,5,6200.0,24_HOURS,"ONLINE,UPI,CARD,NETBANKING",Account takeover + triangulation shipping fraud,0.045,112,10266.38,INR,PURCHASE,NETBANKING,MOBILE_APP,0,0,Coimbatore,15.0,0,0,1,DEV-MOHANA-SAMSUNG-S23,mobile_android,0,BEN-CUST_MOHANA_002-TRUSTED,Trusted Household Vendor,10,0,2,11,0,0,0,None,Resolved Genuine,Standard Habitual Purchase,0
TXN-CUST_MOHANA_002-10911,2026-08-20 04:53:47,2026-08-20,04:53:47,4,3,0,1,CUST_MOHANA_002,180,Coimbatore,Tamil Nadu,Medium Risk / 12% Fraud Rate,M021,GlowCraft Salon,Salon / Beauty,Spa & Grooming Studio,Chennai,Porur,Tamil Nadu,600116,13.0382,80.1565,5,2800.0,09:00-21:00,"POS,UPI,CARD",Unusual late-night transaction spikes,0.011,27,4563.26,INR,PURCHASE,UPI,MOBILE_APP,1,0,Coimbatore,11.0,0,0,1,DEV-MOHANA-SAMSUNG-S23,mobile_android,0,BEN-CUST_MOHANA_002-TRUSTED,Trusted Household Vendor,5,0,4,25,0,0,0,None,Resolved Genuine,Standard Habitual Purchase,0
TXN-CUST_MOHANA_002-10912,2026-08-20 06:17:48,2026-08-20,06:17:48,6,3,0,0,CUST_MOHANA_002,180,Coimbatore,Tamil Nadu,Medium Risk / 12% Fraud Rate,M014,OakLine Furnishings,Furniture,Teak Wood & Modern Home Decor,Madurai,Bypass Road,Tamil Nadu,625016,9.932,78.109,12,38000.0,10:00-21:00,"POS,CARD,TRANSFER,EMI",Invoice redirection fraud / fake payment slips,0.029,72,9031.93,INR,PURCHASE,CARD,MOBILE_APP,1,0,Coimbatore,13.0,0,0,1,DEV-MOHANA-SAMSUNG-S23,mobile_android,0,BEN-CUST_MOHANA_002-TRUSTED,Trusted Household Vendor,6,1,1,14,0,0,0,None,Resolved Genuine,Standard Habitual Purchase,0
TXN-CUST_MOHANA_002-10913,2026-08-20 07:45:57,2026-08-20,07:45:57,7,3,0,0,CUST_MOHANA_002,180,Coimbatore,Tamil Nadu,Medium Risk / 12% Fraud Rate,M007,SpiceRoute Kitchen,Restaurant,Fine Dining & Chettinad,Chennai,Adyar,Tamil Nadu,600020,13.0012,80.2565,7,2200.0,11:30-23:30,"POS,UPI,CARD",Cloned card POS terminal replay,0.018,45,12580.7,INR,PURCHASE,CARD,MOBILE_APP,1,0,Coimbatore,12.0,0,0,1,DEV-MOHANA-SAMSUNG-S23,mobile_android,0,BEN-CUST_MOHANA_002-TRUSTED,Trusted Household Vendor,13,0,1,14,0,0,0,None,Resolved Genuine,Standard Habitual Purchase,0
TXN-CUST_MOHANA_002-10914,2026-08-20 09:13:44,2026-08-20,09:13:44,9,3,0,0,CUST_MOHANA_002,180,Coimbatore,Tamil Nadu,Medium Risk / 12% Fraud Rate,M008,BeanCircuit Cafe,Cafe,Specialty Coffee & Bakery,Bengaluru,Indiranagar,Karnataka,560038,12.9784,77.6408,3,650.0,07:30-23:00,"UPI,POS,CARD",QR code spoofing / fast velocity dining,0.009,22,6963.14,INR,PURCHASE,POS,MOBILE_APP,1,0,Coimbatore,3.0,0,0,1,DEV-MOHANA-SAMSUNG-S23,mobile_android,0,BEN-CUST_MOHANA_002-TRUSTED,Trusted Household Vendor,11,0,1,11,0,0,0,None,Resolved Genuine,Standard Habitual Purchase,0
TXN-CUST_MOHANA_002-10915,2026-08-20 10:41:23,2026-08-20,10:41:23,10,3,0,0,CUST_MOHANA_002,180,Coimbatore,Tamil Nadu,Medium Risk / 12% Fraud Rate,M025,ShieldSure Services,Insurance Services,General & Health Insurance Premium,Chennai,Egmore,Tamil Nadu,600008,13.0784,80.2607,13,14000.0,09:30-18:00,"ONLINE,NETBANKING,CARD",Premium diversion / fake policy payment slips,0.019,47,39631.15,INR,P2P_TRANSFER,NETBANKING,MOBILE_APP,0,0,Delhi,793.0,1,0,1,DEV-MOHANA-SAMSUNG-S23,mobile_android,1,BEN-NEW-144,Global Flight Booking,0,3,7,35,1,0,0,Geographic Anomaly / High Ticket Spike,Review Required,Sudden location velocity jump with new merchant,1
TXN-CUST_MOHANA_002-10916,2026-08-20 12:09:44,2026-08-20,12:09:44,12,3,0,0,CUST_MOHANA_002,180,Coimbatore,Tamil Nadu,Medium Risk / 12% Fraud Rate,M006,MedicoCare Pharmacy,Pharmacy,Medicines & Surgical Supplies,Madurai,KK Nagar,Tamil Nadu,625020,9.9252,78.1498,10,1450.0,24_HOURS,"POS,UPI,CARD,ONLINE",Nighttime micro card testing,0.015,37,3463.99,INR,PURCHASE,CARD,MOBILE_APP,1,0,Coimbatore,15.0,0,0,1,DEV-MOHANA-SAMSUNG-S23,mobile_android,0,BEN-CUST_MOHANA_002-TRUSTED,Trusted Household Vendor,13,0,1,9,0,0,0,None,Resolved Genuine,Standard Habitual Purchase,0
TXN-CUST_MOHANA_002-10917,2026-08-20 13:37:46,2026-08-20,13:37:46,13,3,0,0,CUST_MOHANA_002,180,Coimbatore,Tamil Nadu,Medium Risk / 12% Fraud Rate,M020,GameGrid Arena,Gaming,"Esports, Consoles & Virtual Credits",Bengaluru,Koramangala,Karnataka,560095,12.9352,77.6245,4,3400.0,10:00-01:00,"ONLINE,UPI,CARD,WALLET",Virtual item laundering & bot-driven micro transactions,0.055,137,4699.84,INR,PURCHASE,WALLET,MOBILE_APP,0,0,Coimbatore,10.0,0,0,1,DEV-MOHANA-SAMSUNG-S23,mobile_android,0,BEN-CUST_MOHANA_002-TRUSTED,Trusted Household Vendor,4,0,4,26,0,0,0,None,Resolved Genuine,Standard Habitual Purchase,0
TXN-CUST_MOHANA_002-10918,2026-08-20 15:05:20,2026-08-20,15:05:20,15,3,0,0,CUST_MOHANA_002,180,Coimbatore,Tamil Nadu,Medium Risk / 12% Fraud Rate,M012,DashDine Delivery,Food Delivery,Quick Commerce & Meal Delivery,Chennai,Sholinganallur,Tamil Nadu,600119,12.901,80.2279,4,520.0,06:00-02:00,"UPI,CARD,ONLINE,WALLET",Promo code abuse / stolen wallet balances,0.014,35,13293.36,INR,PURCHASE,ONLINE,MOBILE_APP,0,0,Coimbatore,7.0,0,0,1,DEV-MOHANA-SAMSUNG-S23,mobile_android,0,BEN-CUST_MOHANA_002-TRUSTED,Trusted Household Vendor,11,0,2,15,0,0,0,None,Resolved Genuine,Standard Habitual Purchase,0
TXN-CUST_MOHANA_002-10919,2026-08-20 16:32:42,2026-08-20,16:32:42,16,3,0,0,CUST_MOHANA_002,180,Coimbatore,Tamil Nadu,Medium Risk / 12% Fraud Rate,M006,MedicoCare Pharmacy,Pharmacy,Medicines & Surgical Supplies,Madurai,KK Nagar,Tamil Nadu,625020,9.9252,78.1498,10,1450.0,24_HOURS,"POS,UPI,CARD,ONLINE",Nighttime micro card testing,0.015,37,10891.13,INR,PURCHASE,ONLINE,MOBILE_APP,1,0,Coimbatore,1.0,0,0,1,DEV-MOHANA-SAMSUNG-S23,mobile_android,0,BEN-CUST_MOHANA_002-TRUSTED,Trusted Household Vendor,14,0,2,16,0,0,0,None,Resolved Genuine,Standard Habitual Purchase,0
TXN-CUST_MOHANA_002-10920,2026-08-20 17:58:18,2026-08-20,17:58:18,17,3,0,0,CUST_MOHANA_002,180,Coimbatore,Tamil Nadu,Medium Risk / 12% Fraud Rate,M027,BrickHarbor Realty,Real Estate / Property Services,Rental Escrow & Facility Management,Chennai,Porur,Tamil Nadu,600116,13.035,80.16,11,65000.0,09:00-19:00,"TRANSFER,NETBANKING,CARD",Security deposit phishing / escrow hijacking,0.039,97,7472.39,INR,PURCHASE,TRANSFER,MOBILE_APP,0,0,Coimbatore,7.0,0,0,1,DEV-MOHANA-SAMSUNG-S23,mobile_android,0,BEN-CUST_MOHANA_002-TRUSTED,Trusted Household Vendor,12,0,3,16,0,0,0,None,Resolved Genuine,Standard Habitual Purchase,0
TXN-CUST_MOHANA_002-10921,2026-08-20 19:23:39,2026-08-20,19:23:39,19,3,0,0,CUST_MOHANA_002,180,Coimbatore,Tamil Nadu,Medium Risk / 12% Fraud Rate,M007,SpiceRoute Kitchen,Restaurant,Fine Dining & Chettinad,Chennai,Adyar,Tamil Nadu,600020,13.0012,80.2565,7,2200.0,11:30-23:30,"POS,UPI,CARD",Cloned card POS terminal replay,0.018,45,6542.09,INR,PURCHASE,UPI,MOBILE_APP,1,0,Coimbatore,9.0,0,0,1,DEV-MOHANA-SAMSUNG-S23,mobile_android,0,BEN-CUST_MOHANA_002-TRUSTED,Trusted Household Vendor,8,0,2,13,0,0,0,None,Resolved Genuine,Standard Habitual Purchase,0
TXN-CUST_MOHANA_002-10922,2026-08-20 20:50:40,2026-08-20,20:50:40,20,3,0,0,CUST_MOHANA_002,180,Coimbatore,Tamil Nadu,Medium Risk / 12% Fraud Rate,M022,SkillSpring Academy,Education / Training,Professional Certifications & Tech Bootcamps,Chennai,Mylapore,Tamil Nadu,600004,13.0368,80.2676,8,22000.0,08:30-19:30,"ONLINE,NETBANKING,CARD,UPI",Stolen corporate card enrollments,0.028,70,7838.58,INR,PURCHASE,CARD,MOBILE_APP,0,0,Coimbatore,11.0,0,0,1,DEV-MOHANA-SAMSUNG-S23,mobile_android,0,BEN-CUST_MOHANA_002-TRUSTED,Trusted Household Vendor,14,1,4,20,0,0,0,None,Resolved Genuine,Standard Habitual Purchase,0
TXN-CUST_MOHANA_002-10923,2026-08-20 22:17:32,2026-08-20,22:17:32,22,3,0,0,CUST_MOHANA_002,180,Coimbatore,Tamil Nadu,Medium Risk / 12% Fraud Rate,M020,GameGrid Arena,Gaming,"Esports, Consoles & Virtual Credits",Bengaluru,Koramangala,Karnataka,560095,12.9352,77.6245,4,3400.0,10:00-01:00,"ONLINE,UPI,CARD,WALLET",Virtual item laundering & bot-driven micro transactions,0.055,137,3629.24,INR,PURCHASE,WALLET,MOBILE_APP,0,0,Coimbatore,5.0,0,0,1,DEV-MOHANA-SAMSUNG-S23,mobile_android,0,BEN-CUST_MOHANA_002-TRUSTED,Trusted Household Vendor,15,0,2,16,0,0,0,None,Resolved Genuine,Standard Habitual Purchase,0
TXN-CUST_MOHANA_002-10924,2026-08-20 23:44:29,2026-08-20,23:44:29,23,3,0,1,CUST_MOHANA_002,180,Coimbatore,Tamil Nadu,Medium Risk / 12% Fraud Rate,M010,HarborView Residency,Hotel / Hospitality,Business & Luxury Hotel,Chennai,OMR,Tamil Nadu,600096,12.9165,80.2285,6,9500.0,24_HOURS,"ONLINE,POS,CARD,TRANSFER",Online travel booking fraud with stolen corporate credentials,0.041,102,4041.88,INR,PURCHASE,ONLINE,MOBILE_APP,1,0,Coimbatore,8.0,0,0,1,DEV-MOHANA-SAMSUNG-S23,mobile_android,0,BEN-CUST_MOHANA_002-TRUSTED,Trusted Household Vendor,10,0,4,26,0,0,0,None,Resolved Genuine,Standard Habitual Purchase,0
TXN-CUST_MOHANA_002-10925,2026-08-21 01:07:54,2026-08-21,01:07:54,1,4,0,1,CUST_MOHANA_002,180,Coimbatore,Tamil Nadu,Medium Risk / 12% Fraud Rate,M026,GreenLeaf Wellness,Health & Wellness,Organic Nutrition & Ayurveda,Trichy,Srirangam,Tamil Nadu,620006,10.8624,78.6947,6,2100.0,08:00-21:00,"POS,UPI,ONLINE,CARD",Subscription card stuffing,0.013,32,9471.95,INR,PURCHASE,ONLINE,MOBILE_APP,1,0,Coimbatore,5.0,0,0,1,DEV-MOHANA-SAMSUNG-S23,mobile_android,0,BEN-CUST_MOHANA_002-TRUSTED,Trusted Household Vendor,7,0,4,22,0,0,0,None,Resolved Genuine,Standard Habitual Purchase,0
TXN-CUST_MOHANA_002-10926,2026-08-21 02:33:44,2026-08-21,02:33:44,2,4,0,1,CUST_MOHANA_002,180,Coimbatore,Tamil Nadu,Medium Risk / 12% Fraud Rate,M003,Pulse Mobile Hub,Mobile Store,Smartphones & Accessories,Chennai,Tambaram,Tamil Nadu,600045,12.9249,80.1278,4,18500.0,09:30-21:30,"POS,UPI,CARD",New device abuse / rapid checkout surge,0.035,87,13126.8,INR,PURCHASE,UPI,MOBILE_APP,1,0,Coimbatore,4.0,0,0,1,DEV-MOHANA-SAMSUNG-S23,mobile_android,0,BEN-CUST_MOHANA_002-TRUSTED,Trusted Household Vendor,4,0,3,21,0,0,0,None,Resolved Genuine,Standard Habitual Purchase,0
TXN-CUST_MOHANA_002-10927,2026-08-21 03:58:36,2026-08-21,03:58:36,3,4,0,1,CUST_MOHANA_002,180,Coimbatore,Tamil Nadu,Medium Risk / 12% Fraud Rate,M027,BrickHarbor Realty,Real Estate / Property Services,Rental Escrow & Facility Management,Chennai,Porur,Tamil Nadu,600116,13.035,80.16,11,65000.0,09:00-19:00,"TRANSFER,NETBANKING,CARD",Security deposit phishing / escrow hijacking,0.039,97,8075.02,INR,PURCHASE,CARD,MOBILE_APP,0,0,Coimbatore,11.0,0,0,1,DEV-MOHANA-SAMSUNG-S23,mobile_android,0,BEN-CUST_MOHANA_002-TRUSTED,Trusted Household Vendor,14,0,4,26,0,0,0,None,Resolved Genuine,Standard Habitual Purchase,0
TXN-CUST_MOHANA_002-10928,2026-08-21 05:26:51,2026-08-21,05:26:51,5,4,0,1,CUST_MOHANA_002,180,Coimbatore,Tamil Nadu,Medium Risk / 12% Fraud Rate,M004,Aurelia Gold House,Jewellery,Gold & Diamond Jewellery,Coimbatore,RS Puram,Tamil Nadu,641002,11.0089,76.9514,14,78000.0,10:00-20:30,"POS,CARD,TRANSFER",Account takeover / card-not-present luxury surge,0.065,162,13571.86,INR,PURCHASE,CARD,MOBILE_APP,1,0,Coimbatore,5.0,0,0,1,DEV-MOHANA-SAMSUNG-S23,mobile_android,0,BEN-CUST_MOHANA_002-TRUSTED,Trusted Household Vendor,7,0,1,11,0,0,0,None,Resolved Genuine,Standard Habitual Purchase,0
TXN-CUST_MOHANA_002-10929,2026-08-21 06:50:18,2026-08-21,06:50:18,6,4,0,0,CUST_MOHANA_002,180,Coimbatore,Tamil Nadu,Medium Risk / 12% Fraud Rate,M020,GameGrid Arena,Gaming,"Esports, Consoles & Virtual Credits",Bengaluru,Koramangala,Karnataka,560095,12.9352,77.6245,4,3400.0,10:00-01:00,"ONLINE,UPI,CARD,WALLET",Virtual item laundering & bot-driven micro transactions,0.055,137,5099.99,INR,PURCHASE,CARD,MOBILE_APP,0,0,Coimbatore,11.0,0,0,1,DEV-MOHANA-SAMSUNG-S23,mobile_android,0,BEN-CUST_MOHANA_002-TRUSTED,Trusted Household Vendor,3,0,4,20,0,0,0,None,Resolved Genuine,Standard Habitual Purchase,0
TXN-CUST_MOHANA_002-10930,2026-08-21 08:14:25,2026-08-21,08:14:25,8,4,0,0,CUST_MOHANA_002,180,Coimbatore,Tamil Nadu,Medium Risk / 12% Fraud Rate,M029,CloudDesk Digital,Software / Digital Services,Cloud Infrastructure & SaaS Tools,Bengaluru,Whitefield,Karnataka,560066,12.9698,77.7499,7,19800.0,24_HOURS,"ONLINE,CARD,TRANSFER",Cryptomining VM rental with stolen credit cards,0.058,145,13463.17,INR,PURCHASE,CARD,MOBILE_APP,0,0,Coimbatore,3.0,0,0,1,DEV-MOHANA-SAMSUNG-S23,mobile_android,0,BEN-CUST_MOHANA_002-TRUSTED,Trusted Household Vendor,3,0,4,24,0,0,0,None,Resolved Genuine,Standard Habitual Purchase,0
TXN-CUST_MOHANA_002-10931,2026-08-21 09:39:33,2026-08-21,09:39:33,9,4,0,0,CUST_MOHANA_002,180,Coimbatore,Tamil Nadu,Medium Risk / 12% Fraud Rate,M020,GameGrid Arena,Gaming,"Esports, Consoles & Virtual Credits",Bengaluru,Koramangala,Karnataka,560095,12.9352,77.6245,4,3400.0,10:00-01:00,"ONLINE,UPI,CARD,WALLET",Virtual item laundering & bot-driven micro transactions,0.055,137,12597.66,INR,PURCHASE,CARD,MOBILE_APP,0,0,Coimbatore,1.0,0,0,1,DEV-MOHANA-SAMSUNG-S23,mobile_android,0,BEN-CUST_MOHANA_002-TRUSTED,Trusted Household Vendor,7,0,2,15,0,0,0,None,Resolved Genuine,Standard Habitual Purchase,0
TXN-CUST_MOHANA_002-10932,2026-08-21 11:06:04,2026-08-21,11:06:04,11,4,0,0,CUST_MOHANA_002,180,Coimbatore,Tamil Nadu,Medium Risk / 12% Fraud Rate,M025,ShieldSure Services,Insurance Services,General & Health Insurance Premium,Chennai,Egmore,Tamil Nadu,600008,13.0784,80.2607,13,14000.0,09:30-18:00,"ONLINE,NETBANKING,CARD",Premium diversion / fake policy payment slips,0.019,47,5658.68,INR,PURCHASE,ONLINE,MOBILE_APP,0,0,Coimbatore,9.0,0,0,1,DEV-MOHANA-SAMSUNG-S23,mobile_android,0,BEN-CUST_MOHANA_002-TRUSTED,Trusted Household Vendor,13,0,2,15,0,0,0,None,Resolved Genuine,Standard Habitual Purchase,0
TXN-CUST_MOHANA_002-10933,2026-08-21 12:32:22,2026-08-21,12:32:22,12,4,0,0,CUST_MOHANA_002,180,Coimbatore,Tamil Nadu,Medium Risk / 12% Fraud Rate,M022,SkillSpring Academy,Education / Training,Professional Certifications & Tech Bootcamps,Chennai,Mylapore,Tamil Nadu,600004,13.0368,80.2676,8,22000.0,08:30-19:30,"ONLINE,NETBANKING,CARD,UPI",Stolen corporate card enrollments,0.028,70,11711.0,INR,PURCHASE,ONLINE,MOBILE_APP,0,0,Coimbatore,9.0,0,0,1,DEV-MOHANA-SAMSUNG-S23,mobile_android,0,BEN-CUST_MOHANA_002-TRUSTED,Trusted Household Vendor,7,0,4,26,0,0,0,None,Resolved Genuine,Standard Habitual Purchase,0
TXN-CUST_MOHANA_002-10934,2026-08-21 13:57:51,2026-08-21,13:57:51,13,4,0,0,CUST_MOHANA_002,180,Coimbatore,Tamil Nadu,Medium Risk / 12% Fraud Rate,M028,CraftCove Home Decor,Home Decor,Handicrafts & Art Pieces,Thanjavur,Medical College Road,Tamil Nadu,613004,10.7684,79.1245,8,7400.0,09:30-20:30,"POS,UPI,CARD,ONLINE",Cross-border tourist chargebacks,0.023,57,5812.94,INR,PURCHASE,CARD,MOBILE_APP,1,0,Coimbatore,3.0,0,0,1,DEV-MOHANA-SAMSUNG-S23,mobile_android,0,BEN-CUST_MOHANA_002-TRUSTED,Trusted Household Vendor,15,0,4,18,0,0,0,None,Resolved Genuine,Standard Habitual Purchase,0
TXN-CUST_MOHANA_002-10935,2026-08-21 15:21:32,2026-08-21,15:21:32,15,4,0,0,CUST_MOHANA_002,180,Coimbatore,Tamil Nadu,Medium Risk / 12% Fraud Rate,M007,SpiceRoute Kitchen,Restaurant,Fine Dining & Chettinad,Chennai,Adyar,Tamil Nadu,600020,13.0012,80.2565,7,2200.0,11:30-23:30,"POS,UPI,CARD",Cloned card POS terminal replay,0.018,45,4101.45,INR,PURCHASE,CARD,WEB_PORTAL,0,0,Hyderabad,712.0,1,1,0,DEV-LAPTOP-CHROME-499,web_browser,0,BEN-CUST_MOHANA_002-01,Self Family Transfer,3,2,8,39,1,0,0,Geographic Anomaly / High Ticket Spike,Review Required,Sudden location velocity jump with new merchant,1
TXN-CUST_MOHANA_002-10936,2026-08-21 16:48:48,2026-08-21,16:48:48,16,4,0,0,CUST_MOHANA_002,180,Coimbatore,Tamil Nadu,Medium Risk / 12% Fraud Rate,M001,NovaMart Fresh,Grocery & Supermarket,Supermarket / Hypermarket,Chennai,T Nagar,Tamil Nadu,600017,13.0418,80.2341,8,1250.0,07:00-22:30,"POS,UPI,CARD,ONLINE",Card testing / micro-burst velocity,0.012,30,12693.84,INR,PURCHASE,CARD,MOBILE_APP,1,0,Coimbatore,6.0,0,0,1,DEV-MOHANA-SAMSUNG-S23,mobile_android,0,BEN-CUST_MOHANA_002-TRUSTED,Trusted Household Vendor,11,0,1,9,0,0,0,None,Resolved Genuine,Standard Habitual Purchase,0
TXN-CUST_MOHANA_002-10937,2026-08-21 18:17:10,2026-08-21,18:17:10,18,4,0,0,CUST_MOHANA_002,180,Coimbatore,Tamil Nadu,Medium Risk / 12% Fraud Rate,M018,PageTurn Book House,Bookstore,"Academic, Fiction & Stationery",Trichy,Thillai Nagar,Tamil Nadu,620018,10.8282,78.6854,16,850.0,09:00-21:30,"POS,UPI,CARD,ONLINE",Low-value card testing bots,0.008,20,10182.66,INR,PURCHASE,POS,MOBILE_APP,1,0,Coimbatore,15.0,0,0,1,DEV-MOHANA-SAMSUNG-S23,mobile_android,0,BEN-CUST_MOHANA_002-TRUSTED,Trusted Household Vendor,10,0,4,26,0,0,0,None,Resolved Genuine,Standard Habitual Purchase,0
TXN-CUST_MOHANA_002-10938,2026-08-21 19:45:08,2026-08-21,19:45:08,19,4,0,0,CUST_MOHANA_002,180,Coimbatore,Tamil Nadu,Medium Risk / 12% Fraud Rate,M024,LinkWave Telecom,Telecom Retail,Fiber Broadband & Postpaid Plans,Erode,Perundurai Road,Tamil Nadu,638011,11.341,77.7172,10,1950.0,09:30-20:30,"UPI,CARD,ONLINE,POS",SIM swap bill recharge surges,0.017,42,12705.12,INR,PURCHASE,POS,MOBILE_APP,1,0,Coimbatore,11.0,0,0,1,DEV-MOHANA-SAMSUNG-S23,mobile_android,0,BEN-CUST_MOHANA_002-TRUSTED,Trusted Household Vendor,5,1,4,18,0,0,0,None,Resolved Genuine,Standard Habitual Purchase,0
TXN-CUST_MOHANA_002-10939,2026-08-21 21:08:43,2026-08-21,21:08:43,21,4,0,0,CUST_MOHANA_002,180,Coimbatore,Tamil Nadu,Medium Risk / 12% Fraud Rate,M021,GlowCraft Salon,Salon / Beauty,Spa & Grooming Studio,Chennai,Porur,Tamil Nadu,600116,13.0382,80.1565,5,2800.0,09:00-21:00,"POS,UPI,CARD",Unusual late-night transaction spikes,0.011,27,11051.23,INR,PURCHASE,POS,MOBILE_APP,1,0,Coimbatore,7.0,0,0,1,DEV-MOHANA-SAMSUNG-S23,mobile_android,0,BEN-CUST_MOHANA_002-TRUSTED,Trusted Household Vendor,3,0,1,10,0,0,0,None,Resolved Genuine,Standard Habitual Purchase,0
TXN-CUST_MOHANA_002-10940,2026-08-21 22:37:38,2026-08-21,22:37:38,22,4,0,0,CUST_MOHANA_002,180,Coimbatore,Tamil Nadu,Medium Risk / 12% Fraud Rate,M010,HarborView Residency,Hotel / Hospitality,Business & Luxury Hotel,Chennai,OMR,Tamil Nadu,600096,12.9165,80.2285,6,9500.0,24_HOURS,"ONLINE,POS,CARD,TRANSFER",Online travel booking fraud with stolen corporate credentials,0.041,102,13086.88,INR,PURCHASE,TRANSFER,MOBILE_APP,1,0,Coimbatore,5.0,0,0,1,DEV-MOHANA-SAMSUNG-S23,mobile_android,0,BEN-CUST_MOHANA_002-TRUSTED,Trusted Household Vendor,9,1,1,10,0,0,0,None,Resolved Genuine,Standard Habitual Purchase,0
TXN-CUST_MOHANA_002-10941,2026-08-22 00:05:01,2026-08-22,00:05:01,0,5,1,1,CUST_MOHANA_002,180,Coimbatore,Tamil Nadu,Medium Risk / 12% Fraud Rate,M014,OakLine Furnishings,Furniture,Teak Wood & Modern Home Decor,Madurai,Bypass Road,Tamil Nadu,625016,9.932,78.109,12,38000.0,10:00-21:00,"POS,CARD,TRANSFER,EMI",Invoice redirection fraud / fake payment slips,0.029,72,98118.91,INR,P2P_TRANSFER,CARD,MOBILE_APP,0,0,Delhi,468.0,1,0,1,DEV-MOHANA-SAMSUNG-S23,mobile_android,1,BEN-NEW-906,Global Flight Booking,0,3,4,19,1,0,0,Geographic Anomaly / High Ticket Spike,Review Required,Sudden location velocity jump with new merchant,1
TXN-CUST_MOHANA_002-10942,2026-08-22 01:30:22,2026-08-22,01:30:22,1,5,1,1,CUST_MOHANA_002,180,Coimbatore,Tamil Nadu,Medium Risk / 12% Fraud Rate,M012,DashDine Delivery,Food Delivery,Quick Commerce & Meal Delivery,Chennai,Sholinganallur,Tamil Nadu,600119,12.901,80.2279,4,520.0,06:00-02:00,"UPI,CARD,ONLINE,WALLET",Promo code abuse / stolen wallet balances,0.014,35,9635.07,INR,PURCHASE,WALLET,MOBILE_APP,0,0,Coimbatore,7.0,0,0,1,DEV-MOHANA-SAMSUNG-S23,mobile_android,0,BEN-CUST_MOHANA_002-TRUSTED,Trusted Household Vendor,8,0,2,12,0,0,0,None,Resolved Genuine,Standard Habitual Purchase,0
TXN-CUST_MOHANA_002-10943,2026-08-22 02:54:52,2026-08-22,02:54:52,2,5,1,1,CUST_MOHANA_002,180,Coimbatore,Tamil Nadu,Medium Risk / 12% Fraud Rate,M028,CraftCove Home Decor,Home Decor,Handicrafts & Art Pieces,Thanjavur,Medical College Road,Tamil Nadu,613004,10.7684,79.1245,8,7400.0,09:30-20:30,"POS,UPI,CARD,ONLINE",Cross-border tourist chargebacks,0.023,57,5244.16,INR,PURCHASE,CARD,MOBILE_APP,1,0,Coimbatore,10.0,0,0,1,DEV-MOHANA-SAMSUNG-S23,mobile_android,0,BEN-CUST_MOHANA_002-TRUSTED,Trusted Household Vendor,6,1,2,17,0,0,0,None,Resolved Genuine,Standard Habitual Purchase,0
TXN-CUST_MOHANA_002-10944,2026-08-22 04:23:01,2026-08-22,04:23:01,4,5,1,1,CUST_MOHANA_002,180,Coimbatore,Tamil Nadu,Medium Risk / 12% Fraud Rate,M009,RapidFuel Station,Fuel Station,"Petrol, Diesel & EV Fast Charge",Salem,Fairlands,Tamil Nadu,636016,11.6643,78.146,9,3100.0,24_HOURS,"POS,FLEET_CARD,UPI",Automated fleet card skimming,0.024,60,8488.82,INR,PURCHASE,FLEET_CARD,MOBILE_APP,1,0,Coimbatore,8.0,0,0,1,DEV-MOHANA-SAMSUNG-S23,mobile_android,0,BEN-CUST_MOHANA_002-TRUSTED,Trusted Household Vendor,11,0,3,19,0,0,0,None,Resolved Genuine,Standard Habitual Purchase,0
TXN-CUST_MOHANA_002-10945,2026-08-22 05:48:40,2026-08-22,05:48:40,5,5,1,1,CUST_MOHANA_002,180,Coimbatore,Tamil Nadu,Medium Risk / 12% Fraud Rate,M008,BeanCircuit Cafe,Cafe,Specialty Coffee & Bakery,Bengaluru,Indiranagar,Karnataka,560038,12.9784,77.6408,3,650.0,07:30-23:00,"UPI,POS,CARD",QR code spoofing / fast velocity dining,0.009,22,9527.98,INR,PURCHASE,UPI,MOBILE_APP,1,0,Coimbatore,6.0,0,0,1,DEV-MOHANA-SAMSUNG-S23,mobile_android,0,BEN-CUST_MOHANA_002-TRUSTED,Trusted Household Vendor,11,1,2,15,0,0,0,None,Resolved Genuine,Standard Habitual Purchase,0
TXN-CUST_MOHANA_002-10946,2026-08-22 07:12:06,2026-08-22,07:12:06,7,5,1,0,CUST_MOHANA_002,180,Coimbatore,Tamil Nadu,Medium Risk / 12% Fraud Rate,M027,BrickHarbor Realty,Real Estate / Property Services,Rental Escrow & Facility Management,Chennai,Porur,Tamil Nadu,600116,13.035,80.16,11,65000.0,09:00-19:00,"TRANSFER,NETBANKING,CARD",Security deposit phishing / escrow hijacking,0.039,97,4234.72,INR,PURCHASE,TRANSFER,MOBILE_APP,0,0,Coimbatore,3.0,0,0,1,DEV-MOHANA-SAMSUNG-S23,mobile_android,0,BEN-CUST_MOHANA_002-TRUSTED,Trusted Household Vendor,6,0,3,16,0,0,0,None,Resolved Genuine,Standard Habitual Purchase,0
TXN-CUST_MOHANA_002-10947,2026-08-22 08:39:42,2026-08-22,08:39:42,8,5,1,0,CUST_MOHANA_002,180,Coimbatore,Tamil Nadu,Medium Risk / 12% Fraud Rate,M028,CraftCove Home Decor,Home Decor,Handicrafts & Art Pieces,Thanjavur,Medical College Road,Tamil Nadu,613004,10.7684,79.1245,8,7400.0,09:30-20:30,"POS,UPI,CARD,ONLINE",Cross-border tourist chargebacks,0.023,57,12574.6,INR,PURCHASE,UPI,MOBILE_APP,1,0,Coimbatore,1.0,0,0,1,DEV-MOHANA-SAMSUNG-S23,mobile_android,0,BEN-CUST_MOHANA_002-TRUSTED,Trusted Household Vendor,9,1,2,12,0,0,0,None,Resolved Genuine,Standard Habitual Purchase,0
TXN-CUST_MOHANA_002-10948,2026-08-22 10:08:47,2026-08-22,10:08:47,10,5,1,0,CUST_MOHANA_002,180,Coimbatore,Tamil Nadu,Medium Risk / 12% Fraud Rate,M028,CraftCove Home Decor,Home Decor,Handicrafts & Art Pieces,Thanjavur,Medical College Road,Tamil Nadu,613004,10.7684,79.1245,8,7400.0,09:30-20:30,"POS,UPI,CARD,ONLINE",Cross-border tourist chargebacks,0.023,57,4093.49,INR,PURCHASE,UPI,MOBILE_APP,1,0,Coimbatore,12.0,0,0,1,DEV-MOHANA-SAMSUNG-S23,mobile_android,0,BEN-CUST_MOHANA_002-TRUSTED,Trusted Household Vendor,15,0,2,17,0,0,0,None,Resolved Genuine,Standard Habitual Purchase,0
TXN-CUST_MOHANA_002-10949,2026-08-22 11:35:09,2026-08-22,11:35:09,11,5,1,0,CUST_MOHANA_002,180,Coimbatore,Tamil Nadu,Medium Risk / 12% Fraud Rate,M014,OakLine Furnishings,Furniture,Teak Wood & Modern Home Decor,Madurai,Bypass Road,Tamil Nadu,625016,9.932,78.109,12,38000.0,10:00-21:00,"POS,CARD,TRANSFER,EMI",Invoice redirection fraud / fake payment slips,0.029,72,11278.49,INR,PURCHASE,TRANSFER,MOBILE_APP,1,0,Coimbatore,9.0,0,0,1,DEV-MOHANA-SAMSUNG-S23,mobile_android,0,BEN-CUST_MOHANA_002-TRUSTED,Trusted Household Vendor,12,0,2,18,0,0,0,None,Resolved Genuine,Standard Habitual Purchase,0
TXN-CUST_MOHANA_002-10950,2026-08-22 13:00:29,2026-08-22,13:00:29,13,5,1,0,CUST_MOHANA_002,180,Coimbatore,Tamil Nadu,Medium Risk / 12% Fraud Rate,M022,SkillSpring Academy,Education / Training,Professional Certifications & Tech Bootcamps,Chennai,Mylapore,Tamil Nadu,600004,13.0368,80.2676,8,22000.0,08:30-19:30,"ONLINE,NETBANKING,CARD,UPI",Stolen corporate card enrollments,0.028,70,6676.53,INR,PURCHASE,CARD,MOBILE_APP,0,0,Coimbatore,6.0,0,0,1,DEV-MOHANA-SAMSUNG-S23,mobile_android,0,BEN-CUST_MOHANA_002-TRUSTED,Trusted Household Vendor,5,1,3,16,0,0,0,None,Resolved Genuine,Standard Habitual Purchase,0
TXN-CUST_MOHANA_002-10951,2026-08-22 14:28:09,2026-08-22,14:28:09,14,5,1,0,CUST_MOHANA_002,180,Coimbatore,Tamil Nadu,Medium Risk / 12% Fraud Rate,M011,SkyTrail Travels,Travel Agency,Flight & International Tour Packages,Coimbatore,Gandhipuram,Tamil Nadu,641012,11.0183,76.9664,11,44000.0,09:00-20:00,"ONLINE,TRANSFER,CARD",Mule-account ticket arbitrage & fast cancellation fraud,0.052,130,85446.43,INR,P2P_TRANSFER,ONLINE,WEB_PORTAL,0,0,Delhi,800.0,1,1,0,DEV-LAPTOP-CHROME-614,web_browser,1,BEN-NEW-168,Global Flight Booking,0,3,8,39,1,0,0,Geographic Anomaly / High Ticket Spike,Review Required,Sudden location velocity jump with new merchant,1
TXN-CUST_MOHANA_002-10952,2026-08-22 15:57:03,2026-08-22,15:57:03,15,5,1,0,CUST_MOHANA_002,180,Coimbatore,Tamil Nadu,Medium Risk / 12% Fraud Rate,M017,AutoForge Parts,Spare Parts,OEM Industrial & Auto Components,Hosur,Mookandapalli,Tamil Nadu,635126,12.7409,77.8253,15,16500.0,09:00-19:30,"TRANSFER,POS,CARD",Business email compromise / fake beneficiary update,0.033,82,12087.13,INR,PURCHASE,POS,MOBILE_APP,1,0,Coimbatore,1.0,0,0,1,DEV-MOHANA-SAMSUNG-S23,mobile_android,0,BEN-CUST_MOHANA_002-TRUSTED,Trusted Household Vendor,7,0,1,13,0,0,0,None,Resolved Genuine,Standard Habitual Purchase,0
TXN-CUST_MOHANA_002-10953,2026-08-22 17:22:18,2026-08-22,17:22:18,17,5,1,0,CUST_MOHANA_002,180,Coimbatore,Tamil Nadu,Medium Risk / 12% Fraud Rate,M016,MotoCare Garage,Auto Service,Car Service & Detailing Hub,Chennai,Pallikaranai,Tamil Nadu,600100,12.9372,80.2014,7,8900.0,08:30-20:30,"POS,UPI,CARD",Over-invoicing / synthetic card payments,0.021,52,5749.27,INR,PURCHASE,POS,MOBILE_APP,1,0,Coimbatore,6.0,0,0,1,DEV-MOHANA-SAMSUNG-S23,mobile_android,0,BEN-CUST_MOHANA_002-TRUSTED,Trusted Household Vendor,15,0,3,18,0,0,0,None,Resolved Genuine,Standard Habitual Purchase,0
TXN-CUST_MOHANA_002-10954,2026-08-22 18:48:20,2026-08-22,18:48:20,18,5,1,0,CUST_MOHANA_002,180,Coimbatore,Tamil Nadu,Medium Risk / 12% Fraud Rate,M017,AutoForge Parts,Spare Parts,OEM Industrial & Auto Components,Hosur,Mookandapalli,Tamil Nadu,635126,12.7409,77.8253,15,16500.0,09:00-19:30,"TRANSFER,POS,CARD",Business email compromise / fake beneficiary update,0.033,82,10864.36,INR,PURCHASE,POS,MOBILE_APP,1,0,Coimbatore,14.0,0,0,1,DEV-MOHANA-SAMSUNG-S23,mobile_android,0,BEN-CUST_MOHANA_002-TRUSTED,Trusted Household Vendor,15,0,1,7,0,0,0,None,Resolved Genuine,Standard Habitual Purchase,0
TXN-CUST_MOHANA_002-10955,2026-08-22 20:13:52,2026-08-22,20:13:52,20,5,1,0,CUST_MOHANA_002,180,Coimbatore,Tamil Nadu,Medium Risk / 12% Fraud Rate,M010,HarborView Residency,Hotel / Hospitality,Business & Luxury Hotel,Chennai,OMR,Tamil Nadu,600096,12.9165,80.2285,6,9500.0,24_HOURS,"ONLINE,POS,CARD,TRANSFER",Online travel booking fraud with stolen corporate credentials,0.041,102,10563.74,INR,PURCHASE,POS,MOBILE_APP,1,0,Coimbatore,10.0,0,0,1,DEV-MOHANA-SAMSUNG-S23,mobile_android,0,BEN-CUST_MOHANA_002-TRUSTED,Trusted Household Vendor,7,0,3,14,0,0,0,None,Resolved Genuine,Standard Habitual Purchase,0
TXN-CUST_MOHANA_002-10956,2026-08-22 21:39:16,2026-08-22,21:39:16,21,5,1,0,CUST_MOHANA_002,180,Coimbatore,Tamil Nadu,Medium Risk / 12% Fraud Rate,M016,MotoCare Garage,Auto Service,Car Service & Detailing Hub,Chennai,Pallikaranai,Tamil Nadu,600100,12.9372,80.2014,7,8900.0,08:30-20:30,"POS,UPI,CARD",Over-invoicing / synthetic card payments,0.021,52,8607.56,INR,PURCHASE,POS,MOBILE_APP,1,0,Coimbatore,1.0,0,0,1,DEV-MOHANA-SAMSUNG-S23,mobile_android,0,BEN-CUST_MOHANA_002-TRUSTED,Trusted Household Vendor,11,0,1,12,0,0,0,None,Resolved Genuine,Standard Habitual Purchase,0
TXN-CUST_MOHANA_002-10957,2026-08-22 23:03:10,2026-08-22,23:03:10,23,5,1,1,CUST_MOHANA_002,180,Coimbatore,Tamil Nadu,Medium Risk / 12% Fraud Rate,M026,GreenLeaf Wellness,Health & Wellness,Organic Nutrition & Ayurveda,Trichy,Srirangam,Tamil Nadu,620006,10.8624,78.6947,6,2100.0,08:00-21:00,"POS,UPI,ONLINE,CARD",Subscription card stuffing,0.013,32,4100.21,INR,PURCHASE,POS,MOBILE_APP,1,0,Coimbatore,4.0,0,0,1,DEV-MOHANA-SAMSUNG-S23,mobile_android,0,BEN-CUST_MOHANA_002-TRUSTED,Trusted Household Vendor,9,0,2,18,0,0,0,None,Resolved Genuine,Standard Habitual Purchase,0
TXN-CUST_MOHANA_002-10958,2026-08-23 00:29:25,2026-08-23,00:29:25,0,6,1,1,CUST_MOHANA_002,180,Coimbatore,Tamil Nadu,Medium Risk / 12% Fraud Rate,M018,PageTurn Book House,Bookstore,"Academic, Fiction & Stationery",Trichy,Thillai Nagar,Tamil Nadu,620018,10.8282,78.6854,16,850.0,09:00-21:30,"POS,UPI,CARD,ONLINE",Low-value card testing bots,0.008,20,12474.17,INR,PURCHASE,UPI,MOBILE_APP,1,0,Coimbatore,13.0,0,0,1,DEV-MOHANA-SAMSUNG-S23,mobile_android,0,BEN-CUST_MOHANA_002-TRUSTED,Trusted Household Vendor,8,0,1,13,0,0,0,None,Resolved Genuine,Standard Habitual Purchase,0
TXN-CUST_MOHANA_002-10959,2026-08-23 01:56:04,2026-08-23,01:56:04,1,6,1,1,CUST_MOHANA_002,180,Coimbatore,Tamil Nadu,Medium Risk / 12% Fraud Rate,M007,SpiceRoute Kitchen,Restaurant,Fine Dining & Chettinad,Chennai,Adyar,Tamil Nadu,600020,13.0012,80.2565,7,2200.0,11:30-23:30,"POS,UPI,CARD",Cloned card POS terminal replay,0.018,45,3498.36,INR,PURCHASE,CARD,MOBILE_APP,1,0,Coimbatore,14.0,0,0,1,DEV-MOHANA-SAMSUNG-S23,mobile_android,0,BEN-CUST_MOHANA_002-TRUSTED,Trusted Household Vendor,8,0,2,11,0,0,0,None,Resolved Genuine,Standard Habitual Purchase,0
TXN-CUST_MOHANA_002-10960,2026-08-23 03:21:21,2026-08-23,03:21:21,3,6,1,1,CUST_MOHANA_002,180,Coimbatore,Tamil Nadu,Medium Risk / 12% Fraud Rate,M004,Aurelia Gold House,Jewellery,Gold & Diamond Jewellery,Coimbatore,RS Puram,Tamil Nadu,641002,11.0089,76.9514,14,78000.0,10:00-20:30,"POS,CARD,TRANSFER",Account takeover / card-not-present luxury surge,0.065,162,7940.74,INR,PURCHASE,TRANSFER,MOBILE_APP,1,0,Coimbatore,5.0,0,0,1,DEV-MOHANA-SAMSUNG-S23,mobile_android,0,BEN-CUST_MOHANA_002-TRUSTED,Trusted Household Vendor,8,0,2,13,0,0,0,None,Resolved Genuine,Standard Habitual Purchase,0
TXN-CUST_MOHANA_002-10961,2026-08-23 04:47:39,2026-08-23,04:47:39,4,6,1,1,CUST_MOHANA_002,180,Coimbatore,Tamil Nadu,Medium Risk / 12% Fraud Rate,M026,GreenLeaf Wellness,Health & Wellness,Organic Nutrition & Ayurveda,Trichy,Srirangam,Tamil Nadu,620006,10.8624,78.6947,6,2100.0,08:00-21:00,"POS,UPI,ONLINE,CARD",Subscription card stuffing,0.013,32,11399.34,INR,PURCHASE,CARD,MOBILE_APP,1,0,Coimbatore,1.0,0,0,1,DEV-MOHANA-SAMSUNG-S23,mobile_android,0,BEN-CUST_MOHANA_002-TRUSTED,Trusted Household Vendor,8,1,1,13,0,0,0,None,Resolved Genuine,Standard Habitual Purchase,0
TXN-CUST_MOHANA_002-10962,2026-08-23 06:12:10,2026-08-23,06:12:10,6,6,1,0,CUST_MOHANA_002,180,Coimbatore,Tamil Nadu,Medium Risk / 12% Fraud Rate,M009,RapidFuel Station,Fuel Station,"Petrol, Diesel & EV Fast Charge",Salem,Fairlands,Tamil Nadu,636016,11.6643,78.146,9,3100.0,24_HOURS,"POS,FLEET_CARD,UPI",Automated fleet card skimming,0.024,60,12267.44,INR,PURCHASE,UPI,MOBILE_APP,1,0,Coimbatore,8.0,0,0,1,DEV-MOHANA-SAMSUNG-S23,mobile_android,0,BEN-CUST_MOHANA_002-TRUSTED,Trusted Household Vendor,10,1,4,24,0,0,0,None,Resolved Genuine,Standard Habitual Purchase,0
TXN-CUST_MOHANA_002-10963,2026-08-23 07:41:10,2026-08-23,07:41:10,7,6,1,0,CUST_MOHANA_002,180,Coimbatore,Tamil Nadu,Medium Risk / 12% Fraud Rate,M019,ArenaSport World,Sports Retail,Fitness Equipment & Sports Wear,Chennai,Nungambakkam,Tamil Nadu,600034,13.0604,80.2405,6,5600.0,10:00-21:30,"POS,ONLINE,UPI,CARD",Stolen card chargeback on premium sports gear,0.026,65,11652.54,INR,PURCHASE,ONLINE,MOBILE_APP,1,0,Coimbatore,10.0,0,0,1,DEV-MOHANA-SAMSUNG-S23,mobile_android,0,BEN-CUST_MOHANA_002-TRUSTED,Trusted Household Vendor,6,0,3,20,0,0,0,None,Resolved Genuine,Standard Habitual Purchase,0
TXN-CUST_MOHANA_002-10964,2026-08-23 09:05:24,2026-08-23,09:05:24,9,6,1,0,CUST_MOHANA_002,180,Coimbatore,Tamil Nadu,Medium Risk / 12% Fraud Rate,M020,GameGrid Arena,Gaming,"Esports, Consoles & Virtual Credits",Bengaluru,Koramangala,Karnataka,560095,12.9352,77.6245,4,3400.0,10:00-01:00,"ONLINE,UPI,CARD,WALLET",Virtual item laundering & bot-driven micro transactions,0.055,137,9271.04,INR,PURCHASE,CARD,MOBILE_APP,0,0,Coimbatore,15.0,0,0,1,DEV-MOHANA-SAMSUNG-S23,mobile_android,0,BEN-CUST_MOHANA_002-TRUSTED,Trusted Household Vendor,7,0,4,18,0,0,0,None,Resolved Genuine,Standard Habitual Purchase,0
TXN-CUST_MOHANA_002-10965,2026-08-23 10:32:27,2026-08-23,10:32:27,10,6,1,0,CUST_MOHANA_002,180,Coimbatore,Tamil Nadu,Medium Risk / 12% Fraud Rate,M019,ArenaSport World,Sports Retail,Fitness Equipment & Sports Wear,Chennai,Nungambakkam,Tamil Nadu,600034,13.0604,80.2405,6,5600.0,10:00-21:30,"POS,ONLINE,UPI,CARD",Stolen card chargeback on premium sports gear,0.026,65,9375.54,INR,PURCHASE,UPI,MOBILE_APP,1,0,Coimbatore,1.0,0,0,1,DEV-MOHANA-SAMSUNG-S23,mobile_android,0,BEN-CUST_MOHANA_002-TRUSTED,Trusted Household Vendor,3,0,1,13,0,0,0,None,Resolved Genuine,Standard Habitual Purchase,0
TXN-CUST_MOHANA_002-10966,2026-08-23 11:57:13,2026-08-23,11:57:13,11,6,1,0,CUST_MOHANA_002,180,Coimbatore,Tamil Nadu,Medium Risk / 12% Fraud Rate,M001,NovaMart Fresh,Grocery & Supermarket,Supermarket / Hypermarket,Chennai,T Nagar,Tamil Nadu,600017,13.0418,80.2341,8,1250.0,07:00-22:30,"POS,UPI,CARD,ONLINE",Card testing / micro-burst velocity,0.012,30,8819.18,INR,PURCHASE,POS,MOBILE_APP,1,0,Coimbatore,4.0,0,0,1,DEV-MOHANA-SAMSUNG-S23,mobile_android,0,BEN-CUST_MOHANA_002-TRUSTED,Trusted Household Vendor,5,0,3,15,0,0,0,None,Resolved Genuine,Standard Habitual Purchase,0
TXN-CUST_MOHANA_002-10967,2026-08-23 13:23:52,2026-08-23,13:23:52,13,6,1,0,CUST_MOHANA_002,180,Coimbatore,Tamil Nadu,Medium Risk / 12% Fraud Rate,M014,OakLine Furnishings,Furniture,Teak Wood & Modern Home Decor,Madurai,Bypass Road,Tamil Nadu,625016,9.932,78.109,12,38000.0,10:00-21:00,"POS,CARD,TRANSFER,EMI",Invoice redirection fraud / fake payment slips,0.029,72,10168.43,INR,PURCHASE,TRANSFER,MOBILE_APP,1,0,Coimbatore,5.0,0,0,1,DEV-MOHANA-SAMSUNG-S23,mobile_android,0,BEN-CUST_MOHANA_002-TRUSTED,Trusted Household Vendor,13,0,2,16,0,0,0,None,Resolved Genuine,Standard Habitual Purchase,0
TXN-CUST_MOHANA_002-10968,2026-08-23 14:48:55,2026-08-23,14:48:55,14,6,1,0,CUST_MOHANA_002,180,Coimbatore,Tamil Nadu,Medium Risk / 12% Fraud Rate,M017,AutoForge Parts,Spare Parts,OEM Industrial & Auto Components,Hosur,Mookandapalli,Tamil Nadu,635126,12.7409,77.8253,15,16500.0,09:00-19:30,"TRANSFER,POS,CARD",Business email compromise / fake beneficiary update,0.033,82,11320.09,INR,PURCHASE,POS,MOBILE_APP,1,0,Coimbatore,5.0,0,0,1,DEV-MOHANA-SAMSUNG-S23,mobile_android,0,BEN-CUST_MOHANA_002-TRUSTED,Trusted Household Vendor,12,0,4,25,0,0,0,None,Resolved Genuine,Standard Habitual Purchase,0
TXN-CUST_MOHANA_002-10969,2026-08-23 16:13:21,2026-08-23,16:13:21,16,6,1,0,CUST_MOHANA_002,180,Coimbatore,Tamil Nadu,Medium Risk / 12% Fraud Rate,M029,CloudDesk Digital,Software / Digital Services,Cloud Infrastructure & SaaS Tools,Bengaluru,Whitefield,Karnataka,560066,12.9698,77.7499,7,19800.0,24_HOURS,"ONLINE,CARD,TRANSFER",Cryptomining VM rental with stolen credit cards,0.058,145,7183.54,INR,PURCHASE,TRANSFER,MOBILE_APP,0,0,Coimbatore,13.0,0,0,1,DEV-MOHANA-SAMSUNG-S23,mobile_android,0,BEN-CUST_MOHANA_002-TRUSTED,Trusted Household Vendor,13,0,3,19,0,0,0,None,Resolved Genuine,Standard Habitual Purchase,0
TXN-CUST_MOHANA_002-10970,2026-08-23 17:41:16,2026-08-23,17:41:16,17,6,1,0,CUST_MOHANA_002,180,Coimbatore,Tamil Nadu,Medium Risk / 12% Fraud Rate,M005,UrbanThread Studio,Fashion / Apparel,Designer & Ready-to-wear,Chennai,Anna Nagar,Tamil Nadu,600040,13.085,80.2101,5,4800.0,10:30-22:00,"POS,ONLINE,UPI,CARD",Refund abuse / credential stuffing,0.022,55,13043.57,INR,PURCHASE,ONLINE,MOBILE_APP,1,0,Coimbatore,12.0,0,0,1,DEV-MOHANA-SAMSUNG-S23,mobile_android,0,BEN-CUST_MOHANA_002-TRUSTED,Trusted Household Vendor,5,1,1,7,0,0,0,None,Resolved Genuine,Standard Habitual Purchase,0
TXN-CUST_MOHANA_002-10971,2026-08-23 19:07:19,2026-08-23,19:07:19,19,6,1,0,CUST_MOHANA_002,180,Coimbatore,Tamil Nadu,Medium Risk / 12% Fraud Rate,M019,ArenaSport World,Sports Retail,Fitness Equipment & Sports Wear,Chennai,Nungambakkam,Tamil Nadu,600034,13.0604,80.2405,6,5600.0,10:00-21:30,"POS,ONLINE,UPI,CARD",Stolen card chargeback on premium sports gear,0.026,65,8120.16,INR,PURCHASE,UPI,MOBILE_APP,1,0,Coimbatore,9.0,0,0,1,DEV-MOHANA-SAMSUNG-S23,mobile_android,0,BEN-CUST_MOHANA_002-TRUSTED,Trusted Household Vendor,5,0,1,14,0,0,0,None,Resolved Genuine,Standard Habitual Purchase,0
TXN-CUST_MOHANA_002-10972,2026-08-23 20:33:58,2026-08-23,20:33:58,20,6,1,0,CUST_MOHANA_002,180,Coimbatore,Tamil Nadu,Medium Risk / 12% Fraud Rate,M021,GlowCraft Salon,Salon / Beauty,Spa & Grooming Studio,Chennai,Porur,Tamil Nadu,600116,13.0382,80.1565,5,2800.0,09:00-21:00,"POS,UPI,CARD",Unusual late-night transaction spikes,0.011,27,9606.05,INR,PURCHASE,POS,MOBILE_APP,1,0,Coimbatore,14.0,0,0,1,DEV-MOHANA-SAMSUNG-S23,mobile_android,0,BEN-CUST_MOHANA_002-TRUSTED,Trusted Household Vendor,10,0,1,11,0,0,0,None,Resolved Genuine,Standard Habitual Purchase,0
TXN-CUST_MOHANA_002-10973,2026-08-23 22:01:52,2026-08-23,22:01:52,22,6,1,0,CUST_MOHANA_002,180,Coimbatore,Tamil Nadu,Medium Risk / 12% Fraud Rate,M017,AutoForge Parts,Spare Parts,OEM Industrial & Auto Components,Hosur,Mookandapalli,Tamil Nadu,635126,12.7409,77.8253,15,16500.0,09:00-19:30,"TRANSFER,POS,CARD",Business email compromise / fake beneficiary update,0.033,82,6452.34,INR,PURCHASE,POS,MOBILE_APP,1,0,Coimbatore,5.0,0,0,1,DEV-MOHANA-SAMSUNG-S23,mobile_android,0,BEN-CUST_MOHANA_002-TRUSTED,Trusted Household Vendor,15,0,1,9,0,0,0,None,Resolved Genuine,Standard Habitual Purchase,0
TXN-CUST_MOHANA_002-10974,2026-08-23 23:27:49,2026-08-23,23:27:49,23,6,1,1,CUST_MOHANA_002,180,Coimbatore,Tamil Nadu,Medium Risk / 12% Fraud Rate,M025,ShieldSure Services,Insurance Services,General & Health Insurance Premium,Chennai,Egmore,Tamil Nadu,600008,13.0784,80.2607,13,14000.0,09:30-18:00,"ONLINE,NETBANKING,CARD",Premium diversion / fake policy payment slips,0.019,47,42327.43,INR,P2P_TRANSFER,CARD,MOBILE_APP,0,0,Delhi,835.0,1,0,1,DEV-MOHANA-SAMSUNG-S23,mobile_android,1,BEN-NEW-322,Global Flight Booking,0,2,4,18,1,0,0,Geographic Anomaly / High Ticket Spike,Review Required,Sudden location velocity jump with new merchant,1
TXN-CUST_MOHANA_002-10975,2026-08-24 00:52:29,2026-08-24,00:52:29,0,0,0,1,CUST_MOHANA_002,180,Coimbatore,Tamil Nadu,Medium Risk / 12% Fraud Rate,M017,AutoForge Parts,Spare Parts,OEM Industrial & Auto Components,Hosur,Mookandapalli,Tamil Nadu,635126,12.7409,77.8253,15,16500.0,09:00-19:30,"TRANSFER,POS,CARD",Business email compromise / fake beneficiary update,0.033,82,37593.71,INR,P2P_TRANSFER,CARD,WEB_PORTAL,0,0,Mumbai,1093.0,1,1,0,DEV-LAPTOP-CHROME-649,web_browser,1,BEN-NEW-603,Global Flight Booking,0,2,8,35,1,0,0,Geographic Anomaly / High Ticket Spike,Review Required,Sudden location velocity jump with new merchant,1
TXN-CUST_MOHANA_002-10976,2026-08-24 02:17:32,2026-08-24,02:17:32,2,0,0,1,CUST_MOHANA_002,180,Coimbatore,Tamil Nadu,Medium Risk / 12% Fraud Rate,M011,SkyTrail Travels,Travel Agency,Flight & International Tour Packages,Coimbatore,Gandhipuram,Tamil Nadu,641012,11.0183,76.9664,11,44000.0,09:00-20:00,"ONLINE,TRANSFER,CARD",Mule-account ticket arbitrage & fast cancellation fraud,0.052,130,9279.66,INR,PURCHASE,TRANSFER,MOBILE_APP,0,0,Coimbatore,15.0,0,0,1,DEV-MOHANA-SAMSUNG-S23,mobile_android,0,BEN-CUST_MOHANA_002-TRUSTED,Trusted Household Vendor,4,0,2,17,0,0,0,None,Resolved Genuine,Standard Habitual Purchase,0
TXN-CUST_MOHANA_002-10977,2026-08-24 03:44:23,2026-08-24,03:44:23,3,0,0,1,CUST_MOHANA_002,180,Coimbatore,Tamil Nadu,Medium Risk / 12% Fraud Rate,M012,DashDine Delivery,Food Delivery,Quick Commerce & Meal Delivery,Chennai,Sholinganallur,Tamil Nadu,600119,12.901,80.2279,4,520.0,06:00-02:00,"UPI,CARD,ONLINE,WALLET",Promo code abuse / stolen wallet balances,0.014,35,1165.77,INR,P2P_TRANSFER,ONLINE,MOBILE_APP,0,0,Delhi,733.0,1,0,1,DEV-MOHANA-SAMSUNG-S23,mobile_android,1,BEN-NEW-908,Global Flight Booking,0,4,5,23,1,0,0,Geographic Anomaly / High Ticket Spike,Review Required,Sudden location velocity jump with new merchant,1
TXN-CUST_MOHANA_002-10978,2026-08-24 05:11:34,2026-08-24,05:11:34,5,0,0,1,CUST_MOHANA_002,180,Coimbatore,Tamil Nadu,Medium Risk / 12% Fraud Rate,M022,SkillSpring Academy,Education / Training,Professional Certifications & Tech Bootcamps,Chennai,Mylapore,Tamil Nadu,600004,13.0368,80.2676,8,22000.0,08:30-19:30,"ONLINE,NETBANKING,CARD,UPI",Stolen corporate card enrollments,0.028,70,49242.89,INR,PURCHASE,ONLINE,MOBILE_APP,0,0,Mumbai,1072.0,1,0,1,DEV-MOHANA-SAMSUNG-S23,mobile_android,0,BEN-CUST_MOHANA_002-01,Self Family Transfer,3,4,7,35,1,0,0,Geographic Anomaly / High Ticket Spike,Review Required,Sudden location velocity jump with new merchant,1
TXN-CUST_MOHANA_002-10979,2026-08-24 06:36:08,2026-08-24,06:36:08,6,0,0,0,CUST_MOHANA_002,180,Coimbatore,Tamil Nadu,Medium Risk / 12% Fraud Rate,M022,SkillSpring Academy,Education / Training,Professional Certifications & Tech Bootcamps,Chennai,Mylapore,Tamil Nadu,600004,13.0368,80.2676,8,22000.0,08:30-19:30,"ONLINE,NETBANKING,CARD,UPI",Stolen corporate card enrollments,0.028,70,7424.55,INR,PURCHASE,NETBANKING,MOBILE_APP,0,0,Coimbatore,12.0,0,0,1,DEV-MOHANA-SAMSUNG-S23,mobile_android,0,BEN-CUST_MOHANA_002-TRUSTED,Trusted Household Vendor,12,0,1,7,0,0,0,None,Resolved Genuine,Standard Habitual Purchase,0
TXN-CUST_MOHANA_002-10980,2026-08-24 07:59:36,2026-08-24,07:59:36,7,0,0,0,CUST_MOHANA_002,180,Coimbatore,Tamil Nadu,Medium Risk / 12% Fraud Rate,M028,CraftCove Home Decor,Home Decor,Handicrafts & Art Pieces,Thanjavur,Medical College Road,Tamil Nadu,613004,10.7684,79.1245,8,7400.0,09:30-20:30,"POS,UPI,CARD,ONLINE",Cross-border tourist chargebacks,0.023,57,18838.13,INR,PURCHASE,CARD,MOBILE_APP,0,0,Delhi,614.0,1,0,1,DEV-MOHANA-SAMSUNG-S23,mobile_android,0,BEN-CUST_MOHANA_002-01,Self Family Transfer,3,2,9,39,1,0,0,Geographic Anomaly / High Ticket Spike,Review Required,Sudden location velocity jump with new merchant,1
TXN-CUST_MOHANA_002-10981,2026-08-24 09:24:27,2026-08-24,09:24:27,9,0,0,0,CUST_MOHANA_002,180,Coimbatore,Tamil Nadu,Medium Risk / 12% Fraud Rate,M014,OakLine Furnishings,Furniture,Teak Wood & Modern Home Decor,Madurai,Bypass Road,Tamil Nadu,625016,9.932,78.109,12,38000.0,10:00-21:00,"POS,CARD,TRANSFER,EMI",Invoice redirection fraud / fake payment slips,0.029,72,3831.08,INR,PURCHASE,POS,MOBILE_APP,1,0,Coimbatore,1.0,0,0,1,DEV-MOHANA-SAMSUNG-S23,mobile_android,0,BEN-CUST_MOHANA_002-TRUSTED,Trusted Household Vendor,11,0,3,22,0,0,0,None,Resolved Genuine,Standard Habitual Purchase,0
TXN-CUST_MOHANA_002-10982,2026-08-24 10:52:09,2026-08-24,10:52:09,10,0,0,0,CUST_MOHANA_002,180,Coimbatore,Tamil Nadu,Medium Risk / 12% Fraud Rate,M002,CircuitBay Electronics,Consumer Electronics,Laptops & Gadgets,Chennai,Velachery,Tamil Nadu,600042,12.9759,80.2212,6,32000.0,10:00-21:30,"POS,ONLINE,EMI,UPI",Stolen payment details / high-ticket electronics delivery,0.048,120,6290.75,INR,PURCHASE,UPI,MOBILE_APP,1,0,Coimbatore,1.0,0,0,1,DEV-MOHANA-SAMSUNG-S23,mobile_android,0,BEN-CUST_MOHANA_002-TRUSTED,Trusted Household Vendor,6,0,3,17,0,0,0,None,Resolved Genuine,Standard Habitual Purchase,0
TXN-CUST_MOHANA_002-10983,2026-08-24 12:17:57,2026-08-24,12:17:57,12,0,0,0,CUST_MOHANA_002,180,Coimbatore,Tamil Nadu,Medium Risk / 12% Fraud Rate,M029,CloudDesk Digital,Software / Digital Services,Cloud Infrastructure & SaaS Tools,Bengaluru,Whitefield,Karnataka,560066,12.9698,77.7499,7,19800.0,24_HOURS,"ONLINE,CARD,TRANSFER",Cryptomining VM rental with stolen credit cards,0.058,145,6901.16,INR,PURCHASE,CARD,MOBILE_APP,0,0,Coimbatore,12.0,0,0,1,DEV-MOHANA-SAMSUNG-S23,mobile_android,0,BEN-CUST_MOHANA_002-TRUSTED,Trusted Household Vendor,6,0,4,24,0,0,0,None,Resolved Genuine,Standard Habitual Purchase,0
TXN-CUST_MOHANA_002-10984,2026-08-24 13:42:12,2026-08-24,13:42:12,13,0,0,0,CUST_MOHANA_002,180,Coimbatore,Tamil Nadu,Medium Risk / 12% Fraud Rate,M015,HomeSphere Appliances,Home Appliances,"Refrigerators, ACs & Kitchen Tech",Coimbatore,Saibaba Colony,Tamil Nadu,641011,11.0315,76.945,9,27500.0,09:30-21:00,"POS,EMI,CARD,UPI",Carding attacks with immediate in-store pickup,0.038,95,4204.43,INR,PURCHASE,EMI,MOBILE_APP,1,0,Coimbatore,12.0,0,0,1,DEV-MOHANA-SAMSUNG-S23,mobile_android,0,BEN-CUST_MOHANA_002-TRUSTED,Trusted Household Vendor,12,0,4,21,0,0,0,None,Resolved Genuine,Standard Habitual Purchase,0
TXN-CUST_MOHANA_002-10985,2026-08-24 15:07:43,2026-08-24,15:07:43,15,0,0,0,CUST_MOHANA_002,180,Coimbatore,Tamil Nadu,Medium Risk / 12% Fraud Rate,M026,GreenLeaf Wellness,Health & Wellness,Organic Nutrition & Ayurveda,Trichy,Srirangam,Tamil Nadu,620006,10.8624,78.6947,6,2100.0,08:00-21:00,"POS,UPI,ONLINE,CARD",Subscription card stuffing,0.013,32,9710.56,INR,PURCHASE,ONLINE,MOBILE_APP,1,0,Coimbatore,12.0,0,0,1,DEV-MOHANA-SAMSUNG-S23,mobile_android,0,BEN-CUST_MOHANA_002-TRUSTED,Trusted Household Vendor,11,1,3,20,0,0,0,None,Resolved Genuine,Standard Habitual Purchase,0
TXN-CUST_MOHANA_002-10986,2026-08-24 16:31:40,2026-08-24,16:31:40,16,0,0,0,CUST_MOHANA_002,180,Coimbatore,Tamil Nadu,Medium Risk / 12% Fraud Rate,M021,GlowCraft Salon,Salon / Beauty,Spa & Grooming Studio,Chennai,Porur,Tamil Nadu,600116,13.0382,80.1565,5,2800.0,09:00-21:00,"POS,UPI,CARD",Unusual late-night transaction spikes,0.011,27,13147.39,INR,PURCHASE,UPI,MOBILE_APP,1,0,Coimbatore,8.0,0,0,1,DEV-MOHANA-SAMSUNG-S23,mobile_android,0,BEN-CUST_MOHANA_002-TRUSTED,Trusted Household Vendor,13,0,1,12,0,0,0,None,Resolved Genuine,Standard Habitual Purchase,0
TXN-CUST_MOHANA_002-10987,2026-08-24 17:59:59,2026-08-24,17:59:59,17,0,0,0,CUST_MOHANA_002,180,Coimbatore,Tamil Nadu,Medium Risk / 12% Fraud Rate,M008,BeanCircuit Cafe,Cafe,Specialty Coffee & Bakery,Bengaluru,Indiranagar,Karnataka,560038,12.9784,77.6408,3,650.0,07:30-23:00,"UPI,POS,CARD",QR code spoofing / fast velocity dining,0.009,22,9364.79,INR,PURCHASE,UPI,MOBILE_APP,1,0,Coimbatore,10.0,0,0,1,DEV-MOHANA-SAMSUNG-S23,mobile_android,0,BEN-CUST_MOHANA_002-TRUSTED,Trusted Household Vendor,15,1,3,15,0,0,0,None,Resolved Genuine,Standard Habitual Purchase,0
TXN-CUST_MOHANA_002-10988,2026-08-24 19:25:40,2026-08-24,19:25:40,19,0,0,0,CUST_MOHANA_002,180,Coimbatore,Tamil Nadu,Medium Risk / 12% Fraud Rate,M008,BeanCircuit Cafe,Cafe,Specialty Coffee & Bakery,Bengaluru,Indiranagar,Karnataka,560038,12.9784,77.6408,3,650.0,07:30-23:00,"UPI,POS,CARD",QR code spoofing / fast velocity dining,0.009,22,1527.53,INR,P2P_TRANSFER,POS,MOBILE_APP,0,0,Mumbai,975.0,1,0,1,DEV-MOHANA-SAMSUNG-S23,mobile_android,1,BEN-NEW-345,Global Flight Booking,0,2,10,49,1,0,0,Geographic Anomaly / High Ticket Spike,Review Required,Sudden location velocity jump with new merchant,1
TXN-CUST_MOHANA_002-10989,2026-08-24 20:50:09,2026-08-24,20:50:09,20,0,0,0,CUST_MOHANA_002,180,Coimbatore,Tamil Nadu,Medium Risk / 12% Fraud Rate,M001,NovaMart Fresh,Grocery & Supermarket,Supermarket / Hypermarket,Chennai,T Nagar,Tamil Nadu,600017,13.0418,80.2341,8,1250.0,07:00-22:30,"POS,UPI,CARD,ONLINE",Card testing / micro-burst velocity,0.012,30,12123.66,INR,PURCHASE,POS,MOBILE_APP,1,0,Coimbatore,9.0,0,0,1,DEV-MOHANA-SAMSUNG-S23,mobile_android,0,BEN-CUST_MOHANA_002-TRUSTED,Trusted Household Vendor,9,0,4,23,0,0,0,None,Resolved Genuine,Standard Habitual Purchase,0
TXN-CUST_MOHANA_002-10990,2026-08-24 22:19:02,2026-08-24,22:19:02,22,0,0,0,CUST_MOHANA_002,180,Coimbatore,Tamil Nadu,Medium Risk / 12% Fraud Rate,M010,HarborView Residency,Hotel / Hospitality,Business & Luxury Hotel,Chennai,OMR,Tamil Nadu,600096,12.9165,80.2285,6,9500.0,24_HOURS,"ONLINE,POS,CARD,TRANSFER",Online travel booking fraud with stolen corporate credentials,0.041,102,19455.29,INR,PURCHASE,TRANSFER,WEB_PORTAL,0,0,Delhi,562.0,1,1,0,DEV-LAPTOP-CHROME-926,web_browser,0,BEN-CUST_MOHANA_002-01,Self Family Transfer,3,2,10,43,1,0,0,Geographic Anomaly / High Ticket Spike,Review Required,Sudden location velocity jump with new merchant,1
TXN-CUST_MOHANA_002-10991,2026-08-24 23:42:39,2026-08-24,23:42:39,23,0,0,1,CUST_MOHANA_002,180,Coimbatore,Tamil Nadu,Medium Risk / 12% Fraud Rate,M004,Aurelia Gold House,Jewellery,Gold & Diamond Jewellery,Coimbatore,RS Puram,Tamil Nadu,641002,11.0089,76.9514,14,78000.0,10:00-20:30,"POS,CARD,TRANSFER",Account takeover / card-not-present luxury surge,0.065,162,9759.21,INR,PURCHASE,POS,MOBILE_APP,1,0,Coimbatore,12.0,0,0,1,DEV-MOHANA-SAMSUNG-S23,mobile_android,0,BEN-CUST_MOHANA_002-TRUSTED,Trusted Household Vendor,13,0,3,19,0,0,0,None,Resolved Genuine,Standard Habitual Purchase,0
TXN-CUST_MOHANA_002-10992,2026-08-25 01:09:15,2026-08-25,01:09:15,1,1,0,1,CUST_MOHANA_002,180,Coimbatore,Tamil Nadu,Medium Risk / 12% Fraud Rate,M027,BrickHarbor Realty,Real Estate / Property Services,Rental Escrow & Facility Management,Chennai,Porur,Tamil Nadu,600116,13.035,80.16,11,65000.0,09:00-19:00,"TRANSFER,NETBANKING,CARD",Security deposit phishing / escrow hijacking,0.039,97,174768.03,INR,P2P_TRANSFER,CARD,WEB_PORTAL,0,0,Delhi,343.0,1,1,0,DEV-LAPTOP-CHROME-948,web_browser,1,BEN-NEW-785,Global Flight Booking,0,3,4,26,1,0,0,Geographic Anomaly / High Ticket Spike,Review Required,Sudden location velocity jump with new merchant,1
TXN-CUST_MOHANA_002-10993,2026-08-25 02:32:40,2026-08-25,02:32:40,2,1,0,1,CUST_MOHANA_002,180,Coimbatore,Tamil Nadu,Medium Risk / 12% Fraud Rate,M016,MotoCare Garage,Auto Service,Car Service & Detailing Hub,Chennai,Pallikaranai,Tamil Nadu,600100,12.9372,80.2014,7,8900.0,08:30-20:30,"POS,UPI,CARD",Over-invoicing / synthetic card payments,0.021,52,13397.32,INR,PURCHASE,POS,MOBILE_APP,1,0,Coimbatore,1.0,0,0,1,DEV-MOHANA-SAMSUNG-S23,mobile_android,0,BEN-CUST_MOHANA_002-TRUSTED,Trusted Household Vendor,9,0,4,24,0,0,0,None,Resolved Genuine,Standard Habitual Purchase,0
TXN-CUST_MOHANA_002-10994,2026-08-25 03:56:52,2026-08-25,03:56:52,3,1,0,1,CUST_MOHANA_002,180,Coimbatore,Tamil Nadu,Medium Risk / 12% Fraud Rate,M028,CraftCove Home Decor,Home Decor,Handicrafts & Art Pieces,Thanjavur,Medical College Road,Tamil Nadu,613004,10.7684,79.1245,8,7400.0,09:30-20:30,"POS,UPI,CARD,ONLINE",Cross-border tourist chargebacks,0.023,57,18594.38,INR,P2P_TRANSFER,UPI,WEB_PORTAL,0,0,Delhi,992.0,1,1,0,DEV-LAPTOP-CHROME-748,web_browser,1,BEN-NEW-873,Global Flight Booking,0,3,7,35,1,0,0,Geographic Anomaly / High Ticket Spike,Review Required,Sudden location velocity jump with new merchant,1
TXN-CUST_MOHANA_002-10995,2026-08-25 05:25:02,2026-08-25,05:25:02,5,1,0,1,CUST_MOHANA_002,180,Coimbatore,Tamil Nadu,Medium Risk / 12% Fraud Rate,M001,NovaMart Fresh,Grocery & Supermarket,Supermarket / Hypermarket,Chennai,T Nagar,Tamil Nadu,600017,13.0418,80.2341,8,1250.0,07:00-22:30,"POS,UPI,CARD,ONLINE",Card testing / micro-burst velocity,0.012,30,9268.51,INR,PURCHASE,ONLINE,MOBILE_APP,1,0,Coimbatore,10.0,0,0,1,DEV-MOHANA-SAMSUNG-S23,mobile_android,0,BEN-CUST_MOHANA_002-TRUSTED,Trusted Household Vendor,10,0,4,22,0,0,0,None,Resolved Genuine,Standard Habitual Purchase,0
TXN-CUST_MOHANA_002-10996,2026-08-25 06:52:36,2026-08-25,06:52:36,6,1,0,0,CUST_MOHANA_002,180,Coimbatore,Tamil Nadu,Medium Risk / 12% Fraud Rate,M028,CraftCove Home Decor,Home Decor,Handicrafts & Art Pieces,Thanjavur,Medical College Road,Tamil Nadu,613004,10.7684,79.1245,8,7400.0,09:30-20:30,"POS,UPI,CARD,ONLINE",Cross-border tourist chargebacks,0.023,57,12757.92,INR,PURCHASE,UPI,MOBILE_APP,1,0,Coimbatore,14.0,0,0,1,DEV-MOHANA-SAMSUNG-S23,mobile_android,0,BEN-CUST_MOHANA_002-TRUSTED,Trusted Household Vendor,12,0,1,8,0,0,0,None,Resolved Genuine,Standard Habitual Purchase,0
TXN-CUST_MOHANA_002-10997,2026-08-25 08:19:02,2026-08-25,08:19:02,8,1,0,0,CUST_MOHANA_002,180,Coimbatore,Tamil Nadu,Medium Risk / 12% Fraud Rate,M025,ShieldSure Services,Insurance Services,General & Health Insurance Premium,Chennai,Egmore,Tamil Nadu,600008,13.0784,80.2607,13,14000.0,09:30-18:00,"ONLINE,NETBANKING,CARD",Premium diversion / fake policy payment slips,0.019,47,12153.6,INR,PURCHASE,NETBANKING,MOBILE_APP,0,0,Coimbatore,10.0,0,0,1,DEV-MOHANA-SAMSUNG-S23,mobile_android,0,BEN-CUST_MOHANA_002-TRUSTED,Trusted Household Vendor,8,0,3,15,0,0,0,None,Resolved Genuine,Standard Habitual Purchase,0
TXN-CUST_MOHANA_002-10998,2026-08-25 09:47:34,2026-08-25,09:47:34,9,1,0,0,CUST_MOHANA_002,180,Coimbatore,Tamil Nadu,Medium Risk / 12% Fraud Rate,M008,BeanCircuit Cafe,Cafe,Specialty Coffee & Bakery,Bengaluru,Indiranagar,Karnataka,560038,12.9784,77.6408,3,650.0,07:30-23:00,"UPI,POS,CARD",QR code spoofing / fast velocity dining,0.009,22,1926.35,INR,PURCHASE,UPI,MOBILE_APP,0,0,Hyderabad,1066.0,1,0,1,DEV-MOHANA-SAMSUNG-S23,mobile_android,0,BEN-CUST_MOHANA_002-01,Self Family Transfer,3,3,5,29,1,0,0,Geographic Anomaly / High Ticket Spike,Review Required,Sudden location velocity jump with new merchant,1
TXN-CUST_MOHANA_002-10999,2026-08-25 11:12:34,2026-08-25,11:12:34,11,1,0,0,CUST_MOHANA_002,180,Coimbatore,Tamil Nadu,Medium Risk / 12% Fraud Rate,M007,SpiceRoute Kitchen,Restaurant,Fine Dining & Chettinad,Chennai,Adyar,Tamil Nadu,600020,13.0012,80.2565,7,2200.0,11:30-23:30,"POS,UPI,CARD",Cloned card POS terminal replay,0.018,45,4025.52,INR,P2P_TRANSFER,UPI,MOBILE_APP,0,0,Hyderabad,873.0,1,0,1,DEV-MOHANA-SAMSUNG-S23,mobile_android,1,BEN-NEW-492,Global Flight Booking,0,2,10,42,1,0,0,Geographic Anomaly / High Ticket Spike,Review Required,Sudden location velocity jump with new merchant,1
TXN-CUST_MOHANA_002-11000,2026-08-25 12:37:11,2026-08-25,12:37:11,12,1,0,0,CUST_MOHANA_002,180,Coimbatore,Tamil Nadu,Medium Risk / 12% Fraud Rate,M007,SpiceRoute Kitchen,Restaurant,Fine Dining & Chettinad,Chennai,Adyar,Tamil Nadu,600020,13.0012,80.2565,7,2200.0,11:30-23:30,"POS,UPI,CARD",Cloned card POS terminal replay,0.018,45,9424.61,INR,PURCHASE,UPI,MOBILE_APP,1,0,Coimbatore,13.0,0,0,1,DEV-MOHANA-SAMSUNG-S23,mobile_android,0,BEN-CUST_MOHANA_002-TRUSTED,Trusted Household Vendor,11,0,1,9,0,0,0,None,Resolved Genuine,Standard Habitual Purchase,0
TXN-CUST_MOHANA_002-11001,2026-08-25 14:03:53,2026-08-25,14:03:53,14,1,0,0,CUST_MOHANA_002,180,Coimbatore,Tamil Nadu,Medium Risk / 12% Fraud Rate,M015,HomeSphere Appliances,Home Appliances,"Refrigerators, ACs & Kitchen Tech",Coimbatore,Saibaba Colony,Tamil Nadu,641011,11.0315,76.945,9,27500.0,09:30-21:00,"POS,EMI,CARD,UPI",Carding attacks with immediate in-store pickup,0.038,95,10049.38,INR,PURCHASE,EMI,MOBILE_APP,1,0,Coimbatore,6.0,0,0,1,DEV-MOHANA-SAMSUNG-S23,mobile_android,0,BEN-CUST_MOHANA_002-TRUSTED,Trusted Household Vendor,14,0,2,13,0,0,0,None,Resolved Genuine,Standard Habitual Purchase,0
TXN-CUST_MOHANA_002-11002,2026-08-25 15:29:42,2026-08-25,15:29:42,15,1,0,0,CUST_MOHANA_002,180,Coimbatore,Tamil Nadu,Medium Risk / 12% Fraud Rate,M025,ShieldSure Services,Insurance Services,General & Health Insurance Premium,Chennai,Egmore,Tamil Nadu,600008,13.0784,80.2607,13,14000.0,09:30-18:00,"ONLINE,NETBANKING,CARD",Premium diversion / fake policy payment slips,0.019,47,8243.94,INR,PURCHASE,CARD,MOBILE_APP,0,0,Coimbatore,1.0,0,0,1,DEV-MOHANA-SAMSUNG-S23,mobile_android,0,BEN-CUST_MOHANA_002-TRUSTED,Trusted Household Vendor,6,0,1,6,0,0,0,None,Resolved Genuine,Standard Habitual Purchase,0
TXN-CUST_MOHANA_002-11003,2026-08-25 16:56:44,2026-08-25,16:56:44,16,1,0,0,CUST_MOHANA_002,180,Coimbatore,Tamil Nadu,Medium Risk / 12% Fraud Rate,M020,GameGrid Arena,Gaming,"Esports, Consoles & Virtual Credits",Bengaluru,Koramangala,Karnataka,560095,12.9352,77.6245,4,3400.0,10:00-01:00,"ONLINE,UPI,CARD,WALLET",Virtual item laundering & bot-driven micro transactions,0.055,137,12714.07,INR,PURCHASE,UPI,MOBILE_APP,0,0,Coimbatore,6.0,0,0,1,DEV-MOHANA-SAMSUNG-S23,mobile_android,0,BEN-CUST_MOHANA_002-TRUSTED,Trusted Household Vendor,3,1,4,26,0,0,0,None,Resolved Genuine,Standard Habitual Purchase,0
TXN-CUST_MOHANA_002-11004,2026-08-25 18:20:54,2026-08-25,18:20:54,18,1,0,0,CUST_MOHANA_002,180,Coimbatore,Tamil Nadu,Medium Risk / 12% Fraud Rate,M005,UrbanThread Studio,Fashion / Apparel,Designer & Ready-to-wear,Chennai,Anna Nagar,Tamil Nadu,600040,13.085,80.2101,5,4800.0,10:30-22:00,"POS,ONLINE,UPI,CARD",Refund abuse / credential stuffing,0.022,55,6956.54,INR,PURCHASE,POS,MOBILE_APP,1,0,Coimbatore,13.0,0,0,1,DEV-MOHANA-SAMSUNG-S23,mobile_android,0,BEN-CUST_MOHANA_002-TRUSTED,Trusted Household Vendor,7,1,1,8,0,0,0,None,Resolved Genuine,Standard Habitual Purchase,0
TXN-CUST_MOHANA_002-11005,2026-08-25 19:49:29,2026-08-25,19:49:29,19,1,0,0,CUST_MOHANA_002,180,Coimbatore,Tamil Nadu,Medium Risk / 12% Fraud Rate,M008,BeanCircuit Cafe,Cafe,Specialty Coffee & Bakery,Bengaluru,Indiranagar,Karnataka,560038,12.9784,77.6408,3,650.0,07:30-23:00,"UPI,POS,CARD",QR code spoofing / fast velocity dining,0.009,22,12523.27,INR,PURCHASE,POS,MOBILE_APP,1,0,Coimbatore,10.0,0,0,1,DEV-MOHANA-SAMSUNG-S23,mobile_android,0,BEN-CUST_MOHANA_002-TRUSTED,Trusted Household Vendor,10,1,3,16,0,0,0,None,Resolved Genuine,Standard Habitual Purchase,0
TXN-CUST_MOHANA_002-11006,2026-08-25 21:12:55,2026-08-25,21:12:55,21,1,0,0,CUST_MOHANA_002,180,Coimbatore,Tamil Nadu,Medium Risk / 12% Fraud Rate,M025,ShieldSure Services,Insurance Services,General & Health Insurance Premium,Chennai,Egmore,Tamil Nadu,600008,13.0784,80.2607,13,14000.0,09:30-18:00,"ONLINE,NETBANKING,CARD",Premium diversion / fake policy payment slips,0.019,47,6250.88,INR,PURCHASE,CARD,MOBILE_APP,0,0,Coimbatore,1.0,0,0,1,DEV-MOHANA-SAMSUNG-S23,mobile_android,0,BEN-CUST_MOHANA_002-TRUSTED,Trusted Household Vendor,14,1,4,22,0,0,0,None,Resolved Genuine,Standard Habitual Purchase,0
TXN-CUST_MOHANA_002-11007,2026-08-25 22:36:55,2026-08-25,22:36:55,22,1,0,0,CUST_MOHANA_002,180,Coimbatore,Tamil Nadu,Medium Risk / 12% Fraud Rate,M007,SpiceRoute Kitchen,Restaurant,Fine Dining & Chettinad,Chennai,Adyar,Tamil Nadu,600020,13.0012,80.2565,7,2200.0,11:30-23:30,"POS,UPI,CARD",Cloned card POS terminal replay,0.018,45,5027.52,INR,PURCHASE,CARD,MOBILE_APP,1,0,Coimbatore,6.0,0,0,1,DEV-MOHANA-SAMSUNG-S23,mobile_android,0,BEN-CUST_MOHANA_002-TRUSTED,Trusted Household Vendor,11,0,2,11,0,0,0,None,Resolved Genuine,Standard Habitual Purchase,0
TXN-CUST_MOHANA_002-11008,2026-08-26 00:00:41,2026-08-26,00:00:41,0,2,0,1,CUST_MOHANA_002,180,Coimbatore,Tamil Nadu,Medium Risk / 12% Fraud Rate,M016,MotoCare Garage,Auto Service,Car Service & Detailing Hub,Chennai,Pallikaranai,Tamil Nadu,600100,12.9372,80.2014,7,8900.0,08:30-20:30,"POS,UPI,CARD",Over-invoicing / synthetic card payments,0.021,52,10688.79,INR,PURCHASE,UPI,MOBILE_APP,1,0,Coimbatore,5.0,0,0,1,DEV-MOHANA-SAMSUNG-S23,mobile_android,0,BEN-CUST_MOHANA_002-TRUSTED,Trusted Household Vendor,5,1,2,18,0,0,0,None,Resolved Genuine,Standard Habitual Purchase,0
TXN-CUST_MOHANA_002-11009,2026-08-26 01:29:47,2026-08-26,01:29:47,1,2,0,1,CUST_MOHANA_002,180,Coimbatore,Tamil Nadu,Medium Risk / 12% Fraud Rate,M001,NovaMart Fresh,Grocery & Supermarket,Supermarket / Hypermarket,Chennai,T Nagar,Tamil Nadu,600017,13.0418,80.2341,8,1250.0,07:00-22:30,"POS,UPI,CARD,ONLINE",Card testing / micro-burst velocity,0.012,30,3277.92,INR,PURCHASE,ONLINE,MOBILE_APP,0,0,Delhi,454.0,1,0,1,DEV-MOHANA-SAMSUNG-S23,mobile_android,0,BEN-CUST_MOHANA_002-01,Self Family Transfer,3,4,7,33,1,0,0,Geographic Anomaly / High Ticket Spike,Review Required,Sudden location velocity jump with new merchant,1
TXN-CUST_MOHANA_002-11010,2026-08-26 02:54:17,2026-08-26,02:54:17,2,2,0,1,CUST_MOHANA_002,180,Coimbatore,Tamil Nadu,Medium Risk / 12% Fraud Rate,M012,DashDine Delivery,Food Delivery,Quick Commerce & Meal Delivery,Chennai,Sholinganallur,Tamil Nadu,600119,12.901,80.2279,4,520.0,06:00-02:00,"UPI,CARD,ONLINE,WALLET",Promo code abuse / stolen wallet balances,0.014,35,4196.91,INR,PURCHASE,ONLINE,MOBILE_APP,0,0,Coimbatore,8.0,0,0,1,DEV-MOHANA-SAMSUNG-S23,mobile_android,0,BEN-CUST_MOHANA_002-TRUSTED,Trusted Household Vendor,5,0,2,10,0,0,0,None,Resolved Genuine,Standard Habitual Purchase,0
TXN-CUST_MOHANA_002-11011,2026-08-26 04:19:17,2026-08-26,04:19:17,4,2,0,1,CUST_MOHANA_002,180,Coimbatore,Tamil Nadu,Medium Risk / 12% Fraud Rate,M029,CloudDesk Digital,Software / Digital Services,Cloud Infrastructure & SaaS Tools,Bengaluru,Whitefield,Karnataka,560066,12.9698,77.7499,7,19800.0,24_HOURS,"ONLINE,CARD,TRANSFER",Cryptomining VM rental with stolen credit cards,0.058,145,10477.75,INR,PURCHASE,ONLINE,MOBILE_APP,0,0,Coimbatore,11.0,0,0,1,DEV-MOHANA-SAMSUNG-S23,mobile_android,0,BEN-CUST_MOHANA_002-TRUSTED,Trusted Household Vendor,4,0,4,26,0,0,0,None,Resolved Genuine,Standard Habitual Purchase,0
TXN-CUST_MOHANA_002-11012,2026-08-26 05:47:39,2026-08-26,05:47:39,5,2,0,1,CUST_MOHANA_002,180,Coimbatore,Tamil Nadu,Medium Risk / 12% Fraud Rate,M002,CircuitBay Electronics,Consumer Electronics,Laptops & Gadgets,Chennai,Velachery,Tamil Nadu,600042,12.9759,80.2212,6,32000.0,10:00-21:30,"POS,ONLINE,EMI,UPI",Stolen payment details / high-ticket electronics delivery,0.048,120,3761.55,INR,PURCHASE,UPI,MOBILE_APP,1,0,Coimbatore,5.0,0,0,1,DEV-MOHANA-SAMSUNG-S23,mobile_android,0,BEN-CUST_MOHANA_002-TRUSTED,Trusted Household Vendor,4,0,4,21,0,0,0,None,Resolved Genuine,Standard Habitual Purchase,0
TXN-CUST_MOHANA_002-11013,2026-08-26 07:11:21,2026-08-26,07:11:21,7,2,0,0,CUST_MOHANA_002,180,Coimbatore,Tamil Nadu,Medium Risk / 12% Fraud Rate,M001,NovaMart Fresh,Grocery & Supermarket,Supermarket / Hypermarket,Chennai,T Nagar,Tamil Nadu,600017,13.0418,80.2341,8,1250.0,07:00-22:30,"POS,UPI,CARD,ONLINE",Card testing / micro-burst velocity,0.012,30,4922.95,INR,PURCHASE,UPI,MOBILE_APP,1,0,Coimbatore,7.0,0,0,1,DEV-MOHANA-SAMSUNG-S23,mobile_android,0,BEN-CUST_MOHANA_002-TRUSTED,Trusted Household Vendor,3,0,2,10,0,0,0,None,Resolved Genuine,Standard Habitual Purchase,0
TXN-CUST_MOHANA_002-11014,2026-08-26 08:34:57,2026-08-26,08:34:57,8,2,0,0,CUST_MOHANA_002,180,Coimbatore,Tamil Nadu,Medium Risk / 12% Fraud Rate,M011,SkyTrail Travels,Travel Agency,Flight & International Tour Packages,Coimbatore,Gandhipuram,Tamil Nadu,641012,11.0183,76.9664,11,44000.0,09:00-20:00,"ONLINE,TRANSFER,CARD",Mule-account ticket arbitrage & fast cancellation fraud,0.052,130,11350.21,INR,PURCHASE,ONLINE,MOBILE_APP,0,0,Coimbatore,4.0,0,0,1,DEV-MOHANA-SAMSUNG-S23,mobile_android,0,BEN-CUST_MOHANA_002-TRUSTED,Trusted Household Vendor,14,0,4,19,0,0,0,None,Resolved Genuine,Standard Habitual Purchase,0
TXN-CUST_MOHANA_002-11015,2026-08-26 10:01:46,2026-08-26,10:01:46,10,2,0,0,CUST_MOHANA_002,180,Coimbatore,Tamil Nadu,Medium Risk / 12% Fraud Rate,M007,SpiceRoute Kitchen,Restaurant,Fine Dining & Chettinad,Chennai,Adyar,Tamil Nadu,600020,13.0012,80.2565,7,2200.0,11:30-23:30,"POS,UPI,CARD",Cloned card POS terminal replay,0.018,45,7574.56,INR,PURCHASE,UPI,MOBILE_APP,1,0,Coimbatore,9.0,0,0,1,DEV-MOHANA-SAMSUNG-S23,mobile_android,0,BEN-CUST_MOHANA_002-TRUSTED,Trusted Household Vendor,8,0,1,13,0,0,0,None,Resolved Genuine,Standard Habitual Purchase,0
TXN-CUST_MOHANA_002-11016,2026-08-26 11:28:48,2026-08-26,11:28:48,11,2,0,0,CUST_MOHANA_002,180,Coimbatore,Tamil Nadu,Medium Risk / 12% Fraud Rate,M001,NovaMart Fresh,Grocery & Supermarket,Supermarket / Hypermarket,Chennai,T Nagar,Tamil Nadu,600017,13.0418,80.2341,8,1250.0,07:00-22:30,"POS,UPI,CARD,ONLINE",Card testing / micro-burst velocity,0.012,30,4011.31,INR,PURCHASE,POS,MOBILE_APP,1,0,Coimbatore,8.0,0,0,1,DEV-MOHANA-SAMSUNG-S23,mobile_android,0,BEN-CUST_MOHANA_002-TRUSTED,Trusted Household Vendor,15,0,3,14,0,0,0,None,Resolved Genuine,Standard Habitual Purchase,0
TXN-CUST_MOHANA_002-11017,2026-08-26 12:56:59,2026-08-26,12:56:59,12,2,0,0,CUST_MOHANA_002,180,Coimbatore,Tamil Nadu,Medium Risk / 12% Fraud Rate,M007,SpiceRoute Kitchen,Restaurant,Fine Dining & Chettinad,Chennai,Adyar,Tamil Nadu,600020,13.0012,80.2565,7,2200.0,11:30-23:30,"POS,UPI,CARD",Cloned card POS terminal replay,0.018,45,9676.43,INR,PURCHASE,UPI,MOBILE_APP,1,0,Coimbatore,2.0,0,0,1,DEV-MOHANA-SAMSUNG-S23,mobile_android,0,BEN-CUST_MOHANA_002-TRUSTED,Trusted Household Vendor,13,1,1,8,0,0,0,None,Resolved Genuine,Standard Habitual Purchase,0
TXN-CUST_MOHANA_002-11018,2026-08-26 14:21:21,2026-08-26,14:21:21,14,2,0,0,CUST_MOHANA_002,180,Coimbatore,Tamil Nadu,Medium Risk / 12% Fraud Rate,M004,Aurelia Gold House,Jewellery,Gold & Diamond Jewellery,Coimbatore,RS Puram,Tamil Nadu,641002,11.0089,76.9514,14,78000.0,10:00-20:30,"POS,CARD,TRANSFER",Account takeover / card-not-present luxury surge,0.065,162,5482.78,INR,PURCHASE,TRANSFER,MOBILE_APP,1,0,Coimbatore,14.0,0,0,1,DEV-MOHANA-SAMSUNG-S23,mobile_android,0,BEN-CUST_MOHANA_002-TRUSTED,Trusted Household Vendor,14,0,1,13,0,0,0,None,Resolved Genuine,Standard Habitual Purchase,0
TXN-CUST_MOHANA_002-11019,2026-08-26 15:50:04,2026-08-26,15:50:04,15,2,0,0,CUST_MOHANA_002,180,Coimbatore,Tamil Nadu,Medium Risk / 12% Fraud Rate,M021,GlowCraft Salon,Salon / Beauty,Spa & Grooming Studio,Chennai,Porur,Tamil Nadu,600116,13.0382,80.1565,5,2800.0,09:00-21:00,"POS,UPI,CARD",Unusual late-night transaction spikes,0.011,27,7376.45,INR,PURCHASE,UPI,MOBILE_APP,1,0,Coimbatore,3.0,0,0,1,DEV-MOHANA-SAMSUNG-S23,mobile_android,0,BEN-CUST_MOHANA_002-TRUSTED,Trusted Household Vendor,15,1,1,11,0,0,0,None,Resolved Genuine,Standard Habitual Purchase,0
TXN-CUST_MOHANA_002-11020,2026-08-26 17:18:41,2026-08-26,17:18:41,17,2,0,0,CUST_MOHANA_002,180,Coimbatore,Tamil Nadu,Medium Risk / 12% Fraud Rate,M023,SwiftBox Logistics,Courier / Logistics,Express Parcel & Freight Delivery,Tiruppur,Avinashi Road,Tamil Nadu,641603,11.1085,77.3411,9,4200.0,08:00-21:00,"POS,UPI,CARD,ONLINE",Interception fraud / address redirection,0.02,50,11289.43,INR,PURCHASE,POS,MOBILE_APP,1,0,Coimbatore,12.0,0,0,1,DEV-MOHANA-SAMSUNG-S23,mobile_android,0,BEN-CUST_MOHANA_002-TRUSTED,Trusted Household Vendor,10,0,1,8,0,0,0,None,Resolved Genuine,Standard Habitual Purchase,0
TXN-CUST_MOHANA_002-11021,2026-08-26 18:45:22,2026-08-26,18:45:22,18,2,0,0,CUST_MOHANA_002,180,Coimbatore,Tamil Nadu,Medium Risk / 12% Fraud Rate,M003,Pulse Mobile Hub,Mobile Store,Smartphones & Accessories,Chennai,Tambaram,Tamil Nadu,600045,12.9249,80.1278,4,18500.0,09:30-21:30,"POS,UPI,CARD",New device abuse / rapid checkout surge,0.035,87,8234.4,INR,PURCHASE,UPI,MOBILE_APP,1,0,Coimbatore,1.0,0,0,1,DEV-MOHANA-SAMSUNG-S23,mobile_android,0,BEN-CUST_MOHANA_002-TRUSTED,Trusted Household Vendor,6,0,3,14,0,0,0,None,Resolved Genuine,Standard Habitual Purchase,0
TXN-CUST_MOHANA_002-11022,2026-08-26 20:14:40,2026-08-26,20:14:40,20,2,0,0,CUST_MOHANA_002,180,Coimbatore,Tamil Nadu,Medium Risk / 12% Fraud Rate,M005,UrbanThread Studio,Fashion / Apparel,Designer & Ready-to-wear,Chennai,Anna Nagar,Tamil Nadu,600040,13.085,80.2101,5,4800.0,10:30-22:00,"POS,ONLINE,UPI,CARD",Refund abuse / credential stuffing,0.022,55,14184.35,INR,P2P_TRANSFER,CARD,MOBILE_APP,0,0,Delhi,434.0,1,0,1,DEV-MOHANA-SAMSUNG-S23,mobile_android,1,BEN-NEW-763,Global Flight Booking,0,2,6,26,1,0,0,Geographic Anomaly / High Ticket Spike,Review Required,Sudden location velocity jump with new merchant,1
TXN-CUST_MOHANA_002-11023,2026-08-26 21:38:56,2026-08-26,21:38:56,21,2,0,0,CUST_MOHANA_002,180,Coimbatore,Tamil Nadu,Medium Risk / 12% Fraud Rate,M006,MedicoCare Pharmacy,Pharmacy,Medicines & Surgical Supplies,Madurai,KK Nagar,Tamil Nadu,625020,9.9252,78.1498,10,1450.0,24_HOURS,"POS,UPI,CARD,ONLINE",Nighttime micro card testing,0.015,37,5589.67,INR,PURCHASE,POS,MOBILE_APP,1,0,Coimbatore,10.0,0,0,1,DEV-MOHANA-SAMSUNG-S23,mobile_android,0,BEN-CUST_MOHANA_002-TRUSTED,Trusted Household Vendor,5,0,1,10,0,0,0,None,Resolved Genuine,Standard Habitual Purchase,0
TXN-CUST_MOHANA_002-11024,2026-08-26 23:04:10,2026-08-26,23:04:10,23,2,0,1,CUST_MOHANA_002,180,Coimbatore,Tamil Nadu,Medium Risk / 12% Fraud Rate,M027,BrickHarbor Realty,Real Estate / Property Services,Rental Escrow & Facility Management,Chennai,Porur,Tamil Nadu,600116,13.035,80.16,11,65000.0,09:00-19:00,"TRANSFER,NETBANKING,CARD",Security deposit phishing / escrow hijacking,0.039,97,7949.99,INR,PURCHASE,CARD,MOBILE_APP,0,0,Coimbatore,14.0,0,0,1,DEV-MOHANA-SAMSUNG-S23,mobile_android,0,BEN-CUST_MOHANA_002-TRUSTED,Trusted Household Vendor,9,0,2,10,0,0,0,None,Resolved Genuine,Standard Habitual Purchase,0
TXN-CUST_MOHANA_002-11025,2026-08-27 00:28:48,2026-08-27,00:28:48,0,3,0,1,CUST_MOHANA_002,180,Coimbatore,Tamil Nadu,Medium Risk / 12% Fraud Rate,M006,MedicoCare Pharmacy,Pharmacy,Medicines & Surgical Supplies,Madurai,KK Nagar,Tamil Nadu,625020,9.9252,78.1498,10,1450.0,24_HOURS,"POS,UPI,CARD,ONLINE",Nighttime micro card testing,0.015,37,7690.8,INR,PURCHASE,UPI,MOBILE_APP,1,0,Coimbatore,11.0,0,0,1,DEV-MOHANA-SAMSUNG-S23,mobile_android,0,BEN-CUST_MOHANA_002-TRUSTED,Trusted Household Vendor,6,0,1,13,0,0,0,None,Resolved Genuine,Standard Habitual Purchase,0
TXN-CUST_MOHANA_002-11026,2026-08-27 01:54:40,2026-08-27,01:54:40,1,3,0,1,CUST_MOHANA_002,180,Coimbatore,Tamil Nadu,Medium Risk / 12% Fraud Rate,M021,GlowCraft Salon,Salon / Beauty,Spa & Grooming Studio,Chennai,Porur,Tamil Nadu,600116,13.0382,80.1565,5,2800.0,09:00-21:00,"POS,UPI,CARD",Unusual late-night transaction spikes,0.011,27,8149.31,INR,PURCHASE,POS,MOBILE_APP,1,0,Coimbatore,14.0,0,0,1,DEV-MOHANA-SAMSUNG-S23,mobile_android,0,BEN-CUST_MOHANA_002-TRUSTED,Trusted Household Vendor,13,0,1,10,0,0,0,None,Resolved Genuine,Standard Habitual Purchase,0
TXN-CUST_MOHANA_002-11027,2026-08-27 03:23:45,2026-08-27,03:23:45,3,3,0,1,CUST_MOHANA_002,180,Coimbatore,Tamil Nadu,Medium Risk / 12% Fraud Rate,M027,BrickHarbor Realty,Real Estate / Property Services,Rental Escrow & Facility Management,Chennai,Porur,Tamil Nadu,600116,13.035,80.16,11,65000.0,09:00-19:00,"TRANSFER,NETBANKING,CARD",Security deposit phishing / escrow hijacking,0.039,97,179975.8,INR,P2P_TRANSFER,CARD,MOBILE_APP,0,0,Delhi,414.0,1,0,1,DEV-MOHANA-SAMSUNG-S23,mobile_android,1,BEN-NEW-208,Global Flight Booking,0,3,4,19,1,0,0,Geographic Anomaly / High Ticket Spike,Review Required,Sudden location velocity jump with new merchant,1
TXN-CUST_MOHANA_002-11028,2026-08-27 04:49:04,2026-08-27,04:49:04,4,3,0,1,CUST_MOHANA_002,180,Coimbatore,Tamil Nadu,Medium Risk / 12% Fraud Rate,M018,PageTurn Book House,Bookstore,"Academic, Fiction & Stationery",Trichy,Thillai Nagar,Tamil Nadu,620018,10.8282,78.6854,16,850.0,09:00-21:30,"POS,UPI,CARD,ONLINE",Low-value card testing bots,0.008,20,9330.71,INR,PURCHASE,ONLINE,MOBILE_APP,1,0,Coimbatore,14.0,0,0,1,DEV-MOHANA-SAMSUNG-S23,mobile_android,0,BEN-CUST_MOHANA_002-TRUSTED,Trusted Household Vendor,11,1,4,22,0,0,0,None,Resolved Genuine,Standard Habitual Purchase,0
TXN-CUST_MOHANA_002-11029,2026-08-27 06:16:52,2026-08-27,06:16:52,6,3,0,0,CUST_MOHANA_002,180,Coimbatore,Tamil Nadu,Medium Risk / 12% Fraud Rate,M026,GreenLeaf Wellness,Health & Wellness,Organic Nutrition & Ayurveda,Trichy,Srirangam,Tamil Nadu,620006,10.8624,78.6947,6,2100.0,08:00-21:00,"POS,UPI,ONLINE,CARD",Subscription card stuffing,0.013,32,8865.78,INR,PURCHASE,CARD,MOBILE_APP,1,0,Coimbatore,7.0,0,0,1,DEV-MOHANA-SAMSUNG-S23,mobile_android,0,BEN-CUST_MOHANA_002-TRUSTED,Trusted Household Vendor,15,0,4,20,0,0,0,None,Resolved Genuine,Standard Habitual Purchase,0
TXN-CUST_MOHANA_002-11030,2026-08-27 07:41:33,2026-08-27,07:41:33,7,3,0,0,CUST_MOHANA_002,180,Coimbatore,Tamil Nadu,Medium Risk / 12% Fraud Rate,M013,CartNest Online,E-commerce,Multi-category Marketplace,Chennai,Guindy,Tamil Nadu,600032,13.0067,80.2026,5,6200.0,24_HOURS,"ONLINE,UPI,CARD,NETBANKING",Account takeover + triangulation shipping fraud,0.045,112,13591.1,INR,PURCHASE,NETBANKING,MOBILE_APP,0,0,Coimbatore,15.0,0,0,1,DEV-MOHANA-SAMSUNG-S23,mobile_android,0,BEN-CUST_MOHANA_002-TRUSTED,Trusted Household Vendor,7,1,3,18,0,0,0,None,Resolved Genuine,Standard Habitual Purchase,0
TXN-CUST_MOHANA_002-11031,2026-08-27 09:05:05,2026-08-27,09:05:05,9,3,0,0,CUST_MOHANA_002,180,Coimbatore,Tamil Nadu,Medium Risk / 12% Fraud Rate,M024,LinkWave Telecom,Telecom Retail,Fiber Broadband & Postpaid Plans,Erode,Perundurai Road,Tamil Nadu,638011,11.341,77.7172,10,1950.0,09:30-20:30,"UPI,CARD,ONLINE,POS",SIM swap bill recharge surges,0.017,42,4139.87,INR,P2P_TRANSFER,ONLINE,MOBILE_APP,0,0,Hyderabad,390.0,1,0,1,DEV-MOHANA-SAMSUNG-S23,mobile_android,1,BEN-NEW-602,Global Flight Booking,0,4,4,20,1,0,0,Geographic Anomaly / High Ticket Spike,Review Required,Sudden location velocity jump with new merchant,1
TXN-CUST_MOHANA_002-11032,2026-08-27 10:29:00,2026-08-27,10:29:00,10,3,0,0,CUST_MOHANA_002,180,Coimbatore,Tamil Nadu,Medium Risk / 12% Fraud Rate,M010,HarborView Residency,Hotel / Hospitality,Business & Luxury Hotel,Chennai,OMR,Tamil Nadu,600096,12.9165,80.2285,6,9500.0,24_HOURS,"ONLINE,POS,CARD,TRANSFER",Online travel booking fraud with stolen corporate credentials,0.041,102,3844.84,INR,PURCHASE,POS,MOBILE_APP,1,0,Coimbatore,7.0,0,0,1,DEV-MOHANA-SAMSUNG-S23,mobile_android,0,BEN-CUST_MOHANA_002-TRUSTED,Trusted Household Vendor,9,0,2,13,0,0,0,None,Resolved Genuine,Standard Habitual Purchase,0
TXN-CUST_MOHANA_002-11033,2026-08-27 11:57:07,2026-08-27,11:57:07,11,3,0,0,CUST_MOHANA_002,180,Coimbatore,Tamil Nadu,Medium Risk / 12% Fraud Rate,M008,BeanCircuit Cafe,Cafe,Specialty Coffee & Bakery,Bengaluru,Indiranagar,Karnataka,560038,12.9784,77.6408,3,650.0,07:30-23:00,"UPI,POS,CARD",QR code spoofing / fast velocity dining,0.009,22,6241.75,INR,PURCHASE,UPI,MOBILE_APP,1,0,Coimbatore,5.0,0,0,1,DEV-MOHANA-SAMSUNG-S23,mobile_android,0,BEN-CUST_MOHANA_002-TRUSTED,Trusted Household Vendor,10,0,3,22,0,0,0,None,Resolved Genuine,Standard Habitual Purchase,0
TXN-CUST_MOHANA_002-11034,2026-08-27 13:21:28,2026-08-27,13:21:28,13,3,0,0,CUST_MOHANA_002,180,Coimbatore,Tamil Nadu,Medium Risk / 12% Fraud Rate,M008,BeanCircuit Cafe,Cafe,Specialty Coffee & Bakery,Bengaluru,Indiranagar,Karnataka,560038,12.9784,77.6408,3,650.0,07:30-23:00,"UPI,POS,CARD",QR code spoofing / fast velocity dining,0.009,22,9255.66,INR,PURCHASE,UPI,MOBILE_APP,1,0,Coimbatore,9.0,0,0,1,DEV-MOHANA-SAMSUNG-S23,mobile_android,0,BEN-CUST_MOHANA_002-TRUSTED,Trusted Household Vendor,9,0,3,16,0,0,0,None,Resolved Genuine,Standard Habitual Purchase,0
TXN-CUST_MOHANA_002-11035,2026-08-27 14:49:09,2026-08-27,14:49:09,14,3,0,0,CUST_MOHANA_002,180,Coimbatore,Tamil Nadu,Medium Risk / 12% Fraud Rate,M001,NovaMart Fresh,Grocery & Supermarket,Supermarket / Hypermarket,Chennai,T Nagar,Tamil Nadu,600017,13.0418,80.2341,8,1250.0,07:00-22:30,"POS,UPI,CARD,ONLINE",Card testing / micro-burst velocity,0.012,30,5115.36,INR,PURCHASE,UPI,MOBILE_APP,1,0,Coimbatore,3.0,0,0,1,DEV-MOHANA-SAMSUNG-S23,mobile_android,0,BEN-CUST_MOHANA_002-TRUSTED,Trusted Household Vendor,13,1,4,18,0,0,0,None,Resolved Genuine,Standard Habitual Purchase,0
TXN-CUST_MOHANA_002-11036,2026-08-27 16:14:42,2026-08-27,16:14:42,16,3,0,0,CUST_MOHANA_002,180,Coimbatore,Tamil Nadu,Medium Risk / 12% Fraud Rate,M011,SkyTrail Travels,Travel Agency,Flight & International Tour Packages,Coimbatore,Gandhipuram,Tamil Nadu,641012,11.0183,76.9664,11,44000.0,09:00-20:00,"ONLINE,TRANSFER,CARD",Mule-account ticket arbitrage & fast cancellation fraud,0.052,130,3415.2,INR,PURCHASE,ONLINE,MOBILE_APP,0,0,Coimbatore,4.0,0,0,1,DEV-MOHANA-SAMSUNG-S23,mobile_android,0,BEN-CUST_MOHANA_002-TRUSTED,Trusted Household Vendor,3,0,1,6,0,0,0,None,Resolved Genuine,Standard Habitual Purchase,0
TXN-CUST_MOHANA_002-11037,2026-08-27 17:41:24,2026-08-27,17:41:24,17,3,0,0,CUST_MOHANA_002,180,Coimbatore,Tamil Nadu,Medium Risk / 12% Fraud Rate,M013,CartNest Online,E-commerce,Multi-category Marketplace,Chennai,Guindy,Tamil Nadu,600032,13.0067,80.2026,5,6200.0,24_HOURS,"ONLINE,UPI,CARD,NETBANKING",Account takeover + triangulation shipping fraud,0.045,112,5936.4,INR,PURCHASE,UPI,MOBILE_APP,0,0,Coimbatore,5.0,0,0,1,DEV-MOHANA-SAMSUNG-S23,mobile_android,0,BEN-CUST_MOHANA_002-TRUSTED,Trusted Household Vendor,10,0,4,19,0,0,0,None,Resolved Genuine,Standard Habitual Purchase,0
TXN-CUST_MOHANA_002-11038,2026-08-27 19:08:28,2026-08-27,19:08:28,19,3,0,0,CUST_MOHANA_002,180,Coimbatore,Tamil Nadu,Medium Risk / 12% Fraud Rate,M001,NovaMart Fresh,Grocery & Supermarket,Supermarket / Hypermarket,Chennai,T Nagar,Tamil Nadu,600017,13.0418,80.2341,8,1250.0,07:00-22:30,"POS,UPI,CARD,ONLINE",Card testing / micro-burst velocity,0.012,30,8664.81,INR,PURCHASE,CARD,MOBILE_APP,1,0,Coimbatore,10.0,0,0,1,DEV-MOHANA-SAMSUNG-S23,mobile_android,0,BEN-CUST_MOHANA_002-TRUSTED,Trusted Household Vendor,4,0,1,7,0,0,0,None,Resolved Genuine,Standard Habitual Purchase,0
TXN-CUST_MOHANA_002-11039,2026-08-27 20:34:18,2026-08-27,20:34:18,20,3,0,0,CUST_MOHANA_002,180,Coimbatore,Tamil Nadu,Medium Risk / 12% Fraud Rate,M001,NovaMart Fresh,Grocery & Supermarket,Supermarket / Hypermarket,Chennai,T Nagar,Tamil Nadu,600017,13.0418,80.2341,8,1250.0,07:00-22:30,"POS,UPI,CARD,ONLINE",Card testing / micro-burst velocity,0.012,30,2290.5,INR,PURCHASE,UPI,MOBILE_APP,0,0,Mumbai,693.0,1,0,1,DEV-MOHANA-SAMSUNG-S23,mobile_android,0,BEN-CUST_MOHANA_002-01,Self Family Transfer,3,4,10,45,1,0,0,Geographic Anomaly / High Ticket Spike,Review Required,Sudden location velocity jump with new merchant,1
TXN-CUST_MOHANA_002-11040,2026-08-27 21:58:32,2026-08-27,21:58:32,21,3,0,0,CUST_MOHANA_002,180,Coimbatore,Tamil Nadu,Medium Risk / 12% Fraud Rate,M016,MotoCare Garage,Auto Service,Car Service & Detailing Hub,Chennai,Pallikaranai,Tamil Nadu,600100,12.9372,80.2014,7,8900.0,08:30-20:30,"POS,UPI,CARD",Over-invoicing / synthetic card payments,0.021,52,18531.21,INR,P2P_TRANSFER,CARD,WEB_PORTAL,0,0,Hyderabad,989.0,1,1,0,DEV-LAPTOP-CHROME-951,web_browser,1,BEN-NEW-570,Global Flight Booking,0,4,10,42,1,0,0,Geographic Anomaly / High Ticket Spike,Review Required,Sudden location velocity jump with new merchant,1
TXN-CUST_MOHANA_002-11041,2026-08-27 23:24:16,2026-08-27,23:24:16,23,3,0,1,CUST_MOHANA_002,180,Coimbatore,Tamil Nadu,Medium Risk / 12% Fraud Rate,M018,PageTurn Book House,Bookstore,"Academic, Fiction & Stationery",Trichy,Thillai Nagar,Tamil Nadu,620018,10.8282,78.6854,16,850.0,09:00-21:30,"POS,UPI,CARD,ONLINE",Low-value card testing bots,0.008,20,11510.6,INR,PURCHASE,ONLINE,MOBILE_APP,1,0,Coimbatore,6.0,0,0,1,DEV-MOHANA-SAMSUNG-S23,mobile_android,0,BEN-CUST_MOHANA_002-TRUSTED,Trusted Household Vendor,11,0,1,13,0,0,0,None,Resolved Genuine,Standard Habitual Purchase,0
TXN-CUST_MOHANA_002-11042,2026-08-28 00:53:40,2026-08-28,00:53:40,0,4,0,1,CUST_MOHANA_002,180,Coimbatore,Tamil Nadu,Medium Risk / 12% Fraud Rate,M013,CartNest Online,E-commerce,Multi-category Marketplace,Chennai,Guindy,Tamil Nadu,600032,13.0067,80.2026,5,6200.0,24_HOURS,"ONLINE,UPI,CARD,NETBANKING",Account takeover + triangulation shipping fraud,0.045,112,13286.11,INR,P2P_TRANSFER,ONLINE,WEB_PORTAL,0,0,Hyderabad,827.0,1,1,0,DEV-LAPTOP-CHROME-711,web_browser,1,BEN-NEW-544,Global Flight Booking,0,3,9,39,1,0,0,Geographic Anomaly / High Ticket Spike,Review Required,Sudden location velocity jump with new merchant,1
TXN-CUST_MOHANA_002-11043,2026-08-28 02:21:24,2026-08-28,02:21:24,2,4,0,1,CUST_MOHANA_002,180,Coimbatore,Tamil Nadu,Medium Risk / 12% Fraud Rate,M008,BeanCircuit Cafe,Cafe,Specialty Coffee & Bakery,Bengaluru,Indiranagar,Karnataka,560038,12.9784,77.6408,3,650.0,07:30-23:00,"UPI,POS,CARD",QR code spoofing / fast velocity dining,0.009,22,13121.54,INR,PURCHASE,UPI,MOBILE_APP,1,0,Coimbatore,2.0,0,0,1,DEV-MOHANA-SAMSUNG-S23,mobile_android,0,BEN-CUST_MOHANA_002-TRUSTED,Trusted Household Vendor,8,0,1,14,0,0,0,None,Resolved Genuine,Standard Habitual Purchase,0
TXN-CUST_MOHANA_002-11044,2026-08-28 03:48:41,2026-08-28,03:48:41,3,4,0,1,CUST_MOHANA_002,180,Coimbatore,Tamil Nadu,Medium Risk / 12% Fraud Rate,M023,SwiftBox Logistics,Courier / Logistics,Express Parcel & Freight Delivery,Tiruppur,Avinashi Road,Tamil Nadu,641603,11.1085,77.3411,9,4200.0,08:00-21:00,"POS,UPI,CARD,ONLINE",Interception fraud / address redirection,0.02,50,9083.73,INR,P2P_TRANSFER,POS,MOBILE_APP,0,0,Hyderabad,616.0,1,0,1,DEV-MOHANA-SAMSUNG-S23,mobile_android,1,BEN-NEW-366,Global Flight Booking,0,2,4,19,1,0,0,Geographic Anomaly / High Ticket Spike,Review Required,Sudden location velocity jump with new merchant,1
TXN-CUST_MOHANA_002-11045,2026-08-28 05:14:15,2026-08-28,05:14:15,5,4,0,1,CUST_MOHANA_002,180,Coimbatore,Tamil Nadu,Medium Risk / 12% Fraud Rate,M011,SkyTrail Travels,Travel Agency,Flight & International Tour Packages,Coimbatore,Gandhipuram,Tamil Nadu,641012,11.0183,76.9664,11,44000.0,09:00-20:00,"ONLINE,TRANSFER,CARD",Mule-account ticket arbitrage & fast cancellation fraud,0.052,130,11178.92,INR,PURCHASE,TRANSFER,MOBILE_APP,0,0,Coimbatore,5.0,0,0,1,DEV-MOHANA-SAMSUNG-S23,mobile_android,0,BEN-CUST_MOHANA_002-TRUSTED,Trusted Household Vendor,10,0,1,12,0,0,0,None,Resolved Genuine,Standard Habitual Purchase,0
TXN-CUST_MOHANA_002-11046,2026-08-28 06:43:19,2026-08-28,06:43:19,6,4,0,0,CUST_MOHANA_002,180,Coimbatore,Tamil Nadu,Medium Risk / 12% Fraud Rate,M020,GameGrid Arena,Gaming,"Esports, Consoles & Virtual Credits",Bengaluru,Koramangala,Karnataka,560095,12.9352,77.6245,4,3400.0,10:00-01:00,"ONLINE,UPI,CARD,WALLET",Virtual item laundering & bot-driven micro transactions,0.055,137,9491.75,INR,PURCHASE,WALLET,MOBILE_APP,0,0,Coimbatore,5.0,0,0,1,DEV-MOHANA-SAMSUNG-S23,mobile_android,0,BEN-CUST_MOHANA_002-TRUSTED,Trusted Household Vendor,9,0,3,21,0,0,0,None,Resolved Genuine,Standard Habitual Purchase,0
TXN-CUST_MOHANA_002-11047,2026-08-28 08:07:37,2026-08-28,08:07:37,8,4,0,0,CUST_MOHANA_002,180,Coimbatore,Tamil Nadu,Medium Risk / 12% Fraud Rate,M002,CircuitBay Electronics,Consumer Electronics,Laptops & Gadgets,Chennai,Velachery,Tamil Nadu,600042,12.9759,80.2212,6,32000.0,10:00-21:30,"POS,ONLINE,EMI,UPI",Stolen payment details / high-ticket electronics delivery,0.048,120,4374.0,INR,PURCHASE,ONLINE,MOBILE_APP,1,0,Coimbatore,9.0,0,0,1,DEV-MOHANA-SAMSUNG-S23,mobile_android,0,BEN-CUST_MOHANA_002-TRUSTED,Trusted Household Vendor,15,1,1,14,0,0,0,None,Resolved Genuine,Standard Habitual Purchase,0
TXN-CUST_MOHANA_002-11048,2026-08-28 09:36:28,2026-08-28,09:36:28,9,4,0,0,CUST_MOHANA_002,180,Coimbatore,Tamil Nadu,Medium Risk / 12% Fraud Rate,M023,SwiftBox Logistics,Courier / Logistics,Express Parcel & Freight Delivery,Tiruppur,Avinashi Road,Tamil Nadu,641603,11.1085,77.3411,9,4200.0,08:00-21:00,"POS,UPI,CARD,ONLINE",Interception fraud / address redirection,0.02,50,8571.36,INR,PURCHASE,ONLINE,MOBILE_APP,1,0,Coimbatore,15.0,0,0,1,DEV-MOHANA-SAMSUNG-S23,mobile_android,0,BEN-CUST_MOHANA_002-TRUSTED,Trusted Household Vendor,11,1,2,14,0,0,0,None,Resolved Genuine,Standard Habitual Purchase,0
TXN-CUST_MOHANA_002-11049,2026-08-28 11:05:41,2026-08-28,11:05:41,11,4,0,0,CUST_MOHANA_002,180,Coimbatore,Tamil Nadu,Medium Risk / 12% Fraud Rate,M005,UrbanThread Studio,Fashion / Apparel,Designer & Ready-to-wear,Chennai,Anna Nagar,Tamil Nadu,600040,13.085,80.2101,5,4800.0,10:30-22:00,"POS,ONLINE,UPI,CARD",Refund abuse / credential stuffing,0.022,55,13201.92,INR,PURCHASE,POS,MOBILE_APP,1,0,Coimbatore,7.0,0,0,1,DEV-MOHANA-SAMSUNG-S23,mobile_android,0,BEN-CUST_MOHANA_002-TRUSTED,Trusted Household Vendor,11,1,3,21,0,0,0,None,Resolved Genuine,Standard Habitual Purchase,0
TXN-CUST_MOHANA_002-11050,2026-08-28 12:30:39,2026-08-28,12:30:39,12,4,0,0,CUST_MOHANA_002,180,Coimbatore,Tamil Nadu,Medium Risk / 12% Fraud Rate,M011,SkyTrail Travels,Travel Agency,Flight & International Tour Packages,Coimbatore,Gandhipuram,Tamil Nadu,641012,11.0183,76.9664,11,44000.0,09:00-20:00,"ONLINE,TRANSFER,CARD",Mule-account ticket arbitrage & fast cancellation fraud,0.052,130,12629.31,INR,PURCHASE,ONLINE,MOBILE_APP,0,0,Coimbatore,8.0,0,0,1,DEV-MOHANA-SAMSUNG-S23,mobile_android,0,BEN-CUST_MOHANA_002-TRUSTED,Trusted Household Vendor,13,0,3,20,0,0,0,None,Resolved Genuine,Standard Habitual Purchase,0
TXN-CUST_MOHANA_002-11051,2026-08-28 13:55:55,2026-08-28,13:55:55,13,4,0,0,CUST_MOHANA_002,180,Coimbatore,Tamil Nadu,Medium Risk / 12% Fraud Rate,M008,BeanCircuit Cafe,Cafe,Specialty Coffee & Bakery,Bengaluru,Indiranagar,Karnataka,560038,12.9784,77.6408,3,650.0,07:30-23:00,"UPI,POS,CARD",QR code spoofing / fast velocity dining,0.009,22,6913.3,INR,PURCHASE,UPI,MOBILE_APP,1,0,Coimbatore,8.0,0,0,1,DEV-MOHANA-SAMSUNG-S23,mobile_android,0,BEN-CUST_MOHANA_002-TRUSTED,Trusted Household Vendor,4,1,3,15,0,0,0,None,Resolved Genuine,Standard Habitual Purchase,0
TXN-CUST_MOHANA_002-11052,2026-08-28 15:25:17,2026-08-28,15:25:17,15,4,0,0,CUST_MOHANA_002,180,Coimbatore,Tamil Nadu,Medium Risk / 12% Fraud Rate,M018,PageTurn Book House,Bookstore,"Academic, Fiction & Stationery",Trichy,Thillai Nagar,Tamil Nadu,620018,10.8282,78.6854,16,850.0,09:00-21:30,"POS,UPI,CARD,ONLINE",Low-value card testing bots,0.008,20,13094.26,INR,PURCHASE,POS,MOBILE_APP,1,0,Coimbatore,9.0,0,0,1,DEV-MOHANA-SAMSUNG-S23,mobile_android,0,BEN-CUST_MOHANA_002-TRUSTED,Trusted Household Vendor,11,0,1,12,0,0,0,None,Resolved Genuine,Standard Habitual Purchase,0
TXN-CUST_MOHANA_002-11053,2026-08-28 16:54:18,2026-08-28,16:54:18,16,4,0,0,CUST_MOHANA_002,180,Coimbatore,Tamil Nadu,Medium Risk / 12% Fraud Rate,M021,GlowCraft Salon,Salon / Beauty,Spa & Grooming Studio,Chennai,Porur,Tamil Nadu,600116,13.0382,80.1565,5,2800.0,09:00-21:00,"POS,UPI,CARD",Unusual late-night transaction spikes,0.011,27,5202.23,INR,PURCHASE,POS,MOBILE_APP,1,0,Coimbatore,11.0,0,0,1,DEV-MOHANA-SAMSUNG-S23,mobile_android,0,BEN-CUST_MOHANA_002-TRUSTED,Trusted Household Vendor,12,0,3,18,0,0,0,None,Resolved Genuine,Standard Habitual Purchase,0
TXN-CUST_MOHANA_002-11054,2026-08-28 18:21:42,2026-08-28,18:21:42,18,4,0,0,CUST_MOHANA_002,180,Coimbatore,Tamil Nadu,Medium Risk / 12% Fraud Rate,M029,CloudDesk Digital,Software / Digital Services,Cloud Infrastructure & SaaS Tools,Bengaluru,Whitefield,Karnataka,560066,12.9698,77.7499,7,19800.0,24_HOURS,"ONLINE,CARD,TRANSFER",Cryptomining VM rental with stolen credit cards,0.058,145,46660.99,INR,P2P_TRANSFER,CARD,MOBILE_APP,0,0,Mumbai,775.0,1,0,1,DEV-MOHANA-SAMSUNG-S23,mobile_android,1,BEN-NEW-370,Global Flight Booking,0,4,5,28,1,0,0,Geographic Anomaly / High Ticket Spike,Review Required,Sudden location velocity jump with new merchant,1
TXN-CUST_MOHANA_002-11055,2026-08-28 19:45:14,2026-08-28,19:45:14,19,4,0,0,CUST_MOHANA_002,180,Coimbatore,Tamil Nadu,Medium Risk / 12% Fraud Rate,M003,Pulse Mobile Hub,Mobile Store,Smartphones & Accessories,Chennai,Tambaram,Tamil Nadu,600045,12.9249,80.1278,4,18500.0,09:30-21:30,"POS,UPI,CARD",New device abuse / rapid checkout surge,0.035,87,4703.43,INR,PURCHASE,POS,MOBILE_APP,1,0,Coimbatore,4.0,0,0,1,DEV-MOHANA-SAMSUNG-S23,mobile_android,0,BEN-CUST_MOHANA_002-TRUSTED,Trusted Household Vendor,4,0,4,19,0,0,0,None,Resolved Genuine,Standard Habitual Purchase,0
TXN-CUST_MOHANA_002-11056,2026-08-28 21:12:59,2026-08-28,21:12:59,21,4,0,0,CUST_MOHANA_002,180,Coimbatore,Tamil Nadu,Medium Risk / 12% Fraud Rate,M024,LinkWave Telecom,Telecom Retail,Fiber Broadband & Postpaid Plans,Erode,Perundurai Road,Tamil Nadu,638011,11.341,77.7172,10,1950.0,09:30-20:30,"UPI,CARD,ONLINE,POS",SIM swap bill recharge surges,0.017,42,12655.23,INR,PURCHASE,POS,MOBILE_APP,1,0,Coimbatore,4.0,0,0,1,DEV-MOHANA-SAMSUNG-S23,mobile_android,0,BEN-CUST_MOHANA_002-TRUSTED,Trusted Household Vendor,12,0,2,11,0,0,0,None,Resolved Genuine,Standard Habitual Purchase,0
TXN-CUST_MOHANA_002-11057,2026-08-28 22:38:29,2026-08-28,22:38:29,22,4,0,0,CUST_MOHANA_002,180,Coimbatore,Tamil Nadu,Medium Risk / 12% Fraud Rate,M005,UrbanThread Studio,Fashion / Apparel,Designer & Ready-to-wear,Chennai,Anna Nagar,Tamil Nadu,600040,13.085,80.2101,5,4800.0,10:30-22:00,"POS,ONLINE,UPI,CARD",Refund abuse / credential stuffing,0.022,55,3699.52,INR,PURCHASE,CARD,MOBILE_APP,1,0,Coimbatore,15.0,0,0,1,DEV-MOHANA-SAMSUNG-S23,mobile_android,0,BEN-CUST_MOHANA_002-TRUSTED,Trusted Household Vendor,3,0,3,20,0,0,0,None,Resolved Genuine,Standard Habitual Purchase,0
TXN-CUST_MOHANA_002-11058,2026-08-29 00:04:30,2026-08-29,00:04:30,0,5,1,1,CUST_MOHANA_002,180,Coimbatore,Tamil Nadu,Medium Risk / 12% Fraud Rate,M011,SkyTrail Travels,Travel Agency,Flight & International Tour Packages,Coimbatore,Gandhipuram,Tamil Nadu,641012,11.0183,76.9664,11,44000.0,09:00-20:00,"ONLINE,TRANSFER,CARD",Mule-account ticket arbitrage & fast cancellation fraud,0.052,130,5688.76,INR,PURCHASE,TRANSFER,MOBILE_APP,0,0,Coimbatore,14.0,0,0,1,DEV-MOHANA-SAMSUNG-S23,mobile_android,0,BEN-CUST_MOHANA_002-TRUSTED,Trusted Household Vendor,7,0,3,14,0,0,0,None,Resolved Genuine,Standard Habitual Purchase,0
TXN-CUST_MOHANA_002-11059,2026-08-29 01:33:43,2026-08-29,01:33:43,1,5,1,1,CUST_MOHANA_002,180,Coimbatore,Tamil Nadu,Medium Risk / 12% Fraud Rate,M010,HarborView Residency,Hotel / Hospitality,Business & Luxury Hotel,Chennai,OMR,Tamil Nadu,600096,12.9165,80.2285,6,9500.0,24_HOURS,"ONLINE,POS,CARD,TRANSFER",Online travel booking fraud with stolen corporate credentials,0.041,102,25812.72,INR,PURCHASE,TRANSFER,MOBILE_APP,0,0,Delhi,729.0,1,0,1,DEV-MOHANA-SAMSUNG-S23,mobile_android,0,BEN-CUST_MOHANA_002-01,Self Family Transfer,3,2,10,42,1,0,0,Geographic Anomaly / High Ticket Spike,Review Required,Sudden location velocity jump with new merchant,1
TXN-CUST_MOHANA_002-11060,2026-08-29 02:57:46,2026-08-29,02:57:46,2,5,1,1,CUST_MOHANA_002,180,Coimbatore,Tamil Nadu,Medium Risk / 12% Fraud Rate,M003,Pulse Mobile Hub,Mobile Store,Smartphones & Accessories,Chennai,Tambaram,Tamil Nadu,600045,12.9249,80.1278,4,18500.0,09:30-21:30,"POS,UPI,CARD",New device abuse / rapid checkout surge,0.035,87,6795.54,INR,PURCHASE,UPI,MOBILE_APP,1,0,Coimbatore,1.0,0,0,1,DEV-MOHANA-SAMSUNG-S23,mobile_android,0,BEN-CUST_MOHANA_002-TRUSTED,Trusted Household Vendor,14,0,2,17,0,0,0,None,Resolved Genuine,Standard Habitual Purchase,0
TXN-CUST_MOHANA_002-11061,2026-08-29 04:26:14,2026-08-29,04:26:14,4,5,1,1,CUST_MOHANA_002,180,Coimbatore,Tamil Nadu,Medium Risk / 12% Fraud Rate,M009,RapidFuel Station,Fuel Station,"Petrol, Diesel & EV Fast Charge",Salem,Fairlands,Tamil Nadu,636016,11.6643,78.146,9,3100.0,24_HOURS,"POS,FLEET_CARD,UPI",Automated fleet card skimming,0.024,60,5795.76,INR,PURCHASE,FLEET_CARD,MOBILE_APP,1,0,Coimbatore,9.0,0,0,1,DEV-MOHANA-SAMSUNG-S23,mobile_android,0,BEN-CUST_MOHANA_002-TRUSTED,Trusted Household Vendor,10,0,1,14,0,0,0,None,Resolved Genuine,Standard Habitual Purchase,0
TXN-CUST_MOHANA_002-11062,2026-08-29 05:50:39,2026-08-29,05:50:39,5,5,1,1,CUST_MOHANA_002,180,Coimbatore,Tamil Nadu,Medium Risk / 12% Fraud Rate,M011,SkyTrail Travels,Travel Agency,Flight & International Tour Packages,Coimbatore,Gandhipuram,Tamil Nadu,641012,11.0183,76.9664,11,44000.0,09:00-20:00,"ONLINE,TRANSFER,CARD",Mule-account ticket arbitrage & fast cancellation fraud,0.052,130,11120.0,INR,PURCHASE,ONLINE,MOBILE_APP,0,0,Coimbatore,12.0,0,0,1,DEV-MOHANA-SAMSUNG-S23,mobile_android,0,BEN-CUST_MOHANA_002-TRUSTED,Trusted Household Vendor,13,0,4,24,0,0,0,None,Resolved Genuine,Standard Habitual Purchase,0
TXN-CUST_MOHANA_002-11063,2026-08-29 07:16:46,2026-08-29,07:16:46,7,5,1,0,CUST_MOHANA_002,180,Coimbatore,Tamil Nadu,Medium Risk / 12% Fraud Rate,M001,NovaMart Fresh,Grocery & Supermarket,Supermarket / Hypermarket,Chennai,T Nagar,Tamil Nadu,600017,13.0418,80.2341,8,1250.0,07:00-22:30,"POS,UPI,CARD,ONLINE",Card testing / micro-burst velocity,0.012,30,8595.76,INR,PURCHASE,ONLINE,MOBILE_APP,1,0,Coimbatore,14.0,0,0,1,DEV-MOHANA-SAMSUNG-S23,mobile_android,0,BEN-CUST_MOHANA_002-TRUSTED,Trusted Household Vendor,8,0,4,20,0,0,0,None,Resolved Genuine,Standard Habitual Purchase,0
TXN-CUST_MOHANA_002-11064,2026-08-29 08:45:18,2026-08-29,08:45:18,8,5,1,0,CUST_MOHANA_002,180,Coimbatore,Tamil Nadu,Medium Risk / 12% Fraud Rate,M009,RapidFuel Station,Fuel Station,"Petrol, Diesel & EV Fast Charge",Salem,Fairlands,Tamil Nadu,636016,11.6643,78.146,9,3100.0,24_HOURS,"POS,FLEET_CARD,UPI",Automated fleet card skimming,0.024,60,13432.36,INR,PURCHASE,UPI,MOBILE_APP,1,0,Coimbatore,15.0,0,0,1,DEV-MOHANA-SAMSUNG-S23,mobile_android,0,BEN-CUST_MOHANA_002-TRUSTED,Trusted Household Vendor,9,0,4,25,0,0,0,None,Resolved Genuine,Standard Habitual Purchase,0
TXN-CUST_MOHANA_002-11065,2026-08-29 10:11:46,2026-08-29,10:11:46,10,5,1,0,CUST_MOHANA_002,180,Coimbatore,Tamil Nadu,Medium Risk / 12% Fraud Rate,M028,CraftCove Home Decor,Home Decor,Handicrafts & Art Pieces,Thanjavur,Medical College Road,Tamil Nadu,613004,10.7684,79.1245,8,7400.0,09:30-20:30,"POS,UPI,CARD,ONLINE",Cross-border tourist chargebacks,0.023,57,6149.54,INR,PURCHASE,UPI,MOBILE_APP,1,0,Coimbatore,10.0,0,0,1,DEV-MOHANA-SAMSUNG-S23,mobile_android,0,BEN-CUST_MOHANA_002-TRUSTED,Trusted Household Vendor,4,0,4,18,0,0,0,None,Resolved Genuine,Standard Habitual Purchase,0
TXN-CUST_MOHANA_002-11066,2026-08-29 11:39:00,2026-08-29,11:39:00,11,5,1,0,CUST_MOHANA_002,180,Coimbatore,Tamil Nadu,Medium Risk / 12% Fraud Rate,M012,DashDine Delivery,Food Delivery,Quick Commerce & Meal Delivery,Chennai,Sholinganallur,Tamil Nadu,600119,12.901,80.2279,4,520.0,06:00-02:00,"UPI,CARD,ONLINE,WALLET",Promo code abuse / stolen wallet balances,0.014,35,3553.46,INR,PURCHASE,ONLINE,MOBILE_APP,0,0,Coimbatore,7.0,0,0,1,DEV-MOHANA-SAMSUNG-S23,mobile_android,0,BEN-CUST_MOHANA_002-TRUSTED,Trusted Household Vendor,15,0,1,14,0,0,0,None,Resolved Genuine,Standard Habitual Purchase,0
TXN-CUST_MOHANA_002-11067,2026-08-29 13:05:48,2026-08-29,13:05:48,13,5,1,0,CUST_MOHANA_002,180,Coimbatore,Tamil Nadu,Medium Risk / 12% Fraud Rate,M010,HarborView Residency,Hotel / Hospitality,Business & Luxury Hotel,Chennai,OMR,Tamil Nadu,600096,12.9165,80.2285,6,9500.0,24_HOURS,"ONLINE,POS,CARD,TRANSFER",Online travel booking fraud with stolen corporate credentials,0.041,102,13330.25,INR,PURCHASE,POS,MOBILE_APP,1,0,Coimbatore,3.0,0,0,1,DEV-MOHANA-SAMSUNG-S23,mobile_android,0,BEN-CUST_MOHANA_002-TRUSTED,Trusted Household Vendor,15,0,3,18,0,0,0,None,Resolved Genuine,Standard Habitual Purchase,0
TXN-CUST_MOHANA_002-11068,2026-08-29 14:29:31,2026-08-29,14:29:31,14,5,1,0,CUST_MOHANA_002,180,Coimbatore,Tamil Nadu,Medium Risk / 12% Fraud Rate,M024,LinkWave Telecom,Telecom Retail,Fiber Broadband & Postpaid Plans,Erode,Perundurai Road,Tamil Nadu,638011,11.341,77.7172,10,1950.0,09:30-20:30,"UPI,CARD,ONLINE,POS",SIM swap bill recharge surges,0.017,42,7676.62,INR,PURCHASE,CARD,MOBILE_APP,1,0,Coimbatore,12.0,0,0,1,DEV-MOHANA-SAMSUNG-S23,mobile_android,0,BEN-CUST_MOHANA_002-TRUSTED,Trusted Household Vendor,4,0,2,11,0,0,0,None,Resolved Genuine,Standard Habitual Purchase,0
TXN-CUST_MOHANA_002-11069,2026-08-29 15:54:56,2026-08-29,15:54:56,15,5,1,0,CUST_MOHANA_002,180,Coimbatore,Tamil Nadu,Medium Risk / 12% Fraud Rate,M021,GlowCraft Salon,Salon / Beauty,Spa & Grooming Studio,Chennai,Porur,Tamil Nadu,600116,13.0382,80.1565,5,2800.0,09:00-21:00,"POS,UPI,CARD",Unusual late-night transaction spikes,0.011,27,7814.8,INR,PURCHASE,UPI,MOBILE_APP,1,0,Coimbatore,5.0,0,0,1,DEV-MOHANA-SAMSUNG-S23,mobile_android,0,BEN-CUST_MOHANA_002-TRUSTED,Trusted Household Vendor,5,0,3,18,0,0,0,None,Resolved Genuine,Standard Habitual Purchase,0
TXN-CUST_MOHANA_002-11070,2026-08-29 17:21:47,2026-08-29,17:21:47,17,5,1,0,CUST_MOHANA_002,180,Coimbatore,Tamil Nadu,Medium Risk / 12% Fraud Rate,M006,MedicoCare Pharmacy,Pharmacy,Medicines & Surgical Supplies,Madurai,KK Nagar,Tamil Nadu,625020,9.9252,78.1498,10,1450.0,24_HOURS,"POS,UPI,CARD,ONLINE",Nighttime micro card testing,0.015,37,3575.36,INR,PURCHASE,CARD,MOBILE_APP,1,0,Coimbatore,7.0,0,0,1,DEV-MOHANA-SAMSUNG-S23,mobile_android,0,BEN-CUST_MOHANA_002-TRUSTED,Trusted Household Vendor,15,0,3,15,0,0,0,None,Resolved Genuine,Standard Habitual Purchase,0
TXN-CUST_MOHANA_002-11071,2026-08-29 18:49:47,2026-08-29,18:49:47,18,5,1,0,CUST_MOHANA_002,180,Coimbatore,Tamil Nadu,Medium Risk / 12% Fraud Rate,M004,Aurelia Gold House,Jewellery,Gold & Diamond Jewellery,Coimbatore,RS Puram,Tamil Nadu,641002,11.0089,76.9514,14,78000.0,10:00-20:30,"POS,CARD,TRANSFER",Account takeover / card-not-present luxury surge,0.065,162,213627.4,INR,P2P_TRANSFER,POS,MOBILE_APP,0,0,Mumbai,859.0,1,0,1,DEV-MOHANA-SAMSUNG-S23,mobile_android,1,BEN-NEW-574,Global Flight Booking,0,4,4,18,1,0,0,Geographic Anomaly / High Ticket Spike,Review Required,Sudden location velocity jump with new merchant,1
TXN-CUST_MOHANA_002-11072,2026-08-29 20:18:20,2026-08-29,20:18:20,20,5,1,0,CUST_MOHANA_002,180,Coimbatore,Tamil Nadu,Medium Risk / 12% Fraud Rate,M014,OakLine Furnishings,Furniture,Teak Wood & Modern Home Decor,Madurai,Bypass Road,Tamil Nadu,625016,9.932,78.109,12,38000.0,10:00-21:00,"POS,CARD,TRANSFER,EMI",Invoice redirection fraud / fake payment slips,0.029,72,80822.29,INR,PURCHASE,CARD,WEB_PORTAL,0,0,Hyderabad,594.0,1,1,0,DEV-LAPTOP-CHROME-793,web_browser,0,BEN-CUST_MOHANA_002-01,Self Family Transfer,3,4,10,43,1,0,0,Geographic Anomaly / High Ticket Spike,Review Required,Sudden location velocity jump with new merchant,1
TXN-CUST_MOHANA_002-11073,2026-08-29 21:44:54,2026-08-29,21:44:54,21,5,1,0,CUST_MOHANA_002,180,Coimbatore,Tamil Nadu,Medium Risk / 12% Fraud Rate,M009,RapidFuel Station,Fuel Station,"Petrol, Diesel & EV Fast Charge",Salem,Fairlands,Tamil Nadu,636016,11.6643,78.146,9,3100.0,24_HOURS,"POS,FLEET_CARD,UPI",Automated fleet card skimming,0.024,60,9384.2,INR,PURCHASE,FLEET_CARD,MOBILE_APP,1,0,Coimbatore,7.0,0,0,1,DEV-MOHANA-SAMSUNG-S23,mobile_android,0,BEN-CUST_MOHANA_002-TRUSTED,Trusted Household Vendor,9,0,4,18,0,0,0,None,Resolved Genuine,Standard Habitual Purchase,0
TXN-CUST_MOHANA_002-11074,2026-08-29 23:10:23,2026-08-29,23:10:23,23,5,1,1,CUST_MOHANA_002,180,Coimbatore,Tamil Nadu,Medium Risk / 12% Fraud Rate,M004,Aurelia Gold House,Jewellery,Gold & Diamond Jewellery,Coimbatore,RS Puram,Tamil Nadu,641002,11.0089,76.9514,14,78000.0,10:00-20:30,"POS,CARD,TRANSFER",Account takeover / card-not-present luxury surge,0.065,162,229568.21,INR,PURCHASE,CARD,MOBILE_APP,0,0,Mumbai,393.0,1,0,1,DEV-MOHANA-SAMSUNG-S23,mobile_android,0,BEN-CUST_MOHANA_002-01,Self Family Transfer,3,2,10,45,1,0,0,Geographic Anomaly / High Ticket Spike,Review Required,Sudden location velocity jump with new merchant,1
TXN-CUST_MOHANA_002-11075,2026-08-30 00:37:43,2026-08-30,00:37:43,0,6,1,1,CUST_MOHANA_002,180,Coimbatore,Tamil Nadu,Medium Risk / 12% Fraud Rate,M009,RapidFuel Station,Fuel Station,"Petrol, Diesel & EV Fast Charge",Salem,Fairlands,Tamil Nadu,636016,11.6643,78.146,9,3100.0,24_HOURS,"POS,FLEET_CARD,UPI",Automated fleet card skimming,0.024,60,4239.07,INR,PURCHASE,UPI,MOBILE_APP,1,0,Coimbatore,12.0,0,0,1,DEV-MOHANA-SAMSUNG-S23,mobile_android,0,BEN-CUST_MOHANA_002-TRUSTED,Trusted Household Vendor,4,1,1,12,0,0,0,None,Resolved Genuine,Standard Habitual Purchase,0
TXN-CUST_MOHANA_002-11076,2026-08-30 02:01:25,2026-08-30,02:01:25,2,6,1,1,CUST_MOHANA_002,180,Coimbatore,Tamil Nadu,Medium Risk / 12% Fraud Rate,M020,GameGrid Arena,Gaming,"Esports, Consoles & Virtual Credits",Bengaluru,Koramangala,Karnataka,560095,12.9352,77.6245,4,3400.0,10:00-01:00,"ONLINE,UPI,CARD,WALLET",Virtual item laundering & bot-driven micro transactions,0.055,137,9661.32,INR,P2P_TRANSFER,WALLET,MOBILE_APP,0,0,Mumbai,545.0,1,0,1,DEV-MOHANA-SAMSUNG-S23,mobile_android,1,BEN-NEW-847,Global Flight Booking,0,3,5,22,1,0,0,Geographic Anomaly / High Ticket Spike,Review Required,Sudden location velocity jump with new merchant,1
TXN-CUST_MOHANA_002-11077,2026-08-30 03:30:45,2026-08-30,03:30:45,3,6,1,1,CUST_MOHANA_002,180,Coimbatore,Tamil Nadu,Medium Risk / 12% Fraud Rate,M007,SpiceRoute Kitchen,Restaurant,Fine Dining & Chettinad,Chennai,Adyar,Tamil Nadu,600020,13.0012,80.2565,7,2200.0,11:30-23:30,"POS,UPI,CARD",Cloned card POS terminal replay,0.018,45,5064.19,INR,PURCHASE,CARD,MOBILE_APP,1,0,Coimbatore,12.0,0,0,1,DEV-MOHANA-SAMSUNG-S23,mobile_android,0,BEN-CUST_MOHANA_002-TRUSTED,Trusted Household Vendor,11,0,4,18,0,0,0,None,Resolved Genuine,Standard Habitual Purchase,0
TXN-CUST_MOHANA_002-11078,2026-08-30 04:54:38,2026-08-30,04:54:38,4,6,1,1,CUST_MOHANA_002,180,Coimbatore,Tamil Nadu,Medium Risk / 12% Fraud Rate,M026,GreenLeaf Wellness,Health & Wellness,Organic Nutrition & Ayurveda,Trichy,Srirangam,Tamil Nadu,620006,10.8624,78.6947,6,2100.0,08:00-21:00,"POS,UPI,ONLINE,CARD",Subscription card stuffing,0.013,32,6215.43,INR,PURCHASE,UPI,MOBILE_APP,1,0,Coimbatore,1.0,0,0,1,DEV-MOHANA-SAMSUNG-S23,mobile_android,0,BEN-CUST_MOHANA_002-TRUSTED,Trusted Household Vendor,4,0,4,19,0,0,0,None,Resolved Genuine,Standard Habitual Purchase,0
TXN-CUST_MOHANA_002-11079,2026-08-30 06:22:32,2026-08-30,06:22:32,6,6,1,0,CUST_MOHANA_002,180,Coimbatore,Tamil Nadu,Medium Risk / 12% Fraud Rate,M016,MotoCare Garage,Auto Service,Car Service & Detailing Hub,Chennai,Pallikaranai,Tamil Nadu,600100,12.9372,80.2014,7,8900.0,08:30-20:30,"POS,UPI,CARD",Over-invoicing / synthetic card payments,0.021,52,11024.89,INR,PURCHASE,CARD,MOBILE_APP,1,0,Coimbatore,10.0,0,0,1,DEV-MOHANA-SAMSUNG-S23,mobile_android,0,BEN-CUST_MOHANA_002-TRUSTED,Trusted Household Vendor,3,0,4,19,0,0,0,None,Resolved Genuine,Standard Habitual Purchase,0
TXN-CUST_MOHANA_002-11080,2026-08-30 07:51:14,2026-08-30,07:51:14,7,6,1,0,CUST_MOHANA_002,180,Coimbatore,Tamil Nadu,Medium Risk / 12% Fraud Rate,M025,ShieldSure Services,Insurance Services,General & Health Insurance Premium,Chennai,Egmore,Tamil Nadu,600008,13.0784,80.2607,13,14000.0,09:30-18:00,"ONLINE,NETBANKING,CARD",Premium diversion / fake policy payment slips,0.019,47,7357.13,INR,PURCHASE,CARD,MOBILE_APP,0,0,Coimbatore,15.0,0,0,1,DEV-MOHANA-SAMSUNG-S23,mobile_android,0,BEN-CUST_MOHANA_002-TRUSTED,Trusted Household Vendor,13,1,3,14,0,0,0,None,Resolved Genuine,Standard Habitual Purchase,0
TXN-CUST_MOHANA_002-11081,2026-08-30 09:18:58,2026-08-30,09:18:58,9,6,1,0,CUST_MOHANA_002,180,Coimbatore,Tamil Nadu,Medium Risk / 12% Fraud Rate,M009,RapidFuel Station,Fuel Station,"Petrol, Diesel & EV Fast Charge",Salem,Fairlands,Tamil Nadu,636016,11.6643,78.146,9,3100.0,24_HOURS,"POS,FLEET_CARD,UPI",Automated fleet card skimming,0.024,60,4404.93,INR,PURCHASE,FLEET_CARD,MOBILE_APP,1,0,Coimbatore,11.0,0,0,1,DEV-MOHANA-SAMSUNG-S23,mobile_android,0,BEN-CUST_MOHANA_002-TRUSTED,Trusted Household Vendor,11,0,4,23,0,0,0,None,Resolved Genuine,Standard Habitual Purchase,0
TXN-CUST_MOHANA_002-11082,2026-08-30 10:47:54,2026-08-30,10:47:54,10,6,1,0,CUST_MOHANA_002,180,Coimbatore,Tamil Nadu,Medium Risk / 12% Fraud Rate,M021,GlowCraft Salon,Salon / Beauty,Spa & Grooming Studio,Chennai,Porur,Tamil Nadu,600116,13.0382,80.1565,5,2800.0,09:00-21:00,"POS,UPI,CARD",Unusual late-night transaction spikes,0.011,27,4628.9,INR,PURCHASE,UPI,MOBILE_APP,1,0,Coimbatore,4.0,0,0,1,DEV-MOHANA-SAMSUNG-S23,mobile_android,0,BEN-CUST_MOHANA_002-TRUSTED,Trusted Household Vendor,6,0,3,22,0,0,0,None,Resolved Genuine,Standard Habitual Purchase,0
TXN-CUST_MOHANA_002-11083,2026-08-30 12:12:17,2026-08-30,12:12:17,12,6,1,0,CUST_MOHANA_002,180,Coimbatore,Tamil Nadu,Medium Risk / 12% Fraud Rate,M004,Aurelia Gold House,Jewellery,Gold & Diamond Jewellery,Coimbatore,RS Puram,Tamil Nadu,641002,11.0089,76.9514,14,78000.0,10:00-20:30,"POS,CARD,TRANSFER",Account takeover / card-not-present luxury surge,0.065,162,3630.86,INR,PURCHASE,TRANSFER,MOBILE_APP,1,0,Coimbatore,15.0,0,0,1,DEV-MOHANA-SAMSUNG-S23,mobile_android,0,BEN-CUST_MOHANA_002-TRUSTED,Trusted Household Vendor,11,1,4,18,0,0,0,None,Resolved Genuine,Standard Habitual Purchase,0
TXN-CUST_MOHANA_002-11084,2026-08-30 13:38:31,2026-08-30,13:38:31,13,6,1,0,CUST_MOHANA_002,180,Coimbatore,Tamil Nadu,Medium Risk / 12% Fraud Rate,M025,ShieldSure Services,Insurance Services,General & Health Insurance Premium,Chennai,Egmore,Tamil Nadu,600008,13.0784,80.2607,13,14000.0,09:30-18:00,"ONLINE,NETBANKING,CARD",Premium diversion / fake policy payment slips,0.019,47,8173.42,INR,PURCHASE,ONLINE,MOBILE_APP,0,0,Coimbatore,13.0,0,0,1,DEV-MOHANA-SAMSUNG-S23,mobile_android,0,BEN-CUST_MOHANA_002-TRUSTED,Trusted Household Vendor,10,1,2,16,0,0,0,None,Resolved Genuine,Standard Habitual Purchase,0
TXN-CUST_MOHANA_002-11085,2026-08-30 15:02:33,2026-08-30,15:02:33,15,6,1,0,CUST_MOHANA_002,180,Coimbatore,Tamil Nadu,Medium Risk / 12% Fraud Rate,M001,NovaMart Fresh,Grocery & Supermarket,Supermarket / Hypermarket,Chennai,T Nagar,Tamil Nadu,600017,13.0418,80.2341,8,1250.0,07:00-22:30,"POS,UPI,CARD,ONLINE",Card testing / micro-burst velocity,0.012,30,9035.75,INR,PURCHASE,UPI,MOBILE_APP,1,0,Coimbatore,9.0,0,0,1,DEV-MOHANA-SAMSUNG-S23,mobile_android,0,BEN-CUST_MOHANA_002-TRUSTED,Trusted Household Vendor,5,1,4,21,0,0,0,None,Resolved Genuine,Standard Habitual Purchase,0
TXN-CUST_MOHANA_002-11086,2026-08-30 16:30:01,2026-08-30,16:30:01,16,6,1,0,CUST_MOHANA_002,180,Coimbatore,Tamil Nadu,Medium Risk / 12% Fraud Rate,M029,CloudDesk Digital,Software / Digital Services,Cloud Infrastructure & SaaS Tools,Bengaluru,Whitefield,Karnataka,560066,12.9698,77.7499,7,19800.0,24_HOURS,"ONLINE,CARD,TRANSFER",Cryptomining VM rental with stolen credit cards,0.058,145,11133.31,INR,PURCHASE,CARD,MOBILE_APP,0,0,Coimbatore,11.0,0,0,1,DEV-MOHANA-SAMSUNG-S23,mobile_android,0,BEN-CUST_MOHANA_002-TRUSTED,Trusted Household Vendor,10,0,3,15,0,0,0,None,Resolved Genuine,Standard Habitual Purchase,0
TXN-CUST_MOHANA_002-11087,2026-08-30 17:56:38,2026-08-30,17:56:38,17,6,1,0,CUST_MOHANA_002,180,Coimbatore,Tamil Nadu,Medium Risk / 12% Fraud Rate,M016,MotoCare Garage,Auto Service,Car Service & Detailing Hub,Chennai,Pallikaranai,Tamil Nadu,600100,12.9372,80.2014,7,8900.0,08:30-20:30,"POS,UPI,CARD",Over-invoicing / synthetic card payments,0.021,52,6856.25,INR,PURCHASE,POS,MOBILE_APP,1,0,Coimbatore,4.0,0,0,1,DEV-MOHANA-SAMSUNG-S23,mobile_android,0,BEN-CUST_MOHANA_002-TRUSTED,Trusted Household Vendor,11,1,4,18,0,0,0,None,Resolved Genuine,Standard Habitual Purchase,0
TXN-CUST_MOHANA_002-11088,2026-08-30 19:21:07,2026-08-30,19:21:07,19,6,1,0,CUST_MOHANA_002,180,Coimbatore,Tamil Nadu,Medium Risk / 12% Fraud Rate,M010,HarborView Residency,Hotel / Hospitality,Business & Luxury Hotel,Chennai,OMR,Tamil Nadu,600096,12.9165,80.2285,6,9500.0,24_HOURS,"ONLINE,POS,CARD,TRANSFER",Online travel booking fraud with stolen corporate credentials,0.041,102,8979.7,INR,PURCHASE,CARD,MOBILE_APP,1,0,Coimbatore,11.0,0,0,1,DEV-MOHANA-SAMSUNG-S23,mobile_android,0,BEN-CUST_MOHANA_002-TRUSTED,Trusted Household Vendor,15,0,3,21,0,0,0,None,Resolved Genuine,Standard Habitual Purchase,0
TXN-CUST_MOHANA_002-11089,2026-08-30 20:49:43,2026-08-30,20:49:43,20,6,1,0,CUST_MOHANA_002,180,Coimbatore,Tamil Nadu,Medium Risk / 12% Fraud Rate,M017,AutoForge Parts,Spare Parts,OEM Industrial & Auto Components,Hosur,Mookandapalli,Tamil Nadu,635126,12.7409,77.8253,15,16500.0,09:00-19:30,"TRANSFER,POS,CARD",Business email compromise / fake beneficiary update,0.033,82,3721.07,INR,PURCHASE,TRANSFER,MOBILE_APP,1,0,Coimbatore,3.0,0,0,1,DEV-MOHANA-SAMSUNG-S23,mobile_android,0,BEN-CUST_MOHANA_002-TRUSTED,Trusted Household Vendor,6,0,3,17,0,0,0,None,Resolved Genuine,Standard Habitual Purchase,0
TXN-CUST_MOHANA_002-11090,2026-08-30 22:18:23,2026-08-30,22:18:23,22,6,1,0,CUST_MOHANA_002,180,Coimbatore,Tamil Nadu,Medium Risk / 12% Fraud Rate,M006,MedicoCare Pharmacy,Pharmacy,Medicines & Surgical Supplies,Madurai,KK Nagar,Tamil Nadu,625020,9.9252,78.1498,10,1450.0,24_HOURS,"POS,UPI,CARD,ONLINE",Nighttime micro card testing,0.015,37,2939.41,INR,PURCHASE,ONLINE,MOBILE_APP,0,0,Delhi,899.0,1,0,1,DEV-MOHANA-SAMSUNG-S23,mobile_android,0,BEN-CUST_MOHANA_002-01,Self Family Transfer,3,2,10,50,1,0,0,Geographic Anomaly / High Ticket Spike,Review Required,Sudden location velocity jump with new merchant,1
TXN-CUST_MOHANA_002-11091,2026-08-30 23:43:54,2026-08-30,23:43:54,23,6,1,1,CUST_MOHANA_002,180,Coimbatore,Tamil Nadu,Medium Risk / 12% Fraud Rate,M015,HomeSphere Appliances,Home Appliances,"Refrigerators, ACs & Kitchen Tech",Coimbatore,Saibaba Colony,Tamil Nadu,641011,11.0315,76.945,9,27500.0,09:30-21:00,"POS,EMI,CARD,UPI",Carding attacks with immediate in-store pickup,0.038,95,6047.73,INR,PURCHASE,UPI,MOBILE_APP,1,0,Coimbatore,11.0,0,0,1,DEV-MOHANA-SAMSUNG-S23,mobile_android,0,BEN-CUST_MOHANA_002-TRUSTED,Trusted Household Vendor,15,0,4,23,0,0,0,None,Resolved Genuine,Standard Habitual Purchase,0
TXN-CUST_MOHANA_002-11092,2026-08-31 01:07:42,2026-08-31,01:07:42,1,0,0,1,CUST_MOHANA_002,180,Coimbatore,Tamil Nadu,Medium Risk / 12% Fraud Rate,M020,GameGrid Arena,Gaming,"Esports, Consoles & Virtual Credits",Bengaluru,Koramangala,Karnataka,560095,12.9352,77.6245,4,3400.0,10:00-01:00,"ONLINE,UPI,CARD,WALLET",Virtual item laundering & bot-driven micro transactions,0.055,137,10438.95,INR,PURCHASE,UPI,MOBILE_APP,0,0,Coimbatore,4.0,0,0,1,DEV-MOHANA-SAMSUNG-S23,mobile_android,0,BEN-CUST_MOHANA_002-TRUSTED,Trusted Household Vendor,14,0,3,15,0,0,0,None,Resolved Genuine,Standard Habitual Purchase,0
TXN-CUST_MOHANA_002-11093,2026-08-31 02:33:02,2026-08-31,02:33:02,2,0,0,1,CUST_MOHANA_002,180,Coimbatore,Tamil Nadu,Medium Risk / 12% Fraud Rate,M024,LinkWave Telecom,Telecom Retail,Fiber Broadband & Postpaid Plans,Erode,Perundurai Road,Tamil Nadu,638011,11.341,77.7172,10,1950.0,09:30-20:30,"UPI,CARD,ONLINE,POS",SIM swap bill recharge surges,0.017,42,4577.49,INR,PURCHASE,UPI,MOBILE_APP,1,0,Coimbatore,7.0,0,0,1,DEV-MOHANA-SAMSUNG-S23,mobile_android,0,BEN-CUST_MOHANA_002-TRUSTED,Trusted Household Vendor,9,0,2,10,0,0,0,None,Resolved Genuine,Standard Habitual Purchase,0
TXN-CUST_MOHANA_002-11094,2026-08-31 03:59:18,2026-08-31,03:59:18,3,0,0,1,CUST_MOHANA_002,180,Coimbatore,Tamil Nadu,Medium Risk / 12% Fraud Rate,M001,NovaMart Fresh,Grocery & Supermarket,Supermarket / Hypermarket,Chennai,T Nagar,Tamil Nadu,600017,13.0418,80.2341,8,1250.0,07:00-22:30,"POS,UPI,CARD,ONLINE",Card testing / micro-burst velocity,0.012,30,5619.37,INR,PURCHASE,UPI,MOBILE_APP,1,0,Coimbatore,6.0,0,0,1,DEV-MOHANA-SAMSUNG-S23,mobile_android,0,BEN-CUST_MOHANA_002-TRUSTED,Trusted Household Vendor,15,1,3,18,0,0,0,None,Resolved Genuine,Standard Habitual Purchase,0
TXN-CUST_MOHANA_002-11095,2026-08-31 05:27:48,2026-08-31,05:27:48,5,0,0,1,CUST_MOHANA_002,180,Coimbatore,Tamil Nadu,Medium Risk / 12% Fraud Rate,M023,SwiftBox Logistics,Courier / Logistics,Express Parcel & Freight Delivery,Tiruppur,Avinashi Road,Tamil Nadu,641603,11.1085,77.3411,9,4200.0,08:00-21:00,"POS,UPI,CARD,ONLINE",Interception fraud / address redirection,0.02,50,11030.19,INR,PURCHASE,UPI,MOBILE_APP,1,0,Coimbatore,2.0,0,0,1,DEV-MOHANA-SAMSUNG-S23,mobile_android,0,BEN-CUST_MOHANA_002-TRUSTED,Trusted Household Vendor,12,0,2,14,0,0,0,None,Resolved Genuine,Standard Habitual Purchase,0
TXN-CUST_MOHANA_002-11096,2026-08-31 06:54:27,2026-08-31,06:54:27,6,0,0,0,CUST_MOHANA_002,180,Coimbatore,Tamil Nadu,Medium Risk / 12% Fraud Rate,M010,HarborView Residency,Hotel / Hospitality,Business & Luxury Hotel,Chennai,OMR,Tamil Nadu,600096,12.9165,80.2285,6,9500.0,24_HOURS,"ONLINE,POS,CARD,TRANSFER",Online travel booking fraud with stolen corporate credentials,0.041,102,23795.08,INR,PURCHASE,ONLINE,WEB_PORTAL,0,0,Delhi,409.0,1,1,0,DEV-LAPTOP-CHROME-110,web_browser,0,BEN-CUST_MOHANA_002-01,Self Family Transfer,3,4,7,30,1,0,0,Geographic Anomaly / High Ticket Spike,Review Required,Sudden location velocity jump with new merchant,1
TXN-CUST_MOHANA_002-11097,2026-08-31 08:19:45,2026-08-31,08:19:45,8,0,0,0,CUST_MOHANA_002,180,Coimbatore,Tamil Nadu,Medium Risk / 12% Fraud Rate,M008,BeanCircuit Cafe,Cafe,Specialty Coffee & Bakery,Bengaluru,Indiranagar,Karnataka,560038,12.9784,77.6408,3,650.0,07:30-23:00,"UPI,POS,CARD",QR code spoofing / fast velocity dining,0.009,22,3877.88,INR,PURCHASE,POS,MOBILE_APP,1,0,Coimbatore,2.0,0,0,1,DEV-MOHANA-SAMSUNG-S23,mobile_android,0,BEN-CUST_MOHANA_002-TRUSTED,Trusted Household Vendor,9,0,1,11,0,0,0,None,Resolved Genuine,Standard Habitual Purchase,0
TXN-CUST_MOHANA_002-11098,2026-08-31 09:47:44,2026-08-31,09:47:44,9,0,0,0,CUST_MOHANA_002,180,Coimbatore,Tamil Nadu,Medium Risk / 12% Fraud Rate,M023,SwiftBox Logistics,Courier / Logistics,Express Parcel & Freight Delivery,Tiruppur,Avinashi Road,Tamil Nadu,641603,11.1085,77.3411,9,4200.0,08:00-21:00,"POS,UPI,CARD,ONLINE",Interception fraud / address redirection,0.02,50,9010.5,INR,PURCHASE,UPI,MOBILE_APP,1,0,Coimbatore,7.0,0,0,1,DEV-MOHANA-SAMSUNG-S23,mobile_android,0,BEN-CUST_MOHANA_002-TRUSTED,Trusted Household Vendor,14,0,4,21,0,0,0,None,Resolved Genuine,Standard Habitual Purchase,0
TXN-CUST_MOHANA_002-11099,2026-08-31 11:15:08,2026-08-31,11:15:08,11,0,0,0,CUST_MOHANA_002,180,Coimbatore,Tamil Nadu,Medium Risk / 12% Fraud Rate,M020,GameGrid Arena,Gaming,"Esports, Consoles & Virtual Credits",Bengaluru,Koramangala,Karnataka,560095,12.9352,77.6245,4,3400.0,10:00-01:00,"ONLINE,UPI,CARD,WALLET",Virtual item laundering & bot-driven micro transactions,0.055,137,12197.52,INR,PURCHASE,ONLINE,MOBILE_APP,0,0,Coimbatore,4.0,0,0,1,DEV-MOHANA-SAMSUNG-S23,mobile_android,0,BEN-CUST_MOHANA_002-TRUSTED,Trusted Household Vendor,4,0,1,11,0,0,0,None,Resolved Genuine,Standard Habitual Purchase,0
TXN-CUST_MOHANA_002-11100,2026-08-31 12:38:38,2026-08-31,12:38:38,12,0,0,0,CUST_MOHANA_002,180,Coimbatore,Tamil Nadu,Medium Risk / 12% Fraud Rate,M004,Aurelia Gold House,Jewellery,Gold & Diamond Jewellery,Coimbatore,RS Puram,Tamil Nadu,641002,11.0089,76.9514,14,78000.0,10:00-20:30,"POS,CARD,TRANSFER",Account takeover / card-not-present luxury surge,0.065,162,236546.72,INR,P2P_TRANSFER,TRANSFER,WEB_PORTAL,0,0,Delhi,565.0,1,1,0,DEV-LAPTOP-CHROME-610,web_browser,1,BEN-NEW-927,Global Flight Booking,0,2,7,36,1,0,0,Geographic Anomaly / High Ticket Spike,Review Required,Sudden location velocity jump with new merchant,1
TXN-CUST_MOHANA_002-11101,2026-08-31 14:07:10,2026-08-31,14:07:10,14,0,0,0,CUST_MOHANA_002,180,Coimbatore,Tamil Nadu,Medium Risk / 12% Fraud Rate,M004,Aurelia Gold House,Jewellery,Gold & Diamond Jewellery,Coimbatore,RS Puram,Tamil Nadu,641002,11.0089,76.9514,14,78000.0,10:00-20:30,"POS,CARD,TRANSFER",Account takeover / card-not-present luxury surge,0.065,162,6664.58,INR,PURCHASE,POS,MOBILE_APP,1,0,Coimbatore,4.0,0,0,1,DEV-MOHANA-SAMSUNG-S23,mobile_android,0,BEN-CUST_MOHANA_002-TRUSTED,Trusted Household Vendor,14,0,3,16,0,0,0,None,Resolved Genuine,Standard Habitual Purchase,0
TXN-CUST_MOHANA_002-11102,2026-08-31 15:33:51,2026-08-31,15:33:51,15,0,0,0,CUST_MOHANA_002,180,Coimbatore,Tamil Nadu,Medium Risk / 12% Fraud Rate,M003,Pulse Mobile Hub,Mobile Store,Smartphones & Accessories,Chennai,Tambaram,Tamil Nadu,600045,12.9249,80.1278,4,18500.0,09:30-21:30,"POS,UPI,CARD",New device abuse / rapid checkout surge,0.035,87,56761.07,INR,P2P_TRANSFER,CARD,MOBILE_APP,0,0,Delhi,400.0,1,0,1,DEV-MOHANA-SAMSUNG-S23,mobile_android,1,BEN-NEW-883,Global Flight Booking,0,2,5,29,1,0,0,Geographic Anomaly / High Ticket Spike,Review Required,Sudden location velocity jump with new merchant,1
TXN-CUST_MOHANA_002-11103,2026-08-31 17:00:17,2026-08-31,17:00:17,17,0,0,0,CUST_MOHANA_002,180,Coimbatore,Tamil Nadu,Medium Risk / 12% Fraud Rate,M011,SkyTrail Travels,Travel Agency,Flight & International Tour Packages,Coimbatore,Gandhipuram,Tamil Nadu,641012,11.0183,76.9664,11,44000.0,09:00-20:00,"ONLINE,TRANSFER,CARD",Mule-account ticket arbitrage & fast cancellation fraud,0.052,130,7095.26,INR,PURCHASE,CARD,MOBILE_APP,0,0,Coimbatore,3.0,0,0,1,DEV-MOHANA-SAMSUNG-S23,mobile_android,0,BEN-CUST_MOHANA_002-TRUSTED,Trusted Household Vendor,15,0,1,13,0,0,0,None,Resolved Genuine,Standard Habitual Purchase,0
TXN-CUST_MOHANA_002-11104,2026-08-31 18:24:39,2026-08-31,18:24:39,18,0,0,0,CUST_MOHANA_002,180,Coimbatore,Tamil Nadu,Medium Risk / 12% Fraud Rate,M024,LinkWave Telecom,Telecom Retail,Fiber Broadband & Postpaid Plans,Erode,Perundurai Road,Tamil Nadu,638011,11.341,77.7172,10,1950.0,09:30-20:30,"UPI,CARD,ONLINE,POS",SIM swap bill recharge surges,0.017,42,7310.19,INR,PURCHASE,ONLINE,MOBILE_APP,1,0,Coimbatore,3.0,0,0,1,DEV-MOHANA-SAMSUNG-S23,mobile_android,0,BEN-CUST_MOHANA_002-TRUSTED,Trusted Household Vendor,9,0,3,18,0,0,0,None,Resolved Genuine,Standard Habitual Purchase,0
TXN-CUST_MOHANA_002-11105,2026-08-31 19:50:35,2026-08-31,19:50:35,19,0,0,0,CUST_MOHANA_002,180,Coimbatore,Tamil Nadu,Medium Risk / 12% Fraud Rate,M015,HomeSphere Appliances,Home Appliances,"Refrigerators, ACs & Kitchen Tech",Coimbatore,Saibaba Colony,Tamil Nadu,641011,11.0315,76.945,9,27500.0,09:30-21:00,"POS,EMI,CARD,UPI",Carding attacks with immediate in-store pickup,0.038,95,8179.35,INR,PURCHASE,POS,MOBILE_APP,1,0,Coimbatore,1.0,0,0,1,DEV-MOHANA-SAMSUNG-S23,mobile_android,0,BEN-CUST_MOHANA_002-TRUSTED,Trusted Household Vendor,4,0,4,25,0,0,0,None,Resolved Genuine,Standard Habitual Purchase,0
TXN-CUST_MOHANA_002-11106,2026-08-31 21:15:13,2026-08-31,21:15:13,21,0,0,0,CUST_MOHANA_002,180,Coimbatore,Tamil Nadu,Medium Risk / 12% Fraud Rate,M027,BrickHarbor Realty,Real Estate / Property Services,Rental Escrow & Facility Management,Chennai,Porur,Tamil Nadu,600116,13.035,80.16,11,65000.0,09:00-19:00,"TRANSFER,NETBANKING,CARD",Security deposit phishing / escrow hijacking,0.039,97,8500.41,INR,PURCHASE,CARD,MOBILE_APP,0,0,Coimbatore,2.0,0,0,1,DEV-MOHANA-SAMSUNG-S23,mobile_android,0,BEN-CUST_MOHANA_002-TRUSTED,Trusted Household Vendor,15,0,3,21,0,0,0,None,Resolved Genuine,Standard Habitual Purchase,0
TXN-CUST_MOHANA_002-11107,2026-08-31 22:41:48,2026-08-31,22:41:48,22,0,0,0,CUST_MOHANA_002,180,Coimbatore,Tamil Nadu,Medium Risk / 12% Fraud Rate,M021,GlowCraft Salon,Salon / Beauty,Spa & Grooming Studio,Chennai,Porur,Tamil Nadu,600116,13.0382,80.1565,5,2800.0,09:00-21:00,"POS,UPI,CARD",Unusual late-night transaction spikes,0.011,27,11076.91,INR,PURCHASE,POS,MOBILE_APP,1,0,Coimbatore,8.0,0,0,1,DEV-MOHANA-SAMSUNG-S23,mobile_android,0,BEN-CUST_MOHANA_002-TRUSTED,Trusted Household Vendor,6,0,1,13,0,0,0,None,Resolved Genuine,Standard Habitual Purchase,0
TXN-CUST_MOHANA_002-11108,2026-09-01 00:07:07,2026-09-01,00:07:07,0,1,0,1,CUST_MOHANA_002,180,Coimbatore,Tamil Nadu,Medium Risk / 12% Fraud Rate,M008,BeanCircuit Cafe,Cafe,Specialty Coffee & Bakery,Bengaluru,Indiranagar,Karnataka,560038,12.9784,77.6408,3,650.0,07:30-23:00,"UPI,POS,CARD",QR code spoofing / fast velocity dining,0.009,22,8806.78,INR,PURCHASE,UPI,MOBILE_APP,1,0,Coimbatore,13.0,0,0,1,DEV-MOHANA-SAMSUNG-S23,mobile_android,0,BEN-CUST_MOHANA_002-TRUSTED,Trusted Household Vendor,7,1,4,22,0,0,0,None,Resolved Genuine,Standard Habitual Purchase,0
TXN-CUST_MOHANA_002-11109,2026-09-01 01:33:32,2026-09-01,01:33:32,1,1,0,1,CUST_MOHANA_002,180,Coimbatore,Tamil Nadu,Medium Risk / 12% Fraud Rate,M011,SkyTrail Travels,Travel Agency,Flight & International Tour Packages,Coimbatore,Gandhipuram,Tamil Nadu,641012,11.0183,76.9664,11,44000.0,09:00-20:00,"ONLINE,TRANSFER,CARD",Mule-account ticket arbitrage & fast cancellation fraud,0.052,130,10597.91,INR,PURCHASE,CARD,MOBILE_APP,0,0,Coimbatore,11.0,0,0,1,DEV-MOHANA-SAMSUNG-S23,mobile_android,0,BEN-CUST_MOHANA_002-TRUSTED,Trusted Household Vendor,5,1,1,8,0,0,0,None,Resolved Genuine,Standard Habitual Purchase,0
TXN-CUST_MOHANA_002-11110,2026-09-01 02:58:55,2026-09-01,02:58:55,2,1,0,1,CUST_MOHANA_002,180,Coimbatore,Tamil Nadu,Medium Risk / 12% Fraud Rate,M025,ShieldSure Services,Insurance Services,General & Health Insurance Premium,Chennai,Egmore,Tamil Nadu,600008,13.0784,80.2607,13,14000.0,09:30-18:00,"ONLINE,NETBANKING,CARD",Premium diversion / fake policy payment slips,0.019,47,11067.76,INR,PURCHASE,ONLINE,MOBILE_APP,0,0,Coimbatore,11.0,0,0,1,DEV-MOHANA-SAMSUNG-S23,mobile_android,0,BEN-CUST_MOHANA_002-TRUSTED,Trusted Household Vendor,10,0,2,18,0,0,0,None,Resolved Genuine,Standard Habitual Purchase,0
TXN-CUST_MOHANA_002-11111,2026-09-01 04:25:25,2026-09-01,04:25:25,4,1,0,1,CUST_MOHANA_002,180,Coimbatore,Tamil Nadu,Medium Risk / 12% Fraud Rate,M010,HarborView Residency,Hotel / Hospitality,Business & Luxury Hotel,Chennai,OMR,Tamil Nadu,600096,12.9165,80.2285,6,9500.0,24_HOURS,"ONLINE,POS,CARD,TRANSFER",Online travel booking fraud with stolen corporate credentials,0.041,102,30360.52,INR,PURCHASE,TRANSFER,WEB_PORTAL,0,0,Delhi,439.0,1,1,0,DEV-LAPTOP-CHROME-538,web_browser,0,BEN-CUST_MOHANA_002-01,Self Family Transfer,3,2,7,33,1,0,0,Geographic Anomaly / High Ticket Spike,Review Required,Sudden location velocity jump with new merchant,1
TXN-CUST_MOHANA_002-11112,2026-09-01 05:49:41,2026-09-01,05:49:41,5,1,0,1,CUST_MOHANA_002,180,Coimbatore,Tamil Nadu,Medium Risk / 12% Fraud Rate,M003,Pulse Mobile Hub,Mobile Store,Smartphones & Accessories,Chennai,Tambaram,Tamil Nadu,600045,12.9249,80.1278,4,18500.0,09:30-21:30,"POS,UPI,CARD",New device abuse / rapid checkout surge,0.035,87,12168.6,INR,PURCHASE,CARD,MOBILE_APP,1,0,Coimbatore,12.0,0,0,1,DEV-MOHANA-SAMSUNG-S23,mobile_android,0,BEN-CUST_MOHANA_002-TRUSTED,Trusted Household Vendor,6,0,3,22,0,0,0,None,Resolved Genuine,Standard Habitual Purchase,0
TXN-CUST_MOHANA_002-11113,2026-09-01 07:18:53,2026-09-01,07:18:53,7,1,0,0,CUST_MOHANA_002,180,Coimbatore,Tamil Nadu,Medium Risk / 12% Fraud Rate,M013,CartNest Online,E-commerce,Multi-category Marketplace,Chennai,Guindy,Tamil Nadu,600032,13.0067,80.2026,5,6200.0,24_HOURS,"ONLINE,UPI,CARD,NETBANKING",Account takeover + triangulation shipping fraud,0.045,112,8254.06,INR,PURCHASE,NETBANKING,MOBILE_APP,0,0,Coimbatore,12.0,0,0,1,DEV-MOHANA-SAMSUNG-S23,mobile_android,0,BEN-CUST_MOHANA_002-TRUSTED,Trusted Household Vendor,6,1,2,18,0,0,0,None,Resolved Genuine,Standard Habitual Purchase,0
TXN-CUST_MOHANA_002-11114,2026-09-01 08:47:18,2026-09-01,08:47:18,8,1,0,0,CUST_MOHANA_002,180,Coimbatore,Tamil Nadu,Medium Risk / 12% Fraud Rate,M020,GameGrid Arena,Gaming,"Esports, Consoles & Virtual Credits",Bengaluru,Koramangala,Karnataka,560095,12.9352,77.6245,4,3400.0,10:00-01:00,"ONLINE,UPI,CARD,WALLET",Virtual item laundering & bot-driven micro transactions,0.055,137,3931.61,INR,PURCHASE,CARD,MOBILE_APP,0,0,Coimbatore,15.0,0,0,1,DEV-MOHANA-SAMSUNG-S23,mobile_android,0,BEN-CUST_MOHANA_002-TRUSTED,Trusted Household Vendor,15,0,1,14,0,0,0,None,Resolved Genuine,Standard Habitual Purchase,0
TXN-CUST_MOHANA_002-11115,2026-09-01 10:16:13,2026-09-01,10:16:13,10,1,0,0,CUST_MOHANA_002,180,Coimbatore,Tamil Nadu,Medium Risk / 12% Fraud Rate,M017,AutoForge Parts,Spare Parts,OEM Industrial & Auto Components,Hosur,Mookandapalli,Tamil Nadu,635126,12.7409,77.8253,15,16500.0,09:00-19:30,"TRANSFER,POS,CARD",Business email compromise / fake beneficiary update,0.033,82,13535.21,INR,PURCHASE,CARD,MOBILE_APP,1,0,Coimbatore,10.0,0,0,1,DEV-MOHANA-SAMSUNG-S23,mobile_android,0,BEN-CUST_MOHANA_002-TRUSTED,Trusted Household Vendor,3,0,2,15,0,0,0,None,Resolved Genuine,Standard Habitual Purchase,0
TXN-CUST_MOHANA_002-11116,2026-09-01 11:44:18,2026-09-01,11:44:18,11,1,0,0,CUST_MOHANA_002,180,Coimbatore,Tamil Nadu,Medium Risk / 12% Fraud Rate,M025,ShieldSure Services,Insurance Services,General & Health Insurance Premium,Chennai,Egmore,Tamil Nadu,600008,13.0784,80.2607,13,14000.0,09:30-18:00,"ONLINE,NETBANKING,CARD",Premium diversion / fake policy payment slips,0.019,47,5800.23,INR,PURCHASE,CARD,MOBILE_APP,0,0,Coimbatore,1.0,0,0,1,DEV-MOHANA-SAMSUNG-S23,mobile_android,0,BEN-CUST_MOHANA_002-TRUSTED,Trusted Household Vendor,13,0,1,8,0,0,0,None,Resolved Genuine,Standard Habitual Purchase,0
TXN-CUST_MOHANA_002-11117,2026-09-01 13:10:32,2026-09-01,13:10:32,13,1,0,0,CUST_MOHANA_002,180,Coimbatore,Tamil Nadu,Medium Risk / 12% Fraud Rate,M019,ArenaSport World,Sports Retail,Fitness Equipment & Sports Wear,Chennai,Nungambakkam,Tamil Nadu,600034,13.0604,80.2405,6,5600.0,10:00-21:30,"POS,ONLINE,UPI,CARD",Stolen card chargeback on premium sports gear,0.026,65,7664.82,INR,PURCHASE,CARD,MOBILE_APP,1,0,Coimbatore,2.0,0,0,1,DEV-MOHANA-SAMSUNG-S23,mobile_android,0,BEN-CUST_MOHANA_002-TRUSTED,Trusted Household Vendor,12,0,3,20,0,0,0,None,Resolved Genuine,Standard Habitual Purchase,0
TXN-CUST_MOHANA_002-11118,2026-09-01 14:39:39,2026-09-01,14:39:39,14,1,0,0,CUST_MOHANA_002,180,Coimbatore,Tamil Nadu,Medium Risk / 12% Fraud Rate,M025,ShieldSure Services,Insurance Services,General & Health Insurance Premium,Chennai,Egmore,Tamil Nadu,600008,13.0784,80.2607,13,14000.0,09:30-18:00,"ONLINE,NETBANKING,CARD",Premium diversion / fake policy payment slips,0.019,47,3490.11,INR,PURCHASE,NETBANKING,MOBILE_APP,0,0,Coimbatore,4.0,0,0,1,DEV-MOHANA-SAMSUNG-S23,mobile_android,0,BEN-CUST_MOHANA_002-TRUSTED,Trusted Household Vendor,9,0,3,14,0,0,0,None,Resolved Genuine,Standard Habitual Purchase,0
TXN-CUST_MOHANA_002-11119,2026-09-01 16:07:28,2026-09-01,16:07:28,16,1,0,0,CUST_MOHANA_002,180,Coimbatore,Tamil Nadu,Medium Risk / 12% Fraud Rate,M017,AutoForge Parts,Spare Parts,OEM Industrial & Auto Components,Hosur,Mookandapalli,Tamil Nadu,635126,12.7409,77.8253,15,16500.0,09:00-19:30,"TRANSFER,POS,CARD",Business email compromise / fake beneficiary update,0.033,82,9472.86,INR,PURCHASE,POS,MOBILE_APP,1,0,Coimbatore,8.0,0,0,1,DEV-MOHANA-SAMSUNG-S23,mobile_android,0,BEN-CUST_MOHANA_002-TRUSTED,Trusted Household Vendor,8,0,3,16,0,0,0,None,Resolved Genuine,Standard Habitual Purchase,0
TXN-CUST_MOHANA_002-11120,2026-09-01 17:33:29,2026-09-01,17:33:29,17,1,0,0,CUST_MOHANA_002,180,Coimbatore,Tamil Nadu,Medium Risk / 12% Fraud Rate,M003,Pulse Mobile Hub,Mobile Store,Smartphones & Accessories,Chennai,Tambaram,Tamil Nadu,600045,12.9249,80.1278,4,18500.0,09:30-21:30,"POS,UPI,CARD",New device abuse / rapid checkout surge,0.035,87,9384.3,INR,PURCHASE,POS,MOBILE_APP,1,0,Coimbatore,14.0,0,0,1,DEV-MOHANA-SAMSUNG-S23,mobile_android,0,BEN-CUST_MOHANA_002-TRUSTED,Trusted Household Vendor,5,1,3,21,0,0,0,None,Resolved Genuine,Standard Habitual Purchase,0
TXN-CUST_MOHANA_002-11121,2026-09-01 18:58:09,2026-09-01,18:58:09,18,1,0,0,CUST_MOHANA_002,180,Coimbatore,Tamil Nadu,Medium Risk / 12% Fraud Rate,M013,CartNest Online,E-commerce,Multi-category Marketplace,Chennai,Guindy,Tamil Nadu,600032,13.0067,80.2026,5,6200.0,24_HOURS,"ONLINE,UPI,CARD,NETBANKING",Account takeover + triangulation shipping fraud,0.045,112,11045.71,INR,PURCHASE,ONLINE,MOBILE_APP,0,0,Coimbatore,3.0,0,0,1,DEV-MOHANA-SAMSUNG-S23,mobile_android,0,BEN-CUST_MOHANA_002-TRUSTED,Trusted Household Vendor,5,0,2,12,0,0,0,None,Resolved Genuine,Standard Habitual Purchase,0
TXN-CUST_MOHANA_002-11122,2026-09-01 20:22:36,2026-09-01,20:22:36,20,1,0,0,CUST_MOHANA_002,180,Coimbatore,Tamil Nadu,Medium Risk / 12% Fraud Rate,M021,GlowCraft Salon,Salon / Beauty,Spa & Grooming Studio,Chennai,Porur,Tamil Nadu,600116,13.0382,80.1565,5,2800.0,09:00-21:00,"POS,UPI,CARD",Unusual late-night transaction spikes,0.011,27,4901.7,INR,PURCHASE,UPI,MOBILE_APP,1,0,Coimbatore,2.0,0,0,1,DEV-MOHANA-SAMSUNG-S23,mobile_android,0,BEN-CUST_MOHANA_002-TRUSTED,Trusted Household Vendor,10,1,1,13,0,0,0,None,Resolved Genuine,Standard Habitual Purchase,0
TXN-CUST_MOHANA_002-11123,2026-09-01 21:48:33,2026-09-01,21:48:33,21,1,0,0,CUST_MOHANA_002,180,Coimbatore,Tamil Nadu,Medium Risk / 12% Fraud Rate,M004,Aurelia Gold House,Jewellery,Gold & Diamond Jewellery,Coimbatore,RS Puram,Tamil Nadu,641002,11.0089,76.9514,14,78000.0,10:00-20:30,"POS,CARD,TRANSFER",Account takeover / card-not-present luxury surge,0.065,162,13280.86,INR,PURCHASE,CARD,MOBILE_APP,1,0,Coimbatore,2.0,0,0,1,DEV-MOHANA-SAMSUNG-S23,mobile_android,0,BEN-CUST_MOHANA_002-TRUSTED,Trusted Household Vendor,15,0,1,8,0,0,0,None,Resolved Genuine,Standard Habitual Purchase,0
TXN-CUST_MOHANA_002-11124,2026-09-01 23:15:39,2026-09-01,23:15:39,23,1,0,1,CUST_MOHANA_002,180,Coimbatore,Tamil Nadu,Medium Risk / 12% Fraud Rate,M018,PageTurn Book House,Bookstore,"Academic, Fiction & Stationery",Trichy,Thillai Nagar,Tamil Nadu,620018,10.8282,78.6854,16,850.0,09:00-21:30,"POS,UPI,CARD,ONLINE",Low-value card testing bots,0.008,20,7193.88,INR,PURCHASE,UPI,MOBILE_APP,1,0,Coimbatore,5.0,0,0,1,DEV-MOHANA-SAMSUNG-S23,mobile_android,0,BEN-CUST_MOHANA_002-TRUSTED,Trusted Household Vendor,12,0,4,18,0,0,0,None,Resolved Genuine,Standard Habitual Purchase,0
TXN-CUST_MOHANA_002-11125,2026-09-02 00:41:18,2026-09-02,00:41:18,0,2,0,1,CUST_MOHANA_002,180,Coimbatore,Tamil Nadu,Medium Risk / 12% Fraud Rate,M004,Aurelia Gold House,Jewellery,Gold & Diamond Jewellery,Coimbatore,RS Puram,Tamil Nadu,641002,11.0089,76.9514,14,78000.0,10:00-20:30,"POS,CARD,TRANSFER",Account takeover / card-not-present luxury surge,0.065,162,11922.57,INR,PURCHASE,POS,MOBILE_APP,1,0,Coimbatore,10.0,0,0,1,DEV-MOHANA-SAMSUNG-S23,mobile_android,0,BEN-CUST_MOHANA_002-TRUSTED,Trusted Household Vendor,5,1,2,12,0,0,0,None,Resolved Genuine,Standard Habitual Purchase,0
TXN-CUST_MOHANA_002-11126,2026-09-02 02:09:11,2026-09-02,02:09:11,2,2,0,1,CUST_MOHANA_002,180,Coimbatore,Tamil Nadu,Medium Risk / 12% Fraud Rate,M019,ArenaSport World,Sports Retail,Fitness Equipment & Sports Wear,Chennai,Nungambakkam,Tamil Nadu,600034,13.0604,80.2405,6,5600.0,10:00-21:30,"POS,ONLINE,UPI,CARD",Stolen card chargeback on premium sports gear,0.026,65,11506.08,INR,PURCHASE,CARD,MOBILE_APP,1,0,Coimbatore,1.0,0,0,1,DEV-MOHANA-SAMSUNG-S23,mobile_android,0,BEN-CUST_MOHANA_002-TRUSTED,Trusted Household Vendor,5,1,3,18,0,0,0,None,Resolved Genuine,Standard Habitual Purchase,0
TXN-CUST_MOHANA_002-11127,2026-09-02 03:35:33,2026-09-02,03:35:33,3,2,0,1,CUST_MOHANA_002,180,Coimbatore,Tamil Nadu,Medium Risk / 12% Fraud Rate,M003,Pulse Mobile Hub,Mobile Store,Smartphones & Accessories,Chennai,Tambaram,Tamil Nadu,600045,12.9249,80.1278,4,18500.0,09:30-21:30,"POS,UPI,CARD",New device abuse / rapid checkout surge,0.035,87,4017.61,INR,PURCHASE,UPI,MOBILE_APP,1,0,Coimbatore,9.0,0,0,1,DEV-MOHANA-SAMSUNG-S23,mobile_android,0,BEN-CUST_MOHANA_002-TRUSTED,Trusted Household Vendor,10,1,1,6,0,0,0,None,Resolved Genuine,Standard Habitual Purchase,0
TXN-CUST_MOHANA_002-11128,2026-09-02 05:04:29,2026-09-02,05:04:29,5,2,0,1,CUST_MOHANA_002,180,Coimbatore,Tamil Nadu,Medium Risk / 12% Fraud Rate,M026,GreenLeaf Wellness,Health & Wellness,Organic Nutrition & Ayurveda,Trichy,Srirangam,Tamil Nadu,620006,10.8624,78.6947,6,2100.0,08:00-21:00,"POS,UPI,ONLINE,CARD",Subscription card stuffing,0.013,32,13577.48,INR,PURCHASE,POS,MOBILE_APP,1,0,Coimbatore,7.0,0,0,1,DEV-MOHANA-SAMSUNG-S23,mobile_android,0,BEN-CUST_MOHANA_002-TRUSTED,Trusted Household Vendor,15,0,4,23,0,0,0,None,Resolved Genuine,Standard Habitual Purchase,0
TXN-CUST_MOHANA_002-11129,2026-09-02 06:32:00,2026-09-02,06:32:00,6,2,0,0,CUST_MOHANA_002,180,Coimbatore,Tamil Nadu,Medium Risk / 12% Fraud Rate,M002,CircuitBay Electronics,Consumer Electronics,Laptops & Gadgets,Chennai,Velachery,Tamil Nadu,600042,12.9759,80.2212,6,32000.0,10:00-21:30,"POS,ONLINE,EMI,UPI",Stolen payment details / high-ticket electronics delivery,0.048,120,6370.29,INR,PURCHASE,ONLINE,MOBILE_APP,1,0,Coimbatore,4.0,0,0,1,DEV-MOHANA-SAMSUNG-S23,mobile_android,0,BEN-CUST_MOHANA_002-TRUSTED,Trusted Household Vendor,10,0,4,22,0,0,0,None,Resolved Genuine,Standard Habitual Purchase,0
TXN-CUST_MOHANA_002-11130,2026-09-02 08:00:54,2026-09-02,08:00:54,8,2,0,0,CUST_MOHANA_002,180,Coimbatore,Tamil Nadu,Medium Risk / 12% Fraud Rate,M013,CartNest Online,E-commerce,Multi-category Marketplace,Chennai,Guindy,Tamil Nadu,600032,13.0067,80.2026,5,6200.0,24_HOURS,"ONLINE,UPI,CARD,NETBANKING",Account takeover + triangulation shipping fraud,0.045,112,9291.24,INR,PURCHASE,CARD,MOBILE_APP,0,0,Coimbatore,14.0,0,0,1,DEV-MOHANA-SAMSUNG-S23,mobile_android,0,BEN-CUST_MOHANA_002-TRUSTED,Trusted Household Vendor,5,1,4,25,0,0,0,None,Resolved Genuine,Standard Habitual Purchase,0
TXN-CUST_MOHANA_002-11131,2026-09-02 09:26:54,2026-09-02,09:26:54,9,2,0,0,CUST_MOHANA_002,180,Coimbatore,Tamil Nadu,Medium Risk / 12% Fraud Rate,M008,BeanCircuit Cafe,Cafe,Specialty Coffee & Bakery,Bengaluru,Indiranagar,Karnataka,560038,12.9784,77.6408,3,650.0,07:30-23:00,"UPI,POS,CARD",QR code spoofing / fast velocity dining,0.009,22,2003.45,INR,PURCHASE,POS,WEB_PORTAL,0,0,Hyderabad,333.0,1,1,0,DEV-LAPTOP-CHROME-327,web_browser,0,BEN-CUST_MOHANA_002-01,Self Family Transfer,3,4,7,34,1,0,0,Geographic Anomaly / High Ticket Spike,Review Required,Sudden location velocity jump with new merchant,1
TXN-CUST_MOHANA_002-11132,2026-09-02 10:50:40,2026-09-02,10:50:40,10,2,0,0,CUST_MOHANA_002,180,Coimbatore,Tamil Nadu,Medium Risk / 12% Fraud Rate,M029,CloudDesk Digital,Software / Digital Services,Cloud Infrastructure & SaaS Tools,Bengaluru,Whitefield,Karnataka,560066,12.9698,77.7499,7,19800.0,24_HOURS,"ONLINE,CARD,TRANSFER",Cryptomining VM rental with stolen credit cards,0.058,145,6967.9,INR,PURCHASE,TRANSFER,MOBILE_APP,0,0,Coimbatore,12.0,0,0,1,DEV-MOHANA-SAMSUNG-S23,mobile_android,0,BEN-CUST_MOHANA_002-TRUSTED,Trusted Household Vendor,4,0,3,17,0,0,0,None,Resolved Genuine,Standard Habitual Purchase,0
TXN-CUST_MOHANA_002-11133,2026-09-02 12:18:30,2026-09-02,12:18:30,12,2,0,0,CUST_MOHANA_002,180,Coimbatore,Tamil Nadu,Medium Risk / 12% Fraud Rate,M008,BeanCircuit Cafe,Cafe,Specialty Coffee & Bakery,Bengaluru,Indiranagar,Karnataka,560038,12.9784,77.6408,3,650.0,07:30-23:00,"UPI,POS,CARD",QR code spoofing / fast velocity dining,0.009,22,4697.65,INR,PURCHASE,CARD,MOBILE_APP,1,0,Coimbatore,12.0,0,0,1,DEV-MOHANA-SAMSUNG-S23,mobile_android,0,BEN-CUST_MOHANA_002-TRUSTED,Trusted Household Vendor,5,1,4,19,0,0,0,None,Resolved Genuine,Standard Habitual Purchase,0
TXN-CUST_MOHANA_002-11134,2026-09-02 13:42:51,2026-09-02,13:42:51,13,2,0,0,CUST_MOHANA_002,180,Coimbatore,Tamil Nadu,Medium Risk / 12% Fraud Rate,M019,ArenaSport World,Sports Retail,Fitness Equipment & Sports Wear,Chennai,Nungambakkam,Tamil Nadu,600034,13.0604,80.2405,6,5600.0,10:00-21:30,"POS,ONLINE,UPI,CARD",Stolen card chargeback on premium sports gear,0.026,65,11004.12,INR,P2P_TRANSFER,POS,WEB_PORTAL,0,0,Hyderabad,348.0,1,1,0,DEV-LAPTOP-CHROME-456,web_browser,1,BEN-NEW-539,Global Flight Booking,0,3,10,44,1,0,0,Geographic Anomaly / High Ticket Spike,Review Required,Sudden location velocity jump with new merchant,1
TXN-CUST_MOHANA_002-11135,2026-09-02 15:11:14,2026-09-02,15:11:14,15,2,0,0,CUST_MOHANA_002,180,Coimbatore,Tamil Nadu,Medium Risk / 12% Fraud Rate,M023,SwiftBox Logistics,Courier / Logistics,Express Parcel & Freight Delivery,Tiruppur,Avinashi Road,Tamil Nadu,641603,11.1085,77.3411,9,4200.0,08:00-21:00,"POS,UPI,CARD,ONLINE",Interception fraud / address redirection,0.02,50,7681.77,INR,PURCHASE,UPI,MOBILE_APP,1,0,Coimbatore,7.0,0,0,1,DEV-MOHANA-SAMSUNG-S23,mobile_android,0,BEN-CUST_MOHANA_002-TRUSTED,Trusted Household Vendor,10,0,2,18,0,0,0,None,Resolved Genuine,Standard Habitual Purchase,0
TXN-CUST_MOHANA_002-11136,2026-09-02 16:38:30,2026-09-02,16:38:30,16,2,0,0,CUST_MOHANA_002,180,Coimbatore,Tamil Nadu,Medium Risk / 12% Fraud Rate,M012,DashDine Delivery,Food Delivery,Quick Commerce & Meal Delivery,Chennai,Sholinganallur,Tamil Nadu,600119,12.901,80.2279,4,520.0,06:00-02:00,"UPI,CARD,ONLINE,WALLET",Promo code abuse / stolen wallet balances,0.014,35,13367.75,INR,PURCHASE,WALLET,MOBILE_APP,0,0,Coimbatore,10.0,0,0,1,DEV-MOHANA-SAMSUNG-S23,mobile_android,0,BEN-CUST_MOHANA_002-TRUSTED,Trusted Household Vendor,3,0,3,14,0,0,0,None,Resolved Genuine,Standard Habitual Purchase,0
TXN-CUST_MOHANA_002-11137,2026-09-02 18:04:56,2026-09-02,18:04:56,18,2,0,0,CUST_MOHANA_002,180,Coimbatore,Tamil Nadu,Medium Risk / 12% Fraud Rate,M018,PageTurn Book House,Bookstore,"Academic, Fiction & Stationery",Trichy,Thillai Nagar,Tamil Nadu,620018,10.8282,78.6854,16,850.0,09:00-21:30,"POS,UPI,CARD,ONLINE",Low-value card testing bots,0.008,20,7835.46,INR,PURCHASE,ONLINE,MOBILE_APP,1,0,Coimbatore,14.0,0,0,1,DEV-MOHANA-SAMSUNG-S23,mobile_android,0,BEN-CUST_MOHANA_002-TRUSTED,Trusted Household Vendor,8,1,4,18,0,0,0,None,Resolved Genuine,Standard Habitual Purchase,0
TXN-CUST_MOHANA_002-11138,2026-09-02 19:29:21,2026-09-02,19:29:21,19,2,0,0,CUST_MOHANA_002,180,Coimbatore,Tamil Nadu,Medium Risk / 12% Fraud Rate,M018,PageTurn Book House,Bookstore,"Academic, Fiction & Stationery",Trichy,Thillai Nagar,Tamil Nadu,620018,10.8282,78.6854,16,850.0,09:00-21:30,"POS,UPI,CARD,ONLINE",Low-value card testing bots,0.008,20,3504.34,INR,PURCHASE,POS,MOBILE_APP,1,0,Coimbatore,12.0,0,0,1,DEV-MOHANA-SAMSUNG-S23,mobile_android,0,BEN-CUST_MOHANA_002-TRUSTED,Trusted Household Vendor,12,0,2,12,0,0,0,None,Resolved Genuine,Standard Habitual Purchase,0
TXN-CUST_MOHANA_002-11139,2026-09-02 20:53:52,2026-09-02,20:53:52,20,2,0,0,CUST_MOHANA_002,180,Coimbatore,Tamil Nadu,Medium Risk / 12% Fraud Rate,M003,Pulse Mobile Hub,Mobile Store,Smartphones & Accessories,Chennai,Tambaram,Tamil Nadu,600045,12.9249,80.1278,4,18500.0,09:30-21:30,"POS,UPI,CARD",New device abuse / rapid checkout surge,0.035,87,12622.01,INR,PURCHASE,CARD,MOBILE_APP,1,0,Coimbatore,13.0,0,0,1,DEV-MOHANA-SAMSUNG-S23,mobile_android,0,BEN-CUST_MOHANA_002-TRUSTED,Trusted Household Vendor,6,0,3,14,0,0,0,None,Resolved Genuine,Standard Habitual Purchase,0
TXN-CUST_MOHANA_002-11140,2026-09-02 22:18:57,2026-09-02,22:18:57,22,2,0,0,CUST_MOHANA_002,180,Coimbatore,Tamil Nadu,Medium Risk / 12% Fraud Rate,M018,PageTurn Book House,Bookstore,"Academic, Fiction & Stationery",Trichy,Thillai Nagar,Tamil Nadu,620018,10.8282,78.6854,16,850.0,09:00-21:30,"POS,UPI,CARD,ONLINE",Low-value card testing bots,0.008,20,9238.71,INR,PURCHASE,CARD,MOBILE_APP,1,0,Coimbatore,1.0,0,0,1,DEV-MOHANA-SAMSUNG-S23,mobile_android,0,BEN-CUST_MOHANA_002-TRUSTED,Trusted Household Vendor,5,0,2,13,0,0,0,None,Resolved Genuine,Standard Habitual Purchase,0
TXN-CUST_MOHANA_002-11141,2026-09-02 23:43:50,2026-09-02,23:43:50,23,2,0,1,CUST_MOHANA_002,180,Coimbatore,Tamil Nadu,Medium Risk / 12% Fraud Rate,M006,MedicoCare Pharmacy,Pharmacy,Medicines & Surgical Supplies,Madurai,KK Nagar,Tamil Nadu,625020,9.9252,78.1498,10,1450.0,24_HOURS,"POS,UPI,CARD,ONLINE",Nighttime micro card testing,0.015,37,3466.92,INR,PURCHASE,UPI,MOBILE_APP,1,0,Coimbatore,3.0,0,0,1,DEV-MOHANA-SAMSUNG-S23,mobile_android,0,BEN-CUST_MOHANA_002-TRUSTED,Trusted Household Vendor,3,0,1,11,0,0,0,None,Resolved Genuine,Standard Habitual Purchase,0
TXN-CUST_MOHANA_002-11142,2026-09-03 01:12:40,2026-09-03,01:12:40,1,3,0,1,CUST_MOHANA_002,180,Coimbatore,Tamil Nadu,Medium Risk / 12% Fraud Rate,M026,GreenLeaf Wellness,Health & Wellness,Organic Nutrition & Ayurveda,Trichy,Srirangam,Tamil Nadu,620006,10.8624,78.6947,6,2100.0,08:00-21:00,"POS,UPI,ONLINE,CARD",Subscription card stuffing,0.013,32,6780.12,INR,PURCHASE,UPI,MOBILE_APP,1,0,Coimbatore,14.0,0,0,1,DEV-MOHANA-SAMSUNG-S23,mobile_android,0,BEN-CUST_MOHANA_002-TRUSTED,Trusted Household Vendor,12,0,1,11,0,0,0,None,Resolved Genuine,Standard Habitual Purchase,0
TXN-CUST_MOHANA_002-11143,2026-09-03 02:37:46,2026-09-03,02:37:46,2,3,0,1,CUST_MOHANA_002,180,Coimbatore,Tamil Nadu,Medium Risk / 12% Fraud Rate,M026,GreenLeaf Wellness,Health & Wellness,Organic Nutrition & Ayurveda,Trichy,Srirangam,Tamil Nadu,620006,10.8624,78.6947,6,2100.0,08:00-21:00,"POS,UPI,ONLINE,CARD",Subscription card stuffing,0.013,32,10722.72,INR,PURCHASE,ONLINE,MOBILE_APP,1,0,Coimbatore,15.0,0,0,1,DEV-MOHANA-SAMSUNG-S23,mobile_android,0,BEN-CUST_MOHANA_002-TRUSTED,Trusted Household Vendor,12,1,4,21,0,0,0,None,Resolved Genuine,Standard Habitual Purchase,0
TXN-CUST_MOHANA_002-11144,2026-09-03 04:04:55,2026-09-03,04:04:55,4,3,0,1,CUST_MOHANA_002,180,Coimbatore,Tamil Nadu,Medium Risk / 12% Fraud Rate,M025,ShieldSure Services,Insurance Services,General & Health Insurance Premium,Chennai,Egmore,Tamil Nadu,600008,13.0784,80.2607,13,14000.0,09:30-18:00,"ONLINE,NETBANKING,CARD",Premium diversion / fake policy payment slips,0.019,47,11312.8,INR,PURCHASE,NETBANKING,MOBILE_APP,0,0,Coimbatore,4.0,0,0,1,DEV-MOHANA-SAMSUNG-S23,mobile_android,0,BEN-CUST_MOHANA_002-TRUSTED,Trusted Household Vendor,6,0,3,16,0,0,0,None,Resolved Genuine,Standard Habitual Purchase,0
TXN-CUST_MOHANA_002-11145,2026-09-03 05:31:52,2026-09-03,05:31:52,5,3,0,1,CUST_MOHANA_002,180,Coimbatore,Tamil Nadu,Medium Risk / 12% Fraud Rate,M005,UrbanThread Studio,Fashion / Apparel,Designer & Ready-to-wear,Chennai,Anna Nagar,Tamil Nadu,600040,13.085,80.2101,5,4800.0,10:30-22:00,"POS,ONLINE,UPI,CARD",Refund abuse / credential stuffing,0.022,55,3473.87,INR,PURCHASE,ONLINE,MOBILE_APP,1,0,Coimbatore,9.0,0,0,1,DEV-MOHANA-SAMSUNG-S23,mobile_android,0,BEN-CUST_MOHANA_002-TRUSTED,Trusted Household Vendor,4,1,2,14,0,0,0,None,Resolved Genuine,Standard Habitual Purchase,0
TXN-CUST_MOHANA_002-11146,2026-09-03 06:59:47,2026-09-03,06:59:47,6,3,0,0,CUST_MOHANA_002,180,Coimbatore,Tamil Nadu,Medium Risk / 12% Fraud Rate,M003,Pulse Mobile Hub,Mobile Store,Smartphones & Accessories,Chennai,Tambaram,Tamil Nadu,600045,12.9249,80.1278,4,18500.0,09:30-21:30,"POS,UPI,CARD",New device abuse / rapid checkout surge,0.035,87,5049.26,INR,PURCHASE,CARD,MOBILE_APP,1,0,Coimbatore,10.0,0,0,1,DEV-MOHANA-SAMSUNG-S23,mobile_android,0,BEN-CUST_MOHANA_002-TRUSTED,Trusted Household Vendor,15,1,3,20,0,0,0,None,Resolved Genuine,Standard Habitual Purchase,0
TXN-CUST_MOHANA_002-11147,2026-09-03 08:25:04,2026-09-03,08:25:04,8,3,0,0,CUST_MOHANA_002,180,Coimbatore,Tamil Nadu,Medium Risk / 12% Fraud Rate,M028,CraftCove Home Decor,Home Decor,Handicrafts & Art Pieces,Thanjavur,Medical College Road,Tamil Nadu,613004,10.7684,79.1245,8,7400.0,09:30-20:30,"POS,UPI,CARD,ONLINE",Cross-border tourist chargebacks,0.023,57,9639.63,INR,PURCHASE,UPI,MOBILE_APP,1,0,Coimbatore,10.0,0,0,1,DEV-MOHANA-SAMSUNG-S23,mobile_android,0,BEN-CUST_MOHANA_002-TRUSTED,Trusted Household Vendor,4,1,1,9,0,0,0,None,Resolved Genuine,Standard Habitual Purchase,0
TXN-CUST_MOHANA_002-11148,2026-09-03 09:54:16,2026-09-03,09:54:16,9,3,0,0,CUST_MOHANA_002,180,Coimbatore,Tamil Nadu,Medium Risk / 12% Fraud Rate,M013,CartNest Online,E-commerce,Multi-category Marketplace,Chennai,Guindy,Tamil Nadu,600032,13.0067,80.2026,5,6200.0,24_HOURS,"ONLINE,UPI,CARD,NETBANKING",Account takeover + triangulation shipping fraud,0.045,112,5420.5,INR,PURCHASE,UPI,MOBILE_APP,0,0,Coimbatore,8.0,0,0,1,DEV-MOHANA-SAMSUNG-S23,mobile_android,0,BEN-CUST_MOHANA_002-TRUSTED,Trusted Household Vendor,7,0,3,15,0,0,0,None,Resolved Genuine,Standard Habitual Purchase,0
TXN-CUST_MOHANA_002-11149,2026-09-03 11:23:06,2026-09-03,11:23:06,11,3,0,0,CUST_MOHANA_002,180,Coimbatore,Tamil Nadu,Medium Risk / 12% Fraud Rate,M013,CartNest Online,E-commerce,Multi-category Marketplace,Chennai,Guindy,Tamil Nadu,600032,13.0067,80.2026,5,6200.0,24_HOURS,"ONLINE,UPI,CARD,NETBANKING",Account takeover + triangulation shipping fraud,0.045,112,5258.97,INR,PURCHASE,UPI,MOBILE_APP,0,0,Coimbatore,13.0,0,0,1,DEV-MOHANA-SAMSUNG-S23,mobile_android,0,BEN-CUST_MOHANA_002-TRUSTED,Trusted Household Vendor,12,0,1,13,0,0,0,None,Resolved Genuine,Standard Habitual Purchase,0
TXN-CUST_MOHANA_002-11150,2026-09-03 12:48:33,2026-09-03,12:48:33,12,3,0,0,CUST_MOHANA_002,180,Coimbatore,Tamil Nadu,Medium Risk / 12% Fraud Rate,M026,GreenLeaf Wellness,Health & Wellness,Organic Nutrition & Ayurveda,Trichy,Srirangam,Tamil Nadu,620006,10.8624,78.6947,6,2100.0,08:00-21:00,"POS,UPI,ONLINE,CARD",Subscription card stuffing,0.013,32,4067.5,INR,P2P_TRANSFER,UPI,WEB_PORTAL,0,0,Delhi,377.0,1,1,0,DEV-LAPTOP-CHROME-505,web_browser,1,BEN-NEW-481,Global Flight Booking,0,4,5,28,1,0,0,Geographic Anomaly / High Ticket Spike,Review Required,Sudden location velocity jump with new merchant,1
TXN-CUST_MOHANA_002-11151,2026-09-03 14:12:43,2026-09-03,14:12:43,14,3,0,0,CUST_MOHANA_002,180,Coimbatore,Tamil Nadu,Medium Risk / 12% Fraud Rate,M014,OakLine Furnishings,Furniture,Teak Wood & Modern Home Decor,Madurai,Bypass Road,Tamil Nadu,625016,9.932,78.109,12,38000.0,10:00-21:00,"POS,CARD,TRANSFER,EMI",Invoice redirection fraud / fake payment slips,0.029,72,12120.7,INR,PURCHASE,EMI,MOBILE_APP,1,0,Coimbatore,5.0,0,0,1,DEV-MOHANA-SAMSUNG-S23,mobile_android,0,BEN-CUST_MOHANA_002-TRUSTED,Trusted Household Vendor,13,0,2,14,0,0,0,None,Resolved Genuine,Standard Habitual Purchase,0
TXN-CUST_MOHANA_002-11152,2026-09-03 15:38:25,2026-09-03,15:38:25,15,3,0,0,CUST_MOHANA_002,180,Coimbatore,Tamil Nadu,Medium Risk / 12% Fraud Rate,M029,CloudDesk Digital,Software / Digital Services,Cloud Infrastructure & SaaS Tools,Bengaluru,Whitefield,Karnataka,560066,12.9698,77.7499,7,19800.0,24_HOURS,"ONLINE,CARD,TRANSFER",Cryptomining VM rental with stolen credit cards,0.058,145,12638.2,INR,PURCHASE,CARD,MOBILE_APP,0,0,Coimbatore,12.0,0,0,1,DEV-MOHANA-SAMSUNG-S23,mobile_android,0,BEN-CUST_MOHANA_002-TRUSTED,Trusted Household Vendor,4,1,4,21,0,0,0,None,Resolved Genuine,Standard Habitual Purchase,0
TXN-CUST_MOHANA_002-11153,2026-09-03 17:01:59,2026-09-03,17:01:59,17,3,0,0,CUST_MOHANA_002,180,Coimbatore,Tamil Nadu,Medium Risk / 12% Fraud Rate,M019,ArenaSport World,Sports Retail,Fitness Equipment & Sports Wear,Chennai,Nungambakkam,Tamil Nadu,600034,13.0604,80.2405,6,5600.0,10:00-21:30,"POS,ONLINE,UPI,CARD",Stolen card chargeback on premium sports gear,0.026,65,9449.53,INR,PURCHASE,ONLINE,MOBILE_APP,1,0,Coimbatore,11.0,0,0,1,DEV-MOHANA-SAMSUNG-S23,mobile_android,0,BEN-CUST_MOHANA_002-TRUSTED,Trusted Household Vendor,8,0,3,18,0,0,0,None,Resolved Genuine,Standard Habitual Purchase,0
TXN-CUST_MOHANA_002-11154,2026-09-03 18:25:45,2026-09-03,18:25:45,18,3,0,0,CUST_MOHANA_002,180,Coimbatore,Tamil Nadu,Medium Risk / 12% Fraud Rate,M006,MedicoCare Pharmacy,Pharmacy,Medicines & Surgical Supplies,Madurai,KK Nagar,Tamil Nadu,625020,9.9252,78.1498,10,1450.0,24_HOURS,"POS,UPI,CARD,ONLINE",Nighttime micro card testing,0.015,37,10592.54,INR,PURCHASE,CARD,MOBILE_APP,1,0,Coimbatore,2.0,0,0,1,DEV-MOHANA-SAMSUNG-S23,mobile_android,0,BEN-CUST_MOHANA_002-TRUSTED,Trusted Household Vendor,8,0,2,10,0,0,0,None,Resolved Genuine,Standard Habitual Purchase,0
TXN-CUST_MOHANA_002-11155,2026-09-03 19:51:03,2026-09-03,19:51:03,19,3,0,0,CUST_MOHANA_002,180,Coimbatore,Tamil Nadu,Medium Risk / 12% Fraud Rate,M009,RapidFuel Station,Fuel Station,"Petrol, Diesel & EV Fast Charge",Salem,Fairlands,Tamil Nadu,636016,11.6643,78.146,9,3100.0,24_HOURS,"POS,FLEET_CARD,UPI",Automated fleet card skimming,0.024,60,5540.81,INR,PURCHASE,POS,MOBILE_APP,1,0,Coimbatore,13.0,0,0,1,DEV-MOHANA-SAMSUNG-S23,mobile_android,0,BEN-CUST_MOHANA_002-TRUSTED,Trusted Household Vendor,7,1,1,6,0,0,0,None,Resolved Genuine,Standard Habitual Purchase,0
TXN-CUST_MOHANA_002-11156,2026-09-03 21:17:33,2026-09-03,21:17:33,21,3,0,0,CUST_MOHANA_002,180,Coimbatore,Tamil Nadu,Medium Risk / 12% Fraud Rate,M015,HomeSphere Appliances,Home Appliances,"Refrigerators, ACs & Kitchen Tech",Coimbatore,Saibaba Colony,Tamil Nadu,641011,11.0315,76.945,9,27500.0,09:30-21:00,"POS,EMI,CARD,UPI",Carding attacks with immediate in-store pickup,0.038,95,8348.17,INR,PURCHASE,UPI,MOBILE_APP,1,0,Coimbatore,10.0,0,0,1,DEV-MOHANA-SAMSUNG-S23,mobile_android,0,BEN-CUST_MOHANA_002-TRUSTED,Trusted Household Vendor,7,0,2,12,0,0,0,None,Resolved Genuine,Standard Habitual Purchase,0
TXN-CUST_MOHANA_002-11157,2026-09-03 22:43:12,2026-09-03,22:43:12,22,3,0,0,CUST_MOHANA_002,180,Coimbatore,Tamil Nadu,Medium Risk / 12% Fraud Rate,M024,LinkWave Telecom,Telecom Retail,Fiber Broadband & Postpaid Plans,Erode,Perundurai Road,Tamil Nadu,638011,11.341,77.7172,10,1950.0,09:30-20:30,"UPI,CARD,ONLINE,POS",SIM swap bill recharge surges,0.017,42,5963.51,INR,PURCHASE,CARD,MOBILE_APP,1,0,Coimbatore,3.0,0,0,1,DEV-MOHANA-SAMSUNG-S23,mobile_android,0,BEN-CUST_MOHANA_002-TRUSTED,Trusted Household Vendor,11,1,1,10,0,0,0,None,Resolved Genuine,Standard Habitual Purchase,0
TXN-CUST_MOHANA_002-11158,2026-09-04 00:10:22,2026-09-04,00:10:22,0,4,0,1,CUST_MOHANA_002,180,Coimbatore,Tamil Nadu,Medium Risk / 12% Fraud Rate,M022,SkillSpring Academy,Education / Training,Professional Certifications & Tech Bootcamps,Chennai,Mylapore,Tamil Nadu,600004,13.0368,80.2676,8,22000.0,08:30-19:30,"ONLINE,NETBANKING,CARD,UPI",Stolen corporate card enrollments,0.028,70,6677.63,INR,PURCHASE,NETBANKING,MOBILE_APP,0,0,Coimbatore,15.0,0,0,1,DEV-MOHANA-SAMSUNG-S23,mobile_android,0,BEN-CUST_MOHANA_002-TRUSTED,Trusted Household Vendor,12,0,1,6,0,0,0,None,Resolved Genuine,Standard Habitual Purchase,0
TXN-CUST_MOHANA_002-11159,2026-09-04 01:35:35,2026-09-04,01:35:35,1,4,0,1,CUST_MOHANA_002,180,Coimbatore,Tamil Nadu,Medium Risk / 12% Fraud Rate,M018,PageTurn Book House,Bookstore,"Academic, Fiction & Stationery",Trichy,Thillai Nagar,Tamil Nadu,620018,10.8282,78.6854,16,850.0,09:00-21:30,"POS,UPI,CARD,ONLINE",Low-value card testing bots,0.008,20,8327.65,INR,PURCHASE,UPI,MOBILE_APP,1,0,Coimbatore,1.0,0,0,1,DEV-MOHANA-SAMSUNG-S23,mobile_android,0,BEN-CUST_MOHANA_002-TRUSTED,Trusted Household Vendor,12,0,4,21,0,0,0,None,Resolved Genuine,Standard Habitual Purchase,0
TXN-CUST_MOHANA_002-11160,2026-09-04 03:04:16,2026-09-04,03:04:16,3,4,0,1,CUST_MOHANA_002,180,Coimbatore,Tamil Nadu,Medium Risk / 12% Fraud Rate,M025,ShieldSure Services,Insurance Services,General & Health Insurance Premium,Chennai,Egmore,Tamil Nadu,600008,13.0784,80.2607,13,14000.0,09:30-18:00,"ONLINE,NETBANKING,CARD",Premium diversion / fake policy payment slips,0.019,47,5135.59,INR,PURCHASE,ONLINE,MOBILE_APP,0,0,Coimbatore,10.0,0,0,1,DEV-MOHANA-SAMSUNG-S23,mobile_android,0,BEN-CUST_MOHANA_002-TRUSTED,Trusted Household Vendor,8,0,4,23,0,0,0,None,Resolved Genuine,Standard Habitual Purchase,0
TXN-CUST_MOHANA_002-11161,2026-09-04 04:32:54,2026-09-04,04:32:54,4,4,0,1,CUST_MOHANA_002,180,Coimbatore,Tamil Nadu,Medium Risk / 12% Fraud Rate,M002,CircuitBay Electronics,Consumer Electronics,Laptops & Gadgets,Chennai,Velachery,Tamil Nadu,600042,12.9759,80.2212,6,32000.0,10:00-21:30,"POS,ONLINE,EMI,UPI",Stolen payment details / high-ticket electronics delivery,0.048,120,65033.63,INR,P2P_TRANSFER,EMI,WEB_PORTAL,0,0,Hyderabad,596.0,1,1,0,DEV-LAPTOP-CHROME-655,web_browser,1,BEN-NEW-632,Global Flight Booking,0,3,6,34,1,0,0,Geographic Anomaly / High Ticket Spike,Review Required,Sudden location velocity jump with new merchant,1
TXN-CUST_MOHANA_002-11162,2026-09-04 06:01:01,2026-09-04,06:01:01,6,4,0,0,CUST_MOHANA_002,180,Coimbatore,Tamil Nadu,Medium Risk / 12% Fraud Rate,M012,DashDine Delivery,Food Delivery,Quick Commerce & Meal Delivery,Chennai,Sholinganallur,Tamil Nadu,600119,12.901,80.2279,4,520.0,06:00-02:00,"UPI,CARD,ONLINE,WALLET",Promo code abuse / stolen wallet balances,0.014,35,10899.46,INR,PURCHASE,ONLINE,MOBILE_APP,0,0,Coimbatore,9.0,0,0,1,DEV-MOHANA-SAMSUNG-S23,mobile_android,0,BEN-CUST_MOHANA_002-TRUSTED,Trusted Household Vendor,15,1,2,16,0,0,0,None,Resolved Genuine,Standard Habitual Purchase,0
TXN-CUST_MOHANA_002-11163,2026-09-04 07:28:41,2026-09-04,07:28:41,7,4,0,0,CUST_MOHANA_002,180,Coimbatore,Tamil Nadu,Medium Risk / 12% Fraud Rate,M016,MotoCare Garage,Auto Service,Car Service & Detailing Hub,Chennai,Pallikaranai,Tamil Nadu,600100,12.9372,80.2014,7,8900.0,08:30-20:30,"POS,UPI,CARD",Over-invoicing / synthetic card payments,0.021,52,17701.8,INR,P2P_TRANSFER,CARD,MOBILE_APP,0,0,Mumbai,1057.0,1,0,1,DEV-MOHANA-SAMSUNG-S23,mobile_android,1,BEN-NEW-228,Global Flight Booking,0,4,6,28,1,0,0,Geographic Anomaly / High Ticket Spike,Review Required,Sudden location velocity jump with new merchant,1
TXN-CUST_MOHANA_002-11164,2026-09-04 08:54:15,2026-09-04,08:54:15,8,4,0,0,CUST_MOHANA_002,180,Coimbatore,Tamil Nadu,Medium Risk / 12% Fraud Rate,M007,SpiceRoute Kitchen,Restaurant,Fine Dining & Chettinad,Chennai,Adyar,Tamil Nadu,600020,13.0012,80.2565,7,2200.0,11:30-23:30,"POS,UPI,CARD",Cloned card POS terminal replay,0.018,45,12195.09,INR,PURCHASE,CARD,MOBILE_APP,1,0,Coimbatore,11.0,0,0,1,DEV-MOHANA-SAMSUNG-S23,mobile_android,0,BEN-CUST_MOHANA_002-TRUSTED,Trusted Household Vendor,4,0,3,20,0,0,0,None,Resolved Genuine,Standard Habitual Purchase,0
TXN-CUST_MOHANA_002-11165,2026-09-04 10:18:40,2026-09-04,10:18:40,10,4,0,0,CUST_MOHANA_002,180,Coimbatore,Tamil Nadu,Medium Risk / 12% Fraud Rate,M006,MedicoCare Pharmacy,Pharmacy,Medicines & Surgical Supplies,Madurai,KK Nagar,Tamil Nadu,625020,9.9252,78.1498,10,1450.0,24_HOURS,"POS,UPI,CARD,ONLINE",Nighttime micro card testing,0.015,37,5160.66,INR,PURCHASE,UPI,MOBILE_APP,1,0,Coimbatore,14.0,0,0,1,DEV-MOHANA-SAMSUNG-S23,mobile_android,0,BEN-CUST_MOHANA_002-TRUSTED,Trusted Household Vendor,11,0,1,11,0,0,0,None,Resolved Genuine,Standard Habitual Purchase,0
TXN-CUST_MOHANA_002-11166,2026-09-04 11:46:27,2026-09-04,11:46:27,11,4,0,0,CUST_MOHANA_002,180,Coimbatore,Tamil Nadu,Medium Risk / 12% Fraud Rate,M022,SkillSpring Academy,Education / Training,Professional Certifications & Tech Bootcamps,Chennai,Mylapore,Tamil Nadu,600004,13.0368,80.2676,8,22000.0,08:30-19:30,"ONLINE,NETBANKING,CARD,UPI",Stolen corporate card enrollments,0.028,70,68361.85,INR,P2P_TRANSFER,CARD,WEB_PORTAL,0,0,Delhi,757.0,1,1,0,DEV-LAPTOP-CHROME-875,web_browser,1,BEN-NEW-703,Global Flight Booking,0,2,8,36,1,0,0,Geographic Anomaly / High Ticket Spike,Review Required,Sudden location velocity jump with new merchant,1
TXN-CUST_MOHANA_002-11167,2026-09-04 13:13:43,2026-09-04,13:13:43,13,4,0,0,CUST_MOHANA_002,180,Coimbatore,Tamil Nadu,Medium Risk / 12% Fraud Rate,M003,Pulse Mobile Hub,Mobile Store,Smartphones & Accessories,Chennai,Tambaram,Tamil Nadu,600045,12.9249,80.1278,4,18500.0,09:30-21:30,"POS,UPI,CARD",New device abuse / rapid checkout surge,0.035,87,55343.01,INR,P2P_TRANSFER,CARD,WEB_PORTAL,0,0,Mumbai,580.0,1,1,0,DEV-LAPTOP-CHROME-266,web_browser,1,BEN-NEW-279,Global Flight Booking,0,2,6,26,1,0,0,Geographic Anomaly / High Ticket Spike,Review Required,Sudden location velocity jump with new merchant,1
TXN-CUST_MOHANA_002-11168,2026-09-04 14:41:51,2026-09-04,14:41:51,14,4,0,0,CUST_MOHANA_002,180,Coimbatore,Tamil Nadu,Medium Risk / 12% Fraud Rate,M020,GameGrid Arena,Gaming,"Esports, Consoles & Virtual Credits",Bengaluru,Koramangala,Karnataka,560095,12.9352,77.6245,4,3400.0,10:00-01:00,"ONLINE,UPI,CARD,WALLET",Virtual item laundering & bot-driven micro transactions,0.055,137,10562.09,INR,PURCHASE,UPI,MOBILE_APP,0,0,Coimbatore,7.0,0,0,1,DEV-MOHANA-SAMSUNG-S23,mobile_android,0,BEN-CUST_MOHANA_002-TRUSTED,Trusted Household Vendor,3,0,4,24,0,0,0,None,Resolved Genuine,Standard Habitual Purchase,0
TXN-CUST_MOHANA_002-11169,2026-09-04 16:07:39,2026-09-04,16:07:39,16,4,0,0,CUST_MOHANA_002,180,Coimbatore,Tamil Nadu,Medium Risk / 12% Fraud Rate,M009,RapidFuel Station,Fuel Station,"Petrol, Diesel & EV Fast Charge",Salem,Fairlands,Tamil Nadu,636016,11.6643,78.146,9,3100.0,24_HOURS,"POS,FLEET_CARD,UPI",Automated fleet card skimming,0.024,60,12769.32,INR,PURCHASE,FLEET_CARD,MOBILE_APP,1,0,Coimbatore,15.0,0,0,1,DEV-MOHANA-SAMSUNG-S23,mobile_android,0,BEN-CUST_MOHANA_002-TRUSTED,Trusted Household Vendor,12,0,1,12,0,0,0,None,Resolved Genuine,Standard Habitual Purchase,0
TXN-CUST_MOHANA_002-11170,2026-09-04 17:32:12,2026-09-04,17:32:12,17,4,0,0,CUST_MOHANA_002,180,Coimbatore,Tamil Nadu,Medium Risk / 12% Fraud Rate,M003,Pulse Mobile Hub,Mobile Store,Smartphones & Accessories,Chennai,Tambaram,Tamil Nadu,600045,12.9249,80.1278,4,18500.0,09:30-21:30,"POS,UPI,CARD",New device abuse / rapid checkout surge,0.035,87,8267.58,INR,PURCHASE,POS,MOBILE_APP,1,0,Coimbatore,5.0,0,0,1,DEV-MOHANA-SAMSUNG-S23,mobile_android,0,BEN-CUST_MOHANA_002-TRUSTED,Trusted Household Vendor,14,0,1,7,0,0,0,None,Resolved Genuine,Standard Habitual Purchase,0
TXN-CUST_MOHANA_002-11171,2026-09-04 18:55:54,2026-09-04,18:55:54,18,4,0,0,CUST_MOHANA_002,180,Coimbatore,Tamil Nadu,Medium Risk / 12% Fraud Rate,M025,ShieldSure Services,Insurance Services,General & Health Insurance Premium,Chennai,Egmore,Tamil Nadu,600008,13.0784,80.2607,13,14000.0,09:30-18:00,"ONLINE,NETBANKING,CARD",Premium diversion / fake policy payment slips,0.019,47,4260.9,INR,PURCHASE,CARD,MOBILE_APP,0,0,Coimbatore,4.0,0,0,1,DEV-MOHANA-SAMSUNG-S23,mobile_android,0,BEN-CUST_MOHANA_002-TRUSTED,Trusted Household Vendor,11,0,2,12,0,0,0,None,Resolved Genuine,Standard Habitual Purchase,0
TXN-CUST_MOHANA_002-11172,2026-09-04 20:20:07,2026-09-04,20:20:07,20,4,0,0,CUST_MOHANA_002,180,Coimbatore,Tamil Nadu,Medium Risk / 12% Fraud Rate,M010,HarborView Residency,Hotel / Hospitality,Business & Luxury Hotel,Chennai,OMR,Tamil Nadu,600096,12.9165,80.2285,6,9500.0,24_HOURS,"ONLINE,POS,CARD,TRANSFER",Online travel booking fraud with stolen corporate credentials,0.041,102,11930.81,INR,PURCHASE,ONLINE,MOBILE_APP,1,0,Coimbatore,2.0,0,0,1,DEV-MOHANA-SAMSUNG-S23,mobile_android,0,BEN-CUST_MOHANA_002-TRUSTED,Trusted Household Vendor,9,1,2,10,0,0,0,None,Resolved Genuine,Standard Habitual Purchase,0
TXN-CUST_MOHANA_002-11173,2026-09-04 21:46:02,2026-09-04,21:46:02,21,4,0,0,CUST_MOHANA_002,180,Coimbatore,Tamil Nadu,Medium Risk / 12% Fraud Rate,M001,NovaMart Fresh,Grocery & Supermarket,Supermarket / Hypermarket,Chennai,T Nagar,Tamil Nadu,600017,13.0418,80.2341,8,1250.0,07:00-22:30,"POS,UPI,CARD,ONLINE",Card testing / micro-burst velocity,0.012,30,12904.0,INR,PURCHASE,ONLINE,MOBILE_APP,1,0,Coimbatore,3.0,0,0,1,DEV-MOHANA-SAMSUNG-S23,mobile_android,0,BEN-CUST_MOHANA_002-TRUSTED,Trusted Household Vendor,8,0,1,10,0,0,0,None,Resolved Genuine,Standard Habitual Purchase,0
TXN-CUST_MOHANA_002-11174,2026-09-04 23:11:50,2026-09-04,23:11:50,23,4,0,1,CUST_MOHANA_002,180,Coimbatore,Tamil Nadu,Medium Risk / 12% Fraud Rate,M022,SkillSpring Academy,Education / Training,Professional Certifications & Tech Bootcamps,Chennai,Mylapore,Tamil Nadu,600004,13.0368,80.2676,8,22000.0,08:30-19:30,"ONLINE,NETBANKING,CARD,UPI",Stolen corporate card enrollments,0.028,70,11033.3,INR,PURCHASE,NETBANKING,MOBILE_APP,0,0,Coimbatore,14.0,0,0,1,DEV-MOHANA-SAMSUNG-S23,mobile_android,0,BEN-CUST_MOHANA_002-TRUSTED,Trusted Household Vendor,9,0,4,24,0,0,0,None,Resolved Genuine,Standard Habitual Purchase,0
TXN-CUST_MOHANA_002-11175,2026-09-05 00:36:55,2026-09-05,00:36:55,0,5,1,1,CUST_MOHANA_002,180,Coimbatore,Tamil Nadu,Medium Risk / 12% Fraud Rate,M023,SwiftBox Logistics,Courier / Logistics,Express Parcel & Freight Delivery,Tiruppur,Avinashi Road,Tamil Nadu,641603,11.1085,77.3411,9,4200.0,08:00-21:00,"POS,UPI,CARD,ONLINE",Interception fraud / address redirection,0.02,50,8762.36,INR,PURCHASE,ONLINE,MOBILE_APP,1,0,Coimbatore,6.0,0,0,1,DEV-MOHANA-SAMSUNG-S23,mobile_android,0,BEN-CUST_MOHANA_002-TRUSTED,Trusted Household Vendor,6,1,3,16,0,0,0,None,Resolved Genuine,Standard Habitual Purchase,0
TXN-CUST_MOHANA_002-11176,2026-09-05 02:01:31,2026-09-05,02:01:31,2,5,1,1,CUST_MOHANA_002,180,Coimbatore,Tamil Nadu,Medium Risk / 12% Fraud Rate,M014,OakLine Furnishings,Furniture,Teak Wood & Modern Home Decor,Madurai,Bypass Road,Tamil Nadu,625016,9.932,78.109,12,38000.0,10:00-21:00,"POS,CARD,TRANSFER,EMI",Invoice redirection fraud / fake payment slips,0.029,72,4319.34,INR,PURCHASE,POS,MOBILE_APP,1,0,Coimbatore,14.0,0,0,1,DEV-MOHANA-SAMSUNG-S23,mobile_android,0,BEN-CUST_MOHANA_002-TRUSTED,Trusted Household Vendor,6,0,2,13,0,0,0,None,Resolved Genuine,Standard Habitual Purchase,0
TXN-CUST_MOHANA_002-11177,2026-09-05 03:30:49,2026-09-05,03:30:49,3,5,1,1,CUST_MOHANA_002,180,Coimbatore,Tamil Nadu,Medium Risk / 12% Fraud Rate,M029,CloudDesk Digital,Software / Digital Services,Cloud Infrastructure & SaaS Tools,Bengaluru,Whitefield,Karnataka,560066,12.9698,77.7499,7,19800.0,24_HOURS,"ONLINE,CARD,TRANSFER",Cryptomining VM rental with stolen credit cards,0.058,145,5421.92,INR,PURCHASE,TRANSFER,MOBILE_APP,0,0,Coimbatore,7.0,0,0,1,DEV-MOHANA-SAMSUNG-S23,mobile_android,0,BEN-CUST_MOHANA_002-TRUSTED,Trusted Household Vendor,7,1,3,15,0,0,0,None,Resolved Genuine,Standard Habitual Purchase,0
TXN-CUST_MOHANA_002-11178,2026-09-05 05:00:01,2026-09-05,05:00:01,5,5,1,1,CUST_MOHANA_002,180,Coimbatore,Tamil Nadu,Medium Risk / 12% Fraud Rate,M010,HarborView Residency,Hotel / Hospitality,Business & Luxury Hotel,Chennai,OMR,Tamil Nadu,600096,12.9165,80.2285,6,9500.0,24_HOURS,"ONLINE,POS,CARD,TRANSFER",Online travel booking fraud with stolen corporate credentials,0.041,102,4799.61,INR,PURCHASE,CARD,MOBILE_APP,1,0,Coimbatore,4.0,0,0,1,DEV-MOHANA-SAMSUNG-S23,mobile_android,0,BEN-CUST_MOHANA_002-TRUSTED,Trusted Household Vendor,8,0,4,22,0,0,0,None,Resolved Genuine,Standard Habitual Purchase,0
TXN-CUST_MOHANA_002-11179,2026-09-05 06:24:06,2026-09-05,06:24:06,6,5,1,0,CUST_MOHANA_002,180,Coimbatore,Tamil Nadu,Medium Risk / 12% Fraud Rate,M024,LinkWave Telecom,Telecom Retail,Fiber Broadband & Postpaid Plans,Erode,Perundurai Road,Tamil Nadu,638011,11.341,77.7172,10,1950.0,09:30-20:30,"UPI,CARD,ONLINE,POS",SIM swap bill recharge surges,0.017,42,5405.6,INR,PURCHASE,ONLINE,MOBILE_APP,1,0,Coimbatore,3.0,0,0,1,DEV-MOHANA-SAMSUNG-S23,mobile_android,0,BEN-CUST_MOHANA_002-TRUSTED,Trusted Household Vendor,11,0,4,25,0,0,0,None,Resolved Genuine,Standard Habitual Purchase,0
TXN-CUST_MOHANA_002-11180,2026-09-05 07:53:13,2026-09-05,07:53:13,7,5,1,0,CUST_MOHANA_002,180,Coimbatore,Tamil Nadu,Medium Risk / 12% Fraud Rate,M029,CloudDesk Digital,Software / Digital Services,Cloud Infrastructure & SaaS Tools,Bengaluru,Whitefield,Karnataka,560066,12.9698,77.7499,7,19800.0,24_HOURS,"ONLINE,CARD,TRANSFER",Cryptomining VM rental with stolen credit cards,0.058,145,12769.58,INR,PURCHASE,CARD,MOBILE_APP,0,0,Coimbatore,1.0,0,0,1,DEV-MOHANA-SAMSUNG-S23,mobile_android,0,BEN-CUST_MOHANA_002-TRUSTED,Trusted Household Vendor,15,0,2,14,0,0,0,None,Resolved Genuine,Standard Habitual Purchase,0
TXN-CUST_MOHANA_002-11181,2026-09-05 09:17:42,2026-09-05,09:17:42,9,5,1,0,CUST_MOHANA_002,180,Coimbatore,Tamil Nadu,Medium Risk / 12% Fraud Rate,M002,CircuitBay Electronics,Consumer Electronics,Laptops & Gadgets,Chennai,Velachery,Tamil Nadu,600042,12.9759,80.2212,6,32000.0,10:00-21:30,"POS,ONLINE,EMI,UPI",Stolen payment details / high-ticket electronics delivery,0.048,120,11751.65,INR,PURCHASE,EMI,MOBILE_APP,1,0,Coimbatore,15.0,0,0,1,DEV-MOHANA-SAMSUNG-S23,mobile_android,0,BEN-CUST_MOHANA_002-TRUSTED,Trusted Household Vendor,10,0,1,11,0,0,0,None,Resolved Genuine,Standard Habitual Purchase,0
TXN-CUST_MOHANA_002-11182,2026-09-05 10:41:42,2026-09-05,10:41:42,10,5,1,0,CUST_MOHANA_002,180,Coimbatore,Tamil Nadu,Medium Risk / 12% Fraud Rate,M018,PageTurn Book House,Bookstore,"Academic, Fiction & Stationery",Trichy,Thillai Nagar,Tamil Nadu,620018,10.8282,78.6854,16,850.0,09:00-21:30,"POS,UPI,CARD,ONLINE",Low-value card testing bots,0.008,20,7902.08,INR,PURCHASE,UPI,MOBILE_APP,1,0,Coimbatore,2.0,0,0,1,DEV-MOHANA-SAMSUNG-S23,mobile_android,0,BEN-CUST_MOHANA_002-TRUSTED,Trusted Household Vendor,12,0,4,20,0,0,0,None,Resolved Genuine,Standard Habitual Purchase,0
TXN-CUST_MOHANA_002-11183,2026-09-05 12:06:54,2026-09-05,12:06:54,12,5,1,0,CUST_MOHANA_002,180,Coimbatore,Tamil Nadu,Medium Risk / 12% Fraud Rate,M006,MedicoCare Pharmacy,Pharmacy,Medicines & Surgical Supplies,Madurai,KK Nagar,Tamil Nadu,625020,9.9252,78.1498,10,1450.0,24_HOURS,"POS,UPI,CARD,ONLINE",Nighttime micro card testing,0.015,37,3820.0,INR,PURCHASE,CARD,MOBILE_APP,1,0,Coimbatore,3.0,0,0,1,DEV-MOHANA-SAMSUNG-S23,mobile_android,0,BEN-CUST_MOHANA_002-TRUSTED,Trusted Household Vendor,10,0,2,14,0,0,0,None,Resolved Genuine,Standard Habitual Purchase,0
TXN-CUST_MOHANA_002-11184,2026-09-05 13:34:55,2026-09-05,13:34:55,13,5,1,0,CUST_MOHANA_002,180,Coimbatore,Tamil Nadu,Medium Risk / 12% Fraud Rate,M003,Pulse Mobile Hub,Mobile Store,Smartphones & Accessories,Chennai,Tambaram,Tamil Nadu,600045,12.9249,80.1278,4,18500.0,09:30-21:30,"POS,UPI,CARD",New device abuse / rapid checkout surge,0.035,87,11239.54,INR,PURCHASE,UPI,MOBILE_APP,1,0,Coimbatore,3.0,0,0,1,DEV-MOHANA-SAMSUNG-S23,mobile_android,0,BEN-CUST_MOHANA_002-TRUSTED,Trusted Household Vendor,9,0,3,17,0,0,0,None,Resolved Genuine,Standard Habitual Purchase,0
TXN-CUST_MOHANA_002-11185,2026-09-05 15:01:20,2026-09-05,15:01:20,15,5,1,0,CUST_MOHANA_002,180,Coimbatore,Tamil Nadu,Medium Risk / 12% Fraud Rate,M013,CartNest Online,E-commerce,Multi-category Marketplace,Chennai,Guindy,Tamil Nadu,600032,13.0067,80.2026,5,6200.0,24_HOURS,"ONLINE,UPI,CARD,NETBANKING",Account takeover + triangulation shipping fraud,0.045,112,9240.51,INR,PURCHASE,CARD,MOBILE_APP,0,0,Coimbatore,8.0,0,0,1,DEV-MOHANA-SAMSUNG-S23,mobile_android,0,BEN-CUST_MOHANA_002-TRUSTED,Trusted Household Vendor,5,0,1,10,0,0,0,None,Resolved Genuine,Standard Habitual Purchase,0
TXN-CUST_MOHANA_002-11186,2026-09-05 16:29:22,2026-09-05,16:29:22,16,5,1,0,CUST_MOHANA_002,180,Coimbatore,Tamil Nadu,Medium Risk / 12% Fraud Rate,M012,DashDine Delivery,Food Delivery,Quick Commerce & Meal Delivery,Chennai,Sholinganallur,Tamil Nadu,600119,12.901,80.2279,4,520.0,06:00-02:00,"UPI,CARD,ONLINE,WALLET",Promo code abuse / stolen wallet balances,0.014,35,11002.64,INR,PURCHASE,UPI,MOBILE_APP,0,0,Coimbatore,7.0,0,0,1,DEV-MOHANA-SAMSUNG-S23,mobile_android,0,BEN-CUST_MOHANA_002-TRUSTED,Trusted Household Vendor,9,0,2,14,0,0,0,None,Resolved Genuine,Standard Habitual Purchase,0
TXN-CUST_MOHANA_002-11187,2026-09-05 17:56:54,2026-09-05,17:56:54,17,5,1,0,CUST_MOHANA_002,180,Coimbatore,Tamil Nadu,Medium Risk / 12% Fraud Rate,M006,MedicoCare Pharmacy,Pharmacy,Medicines & Surgical Supplies,Madurai,KK Nagar,Tamil Nadu,625020,9.9252,78.1498,10,1450.0,24_HOURS,"POS,UPI,CARD,ONLINE",Nighttime micro card testing,0.015,37,5418.17,INR,PURCHASE,POS,MOBILE_APP,1,0,Coimbatore,7.0,0,0,1,DEV-MOHANA-SAMSUNG-S23,mobile_android,0,BEN-CUST_MOHANA_002-TRUSTED,Trusted Household Vendor,4,0,3,14,0,0,0,None,Resolved Genuine,Standard Habitual Purchase,0
TXN-CUST_MOHANA_002-11188,2026-09-05 19:23:52,2026-09-05,19:23:52,19,5,1,0,CUST_MOHANA_002,180,Coimbatore,Tamil Nadu,Medium Risk / 12% Fraud Rate,M008,BeanCircuit Cafe,Cafe,Specialty Coffee & Bakery,Bengaluru,Indiranagar,Karnataka,560038,12.9784,77.6408,3,650.0,07:30-23:00,"UPI,POS,CARD",QR code spoofing / fast velocity dining,0.009,22,8508.77,INR,PURCHASE,CARD,MOBILE_APP,1,0,Coimbatore,6.0,0,0,1,DEV-MOHANA-SAMSUNG-S23,mobile_android,0,BEN-CUST_MOHANA_002-TRUSTED,Trusted Household Vendor,10,0,3,18,0,0,0,None,Resolved Genuine,Standard Habitual Purchase,0
TXN-CUST_MOHANA_002-11189,2026-09-05 20:48:19,2026-09-05,20:48:19,20,5,1,0,CUST_MOHANA_002,180,Coimbatore,Tamil Nadu,Medium Risk / 12% Fraud Rate,M013,CartNest Online,E-commerce,Multi-category Marketplace,Chennai,Guindy,Tamil Nadu,600032,13.0067,80.2026,5,6200.0,24_HOURS,"ONLINE,UPI,CARD,NETBANKING",Account takeover + triangulation shipping fraud,0.045,112,10806.35,INR,PURCHASE,ONLINE,MOBILE_APP,0,0,Coimbatore,4.0,0,0,1,DEV-MOHANA-SAMSUNG-S23,mobile_android,0,BEN-CUST_MOHANA_002-TRUSTED,Trusted Household Vendor,15,0,1,9,0,0,0,None,Resolved Genuine,Standard Habitual Purchase,0
TXN-CUST_MOHANA_002-11190,2026-09-05 22:14:35,2026-09-05,22:14:35,22,5,1,0,CUST_MOHANA_002,180,Coimbatore,Tamil Nadu,Medium Risk / 12% Fraud Rate,M003,Pulse Mobile Hub,Mobile Store,Smartphones & Accessories,Chennai,Tambaram,Tamil Nadu,600045,12.9249,80.1278,4,18500.0,09:30-21:30,"POS,UPI,CARD",New device abuse / rapid checkout surge,0.035,87,6070.87,INR,PURCHASE,CARD,MOBILE_APP,1,0,Coimbatore,7.0,0,0,1,DEV-MOHANA-SAMSUNG-S23,mobile_android,0,BEN-CUST_MOHANA_002-TRUSTED,Trusted Household Vendor,13,1,4,24,0,0,0,None,Resolved Genuine,Standard Habitual Purchase,0
TXN-CUST_MOHANA_002-11191,2026-09-05 23:42:24,2026-09-05,23:42:24,23,5,1,1,CUST_MOHANA_002,180,Coimbatore,Tamil Nadu,Medium Risk / 12% Fraud Rate,M010,HarborView Residency,Hotel / Hospitality,Business & Luxury Hotel,Chennai,OMR,Tamil Nadu,600096,12.9165,80.2285,6,9500.0,24_HOURS,"ONLINE,POS,CARD,TRANSFER",Online travel booking fraud with stolen corporate credentials,0.041,102,20054.32,INR,P2P_TRANSFER,TRANSFER,MOBILE_APP,0,0,Hyderabad,568.0,1,0,1,DEV-MOHANA-SAMSUNG-S23,mobile_android,1,BEN-NEW-505,Global Flight Booking,0,3,5,23,1,0,0,Geographic Anomaly / High Ticket Spike,Review Required,Sudden location velocity jump with new merchant,1
TXN-CUST_MOHANA_002-11192,2026-09-06 01:09:03,2026-09-06,01:09:03,1,6,1,1,CUST_MOHANA_002,180,Coimbatore,Tamil Nadu,Medium Risk / 12% Fraud Rate,M015,HomeSphere Appliances,Home Appliances,"Refrigerators, ACs & Kitchen Tech",Coimbatore,Saibaba Colony,Tamil Nadu,641011,11.0315,76.945,9,27500.0,09:30-21:00,"POS,EMI,CARD,UPI",Carding attacks with immediate in-store pickup,0.038,95,81964.79,INR,PURCHASE,EMI,MOBILE_APP,0,0,Delhi,725.0,1,0,1,DEV-MOHANA-SAMSUNG-S23,mobile_android,0,BEN-CUST_MOHANA_002-01,Self Family Transfer,3,3,7,36,1,0,0,Geographic Anomaly / High Ticket Spike,Review Required,Sudden location velocity jump with new merchant,1
TXN-CUST_MOHANA_002-11193,2026-09-06 02:36:59,2026-09-06,02:36:59,2,6,1,1,CUST_MOHANA_002,180,Coimbatore,Tamil Nadu,Medium Risk / 12% Fraud Rate,M013,CartNest Online,E-commerce,Multi-category Marketplace,Chennai,Guindy,Tamil Nadu,600032,13.0067,80.2026,5,6200.0,24_HOURS,"ONLINE,UPI,CARD,NETBANKING",Account takeover + triangulation shipping fraud,0.045,112,9045.22,INR,PURCHASE,CARD,MOBILE_APP,0,0,Coimbatore,13.0,0,0,1,DEV-MOHANA-SAMSUNG-S23,mobile_android,0,BEN-CUST_MOHANA_002-TRUSTED,Trusted Household Vendor,8,0,1,7,0,0,0,None,Resolved Genuine,Standard Habitual Purchase,0
TXN-CUST_MOHANA_002-11194,2026-09-06 04:03:30,2026-09-06,04:03:30,4,6,1,1,CUST_MOHANA_002,180,Coimbatore,Tamil Nadu,Medium Risk / 12% Fraud Rate,M027,BrickHarbor Realty,Real Estate / Property Services,Rental Escrow & Facility Management,Chennai,Porur,Tamil Nadu,600116,13.035,80.16,11,65000.0,09:00-19:00,"TRANSFER,NETBANKING,CARD",Security deposit phishing / escrow hijacking,0.039,97,8678.8,INR,PURCHASE,NETBANKING,MOBILE_APP,0,0,Coimbatore,10.0,0,0,1,DEV-MOHANA-SAMSUNG-S23,mobile_android,0,BEN-CUST_MOHANA_002-TRUSTED,Trusted Household Vendor,5,0,1,13,0,0,0,None,Resolved Genuine,Standard Habitual Purchase,0
TXN-CUST_MOHANA_002-11195,2026-09-06 05:32:27,2026-09-06,05:32:27,5,6,1,1,CUST_MOHANA_002,180,Coimbatore,Tamil Nadu,Medium Risk / 12% Fraud Rate,M006,MedicoCare Pharmacy,Pharmacy,Medicines & Surgical Supplies,Madurai,KK Nagar,Tamil Nadu,625020,9.9252,78.1498,10,1450.0,24_HOURS,"POS,UPI,CARD,ONLINE",Nighttime micro card testing,0.015,37,3781.04,INR,PURCHASE,ONLINE,WEB_PORTAL,0,0,Hyderabad,615.0,1,1,0,DEV-LAPTOP-CHROME-895,web_browser,0,BEN-CUST_MOHANA_002-01,Self Family Transfer,3,3,4,18,1,0,0,Geographic Anomaly / High Ticket Spike,Review Required,Sudden location velocity jump with new merchant,1
TXN-CUST_MOHANA_002-11196,2026-09-06 06:57:35,2026-09-06,06:57:35,6,6,1,0,CUST_MOHANA_002,180,Coimbatore,Tamil Nadu,Medium Risk / 12% Fraud Rate,M008,BeanCircuit Cafe,Cafe,Specialty Coffee & Bakery,Bengaluru,Indiranagar,Karnataka,560038,12.9784,77.6408,3,650.0,07:30-23:00,"UPI,POS,CARD",QR code spoofing / fast velocity dining,0.009,22,7106.08,INR,PURCHASE,UPI,MOBILE_APP,1,0,Coimbatore,13.0,0,0,1,DEV-MOHANA-SAMSUNG-S23,mobile_android,0,BEN-CUST_MOHANA_002-TRUSTED,Trusted Household Vendor,8,0,1,9,0,0,0,None,Resolved Genuine,Standard Habitual Purchase,0
TXN-CUST_MOHANA_002-11197,2026-09-06 08:25:13,2026-09-06,08:25:13,8,6,1,0,CUST_MOHANA_002,180,Coimbatore,Tamil Nadu,Medium Risk / 12% Fraud Rate,M015,HomeSphere Appliances,Home Appliances,"Refrigerators, ACs & Kitchen Tech",Coimbatore,Saibaba Colony,Tamil Nadu,641011,11.0315,76.945,9,27500.0,09:30-21:00,"POS,EMI,CARD,UPI",Carding attacks with immediate in-store pickup,0.038,95,59779.85,INR,P2P_TRANSFER,EMI,WEB_PORTAL,0,0,Mumbai,516.0,1,1,0,DEV-LAPTOP-CHROME-621,web_browser,1,BEN-NEW-550,Global Flight Booking,0,2,7,30,1,0,0,Geographic Anomaly / High Ticket Spike,Review Required,Sudden location velocity jump with new merchant,1
TXN-CUST_MOHANA_002-11198,2026-09-06 09:53:32,2026-09-06,09:53:32,9,6,1,0,CUST_MOHANA_002,180,Coimbatore,Tamil Nadu,Medium Risk / 12% Fraud Rate,M016,MotoCare Garage,Auto Service,Car Service & Detailing Hub,Chennai,Pallikaranai,Tamil Nadu,600100,12.9372,80.2014,7,8900.0,08:30-20:30,"POS,UPI,CARD",Over-invoicing / synthetic card payments,0.021,52,10548.6,INR,PURCHASE,CARD,MOBILE_APP,1,0,Coimbatore,15.0,0,0,1,DEV-MOHANA-SAMSUNG-S23,mobile_android,0,BEN-CUST_MOHANA_002-TRUSTED,Trusted Household Vendor,5,0,2,12,0,0,0,None,Resolved Genuine,Standard Habitual Purchase,0
TXN-CUST_MOHANA_002-11199,2026-09-06 11:19:27,2026-09-06,11:19:27,11,6,1,0,CUST_MOHANA_002,180,Coimbatore,Tamil Nadu,Medium Risk / 12% Fraud Rate,M029,CloudDesk Digital,Software / Digital Services,Cloud Infrastructure & SaaS Tools,Bengaluru,Whitefield,Karnataka,560066,12.9698,77.7499,7,19800.0,24_HOURS,"ONLINE,CARD,TRANSFER",Cryptomining VM rental with stolen credit cards,0.058,145,12147.74,INR,PURCHASE,ONLINE,MOBILE_APP,0,0,Coimbatore,15.0,0,0,1,DEV-MOHANA-SAMSUNG-S23,mobile_android,0,BEN-CUST_MOHANA_002-TRUSTED,Trusted Household Vendor,15,0,3,14,0,0,0,None,Resolved Genuine,Standard Habitual Purchase,0
TXN-CUST_MOHANA_002-11200,2026-09-06 12:47:29,2026-09-06,12:47:29,12,6,1,0,CUST_MOHANA_002,180,Coimbatore,Tamil Nadu,Medium Risk / 12% Fraud Rate,M015,HomeSphere Appliances,Home Appliances,"Refrigerators, ACs & Kitchen Tech",Coimbatore,Saibaba Colony,Tamil Nadu,641011,11.0315,76.945,9,27500.0,09:30-21:00,"POS,EMI,CARD,UPI",Carding attacks with immediate in-store pickup,0.038,95,69061.28,INR,P2P_TRANSFER,POS,MOBILE_APP,0,0,Delhi,523.0,1,0,1,DEV-MOHANA-SAMSUNG-S23,mobile_android,1,BEN-NEW-712,Global Flight Booking,0,4,10,48,1,0,0,Geographic Anomaly / High Ticket Spike,Review Required,Sudden location velocity jump with new merchant,1
TXN-CUST_MOHANA_002-11201,2026-09-06 14:13:42,2026-09-06,14:13:42,14,6,1,0,CUST_MOHANA_002,180,Coimbatore,Tamil Nadu,Medium Risk / 12% Fraud Rate,M007,SpiceRoute Kitchen,Restaurant,Fine Dining & Chettinad,Chennai,Adyar,Tamil Nadu,600020,13.0012,80.2565,7,2200.0,11:30-23:30,"POS,UPI,CARD",Cloned card POS terminal replay,0.018,45,9240.94,INR,PURCHASE,CARD,MOBILE_APP,1,0,Coimbatore,4.0,0,0,1,DEV-MOHANA-SAMSUNG-S23,mobile_android,0,BEN-CUST_MOHANA_002-TRUSTED,Trusted Household Vendor,14,0,2,18,0,0,0,None,Resolved Genuine,Standard Habitual Purchase,0
TXN-CUST_MOHANA_002-11202,2026-09-06 15:41:38,2026-09-06,15:41:38,15,6,1,0,CUST_MOHANA_002,180,Coimbatore,Tamil Nadu,Medium Risk / 12% Fraud Rate,M013,CartNest Online,E-commerce,Multi-category Marketplace,Chennai,Guindy,Tamil Nadu,600032,13.0067,80.2026,5,6200.0,24_HOURS,"ONLINE,UPI,CARD,NETBANKING",Account takeover + triangulation shipping fraud,0.045,112,3645.52,INR,PURCHASE,CARD,MOBILE_APP,0,0,Coimbatore,14.0,0,0,1,DEV-MOHANA-SAMSUNG-S23,mobile_android,0,BEN-CUST_MOHANA_002-TRUSTED,Trusted Household Vendor,3,0,3,16,0,0,0,None,Resolved Genuine,Standard Habitual Purchase,0
TXN-CUST_MOHANA_002-11203,2026-09-06 17:05:52,2026-09-06,17:05:52,17,6,1,0,CUST_MOHANA_002,180,Coimbatore,Tamil Nadu,Medium Risk / 12% Fraud Rate,M004,Aurelia Gold House,Jewellery,Gold & Diamond Jewellery,Coimbatore,RS Puram,Tamil Nadu,641002,11.0089,76.9514,14,78000.0,10:00-20:30,"POS,CARD,TRANSFER",Account takeover / card-not-present luxury surge,0.065,162,216236.05,INR,P2P_TRANSFER,CARD,WEB_PORTAL,0,0,Hyderabad,732.0,1,1,0,DEV-LAPTOP-CHROME-763,web_browser,1,BEN-NEW-985,Global Flight Booking,0,4,10,49,1,0,0,Geographic Anomaly / High Ticket Spike,Review Required,Sudden location velocity jump with new merchant,1
TXN-CUST_MOHANA_002-11204,2026-09-06 18:29:27,2026-09-06,18:29:27,18,6,1,0,CUST_MOHANA_002,180,Coimbatore,Tamil Nadu,Medium Risk / 12% Fraud Rate,M013,CartNest Online,E-commerce,Multi-category Marketplace,Chennai,Guindy,Tamil Nadu,600032,13.0067,80.2026,5,6200.0,24_HOURS,"ONLINE,UPI,CARD,NETBANKING",Account takeover + triangulation shipping fraud,0.045,112,5500.51,INR,PURCHASE,UPI,MOBILE_APP,0,0,Coimbatore,14.0,0,0,1,DEV-MOHANA-SAMSUNG-S23,mobile_android,0,BEN-CUST_MOHANA_002-TRUSTED,Trusted Household Vendor,9,1,1,6,0,0,0,None,Resolved Genuine,Standard Habitual Purchase,0
TXN-CUST_MOHANA_002-11205,2026-09-06 19:55:42,2026-09-06,19:55:42,19,6,1,0,CUST_MOHANA_002,180,Coimbatore,Tamil Nadu,Medium Risk / 12% Fraud Rate,M026,GreenLeaf Wellness,Health & Wellness,Organic Nutrition & Ayurveda,Trichy,Srirangam,Tamil Nadu,620006,10.8624,78.6947,6,2100.0,08:00-21:00,"POS,UPI,ONLINE,CARD",Subscription card stuffing,0.013,32,9318.21,INR,PURCHASE,UPI,MOBILE_APP,1,0,Coimbatore,3.0,0,0,1,DEV-MOHANA-SAMSUNG-S23,mobile_android,0,BEN-CUST_MOHANA_002-TRUSTED,Trusted Household Vendor,13,0,1,13,0,0,0,None,Resolved Genuine,Standard Habitual Purchase,0
TXN-CUST_MOHANA_002-11206,2026-09-06 21:19:49,2026-09-06,21:19:49,21,6,1,0,CUST_MOHANA_002,180,Coimbatore,Tamil Nadu,Medium Risk / 12% Fraud Rate,M005,UrbanThread Studio,Fashion / Apparel,Designer & Ready-to-wear,Chennai,Anna Nagar,Tamil Nadu,600040,13.085,80.2101,5,4800.0,10:30-22:00,"POS,ONLINE,UPI,CARD",Refund abuse / credential stuffing,0.022,55,7670.53,INR,PURCHASE,ONLINE,MOBILE_APP,1,0,Coimbatore,6.0,0,0,1,DEV-MOHANA-SAMSUNG-S23,mobile_android,0,BEN-CUST_MOHANA_002-TRUSTED,Trusted Household Vendor,15,0,2,17,0,0,0,None,Resolved Genuine,Standard Habitual Purchase,0
TXN-CUST_MOHANA_002-11207,2026-09-06 22:43:45,2026-09-06,22:43:45,22,6,1,0,CUST_MOHANA_002,180,Coimbatore,Tamil Nadu,Medium Risk / 12% Fraud Rate,M024,LinkWave Telecom,Telecom Retail,Fiber Broadband & Postpaid Plans,Erode,Perundurai Road,Tamil Nadu,638011,11.341,77.7172,10,1950.0,09:30-20:30,"UPI,CARD,ONLINE,POS",SIM swap bill recharge surges,0.017,42,6006.37,INR,P2P_TRANSFER,CARD,WEB_PORTAL,0,0,Delhi,925.0,1,1,0,DEV-LAPTOP-CHROME-533,web_browser,1,BEN-NEW-398,Global Flight Booking,0,3,5,22,1,0,0,Geographic Anomaly / High Ticket Spike,Review Required,Sudden location velocity jump with new merchant,1
TXN-CUST_MOHANA_002-11208,2026-09-07 00:08:24,2026-09-07,00:08:24,0,0,0,1,CUST_MOHANA_002,180,Coimbatore,Tamil Nadu,Medium Risk / 12% Fraud Rate,M023,SwiftBox Logistics,Courier / Logistics,Express Parcel & Freight Delivery,Tiruppur,Avinashi Road,Tamil Nadu,641603,11.1085,77.3411,9,4200.0,08:00-21:00,"POS,UPI,CARD,ONLINE",Interception fraud / address redirection,0.02,50,11037.19,INR,PURCHASE,CARD,MOBILE_APP,0,0,Hyderabad,540.0,1,0,1,DEV-MOHANA-SAMSUNG-S23,mobile_android,0,BEN-CUST_MOHANA_002-01,Self Family Transfer,3,2,9,42,1,0,0,Geographic Anomaly / High Ticket Spike,Review Required,Sudden location velocity jump with new merchant,1
TXN-CUST_MOHANA_002-11209,2026-09-07 01:35:55,2026-09-07,01:35:55,1,0,0,1,CUST_MOHANA_002,180,Coimbatore,Tamil Nadu,Medium Risk / 12% Fraud Rate,M021,GlowCraft Salon,Salon / Beauty,Spa & Grooming Studio,Chennai,Porur,Tamil Nadu,600116,13.0382,80.1565,5,2800.0,09:00-21:00,"POS,UPI,CARD",Unusual late-night transaction spikes,0.011,27,9535.34,INR,PURCHASE,CARD,MOBILE_APP,1,0,Coimbatore,1.0,0,0,1,DEV-MOHANA-SAMSUNG-S23,mobile_android,0,BEN-CUST_MOHANA_002-TRUSTED,Trusted Household Vendor,15,1,3,20,0,0,0,None,Resolved Genuine,Standard Habitual Purchase,0
TXN-CUST_MOHANA_002-11210,2026-09-07 03:02:01,2026-09-07,03:02:01,3,0,0,1,CUST_MOHANA_002,180,Coimbatore,Tamil Nadu,Medium Risk / 12% Fraud Rate,M013,CartNest Online,E-commerce,Multi-category Marketplace,Chennai,Guindy,Tamil Nadu,600032,13.0067,80.2026,5,6200.0,24_HOURS,"ONLINE,UPI,CARD,NETBANKING",Account takeover + triangulation shipping fraud,0.045,112,9507.91,INR,PURCHASE,ONLINE,MOBILE_APP,0,0,Coimbatore,2.0,0,0,1,DEV-MOHANA-SAMSUNG-S23,mobile_android,0,BEN-CUST_MOHANA_002-TRUSTED,Trusted Household Vendor,6,0,4,23,0,0,0,None,Resolved Genuine,Standard Habitual Purchase,0
TXN-CUST_MOHANA_002-11211,2026-09-07 04:26:58,2026-09-07,04:26:58,4,0,0,1,CUST_MOHANA_002,180,Coimbatore,Tamil Nadu,Medium Risk / 12% Fraud Rate,M020,GameGrid Arena,Gaming,"Esports, Consoles & Virtual Credits",Bengaluru,Koramangala,Karnataka,560095,12.9352,77.6245,4,3400.0,10:00-01:00,"ONLINE,UPI,CARD,WALLET",Virtual item laundering & bot-driven micro transactions,0.055,137,8811.12,INR,PURCHASE,UPI,MOBILE_APP,0,0,Coimbatore,5.0,0,0,1,DEV-MOHANA-SAMSUNG-S23,mobile_android,0,BEN-CUST_MOHANA_002-TRUSTED,Trusted Household Vendor,13,0,3,14,0,0,0,None,Resolved Genuine,Standard Habitual Purchase,0
TXN-CUST_MOHANA_002-11212,2026-09-07 05:54:33,2026-09-07,05:54:33,5,0,0,1,CUST_MOHANA_002,180,Coimbatore,Tamil Nadu,Medium Risk / 12% Fraud Rate,M026,GreenLeaf Wellness,Health & Wellness,Organic Nutrition & Ayurveda,Trichy,Srirangam,Tamil Nadu,620006,10.8624,78.6947,6,2100.0,08:00-21:00,"POS,UPI,ONLINE,CARD",Subscription card stuffing,0.013,32,12289.97,INR,PURCHASE,POS,MOBILE_APP,1,0,Coimbatore,11.0,0,0,1,DEV-MOHANA-SAMSUNG-S23,mobile_android,0,BEN-CUST_MOHANA_002-TRUSTED,Trusted Household Vendor,10,0,1,12,0,0,0,None,Resolved Genuine,Standard Habitual Purchase,0
TXN-CUST_MOHANA_002-11213,2026-09-07 07:20:47,2026-09-07,07:20:47,7,0,0,0,CUST_MOHANA_002,180,Coimbatore,Tamil Nadu,Medium Risk / 12% Fraud Rate,M028,CraftCove Home Decor,Home Decor,Handicrafts & Art Pieces,Thanjavur,Medical College Road,Tamil Nadu,613004,10.7684,79.1245,8,7400.0,09:30-20:30,"POS,UPI,CARD,ONLINE",Cross-border tourist chargebacks,0.023,57,12859.71,INR,PURCHASE,UPI,MOBILE_APP,1,0,Coimbatore,7.0,0,0,1,DEV-MOHANA-SAMSUNG-S23,mobile_android,0,BEN-CUST_MOHANA_002-TRUSTED,Trusted Household Vendor,13,0,3,15,0,0,0,None,Resolved Genuine,Standard Habitual Purchase,0
TXN-CUST_MOHANA_002-11214,2026-09-07 08:46:15,2026-09-07,08:46:15,8,0,0,0,CUST_MOHANA_002,180,Coimbatore,Tamil Nadu,Medium Risk / 12% Fraud Rate,M021,GlowCraft Salon,Salon / Beauty,Spa & Grooming Studio,Chennai,Porur,Tamil Nadu,600116,13.0382,80.1565,5,2800.0,09:00-21:00,"POS,UPI,CARD",Unusual late-night transaction spikes,0.011,27,8782.58,INR,PURCHASE,UPI,MOBILE_APP,1,0,Coimbatore,14.0,0,0,1,DEV-MOHANA-SAMSUNG-S23,mobile_android,0,BEN-CUST_MOHANA_002-TRUSTED,Trusted Household Vendor,4,0,1,10,0,0,0,None,Resolved Genuine,Standard Habitual Purchase,0
TXN-CUST_MOHANA_002-11215,2026-09-07 10:14:56,2026-09-07,10:14:56,10,0,0,0,CUST_MOHANA_002,180,Coimbatore,Tamil Nadu,Medium Risk / 12% Fraud Rate,M019,ArenaSport World,Sports Retail,Fitness Equipment & Sports Wear,Chennai,Nungambakkam,Tamil Nadu,600034,13.0604,80.2405,6,5600.0,10:00-21:30,"POS,ONLINE,UPI,CARD",Stolen card chargeback on premium sports gear,0.026,65,12794.28,INR,PURCHASE,POS,MOBILE_APP,1,0,Coimbatore,11.0,0,0,1,DEV-MOHANA-SAMSUNG-S23,mobile_android,0,BEN-CUST_MOHANA_002-TRUSTED,Trusted Household Vendor,8,1,1,9,0,0,0,None,Resolved Genuine,Standard Habitual Purchase,0
TXN-CUST_MOHANA_002-11216,2026-09-07 11:43:58,2026-09-07,11:43:58,11,0,0,0,CUST_MOHANA_002,180,Coimbatore,Tamil Nadu,Medium Risk / 12% Fraud Rate,M025,ShieldSure Services,Insurance Services,General & Health Insurance Premium,Chennai,Egmore,Tamil Nadu,600008,13.0784,80.2607,13,14000.0,09:30-18:00,"ONLINE,NETBANKING,CARD",Premium diversion / fake policy payment slips,0.019,47,3873.09,INR,PURCHASE,CARD,MOBILE_APP,0,0,Coimbatore,8.0,0,0,1,DEV-MOHANA-SAMSUNG-S23,mobile_android,0,BEN-CUST_MOHANA_002-TRUSTED,Trusted Household Vendor,9,1,2,14,0,0,0,None,Resolved Genuine,Standard Habitual Purchase,0
TXN-CUST_MOHANA_002-11217,2026-09-07 13:07:38,2026-09-07,13:07:38,13,0,0,0,CUST_MOHANA_002,180,Coimbatore,Tamil Nadu,Medium Risk / 12% Fraud Rate,M029,CloudDesk Digital,Software / Digital Services,Cloud Infrastructure & SaaS Tools,Bengaluru,Whitefield,Karnataka,560066,12.9698,77.7499,7,19800.0,24_HOURS,"ONLINE,CARD,TRANSFER",Cryptomining VM rental with stolen credit cards,0.058,145,3888.83,INR,PURCHASE,TRANSFER,MOBILE_APP,0,0,Coimbatore,1.0,0,0,1,DEV-MOHANA-SAMSUNG-S23,mobile_android,0,BEN-CUST_MOHANA_002-TRUSTED,Trusted Household Vendor,11,0,1,7,0,0,0,None,Resolved Genuine,Standard Habitual Purchase,0
TXN-CUST_MOHANA_002-11218,2026-09-07 14:33:45,2026-09-07,14:33:45,14,0,0,0,CUST_MOHANA_002,180,Coimbatore,Tamil Nadu,Medium Risk / 12% Fraud Rate,M013,CartNest Online,E-commerce,Multi-category Marketplace,Chennai,Guindy,Tamil Nadu,600032,13.0067,80.2026,5,6200.0,24_HOURS,"ONLINE,UPI,CARD,NETBANKING",Account takeover + triangulation shipping fraud,0.045,112,4932.27,INR,PURCHASE,UPI,MOBILE_APP,0,0,Coimbatore,3.0,0,0,1,DEV-MOHANA-SAMSUNG-S23,mobile_android,0,BEN-CUST_MOHANA_002-TRUSTED,Trusted Household Vendor,11,0,4,22,0,0,0,None,Resolved Genuine,Standard Habitual Purchase,0
TXN-CUST_MOHANA_002-11219,2026-09-07 16:02:09,2026-09-07,16:02:09,16,0,0,0,CUST_MOHANA_002,180,Coimbatore,Tamil Nadu,Medium Risk / 12% Fraud Rate,M027,BrickHarbor Realty,Real Estate / Property Services,Rental Escrow & Facility Management,Chennai,Porur,Tamil Nadu,600116,13.035,80.16,11,65000.0,09:00-19:00,"TRANSFER,NETBANKING,CARD",Security deposit phishing / escrow hijacking,0.039,97,8771.09,INR,PURCHASE,TRANSFER,MOBILE_APP,0,0,Coimbatore,13.0,0,0,1,DEV-MOHANA-SAMSUNG-S23,mobile_android,0,BEN-CUST_MOHANA_002-TRUSTED,Trusted Household Vendor,10,0,1,14,0,0,0,None,Resolved Genuine,Standard Habitual Purchase,0
TXN-CUST_MOHANA_002-11220,2026-09-07 17:28:36,2026-09-07,17:28:36,17,0,0,0,CUST_MOHANA_002,180,Coimbatore,Tamil Nadu,Medium Risk / 12% Fraud Rate,M019,ArenaSport World,Sports Retail,Fitness Equipment & Sports Wear,Chennai,Nungambakkam,Tamil Nadu,600034,13.0604,80.2405,6,5600.0,10:00-21:30,"POS,ONLINE,UPI,CARD",Stolen card chargeback on premium sports gear,0.026,65,13252.6,INR,PURCHASE,UPI,MOBILE_APP,1,0,Coimbatore,10.0,0,0,1,DEV-MOHANA-SAMSUNG-S23,mobile_android,0,BEN-CUST_MOHANA_002-TRUSTED,Trusted Household Vendor,13,1,4,19,0,0,0,None,Resolved Genuine,Standard Habitual Purchase,0
TXN-CUST_MOHANA_002-11221,2026-09-07 18:52:27,2026-09-07,18:52:27,18,0,0,0,CUST_MOHANA_002,180,Coimbatore,Tamil Nadu,Medium Risk / 12% Fraud Rate,M018,PageTurn Book House,Bookstore,"Academic, Fiction & Stationery",Trichy,Thillai Nagar,Tamil Nadu,620018,10.8282,78.6854,16,850.0,09:00-21:30,"POS,UPI,CARD,ONLINE",Low-value card testing bots,0.008,20,3422.26,INR,PURCHASE,ONLINE,MOBILE_APP,1,0,Coimbatore,15.0,0,0,1,DEV-MOHANA-SAMSUNG-S23,mobile_android,0,BEN-CUST_MOHANA_002-TRUSTED,Trusted Household Vendor,14,0,1,7,0,0,0,None,Resolved Genuine,Standard Habitual Purchase,0
TXN-CUST_MOHANA_002-11222,2026-09-07 20:16:53,2026-09-07,20:16:53,20,0,0,0,CUST_MOHANA_002,180,Coimbatore,Tamil Nadu,Medium Risk / 12% Fraud Rate,M016,MotoCare Garage,Auto Service,Car Service & Detailing Hub,Chennai,Pallikaranai,Tamil Nadu,600100,12.9372,80.2014,7,8900.0,08:30-20:30,"POS,UPI,CARD",Over-invoicing / synthetic card payments,0.021,52,7542.67,INR,PURCHASE,POS,MOBILE_APP,1,0,Coimbatore,3.0,0,0,1,DEV-MOHANA-SAMSUNG-S23,mobile_android,0,BEN-CUST_MOHANA_002-TRUSTED,Trusted Household Vendor,11,1,1,6,0,0,0,None,Resolved Genuine,Standard Habitual Purchase,0
TXN-CUST_MOHANA_002-11223,2026-09-07 21:41:43,2026-09-07,21:41:43,21,0,0,0,CUST_MOHANA_002,180,Coimbatore,Tamil Nadu,Medium Risk / 12% Fraud Rate,M004,Aurelia Gold House,Jewellery,Gold & Diamond Jewellery,Coimbatore,RS Puram,Tamil Nadu,641002,11.0089,76.9514,14,78000.0,10:00-20:30,"POS,CARD,TRANSFER",Account takeover / card-not-present luxury surge,0.065,162,8054.15,INR,PURCHASE,POS,MOBILE_APP,1,0,Coimbatore,11.0,0,0,1,DEV-MOHANA-SAMSUNG-S23,mobile_android,0,BEN-CUST_MOHANA_002-TRUSTED,Trusted Household Vendor,9,0,2,14,0,0,0,None,Resolved Genuine,Standard Habitual Purchase,0
TXN-CUST_MOHANA_002-11224,2026-09-07 23:06:48,2026-09-07,23:06:48,23,0,0,1,CUST_MOHANA_002,180,Coimbatore,Tamil Nadu,Medium Risk / 12% Fraud Rate,M007,SpiceRoute Kitchen,Restaurant,Fine Dining & Chettinad,Chennai,Adyar,Tamil Nadu,600020,13.0012,80.2565,7,2200.0,11:30-23:30,"POS,UPI,CARD",Cloned card POS terminal replay,0.018,45,6725.85,INR,PURCHASE,UPI,MOBILE_APP,1,0,Coimbatore,10.0,0,0,1,DEV-MOHANA-SAMSUNG-S23,mobile_android,0,BEN-CUST_MOHANA_002-TRUSTED,Trusted Household Vendor,13,0,2,15,0,0,0,None,Resolved Genuine,Standard Habitual Purchase,0
TXN-CUST_MOHANA_002-11225,2026-09-08 00:36:12,2026-09-08,00:36:12,0,1,0,1,CUST_MOHANA_002,180,Coimbatore,Tamil Nadu,Medium Risk / 12% Fraud Rate,M022,SkillSpring Academy,Education / Training,Professional Certifications & Tech Bootcamps,Chennai,Mylapore,Tamil Nadu,600004,13.0368,80.2676,8,22000.0,08:30-19:30,"ONLINE,NETBANKING,CARD,UPI",Stolen corporate card enrollments,0.028,70,11777.47,INR,PURCHASE,ONLINE,MOBILE_APP,0,0,Coimbatore,8.0,0,0,1,DEV-MOHANA-SAMSUNG-S23,mobile_android,0,BEN-CUST_MOHANA_002-TRUSTED,Trusted Household Vendor,5,0,1,10,0,0,0,None,Resolved Genuine,Standard Habitual Purchase,0
TXN-CUST_MOHANA_002-11226,2026-09-08 02:04:27,2026-09-08,02:04:27,2,1,0,1,CUST_MOHANA_002,180,Coimbatore,Tamil Nadu,Medium Risk / 12% Fraud Rate,M022,SkillSpring Academy,Education / Training,Professional Certifications & Tech Bootcamps,Chennai,Mylapore,Tamil Nadu,600004,13.0368,80.2676,8,22000.0,08:30-19:30,"ONLINE,NETBANKING,CARD,UPI",Stolen corporate card enrollments,0.028,70,43992.21,INR,P2P_TRANSFER,NETBANKING,WEB_PORTAL,0,0,Delhi,520.0,1,1,0,DEV-LAPTOP-CHROME-997,web_browser,1,BEN-NEW-192,Global Flight Booking,0,3,8,37,1,0,0,Geographic Anomaly / High Ticket Spike,Review Required,Sudden location velocity jump with new merchant,1
TXN-CUST_MOHANA_002-11227,2026-09-08 03:30:36,2026-09-08,03:30:36,3,1,0,1,CUST_MOHANA_002,180,Coimbatore,Tamil Nadu,Medium Risk / 12% Fraud Rate,M008,BeanCircuit Cafe,Cafe,Specialty Coffee & Bakery,Bengaluru,Indiranagar,Karnataka,560038,12.9784,77.6408,3,650.0,07:30-23:00,"UPI,POS,CARD",QR code spoofing / fast velocity dining,0.009,22,3491.34,INR,PURCHASE,CARD,MOBILE_APP,1,0,Coimbatore,9.0,0,0,1,DEV-MOHANA-SAMSUNG-S23,mobile_android,0,BEN-CUST_MOHANA_002-TRUSTED,Trusted Household Vendor,9,0,4,18,0,0,0,None,Resolved Genuine,Standard Habitual Purchase,0
TXN-CUST_MOHANA_002-11228,2026-09-08 04:55:30,2026-09-08,04:55:30,4,1,0,1,CUST_MOHANA_002,180,Coimbatore,Tamil Nadu,Medium Risk / 12% Fraud Rate,M013,CartNest Online,E-commerce,Multi-category Marketplace,Chennai,Guindy,Tamil Nadu,600032,13.0067,80.2026,5,6200.0,24_HOURS,"ONLINE,UPI,CARD,NETBANKING",Account takeover + triangulation shipping fraud,0.045,112,10020.06,INR,PURCHASE,NETBANKING,MOBILE_APP,0,0,Coimbatore,8.0,0,0,1,DEV-MOHANA-SAMSUNG-S23,mobile_android,0,BEN-CUST_MOHANA_002-TRUSTED,Trusted Household Vendor,6,1,3,19,0,0,0,None,Resolved Genuine,Standard Habitual Purchase,0
TXN-CUST_MOHANA_002-11229,2026-09-08 06:19:42,2026-09-08,06:19:42,6,1,0,0,CUST_MOHANA_002,180,Coimbatore,Tamil Nadu,Medium Risk / 12% Fraud Rate,M025,ShieldSure Services,Insurance Services,General & Health Insurance Premium,Chennai,Egmore,Tamil Nadu,600008,13.0784,80.2607,13,14000.0,09:30-18:00,"ONLINE,NETBANKING,CARD",Premium diversion / fake policy payment slips,0.019,47,12492.25,INR,PURCHASE,CARD,MOBILE_APP,0,0,Coimbatore,5.0,0,0,1,DEV-MOHANA-SAMSUNG-S23,mobile_android,0,BEN-CUST_MOHANA_002-TRUSTED,Trusted Household Vendor,6,1,3,20,0,0,0,None,Resolved Genuine,Standard Habitual Purchase,0
TXN-CUST_MOHANA_002-11230,2026-09-08 07:44:38,2026-09-08,07:44:38,7,1,0,0,CUST_MOHANA_002,180,Coimbatore,Tamil Nadu,Medium Risk / 12% Fraud Rate,M025,ShieldSure Services,Insurance Services,General & Health Insurance Premium,Chennai,Egmore,Tamil Nadu,600008,13.0784,80.2607,13,14000.0,09:30-18:00,"ONLINE,NETBANKING,CARD",Premium diversion / fake policy payment slips,0.019,47,4207.42,INR,PURCHASE,NETBANKING,MOBILE_APP,0,0,Coimbatore,9.0,0,0,1,DEV-MOHANA-SAMSUNG-S23,mobile_android,0,BEN-CUST_MOHANA_002-TRUSTED,Trusted Household Vendor,15,0,3,14,0,0,0,None,Resolved Genuine,Standard Habitual Purchase,0
TXN-CUST_MOHANA_002-11231,2026-09-08 09:13:52,2026-09-08,09:13:52,9,1,0,0,CUST_MOHANA_002,180,Coimbatore,Tamil Nadu,Medium Risk / 12% Fraud Rate,M028,CraftCove Home Decor,Home Decor,Handicrafts & Art Pieces,Thanjavur,Medical College Road,Tamil Nadu,613004,10.7684,79.1245,8,7400.0,09:30-20:30,"POS,UPI,CARD,ONLINE",Cross-border tourist chargebacks,0.023,57,7481.1,INR,PURCHASE,CARD,MOBILE_APP,1,0,Coimbatore,12.0,0,0,1,DEV-MOHANA-SAMSUNG-S23,mobile_android,0,BEN-CUST_MOHANA_002-TRUSTED,Trusted Household Vendor,4,0,2,17,0,0,0,None,Resolved Genuine,Standard Habitual Purchase,0
TXN-CUST_MOHANA_002-11232,2026-09-08 10:43:15,2026-09-08,10:43:15,10,1,0,0,CUST_MOHANA_002,180,Coimbatore,Tamil Nadu,Medium Risk / 12% Fraud Rate,M008,BeanCircuit Cafe,Cafe,Specialty Coffee & Bakery,Bengaluru,Indiranagar,Karnataka,560038,12.9784,77.6408,3,650.0,07:30-23:00,"UPI,POS,CARD",QR code spoofing / fast velocity dining,0.009,22,1641.17,INR,PURCHASE,UPI,WEB_PORTAL,0,0,Delhi,720.0,1,1,0,DEV-LAPTOP-CHROME-829,web_browser,0,BEN-CUST_MOHANA_002-01,Self Family Transfer,3,2,5,28,1,0,0,Geographic Anomaly / High Ticket Spike,Review Required,Sudden location velocity jump with new merchant,1
TXN-CUST_MOHANA_002-11233,2026-09-08 12:06:53,2026-09-08,12:06:53,12,1,0,0,CUST_MOHANA_002,180,Coimbatore,Tamil Nadu,Medium Risk / 12% Fraud Rate,M013,CartNest Online,E-commerce,Multi-category Marketplace,Chennai,Guindy,Tamil Nadu,600032,13.0067,80.2026,5,6200.0,24_HOURS,"ONLINE,UPI,CARD,NETBANKING",Account takeover + triangulation shipping fraud,0.045,112,11629.33,INR,PURCHASE,ONLINE,MOBILE_APP,0,0,Coimbatore,10.0,0,0,1,DEV-MOHANA-SAMSUNG-S23,mobile_android,0,BEN-CUST_MOHANA_002-TRUSTED,Trusted Household Vendor,7,0,4,20,0,0,0,None,Resolved Genuine,Standard Habitual Purchase,0
TXN-CUST_MOHANA_002-11234,2026-09-08 13:32:31,2026-09-08,13:32:31,13,1,0,0,CUST_MOHANA_002,180,Coimbatore,Tamil Nadu,Medium Risk / 12% Fraud Rate,M010,HarborView Residency,Hotel / Hospitality,Business & Luxury Hotel,Chennai,OMR,Tamil Nadu,600096,12.9165,80.2285,6,9500.0,24_HOURS,"ONLINE,POS,CARD,TRANSFER",Online travel booking fraud with stolen corporate credentials,0.041,102,9182.87,INR,PURCHASE,ONLINE,MOBILE_APP,1,0,Coimbatore,8.0,0,0,1,DEV-MOHANA-SAMSUNG-S23,mobile_android,0,BEN-CUST_MOHANA_002-TRUSTED,Trusted Household Vendor,5,0,2,14,0,0,0,None,Resolved Genuine,Standard Habitual Purchase,0
TXN-CUST_MOHANA_002-11235,2026-09-08 14:57:02,2026-09-08,14:57:02,14,1,0,0,CUST_MOHANA_002,180,Coimbatore,Tamil Nadu,Medium Risk / 12% Fraud Rate,M017,AutoForge Parts,Spare Parts,OEM Industrial & Auto Components,Hosur,Mookandapalli,Tamil Nadu,635126,12.7409,77.8253,15,16500.0,09:00-19:30,"TRANSFER,POS,CARD",Business email compromise / fake beneficiary update,0.033,82,7346.91,INR,PURCHASE,POS,MOBILE_APP,1,0,Coimbatore,3.0,0,0,1,DEV-MOHANA-SAMSUNG-S23,mobile_android,0,BEN-CUST_MOHANA_002-TRUSTED,Trusted Household Vendor,3,0,2,16,0,0,0,None,Resolved Genuine,Standard Habitual Purchase,0
TXN-CUST_MOHANA_002-11236,2026-09-08 16:22:50,2026-09-08,16:22:50,16,1,0,0,CUST_MOHANA_002,180,Coimbatore,Tamil Nadu,Medium Risk / 12% Fraud Rate,M015,HomeSphere Appliances,Home Appliances,"Refrigerators, ACs & Kitchen Tech",Coimbatore,Saibaba Colony,Tamil Nadu,641011,11.0315,76.945,9,27500.0,09:30-21:00,"POS,EMI,CARD,UPI",Carding attacks with immediate in-store pickup,0.038,95,13076.0,INR,PURCHASE,CARD,MOBILE_APP,1,0,Coimbatore,10.0,0,0,1,DEV-MOHANA-SAMSUNG-S23,mobile_android,0,BEN-CUST_MOHANA_002-TRUSTED,Trusted Household Vendor,6,0,2,16,0,0,0,None,Resolved Genuine,Standard Habitual Purchase,0
TXN-CUST_MOHANA_002-11237,2026-09-08 17:49:53,2026-09-08,17:49:53,17,1,0,0,CUST_MOHANA_002,180,Coimbatore,Tamil Nadu,Medium Risk / 12% Fraud Rate,M019,ArenaSport World,Sports Retail,Fitness Equipment & Sports Wear,Chennai,Nungambakkam,Tamil Nadu,600034,13.0604,80.2405,6,5600.0,10:00-21:30,"POS,ONLINE,UPI,CARD",Stolen card chargeback on premium sports gear,0.026,65,12668.55,INR,PURCHASE,ONLINE,MOBILE_APP,1,0,Coimbatore,10.0,0,0,1,DEV-MOHANA-SAMSUNG-S23,mobile_android,0,BEN-CUST_MOHANA_002-TRUSTED,Trusted Household Vendor,12,0,2,13,0,0,0,None,Resolved Genuine,Standard Habitual Purchase,0
TXN-CUST_MOHANA_002-11238,2026-09-08 19:15:13,2026-09-08,19:15:13,19,1,0,0,CUST_MOHANA_002,180,Coimbatore,Tamil Nadu,Medium Risk / 12% Fraud Rate,M018,PageTurn Book House,Bookstore,"Academic, Fiction & Stationery",Trichy,Thillai Nagar,Tamil Nadu,620018,10.8282,78.6854,16,850.0,09:00-21:30,"POS,UPI,CARD,ONLINE",Low-value card testing bots,0.008,20,10895.0,INR,PURCHASE,ONLINE,MOBILE_APP,1,0,Coimbatore,14.0,0,0,1,DEV-MOHANA-SAMSUNG-S23,mobile_android,0,BEN-CUST_MOHANA_002-TRUSTED,Trusted Household Vendor,14,0,4,25,0,0,0,None,Resolved Genuine,Standard Habitual Purchase,0
TXN-CUST_MOHANA_002-11239,2026-09-08 20:42:17,2026-09-08,20:42:17,20,1,0,0,CUST_MOHANA_002,180,Coimbatore,Tamil Nadu,Medium Risk / 12% Fraud Rate,M012,DashDine Delivery,Food Delivery,Quick Commerce & Meal Delivery,Chennai,Sholinganallur,Tamil Nadu,600119,12.901,80.2279,4,520.0,06:00-02:00,"UPI,CARD,ONLINE,WALLET",Promo code abuse / stolen wallet balances,0.014,35,12746.92,INR,PURCHASE,ONLINE,MOBILE_APP,0,0,Coimbatore,7.0,0,0,1,DEV-MOHANA-SAMSUNG-S23,mobile_android,0,BEN-CUST_MOHANA_002-TRUSTED,Trusted Household Vendor,6,1,1,14,0,0,0,None,Resolved Genuine,Standard Habitual Purchase,0
TXN-CUST_MOHANA_002-11240,2026-09-08 22:06:43,2026-09-08,22:06:43,22,1,0,0,CUST_MOHANA_002,180,Coimbatore,Tamil Nadu,Medium Risk / 12% Fraud Rate,M017,AutoForge Parts,Spare Parts,OEM Industrial & Auto Components,Hosur,Mookandapalli,Tamil Nadu,635126,12.7409,77.8253,15,16500.0,09:00-19:30,"TRANSFER,POS,CARD",Business email compromise / fake beneficiary update,0.033,82,13064.78,INR,PURCHASE,POS,MOBILE_APP,1,0,Coimbatore,13.0,0,0,1,DEV-MOHANA-SAMSUNG-S23,mobile_android,0,BEN-CUST_MOHANA_002-TRUSTED,Trusted Household Vendor,4,0,2,13,0,0,0,None,Resolved Genuine,Standard Habitual Purchase,0
TXN-CUST_MOHANA_002-11241,2026-09-08 23:33:44,2026-09-08,23:33:44,23,1,0,1,CUST_MOHANA_002,180,Coimbatore,Tamil Nadu,Medium Risk / 12% Fraud Rate,M024,LinkWave Telecom,Telecom Retail,Fiber Broadband & Postpaid Plans,Erode,Perundurai Road,Tamil Nadu,638011,11.341,77.7172,10,1950.0,09:30-20:30,"UPI,CARD,ONLINE,POS",SIM swap bill recharge surges,0.017,42,5333.91,INR,PURCHASE,POS,MOBILE_APP,1,0,Coimbatore,13.0,0,0,1,DEV-MOHANA-SAMSUNG-S23,mobile_android,0,BEN-CUST_MOHANA_002-TRUSTED,Trusted Household Vendor,5,0,2,10,0,0,0,None,Resolved Genuine,Standard Habitual Purchase,0
TXN-CUST_MOHANA_002-11242,2026-09-09 00:57:18,2026-09-09,00:57:18,0,2,0,1,CUST_MOHANA_002,180,Coimbatore,Tamil Nadu,Medium Risk / 12% Fraud Rate,M029,CloudDesk Digital,Software / Digital Services,Cloud Infrastructure & SaaS Tools,Bengaluru,Whitefield,Karnataka,560066,12.9698,77.7499,7,19800.0,24_HOURS,"ONLINE,CARD,TRANSFER",Cryptomining VM rental with stolen credit cards,0.058,145,4078.28,INR,PURCHASE,ONLINE,MOBILE_APP,0,0,Coimbatore,5.0,0,0,1,DEV-MOHANA-SAMSUNG-S23,mobile_android,0,BEN-CUST_MOHANA_002-TRUSTED,Trusted Household Vendor,9,1,4,19,0,0,0,None,Resolved Genuine,Standard Habitual Purchase,0
TXN-CUST_MOHANA_002-11243,2026-09-09 02:26:27,2026-09-09,02:26:27,2,2,0,1,CUST_MOHANA_002,180,Coimbatore,Tamil Nadu,Medium Risk / 12% Fraud Rate,M010,HarborView Residency,Hotel / Hospitality,Business & Luxury Hotel,Chennai,OMR,Tamil Nadu,600096,12.9165,80.2285,6,9500.0,24_HOURS,"ONLINE,POS,CARD,TRANSFER",Online travel booking fraud with stolen corporate credentials,0.041,102,10960.15,INR,PURCHASE,ONLINE,MOBILE_APP,1,0,Coimbatore,11.0,0,0,1,DEV-MOHANA-SAMSUNG-S23,mobile_android,0,BEN-CUST_MOHANA_002-TRUSTED,Trusted Household Vendor,7,0,1,9,0,0,0,None,Resolved Genuine,Standard Habitual Purchase,0
TXN-CUST_MOHANA_002-11244,2026-09-09 03:51:39,2026-09-09,03:51:39,3,2,0,1,CUST_MOHANA_002,180,Coimbatore,Tamil Nadu,Medium Risk / 12% Fraud Rate,M001,NovaMart Fresh,Grocery & Supermarket,Supermarket / Hypermarket,Chennai,T Nagar,Tamil Nadu,600017,13.0418,80.2341,8,1250.0,07:00-22:30,"POS,UPI,CARD,ONLINE",Card testing / micro-burst velocity,0.012,30,5482.08,INR,PURCHASE,ONLINE,MOBILE_APP,1,0,Coimbatore,13.0,0,0,1,DEV-MOHANA-SAMSUNG-S23,mobile_android,0,BEN-CUST_MOHANA_002-TRUSTED,Trusted Household Vendor,5,0,3,16,0,0,0,None,Resolved Genuine,Standard Habitual Purchase,0
TXN-CUST_MOHANA_002-11245,2026-09-09 05:15:15,2026-09-09,05:15:15,5,2,0,1,CUST_MOHANA_002,180,Coimbatore,Tamil Nadu,Medium Risk / 12% Fraud Rate,M020,GameGrid Arena,Gaming,"Esports, Consoles & Virtual Credits",Bengaluru,Koramangala,Karnataka,560095,12.9352,77.6245,4,3400.0,10:00-01:00,"ONLINE,UPI,CARD,WALLET",Virtual item laundering & bot-driven micro transactions,0.055,137,8691.1,INR,PURCHASE,UPI,MOBILE_APP,0,0,Hyderabad,692.0,1,0,1,DEV-MOHANA-SAMSUNG-S23,mobile_android,0,BEN-CUST_MOHANA_002-01,Self Family Transfer,3,3,5,26,1,0,0,Geographic Anomaly / High Ticket Spike,Review Required,Sudden location velocity jump with new merchant,1
TXN-CUST_MOHANA_002-11246,2026-09-09 06:44:06,2026-09-09,06:44:06,6,2,0,0,CUST_MOHANA_002,180,Coimbatore,Tamil Nadu,Medium Risk / 12% Fraud Rate,M011,SkyTrail Travels,Travel Agency,Flight & International Tour Packages,Coimbatore,Gandhipuram,Tamil Nadu,641012,11.0183,76.9664,11,44000.0,09:00-20:00,"ONLINE,TRANSFER,CARD",Mule-account ticket arbitrage & fast cancellation fraud,0.052,130,9735.06,INR,PURCHASE,ONLINE,MOBILE_APP,0,0,Coimbatore,12.0,0,0,1,DEV-MOHANA-SAMSUNG-S23,mobile_android,0,BEN-CUST_MOHANA_002-TRUSTED,Trusted Household Vendor,11,0,1,9,0,0,0,None,Resolved Genuine,Standard Habitual Purchase,0
TXN-CUST_MOHANA_002-11247,2026-09-09 08:09:31,2026-09-09,08:09:31,8,2,0,0,CUST_MOHANA_002,180,Coimbatore,Tamil Nadu,Medium Risk / 12% Fraud Rate,M008,BeanCircuit Cafe,Cafe,Specialty Coffee & Bakery,Bengaluru,Indiranagar,Karnataka,560038,12.9784,77.6408,3,650.0,07:30-23:00,"UPI,POS,CARD",QR code spoofing / fast velocity dining,0.009,22,1198.19,INR,P2P_TRANSFER,CARD,MOBILE_APP,0,0,Delhi,738.0,1,0,1,DEV-MOHANA-SAMSUNG-S23,mobile_android,1,BEN-NEW-367,Global Flight Booking,0,4,10,48,1,0,0,Geographic Anomaly / High Ticket Spike,Review Required,Sudden location velocity jump with new merchant,1
TXN-CUST_MOHANA_002-11248,2026-09-09 09:33:40,2026-09-09,09:33:40,9,2,0,0,CUST_MOHANA_002,180,Coimbatore,Tamil Nadu,Medium Risk / 12% Fraud Rate,M019,ArenaSport World,Sports Retail,Fitness Equipment & Sports Wear,Chennai,Nungambakkam,Tamil Nadu,600034,13.0604,80.2405,6,5600.0,10:00-21:30,"POS,ONLINE,UPI,CARD",Stolen card chargeback on premium sports gear,0.026,65,17450.89,INR,P2P_TRANSFER,ONLINE,MOBILE_APP,0,0,Hyderabad,334.0,1,0,1,DEV-MOHANA-SAMSUNG-S23,mobile_android,1,BEN-NEW-646,Global Flight Booking,0,4,10,42,1,0,0,Geographic Anomaly / High Ticket Spike,Review Required,Sudden location velocity jump with new merchant,1
TXN-CUST_MOHANA_002-11249,2026-09-09 10:57:35,2026-09-09,10:57:35,10,2,0,0,CUST_MOHANA_002,180,Coimbatore,Tamil Nadu,Medium Risk / 12% Fraud Rate,M022,SkillSpring Academy,Education / Training,Professional Certifications & Tech Bootcamps,Chennai,Mylapore,Tamil Nadu,600004,13.0368,80.2676,8,22000.0,08:30-19:30,"ONLINE,NETBANKING,CARD,UPI",Stolen corporate card enrollments,0.028,70,7117.85,INR,PURCHASE,UPI,MOBILE_APP,0,0,Coimbatore,11.0,0,0,1,DEV-MOHANA-SAMSUNG-S23,mobile_android,0,BEN-CUST_MOHANA_002-TRUSTED,Trusted Household Vendor,12,0,4,24,0,0,0,None,Resolved Genuine,Standard Habitual Purchase,0
TXN-CUST_MOHANA_002-11250,2026-09-09 12:21:35,2026-09-09,12:21:35,12,2,0,0,CUST_MOHANA_002,180,Coimbatore,Tamil Nadu,Medium Risk / 12% Fraud Rate,M017,AutoForge Parts,Spare Parts,OEM Industrial & Auto Components,Hosur,Mookandapalli,Tamil Nadu,635126,12.7409,77.8253,15,16500.0,09:00-19:30,"TRANSFER,POS,CARD",Business email compromise / fake beneficiary update,0.033,82,7792.26,INR,PURCHASE,CARD,MOBILE_APP,1,0,Coimbatore,6.0,0,0,1,DEV-MOHANA-SAMSUNG-S23,mobile_android,0,BEN-CUST_MOHANA_002-TRUSTED,Trusted Household Vendor,15,0,2,14,0,0,0,None,Resolved Genuine,Standard Habitual Purchase,0
TXN-CUST_MOHANA_002-11251,2026-09-09 13:50:05,2026-09-09,13:50:05,13,2,0,0,CUST_MOHANA_002,180,Coimbatore,Tamil Nadu,Medium Risk / 12% Fraud Rate,M001,NovaMart Fresh,Grocery & Supermarket,Supermarket / Hypermarket,Chennai,T Nagar,Tamil Nadu,600017,13.0418,80.2341,8,1250.0,07:00-22:30,"POS,UPI,CARD,ONLINE",Card testing / micro-burst velocity,0.012,30,6558.12,INR,PURCHASE,POS,MOBILE_APP,1,0,Coimbatore,13.0,0,0,1,DEV-MOHANA-SAMSUNG-S23,mobile_android,0,BEN-CUST_MOHANA_002-TRUSTED,Trusted Household Vendor,7,0,4,20,0,0,0,None,Resolved Genuine,Standard Habitual Purchase,0
TXN-CUST_MOHANA_002-11252,2026-09-09 15:15:23,2026-09-09,15:15:23,15,2,0,0,CUST_MOHANA_002,180,Coimbatore,Tamil Nadu,Medium Risk / 12% Fraud Rate,M003,Pulse Mobile Hub,Mobile Store,Smartphones & Accessories,Chennai,Tambaram,Tamil Nadu,600045,12.9249,80.1278,4,18500.0,09:30-21:30,"POS,UPI,CARD",New device abuse / rapid checkout surge,0.035,87,10097.81,INR,PURCHASE,POS,MOBILE_APP,1,0,Coimbatore,8.0,0,0,1,DEV-MOHANA-SAMSUNG-S23,mobile_android,0,BEN-CUST_MOHANA_002-TRUSTED,Trusted Household Vendor,9,0,3,14,0,0,0,None,Resolved Genuine,Standard Habitual Purchase,0
TXN-CUST_MOHANA_002-11253,2026-09-09 16:39:06,2026-09-09,16:39:06,16,2,0,0,CUST_MOHANA_002,180,Coimbatore,Tamil Nadu,Medium Risk / 12% Fraud Rate,M016,MotoCare Garage,Auto Service,Car Service & Detailing Hub,Chennai,Pallikaranai,Tamil Nadu,600100,12.9372,80.2014,7,8900.0,08:30-20:30,"POS,UPI,CARD",Over-invoicing / synthetic card payments,0.021,52,8457.85,INR,PURCHASE,POS,MOBILE_APP,1,0,Coimbatore,11.0,0,0,1,DEV-MOHANA-SAMSUNG-S23,mobile_android,0,BEN-CUST_MOHANA_002-TRUSTED,Trusted Household Vendor,8,1,4,21,0,0,0,None,Resolved Genuine,Standard Habitual Purchase,0
TXN-CUST_MOHANA_002-11254,2026-09-09 18:05:01,2026-09-09,18:05:01,18,2,0,0,CUST_MOHANA_002,180,Coimbatore,Tamil Nadu,Medium Risk / 12% Fraud Rate,M025,ShieldSure Services,Insurance Services,General & Health Insurance Premium,Chennai,Egmore,Tamil Nadu,600008,13.0784,80.2607,13,14000.0,09:30-18:00,"ONLINE,NETBANKING,CARD",Premium diversion / fake policy payment slips,0.019,47,9271.11,INR,PURCHASE,CARD,MOBILE_APP,0,0,Coimbatore,11.0,0,0,1,DEV-MOHANA-SAMSUNG-S23,mobile_android,0,BEN-CUST_MOHANA_002-TRUSTED,Trusted Household Vendor,5,1,1,11,0,0,0,None,Resolved Genuine,Standard Habitual Purchase,0
TXN-CUST_MOHANA_002-11255,2026-09-09 19:33:25,2026-09-09,19:33:25,19,2,0,0,CUST_MOHANA_002,180,Coimbatore,Tamil Nadu,Medium Risk / 12% Fraud Rate,M024,LinkWave Telecom,Telecom Retail,Fiber Broadband & Postpaid Plans,Erode,Perundurai Road,Tamil Nadu,638011,11.341,77.7172,10,1950.0,09:30-20:30,"UPI,CARD,ONLINE,POS",SIM swap bill recharge surges,0.017,42,11925.42,INR,PURCHASE,POS,MOBILE_APP,1,0,Coimbatore,10.0,0,0,1,DEV-MOHANA-SAMSUNG-S23,mobile_android,0,BEN-CUST_MOHANA_002-TRUSTED,Trusted Household Vendor,11,0,2,13,0,0,0,None,Resolved Genuine,Standard Habitual Purchase,0
TXN-CUST_MOHANA_002-11256,2026-09-09 20:58:05,2026-09-09,20:58:05,20,2,0,0,CUST_MOHANA_002,180,Coimbatore,Tamil Nadu,Medium Risk / 12% Fraud Rate,M002,CircuitBay Electronics,Consumer Electronics,Laptops & Gadgets,Chennai,Velachery,Tamil Nadu,600042,12.9759,80.2212,6,32000.0,10:00-21:30,"POS,ONLINE,EMI,UPI",Stolen payment details / high-ticket electronics delivery,0.048,120,5336.75,INR,PURCHASE,EMI,MOBILE_APP,1,0,Coimbatore,12.0,0,0,1,DEV-MOHANA-SAMSUNG-S23,mobile_android,0,BEN-CUST_MOHANA_002-TRUSTED,Trusted Household Vendor,7,1,3,21,0,0,0,None,Resolved Genuine,Standard Habitual Purchase,0
TXN-CUST_MOHANA_002-11257,2026-09-09 22:23:12,2026-09-09,22:23:12,22,2,0,0,CUST_MOHANA_002,180,Coimbatore,Tamil Nadu,Medium Risk / 12% Fraud Rate,M020,GameGrid Arena,Gaming,"Esports, Consoles & Virtual Credits",Bengaluru,Koramangala,Karnataka,560095,12.9352,77.6245,4,3400.0,10:00-01:00,"ONLINE,UPI,CARD,WALLET",Virtual item laundering & bot-driven micro transactions,0.055,137,3400.87,INR,PURCHASE,WALLET,MOBILE_APP,0,0,Coimbatore,5.0,0,0,1,DEV-MOHANA-SAMSUNG-S23,mobile_android,0,BEN-CUST_MOHANA_002-TRUSTED,Trusted Household Vendor,10,0,1,8,0,0,0,None,Resolved Genuine,Standard Habitual Purchase,0
TXN-CUST_MOHANA_002-11258,2026-09-09 23:51:15,2026-09-09,23:51:15,23,2,0,1,CUST_MOHANA_002,180,Coimbatore,Tamil Nadu,Medium Risk / 12% Fraud Rate,M011,SkyTrail Travels,Travel Agency,Flight & International Tour Packages,Coimbatore,Gandhipuram,Tamil Nadu,641012,11.0183,76.9664,11,44000.0,09:00-20:00,"ONLINE,TRANSFER,CARD",Mule-account ticket arbitrage & fast cancellation fraud,0.052,130,13461.74,INR,PURCHASE,TRANSFER,MOBILE_APP,0,0,Coimbatore,15.0,0,0,1,DEV-MOHANA-SAMSUNG-S23,mobile_android,0,BEN-CUST_MOHANA_002-TRUSTED,Trusted Household Vendor,14,0,1,12,0,0,0,None,Resolved Genuine,Standard Habitual Purchase,0
TXN-CUST_MOHANA_002-11259,2026-09-10 01:16:34,2026-09-10,01:16:34,1,3,0,1,CUST_MOHANA_002,180,Coimbatore,Tamil Nadu,Medium Risk / 12% Fraud Rate,M025,ShieldSure Services,Insurance Services,General & Health Insurance Premium,Chennai,Egmore,Tamil Nadu,600008,13.0784,80.2607,13,14000.0,09:30-18:00,"ONLINE,NETBANKING,CARD",Premium diversion / fake policy payment slips,0.019,47,40038.29,INR,PURCHASE,NETBANKING,WEB_PORTAL,0,0,Hyderabad,334.0,1,1,0,DEV-LAPTOP-CHROME-582,web_browser,0,BEN-CUST_MOHANA_002-01,Self Family Transfer,3,4,8,35,1,0,0,Geographic Anomaly / High Ticket Spike,Review Required,Sudden location velocity jump with new merchant,1
TXN-CUST_MOHANA_002-11260,2026-09-10 02:42:52,2026-09-10,02:42:52,2,3,0,1,CUST_MOHANA_002,180,Coimbatore,Tamil Nadu,Medium Risk / 12% Fraud Rate,M008,BeanCircuit Cafe,Cafe,Specialty Coffee & Bakery,Bengaluru,Indiranagar,Karnataka,560038,12.9784,77.6408,3,650.0,07:30-23:00,"UPI,POS,CARD",QR code spoofing / fast velocity dining,0.009,22,13202.34,INR,PURCHASE,POS,MOBILE_APP,1,0,Coimbatore,3.0,0,0,1,DEV-MOHANA-SAMSUNG-S23,mobile_android,0,BEN-CUST_MOHANA_002-TRUSTED,Trusted Household Vendor,4,0,3,19,0,0,0,None,Resolved Genuine,Standard Habitual Purchase,0
TXN-CUST_MOHANA_002-11261,2026-09-10 04:08:34,2026-09-10,04:08:34,4,3,0,1,CUST_MOHANA_002,180,Coimbatore,Tamil Nadu,Medium Risk / 12% Fraud Rate,M009,RapidFuel Station,Fuel Station,"Petrol, Diesel & EV Fast Charge",Salem,Fairlands,Tamil Nadu,636016,11.6643,78.146,9,3100.0,24_HOURS,"POS,FLEET_CARD,UPI",Automated fleet card skimming,0.024,60,3777.8,INR,PURCHASE,POS,MOBILE_APP,1,0,Coimbatore,14.0,0,0,1,DEV-MOHANA-SAMSUNG-S23,mobile_android,0,BEN-CUST_MOHANA_002-TRUSTED,Trusted Household Vendor,11,1,3,19,0,0,0,None,Resolved Genuine,Standard Habitual Purchase,0
TXN-CUST_MOHANA_002-11262,2026-09-10 05:34:03,2026-09-10,05:34:03,5,3,0,1,CUST_MOHANA_002,180,Coimbatore,Tamil Nadu,Medium Risk / 12% Fraud Rate,M024,LinkWave Telecom,Telecom Retail,Fiber Broadband & Postpaid Plans,Erode,Perundurai Road,Tamil Nadu,638011,11.341,77.7172,10,1950.0,09:30-20:30,"UPI,CARD,ONLINE,POS",SIM swap bill recharge surges,0.017,42,4206.35,INR,PURCHASE,ONLINE,MOBILE_APP,1,0,Coimbatore,12.0,0,0,1,DEV-MOHANA-SAMSUNG-S23,mobile_android,0,BEN-CUST_MOHANA_002-TRUSTED,Trusted Household Vendor,10,0,3,18,0,0,0,None,Resolved Genuine,Standard Habitual Purchase,0
TXN-CUST_MOHANA_002-11263,2026-09-10 07:01:46,2026-09-10,07:01:46,7,3,0,0,CUST_MOHANA_002,180,Coimbatore,Tamil Nadu,Medium Risk / 12% Fraud Rate,M020,GameGrid Arena,Gaming,"Esports, Consoles & Virtual Credits",Bengaluru,Koramangala,Karnataka,560095,12.9352,77.6245,4,3400.0,10:00-01:00,"ONLINE,UPI,CARD,WALLET",Virtual item laundering & bot-driven micro transactions,0.055,137,7402.49,INR,PURCHASE,ONLINE,MOBILE_APP,0,0,Coimbatore,6.0,0,0,1,DEV-MOHANA-SAMSUNG-S23,mobile_android,0,BEN-CUST_MOHANA_002-TRUSTED,Trusted Household Vendor,9,0,1,13,0,0,0,None,Resolved Genuine,Standard Habitual Purchase,0
TXN-CUST_MOHANA_002-11264,2026-09-10 08:30:05,2026-09-10,08:30:05,8,3,0,0,CUST_MOHANA_002,180,Coimbatore,Tamil Nadu,Medium Risk / 12% Fraud Rate,M001,NovaMart Fresh,Grocery & Supermarket,Supermarket / Hypermarket,Chennai,T Nagar,Tamil Nadu,600017,13.0418,80.2341,8,1250.0,07:00-22:30,"POS,UPI,CARD,ONLINE",Card testing / micro-burst velocity,0.012,30,3915.9,INR,PURCHASE,CARD,MOBILE_APP,1,0,Coimbatore,1.0,0,0,1,DEV-MOHANA-SAMSUNG-S23,mobile_android,0,BEN-CUST_MOHANA_002-TRUSTED,Trusted Household Vendor,14,0,1,11,0,0,0,None,Resolved Genuine,Standard Habitual Purchase,0
TXN-CUST_MOHANA_002-11265,2026-09-10 09:58:51,2026-09-10,09:58:51,9,3,0,0,CUST_MOHANA_002,180,Coimbatore,Tamil Nadu,Medium Risk / 12% Fraud Rate,M004,Aurelia Gold House,Jewellery,Gold & Diamond Jewellery,Coimbatore,RS Puram,Tamil Nadu,641002,11.0089,76.9514,14,78000.0,10:00-20:30,"POS,CARD,TRANSFER",Account takeover / card-not-present luxury surge,0.065,162,8903.68,INR,PURCHASE,TRANSFER,MOBILE_APP,1,0,Coimbatore,1.0,0,0,1,DEV-MOHANA-SAMSUNG-S23,mobile_android,0,BEN-CUST_MOHANA_002-TRUSTED,Trusted Household Vendor,12,0,2,18,0,0,0,None,Resolved Genuine,Standard Habitual Purchase,0
TXN-CUST_MOHANA_002-11266,2026-09-10 11:23:09,2026-09-10,11:23:09,11,3,0,0,CUST_MOHANA_002,180,Coimbatore,Tamil Nadu,Medium Risk / 12% Fraud Rate,M003,Pulse Mobile Hub,Mobile Store,Smartphones & Accessories,Chennai,Tambaram,Tamil Nadu,600045,12.9249,80.1278,4,18500.0,09:30-21:30,"POS,UPI,CARD",New device abuse / rapid checkout surge,0.035,87,11603.57,INR,PURCHASE,POS,MOBILE_APP,1,0,Coimbatore,1.0,0,0,1,DEV-MOHANA-SAMSUNG-S23,mobile_android,0,BEN-CUST_MOHANA_002-TRUSTED,Trusted Household Vendor,9,0,4,18,0,0,0,None,Resolved Genuine,Standard Habitual Purchase,0
TXN-CUST_MOHANA_002-11267,2026-09-10 12:47:58,2026-09-10,12:47:58,12,3,0,0,CUST_MOHANA_002,180,Coimbatore,Tamil Nadu,Medium Risk / 12% Fraud Rate,M012,DashDine Delivery,Food Delivery,Quick Commerce & Meal Delivery,Chennai,Sholinganallur,Tamil Nadu,600119,12.901,80.2279,4,520.0,06:00-02:00,"UPI,CARD,ONLINE,WALLET",Promo code abuse / stolen wallet balances,0.014,35,1602.37,INR,PURCHASE,UPI,MOBILE_APP,0,0,Delhi,1000.0,1,0,1,DEV-MOHANA-SAMSUNG-S23,mobile_android,0,BEN-CUST_MOHANA_002-01,Self Family Transfer,3,3,9,45,1,0,0,Geographic Anomaly / High Ticket Spike,Review Required,Sudden location velocity jump with new merchant,1
TXN-CUST_MOHANA_002-11268,2026-09-10 14:14:35,2026-09-10,14:14:35,14,3,0,0,CUST_MOHANA_002,180,Coimbatore,Tamil Nadu,Medium Risk / 12% Fraud Rate,M001,NovaMart Fresh,Grocery & Supermarket,Supermarket / Hypermarket,Chennai,T Nagar,Tamil Nadu,600017,13.0418,80.2341,8,1250.0,07:00-22:30,"POS,UPI,CARD,ONLINE",Card testing / micro-burst velocity,0.012,30,4945.83,INR,PURCHASE,ONLINE,MOBILE_APP,1,0,Coimbatore,6.0,0,0,1,DEV-MOHANA-SAMSUNG-S23,mobile_android,0,BEN-CUST_MOHANA_002-TRUSTED,Trusted Household Vendor,4,1,3,18,0,0,0,None,Resolved Genuine,Standard Habitual Purchase,0
TXN-CUST_MOHANA_002-11269,2026-09-10 15:42:08,2026-09-10,15:42:08,15,3,0,0,CUST_MOHANA_002,180,Coimbatore,Tamil Nadu,Medium Risk / 12% Fraud Rate,M023,SwiftBox Logistics,Courier / Logistics,Express Parcel & Freight Delivery,Tiruppur,Avinashi Road,Tamil Nadu,641603,11.1085,77.3411,9,4200.0,08:00-21:00,"POS,UPI,CARD,ONLINE",Interception fraud / address redirection,0.02,50,9523.19,INR,PURCHASE,ONLINE,MOBILE_APP,1,0,Coimbatore,14.0,0,0,1,DEV-MOHANA-SAMSUNG-S23,mobile_android,0,BEN-CUST_MOHANA_002-TRUSTED,Trusted Household Vendor,8,0,2,12,0,0,0,None,Resolved Genuine,Standard Habitual Purchase,0
TXN-CUST_MOHANA_002-11270,2026-09-10 17:06:44,2026-09-10,17:06:44,17,3,0,0,CUST_MOHANA_002,180,Coimbatore,Tamil Nadu,Medium Risk / 12% Fraud Rate,M007,SpiceRoute Kitchen,Restaurant,Fine Dining & Chettinad,Chennai,Adyar,Tamil Nadu,600020,13.0012,80.2565,7,2200.0,11:30-23:30,"POS,UPI,CARD",Cloned card POS terminal replay,0.018,45,9569.99,INR,PURCHASE,CARD,MOBILE_APP,1,0,Coimbatore,8.0,0,0,1,DEV-MOHANA-SAMSUNG-S23,mobile_android,0,BEN-CUST_MOHANA_002-TRUSTED,Trusted Household Vendor,11,0,1,6,0,0,0,None,Resolved Genuine,Standard Habitual Purchase,0
TXN-CUST_MOHANA_002-11271,2026-09-10 18:34:42,2026-09-10,18:34:42,18,3,0,0,CUST_MOHANA_002,180,Coimbatore,Tamil Nadu,Medium Risk / 12% Fraud Rate,M027,BrickHarbor Realty,Real Estate / Property Services,Rental Escrow & Facility Management,Chennai,Porur,Tamil Nadu,600116,13.035,80.16,11,65000.0,09:00-19:00,"TRANSFER,NETBANKING,CARD",Security deposit phishing / escrow hijacking,0.039,97,7806.43,INR,PURCHASE,CARD,MOBILE_APP,0,0,Coimbatore,1.0,0,0,1,DEV-MOHANA-SAMSUNG-S23,mobile_android,0,BEN-CUST_MOHANA_002-TRUSTED,Trusted Household Vendor,3,0,4,20,0,0,0,None,Resolved Genuine,Standard Habitual Purchase,0
TXN-CUST_MOHANA_002-11272,2026-09-10 19:58:21,2026-09-10,19:58:21,19,3,0,0,CUST_MOHANA_002,180,Coimbatore,Tamil Nadu,Medium Risk / 12% Fraud Rate,M022,SkillSpring Academy,Education / Training,Professional Certifications & Tech Bootcamps,Chennai,Mylapore,Tamil Nadu,600004,13.0368,80.2676,8,22000.0,08:30-19:30,"ONLINE,NETBANKING,CARD,UPI",Stolen corporate card enrollments,0.028,70,10699.51,INR,PURCHASE,CARD,MOBILE_APP,0,0,Coimbatore,10.0,0,0,1,DEV-MOHANA-SAMSUNG-S23,mobile_android,0,BEN-CUST_MOHANA_002-TRUSTED,Trusted Household Vendor,11,0,1,9,0,0,0,None,Resolved Genuine,Standard Habitual Purchase,0
TXN-CUST_MOHANA_002-11273,2026-09-10 21:22:13,2026-09-10,21:22:13,21,3,0,0,CUST_MOHANA_002,180,Coimbatore,Tamil Nadu,Medium Risk / 12% Fraud Rate,M007,SpiceRoute Kitchen,Restaurant,Fine Dining & Chettinad,Chennai,Adyar,Tamil Nadu,600020,13.0012,80.2565,7,2200.0,11:30-23:30,"POS,UPI,CARD",Cloned card POS terminal replay,0.018,45,10343.64,INR,PURCHASE,POS,MOBILE_APP,1,0,Coimbatore,15.0,0,0,1,DEV-MOHANA-SAMSUNG-S23,mobile_android,0,BEN-CUST_MOHANA_002-TRUSTED,Trusted Household Vendor,9,1,4,19,0,0,0,None,Resolved Genuine,Standard Habitual Purchase,0
TXN-CUST_MOHANA_002-11274,2026-09-10 22:47:38,2026-09-10,22:47:38,22,3,0,0,CUST_MOHANA_002,180,Coimbatore,Tamil Nadu,Medium Risk / 12% Fraud Rate,M009,RapidFuel Station,Fuel Station,"Petrol, Diesel & EV Fast Charge",Salem,Fairlands,Tamil Nadu,636016,11.6643,78.146,9,3100.0,24_HOURS,"POS,FLEET_CARD,UPI",Automated fleet card skimming,0.024,60,9046.16,INR,PURCHASE,FLEET_CARD,MOBILE_APP,1,0,Coimbatore,9.0,0,0,1,DEV-MOHANA-SAMSUNG-S23,mobile_android,0,BEN-CUST_MOHANA_002-TRUSTED,Trusted Household Vendor,15,1,2,13,0,0,0,None,Resolved Genuine,Standard Habitual Purchase,0
TXN-CUST_MOHANA_002-11275,2026-09-11 00:12:09,2026-09-11,00:12:09,0,4,0,1,CUST_MOHANA_002,180,Coimbatore,Tamil Nadu,Medium Risk / 12% Fraud Rate,M004,Aurelia Gold House,Jewellery,Gold & Diamond Jewellery,Coimbatore,RS Puram,Tamil Nadu,641002,11.0089,76.9514,14,78000.0,10:00-20:30,"POS,CARD,TRANSFER",Account takeover / card-not-present luxury surge,0.065,162,4536.67,INR,PURCHASE,TRANSFER,MOBILE_APP,1,0,Coimbatore,11.0,0,0,1,DEV-MOHANA-SAMSUNG-S23,mobile_android,0,BEN-CUST_MOHANA_002-TRUSTED,Trusted Household Vendor,10,0,3,16,0,0,0,None,Resolved Genuine,Standard Habitual Purchase,0
TXN-CUST_MOHANA_002-11276,2026-09-11 01:36:26,2026-09-11,01:36:26,1,4,0,1,CUST_MOHANA_002,180,Coimbatore,Tamil Nadu,Medium Risk / 12% Fraud Rate,M011,SkyTrail Travels,Travel Agency,Flight & International Tour Packages,Coimbatore,Gandhipuram,Tamil Nadu,641012,11.0183,76.9664,11,44000.0,09:00-20:00,"ONLINE,TRANSFER,CARD",Mule-account ticket arbitrage & fast cancellation fraud,0.052,130,5704.08,INR,PURCHASE,TRANSFER,MOBILE_APP,0,0,Coimbatore,15.0,0,0,1,DEV-MOHANA-SAMSUNG-S23,mobile_android,0,BEN-CUST_MOHANA_002-TRUSTED,Trusted Household Vendor,10,0,1,10,0,0,0,None,Resolved Genuine,Standard Habitual Purchase,0
TXN-CUST_MOHANA_002-11277,2026-09-11 03:02:01,2026-09-11,03:02:01,3,4,0,1,CUST_MOHANA_002,180,Coimbatore,Tamil Nadu,Medium Risk / 12% Fraud Rate,M009,RapidFuel Station,Fuel Station,"Petrol, Diesel & EV Fast Charge",Salem,Fairlands,Tamil Nadu,636016,11.6643,78.146,9,3100.0,24_HOURS,"POS,FLEET_CARD,UPI",Automated fleet card skimming,0.024,60,6421.91,INR,PURCHASE,UPI,MOBILE_APP,1,0,Coimbatore,12.0,0,0,1,DEV-MOHANA-SAMSUNG-S23,mobile_android,0,BEN-CUST_MOHANA_002-TRUSTED,Trusted Household Vendor,11,0,1,8,0,0,0,None,Resolved Genuine,Standard Habitual Purchase,0
TXN-CUST_MOHANA_002-11278,2026-09-11 04:30:56,2026-09-11,04:30:56,4,4,0,1,CUST_MOHANA_002,180,Coimbatore,Tamil Nadu,Medium Risk / 12% Fraud Rate,M029,CloudDesk Digital,Software / Digital Services,Cloud Infrastructure & SaaS Tools,Bengaluru,Whitefield,Karnataka,560066,12.9698,77.7499,7,19800.0,24_HOURS,"ONLINE,CARD,TRANSFER",Cryptomining VM rental with stolen credit cards,0.058,145,5406.2,INR,PURCHASE,TRANSFER,MOBILE_APP,0,0,Coimbatore,8.0,0,0,1,DEV-MOHANA-SAMSUNG-S23,mobile_android,0,BEN-CUST_MOHANA_002-TRUSTED,Trusted Household Vendor,9,0,3,15,0,0,0,None,Resolved Genuine,Standard Habitual Purchase,0
TXN-CUST_MOHANA_002-11279,2026-09-11 05:59:16,2026-09-11,05:59:16,5,4,0,1,CUST_MOHANA_002,180,Coimbatore,Tamil Nadu,Medium Risk / 12% Fraud Rate,M019,ArenaSport World,Sports Retail,Fitness Equipment & Sports Wear,Chennai,Nungambakkam,Tamil Nadu,600034,13.0604,80.2405,6,5600.0,10:00-21:30,"POS,ONLINE,UPI,CARD",Stolen card chargeback on premium sports gear,0.026,65,6857.38,INR,PURCHASE,CARD,MOBILE_APP,1,0,Coimbatore,4.0,0,0,1,DEV-MOHANA-SAMSUNG-S23,mobile_android,0,BEN-CUST_MOHANA_002-TRUSTED,Trusted Household Vendor,15,0,4,24,0,0,0,None,Resolved Genuine,Standard Habitual Purchase,0
TXN-CUST_MOHANA_002-11280,2026-09-11 07:28:39,2026-09-11,07:28:39,7,4,0,0,CUST_MOHANA_002,180,Coimbatore,Tamil Nadu,Medium Risk / 12% Fraud Rate,M005,UrbanThread Studio,Fashion / Apparel,Designer & Ready-to-wear,Chennai,Anna Nagar,Tamil Nadu,600040,13.085,80.2101,5,4800.0,10:30-22:00,"POS,ONLINE,UPI,CARD",Refund abuse / credential stuffing,0.022,55,12302.35,INR,PURCHASE,UPI,MOBILE_APP,1,0,Coimbatore,3.0,0,0,1,DEV-MOHANA-SAMSUNG-S23,mobile_android,0,BEN-CUST_MOHANA_002-TRUSTED,Trusted Household Vendor,3,0,4,21,0,0,0,None,Resolved Genuine,Standard Habitual Purchase,0
TXN-CUST_MOHANA_002-11281,2026-09-11 08:57:54,2026-09-11,08:57:54,8,4,0,0,CUST_MOHANA_002,180,Coimbatore,Tamil Nadu,Medium Risk / 12% Fraud Rate,M005,UrbanThread Studio,Fashion / Apparel,Designer & Ready-to-wear,Chennai,Anna Nagar,Tamil Nadu,600040,13.085,80.2101,5,4800.0,10:30-22:00,"POS,ONLINE,UPI,CARD",Refund abuse / credential stuffing,0.022,55,11040.21,INR,PURCHASE,ONLINE,MOBILE_APP,1,0,Coimbatore,2.0,0,0,1,DEV-MOHANA-SAMSUNG-S23,mobile_android,0,BEN-CUST_MOHANA_002-TRUSTED,Trusted Household Vendor,3,0,3,19,0,0,0,None,Resolved Genuine,Standard Habitual Purchase,0
TXN-CUST_MOHANA_002-11282,2026-09-11 10:24:13,2026-09-11,10:24:13,10,4,0,0,CUST_MOHANA_002,180,Coimbatore,Tamil Nadu,Medium Risk / 12% Fraud Rate,M018,PageTurn Book House,Bookstore,"Academic, Fiction & Stationery",Trichy,Thillai Nagar,Tamil Nadu,620018,10.8282,78.6854,16,850.0,09:00-21:30,"POS,UPI,CARD,ONLINE",Low-value card testing bots,0.008,20,2609.59,INR,PURCHASE,POS,WEB_PORTAL,0,0,Hyderabad,710.0,1,1,0,DEV-LAPTOP-CHROME-497,web_browser,0,BEN-CUST_MOHANA_002-01,Self Family Transfer,3,2,6,32,1,0,0,Geographic Anomaly / High Ticket Spike,Review Required,Sudden location velocity jump with new merchant,1
TXN-CUST_MOHANA_002-11283,2026-09-11 11:49:03,2026-09-11,11:49:03,11,4,0,0,CUST_MOHANA_002,180,Coimbatore,Tamil Nadu,Medium Risk / 12% Fraud Rate,M013,CartNest Online,E-commerce,Multi-category Marketplace,Chennai,Guindy,Tamil Nadu,600032,13.0067,80.2026,5,6200.0,24_HOURS,"ONLINE,UPI,CARD,NETBANKING",Account takeover + triangulation shipping fraud,0.045,112,14595.63,INR,P2P_TRANSFER,ONLINE,WEB_PORTAL,0,0,Delhi,345.0,1,1,0,DEV-LAPTOP-CHROME-108,web_browser,1,BEN-NEW-756,Global Flight Booking,0,2,9,44,1,0,0,Geographic Anomaly / High Ticket Spike,Review Required,Sudden location velocity jump with new merchant,1
TXN-CUST_MOHANA_002-11284,2026-09-11 13:14:02,2026-09-11,13:14:02,13,4,0,0,CUST_MOHANA_002,180,Coimbatore,Tamil Nadu,Medium Risk / 12% Fraud Rate,M001,NovaMart Fresh,Grocery & Supermarket,Supermarket / Hypermarket,Chennai,T Nagar,Tamil Nadu,600017,13.0418,80.2341,8,1250.0,07:00-22:30,"POS,UPI,CARD,ONLINE",Card testing / micro-burst velocity,0.012,30,9763.21,INR,PURCHASE,POS,MOBILE_APP,1,0,Coimbatore,10.0,0,0,1,DEV-MOHANA-SAMSUNG-S23,mobile_android,0,BEN-CUST_MOHANA_002-TRUSTED,Trusted Household Vendor,12,1,2,11,0,0,0,None,Resolved Genuine,Standard Habitual Purchase,0
TXN-CUST_MOHANA_002-11285,2026-09-11 14:43:22,2026-09-11,14:43:22,14,4,0,0,CUST_MOHANA_002,180,Coimbatore,Tamil Nadu,Medium Risk / 12% Fraud Rate,M002,CircuitBay Electronics,Consumer Electronics,Laptops & Gadgets,Chennai,Velachery,Tamil Nadu,600042,12.9759,80.2212,6,32000.0,10:00-21:30,"POS,ONLINE,EMI,UPI",Stolen payment details / high-ticket electronics delivery,0.048,120,11616.04,INR,PURCHASE,ONLINE,MOBILE_APP,1,0,Coimbatore,4.0,0,0,1,DEV-MOHANA-SAMSUNG-S23,mobile_android,0,BEN-CUST_MOHANA_002-TRUSTED,Trusted Household Vendor,8,0,2,10,0,0,0,None,Resolved Genuine,Standard Habitual Purchase,0
TXN-CUST_MOHANA_002-11286,2026-09-11 16:10:25,2026-09-11,16:10:25,16,4,0,0,CUST_MOHANA_002,180,Coimbatore,Tamil Nadu,Medium Risk / 12% Fraud Rate,M011,SkyTrail Travels,Travel Agency,Flight & International Tour Packages,Coimbatore,Gandhipuram,Tamil Nadu,641012,11.0183,76.9664,11,44000.0,09:00-20:00,"ONLINE,TRANSFER,CARD",Mule-account ticket arbitrage & fast cancellation fraud,0.052,130,5012.41,INR,PURCHASE,TRANSFER,MOBILE_APP,0,0,Coimbatore,4.0,0,0,1,DEV-MOHANA-SAMSUNG-S23,mobile_android,0,BEN-CUST_MOHANA_002-TRUSTED,Trusted Household Vendor,15,0,4,25,0,0,0,None,Resolved Genuine,Standard Habitual Purchase,0
TXN-CUST_MOHANA_002-11287,2026-09-11 17:38:00,2026-09-11,17:38:00,17,4,0,0,CUST_MOHANA_002,180,Coimbatore,Tamil Nadu,Medium Risk / 12% Fraud Rate,M012,DashDine Delivery,Food Delivery,Quick Commerce & Meal Delivery,Chennai,Sholinganallur,Tamil Nadu,600119,12.901,80.2279,4,520.0,06:00-02:00,"UPI,CARD,ONLINE,WALLET",Promo code abuse / stolen wallet balances,0.014,35,5758.91,INR,PURCHASE,UPI,MOBILE_APP,0,0,Coimbatore,2.0,0,0,1,DEV-MOHANA-SAMSUNG-S23,mobile_android,0,BEN-CUST_MOHANA_002-TRUSTED,Trusted Household Vendor,9,0,2,10,0,0,0,None,Resolved Genuine,Standard Habitual Purchase,0
TXN-CUST_MOHANA_002-11288,2026-09-11 19:05:08,2026-09-11,19:05:08,19,4,0,0,CUST_MOHANA_002,180,Coimbatore,Tamil Nadu,Medium Risk / 12% Fraud Rate,M018,PageTurn Book House,Bookstore,"Academic, Fiction & Stationery",Trichy,Thillai Nagar,Tamil Nadu,620018,10.8282,78.6854,16,850.0,09:00-21:30,"POS,UPI,CARD,ONLINE",Low-value card testing bots,0.008,20,7789.91,INR,PURCHASE,ONLINE,MOBILE_APP,1,0,Coimbatore,3.0,0,0,1,DEV-MOHANA-SAMSUNG-S23,mobile_android,0,BEN-CUST_MOHANA_002-TRUSTED,Trusted Household Vendor,8,0,4,22,0,0,0,None,Resolved Genuine,Standard Habitual Purchase,0
TXN-CUST_MOHANA_002-11289,2026-09-11 20:32:30,2026-09-11,20:32:30,20,4,0,0,CUST_MOHANA_002,180,Coimbatore,Tamil Nadu,Medium Risk / 12% Fraud Rate,M009,RapidFuel Station,Fuel Station,"Petrol, Diesel & EV Fast Charge",Salem,Fairlands,Tamil Nadu,636016,11.6643,78.146,9,3100.0,24_HOURS,"POS,FLEET_CARD,UPI",Automated fleet card skimming,0.024,60,11675.47,INR,PURCHASE,FLEET_CARD,MOBILE_APP,1,0,Coimbatore,11.0,0,0,1,DEV-MOHANA-SAMSUNG-S23,mobile_android,0,BEN-CUST_MOHANA_002-TRUSTED,Trusted Household Vendor,3,0,2,14,0,0,0,None,Resolved Genuine,Standard Habitual Purchase,0
TXN-CUST_MOHANA_002-11290,2026-09-11 22:00:23,2026-09-11,22:00:23,22,4,0,0,CUST_MOHANA_002,180,Coimbatore,Tamil Nadu,Medium Risk / 12% Fraud Rate,M020,GameGrid Arena,Gaming,"Esports, Consoles & Virtual Credits",Bengaluru,Koramangala,Karnataka,560095,12.9352,77.6245,4,3400.0,10:00-01:00,"ONLINE,UPI,CARD,WALLET",Virtual item laundering & bot-driven micro transactions,0.055,137,6271.46,INR,PURCHASE,ONLINE,MOBILE_APP,0,0,Coimbatore,5.0,0,0,1,DEV-MOHANA-SAMSUNG-S23,mobile_android,0,BEN-CUST_MOHANA_002-TRUSTED,Trusted Household Vendor,11,0,2,11,0,0,0,None,Resolved Genuine,Standard Habitual Purchase,0
TXN-CUST_MOHANA_002-11291,2026-09-11 23:27:08,2026-09-11,23:27:08,23,4,0,1,CUST_MOHANA_002,180,Coimbatore,Tamil Nadu,Medium Risk / 12% Fraud Rate,M021,GlowCraft Salon,Salon / Beauty,Spa & Grooming Studio,Chennai,Porur,Tamil Nadu,600116,13.0382,80.1565,5,2800.0,09:00-21:00,"POS,UPI,CARD",Unusual late-night transaction spikes,0.011,27,9122.81,INR,PURCHASE,CARD,MOBILE_APP,1,0,Coimbatore,12.0,0,0,1,DEV-MOHANA-SAMSUNG-S23,mobile_android,0,BEN-CUST_MOHANA_002-TRUSTED,Trusted Household Vendor,8,0,4,23,0,0,0,None,Resolved Genuine,Standard Habitual Purchase,0
TXN-CUST_MOHANA_002-11292,2026-09-12 00:53:43,2026-09-12,00:53:43,0,5,1,1,CUST_MOHANA_002,180,Coimbatore,Tamil Nadu,Medium Risk / 12% Fraud Rate,M010,HarborView Residency,Hotel / Hospitality,Business & Luxury Hotel,Chennai,OMR,Tamil Nadu,600096,12.9165,80.2285,6,9500.0,24_HOURS,"ONLINE,POS,CARD,TRANSFER",Online travel booking fraud with stolen corporate credentials,0.041,102,12440.41,INR,PURCHASE,TRANSFER,MOBILE_APP,1,0,Coimbatore,14.0,0,0,1,DEV-MOHANA-SAMSUNG-S23,mobile_android,0,BEN-CUST_MOHANA_002-TRUSTED,Trusted Household Vendor,9,0,3,16,0,0,0,None,Resolved Genuine,Standard Habitual Purchase,0
TXN-CUST_MOHANA_002-11293,2026-09-12 02:22:19,2026-09-12,02:22:19,2,5,1,1,CUST_MOHANA_002,180,Coimbatore,Tamil Nadu,Medium Risk / 12% Fraud Rate,M020,GameGrid Arena,Gaming,"Esports, Consoles & Virtual Credits",Bengaluru,Koramangala,Karnataka,560095,12.9352,77.6245,4,3400.0,10:00-01:00,"ONLINE,UPI,CARD,WALLET",Virtual item laundering & bot-driven micro transactions,0.055,137,9900.4,INR,P2P_TRANSFER,WALLET,WEB_PORTAL,0,0,Delhi,931.0,1,1,0,DEV-LAPTOP-CHROME-226,web_browser,1,BEN-NEW-517,Global Flight Booking,0,3,4,18,1,0,0,Geographic Anomaly / High Ticket Spike,Review Required,Sudden location velocity jump with new merchant,1
TXN-CUST_MOHANA_002-11294,2026-09-12 03:47:07,2026-09-12,03:47:07,3,5,1,1,CUST_MOHANA_002,180,Coimbatore,Tamil Nadu,Medium Risk / 12% Fraud Rate,M026,GreenLeaf Wellness,Health & Wellness,Organic Nutrition & Ayurveda,Trichy,Srirangam,Tamil Nadu,620006,10.8624,78.6947,6,2100.0,08:00-21:00,"POS,UPI,ONLINE,CARD",Subscription card stuffing,0.013,32,7565.57,INR,PURCHASE,CARD,MOBILE_APP,1,0,Coimbatore,13.0,0,0,1,DEV-MOHANA-SAMSUNG-S23,mobile_android,0,BEN-CUST_MOHANA_002-TRUSTED,Trusted Household Vendor,7,0,2,10,0,0,0,None,Resolved Genuine,Standard Habitual Purchase,0
TXN-CUST_MOHANA_002-11295,2026-09-12 05:13:12,2026-09-12,05:13:12,5,5,1,1,CUST_MOHANA_002,180,Coimbatore,Tamil Nadu,Medium Risk / 12% Fraud Rate,M010,HarborView Residency,Hotel / Hospitality,Business & Luxury Hotel,Chennai,OMR,Tamil Nadu,600096,12.9165,80.2285,6,9500.0,24_HOURS,"ONLINE,POS,CARD,TRANSFER",Online travel booking fraud with stolen corporate credentials,0.041,102,7978.88,INR,PURCHASE,ONLINE,MOBILE_APP,1,0,Coimbatore,11.0,0,0,1,DEV-MOHANA-SAMSUNG-S23,mobile_android,0,BEN-CUST_MOHANA_002-TRUSTED,Trusted Household Vendor,9,1,4,20,0,0,0,None,Resolved Genuine,Standard Habitual Purchase,0
TXN-CUST_MOHANA_002-11296,2026-09-12 06:37:47,2026-09-12,06:37:47,6,5,1,0,CUST_MOHANA_002,180,Coimbatore,Tamil Nadu,Medium Risk / 12% Fraud Rate,M026,GreenLeaf Wellness,Health & Wellness,Organic Nutrition & Ayurveda,Trichy,Srirangam,Tamil Nadu,620006,10.8624,78.6947,6,2100.0,08:00-21:00,"POS,UPI,ONLINE,CARD",Subscription card stuffing,0.013,32,13541.91,INR,PURCHASE,ONLINE,MOBILE_APP,1,0,Coimbatore,6.0,0,0,1,DEV-MOHANA-SAMSUNG-S23,mobile_android,0,BEN-CUST_MOHANA_002-TRUSTED,Trusted Household Vendor,4,0,1,9,0,0,0,None,Resolved Genuine,Standard Habitual Purchase,0
TXN-CUST_MOHANA_002-11297,2026-09-12 08:05:16,2026-09-12,08:05:16,8,5,1,0,CUST_MOHANA_002,180,Coimbatore,Tamil Nadu,Medium Risk / 12% Fraud Rate,M003,Pulse Mobile Hub,Mobile Store,Smartphones & Accessories,Chennai,Tambaram,Tamil Nadu,600045,12.9249,80.1278,4,18500.0,09:30-21:30,"POS,UPI,CARD",New device abuse / rapid checkout surge,0.035,87,7900.43,INR,PURCHASE,UPI,MOBILE_APP,1,0,Coimbatore,11.0,0,0,1,DEV-MOHANA-SAMSUNG-S23,mobile_android,0,BEN-CUST_MOHANA_002-TRUSTED,Trusted Household Vendor,9,0,1,7,0,0,0,None,Resolved Genuine,Standard Habitual Purchase,0
TXN-CUST_MOHANA_002-11298,2026-09-12 09:30:34,2026-09-12,09:30:34,9,5,1,0,CUST_MOHANA_002,180,Coimbatore,Tamil Nadu,Medium Risk / 12% Fraud Rate,M002,CircuitBay Electronics,Consumer Electronics,Laptops & Gadgets,Chennai,Velachery,Tamil Nadu,600042,12.9759,80.2212,6,32000.0,10:00-21:30,"POS,ONLINE,EMI,UPI",Stolen payment details / high-ticket electronics delivery,0.048,120,6937.98,INR,PURCHASE,ONLINE,MOBILE_APP,1,0,Coimbatore,8.0,0,0,1,DEV-MOHANA-SAMSUNG-S23,mobile_android,0,BEN-CUST_MOHANA_002-TRUSTED,Trusted Household Vendor,5,0,3,18,0,0,0,None,Resolved Genuine,Standard Habitual Purchase,0
TXN-CUST_MOHANA_002-11299,2026-09-12 10:55:47,2026-09-12,10:55:47,10,5,1,0,CUST_MOHANA_002,180,Coimbatore,Tamil Nadu,Medium Risk / 12% Fraud Rate,M007,SpiceRoute Kitchen,Restaurant,Fine Dining & Chettinad,Chennai,Adyar,Tamil Nadu,600020,13.0012,80.2565,7,2200.0,11:30-23:30,"POS,UPI,CARD",Cloned card POS terminal replay,0.018,45,4715.51,INR,P2P_TRANSFER,CARD,WEB_PORTAL,0,0,Hyderabad,571.0,1,1,0,DEV-LAPTOP-CHROME-552,web_browser,1,BEN-NEW-370,Global Flight Booking,0,2,9,43,1,0,0,Geographic Anomaly / High Ticket Spike,Review Required,Sudden location velocity jump with new merchant,1
TXN-CUST_MOHANA_002-11300,2026-09-12 12:20:28,2026-09-12,12:20:28,12,5,1,0,CUST_MOHANA_002,180,Coimbatore,Tamil Nadu,Medium Risk / 12% Fraud Rate,M022,SkillSpring Academy,Education / Training,Professional Certifications & Tech Bootcamps,Chennai,Mylapore,Tamil Nadu,600004,13.0368,80.2676,8,22000.0,08:30-19:30,"ONLINE,NETBANKING,CARD,UPI",Stolen corporate card enrollments,0.028,70,11678.83,INR,PURCHASE,ONLINE,MOBILE_APP,0,0,Coimbatore,12.0,0,0,1,DEV-MOHANA-SAMSUNG-S23,mobile_android,0,BEN-CUST_MOHANA_002-TRUSTED,Trusted Household Vendor,12,0,4,23,0,0,0,None,Resolved Genuine,Standard Habitual Purchase,0
TXN-CUST_MOHANA_002-11301,2026-09-12 13:48:12,2026-09-12,13:48:12,13,5,1,0,CUST_MOHANA_002,180,Coimbatore,Tamil Nadu,Medium Risk / 12% Fraud Rate,M004,Aurelia Gold House,Jewellery,Gold & Diamond Jewellery,Coimbatore,RS Puram,Tamil Nadu,641002,11.0089,76.9514,14,78000.0,10:00-20:30,"POS,CARD,TRANSFER",Account takeover / card-not-present luxury surge,0.065,162,202935.51,INR,P2P_TRANSFER,TRANSFER,MOBILE_APP,0,0,Hyderabad,837.0,1,0,1,DEV-MOHANA-SAMSUNG-S23,mobile_android,1,BEN-NEW-545,Global Flight Booking,0,4,8,38,1,0,0,Geographic Anomaly / High Ticket Spike,Review Required,Sudden location velocity jump with new merchant,1
TXN-CUST_MOHANA_002-11302,2026-09-12 15:16:41,2026-09-12,15:16:41,15,5,1,0,CUST_MOHANA_002,180,Coimbatore,Tamil Nadu,Medium Risk / 12% Fraud Rate,M013,CartNest Online,E-commerce,Multi-category Marketplace,Chennai,Guindy,Tamil Nadu,600032,13.0067,80.2026,5,6200.0,24_HOURS,"ONLINE,UPI,CARD,NETBANKING",Account takeover + triangulation shipping fraud,0.045,112,9323.51,INR,PURCHASE,UPI,MOBILE_APP,0,0,Coimbatore,7.0,0,0,1,DEV-MOHANA-SAMSUNG-S23,mobile_android,0,BEN-CUST_MOHANA_002-TRUSTED,Trusted Household Vendor,11,0,1,9,0,0,0,None,Resolved Genuine,Standard Habitual Purchase,0
TXN-CUST_MOHANA_002-11303,2026-09-12 16:45:22,2026-09-12,16:45:22,16,5,1,0,CUST_MOHANA_002,180,Coimbatore,Tamil Nadu,Medium Risk / 12% Fraud Rate,M023,SwiftBox Logistics,Courier / Logistics,Express Parcel & Freight Delivery,Tiruppur,Avinashi Road,Tamil Nadu,641603,11.1085,77.3411,9,4200.0,08:00-21:00,"POS,UPI,CARD,ONLINE",Interception fraud / address redirection,0.02,50,9594.19,INR,PURCHASE,POS,MOBILE_APP,1,0,Coimbatore,5.0,0,0,1,DEV-MOHANA-SAMSUNG-S23,mobile_android,0,BEN-CUST_MOHANA_002-TRUSTED,Trusted Household Vendor,9,0,4,23,0,0,0,None,Resolved Genuine,Standard Habitual Purchase,0
TXN-CUST_MOHANA_002-11304,2026-09-12 18:12:53,2026-09-12,18:12:53,18,5,1,0,CUST_MOHANA_002,180,Coimbatore,Tamil Nadu,Medium Risk / 12% Fraud Rate,M002,CircuitBay Electronics,Consumer Electronics,Laptops & Gadgets,Chennai,Velachery,Tamil Nadu,600042,12.9759,80.2212,6,32000.0,10:00-21:30,"POS,ONLINE,EMI,UPI",Stolen payment details / high-ticket electronics delivery,0.048,120,11274.37,INR,PURCHASE,POS,MOBILE_APP,1,0,Coimbatore,4.0,0,0,1,DEV-MOHANA-SAMSUNG-S23,mobile_android,0,BEN-CUST_MOHANA_002-TRUSTED,Trusted Household Vendor,10,0,4,26,0,0,0,None,Resolved Genuine,Standard Habitual Purchase,0
TXN-CUST_MOHANA_002-11305,2026-09-12 19:37:53,2026-09-12,19:37:53,19,5,1,0,CUST_MOHANA_002,180,Coimbatore,Tamil Nadu,Medium Risk / 12% Fraud Rate,M028,CraftCove Home Decor,Home Decor,Handicrafts & Art Pieces,Thanjavur,Medical College Road,Tamil Nadu,613004,10.7684,79.1245,8,7400.0,09:30-20:30,"POS,UPI,CARD,ONLINE",Cross-border tourist chargebacks,0.023,57,13381.94,INR,PURCHASE,ONLINE,MOBILE_APP,0,0,Hyderabad,490.0,1,0,1,DEV-MOHANA-SAMSUNG-S23,mobile_android,0,BEN-CUST_MOHANA_002-01,Self Family Transfer,3,2,4,25,1,0,0,Geographic Anomaly / High Ticket Spike,Review Required,Sudden location velocity jump with new merchant,1
TXN-CUST_MOHANA_002-11306,2026-09-12 21:02:44,2026-09-12,21:02:44,21,5,1,0,CUST_MOHANA_002,180,Coimbatore,Tamil Nadu,Medium Risk / 12% Fraud Rate,M007,SpiceRoute Kitchen,Restaurant,Fine Dining & Chettinad,Chennai,Adyar,Tamil Nadu,600020,13.0012,80.2565,7,2200.0,11:30-23:30,"POS,UPI,CARD",Cloned card POS terminal replay,0.018,45,12073.15,INR,PURCHASE,CARD,MOBILE_APP,1,0,Coimbatore,3.0,0,0,1,DEV-MOHANA-SAMSUNG-S23,mobile_android,0,BEN-CUST_MOHANA_002-TRUSTED,Trusted Household Vendor,6,0,4,20,0,0,0,None,Resolved Genuine,Standard Habitual Purchase,0
TXN-CUST_MOHANA_002-11307,2026-09-12 22:27:24,2026-09-12,22:27:24,22,5,1,0,CUST_MOHANA_002,180,Coimbatore,Tamil Nadu,Medium Risk / 12% Fraud Rate,M028,CraftCove Home Decor,Home Decor,Handicrafts & Art Pieces,Thanjavur,Medical College Road,Tamil Nadu,613004,10.7684,79.1245,8,7400.0,09:30-20:30,"POS,UPI,CARD,ONLINE",Cross-border tourist chargebacks,0.023,57,7529.7,INR,PURCHASE,UPI,MOBILE_APP,1,0,Coimbatore,5.0,0,0,1,DEV-MOHANA-SAMSUNG-S23,mobile_android,0,BEN-CUST_MOHANA_002-TRUSTED,Trusted Household Vendor,8,1,2,12,0,0,0,None,Resolved Genuine,Standard Habitual Purchase,0
TXN-CUST_MOHANA_002-11308,2026-09-12 23:55:41,2026-09-12,23:55:41,23,5,1,1,CUST_MOHANA_002,180,Coimbatore,Tamil Nadu,Medium Risk / 12% Fraud Rate,M026,GreenLeaf Wellness,Health & Wellness,Organic Nutrition & Ayurveda,Trichy,Srirangam,Tamil Nadu,620006,10.8624,78.6947,6,2100.0,08:00-21:00,"POS,UPI,ONLINE,CARD",Subscription card stuffing,0.013,32,6413.56,INR,P2P_TRANSFER,UPI,WEB_PORTAL,0,0,Hyderabad,968.0,1,1,0,DEV-LAPTOP-CHROME-732,web_browser,1,BEN-NEW-584,Global Flight Booking,0,2,6,28,1,0,0,Geographic Anomaly / High Ticket Spike,Review Required,Sudden location velocity jump with new merchant,1
TXN-CUST_MOHANA_002-11309,2026-09-13 01:20:26,2026-09-13,01:20:26,1,6,1,1,CUST_MOHANA_002,180,Coimbatore,Tamil Nadu,Medium Risk / 12% Fraud Rate,M018,PageTurn Book House,Bookstore,"Academic, Fiction & Stationery",Trichy,Thillai Nagar,Tamil Nadu,620018,10.8282,78.6854,16,850.0,09:00-21:30,"POS,UPI,CARD,ONLINE",Low-value card testing bots,0.008,20,12248.16,INR,PURCHASE,UPI,MOBILE_APP,1,0,Coimbatore,11.0,0,0,1,DEV-MOHANA-SAMSUNG-S23,mobile_android,0,BEN-CUST_MOHANA_002-TRUSTED,Trusted Household Vendor,6,1,2,10,0,0,0,None,Resolved Genuine,Standard Habitual Purchase,0
TXN-CUST_MOHANA_002-11310,2026-09-13 02:47:17,2026-09-13,02:47:17,2,6,1,1,CUST_MOHANA_002,180,Coimbatore,Tamil Nadu,Medium Risk / 12% Fraud Rate,M009,RapidFuel Station,Fuel Station,"Petrol, Diesel & EV Fast Charge",Salem,Fairlands,Tamil Nadu,636016,11.6643,78.146,9,3100.0,24_HOURS,"POS,FLEET_CARD,UPI",Automated fleet card skimming,0.024,60,10425.15,INR,PURCHASE,POS,MOBILE_APP,1,0,Coimbatore,1.0,0,0,1,DEV-MOHANA-SAMSUNG-S23,mobile_android,0,BEN-CUST_MOHANA_002-TRUSTED,Trusted Household Vendor,6,1,2,18,0,0,0,None,Resolved Genuine,Standard Habitual Purchase,0
TXN-CUST_MOHANA_002-11311,2026-09-13 04:12:21,2026-09-13,04:12:21,4,6,1,1,CUST_MOHANA_002,180,Coimbatore,Tamil Nadu,Medium Risk / 12% Fraud Rate,M005,UrbanThread Studio,Fashion / Apparel,Designer & Ready-to-wear,Chennai,Anna Nagar,Tamil Nadu,600040,13.085,80.2101,5,4800.0,10:30-22:00,"POS,ONLINE,UPI,CARD",Refund abuse / credential stuffing,0.022,55,5566.66,INR,PURCHASE,ONLINE,MOBILE_APP,1,0,Coimbatore,5.0,0,0,1,DEV-MOHANA-SAMSUNG-S23,mobile_android,0,BEN-CUST_MOHANA_002-TRUSTED,Trusted Household Vendor,12,0,1,6,0,0,0,None,Resolved Genuine,Standard Habitual Purchase,0
TXN-CUST_MOHANA_002-11312,2026-09-13 05:40:33,2026-09-13,05:40:33,5,6,1,1,CUST_MOHANA_002,180,Coimbatore,Tamil Nadu,Medium Risk / 12% Fraud Rate,M016,MotoCare Garage,Auto Service,Car Service & Detailing Hub,Chennai,Pallikaranai,Tamil Nadu,600100,12.9372,80.2014,7,8900.0,08:30-20:30,"POS,UPI,CARD",Over-invoicing / synthetic card payments,0.021,52,6780.27,INR,PURCHASE,CARD,MOBILE_APP,1,0,Coimbatore,6.0,0,0,1,DEV-MOHANA-SAMSUNG-S23,mobile_android,0,BEN-CUST_MOHANA_002-TRUSTED,Trusted Household Vendor,7,0,3,19,0,0,0,None,Resolved Genuine,Standard Habitual Purchase,0
TXN-CUST_MOHANA_002-11313,2026-09-13 07:04:43,2026-09-13,07:04:43,7,6,1,0,CUST_MOHANA_002,180,Coimbatore,Tamil Nadu,Medium Risk / 12% Fraud Rate,M013,CartNest Online,E-commerce,Multi-category Marketplace,Chennai,Guindy,Tamil Nadu,600032,13.0067,80.2026,5,6200.0,24_HOURS,"ONLINE,UPI,CARD,NETBANKING",Account takeover + triangulation shipping fraud,0.045,112,3987.31,INR,PURCHASE,ONLINE,MOBILE_APP,0,0,Coimbatore,15.0,0,0,1,DEV-MOHANA-SAMSUNG-S23,mobile_android,0,BEN-CUST_MOHANA_002-TRUSTED,Trusted Household Vendor,12,0,4,21,0,0,0,None,Resolved Genuine,Standard Habitual Purchase,0
TXN-CUST_MOHANA_002-11314,2026-09-13 08:31:25,2026-09-13,08:31:25,8,6,1,0,CUST_MOHANA_002,180,Coimbatore,Tamil Nadu,Medium Risk / 12% Fraud Rate,M008,BeanCircuit Cafe,Cafe,Specialty Coffee & Bakery,Bengaluru,Indiranagar,Karnataka,560038,12.9784,77.6408,3,650.0,07:30-23:00,"UPI,POS,CARD",QR code spoofing / fast velocity dining,0.009,22,4668.03,INR,PURCHASE,POS,MOBILE_APP,1,0,Coimbatore,1.0,0,0,1,DEV-MOHANA-SAMSUNG-S23,mobile_android,0,BEN-CUST_MOHANA_002-TRUSTED,Trusted Household Vendor,15,0,4,21,0,0,0,None,Resolved Genuine,Standard Habitual Purchase,0
TXN-CUST_MOHANA_002-11315,2026-09-13 09:56:06,2026-09-13,09:56:06,9,6,1,0,CUST_MOHANA_002,180,Coimbatore,Tamil Nadu,Medium Risk / 12% Fraud Rate,M005,UrbanThread Studio,Fashion / Apparel,Designer & Ready-to-wear,Chennai,Anna Nagar,Tamil Nadu,600040,13.085,80.2101,5,4800.0,10:30-22:00,"POS,ONLINE,UPI,CARD",Refund abuse / credential stuffing,0.022,55,5279.91,INR,PURCHASE,CARD,MOBILE_APP,1,0,Coimbatore,13.0,0,0,1,DEV-MOHANA-SAMSUNG-S23,mobile_android,0,BEN-CUST_MOHANA_002-TRUSTED,Trusted Household Vendor,5,0,2,17,0,0,0,None,Resolved Genuine,Standard Habitual Purchase,0
TXN-CUST_MOHANA_002-11316,2026-09-13 11:22:19,2026-09-13,11:22:19,11,6,1,0,CUST_MOHANA_002,180,Coimbatore,Tamil Nadu,Medium Risk / 12% Fraud Rate,M007,SpiceRoute Kitchen,Restaurant,Fine Dining & Chettinad,Chennai,Adyar,Tamil Nadu,600020,13.0012,80.2565,7,2200.0,11:30-23:30,"POS,UPI,CARD",Cloned card POS terminal replay,0.018,45,5478.27,INR,PURCHASE,UPI,MOBILE_APP,1,0,Coimbatore,2.0,0,0,1,DEV-MOHANA-SAMSUNG-S23,mobile_android,0,BEN-CUST_MOHANA_002-TRUSTED,Trusted Household Vendor,9,0,1,10,0,0,0,None,Resolved Genuine,Standard Habitual Purchase,0
TXN-CUST_MOHANA_002-11317,2026-09-13 12:50:05,2026-09-13,12:50:05,12,6,1,0,CUST_MOHANA_002,180,Coimbatore,Tamil Nadu,Medium Risk / 12% Fraud Rate,M001,NovaMart Fresh,Grocery & Supermarket,Supermarket / Hypermarket,Chennai,T Nagar,Tamil Nadu,600017,13.0418,80.2341,8,1250.0,07:00-22:30,"POS,UPI,CARD,ONLINE",Card testing / micro-burst velocity,0.012,30,3869.65,INR,P2P_TRANSFER,CARD,WEB_PORTAL,0,0,Hyderabad,670.0,1,1,0,DEV-LAPTOP-CHROME-312,web_browser,1,BEN-NEW-135,Global Flight Booking,0,2,5,27,1,0,0,Geographic Anomaly / High Ticket Spike,Review Required,Sudden location velocity jump with new merchant,1
TXN-CUST_MOHANA_002-11318,2026-09-13 14:14:30,2026-09-13,14:14:30,14,6,1,0,CUST_MOHANA_002,180,Coimbatore,Tamil Nadu,Medium Risk / 12% Fraud Rate,M017,AutoForge Parts,Spare Parts,OEM Industrial & Auto Components,Hosur,Mookandapalli,Tamil Nadu,635126,12.7409,77.8253,15,16500.0,09:00-19:30,"TRANSFER,POS,CARD",Business email compromise / fake beneficiary update,0.033,82,11520.72,INR,PURCHASE,TRANSFER,MOBILE_APP,1,0,Coimbatore,3.0,0,0,1,DEV-MOHANA-SAMSUNG-S23,mobile_android,0,BEN-CUST_MOHANA_002-TRUSTED,Trusted Household Vendor,14,0,1,13,0,0,0,None,Resolved Genuine,Standard Habitual Purchase,0
TXN-CUST_MOHANA_002-11319,2026-09-13 15:42:39,2026-09-13,15:42:39,15,6,1,0,CUST_MOHANA_002,180,Coimbatore,Tamil Nadu,Medium Risk / 12% Fraud Rate,M010,HarborView Residency,Hotel / Hospitality,Business & Luxury Hotel,Chennai,OMR,Tamil Nadu,600096,12.9165,80.2285,6,9500.0,24_HOURS,"ONLINE,POS,CARD,TRANSFER",Online travel booking fraud with stolen corporate credentials,0.041,102,26781.4,INR,PURCHASE,TRANSFER,WEB_PORTAL,0,0,Delhi,318.0,1,1,0,DEV-LAPTOP-CHROME-607,web_browser,0,BEN-CUST_MOHANA_002-01,Self Family Transfer,3,4,9,43,1,0,0,Geographic Anomaly / High Ticket Spike,Review Required,Sudden location velocity jump with new merchant,1
TXN-CUST_MOHANA_002-11320,2026-09-13 17:09:05,2026-09-13,17:09:05,17,6,1,0,CUST_MOHANA_002,180,Coimbatore,Tamil Nadu,Medium Risk / 12% Fraud Rate,M014,OakLine Furnishings,Furniture,Teak Wood & Modern Home Decor,Madurai,Bypass Road,Tamil Nadu,625016,9.932,78.109,12,38000.0,10:00-21:00,"POS,CARD,TRANSFER,EMI",Invoice redirection fraud / fake payment slips,0.029,72,8025.12,INR,PURCHASE,CARD,MOBILE_APP,1,0,Coimbatore,3.0,0,0,1,DEV-MOHANA-SAMSUNG-S23,mobile_android,0,BEN-CUST_MOHANA_002-TRUSTED,Trusted Household Vendor,9,0,1,6,0,0,0,None,Resolved Genuine,Standard Habitual Purchase,0
TXN-CUST_MOHANA_002-11321,2026-09-13 18:37:33,2026-09-13,18:37:33,18,6,1,0,CUST_MOHANA_002,180,Coimbatore,Tamil Nadu,Medium Risk / 12% Fraud Rate,M008,BeanCircuit Cafe,Cafe,Specialty Coffee & Bakery,Bengaluru,Indiranagar,Karnataka,560038,12.9784,77.6408,3,650.0,07:30-23:00,"UPI,POS,CARD",QR code spoofing / fast velocity dining,0.009,22,10607.2,INR,PURCHASE,POS,MOBILE_APP,1,0,Coimbatore,4.0,0,0,1,DEV-MOHANA-SAMSUNG-S23,mobile_android,0,BEN-CUST_MOHANA_002-TRUSTED,Trusted Household Vendor,13,0,3,18,0,0,0,None,Resolved Genuine,Standard Habitual Purchase,0
TXN-CUST_MOHANA_002-11322,2026-09-13 20:06:37,2026-09-13,20:06:37,20,6,1,0,CUST_MOHANA_002,180,Coimbatore,Tamil Nadu,Medium Risk / 12% Fraud Rate,M024,LinkWave Telecom,Telecom Retail,Fiber Broadband & Postpaid Plans,Erode,Perundurai Road,Tamil Nadu,638011,11.341,77.7172,10,1950.0,09:30-20:30,"UPI,CARD,ONLINE,POS",SIM swap bill recharge surges,0.017,42,3703.76,INR,PURCHASE,CARD,MOBILE_APP,0,0,Delhi,622.0,1,0,1,DEV-MOHANA-SAMSUNG-S23,mobile_android,0,BEN-CUST_MOHANA_002-01,Self Family Transfer,3,4,7,31,1,0,0,Geographic Anomaly / High Ticket Spike,Review Required,Sudden location velocity jump with new merchant,1
TXN-CUST_MOHANA_002-11323,2026-09-13 21:33:10,2026-09-13,21:33:10,21,6,1,0,CUST_MOHANA_002,180,Coimbatore,Tamil Nadu,Medium Risk / 12% Fraud Rate,M007,SpiceRoute Kitchen,Restaurant,Fine Dining & Chettinad,Chennai,Adyar,Tamil Nadu,600020,13.0012,80.2565,7,2200.0,11:30-23:30,"POS,UPI,CARD",Cloned card POS terminal replay,0.018,45,13405.59,INR,PURCHASE,CARD,MOBILE_APP,1,0,Coimbatore,12.0,0,0,1,DEV-MOHANA-SAMSUNG-S23,mobile_android,0,BEN-CUST_MOHANA_002-TRUSTED,Trusted Household Vendor,14,0,4,26,0,0,0,None,Resolved Genuine,Standard Habitual Purchase,0
TXN-CUST_MOHANA_002-11324,2026-09-13 23:00:48,2026-09-13,23:00:48,23,6,1,1,CUST_MOHANA_002,180,Coimbatore,Tamil Nadu,Medium Risk / 12% Fraud Rate,M027,BrickHarbor Realty,Real Estate / Property Services,Rental Escrow & Facility Management,Chennai,Porur,Tamil Nadu,600116,13.035,80.16,11,65000.0,09:00-19:00,"TRANSFER,NETBANKING,CARD",Security deposit phishing / escrow hijacking,0.039,97,13572.01,INR,PURCHASE,CARD,MOBILE_APP,0,0,Coimbatore,13.0,0,0,1,DEV-MOHANA-SAMSUNG-S23,mobile_android,0,BEN-CUST_MOHANA_002-TRUSTED,Trusted Household Vendor,3,1,4,23,0,0,0,None,Resolved Genuine,Standard Habitual Purchase,0
TXN-CUST_MOHANA_002-11325,2026-09-14 00:29:05,2026-09-14,00:29:05,0,0,0,1,CUST_MOHANA_002,180,Coimbatore,Tamil Nadu,Medium Risk / 12% Fraud Rate,M001,NovaMart Fresh,Grocery & Supermarket,Supermarket / Hypermarket,Chennai,T Nagar,Tamil Nadu,600017,13.0418,80.2341,8,1250.0,07:00-22:30,"POS,UPI,CARD,ONLINE",Card testing / micro-burst velocity,0.012,30,12241.11,INR,PURCHASE,ONLINE,MOBILE_APP,1,0,Coimbatore,10.0,0,0,1,DEV-MOHANA-SAMSUNG-S23,mobile_android,0,BEN-CUST_MOHANA_002-TRUSTED,Trusted Household Vendor,5,0,2,16,0,0,0,None,Resolved Genuine,Standard Habitual Purchase,0
TXN-CUST_MOHANA_002-11326,2026-09-14 01:54:16,2026-09-14,01:54:16,1,0,0,1,CUST_MOHANA_002,180,Coimbatore,Tamil Nadu,Medium Risk / 12% Fraud Rate,M005,UrbanThread Studio,Fashion / Apparel,Designer & Ready-to-wear,Chennai,Anna Nagar,Tamil Nadu,600040,13.085,80.2101,5,4800.0,10:30-22:00,"POS,ONLINE,UPI,CARD",Refund abuse / credential stuffing,0.022,55,4744.24,INR,PURCHASE,POS,MOBILE_APP,1,0,Coimbatore,4.0,0,0,1,DEV-MOHANA-SAMSUNG-S23,mobile_android,0,BEN-CUST_MOHANA_002-TRUSTED,Trusted Household Vendor,9,0,3,16,0,0,0,None,Resolved Genuine,Standard Habitual Purchase,0
TXN-CUST_MOHANA_002-11327,2026-09-14 03:18:17,2026-09-14,03:18:17,3,0,0,1,CUST_MOHANA_002,180,Coimbatore,Tamil Nadu,Medium Risk / 12% Fraud Rate,M023,SwiftBox Logistics,Courier / Logistics,Express Parcel & Freight Delivery,Tiruppur,Avinashi Road,Tamil Nadu,641603,11.1085,77.3411,9,4200.0,08:00-21:00,"POS,UPI,CARD,ONLINE",Interception fraud / address redirection,0.02,50,8990.14,INR,PURCHASE,POS,MOBILE_APP,1,0,Coimbatore,12.0,0,0,1,DEV-MOHANA-SAMSUNG-S23,mobile_android,0,BEN-CUST_MOHANA_002-TRUSTED,Trusted Household Vendor,13,0,1,11,0,0,0,None,Resolved Genuine,Standard Habitual Purchase,0
TXN-CUST_MOHANA_002-11328,2026-09-14 04:45:22,2026-09-14,04:45:22,4,0,0,1,CUST_MOHANA_002,180,Coimbatore,Tamil Nadu,Medium Risk / 12% Fraud Rate,M018,PageTurn Book House,Bookstore,"Academic, Fiction & Stationery",Trichy,Thillai Nagar,Tamil Nadu,620018,10.8282,78.6854,16,850.0,09:00-21:30,"POS,UPI,CARD,ONLINE",Low-value card testing bots,0.008,20,2640.01,INR,PURCHASE,ONLINE,WEB_PORTAL,0,0,Mumbai,1016.0,1,1,0,DEV-LAPTOP-CHROME-116,web_browser,0,BEN-CUST_MOHANA_002-01,Self Family Transfer,3,2,5,24,1,0,0,Geographic Anomaly / High Ticket Spike,Review Required,Sudden location velocity jump with new merchant,1
TXN-CUST_MOHANA_002-11329,2026-09-14 06:09:36,2026-09-14,06:09:36,6,0,0,0,CUST_MOHANA_002,180,Coimbatore,Tamil Nadu,Medium Risk / 12% Fraud Rate,M007,SpiceRoute Kitchen,Restaurant,Fine Dining & Chettinad,Chennai,Adyar,Tamil Nadu,600020,13.0012,80.2565,7,2200.0,11:30-23:30,"POS,UPI,CARD",Cloned card POS terminal replay,0.018,45,11729.53,INR,PURCHASE,UPI,MOBILE_APP,1,0,Coimbatore,9.0,0,0,1,DEV-MOHANA-SAMSUNG-S23,mobile_android,0,BEN-CUST_MOHANA_002-TRUSTED,Trusted Household Vendor,10,0,3,16,0,0,0,None,Resolved Genuine,Standard Habitual Purchase,0
TXN-CUST_MOHANA_002-11330,2026-09-14 07:37:57,2026-09-14,07:37:57,7,0,0,0,CUST_MOHANA_002,180,Coimbatore,Tamil Nadu,Medium Risk / 12% Fraud Rate,M021,GlowCraft Salon,Salon / Beauty,Spa & Grooming Studio,Chennai,Porur,Tamil Nadu,600116,13.0382,80.1565,5,2800.0,09:00-21:00,"POS,UPI,CARD",Unusual late-night transaction spikes,0.011,27,5048.48,INR,PURCHASE,CARD,MOBILE_APP,1,0,Coimbatore,7.0,0,0,1,DEV-MOHANA-SAMSUNG-S23,mobile_android,0,BEN-CUST_MOHANA_002-TRUSTED,Trusted Household Vendor,4,0,4,26,0,0,0,None,Resolved Genuine,Standard Habitual Purchase,0
TXN-CUST_MOHANA_002-11331,2026-09-14 09:04:31,2026-09-14,09:04:31,9,0,0,0,CUST_MOHANA_002,180,Coimbatore,Tamil Nadu,Medium Risk / 12% Fraud Rate,M005,UrbanThread Studio,Fashion / Apparel,Designer & Ready-to-wear,Chennai,Anna Nagar,Tamil Nadu,600040,13.085,80.2101,5,4800.0,10:30-22:00,"POS,ONLINE,UPI,CARD",Refund abuse / credential stuffing,0.022,55,5491.3,INR,PURCHASE,UPI,MOBILE_APP,1,0,Coimbatore,9.0,0,0,1,DEV-MOHANA-SAMSUNG-S23,mobile_android,0,BEN-CUST_MOHANA_002-TRUSTED,Trusted Household Vendor,3,0,4,26,0,0,0,None,Resolved Genuine,Standard Habitual Purchase,0
TXN-CUST_MOHANA_002-11332,2026-09-14 10:33:45,2026-09-14,10:33:45,10,0,0,0,CUST_MOHANA_002,180,Coimbatore,Tamil Nadu,Medium Risk / 12% Fraud Rate,M010,HarborView Residency,Hotel / Hospitality,Business & Luxury Hotel,Chennai,OMR,Tamil Nadu,600096,12.9165,80.2285,6,9500.0,24_HOURS,"ONLINE,POS,CARD,TRANSFER",Online travel booking fraud with stolen corporate credentials,0.041,102,17996.32,INR,P2P_TRANSFER,CARD,MOBILE_APP,0,0,Delhi,1014.0,1,0,1,DEV-MOHANA-SAMSUNG-S23,mobile_android,1,BEN-NEW-840,Global Flight Booking,0,2,9,43,1,0,0,Geographic Anomaly / High Ticket Spike,Review Required,Sudden location velocity jump with new merchant,1
TXN-CUST_MOHANA_002-11333,2026-09-14 11:59:33,2026-09-14,11:59:33,11,0,0,0,CUST_MOHANA_002,180,Coimbatore,Tamil Nadu,Medium Risk / 12% Fraud Rate,M015,HomeSphere Appliances,Home Appliances,"Refrigerators, ACs & Kitchen Tech",Coimbatore,Saibaba Colony,Tamil Nadu,641011,11.0315,76.945,9,27500.0,09:30-21:00,"POS,EMI,CARD,UPI",Carding attacks with immediate in-store pickup,0.038,95,78282.35,INR,PURCHASE,CARD,MOBILE_APP,0,0,Hyderabad,577.0,1,0,1,DEV-MOHANA-SAMSUNG-S23,mobile_android,0,BEN-CUST_MOHANA_002-01,Self Family Transfer,3,3,4,26,1,0,0,Geographic Anomaly / High Ticket Spike,Review Required,Sudden location velocity jump with new merchant,1
TXN-CUST_MOHANA_002-11334,2026-09-14 13:25:31,2026-09-14,13:25:31,13,0,0,0,CUST_MOHANA_002,180,Coimbatore,Tamil Nadu,Medium Risk / 12% Fraud Rate,M015,HomeSphere Appliances,Home Appliances,"Refrigerators, ACs & Kitchen Tech",Coimbatore,Saibaba Colony,Tamil Nadu,641011,11.0315,76.945,9,27500.0,09:30-21:00,"POS,EMI,CARD,UPI",Carding attacks with immediate in-store pickup,0.038,95,9760.03,INR,PURCHASE,EMI,MOBILE_APP,1,0,Coimbatore,10.0,0,0,1,DEV-MOHANA-SAMSUNG-S23,mobile_android,0,BEN-CUST_MOHANA_002-TRUSTED,Trusted Household Vendor,6,0,4,18,0,0,0,None,Resolved Genuine,Standard Habitual Purchase,0
TXN-CUST_MOHANA_002-11335,2026-09-14 14:54:04,2026-09-14,14:54:04,14,0,0,0,CUST_MOHANA_002,180,Coimbatore,Tamil Nadu,Medium Risk / 12% Fraud Rate,M028,CraftCove Home Decor,Home Decor,Handicrafts & Art Pieces,Thanjavur,Medical College Road,Tamil Nadu,613004,10.7684,79.1245,8,7400.0,09:30-20:30,"POS,UPI,CARD,ONLINE",Cross-border tourist chargebacks,0.023,57,12766.95,INR,PURCHASE,POS,MOBILE_APP,1,0,Coimbatore,3.0,0,0,1,DEV-MOHANA-SAMSUNG-S23,mobile_android,0,BEN-CUST_MOHANA_002-TRUSTED,Trusted Household Vendor,3,0,1,8,0,0,0,None,Resolved Genuine,Standard Habitual Purchase,0
TXN-CUST_MOHANA_002-11336,2026-09-14 16:19:58,2026-09-14,16:19:58,16,0,0,0,CUST_MOHANA_002,180,Coimbatore,Tamil Nadu,Medium Risk / 12% Fraud Rate,M013,CartNest Online,E-commerce,Multi-category Marketplace,Chennai,Guindy,Tamil Nadu,600032,13.0067,80.2026,5,6200.0,24_HOURS,"ONLINE,UPI,CARD,NETBANKING",Account takeover + triangulation shipping fraud,0.045,112,7487.92,INR,PURCHASE,CARD,MOBILE_APP,0,0,Coimbatore,1.0,0,0,1,DEV-MOHANA-SAMSUNG-S23,mobile_android,0,BEN-CUST_MOHANA_002-TRUSTED,Trusted Household Vendor,8,1,3,21,0,0,0,None,Resolved Genuine,Standard Habitual Purchase,0
TXN-CUST_MOHANA_002-11337,2026-09-14 17:47:28,2026-09-14,17:47:28,17,0,0,0,CUST_MOHANA_002,180,Coimbatore,Tamil Nadu,Medium Risk / 12% Fraud Rate,M014,OakLine Furnishings,Furniture,Teak Wood & Modern Home Decor,Madurai,Bypass Road,Tamil Nadu,625016,9.932,78.109,12,38000.0,10:00-21:00,"POS,CARD,TRANSFER,EMI",Invoice redirection fraud / fake payment slips,0.029,72,13101.05,INR,PURCHASE,TRANSFER,MOBILE_APP,1,0,Coimbatore,6.0,0,0,1,DEV-MOHANA-SAMSUNG-S23,mobile_android,0,BEN-CUST_MOHANA_002-TRUSTED,Trusted Household Vendor,8,0,4,23,0,0,0,None,Resolved Genuine,Standard Habitual Purchase,0
TXN-CUST_MOHANA_002-11338,2026-09-14 19:16:12,2026-09-14,19:16:12,19,0,0,0,CUST_MOHANA_002,180,Coimbatore,Tamil Nadu,Medium Risk / 12% Fraud Rate,M012,DashDine Delivery,Food Delivery,Quick Commerce & Meal Delivery,Chennai,Sholinganallur,Tamil Nadu,600119,12.901,80.2279,4,520.0,06:00-02:00,"UPI,CARD,ONLINE,WALLET",Promo code abuse / stolen wallet balances,0.014,35,4418.74,INR,PURCHASE,UPI,MOBILE_APP,0,0,Coimbatore,3.0,0,0,1,DEV-MOHANA-SAMSUNG-S23,mobile_android,0,BEN-CUST_MOHANA_002-TRUSTED,Trusted Household Vendor,7,0,4,18,0,0,0,None,Resolved Genuine,Standard Habitual Purchase,0
TXN-CUST_MOHANA_002-11339,2026-09-14 20:39:55,2026-09-14,20:39:55,20,0,0,0,CUST_MOHANA_002,180,Coimbatore,Tamil Nadu,Medium Risk / 12% Fraud Rate,M017,AutoForge Parts,Spare Parts,OEM Industrial & Auto Components,Hosur,Mookandapalli,Tamil Nadu,635126,12.7409,77.8253,15,16500.0,09:00-19:30,"TRANSFER,POS,CARD",Business email compromise / fake beneficiary update,0.033,82,7953.39,INR,PURCHASE,CARD,MOBILE_APP,1,0,Coimbatore,9.0,0,0,1,DEV-MOHANA-SAMSUNG-S23,mobile_android,0,BEN-CUST_MOHANA_002-TRUSTED,Trusted Household Vendor,15,0,4,20,0,0,0,None,Resolved Genuine,Standard Habitual Purchase,0
TXN-CUST_MOHANA_002-11340,2026-09-14 22:05:04,2026-09-14,22:05:04,22,0,0,0,CUST_MOHANA_002,180,Coimbatore,Tamil Nadu,Medium Risk / 12% Fraud Rate,M002,CircuitBay Electronics,Consumer Electronics,Laptops & Gadgets,Chennai,Velachery,Tamil Nadu,600042,12.9759,80.2212,6,32000.0,10:00-21:30,"POS,ONLINE,EMI,UPI",Stolen payment details / high-ticket electronics delivery,0.048,120,7045.62,INR,PURCHASE,POS,MOBILE_APP,1,0,Coimbatore,7.0,0,0,1,DEV-MOHANA-SAMSUNG-S23,mobile_android,0,BEN-CUST_MOHANA_002-TRUSTED,Trusted Household Vendor,8,0,3,16,0,0,0,None,Resolved Genuine,Standard Habitual Purchase,0
TXN-CUST_MOHANA_002-11341,2026-09-14 23:29:31,2026-09-14,23:29:31,23,0,0,1,CUST_MOHANA_002,180,Coimbatore,Tamil Nadu,Medium Risk / 12% Fraud Rate,M009,RapidFuel Station,Fuel Station,"Petrol, Diesel & EV Fast Charge",Salem,Fairlands,Tamil Nadu,636016,11.6643,78.146,9,3100.0,24_HOURS,"POS,FLEET_CARD,UPI",Automated fleet card skimming,0.024,60,12188.06,INR,PURCHASE,POS,MOBILE_APP,1,0,Coimbatore,5.0,0,0,1,DEV-MOHANA-SAMSUNG-S23,mobile_android,0,BEN-CUST_MOHANA_002-TRUSTED,Trusted Household Vendor,7,1,4,20,0,0,0,None,Resolved Genuine,Standard Habitual Purchase,0
TXN-CUST_MOHANA_002-11342,2026-09-15 00:57:43,2026-09-15,00:57:43,0,1,0,1,CUST_MOHANA_002,180,Coimbatore,Tamil Nadu,Medium Risk / 12% Fraud Rate,M027,BrickHarbor Realty,Real Estate / Property Services,Rental Escrow & Facility Management,Chennai,Porur,Tamil Nadu,600116,13.035,80.16,11,65000.0,09:00-19:00,"TRANSFER,NETBANKING,CARD",Security deposit phishing / escrow hijacking,0.039,97,5457.51,INR,PURCHASE,CARD,MOBILE_APP,0,0,Coimbatore,9.0,0,0,1,DEV-MOHANA-SAMSUNG-S23,mobile_android,0,BEN-CUST_MOHANA_002-TRUSTED,Trusted Household Vendor,3,0,4,21,0,0,0,None,Resolved Genuine,Standard Habitual Purchase,0
TXN-CUST_MOHANA_002-11343,2026-09-15 02:26:09,2026-09-15,02:26:09,2,1,0,1,CUST_MOHANA_002,180,Coimbatore,Tamil Nadu,Medium Risk / 12% Fraud Rate,M027,BrickHarbor Realty,Real Estate / Property Services,Rental Escrow & Facility Management,Chennai,Porur,Tamil Nadu,600116,13.035,80.16,11,65000.0,09:00-19:00,"TRANSFER,NETBANKING,CARD",Security deposit phishing / escrow hijacking,0.039,97,8193.51,INR,PURCHASE,TRANSFER,MOBILE_APP,0,0,Coimbatore,1.0,0,0,1,DEV-MOHANA-SAMSUNG-S23,mobile_android,0,BEN-CUST_MOHANA_002-TRUSTED,Trusted Household Vendor,3,0,4,24,0,0,0,None,Resolved Genuine,Standard Habitual Purchase,0
TXN-CUST_MOHANA_002-11344,2026-09-15 03:50:42,2026-09-15,03:50:42,3,1,0,1,CUST_MOHANA_002,180,Coimbatore,Tamil Nadu,Medium Risk / 12% Fraud Rate,M029,CloudDesk Digital,Software / Digital Services,Cloud Infrastructure & SaaS Tools,Bengaluru,Whitefield,Karnataka,560066,12.9698,77.7499,7,19800.0,24_HOURS,"ONLINE,CARD,TRANSFER",Cryptomining VM rental with stolen credit cards,0.058,145,9746.55,INR,PURCHASE,TRANSFER,MOBILE_APP,0,0,Coimbatore,13.0,0,0,1,DEV-MOHANA-SAMSUNG-S23,mobile_android,0,BEN-CUST_MOHANA_002-TRUSTED,Trusted Household Vendor,6,0,2,16,0,0,0,None,Resolved Genuine,Standard Habitual Purchase,0
TXN-CUST_MOHANA_002-11345,2026-09-15 05:14:28,2026-09-15,05:14:28,5,1,0,1,CUST_MOHANA_002,180,Coimbatore,Tamil Nadu,Medium Risk / 12% Fraud Rate,M002,CircuitBay Electronics,Consumer Electronics,Laptops & Gadgets,Chennai,Velachery,Tamil Nadu,600042,12.9759,80.2212,6,32000.0,10:00-21:30,"POS,ONLINE,EMI,UPI",Stolen payment details / high-ticket electronics delivery,0.048,120,11532.6,INR,PURCHASE,EMI,MOBILE_APP,1,0,Coimbatore,6.0,0,0,1,DEV-MOHANA-SAMSUNG-S23,mobile_android,0,BEN-CUST_MOHANA_002-TRUSTED,Trusted Household Vendor,3,0,2,11,0,0,0,None,Resolved Genuine,Standard Habitual Purchase,0
TXN-CUST_MOHANA_002-11346,2026-09-15 06:39:09,2026-09-15,06:39:09,6,1,0,0,CUST_MOHANA_002,180,Coimbatore,Tamil Nadu,Medium Risk / 12% Fraud Rate,M022,SkillSpring Academy,Education / Training,Professional Certifications & Tech Bootcamps,Chennai,Mylapore,Tamil Nadu,600004,13.0368,80.2676,8,22000.0,08:30-19:30,"ONLINE,NETBANKING,CARD,UPI",Stolen corporate card enrollments,0.028,70,9299.54,INR,PURCHASE,UPI,MOBILE_APP,0,0,Coimbatore,10.0,0,0,1,DEV-MOHANA-SAMSUNG-S23,mobile_android,0,BEN-CUST_MOHANA_002-TRUSTED,Trusted Household Vendor,12,0,1,13,0,0,0,None,Resolved Genuine,Standard Habitual Purchase,0
TXN-CUST_MOHANA_002-11347,2026-09-15 08:07:45,2026-09-15,08:07:45,8,1,0,0,CUST_MOHANA_002,180,Coimbatore,Tamil Nadu,Medium Risk / 12% Fraud Rate,M027,BrickHarbor Realty,Real Estate / Property Services,Rental Escrow & Facility Management,Chennai,Porur,Tamil Nadu,600116,13.035,80.16,11,65000.0,09:00-19:00,"TRANSFER,NETBANKING,CARD",Security deposit phishing / escrow hijacking,0.039,97,12532.3,INR,PURCHASE,TRANSFER,MOBILE_APP,0,0,Coimbatore,15.0,0,0,1,DEV-MOHANA-SAMSUNG-S23,mobile_android,0,BEN-CUST_MOHANA_002-TRUSTED,Trusted Household Vendor,8,0,3,22,0,0,0,None,Resolved Genuine,Standard Habitual Purchase,0
TXN-CUST_MOHANA_002-11348,2026-09-15 09:32:46,2026-09-15,09:32:46,9,1,0,0,CUST_MOHANA_002,180,Coimbatore,Tamil Nadu,Medium Risk / 12% Fraud Rate,M007,SpiceRoute Kitchen,Restaurant,Fine Dining & Chettinad,Chennai,Adyar,Tamil Nadu,600020,13.0012,80.2565,7,2200.0,11:30-23:30,"POS,UPI,CARD",Cloned card POS terminal replay,0.018,45,7098.3,INR,PURCHASE,UPI,MOBILE_APP,1,0,Coimbatore,10.0,0,0,1,DEV-MOHANA-SAMSUNG-S23,mobile_android,0,BEN-CUST_MOHANA_002-TRUSTED,Trusted Household Vendor,7,0,1,6,0,0,0,None,Resolved Genuine,Standard Habitual Purchase,0
TXN-CUST_MOHANA_002-11349,2026-09-15 10:58:57,2026-09-15,10:58:57,10,1,0,0,CUST_MOHANA_002,180,Coimbatore,Tamil Nadu,Medium Risk / 12% Fraud Rate,M012,DashDine Delivery,Food Delivery,Quick Commerce & Meal Delivery,Chennai,Sholinganallur,Tamil Nadu,600119,12.901,80.2279,4,520.0,06:00-02:00,"UPI,CARD,ONLINE,WALLET",Promo code abuse / stolen wallet balances,0.014,35,11085.81,INR,PURCHASE,UPI,MOBILE_APP,0,0,Coimbatore,7.0,0,0,1,DEV-MOHANA-SAMSUNG-S23,mobile_android,0,BEN-CUST_MOHANA_002-TRUSTED,Trusted Household Vendor,7,0,4,23,0,0,0,None,Resolved Genuine,Standard Habitual Purchase,0
TXN-CUST_MOHANA_002-11350,2026-09-15 12:25:20,2026-09-15,12:25:20,12,1,0,0,CUST_MOHANA_002,180,Coimbatore,Tamil Nadu,Medium Risk / 12% Fraud Rate,M021,GlowCraft Salon,Salon / Beauty,Spa & Grooming Studio,Chennai,Porur,Tamil Nadu,600116,13.0382,80.1565,5,2800.0,09:00-21:00,"POS,UPI,CARD",Unusual late-night transaction spikes,0.011,27,13124.08,INR,PURCHASE,CARD,MOBILE_APP,1,0,Coimbatore,10.0,0,0,1,DEV-MOHANA-SAMSUNG-S23,mobile_android,0,BEN-CUST_MOHANA_002-TRUSTED,Trusted Household Vendor,8,0,1,14,0,0,0,None,Resolved Genuine,Standard Habitual Purchase,0
TXN-CUST_MOHANA_002-11351,2026-09-15 13:49:01,2026-09-15,13:49:01,13,1,0,0,CUST_MOHANA_002,180,Coimbatore,Tamil Nadu,Medium Risk / 12% Fraud Rate,M022,SkillSpring Academy,Education / Training,Professional Certifications & Tech Bootcamps,Chennai,Mylapore,Tamil Nadu,600004,13.0368,80.2676,8,22000.0,08:30-19:30,"ONLINE,NETBANKING,CARD,UPI",Stolen corporate card enrollments,0.028,70,13422.43,INR,PURCHASE,NETBANKING,MOBILE_APP,0,0,Coimbatore,1.0,0,0,1,DEV-MOHANA-SAMSUNG-S23,mobile_android,0,BEN-CUST_MOHANA_002-TRUSTED,Trusted Household Vendor,7,1,3,14,0,0,0,None,Resolved Genuine,Standard Habitual Purchase,0
TXN-CUST_MOHANA_002-11352,2026-09-15 15:17:13,2026-09-15,15:17:13,15,1,0,0,CUST_MOHANA_002,180,Coimbatore,Tamil Nadu,Medium Risk / 12% Fraud Rate,M003,Pulse Mobile Hub,Mobile Store,Smartphones & Accessories,Chennai,Tambaram,Tamil Nadu,600045,12.9249,80.1278,4,18500.0,09:30-21:30,"POS,UPI,CARD",New device abuse / rapid checkout surge,0.035,87,7008.5,INR,PURCHASE,CARD,MOBILE_APP,1,0,Coimbatore,9.0,0,0,1,DEV-MOHANA-SAMSUNG-S23,mobile_android,0,BEN-CUST_MOHANA_002-TRUSTED,Trusted Household Vendor,8,0,2,14,0,0,0,None,Resolved Genuine,Standard Habitual Purchase,0
TXN-CUST_MOHANA_002-11353,2026-09-15 16:44:17,2026-09-15,16:44:17,16,1,0,0,CUST_MOHANA_002,180,Coimbatore,Tamil Nadu,Medium Risk / 12% Fraud Rate,M028,CraftCove Home Decor,Home Decor,Handicrafts & Art Pieces,Thanjavur,Medical College Road,Tamil Nadu,613004,10.7684,79.1245,8,7400.0,09:30-20:30,"POS,UPI,CARD,ONLINE",Cross-border tourist chargebacks,0.023,57,3579.13,INR,PURCHASE,UPI,MOBILE_APP,1,0,Coimbatore,4.0,0,0,1,DEV-MOHANA-SAMSUNG-S23,mobile_android,0,BEN-CUST_MOHANA_002-TRUSTED,Trusted Household Vendor,3,0,2,11,0,0,0,None,Resolved Genuine,Standard Habitual Purchase,0
TXN-CUST_MOHANA_002-11354,2026-09-15 18:11:04,2026-09-15,18:11:04,18,1,0,0,CUST_MOHANA_002,180,Coimbatore,Tamil Nadu,Medium Risk / 12% Fraud Rate,M015,HomeSphere Appliances,Home Appliances,"Refrigerators, ACs & Kitchen Tech",Coimbatore,Saibaba Colony,Tamil Nadu,641011,11.0315,76.945,9,27500.0,09:30-21:00,"POS,EMI,CARD,UPI",Carding attacks with immediate in-store pickup,0.038,95,10182.88,INR,PURCHASE,CARD,MOBILE_APP,1,0,Coimbatore,8.0,0,0,1,DEV-MOHANA-SAMSUNG-S23,mobile_android,0,BEN-CUST_MOHANA_002-TRUSTED,Trusted Household Vendor,10,0,4,23,0,0,0,None,Resolved Genuine,Standard Habitual Purchase,0
TXN-CUST_MOHANA_002-11355,2026-09-15 19:40:12,2026-09-15,19:40:12,19,1,0,0,CUST_MOHANA_002,180,Coimbatore,Tamil Nadu,Medium Risk / 12% Fraud Rate,M004,Aurelia Gold House,Jewellery,Gold & Diamond Jewellery,Coimbatore,RS Puram,Tamil Nadu,641002,11.0089,76.9514,14,78000.0,10:00-20:30,"POS,CARD,TRANSFER",Account takeover / card-not-present luxury surge,0.065,162,10094.32,INR,PURCHASE,CARD,MOBILE_APP,1,0,Coimbatore,2.0,0,0,1,DEV-MOHANA-SAMSUNG-S23,mobile_android,0,BEN-CUST_MOHANA_002-TRUSTED,Trusted Household Vendor,14,0,4,26,0,0,0,None,Resolved Genuine,Standard Habitual Purchase,0
TXN-CUST_MOHANA_002-11356,2026-09-15 21:07:56,2026-09-15,21:07:56,21,1,0,0,CUST_MOHANA_002,180,Coimbatore,Tamil Nadu,Medium Risk / 12% Fraud Rate,M007,SpiceRoute Kitchen,Restaurant,Fine Dining & Chettinad,Chennai,Adyar,Tamil Nadu,600020,13.0012,80.2565,7,2200.0,11:30-23:30,"POS,UPI,CARD",Cloned card POS terminal replay,0.018,45,3437.67,INR,PURCHASE,UPI,MOBILE_APP,1,0,Coimbatore,9.0,0,0,1,DEV-MOHANA-SAMSUNG-S23,mobile_android,0,BEN-CUST_MOHANA_002-TRUSTED,Trusted Household Vendor,12,0,2,18,0,0,0,None,Resolved Genuine,Standard Habitual Purchase,0
TXN-CUST_MOHANA_002-11357,2026-09-15 22:36:34,2026-09-15,22:36:34,22,1,0,0,CUST_MOHANA_002,180,Coimbatore,Tamil Nadu,Medium Risk / 12% Fraud Rate,M023,SwiftBox Logistics,Courier / Logistics,Express Parcel & Freight Delivery,Tiruppur,Avinashi Road,Tamil Nadu,641603,11.1085,77.3411,9,4200.0,08:00-21:00,"POS,UPI,CARD,ONLINE",Interception fraud / address redirection,0.02,50,8645.89,INR,PURCHASE,UPI,MOBILE_APP,1,0,Coimbatore,5.0,0,0,1,DEV-MOHANA-SAMSUNG-S23,mobile_android,0,BEN-CUST_MOHANA_002-TRUSTED,Trusted Household Vendor,5,1,4,21,0,0,0,None,Resolved Genuine,Standard Habitual Purchase,0
TXN-CUST_MOHANA_002-11358,2026-09-16 00:00:59,2026-09-16,00:00:59,0,2,0,1,CUST_MOHANA_002,180,Coimbatore,Tamil Nadu,Medium Risk / 12% Fraud Rate,M029,CloudDesk Digital,Software / Digital Services,Cloud Infrastructure & SaaS Tools,Bengaluru,Whitefield,Karnataka,560066,12.9698,77.7499,7,19800.0,24_HOURS,"ONLINE,CARD,TRANSFER",Cryptomining VM rental with stolen credit cards,0.058,145,7779.5,INR,PURCHASE,TRANSFER,MOBILE_APP,0,0,Coimbatore,12.0,0,0,1,DEV-MOHANA-SAMSUNG-S23,mobile_android,0,BEN-CUST_MOHANA_002-TRUSTED,Trusted Household Vendor,14,0,4,22,0,0,0,None,Resolved Genuine,Standard Habitual Purchase,0
TXN-CUST_MOHANA_002-11359,2026-09-16 01:25:23,2026-09-16,01:25:23,1,2,0,1,CUST_MOHANA_002,180,Coimbatore,Tamil Nadu,Medium Risk / 12% Fraud Rate,M014,OakLine Furnishings,Furniture,Teak Wood & Modern Home Decor,Madurai,Bypass Road,Tamil Nadu,625016,9.932,78.109,12,38000.0,10:00-21:00,"POS,CARD,TRANSFER,EMI",Invoice redirection fraud / fake payment slips,0.029,72,11954.17,INR,PURCHASE,EMI,MOBILE_APP,1,0,Coimbatore,5.0,0,0,1,DEV-MOHANA-SAMSUNG-S23,mobile_android,0,BEN-CUST_MOHANA_002-TRUSTED,Trusted Household Vendor,4,0,2,13,0,0,0,None,Resolved Genuine,Standard Habitual Purchase,0
TXN-CUST_MOHANA_002-11360,2026-09-16 02:52:58,2026-09-16,02:52:58,2,2,0,1,CUST_MOHANA_002,180,Coimbatore,Tamil Nadu,Medium Risk / 12% Fraud Rate,M013,CartNest Online,E-commerce,Multi-category Marketplace,Chennai,Guindy,Tamil Nadu,600032,13.0067,80.2026,5,6200.0,24_HOURS,"ONLINE,UPI,CARD,NETBANKING",Account takeover + triangulation shipping fraud,0.045,112,7509.12,INR,PURCHASE,ONLINE,MOBILE_APP,0,0,Coimbatore,14.0,0,0,1,DEV-MOHANA-SAMSUNG-S23,mobile_android,0,BEN-CUST_MOHANA_002-TRUSTED,Trusted Household Vendor,8,0,1,14,0,0,0,None,Resolved Genuine,Standard Habitual Purchase,0
TXN-CUST_MOHANA_002-11361,2026-09-16 04:21:55,2026-09-16,04:21:55,4,2,0,1,CUST_MOHANA_002,180,Coimbatore,Tamil Nadu,Medium Risk / 12% Fraud Rate,M026,GreenLeaf Wellness,Health & Wellness,Organic Nutrition & Ayurveda,Trichy,Srirangam,Tamil Nadu,620006,10.8624,78.6947,6,2100.0,08:00-21:00,"POS,UPI,ONLINE,CARD",Subscription card stuffing,0.013,32,6027.21,INR,PURCHASE,ONLINE,WEB_PORTAL,0,0,Mumbai,601.0,1,1,0,DEV-LAPTOP-CHROME-612,web_browser,0,BEN-CUST_MOHANA_002-01,Self Family Transfer,3,2,7,34,1,0,0,Geographic Anomaly / High Ticket Spike,Review Required,Sudden location velocity jump with new merchant,1
TXN-CUST_MOHANA_002-11362,2026-09-16 05:47:48,2026-09-16,05:47:48,5,2,0,1,CUST_MOHANA_002,180,Coimbatore,Tamil Nadu,Medium Risk / 12% Fraud Rate,M018,PageTurn Book House,Bookstore,"Academic, Fiction & Stationery",Trichy,Thillai Nagar,Tamil Nadu,620018,10.8282,78.6854,16,850.0,09:00-21:30,"POS,UPI,CARD,ONLINE",Low-value card testing bots,0.008,20,9455.94,INR,PURCHASE,UPI,MOBILE_APP,1,0,Coimbatore,1.0,0,0,1,DEV-MOHANA-SAMSUNG-S23,mobile_android,0,BEN-CUST_MOHANA_002-TRUSTED,Trusted Household Vendor,6,0,2,17,0,0,0,None,Resolved Genuine,Standard Habitual Purchase,0
TXN-CUST_MOHANA_002-11363,2026-09-16 07:15:33,2026-09-16,07:15:33,7,2,0,0,CUST_MOHANA_002,180,Coimbatore,Tamil Nadu,Medium Risk / 12% Fraud Rate,M008,BeanCircuit Cafe,Cafe,Specialty Coffee & Bakery,Bengaluru,Indiranagar,Karnataka,560038,12.9784,77.6408,3,650.0,07:30-23:00,"UPI,POS,CARD",QR code spoofing / fast velocity dining,0.009,22,10068.39,INR,PURCHASE,UPI,MOBILE_APP,1,0,Coimbatore,2.0,0,0,1,DEV-MOHANA-SAMSUNG-S23,mobile_android,0,BEN-CUST_MOHANA_002-TRUSTED,Trusted Household Vendor,5,0,1,9,0,0,0,None,Resolved Genuine,Standard Habitual Purchase,0
TXN-CUST_MOHANA_002-11364,2026-09-16 08:41:47,2026-09-16,08:41:47,8,2,0,0,CUST_MOHANA_002,180,Coimbatore,Tamil Nadu,Medium Risk / 12% Fraud Rate,M027,BrickHarbor Realty,Real Estate / Property Services,Rental Escrow & Facility Management,Chennai,Porur,Tamil Nadu,600116,13.035,80.16,11,65000.0,09:00-19:00,"TRANSFER,NETBANKING,CARD",Security deposit phishing / escrow hijacking,0.039,97,9246.73,INR,PURCHASE,NETBANKING,MOBILE_APP,0,0,Coimbatore,1.0,0,0,1,DEV-MOHANA-SAMSUNG-S23,mobile_android,0,BEN-CUST_MOHANA_002-TRUSTED,Trusted Household Vendor,8,0,4,26,0,0,0,None,Resolved Genuine,Standard Habitual Purchase,0
TXN-CUST_MOHANA_002-11365,2026-09-16 10:08:57,2026-09-16,10:08:57,10,2,0,0,CUST_MOHANA_002,180,Coimbatore,Tamil Nadu,Medium Risk / 12% Fraud Rate,M015,HomeSphere Appliances,Home Appliances,"Refrigerators, ACs & Kitchen Tech",Coimbatore,Saibaba Colony,Tamil Nadu,641011,11.0315,76.945,9,27500.0,09:30-21:00,"POS,EMI,CARD,UPI",Carding attacks with immediate in-store pickup,0.038,95,3967.41,INR,PURCHASE,CARD,MOBILE_APP,1,0,Coimbatore,15.0,0,0,1,DEV-MOHANA-SAMSUNG-S23,mobile_android,0,BEN-CUST_MOHANA_002-TRUSTED,Trusted Household Vendor,10,0,4,22,0,0,0,None,Resolved Genuine,Standard Habitual Purchase,0
TXN-CUST_MOHANA_002-11366,2026-09-16 11:32:46,2026-09-16,11:32:46,11,2,0,0,CUST_MOHANA_002,180,Coimbatore,Tamil Nadu,Medium Risk / 12% Fraud Rate,M026,GreenLeaf Wellness,Health & Wellness,Organic Nutrition & Ayurveda,Trichy,Srirangam,Tamil Nadu,620006,10.8624,78.6947,6,2100.0,08:00-21:00,"POS,UPI,ONLINE,CARD",Subscription card stuffing,0.013,32,7940.73,INR,PURCHASE,POS,MOBILE_APP,1,0,Coimbatore,8.0,0,0,1,DEV-MOHANA-SAMSUNG-S23,mobile_android,0,BEN-CUST_MOHANA_002-TRUSTED,Trusted Household Vendor,12,0,2,18,0,0,0,None,Resolved Genuine,Standard Habitual Purchase,0
TXN-CUST_MOHANA_002-11367,2026-09-16 12:59:25,2026-09-16,12:59:25,12,2,0,0,CUST_MOHANA_002,180,Coimbatore,Tamil Nadu,Medium Risk / 12% Fraud Rate,M022,SkillSpring Academy,Education / Training,Professional Certifications & Tech Bootcamps,Chennai,Mylapore,Tamil Nadu,600004,13.0368,80.2676,8,22000.0,08:30-19:30,"ONLINE,NETBANKING,CARD,UPI",Stolen corporate card enrollments,0.028,70,3805.87,INR,PURCHASE,ONLINE,MOBILE_APP,0,0,Coimbatore,8.0,0,0,1,DEV-MOHANA-SAMSUNG-S23,mobile_android,0,BEN-CUST_MOHANA_002-TRUSTED,Trusted Household Vendor,11,0,4,23,0,0,0,None,Resolved Genuine,Standard Habitual Purchase,0
TXN-CUST_MOHANA_002-11368,2026-09-16 14:26:19,2026-09-16,14:26:19,14,2,0,0,CUST_MOHANA_002,180,Coimbatore,Tamil Nadu,Medium Risk / 12% Fraud Rate,M011,SkyTrail Travels,Travel Agency,Flight & International Tour Packages,Coimbatore,Gandhipuram,Tamil Nadu,641012,11.0183,76.9664,11,44000.0,09:00-20:00,"ONLINE,TRANSFER,CARD",Mule-account ticket arbitrage & fast cancellation fraud,0.052,130,8439.95,INR,PURCHASE,CARD,MOBILE_APP,0,0,Coimbatore,1.0,0,0,1,DEV-MOHANA-SAMSUNG-S23,mobile_android,0,BEN-CUST_MOHANA_002-TRUSTED,Trusted Household Vendor,8,0,3,20,0,0,0,None,Resolved Genuine,Standard Habitual Purchase,0
TXN-CUST_MOHANA_002-11369,2026-09-16 15:50:43,2026-09-16,15:50:43,15,2,0,0,CUST_MOHANA_002,180,Coimbatore,Tamil Nadu,Medium Risk / 12% Fraud Rate,M027,BrickHarbor Realty,Real Estate / Property Services,Rental Escrow & Facility Management,Chennai,Porur,Tamil Nadu,600116,13.035,80.16,11,65000.0,09:00-19:00,"TRANSFER,NETBANKING,CARD",Security deposit phishing / escrow hijacking,0.039,97,9009.27,INR,PURCHASE,TRANSFER,MOBILE_APP,0,0,Coimbatore,9.0,0,0,1,DEV-MOHANA-SAMSUNG-S23,mobile_android,0,BEN-CUST_MOHANA_002-TRUSTED,Trusted Household Vendor,9,0,4,26,0,0,0,None,Resolved Genuine,Standard Habitual Purchase,0
TXN-CUST_MOHANA_002-11370,2026-09-16 17:14:15,2026-09-16,17:14:15,17,2,0,0,CUST_MOHANA_002,180,Coimbatore,Tamil Nadu,Medium Risk / 12% Fraud Rate,M005,UrbanThread Studio,Fashion / Apparel,Designer & Ready-to-wear,Chennai,Anna Nagar,Tamil Nadu,600040,13.085,80.2101,5,4800.0,10:30-22:00,"POS,ONLINE,UPI,CARD",Refund abuse / credential stuffing,0.022,55,15087.74,INR,P2P_TRANSFER,POS,MOBILE_APP,0,0,Delhi,381.0,1,0,1,DEV-MOHANA-SAMSUNG-S23,mobile_android,1,BEN-NEW-797,Global Flight Booking,0,2,5,24,1,0,0,Geographic Anomaly / High Ticket Spike,Review Required,Sudden location velocity jump with new merchant,1
TXN-CUST_MOHANA_002-11371,2026-09-16 18:38:21,2026-09-16,18:38:21,18,2,0,0,CUST_MOHANA_002,180,Coimbatore,Tamil Nadu,Medium Risk / 12% Fraud Rate,M021,GlowCraft Salon,Salon / Beauty,Spa & Grooming Studio,Chennai,Porur,Tamil Nadu,600116,13.0382,80.1565,5,2800.0,09:00-21:00,"POS,UPI,CARD",Unusual late-night transaction spikes,0.011,27,11420.78,INR,PURCHASE,POS,MOBILE_APP,1,0,Coimbatore,10.0,0,0,1,DEV-MOHANA-SAMSUNG-S23,mobile_android,0,BEN-CUST_MOHANA_002-TRUSTED,Trusted Household Vendor,14,1,3,22,0,0,0,None,Resolved Genuine,Standard Habitual Purchase,0
TXN-CUST_MOHANA_002-11372,2026-09-16 20:07:01,2026-09-16,20:07:01,20,2,0,0,CUST_MOHANA_002,180,Coimbatore,Tamil Nadu,Medium Risk / 12% Fraud Rate,M018,PageTurn Book House,Bookstore,"Academic, Fiction & Stationery",Trichy,Thillai Nagar,Tamil Nadu,620018,10.8282,78.6854,16,850.0,09:00-21:30,"POS,UPI,CARD,ONLINE",Low-value card testing bots,0.008,20,4417.64,INR,PURCHASE,POS,MOBILE_APP,1,0,Coimbatore,15.0,0,0,1,DEV-MOHANA-SAMSUNG-S23,mobile_android,0,BEN-CUST_MOHANA_002-TRUSTED,Trusted Household Vendor,13,0,4,26,0,0,0,None,Resolved Genuine,Standard Habitual Purchase,0
TXN-CUST_MOHANA_002-11373,2026-09-16 21:35:01,2026-09-16,21:35:01,21,2,0,0,CUST_MOHANA_002,180,Coimbatore,Tamil Nadu,Medium Risk / 12% Fraud Rate,M027,BrickHarbor Realty,Real Estate / Property Services,Rental Escrow & Facility Management,Chennai,Porur,Tamil Nadu,600116,13.035,80.16,11,65000.0,09:00-19:00,"TRANSFER,NETBANKING,CARD",Security deposit phishing / escrow hijacking,0.039,97,11645.9,INR,PURCHASE,NETBANKING,MOBILE_APP,0,0,Coimbatore,11.0,0,0,1,DEV-MOHANA-SAMSUNG-S23,mobile_android,0,BEN-CUST_MOHANA_002-TRUSTED,Trusted Household Vendor,9,0,1,6,0,0,0,None,Resolved Genuine,Standard Habitual Purchase,0
TXN-CUST_MOHANA_002-11374,2026-09-16 23:03:39,2026-09-16,23:03:39,23,2,0,1,CUST_MOHANA_002,180,Coimbatore,Tamil Nadu,Medium Risk / 12% Fraud Rate,M002,CircuitBay Electronics,Consumer Electronics,Laptops & Gadgets,Chennai,Velachery,Tamil Nadu,600042,12.9759,80.2212,6,32000.0,10:00-21:30,"POS,ONLINE,EMI,UPI",Stolen payment details / high-ticket electronics delivery,0.048,120,8037.75,INR,PURCHASE,ONLINE,MOBILE_APP,1,0,Coimbatore,3.0,0,0,1,DEV-MOHANA-SAMSUNG-S23,mobile_android,0,BEN-CUST_MOHANA_002-TRUSTED,Trusted Household Vendor,12,0,2,16,0,0,0,None,Resolved Genuine,Standard Habitual Purchase,0
TXN-CUST_MOHANA_002-11375,2026-09-17 00:30:22,2026-09-17,00:30:22,0,3,0,1,CUST_MOHANA_002,180,Coimbatore,Tamil Nadu,Medium Risk / 12% Fraud Rate,M029,CloudDesk Digital,Software / Digital Services,Cloud Infrastructure & SaaS Tools,Bengaluru,Whitefield,Karnataka,560066,12.9698,77.7499,7,19800.0,24_HOURS,"ONLINE,CARD,TRANSFER",Cryptomining VM rental with stolen credit cards,0.058,145,5755.87,INR,PURCHASE,CARD,MOBILE_APP,0,0,Coimbatore,5.0,0,0,1,DEV-MOHANA-SAMSUNG-S23,mobile_android,0,BEN-CUST_MOHANA_002-TRUSTED,Trusted Household Vendor,13,0,4,25,0,0,0,None,Resolved Genuine,Standard Habitual Purchase,0
TXN-CUST_MOHANA_002-11376,2026-09-17 01:59:18,2026-09-17,01:59:18,1,3,0,1,CUST_MOHANA_002,180,Coimbatore,Tamil Nadu,Medium Risk / 12% Fraud Rate,M008,BeanCircuit Cafe,Cafe,Specialty Coffee & Bakery,Bengaluru,Indiranagar,Karnataka,560038,12.9784,77.6408,3,650.0,07:30-23:00,"UPI,POS,CARD",QR code spoofing / fast velocity dining,0.009,22,10681.25,INR,PURCHASE,CARD,MOBILE_APP,1,0,Coimbatore,1.0,0,0,1,DEV-MOHANA-SAMSUNG-S23,mobile_android,0,BEN-CUST_MOHANA_002-TRUSTED,Trusted Household Vendor,10,0,3,20,0,0,0,None,Resolved Genuine,Standard Habitual Purchase,0
TXN-CUST_MOHANA_002-11377,2026-09-17 03:27:53,2026-09-17,03:27:53,3,3,0,1,CUST_MOHANA_002,180,Coimbatore,Tamil Nadu,Medium Risk / 12% Fraud Rate,M026,GreenLeaf Wellness,Health & Wellness,Organic Nutrition & Ayurveda,Trichy,Srirangam,Tamil Nadu,620006,10.8624,78.6947,6,2100.0,08:00-21:00,"POS,UPI,ONLINE,CARD",Subscription card stuffing,0.013,32,10841.98,INR,PURCHASE,ONLINE,MOBILE_APP,1,0,Coimbatore,4.0,0,0,1,DEV-MOHANA-SAMSUNG-S23,mobile_android,0,BEN-CUST_MOHANA_002-TRUSTED,Trusted Household Vendor,8,0,2,17,0,0,0,None,Resolved Genuine,Standard Habitual Purchase,0
TXN-CUST_MOHANA_002-11378,2026-09-17 04:51:21,2026-09-17,04:51:21,4,3,0,1,CUST_MOHANA_002,180,Coimbatore,Tamil Nadu,Medium Risk / 12% Fraud Rate,M016,MotoCare Garage,Auto Service,Car Service & Detailing Hub,Chennai,Pallikaranai,Tamil Nadu,600100,12.9372,80.2014,7,8900.0,08:30-20:30,"POS,UPI,CARD",Over-invoicing / synthetic card payments,0.021,52,7911.04,INR,PURCHASE,CARD,MOBILE_APP,1,0,Coimbatore,12.0,0,0,1,DEV-MOHANA-SAMSUNG-S23,mobile_android,0,BEN-CUST_MOHANA_002-TRUSTED,Trusted Household Vendor,15,1,2,13,0,0,0,None,Resolved Genuine,Standard Habitual Purchase,0
TXN-CUST_MOHANA_002-11379,2026-09-17 06:15:21,2026-09-17,06:15:21,6,3,0,0,CUST_MOHANA_002,180,Coimbatore,Tamil Nadu,Medium Risk / 12% Fraud Rate,M011,SkyTrail Travels,Travel Agency,Flight & International Tour Packages,Coimbatore,Gandhipuram,Tamil Nadu,641012,11.0183,76.9664,11,44000.0,09:00-20:00,"ONLINE,TRANSFER,CARD",Mule-account ticket arbitrage & fast cancellation fraud,0.052,130,100160.24,INR,P2P_TRANSFER,ONLINE,WEB_PORTAL,0,0,Delhi,750.0,1,1,0,DEV-LAPTOP-CHROME-964,web_browser,1,BEN-NEW-759,Global Flight Booking,0,4,4,26,1,0,0,Geographic Anomaly / High Ticket Spike,Review Required,Sudden location velocity jump with new merchant,1
TXN-CUST_MOHANA_002-11380,2026-09-17 07:41:38,2026-09-17,07:41:38,7,3,0,0,CUST_MOHANA_002,180,Coimbatore,Tamil Nadu,Medium Risk / 12% Fraud Rate,M020,GameGrid Arena,Gaming,"Esports, Consoles & Virtual Credits",Bengaluru,Koramangala,Karnataka,560095,12.9352,77.6245,4,3400.0,10:00-01:00,"ONLINE,UPI,CARD,WALLET",Virtual item laundering & bot-driven micro transactions,0.055,137,10290.12,INR,PURCHASE,CARD,MOBILE_APP,0,0,Coimbatore,12.0,0,0,1,DEV-MOHANA-SAMSUNG-S23,mobile_android,0,BEN-CUST_MOHANA_002-TRUSTED,Trusted Household Vendor,14,0,3,18,0,0,0,None,Resolved Genuine,Standard Habitual Purchase,0
TXN-CUST_MOHANA_002-11381,2026-09-17 09:05:18,2026-09-17,09:05:18,9,3,0,0,CUST_MOHANA_002,180,Coimbatore,Tamil Nadu,Medium Risk / 12% Fraud Rate,M012,DashDine Delivery,Food Delivery,Quick Commerce & Meal Delivery,Chennai,Sholinganallur,Tamil Nadu,600119,12.901,80.2279,4,520.0,06:00-02:00,"UPI,CARD,ONLINE,WALLET",Promo code abuse / stolen wallet balances,0.014,35,13414.93,INR,PURCHASE,UPI,MOBILE_APP,0,0,Coimbatore,9.0,0,0,1,DEV-MOHANA-SAMSUNG-S23,mobile_android,0,BEN-CUST_MOHANA_002-TRUSTED,Trusted Household Vendor,7,0,1,10,0,0,0,None,Resolved Genuine,Standard Habitual Purchase,0
TXN-CUST_MOHANA_002-11382,2026-09-17 10:34:01,2026-09-17,10:34:01,10,3,0,0,CUST_MOHANA_002,180,Coimbatore,Tamil Nadu,Medium Risk / 12% Fraud Rate,M002,CircuitBay Electronics,Consumer Electronics,Laptops & Gadgets,Chennai,Velachery,Tamil Nadu,600042,12.9759,80.2212,6,32000.0,10:00-21:30,"POS,ONLINE,EMI,UPI",Stolen payment details / high-ticket electronics delivery,0.048,120,10044.29,INR,PURCHASE,EMI,MOBILE_APP,1,0,Coimbatore,12.0,0,0,1,DEV-MOHANA-SAMSUNG-S23,mobile_android,0,BEN-CUST_MOHANA_002-TRUSTED,Trusted Household Vendor,6,1,2,10,0,0,0,None,Resolved Genuine,Standard Habitual Purchase,0
TXN-CUST_MOHANA_002-11383,2026-09-17 11:58:37,2026-09-17,11:58:37,11,3,0,0,CUST_MOHANA_002,180,Coimbatore,Tamil Nadu,Medium Risk / 12% Fraud Rate,M018,PageTurn Book House,Bookstore,"Academic, Fiction & Stationery",Trichy,Thillai Nagar,Tamil Nadu,620018,10.8282,78.6854,16,850.0,09:00-21:30,"POS,UPI,CARD,ONLINE",Low-value card testing bots,0.008,20,13502.9,INR,PURCHASE,POS,MOBILE_APP,1,0,Coimbatore,2.0,0,0,1,DEV-MOHANA-SAMSUNG-S23,mobile_android,0,BEN-CUST_MOHANA_002-TRUSTED,Trusted Household Vendor,15,0,4,18,0,0,0,None,Resolved Genuine,Standard Habitual Purchase,0
TXN-CUST_MOHANA_002-11384,2026-09-17 13:25:31,2026-09-17,13:25:31,13,3,0,0,CUST_MOHANA_002,180,Coimbatore,Tamil Nadu,Medium Risk / 12% Fraud Rate,M015,HomeSphere Appliances,Home Appliances,"Refrigerators, ACs & Kitchen Tech",Coimbatore,Saibaba Colony,Tamil Nadu,641011,11.0315,76.945,9,27500.0,09:30-21:00,"POS,EMI,CARD,UPI",Carding attacks with immediate in-store pickup,0.038,95,12359.08,INR,PURCHASE,EMI,MOBILE_APP,1,0,Coimbatore,8.0,0,0,1,DEV-MOHANA-SAMSUNG-S23,mobile_android,0,BEN-CUST_MOHANA_002-TRUSTED,Trusted Household Vendor,5,0,1,10,0,0,0,None,Resolved Genuine,Standard Habitual Purchase,0
TXN-CUST_MOHANA_002-11385,2026-09-17 14:53:44,2026-09-17,14:53:44,14,3,0,0,CUST_MOHANA_002,180,Coimbatore,Tamil Nadu,Medium Risk / 12% Fraud Rate,M021,GlowCraft Salon,Salon / Beauty,Spa & Grooming Studio,Chennai,Porur,Tamil Nadu,600116,13.0382,80.1565,5,2800.0,09:00-21:00,"POS,UPI,CARD",Unusual late-night transaction spikes,0.011,27,6123.5,INR,PURCHASE,UPI,MOBILE_APP,1,0,Coimbatore,7.0,0,0,1,DEV-MOHANA-SAMSUNG-S23,mobile_android,0,BEN-CUST_MOHANA_002-TRUSTED,Trusted Household Vendor,9,0,3,18,0,0,0,None,Resolved Genuine,Standard Habitual Purchase,0
TXN-CUST_MOHANA_002-11386,2026-09-17 16:17:17,2026-09-17,16:17:17,16,3,0,0,CUST_MOHANA_002,180,Coimbatore,Tamil Nadu,Medium Risk / 12% Fraud Rate,M025,ShieldSure Services,Insurance Services,General & Health Insurance Premium,Chennai,Egmore,Tamil Nadu,600008,13.0784,80.2607,13,14000.0,09:30-18:00,"ONLINE,NETBANKING,CARD",Premium diversion / fake policy payment slips,0.019,47,13494.69,INR,PURCHASE,ONLINE,MOBILE_APP,0,0,Coimbatore,14.0,0,0,1,DEV-MOHANA-SAMSUNG-S23,mobile_android,0,BEN-CUST_MOHANA_002-TRUSTED,Trusted Household Vendor,7,0,4,19,0,0,0,None,Resolved Genuine,Standard Habitual Purchase,0
TXN-CUST_MOHANA_002-11387,2026-09-17 17:43:17,2026-09-17,17:43:17,17,3,0,0,CUST_MOHANA_002,180,Coimbatore,Tamil Nadu,Medium Risk / 12% Fraud Rate,M005,UrbanThread Studio,Fashion / Apparel,Designer & Ready-to-wear,Chennai,Anna Nagar,Tamil Nadu,600040,13.085,80.2101,5,4800.0,10:30-22:00,"POS,ONLINE,UPI,CARD",Refund abuse / credential stuffing,0.022,55,9654.19,INR,PURCHASE,ONLINE,MOBILE_APP,1,0,Coimbatore,8.0,0,0,1,DEV-MOHANA-SAMSUNG-S23,mobile_android,0,BEN-CUST_MOHANA_002-TRUSTED,Trusted Household Vendor,11,0,4,19,0,0,0,None,Resolved Genuine,Standard Habitual Purchase,0
TXN-CUST_MOHANA_002-11388,2026-09-17 19:08:48,2026-09-17,19:08:48,19,3,0,0,CUST_MOHANA_002,180,Coimbatore,Tamil Nadu,Medium Risk / 12% Fraud Rate,M016,MotoCare Garage,Auto Service,Car Service & Detailing Hub,Chennai,Pallikaranai,Tamil Nadu,600100,12.9372,80.2014,7,8900.0,08:30-20:30,"POS,UPI,CARD",Over-invoicing / synthetic card payments,0.021,52,7133.73,INR,PURCHASE,UPI,MOBILE_APP,1,0,Coimbatore,12.0,0,0,1,DEV-MOHANA-SAMSUNG-S23,mobile_android,0,BEN-CUST_MOHANA_002-TRUSTED,Trusted Household Vendor,13,0,2,13,0,0,0,None,Resolved Genuine,Standard Habitual Purchase,0
TXN-CUST_MOHANA_002-11389,2026-09-17 20:32:50,2026-09-17,20:32:50,20,3,0,0,CUST_MOHANA_002,180,Coimbatore,Tamil Nadu,Medium Risk / 12% Fraud Rate,M013,CartNest Online,E-commerce,Multi-category Marketplace,Chennai,Guindy,Tamil Nadu,600032,13.0067,80.2026,5,6200.0,24_HOURS,"ONLINE,UPI,CARD,NETBANKING",Account takeover + triangulation shipping fraud,0.045,112,19507.83,INR,P2P_TRANSFER,CARD,MOBILE_APP,0,0,Mumbai,1027.0,1,0,1,DEV-MOHANA-SAMSUNG-S23,mobile_android,1,BEN-NEW-190,Global Flight Booking,0,2,5,30,1,0,0,Geographic Anomaly / High Ticket Spike,Review Required,Sudden location velocity jump with new merchant,1
TXN-CUST_MOHANA_002-11390,2026-09-17 21:58:27,2026-09-17,21:58:27,21,3,0,0,CUST_MOHANA_002,180,Coimbatore,Tamil Nadu,Medium Risk / 12% Fraud Rate,M023,SwiftBox Logistics,Courier / Logistics,Express Parcel & Freight Delivery,Tiruppur,Avinashi Road,Tamil Nadu,641603,11.1085,77.3411,9,4200.0,08:00-21:00,"POS,UPI,CARD,ONLINE",Interception fraud / address redirection,0.02,50,10151.27,INR,PURCHASE,UPI,MOBILE_APP,1,0,Coimbatore,11.0,0,0,1,DEV-MOHANA-SAMSUNG-S23,mobile_android,0,BEN-CUST_MOHANA_002-TRUSTED,Trusted Household Vendor,6,1,2,14,0,0,0,None,Resolved Genuine,Standard Habitual Purchase,0
TXN-CUST_MOHANA_002-11391,2026-09-17 23:22:23,2026-09-17,23:22:23,23,3,0,1,CUST_MOHANA_002,180,Coimbatore,Tamil Nadu,Medium Risk / 12% Fraud Rate,M028,CraftCove Home Decor,Home Decor,Handicrafts & Art Pieces,Thanjavur,Medical College Road,Tamil Nadu,613004,10.7684,79.1245,8,7400.0,09:30-20:30,"POS,UPI,CARD,ONLINE",Cross-border tourist chargebacks,0.023,57,13525.19,INR,PURCHASE,CARD,MOBILE_APP,1,0,Coimbatore,6.0,0,0,1,DEV-MOHANA-SAMSUNG-S23,mobile_android,0,BEN-CUST_MOHANA_002-TRUSTED,Trusted Household Vendor,13,1,3,22,0,0,0,None,Resolved Genuine,Standard Habitual Purchase,0
TXN-CUST_MOHANA_002-11392,2026-09-18 00:47:16,2026-09-18,00:47:16,0,4,0,1,CUST_MOHANA_002,180,Coimbatore,Tamil Nadu,Medium Risk / 12% Fraud Rate,M014,OakLine Furnishings,Furniture,Teak Wood & Modern Home Decor,Madurai,Bypass Road,Tamil Nadu,625016,9.932,78.109,12,38000.0,10:00-21:00,"POS,CARD,TRANSFER,EMI",Invoice redirection fraud / fake payment slips,0.029,72,11530.39,INR,PURCHASE,TRANSFER,MOBILE_APP,1,0,Coimbatore,1.0,0,0,1,DEV-MOHANA-SAMSUNG-S23,mobile_android,0,BEN-CUST_MOHANA_002-TRUSTED,Trusted Household Vendor,7,0,2,16,0,0,0,None,Resolved Genuine,Standard Habitual Purchase,0
TXN-CUST_MOHANA_002-11393,2026-09-18 02:15:45,2026-09-18,02:15:45,2,4,0,1,CUST_MOHANA_002,180,Coimbatore,Tamil Nadu,Medium Risk / 12% Fraud Rate,M023,SwiftBox Logistics,Courier / Logistics,Express Parcel & Freight Delivery,Tiruppur,Avinashi Road,Tamil Nadu,641603,11.1085,77.3411,9,4200.0,08:00-21:00,"POS,UPI,CARD,ONLINE",Interception fraud / address redirection,0.02,50,5997.0,INR,PURCHASE,CARD,MOBILE_APP,1,0,Coimbatore,3.0,0,0,1,DEV-MOHANA-SAMSUNG-S23,mobile_android,0,BEN-CUST_MOHANA_002-TRUSTED,Trusted Household Vendor,14,0,3,22,0,0,0,None,Resolved Genuine,Standard Habitual Purchase,0
TXN-CUST_MOHANA_002-11394,2026-09-18 03:40:51,2026-09-18,03:40:51,3,4,0,1,CUST_MOHANA_002,180,Coimbatore,Tamil Nadu,Medium Risk / 12% Fraud Rate,M003,Pulse Mobile Hub,Mobile Store,Smartphones & Accessories,Chennai,Tambaram,Tamil Nadu,600045,12.9249,80.1278,4,18500.0,09:30-21:30,"POS,UPI,CARD",New device abuse / rapid checkout surge,0.035,87,12800.1,INR,PURCHASE,POS,MOBILE_APP,1,0,Coimbatore,8.0,0,0,1,DEV-MOHANA-SAMSUNG-S23,mobile_android,0,BEN-CUST_MOHANA_002-TRUSTED,Trusted Household Vendor,9,0,1,13,0,0,0,None,Resolved Genuine,Standard Habitual Purchase,0
TXN-CUST_MOHANA_002-11395,2026-09-18 05:04:16,2026-09-18,05:04:16,5,4,0,1,CUST_MOHANA_002,180,Coimbatore,Tamil Nadu,Medium Risk / 12% Fraud Rate,M001,NovaMart Fresh,Grocery & Supermarket,Supermarket / Hypermarket,Chennai,T Nagar,Tamil Nadu,600017,13.0418,80.2341,8,1250.0,07:00-22:30,"POS,UPI,CARD,ONLINE",Card testing / micro-burst velocity,0.012,30,13072.71,INR,PURCHASE,POS,MOBILE_APP,1,0,Coimbatore,15.0,0,0,1,DEV-MOHANA-SAMSUNG-S23,mobile_android,0,BEN-CUST_MOHANA_002-TRUSTED,Trusted Household Vendor,9,1,1,10,0,0,0,None,Resolved Genuine,Standard Habitual Purchase,0
TXN-CUST_MOHANA_002-11396,2026-09-18 06:33:01,2026-09-18,06:33:01,6,4,0,0,CUST_MOHANA_002,180,Coimbatore,Tamil Nadu,Medium Risk / 12% Fraud Rate,M004,Aurelia Gold House,Jewellery,Gold & Diamond Jewellery,Coimbatore,RS Puram,Tamil Nadu,641002,11.0089,76.9514,14,78000.0,10:00-20:30,"POS,CARD,TRANSFER",Account takeover / card-not-present luxury surge,0.065,162,5724.85,INR,PURCHASE,CARD,MOBILE_APP,1,0,Coimbatore,13.0,0,0,1,DEV-MOHANA-SAMSUNG-S23,mobile_android,0,BEN-CUST_MOHANA_002-TRUSTED,Trusted Household Vendor,13,0,3,20,0,0,0,None,Resolved Genuine,Standard Habitual Purchase,0
TXN-CUST_MOHANA_002-11397,2026-09-18 08:00:37,2026-09-18,08:00:37,8,4,0,0,CUST_MOHANA_002,180,Coimbatore,Tamil Nadu,Medium Risk / 12% Fraud Rate,M002,CircuitBay Electronics,Consumer Electronics,Laptops & Gadgets,Chennai,Velachery,Tamil Nadu,600042,12.9759,80.2212,6,32000.0,10:00-21:30,"POS,ONLINE,EMI,UPI",Stolen payment details / high-ticket electronics delivery,0.048,120,10593.38,INR,PURCHASE,UPI,MOBILE_APP,1,0,Coimbatore,5.0,0,0,1,DEV-MOHANA-SAMSUNG-S23,mobile_android,0,BEN-CUST_MOHANA_002-TRUSTED,Trusted Household Vendor,14,0,2,17,0,0,0,None,Resolved Genuine,Standard Habitual Purchase,0
TXN-CUST_MOHANA_002-11398,2026-09-18 09:25:44,2026-09-18,09:25:44,9,4,0,0,CUST_MOHANA_002,180,Coimbatore,Tamil Nadu,Medium Risk / 12% Fraud Rate,M024,LinkWave Telecom,Telecom Retail,Fiber Broadband & Postpaid Plans,Erode,Perundurai Road,Tamil Nadu,638011,11.341,77.7172,10,1950.0,09:30-20:30,"UPI,CARD,ONLINE,POS",SIM swap bill recharge surges,0.017,42,13561.48,INR,PURCHASE,POS,MOBILE_APP,1,0,Coimbatore,10.0,0,0,1,DEV-MOHANA-SAMSUNG-S23,mobile_android,0,BEN-CUST_MOHANA_002-TRUSTED,Trusted Household Vendor,11,0,2,14,0,0,0,None,Resolved Genuine,Standard Habitual Purchase,0
TXN-CUST_MOHANA_002-11399,2026-09-18 10:53:07,2026-09-18,10:53:07,10,4,0,0,CUST_MOHANA_002,180,Coimbatore,Tamil Nadu,Medium Risk / 12% Fraud Rate,M008,BeanCircuit Cafe,Cafe,Specialty Coffee & Bakery,Bengaluru,Indiranagar,Karnataka,560038,12.9784,77.6408,3,650.0,07:30-23:00,"UPI,POS,CARD",QR code spoofing / fast velocity dining,0.009,22,13305.15,INR,PURCHASE,CARD,MOBILE_APP,1,0,Coimbatore,13.0,0,0,1,DEV-MOHANA-SAMSUNG-S23,mobile_android,0,BEN-CUST_MOHANA_002-TRUSTED,Trusted Household Vendor,9,0,2,15,0,0,0,None,Resolved Genuine,Standard Habitual Purchase,0
TXN-CUST_MOHANA_002-11400,2026-09-18 12:22:20,2026-09-18,12:22:20,12,4,0,0,CUST_MOHANA_002,180,Coimbatore,Tamil Nadu,Medium Risk / 12% Fraud Rate,M024,LinkWave Telecom,Telecom Retail,Fiber Broadband & Postpaid Plans,Erode,Perundurai Road,Tamil Nadu,638011,11.341,77.7172,10,1950.0,09:30-20:30,"UPI,CARD,ONLINE,POS",SIM swap bill recharge surges,0.017,42,3701.62,INR,PURCHASE,CARD,MOBILE_APP,1,0,Coimbatore,12.0,0,0,1,DEV-MOHANA-SAMSUNG-S23,mobile_android,0,BEN-CUST_MOHANA_002-TRUSTED,Trusted Household Vendor,14,0,4,19,0,0,0,None,Resolved Genuine,Standard Habitual Purchase,0
TXN-CUST_MOHANA_002-11401,2026-09-18 13:49:05,2026-09-18,13:49:05,13,4,0,0,CUST_MOHANA_002,180,Coimbatore,Tamil Nadu,Medium Risk / 12% Fraud Rate,M007,SpiceRoute Kitchen,Restaurant,Fine Dining & Chettinad,Chennai,Adyar,Tamil Nadu,600020,13.0012,80.2565,7,2200.0,11:30-23:30,"POS,UPI,CARD",Cloned card POS terminal replay,0.018,45,7639.28,INR,PURCHASE,UPI,MOBILE_APP,1,0,Coimbatore,8.0,0,0,1,DEV-MOHANA-SAMSUNG-S23,mobile_android,0,BEN-CUST_MOHANA_002-TRUSTED,Trusted Household Vendor,9,0,4,24,0,0,0,None,Resolved Genuine,Standard Habitual Purchase,0
TXN-CUST_MOHANA_002-11402,2026-09-18 15:18:12,2026-09-18,15:18:12,15,4,0,0,CUST_MOHANA_002,180,Coimbatore,Tamil Nadu,Medium Risk / 12% Fraud Rate,M001,NovaMart Fresh,Grocery & Supermarket,Supermarket / Hypermarket,Chennai,T Nagar,Tamil Nadu,600017,13.0418,80.2341,8,1250.0,07:00-22:30,"POS,UPI,CARD,ONLINE",Card testing / micro-burst velocity,0.012,30,4823.41,INR,PURCHASE,UPI,MOBILE_APP,1,0,Coimbatore,6.0,0,0,1,DEV-MOHANA-SAMSUNG-S23,mobile_android,0,BEN-CUST_MOHANA_002-TRUSTED,Trusted Household Vendor,7,0,2,10,0,0,0,None,Resolved Genuine,Standard Habitual Purchase,0
TXN-CUST_MOHANA_002-11403,2026-09-18 16:42:24,2026-09-18,16:42:24,16,4,0,0,CUST_MOHANA_002,180,Coimbatore,Tamil Nadu,Medium Risk / 12% Fraud Rate,M028,CraftCove Home Decor,Home Decor,Handicrafts & Art Pieces,Thanjavur,Medical College Road,Tamil Nadu,613004,10.7684,79.1245,8,7400.0,09:30-20:30,"POS,UPI,CARD,ONLINE",Cross-border tourist chargebacks,0.023,57,11950.53,INR,PURCHASE,POS,MOBILE_APP,1,0,Coimbatore,3.0,0,0,1,DEV-MOHANA-SAMSUNG-S23,mobile_android,0,BEN-CUST_MOHANA_002-TRUSTED,Trusted Household Vendor,7,0,2,11,0,0,0,None,Resolved Genuine,Standard Habitual Purchase,0
TXN-CUST_MOHANA_002-11404,2026-09-18 18:11:12,2026-09-18,18:11:12,18,4,0,0,CUST_MOHANA_002,180,Coimbatore,Tamil Nadu,Medium Risk / 12% Fraud Rate,M007,SpiceRoute Kitchen,Restaurant,Fine Dining & Chettinad,Chennai,Adyar,Tamil Nadu,600020,13.0012,80.2565,7,2200.0,11:30-23:30,"POS,UPI,CARD",Cloned card POS terminal replay,0.018,45,10797.02,INR,PURCHASE,UPI,MOBILE_APP,1,0,Coimbatore,7.0,0,0,1,DEV-MOHANA-SAMSUNG-S23,mobile_android,0,BEN-CUST_MOHANA_002-TRUSTED,Trusted Household Vendor,10,0,4,18,0,0,0,None,Resolved Genuine,Standard Habitual Purchase,0
TXN-CUST_MOHANA_002-11405,2026-09-18 19:35:10,2026-09-18,19:35:10,19,4,0,0,CUST_MOHANA_002,180,Coimbatore,Tamil Nadu,Medium Risk / 12% Fraud Rate,M028,CraftCove Home Decor,Home Decor,Handicrafts & Art Pieces,Thanjavur,Medical College Road,Tamil Nadu,613004,10.7684,79.1245,8,7400.0,09:30-20:30,"POS,UPI,CARD,ONLINE",Cross-border tourist chargebacks,0.023,57,8013.86,INR,PURCHASE,ONLINE,MOBILE_APP,1,0,Coimbatore,2.0,0,0,1,DEV-MOHANA-SAMSUNG-S23,mobile_android,0,BEN-CUST_MOHANA_002-TRUSTED,Trusted Household Vendor,7,0,3,15,0,0,0,None,Resolved Genuine,Standard Habitual Purchase,0
TXN-CUST_MOHANA_002-11406,2026-09-18 21:00:13,2026-09-18,21:00:13,21,4,0,0,CUST_MOHANA_002,180,Coimbatore,Tamil Nadu,Medium Risk / 12% Fraud Rate,M001,NovaMart Fresh,Grocery & Supermarket,Supermarket / Hypermarket,Chennai,T Nagar,Tamil Nadu,600017,13.0418,80.2341,8,1250.0,07:00-22:30,"POS,UPI,CARD,ONLINE",Card testing / micro-burst velocity,0.012,30,9691.17,INR,PURCHASE,ONLINE,MOBILE_APP,1,0,Coimbatore,4.0,0,0,1,DEV-MOHANA-SAMSUNG-S23,mobile_android,0,BEN-CUST_MOHANA_002-TRUSTED,Trusted Household Vendor,4,0,3,18,0,0,0,None,Resolved Genuine,Standard Habitual Purchase,0
TXN-CUST_MOHANA_002-11407,2026-09-18 22:28:43,2026-09-18,22:28:43,22,4,0,0,CUST_MOHANA_002,180,Coimbatore,Tamil Nadu,Medium Risk / 12% Fraud Rate,M012,DashDine Delivery,Food Delivery,Quick Commerce & Meal Delivery,Chennai,Sholinganallur,Tamil Nadu,600119,12.901,80.2279,4,520.0,06:00-02:00,"UPI,CARD,ONLINE,WALLET",Promo code abuse / stolen wallet balances,0.014,35,7829.67,INR,PURCHASE,UPI,MOBILE_APP,0,0,Coimbatore,5.0,0,0,1,DEV-MOHANA-SAMSUNG-S23,mobile_android,0,BEN-CUST_MOHANA_002-TRUSTED,Trusted Household Vendor,3,1,4,26,0,0,0,None,Resolved Genuine,Standard Habitual Purchase,0
TXN-CUST_MOHANA_002-11408,2026-09-18 23:54:25,2026-09-18,23:54:25,23,4,0,1,CUST_MOHANA_002,180,Coimbatore,Tamil Nadu,Medium Risk / 12% Fraud Rate,M016,MotoCare Garage,Auto Service,Car Service & Detailing Hub,Chennai,Pallikaranai,Tamil Nadu,600100,12.9372,80.2014,7,8900.0,08:30-20:30,"POS,UPI,CARD",Over-invoicing / synthetic card payments,0.021,52,11066.4,INR,PURCHASE,CARD,MOBILE_APP,1,0,Coimbatore,7.0,0,0,1,DEV-MOHANA-SAMSUNG-S23,mobile_android,0,BEN-CUST_MOHANA_002-TRUSTED,Trusted Household Vendor,14,0,3,20,0,0,0,None,Resolved Genuine,Standard Habitual Purchase,0
TXN-CUST_MOHANA_002-11409,2026-09-19 01:23:11,2026-09-19,01:23:11,1,5,1,1,CUST_MOHANA_002,180,Coimbatore,Tamil Nadu,Medium Risk / 12% Fraud Rate,M021,GlowCraft Salon,Salon / Beauty,Spa & Grooming Studio,Chennai,Porur,Tamil Nadu,600116,13.0382,80.1565,5,2800.0,09:00-21:00,"POS,UPI,CARD",Unusual late-night transaction spikes,0.011,27,6815.52,INR,PURCHASE,CARD,MOBILE_APP,1,0,Coimbatore,10.0,0,0,1,DEV-MOHANA-SAMSUNG-S23,mobile_android,0,BEN-CUST_MOHANA_002-TRUSTED,Trusted Household Vendor,10,0,2,17,0,0,0,None,Resolved Genuine,Standard Habitual Purchase,0
TXN-CUST_MOHANA_002-11410,2026-09-19 02:48:50,2026-09-19,02:48:50,2,5,1,1,CUST_MOHANA_002,180,Coimbatore,Tamil Nadu,Medium Risk / 12% Fraud Rate,M029,CloudDesk Digital,Software / Digital Services,Cloud Infrastructure & SaaS Tools,Bengaluru,Whitefield,Karnataka,560066,12.9698,77.7499,7,19800.0,24_HOURS,"ONLINE,CARD,TRANSFER",Cryptomining VM rental with stolen credit cards,0.058,145,6079.62,INR,PURCHASE,ONLINE,MOBILE_APP,0,0,Coimbatore,2.0,0,0,1,DEV-MOHANA-SAMSUNG-S23,mobile_android,0,BEN-CUST_MOHANA_002-TRUSTED,Trusted Household Vendor,3,0,1,14,0,0,0,None,Resolved Genuine,Standard Habitual Purchase,0
TXN-CUST_MOHANA_002-11411,2026-09-19 04:14:11,2026-09-19,04:14:11,4,5,1,1,CUST_MOHANA_002,180,Coimbatore,Tamil Nadu,Medium Risk / 12% Fraud Rate,M006,MedicoCare Pharmacy,Pharmacy,Medicines & Surgical Supplies,Madurai,KK Nagar,Tamil Nadu,625020,9.9252,78.1498,10,1450.0,24_HOURS,"POS,UPI,CARD,ONLINE",Nighttime micro card testing,0.015,37,10978.1,INR,PURCHASE,CARD,MOBILE_APP,1,0,Coimbatore,6.0,0,0,1,DEV-MOHANA-SAMSUNG-S23,mobile_android,0,BEN-CUST_MOHANA_002-TRUSTED,Trusted Household Vendor,15,0,2,14,0,0,0,None,Resolved Genuine,Standard Habitual Purchase,0
TXN-CUST_MOHANA_002-11412,2026-09-19 05:43:08,2026-09-19,05:43:08,5,5,1,1,CUST_MOHANA_002,180,Coimbatore,Tamil Nadu,Medium Risk / 12% Fraud Rate,M009,RapidFuel Station,Fuel Station,"Petrol, Diesel & EV Fast Charge",Salem,Fairlands,Tamil Nadu,636016,11.6643,78.146,9,3100.0,24_HOURS,"POS,FLEET_CARD,UPI",Automated fleet card skimming,0.024,60,12325.05,INR,PURCHASE,UPI,MOBILE_APP,1,0,Coimbatore,7.0,0,0,1,DEV-MOHANA-SAMSUNG-S23,mobile_android,0,BEN-CUST_MOHANA_002-TRUSTED,Trusted Household Vendor,11,0,2,13,0,0,0,None,Resolved Genuine,Standard Habitual Purchase,0
TXN-CUST_MOHANA_002-11413,2026-09-19 07:09:58,2026-09-19,07:09:58,7,5,1,0,CUST_MOHANA_002,180,Coimbatore,Tamil Nadu,Medium Risk / 12% Fraud Rate,M010,HarborView Residency,Hotel / Hospitality,Business & Luxury Hotel,Chennai,OMR,Tamil Nadu,600096,12.9165,80.2285,6,9500.0,24_HOURS,"ONLINE,POS,CARD,TRANSFER",Online travel booking fraud with stolen corporate credentials,0.041,102,23335.33,INR,P2P_TRANSFER,ONLINE,WEB_PORTAL,0,0,Mumbai,558.0,1,1,0,DEV-LAPTOP-CHROME-339,web_browser,1,BEN-NEW-856,Global Flight Booking,0,3,6,31,1,0,0,Geographic Anomaly / High Ticket Spike,Review Required,Sudden location velocity jump with new merchant,1
TXN-CUST_MOHANA_002-11414,2026-09-19 08:37:29,2026-09-19,08:37:29,8,5,1,0,CUST_MOHANA_002,180,Coimbatore,Tamil Nadu,Medium Risk / 12% Fraud Rate,M010,HarborView Residency,Hotel / Hospitality,Business & Luxury Hotel,Chennai,OMR,Tamil Nadu,600096,12.9165,80.2285,6,9500.0,24_HOURS,"ONLINE,POS,CARD,TRANSFER",Online travel booking fraud with stolen corporate credentials,0.041,102,9318.65,INR,PURCHASE,CARD,MOBILE_APP,1,0,Coimbatore,4.0,0,0,1,DEV-MOHANA-SAMSUNG-S23,mobile_android,0,BEN-CUST_MOHANA_002-TRUSTED,Trusted Household Vendor,4,1,1,13,0,0,0,None,Resolved Genuine,Standard Habitual Purchase,0
TXN-CUST_MOHANA_002-11415,2026-09-19 10:04:03,2026-09-19,10:04:03,10,5,1,0,CUST_MOHANA_002,180,Coimbatore,Tamil Nadu,Medium Risk / 12% Fraud Rate,M015,HomeSphere Appliances,Home Appliances,"Refrigerators, ACs & Kitchen Tech",Coimbatore,Saibaba Colony,Tamil Nadu,641011,11.0315,76.945,9,27500.0,09:30-21:00,"POS,EMI,CARD,UPI",Carding attacks with immediate in-store pickup,0.038,95,9414.38,INR,PURCHASE,POS,MOBILE_APP,1,0,Coimbatore,6.0,0,0,1,DEV-MOHANA-SAMSUNG-S23,mobile_android,0,BEN-CUST_MOHANA_002-TRUSTED,Trusted Household Vendor,14,0,2,14,0,0,0,None,Resolved Genuine,Standard Habitual Purchase,0
TXN-CUST_MOHANA_002-11416,2026-09-19 11:27:32,2026-09-19,11:27:32,11,5,1,0,CUST_MOHANA_002,180,Coimbatore,Tamil Nadu,Medium Risk / 12% Fraud Rate,M011,SkyTrail Travels,Travel Agency,Flight & International Tour Packages,Coimbatore,Gandhipuram,Tamil Nadu,641012,11.0183,76.9664,11,44000.0,09:00-20:00,"ONLINE,TRANSFER,CARD",Mule-account ticket arbitrage & fast cancellation fraud,0.052,130,6311.23,INR,PURCHASE,ONLINE,MOBILE_APP,0,0,Coimbatore,8.0,0,0,1,DEV-MOHANA-SAMSUNG-S23,mobile_android,0,BEN-CUST_MOHANA_002-TRUSTED,Trusted Household Vendor,9,0,4,26,0,0,0,None,Resolved Genuine,Standard Habitual Purchase,0
TXN-CUST_MOHANA_002-11417,2026-09-19 12:52:06,2026-09-19,12:52:06,12,5,1,0,CUST_MOHANA_002,180,Coimbatore,Tamil Nadu,Medium Risk / 12% Fraud Rate,M023,SwiftBox Logistics,Courier / Logistics,Express Parcel & Freight Delivery,Tiruppur,Avinashi Road,Tamil Nadu,641603,11.1085,77.3411,9,4200.0,08:00-21:00,"POS,UPI,CARD,ONLINE",Interception fraud / address redirection,0.02,50,8789.03,INR,PURCHASE,ONLINE,MOBILE_APP,1,0,Coimbatore,6.0,0,0,1,DEV-MOHANA-SAMSUNG-S23,mobile_android,0,BEN-CUST_MOHANA_002-TRUSTED,Trusted Household Vendor,4,0,1,9,0,0,0,None,Resolved Genuine,Standard Habitual Purchase,0
TXN-CUST_MOHANA_002-11418,2026-09-19 14:16:01,2026-09-19,14:16:01,14,5,1,0,CUST_MOHANA_002,180,Coimbatore,Tamil Nadu,Medium Risk / 12% Fraud Rate,M007,SpiceRoute Kitchen,Restaurant,Fine Dining & Chettinad,Chennai,Adyar,Tamil Nadu,600020,13.0012,80.2565,7,2200.0,11:30-23:30,"POS,UPI,CARD",Cloned card POS terminal replay,0.018,45,9339.43,INR,PURCHASE,POS,MOBILE_APP,1,0,Coimbatore,6.0,0,0,1,DEV-MOHANA-SAMSUNG-S23,mobile_android,0,BEN-CUST_MOHANA_002-TRUSTED,Trusted Household Vendor,7,1,1,12,0,0,0,None,Resolved Genuine,Standard Habitual Purchase,0
TXN-CUST_MOHANA_002-11419,2026-09-19 15:42:18,2026-09-19,15:42:18,15,5,1,0,CUST_MOHANA_002,180,Coimbatore,Tamil Nadu,Medium Risk / 12% Fraud Rate,M014,OakLine Furnishings,Furniture,Teak Wood & Modern Home Decor,Madurai,Bypass Road,Tamil Nadu,625016,9.932,78.109,12,38000.0,10:00-21:00,"POS,CARD,TRANSFER,EMI",Invoice redirection fraud / fake payment slips,0.029,72,5142.47,INR,PURCHASE,POS,MOBILE_APP,1,0,Coimbatore,2.0,0,0,1,DEV-MOHANA-SAMSUNG-S23,mobile_android,0,BEN-CUST_MOHANA_002-TRUSTED,Trusted Household Vendor,10,0,1,14,0,0,0,None,Resolved Genuine,Standard Habitual Purchase,0
TXN-CUST_MOHANA_002-11420,2026-09-19 17:08:26,2026-09-19,17:08:26,17,5,1,0,CUST_MOHANA_002,180,Coimbatore,Tamil Nadu,Medium Risk / 12% Fraud Rate,M002,CircuitBay Electronics,Consumer Electronics,Laptops & Gadgets,Chennai,Velachery,Tamil Nadu,600042,12.9759,80.2212,6,32000.0,10:00-21:30,"POS,ONLINE,EMI,UPI",Stolen payment details / high-ticket electronics delivery,0.048,120,9674.42,INR,PURCHASE,EMI,MOBILE_APP,1,0,Coimbatore,7.0,0,0,1,DEV-MOHANA-SAMSUNG-S23,mobile_android,0,BEN-CUST_MOHANA_002-TRUSTED,Trusted Household Vendor,9,0,3,16,0,0,0,None,Resolved Genuine,Standard Habitual Purchase,0
TXN-CUST_MOHANA_002-11421,2026-09-19 18:33:49,2026-09-19,18:33:49,18,5,1,0,CUST_MOHANA_002,180,Coimbatore,Tamil Nadu,Medium Risk / 12% Fraud Rate,M015,HomeSphere Appliances,Home Appliances,"Refrigerators, ACs & Kitchen Tech",Coimbatore,Saibaba Colony,Tamil Nadu,641011,11.0315,76.945,9,27500.0,09:30-21:00,"POS,EMI,CARD,UPI",Carding attacks with immediate in-store pickup,0.038,95,11957.29,INR,PURCHASE,UPI,MOBILE_APP,1,0,Coimbatore,7.0,0,0,1,DEV-MOHANA-SAMSUNG-S23,mobile_android,0,BEN-CUST_MOHANA_002-TRUSTED,Trusted Household Vendor,5,0,1,9,0,0,0,None,Resolved Genuine,Standard Habitual Purchase,0
TXN-CUST_MOHANA_002-11422,2026-09-19 19:58:41,2026-09-19,19:58:41,19,5,1,0,CUST_MOHANA_002,180,Coimbatore,Tamil Nadu,Medium Risk / 12% Fraud Rate,M026,GreenLeaf Wellness,Health & Wellness,Organic Nutrition & Ayurveda,Trichy,Srirangam,Tamil Nadu,620006,10.8624,78.6947,6,2100.0,08:00-21:00,"POS,UPI,ONLINE,CARD",Subscription card stuffing,0.013,32,10759.16,INR,PURCHASE,UPI,MOBILE_APP,1,0,Coimbatore,6.0,0,0,1,DEV-MOHANA-SAMSUNG-S23,mobile_android,0,BEN-CUST_MOHANA_002-TRUSTED,Trusted Household Vendor,14,0,2,10,0,0,0,None,Resolved Genuine,Standard Habitual Purchase,0
TXN-CUST_MOHANA_002-11423,2026-09-19 21:24:31,2026-09-19,21:24:31,21,5,1,0,CUST_MOHANA_002,180,Coimbatore,Tamil Nadu,Medium Risk / 12% Fraud Rate,M002,CircuitBay Electronics,Consumer Electronics,Laptops & Gadgets,Chennai,Velachery,Tamil Nadu,600042,12.9759,80.2212,6,32000.0,10:00-21:30,"POS,ONLINE,EMI,UPI",Stolen payment details / high-ticket electronics delivery,0.048,120,5283.8,INR,PURCHASE,EMI,MOBILE_APP,1,0,Coimbatore,1.0,0,0,1,DEV-MOHANA-SAMSUNG-S23,mobile_android,0,BEN-CUST_MOHANA_002-TRUSTED,Trusted Household Vendor,8,1,4,18,0,0,0,None,Resolved Genuine,Standard Habitual Purchase,0
TXN-CUST_MOHANA_002-11424,2026-09-19 22:51:58,2026-09-19,22:51:58,22,5,1,0,CUST_MOHANA_002,180,Coimbatore,Tamil Nadu,Medium Risk / 12% Fraud Rate,M027,BrickHarbor Realty,Real Estate / Property Services,Rental Escrow & Facility Management,Chennai,Porur,Tamil Nadu,600116,13.035,80.16,11,65000.0,09:00-19:00,"TRANSFER,NETBANKING,CARD",Security deposit phishing / escrow hijacking,0.039,97,129567.59,INR,P2P_TRANSFER,TRANSFER,WEB_PORTAL,0,0,Mumbai,596.0,1,1,0,DEV-LAPTOP-CHROME-197,web_browser,1,BEN-NEW-591,Global Flight Booking,0,2,4,19,1,0,0,Geographic Anomaly / High Ticket Spike,Review Required,Sudden location velocity jump with new merchant,1
TXN-CUST_MOHANA_002-11425,2026-09-20 00:17:15,2026-09-20,00:17:15,0,6,1,1,CUST_MOHANA_002,180,Coimbatore,Tamil Nadu,Medium Risk / 12% Fraud Rate,M009,RapidFuel Station,Fuel Station,"Petrol, Diesel & EV Fast Charge",Salem,Fairlands,Tamil Nadu,636016,11.6643,78.146,9,3100.0,24_HOURS,"POS,FLEET_CARD,UPI",Automated fleet card skimming,0.024,60,6661.54,INR,PURCHASE,FLEET_CARD,MOBILE_APP,1,0,Coimbatore,10.0,0,0,1,DEV-MOHANA-SAMSUNG-S23,mobile_android,0,BEN-CUST_MOHANA_002-TRUSTED,Trusted Household Vendor,4,0,1,12,0,0,0,None,Resolved Genuine,Standard Habitual Purchase,0
TXN-CUST_MOHANA_002-11426,2026-09-20 01:46:01,2026-09-20,01:46:01,1,6,1,1,CUST_MOHANA_002,180,Coimbatore,Tamil Nadu,Medium Risk / 12% Fraud Rate,M007,SpiceRoute Kitchen,Restaurant,Fine Dining & Chettinad,Chennai,Adyar,Tamil Nadu,600020,13.0012,80.2565,7,2200.0,11:30-23:30,"POS,UPI,CARD",Cloned card POS terminal replay,0.018,45,12057.81,INR,PURCHASE,UPI,MOBILE_APP,1,0,Coimbatore,9.0,0,0,1,DEV-MOHANA-SAMSUNG-S23,mobile_android,0,BEN-CUST_MOHANA_002-TRUSTED,Trusted Household Vendor,5,1,2,10,0,0,0,None,Resolved Genuine,Standard Habitual Purchase,0
TXN-CUST_MOHANA_002-11427,2026-09-20 03:09:36,2026-09-20,03:09:36,3,6,1,1,CUST_MOHANA_002,180,Coimbatore,Tamil Nadu,Medium Risk / 12% Fraud Rate,M011,SkyTrail Travels,Travel Agency,Flight & International Tour Packages,Coimbatore,Gandhipuram,Tamil Nadu,641012,11.0183,76.9664,11,44000.0,09:00-20:00,"ONLINE,TRANSFER,CARD",Mule-account ticket arbitrage & fast cancellation fraud,0.052,130,5767.49,INR,PURCHASE,TRANSFER,MOBILE_APP,0,0,Coimbatore,10.0,0,0,1,DEV-MOHANA-SAMSUNG-S23,mobile_android,0,BEN-CUST_MOHANA_002-TRUSTED,Trusted Household Vendor,3,1,2,16,0,0,0,None,Resolved Genuine,Standard Habitual Purchase,0
TXN-CUST_MOHANA_002-11428,2026-09-20 04:33:50,2026-09-20,04:33:50,4,6,1,1,CUST_MOHANA_002,180,Coimbatore,Tamil Nadu,Medium Risk / 12% Fraud Rate,M001,NovaMart Fresh,Grocery & Supermarket,Supermarket / Hypermarket,Chennai,T Nagar,Tamil Nadu,600017,13.0418,80.2341,8,1250.0,07:00-22:30,"POS,UPI,CARD,ONLINE",Card testing / micro-burst velocity,0.012,30,4375.18,INR,PURCHASE,POS,MOBILE_APP,1,0,Coimbatore,11.0,0,0,1,DEV-MOHANA-SAMSUNG-S23,mobile_android,0,BEN-CUST_MOHANA_002-TRUSTED,Trusted Household Vendor,4,0,1,9,0,0,0,None,Resolved Genuine,Standard Habitual Purchase,0
TXN-CUST_MOHANA_002-11429,2026-09-20 05:58:46,2026-09-20,05:58:46,5,6,1,1,CUST_MOHANA_002,180,Coimbatore,Tamil Nadu,Medium Risk / 12% Fraud Rate,M010,HarborView Residency,Hotel / Hospitality,Business & Luxury Hotel,Chennai,OMR,Tamil Nadu,600096,12.9165,80.2285,6,9500.0,24_HOURS,"ONLINE,POS,CARD,TRANSFER",Online travel booking fraud with stolen corporate credentials,0.041,102,5532.57,INR,PURCHASE,POS,MOBILE_APP,1,0,Coimbatore,10.0,0,0,1,DEV-MOHANA-SAMSUNG-S23,mobile_android,0,BEN-CUST_MOHANA_002-TRUSTED,Trusted Household Vendor,13,1,2,15,0,0,0,None,Resolved Genuine,Standard Habitual Purchase,0
TXN-CUST_MOHANA_002-11430,2026-09-20 07:23:16,2026-09-20,07:23:16,7,6,1,0,CUST_MOHANA_002,180,Coimbatore,Tamil Nadu,Medium Risk / 12% Fraud Rate,M013,CartNest Online,E-commerce,Multi-category Marketplace,Chennai,Guindy,Tamil Nadu,600032,13.0067,80.2026,5,6200.0,24_HOURS,"ONLINE,UPI,CARD,NETBANKING",Account takeover + triangulation shipping fraud,0.045,112,13144.64,INR,PURCHASE,CARD,MOBILE_APP,0,0,Coimbatore,2.0,0,0,1,DEV-MOHANA-SAMSUNG-S23,mobile_android,0,BEN-CUST_MOHANA_002-TRUSTED,Trusted Household Vendor,6,0,2,15,0,0,0,None,Resolved Genuine,Standard Habitual Purchase,0
TXN-CUST_MOHANA_002-11431,2026-09-20 08:51:39,2026-09-20,08:51:39,8,6,1,0,CUST_MOHANA_002,180,Coimbatore,Tamil Nadu,Medium Risk / 12% Fraud Rate,M014,OakLine Furnishings,Furniture,Teak Wood & Modern Home Decor,Madurai,Bypass Road,Tamil Nadu,625016,9.932,78.109,12,38000.0,10:00-21:00,"POS,CARD,TRANSFER,EMI",Invoice redirection fraud / fake payment slips,0.029,72,10328.6,INR,PURCHASE,EMI,MOBILE_APP,1,0,Coimbatore,6.0,0,0,1,DEV-MOHANA-SAMSUNG-S23,mobile_android,0,BEN-CUST_MOHANA_002-TRUSTED,Trusted Household Vendor,5,1,3,18,0,0,0,None,Resolved Genuine,Standard Habitual Purchase,0
TXN-CUST_MOHANA_002-11432,2026-09-20 10:19:41,2026-09-20,10:19:41,10,6,1,0,CUST_MOHANA_002,180,Coimbatore,Tamil Nadu,Medium Risk / 12% Fraud Rate,M010,HarborView Residency,Hotel / Hospitality,Business & Luxury Hotel,Chennai,OMR,Tamil Nadu,600096,12.9165,80.2285,6,9500.0,24_HOURS,"ONLINE,POS,CARD,TRANSFER",Online travel booking fraud with stolen corporate credentials,0.041,102,9616.0,INR,PURCHASE,TRANSFER,MOBILE_APP,1,0,Coimbatore,7.0,0,0,1,DEV-MOHANA-SAMSUNG-S23,mobile_android,0,BEN-CUST_MOHANA_002-TRUSTED,Trusted Household Vendor,7,0,2,16,0,0,0,None,Resolved Genuine,Standard Habitual Purchase,0
TXN-CUST_MOHANA_002-11433,2026-09-20 11:44:15,2026-09-20,11:44:15,11,6,1,0,CUST_MOHANA_002,180,Coimbatore,Tamil Nadu,Medium Risk / 12% Fraud Rate,M006,MedicoCare Pharmacy,Pharmacy,Medicines & Surgical Supplies,Madurai,KK Nagar,Tamil Nadu,625020,9.9252,78.1498,10,1450.0,24_HOURS,"POS,UPI,CARD,ONLINE",Nighttime micro card testing,0.015,37,11003.32,INR,PURCHASE,ONLINE,MOBILE_APP,1,0,Coimbatore,12.0,0,0,1,DEV-MOHANA-SAMSUNG-S23,mobile_android,0,BEN-CUST_MOHANA_002-TRUSTED,Trusted Household Vendor,6,0,3,21,0,0,0,None,Resolved Genuine,Standard Habitual Purchase,0
TXN-CUST_MOHANA_002-11434,2026-09-20 13:11:28,2026-09-20,13:11:28,13,6,1,0,CUST_MOHANA_002,180,Coimbatore,Tamil Nadu,Medium Risk / 12% Fraud Rate,M016,MotoCare Garage,Auto Service,Car Service & Detailing Hub,Chennai,Pallikaranai,Tamil Nadu,600100,12.9372,80.2014,7,8900.0,08:30-20:30,"POS,UPI,CARD",Over-invoicing / synthetic card payments,0.021,52,9776.04,INR,PURCHASE,CARD,MOBILE_APP,1,0,Coimbatore,14.0,0,0,1,DEV-MOHANA-SAMSUNG-S23,mobile_android,0,BEN-CUST_MOHANA_002-TRUSTED,Trusted Household Vendor,13,0,3,22,0,0,0,None,Resolved Genuine,Standard Habitual Purchase,0
TXN-CUST_MOHANA_002-11435,2026-09-20 14:38:42,2026-09-20,14:38:42,14,6,1,0,CUST_MOHANA_002,180,Coimbatore,Tamil Nadu,Medium Risk / 12% Fraud Rate,M012,DashDine Delivery,Food Delivery,Quick Commerce & Meal Delivery,Chennai,Sholinganallur,Tamil Nadu,600119,12.901,80.2279,4,520.0,06:00-02:00,"UPI,CARD,ONLINE,WALLET",Promo code abuse / stolen wallet balances,0.014,35,5208.94,INR,PURCHASE,UPI,MOBILE_APP,0,0,Coimbatore,8.0,0,0,1,DEV-MOHANA-SAMSUNG-S23,mobile_android,0,BEN-CUST_MOHANA_002-TRUSTED,Trusted Household Vendor,9,0,3,19,0,0,0,None,Resolved Genuine,Standard Habitual Purchase,0
TXN-CUST_MOHANA_002-11436,2026-09-20 16:06:13,2026-09-20,16:06:13,16,6,1,0,CUST_MOHANA_002,180,Coimbatore,Tamil Nadu,Medium Risk / 12% Fraud Rate,M013,CartNest Online,E-commerce,Multi-category Marketplace,Chennai,Guindy,Tamil Nadu,600032,13.0067,80.2026,5,6200.0,24_HOURS,"ONLINE,UPI,CARD,NETBANKING",Account takeover + triangulation shipping fraud,0.045,112,13414.73,INR,PURCHASE,ONLINE,MOBILE_APP,0,0,Coimbatore,7.0,0,0,1,DEV-MOHANA-SAMSUNG-S23,mobile_android,0,BEN-CUST_MOHANA_002-TRUSTED,Trusted Household Vendor,12,0,3,18,0,0,0,None,Resolved Genuine,Standard Habitual Purchase,0
TXN-CUST_MOHANA_002-11437,2026-09-20 17:32:33,2026-09-20,17:32:33,17,6,1,0,CUST_MOHANA_002,180,Coimbatore,Tamil Nadu,Medium Risk / 12% Fraud Rate,M029,CloudDesk Digital,Software / Digital Services,Cloud Infrastructure & SaaS Tools,Bengaluru,Whitefield,Karnataka,560066,12.9698,77.7499,7,19800.0,24_HOURS,"ONLINE,CARD,TRANSFER",Cryptomining VM rental with stolen credit cards,0.058,145,7378.88,INR,PURCHASE,TRANSFER,MOBILE_APP,0,0,Coimbatore,3.0,0,0,1,DEV-MOHANA-SAMSUNG-S23,mobile_android,0,BEN-CUST_MOHANA_002-TRUSTED,Trusted Household Vendor,13,0,2,10,0,0,0,None,Resolved Genuine,Standard Habitual Purchase,0
TXN-CUST_MOHANA_002-11438,2026-09-20 18:59:40,2026-09-20,18:59:40,18,6,1,0,CUST_MOHANA_002,180,Coimbatore,Tamil Nadu,Medium Risk / 12% Fraud Rate,M014,OakLine Furnishings,Furniture,Teak Wood & Modern Home Decor,Madurai,Bypass Road,Tamil Nadu,625016,9.932,78.109,12,38000.0,10:00-21:00,"POS,CARD,TRANSFER,EMI",Invoice redirection fraud / fake payment slips,0.029,72,7648.19,INR,PURCHASE,CARD,MOBILE_APP,1,0,Coimbatore,2.0,0,0,1,DEV-MOHANA-SAMSUNG-S23,mobile_android,0,BEN-CUST_MOHANA_002-TRUSTED,Trusted Household Vendor,6,0,3,20,0,0,0,None,Resolved Genuine,Standard Habitual Purchase,0
TXN-CUST_MOHANA_002-11439,2026-09-20 20:28:10,2026-09-20,20:28:10,20,6,1,0,CUST_MOHANA_002,180,Coimbatore,Tamil Nadu,Medium Risk / 12% Fraud Rate,M023,SwiftBox Logistics,Courier / Logistics,Express Parcel & Freight Delivery,Tiruppur,Avinashi Road,Tamil Nadu,641603,11.1085,77.3411,9,4200.0,08:00-21:00,"POS,UPI,CARD,ONLINE",Interception fraud / address redirection,0.02,50,7182.87,INR,PURCHASE,ONLINE,MOBILE_APP,1,0,Coimbatore,5.0,0,0,1,DEV-MOHANA-SAMSUNG-S23,mobile_android,0,BEN-CUST_MOHANA_002-TRUSTED,Trusted Household Vendor,15,0,3,20,0,0,0,None,Resolved Genuine,Standard Habitual Purchase,0
TXN-CUST_MOHANA_002-11440,2026-09-20 21:55:53,2026-09-20,21:55:53,21,6,1,0,CUST_MOHANA_002,180,Coimbatore,Tamil Nadu,Medium Risk / 12% Fraud Rate,M022,SkillSpring Academy,Education / Training,Professional Certifications & Tech Bootcamps,Chennai,Mylapore,Tamil Nadu,600004,13.0368,80.2676,8,22000.0,08:30-19:30,"ONLINE,NETBANKING,CARD,UPI",Stolen corporate card enrollments,0.028,70,5779.92,INR,PURCHASE,CARD,MOBILE_APP,0,0,Coimbatore,4.0,0,0,1,DEV-MOHANA-SAMSUNG-S23,mobile_android,0,BEN-CUST_MOHANA_002-TRUSTED,Trusted Household Vendor,5,0,4,21,0,0,0,None,Resolved Genuine,Standard Habitual Purchase,0
TXN-CUST_MOHANA_002-11441,2026-09-20 23:20:12,2026-09-20,23:20:12,23,6,1,1,CUST_MOHANA_002,180,Coimbatore,Tamil Nadu,Medium Risk / 12% Fraud Rate,M007,SpiceRoute Kitchen,Restaurant,Fine Dining & Chettinad,Chennai,Adyar,Tamil Nadu,600020,13.0012,80.2565,7,2200.0,11:30-23:30,"POS,UPI,CARD",Cloned card POS terminal replay,0.018,45,12349.78,INR,PURCHASE,CARD,MOBILE_APP,1,0,Coimbatore,12.0,0,0,1,DEV-MOHANA-SAMSUNG-S23,mobile_android,0,BEN-CUST_MOHANA_002-TRUSTED,Trusted Household Vendor,10,0,4,20,0,0,0,None,Resolved Genuine,Standard Habitual Purchase,0
TXN-CUST_MOHANA_002-11442,2026-09-21 00:45:24,2026-09-21,00:45:24,0,0,0,1,CUST_MOHANA_002,180,Coimbatore,Tamil Nadu,Medium Risk / 12% Fraud Rate,M011,SkyTrail Travels,Travel Agency,Flight & International Tour Packages,Coimbatore,Gandhipuram,Tamil Nadu,641012,11.0183,76.9664,11,44000.0,09:00-20:00,"ONLINE,TRANSFER,CARD",Mule-account ticket arbitrage & fast cancellation fraud,0.052,130,8243.17,INR,PURCHASE,CARD,MOBILE_APP,0,0,Coimbatore,3.0,0,0,1,DEV-MOHANA-SAMSUNG-S23,mobile_android,0,BEN-CUST_MOHANA_002-TRUSTED,Trusted Household Vendor,6,0,4,26,0,0,0,None,Resolved Genuine,Standard Habitual Purchase,0
TXN-CUST_MOHANA_002-11443,2026-09-21 02:14:23,2026-09-21,02:14:23,2,0,0,1,CUST_MOHANA_002,180,Coimbatore,Tamil Nadu,Medium Risk / 12% Fraud Rate,M011,SkyTrail Travels,Travel Agency,Flight & International Tour Packages,Coimbatore,Gandhipuram,Tamil Nadu,641012,11.0183,76.9664,11,44000.0,09:00-20:00,"ONLINE,TRANSFER,CARD",Mule-account ticket arbitrage & fast cancellation fraud,0.052,130,6168.83,INR,PURCHASE,CARD,MOBILE_APP,0,0,Coimbatore,11.0,0,0,1,DEV-MOHANA-SAMSUNG-S23,mobile_android,0,BEN-CUST_MOHANA_002-TRUSTED,Trusted Household Vendor,11,0,3,20,0,0,0,None,Resolved Genuine,Standard Habitual Purchase,0
TXN-CUST_MOHANA_002-11444,2026-09-21 03:39:15,2026-09-21,03:39:15,3,0,0,1,CUST_MOHANA_002,180,Coimbatore,Tamil Nadu,Medium Risk / 12% Fraud Rate,M019,ArenaSport World,Sports Retail,Fitness Equipment & Sports Wear,Chennai,Nungambakkam,Tamil Nadu,600034,13.0604,80.2405,6,5600.0,10:00-21:30,"POS,ONLINE,UPI,CARD",Stolen card chargeback on premium sports gear,0.026,65,3666.57,INR,PURCHASE,CARD,MOBILE_APP,1,0,Coimbatore,13.0,0,0,1,DEV-MOHANA-SAMSUNG-S23,mobile_android,0,BEN-CUST_MOHANA_002-TRUSTED,Trusted Household Vendor,7,1,2,13,0,0,0,None,Resolved Genuine,Standard Habitual Purchase,0
TXN-CUST_MOHANA_002-11445,2026-09-21 05:06:21,2026-09-21,05:06:21,5,0,0,1,CUST_MOHANA_002,180,Coimbatore,Tamil Nadu,Medium Risk / 12% Fraud Rate,M025,ShieldSure Services,Insurance Services,General & Health Insurance Premium,Chennai,Egmore,Tamil Nadu,600008,13.0784,80.2607,13,14000.0,09:30-18:00,"ONLINE,NETBANKING,CARD",Premium diversion / fake policy payment slips,0.019,47,12472.07,INR,PURCHASE,ONLINE,MOBILE_APP,0,0,Coimbatore,9.0,0,0,1,DEV-MOHANA-SAMSUNG-S23,mobile_android,0,BEN-CUST_MOHANA_002-TRUSTED,Trusted Household Vendor,9,0,1,11,0,0,0,None,Resolved Genuine,Standard Habitual Purchase,0
TXN-CUST_MOHANA_002-11446,2026-09-21 06:34:55,2026-09-21,06:34:55,6,0,0,0,CUST_MOHANA_002,180,Coimbatore,Tamil Nadu,Medium Risk / 12% Fraud Rate,M022,SkillSpring Academy,Education / Training,Professional Certifications & Tech Bootcamps,Chennai,Mylapore,Tamil Nadu,600004,13.0368,80.2676,8,22000.0,08:30-19:30,"ONLINE,NETBANKING,CARD,UPI",Stolen corporate card enrollments,0.028,70,13052.67,INR,PURCHASE,UPI,MOBILE_APP,0,0,Coimbatore,2.0,0,0,1,DEV-MOHANA-SAMSUNG-S23,mobile_android,0,BEN-CUST_MOHANA_002-TRUSTED,Trusted Household Vendor,14,1,2,11,0,0,0,None,Resolved Genuine,Standard Habitual Purchase,0
TXN-CUST_MOHANA_002-11447,2026-09-21 07:58:29,2026-09-21,07:58:29,7,0,0,0,CUST_MOHANA_002,180,Coimbatore,Tamil Nadu,Medium Risk / 12% Fraud Rate,M001,NovaMart Fresh,Grocery & Supermarket,Supermarket / Hypermarket,Chennai,T Nagar,Tamil Nadu,600017,13.0418,80.2341,8,1250.0,07:00-22:30,"POS,UPI,CARD,ONLINE",Card testing / micro-burst velocity,0.012,30,8470.45,INR,PURCHASE,ONLINE,MOBILE_APP,1,0,Coimbatore,4.0,0,0,1,DEV-MOHANA-SAMSUNG-S23,mobile_android,0,BEN-CUST_MOHANA_002-TRUSTED,Trusted Household Vendor,3,0,4,20,0,0,0,None,Resolved Genuine,Standard Habitual Purchase,0
TXN-CUST_MOHANA_002-11448,2026-09-21 09:26:32,2026-09-21,09:26:32,9,0,0,0,CUST_MOHANA_002,180,Coimbatore,Tamil Nadu,Medium Risk / 12% Fraud Rate,M025,ShieldSure Services,Insurance Services,General & Health Insurance Premium,Chennai,Egmore,Tamil Nadu,600008,13.0784,80.2607,13,14000.0,09:30-18:00,"ONLINE,NETBANKING,CARD",Premium diversion / fake policy payment slips,0.019,47,3441.48,INR,PURCHASE,CARD,MOBILE_APP,0,0,Coimbatore,2.0,0,0,1,DEV-MOHANA-SAMSUNG-S23,mobile_android,0,BEN-CUST_MOHANA_002-TRUSTED,Trusted Household Vendor,10,0,4,18,0,0,0,None,Resolved Genuine,Standard Habitual Purchase,0
TXN-CUST_MOHANA_002-11449,2026-09-21 10:53:17,2026-09-21,10:53:17,10,0,0,0,CUST_MOHANA_002,180,Coimbatore,Tamil Nadu,Medium Risk / 12% Fraud Rate,M005,UrbanThread Studio,Fashion / Apparel,Designer & Ready-to-wear,Chennai,Anna Nagar,Tamil Nadu,600040,13.085,80.2101,5,4800.0,10:30-22:00,"POS,ONLINE,UPI,CARD",Refund abuse / credential stuffing,0.022,55,7343.29,INR,PURCHASE,POS,MOBILE_APP,1,0,Coimbatore,5.0,0,0,1,DEV-MOHANA-SAMSUNG-S23,mobile_android,0,BEN-CUST_MOHANA_002-TRUSTED,Trusted Household Vendor,5,0,1,10,0,0,0,None,Resolved Genuine,Standard Habitual Purchase,0
TXN-CUST_MOHANA_002-11450,2026-09-21 12:19:04,2026-09-21,12:19:04,12,0,0,0,CUST_MOHANA_002,180,Coimbatore,Tamil Nadu,Medium Risk / 12% Fraud Rate,M007,SpiceRoute Kitchen,Restaurant,Fine Dining & Chettinad,Chennai,Adyar,Tamil Nadu,600020,13.0012,80.2565,7,2200.0,11:30-23:30,"POS,UPI,CARD",Cloned card POS terminal replay,0.018,45,9439.96,INR,PURCHASE,POS,MOBILE_APP,1,0,Coimbatore,5.0,0,0,1,DEV-MOHANA-SAMSUNG-S23,mobile_android,0,BEN-CUST_MOHANA_002-TRUSTED,Trusted Household Vendor,9,0,4,23,0,0,0,None,Resolved Genuine,Standard Habitual Purchase,0
TXN-CUST_MOHANA_002-11451,2026-09-21 13:46:19,2026-09-21,13:46:19,13,0,0,0,CUST_MOHANA_002,180,Coimbatore,Tamil Nadu,Medium Risk / 12% Fraud Rate,M027,BrickHarbor Realty,Real Estate / Property Services,Rental Escrow & Facility Management,Chennai,Porur,Tamil Nadu,600116,13.035,80.16,11,65000.0,09:00-19:00,"TRANSFER,NETBANKING,CARD",Security deposit phishing / escrow hijacking,0.039,97,4870.33,INR,PURCHASE,CARD,MOBILE_APP,0,0,Coimbatore,10.0,0,0,1,DEV-MOHANA-SAMSUNG-S23,mobile_android,0,BEN-CUST_MOHANA_002-TRUSTED,Trusted Household Vendor,9,0,2,14,0,0,0,None,Resolved Genuine,Standard Habitual Purchase,0
TXN-CUST_MOHANA_002-11452,2026-09-21 15:11:47,2026-09-21,15:11:47,15,0,0,0,CUST_MOHANA_002,180,Coimbatore,Tamil Nadu,Medium Risk / 12% Fraud Rate,M013,CartNest Online,E-commerce,Multi-category Marketplace,Chennai,Guindy,Tamil Nadu,600032,13.0067,80.2026,5,6200.0,24_HOURS,"ONLINE,UPI,CARD,NETBANKING",Account takeover + triangulation shipping fraud,0.045,112,5492.17,INR,PURCHASE,UPI,MOBILE_APP,0,0,Coimbatore,14.0,0,0,1,DEV-MOHANA-SAMSUNG-S23,mobile_android,0,BEN-CUST_MOHANA_002-TRUSTED,Trusted Household Vendor,10,1,1,10,0,0,0,None,Resolved Genuine,Standard Habitual Purchase,0
TXN-CUST_MOHANA_002-11453,2026-09-21 16:35:15,2026-09-21,16:35:15,16,0,0,0,CUST_MOHANA_002,180,Coimbatore,Tamil Nadu,Medium Risk / 12% Fraud Rate,M013,CartNest Online,E-commerce,Multi-category Marketplace,Chennai,Guindy,Tamil Nadu,600032,13.0067,80.2026,5,6200.0,24_HOURS,"ONLINE,UPI,CARD,NETBANKING",Account takeover + triangulation shipping fraud,0.045,112,11770.73,INR,PURCHASE,ONLINE,MOBILE_APP,0,0,Coimbatore,5.0,0,0,1,DEV-MOHANA-SAMSUNG-S23,mobile_android,0,BEN-CUST_MOHANA_002-TRUSTED,Trusted Household Vendor,13,0,1,8,0,0,0,None,Resolved Genuine,Standard Habitual Purchase,0
TXN-CUST_MOHANA_002-11454,2026-09-21 18:02:30,2026-09-21,18:02:30,18,0,0,0,CUST_MOHANA_002,180,Coimbatore,Tamil Nadu,Medium Risk / 12% Fraud Rate,M023,SwiftBox Logistics,Courier / Logistics,Express Parcel & Freight Delivery,Tiruppur,Avinashi Road,Tamil Nadu,641603,11.1085,77.3411,9,4200.0,08:00-21:00,"POS,UPI,CARD,ONLINE",Interception fraud / address redirection,0.02,50,12692.64,INR,PURCHASE,ONLINE,MOBILE_APP,1,0,Coimbatore,12.0,0,0,1,DEV-MOHANA-SAMSUNG-S23,mobile_android,0,BEN-CUST_MOHANA_002-TRUSTED,Trusted Household Vendor,4,0,4,25,0,0,0,None,Resolved Genuine,Standard Habitual Purchase,0
TXN-CUST_MOHANA_002-11455,2026-09-21 19:31:51,2026-09-21,19:31:51,19,0,0,0,CUST_MOHANA_002,180,Coimbatore,Tamil Nadu,Medium Risk / 12% Fraud Rate,M001,NovaMart Fresh,Grocery & Supermarket,Supermarket / Hypermarket,Chennai,T Nagar,Tamil Nadu,600017,13.0418,80.2341,8,1250.0,07:00-22:30,"POS,UPI,CARD,ONLINE",Card testing / micro-burst velocity,0.012,30,7599.28,INR,PURCHASE,UPI,MOBILE_APP,1,0,Coimbatore,15.0,0,0,1,DEV-MOHANA-SAMSUNG-S23,mobile_android,0,BEN-CUST_MOHANA_002-TRUSTED,Trusted Household Vendor,8,0,2,11,0,0,0,None,Resolved Genuine,Standard Habitual Purchase,0
TXN-CUST_MOHANA_002-11456,2026-09-21 20:55:27,2026-09-21,20:55:27,20,0,0,0,CUST_MOHANA_002,180,Coimbatore,Tamil Nadu,Medium Risk / 12% Fraud Rate,M013,CartNest Online,E-commerce,Multi-category Marketplace,Chennai,Guindy,Tamil Nadu,600032,13.0067,80.2026,5,6200.0,24_HOURS,"ONLINE,UPI,CARD,NETBANKING",Account takeover + triangulation shipping fraud,0.045,112,4495.85,INR,PURCHASE,NETBANKING,MOBILE_APP,0,0,Coimbatore,6.0,0,0,1,DEV-MOHANA-SAMSUNG-S23,mobile_android,0,BEN-CUST_MOHANA_002-TRUSTED,Trusted Household Vendor,4,0,1,9,0,0,0,None,Resolved Genuine,Standard Habitual Purchase,0
TXN-CUST_MOHANA_002-11457,2026-09-21 22:22:15,2026-09-21,22:22:15,22,0,0,0,CUST_MOHANA_002,180,Coimbatore,Tamil Nadu,Medium Risk / 12% Fraud Rate,M009,RapidFuel Station,Fuel Station,"Petrol, Diesel & EV Fast Charge",Salem,Fairlands,Tamil Nadu,636016,11.6643,78.146,9,3100.0,24_HOURS,"POS,FLEET_CARD,UPI",Automated fleet card skimming,0.024,60,10860.09,INR,PURCHASE,POS,MOBILE_APP,1,0,Coimbatore,1.0,0,0,1,DEV-MOHANA-SAMSUNG-S23,mobile_android,0,BEN-CUST_MOHANA_002-TRUSTED,Trusted Household Vendor,6,0,1,9,0,0,0,None,Resolved Genuine,Standard Habitual Purchase,0
TXN-CUST_MOHANA_002-11458,2026-09-21 23:47:17,2026-09-21,23:47:17,23,0,0,1,CUST_MOHANA_002,180,Coimbatore,Tamil Nadu,Medium Risk / 12% Fraud Rate,M009,RapidFuel Station,Fuel Station,"Petrol, Diesel & EV Fast Charge",Salem,Fairlands,Tamil Nadu,636016,11.6643,78.146,9,3100.0,24_HOURS,"POS,FLEET_CARD,UPI",Automated fleet card skimming,0.024,60,5597.53,INR,PURCHASE,POS,MOBILE_APP,1,0,Coimbatore,15.0,0,0,1,DEV-MOHANA-SAMSUNG-S23,mobile_android,0,BEN-CUST_MOHANA_002-TRUSTED,Trusted Household Vendor,13,0,4,22,0,0,0,None,Resolved Genuine,Standard Habitual Purchase,0
TXN-CUST_MOHANA_002-11459,2026-09-22 01:13:53,2026-09-22,01:13:53,1,1,0,1,CUST_MOHANA_002,180,Coimbatore,Tamil Nadu,Medium Risk / 12% Fraud Rate,M004,Aurelia Gold House,Jewellery,Gold & Diamond Jewellery,Coimbatore,RS Puram,Tamil Nadu,641002,11.0089,76.9514,14,78000.0,10:00-20:30,"POS,CARD,TRANSFER",Account takeover / card-not-present luxury surge,0.065,162,6270.76,INR,PURCHASE,TRANSFER,MOBILE_APP,1,0,Coimbatore,14.0,0,0,1,DEV-MOHANA-SAMSUNG-S23,mobile_android,0,BEN-CUST_MOHANA_002-TRUSTED,Trusted Household Vendor,4,0,3,14,0,0,0,None,Resolved Genuine,Standard Habitual Purchase,0
TXN-CUST_MOHANA_002-11460,2026-09-22 02:43:01,2026-09-22,02:43:01,2,1,0,1,CUST_MOHANA_002,180,Coimbatore,Tamil Nadu,Medium Risk / 12% Fraud Rate,M028,CraftCove Home Decor,Home Decor,Handicrafts & Art Pieces,Thanjavur,Medical College Road,Tamil Nadu,613004,10.7684,79.1245,8,7400.0,09:30-20:30,"POS,UPI,CARD,ONLINE",Cross-border tourist chargebacks,0.023,57,7828.44,INR,PURCHASE,POS,MOBILE_APP,1,0,Coimbatore,10.0,0,0,1,DEV-MOHANA-SAMSUNG-S23,mobile_android,0,BEN-CUST_MOHANA_002-TRUSTED,Trusted Household Vendor,7,0,1,7,0,0,0,None,Resolved Genuine,Standard Habitual Purchase,0
TXN-CUST_MOHANA_002-11461,2026-09-22 04:08:49,2026-09-22,04:08:49,4,1,0,1,CUST_MOHANA_002,180,Coimbatore,Tamil Nadu,Medium Risk / 12% Fraud Rate,M010,HarborView Residency,Hotel / Hospitality,Business & Luxury Hotel,Chennai,OMR,Tamil Nadu,600096,12.9165,80.2285,6,9500.0,24_HOURS,"ONLINE,POS,CARD,TRANSFER",Online travel booking fraud with stolen corporate credentials,0.041,102,24791.95,INR,P2P_TRANSFER,CARD,MOBILE_APP,0,0,Hyderabad,973.0,1,0,1,DEV-MOHANA-SAMSUNG-S23,mobile_android,1,BEN-NEW-968,Global Flight Booking,0,2,10,44,1,0,0,Geographic Anomaly / High Ticket Spike,Review Required,Sudden location velocity jump with new merchant,1
TXN-CUST_MOHANA_002-11462,2026-09-22 05:37:35,2026-09-22,05:37:35,5,1,0,1,CUST_MOHANA_002,180,Coimbatore,Tamil Nadu,Medium Risk / 12% Fraud Rate,M002,CircuitBay Electronics,Consumer Electronics,Laptops & Gadgets,Chennai,Velachery,Tamil Nadu,600042,12.9759,80.2212,6,32000.0,10:00-21:30,"POS,ONLINE,EMI,UPI",Stolen payment details / high-ticket electronics delivery,0.048,120,4935.33,INR,PURCHASE,POS,MOBILE_APP,1,0,Coimbatore,9.0,0,0,1,DEV-MOHANA-SAMSUNG-S23,mobile_android,0,BEN-CUST_MOHANA_002-TRUSTED,Trusted Household Vendor,9,0,4,24,0,0,0,None,Resolved Genuine,Standard Habitual Purchase,0
TXN-CUST_MOHANA_002-11463,2026-09-22 07:06:28,2026-09-22,07:06:28,7,1,0,0,CUST_MOHANA_002,180,Coimbatore,Tamil Nadu,Medium Risk / 12% Fraud Rate,M002,CircuitBay Electronics,Consumer Electronics,Laptops & Gadgets,Chennai,Velachery,Tamil Nadu,600042,12.9759,80.2212,6,32000.0,10:00-21:30,"POS,ONLINE,EMI,UPI",Stolen payment details / high-ticket electronics delivery,0.048,120,11029.5,INR,PURCHASE,EMI,MOBILE_APP,1,0,Coimbatore,2.0,0,0,1,DEV-MOHANA-SAMSUNG-S23,mobile_android,0,BEN-CUST_MOHANA_002-TRUSTED,Trusted Household Vendor,6,0,1,8,0,0,0,None,Resolved Genuine,Standard Habitual Purchase,0
TXN-CUST_MOHANA_002-11464,2026-09-22 08:30:36,2026-09-22,08:30:36,8,1,0,0,CUST_MOHANA_002,180,Coimbatore,Tamil Nadu,Medium Risk / 12% Fraud Rate,M028,CraftCove Home Decor,Home Decor,Handicrafts & Art Pieces,Thanjavur,Medical College Road,Tamil Nadu,613004,10.7684,79.1245,8,7400.0,09:30-20:30,"POS,UPI,CARD,ONLINE",Cross-border tourist chargebacks,0.023,57,11251.02,INR,PURCHASE,CARD,MOBILE_APP,1,0,Coimbatore,5.0,0,0,1,DEV-MOHANA-SAMSUNG-S23,mobile_android,0,BEN-CUST_MOHANA_002-TRUSTED,Trusted Household Vendor,7,0,3,16,0,0,0,None,Resolved Genuine,Standard Habitual Purchase,0
TXN-CUST_MOHANA_002-11465,2026-09-22 09:59:59,2026-09-22,09:59:59,9,1,0,0,CUST_MOHANA_002,180,Coimbatore,Tamil Nadu,Medium Risk / 12% Fraud Rate,M007,SpiceRoute Kitchen,Restaurant,Fine Dining & Chettinad,Chennai,Adyar,Tamil Nadu,600020,13.0012,80.2565,7,2200.0,11:30-23:30,"POS,UPI,CARD",Cloned card POS terminal replay,0.018,45,6656.37,INR,PURCHASE,CARD,MOBILE_APP,1,0,Coimbatore,2.0,0,0,1,DEV-MOHANA-SAMSUNG-S23,mobile_android,0,BEN-CUST_MOHANA_002-TRUSTED,Trusted Household Vendor,12,0,4,19,0,0,0,None,Resolved Genuine,Standard Habitual Purchase,0
TXN-CUST_MOHANA_002-11466,2026-09-22 11:26:18,2026-09-22,11:26:18,11,1,0,0,CUST_MOHANA_002,180,Coimbatore,Tamil Nadu,Medium Risk / 12% Fraud Rate,M019,ArenaSport World,Sports Retail,Fitness Equipment & Sports Wear,Chennai,Nungambakkam,Tamil Nadu,600034,13.0604,80.2405,6,5600.0,10:00-21:30,"POS,ONLINE,UPI,CARD",Stolen card chargeback on premium sports gear,0.026,65,4416.83,INR,PURCHASE,UPI,MOBILE_APP,1,0,Coimbatore,15.0,0,0,1,DEV-MOHANA-SAMSUNG-S23,mobile_android,0,BEN-CUST_MOHANA_002-TRUSTED,Trusted Household Vendor,4,0,1,13,0,0,0,None,Resolved Genuine,Standard Habitual Purchase,0
TXN-CUST_MOHANA_002-11467,2026-09-22 12:50:17,2026-09-22,12:50:17,12,1,0,0,CUST_MOHANA_002,180,Coimbatore,Tamil Nadu,Medium Risk / 12% Fraud Rate,M023,SwiftBox Logistics,Courier / Logistics,Express Parcel & Freight Delivery,Tiruppur,Avinashi Road,Tamil Nadu,641603,11.1085,77.3411,9,4200.0,08:00-21:00,"POS,UPI,CARD,ONLINE",Interception fraud / address redirection,0.02,50,12756.51,INR,PURCHASE,CARD,MOBILE_APP,0,0,Mumbai,508.0,1,0,1,DEV-MOHANA-SAMSUNG-S23,mobile_android,0,BEN-CUST_MOHANA_002-01,Self Family Transfer,3,2,10,42,1,0,0,Geographic Anomaly / High Ticket Spike,Review Required,Sudden location velocity jump with new merchant,1
TXN-CUST_MOHANA_002-11468,2026-09-22 14:19:40,2026-09-22,14:19:40,14,1,0,0,CUST_MOHANA_002,180,Coimbatore,Tamil Nadu,Medium Risk / 12% Fraud Rate,M010,HarborView Residency,Hotel / Hospitality,Business & Luxury Hotel,Chennai,OMR,Tamil Nadu,600096,12.9165,80.2285,6,9500.0,24_HOURS,"ONLINE,POS,CARD,TRANSFER",Online travel booking fraud with stolen corporate credentials,0.041,102,12643.36,INR,PURCHASE,ONLINE,MOBILE_APP,1,0,Coimbatore,11.0,0,0,1,DEV-MOHANA-SAMSUNG-S23,mobile_android,0,BEN-CUST_MOHANA_002-TRUSTED,Trusted Household Vendor,11,0,2,14,0,0,0,None,Resolved Genuine,Standard Habitual Purchase,0
TXN-CUST_MOHANA_002-11469,2026-09-22 15:43:37,2026-09-22,15:43:37,15,1,0,0,CUST_MOHANA_002,180,Coimbatore,Tamil Nadu,Medium Risk / 12% Fraud Rate,M005,UrbanThread Studio,Fashion / Apparel,Designer & Ready-to-wear,Chennai,Anna Nagar,Tamil Nadu,600040,13.085,80.2101,5,4800.0,10:30-22:00,"POS,ONLINE,UPI,CARD",Refund abuse / credential stuffing,0.022,55,11971.9,INR,PURCHASE,ONLINE,MOBILE_APP,1,0,Coimbatore,8.0,0,0,1,DEV-MOHANA-SAMSUNG-S23,mobile_android,0,BEN-CUST_MOHANA_002-TRUSTED,Trusted Household Vendor,8,0,3,21,0,0,0,None,Resolved Genuine,Standard Habitual Purchase,0
TXN-CUST_MOHANA_002-11470,2026-09-22 17:12:37,2026-09-22,17:12:37,17,1,0,0,CUST_MOHANA_002,180,Coimbatore,Tamil Nadu,Medium Risk / 12% Fraud Rate,M003,Pulse Mobile Hub,Mobile Store,Smartphones & Accessories,Chennai,Tambaram,Tamil Nadu,600045,12.9249,80.1278,4,18500.0,09:30-21:30,"POS,UPI,CARD",New device abuse / rapid checkout surge,0.035,87,53310.52,INR,P2P_TRANSFER,UPI,MOBILE_APP,0,0,Delhi,787.0,1,0,1,DEV-MOHANA-SAMSUNG-S23,mobile_android,1,BEN-NEW-401,Global Flight Booking,0,4,6,29,1,0,0,Geographic Anomaly / High Ticket Spike,Review Required,Sudden location velocity jump with new merchant,1
TXN-CUST_MOHANA_002-11471,2026-09-22 18:39:39,2026-09-22,18:39:39,18,1,0,0,CUST_MOHANA_002,180,Coimbatore,Tamil Nadu,Medium Risk / 12% Fraud Rate,M008,BeanCircuit Cafe,Cafe,Specialty Coffee & Bakery,Bengaluru,Indiranagar,Karnataka,560038,12.9784,77.6408,3,650.0,07:30-23:00,"UPI,POS,CARD",QR code spoofing / fast velocity dining,0.009,22,9051.9,INR,PURCHASE,CARD,MOBILE_APP,1,0,Coimbatore,2.0,0,0,1,DEV-MOHANA-SAMSUNG-S23,mobile_android,0,BEN-CUST_MOHANA_002-TRUSTED,Trusted Household Vendor,7,1,4,19,0,0,0,None,Resolved Genuine,Standard Habitual Purchase,0
TXN-CUST_MOHANA_002-11472,2026-09-22 20:07:00,2026-09-22,20:07:00,20,1,0,0,CUST_MOHANA_002,180,Coimbatore,Tamil Nadu,Medium Risk / 12% Fraud Rate,M013,CartNest Online,E-commerce,Multi-category Marketplace,Chennai,Guindy,Tamil Nadu,600032,13.0067,80.2026,5,6200.0,24_HOURS,"ONLINE,UPI,CARD,NETBANKING",Account takeover + triangulation shipping fraud,0.045,112,4645.57,INR,PURCHASE,UPI,MOBILE_APP,0,0,Coimbatore,10.0,0,0,1,DEV-MOHANA-SAMSUNG-S23,mobile_android,0,BEN-CUST_MOHANA_002-TRUSTED,Trusted Household Vendor,6,0,2,11,0,0,0,None,Resolved Genuine,Standard Habitual Purchase,0
TXN-CUST_MOHANA_002-11473,2026-09-22 21:32:29,2026-09-22,21:32:29,21,1,0,0,CUST_MOHANA_002,180,Coimbatore,Tamil Nadu,Medium Risk / 12% Fraud Rate,M029,CloudDesk Digital,Software / Digital Services,Cloud Infrastructure & SaaS Tools,Bengaluru,Whitefield,Karnataka,560066,12.9698,77.7499,7,19800.0,24_HOURS,"ONLINE,CARD,TRANSFER",Cryptomining VM rental with stolen credit cards,0.058,145,3888.43,INR,PURCHASE,CARD,MOBILE_APP,0,0,Coimbatore,12.0,0,0,1,DEV-MOHANA-SAMSUNG-S23,mobile_android,0,BEN-CUST_MOHANA_002-TRUSTED,Trusted Household Vendor,6,0,3,14,0,0,0,None,Resolved Genuine,Standard Habitual Purchase,0
TXN-CUST_MOHANA_002-11474,2026-09-22 22:58:21,2026-09-22,22:58:21,22,1,0,0,CUST_MOHANA_002,180,Coimbatore,Tamil Nadu,Medium Risk / 12% Fraud Rate,M022,SkillSpring Academy,Education / Training,Professional Certifications & Tech Bootcamps,Chennai,Mylapore,Tamil Nadu,600004,13.0368,80.2676,8,22000.0,08:30-19:30,"ONLINE,NETBANKING,CARD,UPI",Stolen corporate card enrollments,0.028,70,7820.09,INR,PURCHASE,CARD,MOBILE_APP,0,0,Coimbatore,11.0,0,0,1,DEV-MOHANA-SAMSUNG-S23,mobile_android,0,BEN-CUST_MOHANA_002-TRUSTED,Trusted Household Vendor,9,1,1,11,0,0,0,None,Resolved Genuine,Standard Habitual Purchase,0
TXN-CUST_MOHANA_002-11475,2026-09-23 00:23:47,2026-09-23,00:23:47,0,2,0,1,CUST_MOHANA_002,180,Coimbatore,Tamil Nadu,Medium Risk / 12% Fraud Rate,M011,SkyTrail Travels,Travel Agency,Flight & International Tour Packages,Coimbatore,Gandhipuram,Tamil Nadu,641012,11.0183,76.9664,11,44000.0,09:00-20:00,"ONLINE,TRANSFER,CARD",Mule-account ticket arbitrage & fast cancellation fraud,0.052,130,90010.82,INR,P2P_TRANSFER,TRANSFER,MOBILE_APP,0,0,Hyderabad,619.0,1,0,1,DEV-MOHANA-SAMSUNG-S23,mobile_android,1,BEN-NEW-472,Global Flight Booking,0,2,4,25,1,0,0,Geographic Anomaly / High Ticket Spike,Review Required,Sudden location velocity jump with new merchant,1
TXN-CUST_MOHANA_002-11476,2026-09-23 01:51:30,2026-09-23,01:51:30,1,2,0,1,CUST_MOHANA_002,180,Coimbatore,Tamil Nadu,Medium Risk / 12% Fraud Rate,M003,Pulse Mobile Hub,Mobile Store,Smartphones & Accessories,Chennai,Tambaram,Tamil Nadu,600045,12.9249,80.1278,4,18500.0,09:30-21:30,"POS,UPI,CARD",New device abuse / rapid checkout surge,0.035,87,12929.22,INR,PURCHASE,CARD,MOBILE_APP,1,0,Coimbatore,8.0,0,0,1,DEV-MOHANA-SAMSUNG-S23,mobile_android,0,BEN-CUST_MOHANA_002-TRUSTED,Trusted Household Vendor,11,0,3,19,0,0,0,None,Resolved Genuine,Standard Habitual Purchase,0
TXN-CUST_MOHANA_002-11477,2026-09-23 03:17:28,2026-09-23,03:17:28,3,2,0,1,CUST_MOHANA_002,180,Coimbatore,Tamil Nadu,Medium Risk / 12% Fraud Rate,M020,GameGrid Arena,Gaming,"Esports, Consoles & Virtual Credits",Bengaluru,Koramangala,Karnataka,560095,12.9352,77.6245,4,3400.0,10:00-01:00,"ONLINE,UPI,CARD,WALLET",Virtual item laundering & bot-driven micro transactions,0.055,137,7463.87,INR,P2P_TRANSFER,CARD,MOBILE_APP,0,0,Hyderabad,526.0,1,0,1,DEV-MOHANA-SAMSUNG-S23,mobile_android,1,BEN-NEW-705,Global Flight Booking,0,2,4,24,1,0,0,Geographic Anomaly / High Ticket Spike,Review Required,Sudden location velocity jump with new merchant,1
TXN-CUST_MOHANA_002-11478,2026-09-23 04:43:34,2026-09-23,04:43:34,4,2,0,1,CUST_MOHANA_002,180,Coimbatore,Tamil Nadu,Medium Risk / 12% Fraud Rate,M022,SkillSpring Academy,Education / Training,Professional Certifications & Tech Bootcamps,Chennai,Mylapore,Tamil Nadu,600004,13.0368,80.2676,8,22000.0,08:30-19:30,"ONLINE,NETBANKING,CARD,UPI",Stolen corporate card enrollments,0.028,70,12753.55,INR,PURCHASE,NETBANKING,MOBILE_APP,0,0,Coimbatore,4.0,0,0,1,DEV-MOHANA-SAMSUNG-S23,mobile_android,0,BEN-CUST_MOHANA_002-TRUSTED,Trusted Household Vendor,5,0,3,21,0,0,0,None,Resolved Genuine,Standard Habitual Purchase,0
TXN-CUST_MOHANA_002-11479,2026-09-23 06:10:48,2026-09-23,06:10:48,6,2,0,0,CUST_MOHANA_002,180,Coimbatore,Tamil Nadu,Medium Risk / 12% Fraud Rate,M003,Pulse Mobile Hub,Mobile Store,Smartphones & Accessories,Chennai,Tambaram,Tamil Nadu,600045,12.9249,80.1278,4,18500.0,09:30-21:30,"POS,UPI,CARD",New device abuse / rapid checkout surge,0.035,87,8047.98,INR,PURCHASE,UPI,MOBILE_APP,1,0,Coimbatore,7.0,0,0,1,DEV-MOHANA-SAMSUNG-S23,mobile_android,0,BEN-CUST_MOHANA_002-TRUSTED,Trusted Household Vendor,9,0,3,14,0,0,0,None,Resolved Genuine,Standard Habitual Purchase,0
TXN-CUST_MOHANA_002-11480,2026-09-23 07:35:45,2026-09-23,07:35:45,7,2,0,0,CUST_MOHANA_002,180,Coimbatore,Tamil Nadu,Medium Risk / 12% Fraud Rate,M028,CraftCove Home Decor,Home Decor,Handicrafts & Art Pieces,Thanjavur,Medical College Road,Tamil Nadu,613004,10.7684,79.1245,8,7400.0,09:30-20:30,"POS,UPI,CARD,ONLINE",Cross-border tourist chargebacks,0.023,57,3481.55,INR,PURCHASE,CARD,MOBILE_APP,1,0,Coimbatore,1.0,0,0,1,DEV-MOHANA-SAMSUNG-S23,mobile_android,0,BEN-CUST_MOHANA_002-TRUSTED,Trusted Household Vendor,7,0,1,7,0,0,0,None,Resolved Genuine,Standard Habitual Purchase,0
TXN-CUST_MOHANA_002-11481,2026-09-23 09:04:11,2026-09-23,09:04:11,9,2,0,0,CUST_MOHANA_002,180,Coimbatore,Tamil Nadu,Medium Risk / 12% Fraud Rate,M001,NovaMart Fresh,Grocery & Supermarket,Supermarket / Hypermarket,Chennai,T Nagar,Tamil Nadu,600017,13.0418,80.2341,8,1250.0,07:00-22:30,"POS,UPI,CARD,ONLINE",Card testing / micro-burst velocity,0.012,30,13465.65,INR,PURCHASE,CARD,MOBILE_APP,1,0,Coimbatore,7.0,0,0,1,DEV-MOHANA-SAMSUNG-S23,mobile_android,0,BEN-CUST_MOHANA_002-TRUSTED,Trusted Household Vendor,5,0,4,18,0,0,0,None,Resolved Genuine,Standard Habitual Purchase,0
TXN-CUST_MOHANA_002-11482,2026-09-23 10:32:18,2026-09-23,10:32:18,10,2,0,0,CUST_MOHANA_002,180,Coimbatore,Tamil Nadu,Medium Risk / 12% Fraud Rate,M017,AutoForge Parts,Spare Parts,OEM Industrial & Auto Components,Hosur,Mookandapalli,Tamil Nadu,635126,12.7409,77.8253,15,16500.0,09:00-19:30,"TRANSFER,POS,CARD",Business email compromise / fake beneficiary update,0.033,82,7939.81,INR,PURCHASE,CARD,MOBILE_APP,1,0,Coimbatore,13.0,0,0,1,DEV-MOHANA-SAMSUNG-S23,mobile_android,0,BEN-CUST_MOHANA_002-TRUSTED,Trusted Household Vendor,3,1,1,12,0,0,0,None,Resolved Genuine,Standard Habitual Purchase,0
TXN-CUST_MOHANA_002-11483,2026-09-23 11:58:10,2026-09-23,11:58:10,11,2,0,0,CUST_MOHANA_002,180,Coimbatore,Tamil Nadu,Medium Risk / 12% Fraud Rate,M020,GameGrid Arena,Gaming,"Esports, Consoles & Virtual Credits",Bengaluru,Koramangala,Karnataka,560095,12.9352,77.6245,4,3400.0,10:00-01:00,"ONLINE,UPI,CARD,WALLET",Virtual item laundering & bot-driven micro transactions,0.055,137,4001.74,INR,PURCHASE,UPI,MOBILE_APP,0,0,Coimbatore,5.0,0,0,1,DEV-MOHANA-SAMSUNG-S23,mobile_android,0,BEN-CUST_MOHANA_002-TRUSTED,Trusted Household Vendor,10,0,1,14,0,0,0,None,Resolved Genuine,Standard Habitual Purchase,0
TXN-CUST_MOHANA_002-11484,2026-09-23 13:22:24,2026-09-23,13:22:24,13,2,0,0,CUST_MOHANA_002,180,Coimbatore,Tamil Nadu,Medium Risk / 12% Fraud Rate,M016,MotoCare Garage,Auto Service,Car Service & Detailing Hub,Chennai,Pallikaranai,Tamil Nadu,600100,12.9372,80.2014,7,8900.0,08:30-20:30,"POS,UPI,CARD",Over-invoicing / synthetic card payments,0.021,52,7557.97,INR,PURCHASE,UPI,MOBILE_APP,1,0,Coimbatore,4.0,0,0,1,DEV-MOHANA-SAMSUNG-S23,mobile_android,0,BEN-CUST_MOHANA_002-TRUSTED,Trusted Household Vendor,4,0,1,8,0,0,0,None,Resolved Genuine,Standard Habitual Purchase,0
TXN-CUST_MOHANA_002-11485,2026-09-23 14:46:39,2026-09-23,14:46:39,14,2,0,0,CUST_MOHANA_002,180,Coimbatore,Tamil Nadu,Medium Risk / 12% Fraud Rate,M005,UrbanThread Studio,Fashion / Apparel,Designer & Ready-to-wear,Chennai,Anna Nagar,Tamil Nadu,600040,13.085,80.2101,5,4800.0,10:30-22:00,"POS,ONLINE,UPI,CARD",Refund abuse / credential stuffing,0.022,55,9032.58,INR,PURCHASE,POS,MOBILE_APP,1,0,Coimbatore,3.0,0,0,1,DEV-MOHANA-SAMSUNG-S23,mobile_android,0,BEN-CUST_MOHANA_002-TRUSTED,Trusted Household Vendor,7,1,2,18,0,0,0,None,Resolved Genuine,Standard Habitual Purchase,0
TXN-CUST_MOHANA_002-11486,2026-09-23 16:11:43,2026-09-23,16:11:43,16,2,0,0,CUST_MOHANA_002,180,Coimbatore,Tamil Nadu,Medium Risk / 12% Fraud Rate,M011,SkyTrail Travels,Travel Agency,Flight & International Tour Packages,Coimbatore,Gandhipuram,Tamil Nadu,641012,11.0183,76.9664,11,44000.0,09:00-20:00,"ONLINE,TRANSFER,CARD",Mule-account ticket arbitrage & fast cancellation fraud,0.052,130,12236.55,INR,PURCHASE,ONLINE,MOBILE_APP,0,0,Coimbatore,9.0,0,0,1,DEV-MOHANA-SAMSUNG-S23,mobile_android,0,BEN-CUST_MOHANA_002-TRUSTED,Trusted Household Vendor,3,1,3,18,0,0,0,None,Resolved Genuine,Standard Habitual Purchase,0
TXN-CUST_MOHANA_002-11487,2026-09-23 17:35:40,2026-09-23,17:35:40,17,2,0,0,CUST_MOHANA_002,180,Coimbatore,Tamil Nadu,Medium Risk / 12% Fraud Rate,M024,LinkWave Telecom,Telecom Retail,Fiber Broadband & Postpaid Plans,Erode,Perundurai Road,Tamil Nadu,638011,11.341,77.7172,10,1950.0,09:30-20:30,"UPI,CARD,ONLINE,POS",SIM swap bill recharge surges,0.017,42,11063.36,INR,PURCHASE,ONLINE,MOBILE_APP,1,0,Coimbatore,5.0,0,0,1,DEV-MOHANA-SAMSUNG-S23,mobile_android,0,BEN-CUST_MOHANA_002-TRUSTED,Trusted Household Vendor,6,0,1,7,0,0,0,None,Resolved Genuine,Standard Habitual Purchase,0
TXN-CUST_MOHANA_002-11488,2026-09-23 19:03:18,2026-09-23,19:03:18,19,2,0,0,CUST_MOHANA_002,180,Coimbatore,Tamil Nadu,Medium Risk / 12% Fraud Rate,M008,BeanCircuit Cafe,Cafe,Specialty Coffee & Bakery,Bengaluru,Indiranagar,Karnataka,560038,12.9784,77.6408,3,650.0,07:30-23:00,"UPI,POS,CARD",QR code spoofing / fast velocity dining,0.009,22,6939.7,INR,PURCHASE,POS,MOBILE_APP,1,0,Coimbatore,1.0,0,0,1,DEV-MOHANA-SAMSUNG-S23,mobile_android,0,BEN-CUST_MOHANA_002-TRUSTED,Trusted Household Vendor,6,0,3,21,0,0,0,None,Resolved Genuine,Standard Habitual Purchase,0
TXN-CUST_MOHANA_002-11489,2026-09-23 20:32:16,2026-09-23,20:32:16,20,2,0,0,CUST_MOHANA_002,180,Coimbatore,Tamil Nadu,Medium Risk / 12% Fraud Rate,M006,MedicoCare Pharmacy,Pharmacy,Medicines & Surgical Supplies,Madurai,KK Nagar,Tamil Nadu,625020,9.9252,78.1498,10,1450.0,24_HOURS,"POS,UPI,CARD,ONLINE",Nighttime micro card testing,0.015,37,11214.66,INR,PURCHASE,ONLINE,MOBILE_APP,1,0,Coimbatore,9.0,0,0,1,DEV-MOHANA-SAMSUNG-S23,mobile_android,0,BEN-CUST_MOHANA_002-TRUSTED,Trusted Household Vendor,15,0,1,10,0,0,0,None,Resolved Genuine,Standard Habitual Purchase,0
TXN-CUST_MOHANA_002-11490,2026-09-23 21:56:22,2026-09-23,21:56:22,21,2,0,0,CUST_MOHANA_002,180,Coimbatore,Tamil Nadu,Medium Risk / 12% Fraud Rate,M023,SwiftBox Logistics,Courier / Logistics,Express Parcel & Freight Delivery,Tiruppur,Avinashi Road,Tamil Nadu,641603,11.1085,77.3411,9,4200.0,08:00-21:00,"POS,UPI,CARD,ONLINE",Interception fraud / address redirection,0.02,50,12947.28,INR,PURCHASE,ONLINE,MOBILE_APP,1,0,Coimbatore,6.0,0,0,1,DEV-MOHANA-SAMSUNG-S23,mobile_android,0,BEN-CUST_MOHANA_002-TRUSTED,Trusted Household Vendor,12,0,1,14,0,0,0,None,Resolved Genuine,Standard Habitual Purchase,0
TXN-CUST_MOHANA_002-11491,2026-09-23 23:21:12,2026-09-23,23:21:12,23,2,0,1,CUST_MOHANA_002,180,Coimbatore,Tamil Nadu,Medium Risk / 12% Fraud Rate,M005,UrbanThread Studio,Fashion / Apparel,Designer & Ready-to-wear,Chennai,Anna Nagar,Tamil Nadu,600040,13.085,80.2101,5,4800.0,10:30-22:00,"POS,ONLINE,UPI,CARD",Refund abuse / credential stuffing,0.022,55,12851.67,INR,PURCHASE,POS,MOBILE_APP,1,0,Coimbatore,1.0,0,0,1,DEV-MOHANA-SAMSUNG-S23,mobile_android,0,BEN-CUST_MOHANA_002-TRUSTED,Trusted Household Vendor,7,0,1,10,0,0,0,None,Resolved Genuine,Standard Habitual Purchase,0
TXN-CUST_MOHANA_002-11492,2026-09-24 00:50:04,2026-09-24,00:50:04,0,3,0,1,CUST_MOHANA_002,180,Coimbatore,Tamil Nadu,Medium Risk / 12% Fraud Rate,M023,SwiftBox Logistics,Courier / Logistics,Express Parcel & Freight Delivery,Tiruppur,Avinashi Road,Tamil Nadu,641603,11.1085,77.3411,9,4200.0,08:00-21:00,"POS,UPI,CARD,ONLINE",Interception fraud / address redirection,0.02,50,13020.87,INR,PURCHASE,UPI,MOBILE_APP,1,0,Coimbatore,4.0,0,0,1,DEV-MOHANA-SAMSUNG-S23,mobile_android,0,BEN-CUST_MOHANA_002-TRUSTED,Trusted Household Vendor,15,0,3,22,0,0,0,None,Resolved Genuine,Standard Habitual Purchase,0
TXN-CUST_MOHANA_002-11493,2026-09-24 02:18:02,2026-09-24,02:18:02,2,3,0,1,CUST_MOHANA_002,180,Coimbatore,Tamil Nadu,Medium Risk / 12% Fraud Rate,M004,Aurelia Gold House,Jewellery,Gold & Diamond Jewellery,Coimbatore,RS Puram,Tamil Nadu,641002,11.0089,76.9514,14,78000.0,10:00-20:30,"POS,CARD,TRANSFER",Account takeover / card-not-present luxury surge,0.065,162,241937.97,INR,PURCHASE,TRANSFER,WEB_PORTAL,0,0,Hyderabad,719.0,1,1,0,DEV-LAPTOP-CHROME-580,web_browser,0,BEN-CUST_MOHANA_002-01,Self Family Transfer,3,3,6,28,1,0,0,Geographic Anomaly / High Ticket Spike,Review Required,Sudden location velocity jump with new merchant,1
TXN-CUST_MOHANA_002-11494,2026-09-24 03:44:44,2026-09-24,03:44:44,3,3,0,1,CUST_MOHANA_002,180,Coimbatore,Tamil Nadu,Medium Risk / 12% Fraud Rate,M006,MedicoCare Pharmacy,Pharmacy,Medicines & Surgical Supplies,Madurai,KK Nagar,Tamil Nadu,625020,9.9252,78.1498,10,1450.0,24_HOURS,"POS,UPI,CARD,ONLINE",Nighttime micro card testing,0.015,37,4267.02,INR,PURCHASE,ONLINE,MOBILE_APP,1,0,Coimbatore,9.0,0,0,1,DEV-MOHANA-SAMSUNG-S23,mobile_android,0,BEN-CUST_MOHANA_002-TRUSTED,Trusted Household Vendor,3,0,2,13,0,0,0,None,Resolved Genuine,Standard Habitual Purchase,0
TXN-CUST_MOHANA_002-11495,2026-09-24 05:12:40,2026-09-24,05:12:40,5,3,0,1,CUST_MOHANA_002,180,Coimbatore,Tamil Nadu,Medium Risk / 12% Fraud Rate,M016,MotoCare Garage,Auto Service,Car Service & Detailing Hub,Chennai,Pallikaranai,Tamil Nadu,600100,12.9372,80.2014,7,8900.0,08:30-20:30,"POS,UPI,CARD",Over-invoicing / synthetic card payments,0.021,52,13409.66,INR,PURCHASE,POS,MOBILE_APP,1,0,Coimbatore,9.0,0,0,1,DEV-MOHANA-SAMSUNG-S23,mobile_android,0,BEN-CUST_MOHANA_002-TRUSTED,Trusted Household Vendor,13,0,1,13,0,0,0,None,Resolved Genuine,Standard Habitual Purchase,0
TXN-CUST_MOHANA_002-11496,2026-09-24 06:39:25,2026-09-24,06:39:25,6,3,0,0,CUST_MOHANA_002,180,Coimbatore,Tamil Nadu,Medium Risk / 12% Fraud Rate,M025,ShieldSure Services,Insurance Services,General & Health Insurance Premium,Chennai,Egmore,Tamil Nadu,600008,13.0784,80.2607,13,14000.0,09:30-18:00,"ONLINE,NETBANKING,CARD",Premium diversion / fake policy payment slips,0.019,47,4577.17,INR,PURCHASE,ONLINE,MOBILE_APP,0,0,Coimbatore,3.0,0,0,1,DEV-MOHANA-SAMSUNG-S23,mobile_android,0,BEN-CUST_MOHANA_002-TRUSTED,Trusted Household Vendor,7,1,4,24,0,0,0,None,Resolved Genuine,Standard Habitual Purchase,0
TXN-CUST_MOHANA_002-11497,2026-09-24 08:06:24,2026-09-24,08:06:24,8,3,0,0,CUST_MOHANA_002,180,Coimbatore,Tamil Nadu,Medium Risk / 12% Fraud Rate,M001,NovaMart Fresh,Grocery & Supermarket,Supermarket / Hypermarket,Chennai,T Nagar,Tamil Nadu,600017,13.0418,80.2341,8,1250.0,07:00-22:30,"POS,UPI,CARD,ONLINE",Card testing / micro-burst velocity,0.012,30,6653.15,INR,PURCHASE,CARD,MOBILE_APP,1,0,Coimbatore,6.0,0,0,1,DEV-MOHANA-SAMSUNG-S23,mobile_android,0,BEN-CUST_MOHANA_002-TRUSTED,Trusted Household Vendor,10,0,3,18,0,0,0,None,Resolved Genuine,Standard Habitual Purchase,0
TXN-CUST_MOHANA_002-11498,2026-09-24 09:33:59,2026-09-24,09:33:59,9,3,0,0,CUST_MOHANA_002,180,Coimbatore,Tamil Nadu,Medium Risk / 12% Fraud Rate,M001,NovaMart Fresh,Grocery & Supermarket,Supermarket / Hypermarket,Chennai,T Nagar,Tamil Nadu,600017,13.0418,80.2341,8,1250.0,07:00-22:30,"POS,UPI,CARD,ONLINE",Card testing / micro-burst velocity,0.012,30,8956.26,INR,PURCHASE,ONLINE,MOBILE_APP,1,0,Coimbatore,5.0,0,0,1,DEV-MOHANA-SAMSUNG-S23,mobile_android,0,BEN-CUST_MOHANA_002-TRUSTED,Trusted Household Vendor,9,1,1,6,0,0,0,None,Resolved Genuine,Standard Habitual Purchase,0
TXN-CUST_MOHANA_002-11499,2026-09-24 11:01:32,2026-09-24,11:01:32,11,3,0,0,CUST_MOHANA_002,180,Coimbatore,Tamil Nadu,Medium Risk / 12% Fraud Rate,M012,DashDine Delivery,Food Delivery,Quick Commerce & Meal Delivery,Chennai,Sholinganallur,Tamil Nadu,600119,12.901,80.2279,4,520.0,06:00-02:00,"UPI,CARD,ONLINE,WALLET",Promo code abuse / stolen wallet balances,0.014,35,12517.4,INR,PURCHASE,WALLET,MOBILE_APP,0,0,Coimbatore,9.0,0,0,1,DEV-MOHANA-SAMSUNG-S23,mobile_android,0,BEN-CUST_MOHANA_002-TRUSTED,Trusted Household Vendor,3,0,4,19,0,0,0,None,Resolved Genuine,Standard Habitual Purchase,0
TXN-CUST_MOHANA_002-11500,2026-09-24 12:29:18,2026-09-24,12:29:18,12,3,0,0,CUST_MOHANA_002,180,Coimbatore,Tamil Nadu,Medium Risk / 12% Fraud Rate,M013,CartNest Online,E-commerce,Multi-category Marketplace,Chennai,Guindy,Tamil Nadu,600032,13.0067,80.2026,5,6200.0,24_HOURS,"ONLINE,UPI,CARD,NETBANKING",Account takeover + triangulation shipping fraud,0.045,112,6781.91,INR,PURCHASE,CARD,MOBILE_APP,0,0,Coimbatore,8.0,0,0,1,DEV-MOHANA-SAMSUNG-S23,mobile_android,0,BEN-CUST_MOHANA_002-TRUSTED,Trusted Household Vendor,15,0,4,23,0,0,0,None,Resolved Genuine,Standard Habitual Purchase,0
