transaction_id,transaction_datetime,transaction_date,transaction_time,transaction_hour,day_of_week,is_weekend,is_night_transaction,customer_id,customer_account_age_days,customer_usual_location,customer_usual_state,customer_risk_segment,merchant_id,merchant_name,merchant_category,merchant_subcategory,merchant_city,merchant_area,merchant_state,merchant_pincode,merchant_latitude,merchant_longitude,merchant_business_age_years,merchant_average_ticket,merchant_operating_hours,merchant_payment_channels,merchant_historical_fraud_pattern,merchant_historical_fraud_rate,merchant_historical_fraud_count,amount,currency,transaction_type,payment_channel,transaction_channel,card_present,is_international,current_location,location_distance_km,is_location_changed,is_new_device,is_trusted_device,device_id,device_type,is_new_beneficiary,beneficiary_id,beneficiary_name,beneficiary_prior_transaction_count,customer_tx_count_last_1h,customer_tx_count_last_24h,customer_tx_count_last_7d,failed_login_attempts_last_24h,failed_transaction_attempts_last_24h,recent_password_reset_flag,fraud_scenario_type,fraud_lifecycle_stage,synthetic_fraud_scenario_description,is_fraud
TXN-CUST_MONISHA_001-10001,2026-06-26 12:44:24,2026-06-26,12:44:24,12,4,0,0,CUST_MONISHA_001,420,Chennai,Tamil Nadu,Low Risk / 3% Fraud Rate,M002,CircuitBay Electronics,Consumer Electronics,Laptops & Gadgets,Chennai,Velachery,Tamil Nadu,600042,12.9759,80.2212,6,32000.0,10:00-21:30,"POS,ONLINE,EMI,UPI",Stolen payment details / high-ticket electronics delivery,0.048,120,2487.57,INR,PURCHASE,EMI,MOBILE_APP,1,0,Chennai,9.0,0,0,1,DEV-MONISHA-IPHONE-15,mobile_ios,0,BEN-CUST_MONISHA_001-TRUSTED,Trusted Household Vendor,4,1,4,23,0,0,0,None,Resolved Genuine,Standard Habitual Purchase,0
TXN-CUST_MONISHA_001-10002,2026-06-26 14:11:16,2026-06-26,14:11:16,14,4,0,0,CUST_MONISHA_001,420,Chennai,Tamil Nadu,Low Risk / 3% Fraud Rate,M023,SwiftBox Logistics,Courier / Logistics,Express Parcel & Freight Delivery,Tiruppur,Avinashi Road,Tamil Nadu,641603,11.1085,77.3411,9,4200.0,08:00-21:00,"POS,UPI,CARD,ONLINE",Interception fraud / address redirection,0.02,50,942.76,INR,PURCHASE,UPI,MOBILE_APP,1,0,Chennai,11.0,0,0,1,DEV-MONISHA-IPHONE-15,mobile_ios,0,BEN-CUST_MONISHA_001-TRUSTED,Trusted Household Vendor,4,0,3,15,0,0,0,None,Resolved Genuine,Standard Habitual Purchase,0
TXN-CUST_MONISHA_001-10003,2026-06-26 15:36:57,2026-06-26,15:36:57,15,4,0,0,CUST_MONISHA_001,420,Chennai,Tamil Nadu,Low Risk / 3% Fraud Rate,M015,HomeSphere Appliances,Home Appliances,"Refrigerators, ACs & Kitchen Tech",Coimbatore,Saibaba Colony,Tamil Nadu,641011,11.0315,76.945,9,27500.0,09:30-21:00,"POS,EMI,CARD,UPI",Carding attacks with immediate in-store pickup,0.038,95,2267.5,INR,PURCHASE,CARD,MOBILE_APP,1,0,Chennai,6.0,0,0,1,DEV-MONISHA-IPHONE-15,mobile_ios,0,BEN-CUST_MONISHA_001-TRUSTED,Trusted Household Vendor,6,1,3,15,0,0,0,None,Resolved Genuine,Standard Habitual Purchase,0
TXN-CUST_MONISHA_001-10004,2026-06-26 17:04:00,2026-06-26,17:04:00,17,4,0,0,CUST_MONISHA_001,420,Chennai,Tamil Nadu,Low Risk / 3% Fraud Rate,M006,MedicoCare Pharmacy,Pharmacy,Medicines & Surgical Supplies,Madurai,KK Nagar,Tamil Nadu,625020,9.9252,78.1498,10,1450.0,24_HOURS,"POS,UPI,CARD,ONLINE",Nighttime micro card testing,0.015,37,2029.89,INR,PURCHASE,UPI,MOBILE_APP,1,0,Chennai,4.0,0,0,1,DEV-MONISHA-IPHONE-15,mobile_ios,0,BEN-CUST_MONISHA_001-TRUSTED,Trusted Household Vendor,7,1,4,23,0,0,0,None,Resolved Genuine,Standard Habitual Purchase,0
TXN-CUST_MONISHA_001-10005,2026-06-26 18:32:27,2026-06-26,18:32:27,18,4,0,0,CUST_MONISHA_001,420,Chennai,Tamil Nadu,Low Risk / 3% Fraud Rate,M025,ShieldSure Services,Insurance Services,General & Health Insurance Premium,Chennai,Egmore,Tamil Nadu,600008,13.0784,80.2607,13,14000.0,09:30-18:00,"ONLINE,NETBANKING,CARD",Premium diversion / fake policy payment slips,0.019,47,910.89,INR,PURCHASE,NETBANKING,MOBILE_APP,0,0,Chennai,14.0,0,0,1,DEV-MONISHA-IPHONE-15,mobile_ios,0,BEN-CUST_MONISHA_001-TRUSTED,Trusted Household Vendor,9,1,3,15,0,0,0,None,Resolved Genuine,Standard Habitual Purchase,0
TXN-CUST_MONISHA_001-10006,2026-06-26 19:57:07,2026-06-26,19:57:07,19,4,0,0,CUST_MONISHA_001,420,Chennai,Tamil Nadu,Low Risk / 3% Fraud Rate,M019,ArenaSport World,Sports Retail,Fitness Equipment & Sports Wear,Chennai,Nungambakkam,Tamil Nadu,600034,13.0604,80.2405,6,5600.0,10:00-21:30,"POS,ONLINE,UPI,CARD",Stolen card chargeback on premium sports gear,0.026,65,2830.7,INR,PURCHASE,CARD,MOBILE_APP,1,0,Chennai,6.0,0,0,1,DEV-MONISHA-IPHONE-15,mobile_ios,0,BEN-CUST_MONISHA_001-TRUSTED,Trusted Household Vendor,9,0,4,20,0,0,0,None,Resolved Genuine,Standard Habitual Purchase,0
TXN-CUST_MONISHA_001-10007,2026-06-26 21:22:07,2026-06-26,21:22:07,21,4,0,0,CUST_MONISHA_001,420,Chennai,Tamil Nadu,Low Risk / 3% Fraud Rate,M008,BeanCircuit Cafe,Cafe,Specialty Coffee & Bakery,Bengaluru,Indiranagar,Karnataka,560038,12.9784,77.6408,3,650.0,07:30-23:00,"UPI,POS,CARD",QR code spoofing / fast velocity dining,0.009,22,2523.27,INR,PURCHASE,POS,MOBILE_APP,1,0,Chennai,9.0,0,0,1,DEV-MONISHA-IPHONE-15,mobile_ios,0,BEN-CUST_MONISHA_001-TRUSTED,Trusted Household Vendor,12,0,4,23,0,0,0,None,Resolved Genuine,Standard Habitual Purchase,0
TXN-CUST_MONISHA_001-10008,2026-06-26 22:46:50,2026-06-26,22:46:50,22,4,0,0,CUST_MONISHA_001,420,Chennai,Tamil Nadu,Low Risk / 3% Fraud Rate,M005,UrbanThread Studio,Fashion / Apparel,Designer & Ready-to-wear,Chennai,Anna Nagar,Tamil Nadu,600040,13.085,80.2101,5,4800.0,10:30-22:00,"POS,ONLINE,UPI,CARD",Refund abuse / credential stuffing,0.022,55,1972.29,INR,PURCHASE,ONLINE,MOBILE_APP,1,0,Chennai,2.0,0,0,1,DEV-MONISHA-IPHONE-15,mobile_ios,0,BEN-CUST_MONISHA_001-TRUSTED,Trusted Household Vendor,5,0,1,12,0,0,0,None,Resolved Genuine,Standard Habitual Purchase,0
TXN-CUST_MONISHA_001-10009,2026-06-27 00:13:48,2026-06-27,00:13:48,0,5,1,1,CUST_MONISHA_001,420,Chennai,Tamil Nadu,Low Risk / 3% Fraud Rate,M013,CartNest Online,E-commerce,Multi-category Marketplace,Chennai,Guindy,Tamil Nadu,600032,13.0067,80.2026,5,6200.0,24_HOURS,"ONLINE,UPI,CARD,NETBANKING",Account takeover + triangulation shipping fraud,0.045,112,1672.99,INR,PURCHASE,ONLINE,MOBILE_APP,0,0,Chennai,8.0,0,0,1,DEV-MONISHA-IPHONE-15,mobile_ios,0,BEN-CUST_MONISHA_001-TRUSTED,Trusted Household Vendor,13,0,1,14,0,0,0,None,Resolved Genuine,Standard Habitual Purchase,0
TXN-CUST_MONISHA_001-10010,2026-06-27 01:41:43,2026-06-27,01:41:43,1,5,1,1,CUST_MONISHA_001,420,Chennai,Tamil Nadu,Low Risk / 3% Fraud Rate,M025,ShieldSure Services,Insurance Services,General & Health Insurance Premium,Chennai,Egmore,Tamil Nadu,600008,13.0784,80.2607,13,14000.0,09:30-18:00,"ONLINE,NETBANKING,CARD",Premium diversion / fake policy payment slips,0.019,47,2279.85,INR,PURCHASE,ONLINE,MOBILE_APP,0,0,Chennai,2.0,0,0,1,DEV-MONISHA-IPHONE-15,mobile_ios,0,BEN-CUST_MONISHA_001-TRUSTED,Trusted Household Vendor,10,0,2,14,0,0,0,None,Resolved Genuine,Standard Habitual Purchase,0
TXN-CUST_MONISHA_001-10011,2026-06-27 03:10:57,2026-06-27,03:10:57,3,5,1,1,CUST_MONISHA_001,420,Chennai,Tamil Nadu,Low Risk / 3% Fraud Rate,M025,ShieldSure Services,Insurance Services,General & Health Insurance Premium,Chennai,Egmore,Tamil Nadu,600008,13.0784,80.2607,13,14000.0,09:30-18:00,"ONLINE,NETBANKING,CARD",Premium diversion / fake policy payment slips,0.019,47,1198.05,INR,PURCHASE,CARD,MOBILE_APP,0,0,Chennai,15.0,0,0,1,DEV-MONISHA-IPHONE-15,mobile_ios,0,BEN-CUST_MONISHA_001-TRUSTED,Trusted Household Vendor,13,1,3,17,0,0,0,None,Resolved Genuine,Standard Habitual Purchase,0
TXN-CUST_MONISHA_001-10012,2026-06-27 04:35:16,2026-06-27,04:35:16,4,5,1,1,CUST_MONISHA_001,420,Chennai,Tamil Nadu,Low Risk / 3% Fraud Rate,M025,ShieldSure Services,Insurance Services,General & Health Insurance Premium,Chennai,Egmore,Tamil Nadu,600008,13.0784,80.2607,13,14000.0,09:30-18:00,"ONLINE,NETBANKING,CARD",Premium diversion / fake policy payment slips,0.019,47,1158.02,INR,PURCHASE,NETBANKING,MOBILE_APP,0,0,Chennai,13.0,0,0,1,DEV-MONISHA-IPHONE-15,mobile_ios,0,BEN-CUST_MONISHA_001-TRUSTED,Trusted Household Vendor,12,0,1,13,0,0,0,None,Resolved Genuine,Standard Habitual Purchase,0
TXN-CUST_MONISHA_001-10013,2026-06-27 05:58:47,2026-06-27,05:58:47,5,5,1,1,CUST_MONISHA_001,420,Chennai,Tamil Nadu,Low Risk / 3% Fraud Rate,M012,DashDine Delivery,Food Delivery,Quick Commerce & Meal Delivery,Chennai,Sholinganallur,Tamil Nadu,600119,12.901,80.2279,4,520.0,06:00-02:00,"UPI,CARD,ONLINE,WALLET",Promo code abuse / stolen wallet balances,0.014,35,2836.21,INR,PURCHASE,CARD,MOBILE_APP,0,0,Chennai,14.0,0,0,1,DEV-MONISHA-IPHONE-15,mobile_ios,0,BEN-CUST_MONISHA_001-TRUSTED,Trusted Household Vendor,3,0,2,11,0,0,0,None,Resolved Genuine,Standard Habitual Purchase,0
TXN-CUST_MONISHA_001-10014,2026-06-27 07:22:41,2026-06-27,07:22:41,7,5,1,0,CUST_MONISHA_001,420,Chennai,Tamil Nadu,Low Risk / 3% Fraud Rate,M016,MotoCare Garage,Auto Service,Car Service & Detailing Hub,Chennai,Pallikaranai,Tamil Nadu,600100,12.9372,80.2014,7,8900.0,08:30-20:30,"POS,UPI,CARD",Over-invoicing / synthetic card payments,0.021,52,26187.65,INR,PURCHASE,CARD,MOBILE_APP,0,0,Hyderabad,1084.0,1,0,1,DEV-MONISHA-IPHONE-15,mobile_ios,0,BEN-CUST_MONISHA_001-01,Self Family Transfer,3,2,5,24,1,0,0,Geographic Anomaly / High Ticket Spike,Review Required,Sudden location velocity jump with new merchant,1
TXN-CUST_MONISHA_001-10015,2026-06-27 08:47:41,2026-06-27,08:47:41,8,5,1,0,CUST_MONISHA_001,420,Chennai,Tamil Nadu,Low Risk / 3% Fraud Rate,M028,CraftCove Home Decor,Home Decor,Handicrafts & Art Pieces,Thanjavur,Medical College Road,Tamil Nadu,613004,10.7684,79.1245,8,7400.0,09:30-20:30,"POS,UPI,CARD,ONLINE",Cross-border tourist chargebacks,0.023,57,2199.43,INR,PURCHASE,CARD,MOBILE_APP,1,0,Chennai,4.0,0,0,1,DEV-MONISHA-IPHONE-15,mobile_ios,0,BEN-CUST_MONISHA_001-TRUSTED,Trusted Household Vendor,14,0,2,16,0,0,0,None,Resolved Genuine,Standard Habitual Purchase,0
TXN-CUST_MONISHA_001-10016,2026-06-27 10:17:03,2026-06-27,10:17:03,10,5,1,0,CUST_MONISHA_001,420,Chennai,Tamil Nadu,Low Risk / 3% Fraud Rate,M021,GlowCraft Salon,Salon / Beauty,Spa & Grooming Studio,Chennai,Porur,Tamil Nadu,600116,13.0382,80.1565,5,2800.0,09:00-21:00,"POS,UPI,CARD",Unusual late-night transaction spikes,0.011,27,1653.8,INR,PURCHASE,POS,MOBILE_APP,1,0,Chennai,15.0,0,0,1,DEV-MONISHA-IPHONE-15,mobile_ios,0,BEN-CUST_MONISHA_001-TRUSTED,Trusted Household Vendor,6,0,1,7,0,0,0,None,Resolved Genuine,Standard Habitual Purchase,0
TXN-CUST_MONISHA_001-10017,2026-06-27 11:42:29,2026-06-27,11:42:29,11,5,1,0,CUST_MONISHA_001,420,Chennai,Tamil Nadu,Low Risk / 3% Fraud Rate,M019,ArenaSport World,Sports Retail,Fitness Equipment & Sports Wear,Chennai,Nungambakkam,Tamil Nadu,600034,13.0604,80.2405,6,5600.0,10:00-21:30,"POS,ONLINE,UPI,CARD",Stolen card chargeback on premium sports gear,0.026,65,2076.18,INR,PURCHASE,POS,MOBILE_APP,1,0,Chennai,10.0,0,0,1,DEV-MONISHA-IPHONE-15,mobile_ios,0,BEN-CUST_MONISHA_001-TRUSTED,Trusted Household Vendor,14,0,1,9,0,0,0,None,Resolved Genuine,Standard Habitual Purchase,0
TXN-CUST_MONISHA_001-10018,2026-06-27 13:06:17,2026-06-27,13:06:17,13,5,1,0,CUST_MONISHA_001,420,Chennai,Tamil Nadu,Low Risk / 3% Fraud Rate,M002,CircuitBay Electronics,Consumer Electronics,Laptops & Gadgets,Chennai,Velachery,Tamil Nadu,600042,12.9759,80.2212,6,32000.0,10:00-21:30,"POS,ONLINE,EMI,UPI",Stolen payment details / high-ticket electronics delivery,0.048,120,2791.55,INR,PURCHASE,UPI,MOBILE_APP,1,0,Chennai,2.0,0,0,1,DEV-MONISHA-IPHONE-15,mobile_ios,0,BEN-CUST_MONISHA_001-TRUSTED,Trusted Household Vendor,13,0,3,17,0,0,0,None,Resolved Genuine,Standard Habitual Purchase,0
TXN-CUST_MONISHA_001-10019,2026-06-27 14:32:55,2026-06-27,14:32:55,14,5,1,0,CUST_MONISHA_001,420,Chennai,Tamil Nadu,Low Risk / 3% Fraud Rate,M024,LinkWave Telecom,Telecom Retail,Fiber Broadband & Postpaid Plans,Erode,Perundurai Road,Tamil Nadu,638011,11.341,77.7172,10,1950.0,09:30-20:30,"UPI,CARD,ONLINE,POS",SIM swap bill recharge surges,0.017,42,2969.1,INR,PURCHASE,POS,MOBILE_APP,1,0,Chennai,10.0,0,0,1,DEV-MONISHA-IPHONE-15,mobile_ios,0,BEN-CUST_MONISHA_001-TRUSTED,Trusted Household Vendor,15,0,2,16,0,0,0,None,Resolved Genuine,Standard Habitual Purchase,0
TXN-CUST_MONISHA_001-10020,2026-06-27 15:57:28,2026-06-27,15:57:28,15,5,1,0,CUST_MONISHA_001,420,Chennai,Tamil Nadu,Low Risk / 3% Fraud Rate,M004,Aurelia Gold House,Jewellery,Gold & Diamond Jewellery,Coimbatore,RS Puram,Tamil Nadu,641002,11.0089,76.9514,14,78000.0,10:00-20:30,"POS,CARD,TRANSFER",Account takeover / card-not-present luxury surge,0.065,162,2322.02,INR,PURCHASE,POS,MOBILE_APP,1,0,Chennai,6.0,0,0,1,DEV-MONISHA-IPHONE-15,mobile_ios,0,BEN-CUST_MONISHA_001-TRUSTED,Trusted Household Vendor,14,0,4,19,0,0,0,None,Resolved Genuine,Standard Habitual Purchase,0
TXN-CUST_MONISHA_001-10021,2026-06-27 17:21:14,2026-06-27,17:21:14,17,5,1,0,CUST_MONISHA_001,420,Chennai,Tamil Nadu,Low Risk / 3% Fraud Rate,M024,LinkWave Telecom,Telecom Retail,Fiber Broadband & Postpaid Plans,Erode,Perundurai Road,Tamil Nadu,638011,11.341,77.7172,10,1950.0,09:30-20:30,"UPI,CARD,ONLINE,POS",SIM swap bill recharge surges,0.017,42,1573.97,INR,PURCHASE,POS,MOBILE_APP,1,0,Chennai,14.0,0,0,1,DEV-MONISHA-IPHONE-15,mobile_ios,0,BEN-CUST_MONISHA_001-TRUSTED,Trusted Household Vendor,6,1,2,12,0,0,0,None,Resolved Genuine,Standard Habitual Purchase,0
TXN-CUST_MONISHA_001-10022,2026-06-27 18:47:09,2026-06-27,18:47:09,18,5,1,0,CUST_MONISHA_001,420,Chennai,Tamil Nadu,Low Risk / 3% Fraud Rate,M009,RapidFuel Station,Fuel Station,"Petrol, Diesel & EV Fast Charge",Salem,Fairlands,Tamil Nadu,636016,11.6643,78.146,9,3100.0,24_HOURS,"POS,FLEET_CARD,UPI",Automated fleet card skimming,0.024,60,1862.55,INR,PURCHASE,UPI,MOBILE_APP,1,0,Chennai,14.0,0,0,1,DEV-MONISHA-IPHONE-15,mobile_ios,0,BEN-CUST_MONISHA_001-TRUSTED,Trusted Household Vendor,15,0,4,19,0,0,0,None,Resolved Genuine,Standard Habitual Purchase,0
TXN-CUST_MONISHA_001-10023,2026-06-27 20:10:52,2026-06-27,20:10:52,20,5,1,0,CUST_MONISHA_001,420,Chennai,Tamil Nadu,Low Risk / 3% Fraud Rate,M018,PageTurn Book House,Bookstore,"Academic, Fiction & Stationery",Trichy,Thillai Nagar,Tamil Nadu,620018,10.8282,78.6854,16,850.0,09:00-21:30,"POS,UPI,CARD,ONLINE",Low-value card testing bots,0.008,20,2736.3,INR,PURCHASE,ONLINE,MOBILE_APP,1,0,Chennai,2.0,0,0,1,DEV-MONISHA-IPHONE-15,mobile_ios,0,BEN-CUST_MONISHA_001-TRUSTED,Trusted Household Vendor,5,0,2,17,0,0,0,None,Resolved Genuine,Standard Habitual Purchase,0
TXN-CUST_MONISHA_001-10024,2026-06-27 21:37:09,2026-06-27,21:37:09,21,5,1,0,CUST_MONISHA_001,420,Chennai,Tamil Nadu,Low Risk / 3% Fraud Rate,M028,CraftCove Home Decor,Home Decor,Handicrafts & Art Pieces,Thanjavur,Medical College Road,Tamil Nadu,613004,10.7684,79.1245,8,7400.0,09:30-20:30,"POS,UPI,CARD,ONLINE",Cross-border tourist chargebacks,0.023,57,1718.43,INR,PURCHASE,CARD,MOBILE_APP,1,0,Chennai,1.0,0,0,1,DEV-MONISHA-IPHONE-15,mobile_ios,0,BEN-CUST_MONISHA_001-TRUSTED,Trusted Household Vendor,9,1,1,13,0,0,0,None,Resolved Genuine,Standard Habitual Purchase,0
TXN-CUST_MONISHA_001-10025,2026-06-27 23:02:16,2026-06-27,23:02:16,23,5,1,1,CUST_MONISHA_001,420,Chennai,Tamil Nadu,Low Risk / 3% Fraud Rate,M023,SwiftBox Logistics,Courier / Logistics,Express Parcel & Freight Delivery,Tiruppur,Avinashi Road,Tamil Nadu,641603,11.1085,77.3411,9,4200.0,08:00-21:00,"POS,UPI,CARD,ONLINE",Interception fraud / address redirection,0.02,50,3020.12,INR,PURCHASE,UPI,MOBILE_APP,1,0,Chennai,13.0,0,0,1,DEV-MONISHA-IPHONE-15,mobile_ios,0,BEN-CUST_MONISHA_001-TRUSTED,Trusted Household Vendor,5,0,4,22,0,0,0,None,Resolved Genuine,Standard Habitual Purchase,0
TXN-CUST_MONISHA_001-10026,2026-06-28 00:26:58,2026-06-28,00:26:58,0,6,1,1,CUST_MONISHA_001,420,Chennai,Tamil Nadu,Low Risk / 3% Fraud Rate,M002,CircuitBay Electronics,Consumer Electronics,Laptops & Gadgets,Chennai,Velachery,Tamil Nadu,600042,12.9759,80.2212,6,32000.0,10:00-21:30,"POS,ONLINE,EMI,UPI",Stolen payment details / high-ticket electronics delivery,0.048,120,2135.28,INR,PURCHASE,POS,MOBILE_APP,1,0,Chennai,9.0,0,0,1,DEV-MONISHA-IPHONE-15,mobile_ios,0,BEN-CUST_MONISHA_001-TRUSTED,Trusted Household Vendor,3,1,3,21,0,0,0,None,Resolved Genuine,Standard Habitual Purchase,0
TXN-CUST_MONISHA_001-10027,2026-06-28 01:53:23,2026-06-28,01:53:23,1,6,1,1,CUST_MONISHA_001,420,Chennai,Tamil Nadu,Low Risk / 3% Fraud Rate,M028,CraftCove Home Decor,Home Decor,Handicrafts & Art Pieces,Thanjavur,Medical College Road,Tamil Nadu,613004,10.7684,79.1245,8,7400.0,09:30-20:30,"POS,UPI,CARD,ONLINE",Cross-border tourist chargebacks,0.023,57,2022.84,INR,PURCHASE,POS,MOBILE_APP,1,0,Chennai,1.0,0,0,1,DEV-MONISHA-IPHONE-15,mobile_ios,0,BEN-CUST_MONISHA_001-TRUSTED,Trusted Household Vendor,5,0,1,7,0,0,0,None,Resolved Genuine,Standard Habitual Purchase,0
TXN-CUST_MONISHA_001-10028,2026-06-28 03:20:50,2026-06-28,03:20:50,3,6,1,1,CUST_MONISHA_001,420,Chennai,Tamil Nadu,Low Risk / 3% Fraud Rate,M008,BeanCircuit Cafe,Cafe,Specialty Coffee & Bakery,Bengaluru,Indiranagar,Karnataka,560038,12.9784,77.6408,3,650.0,07:30-23:00,"UPI,POS,CARD",QR code spoofing / fast velocity dining,0.009,22,1724.83,INR,PURCHASE,UPI,MOBILE_APP,1,0,Chennai,15.0,0,0,1,DEV-MONISHA-IPHONE-15,mobile_ios,0,BEN-CUST_MONISHA_001-TRUSTED,Trusted Household Vendor,12,0,1,12,0,0,0,None,Resolved Genuine,Standard Habitual Purchase,0
TXN-CUST_MONISHA_001-10029,2026-06-28 04:48:11,2026-06-28,04:48:11,4,6,1,1,CUST_MONISHA_001,420,Chennai,Tamil Nadu,Low Risk / 3% Fraud Rate,M019,ArenaSport World,Sports Retail,Fitness Equipment & Sports Wear,Chennai,Nungambakkam,Tamil Nadu,600034,13.0604,80.2405,6,5600.0,10:00-21:30,"POS,ONLINE,UPI,CARD",Stolen card chargeback on premium sports gear,0.026,65,2003.31,INR,PURCHASE,UPI,MOBILE_APP,1,0,Chennai,15.0,0,0,1,DEV-MONISHA-IPHONE-15,mobile_ios,0,BEN-CUST_MONISHA_001-TRUSTED,Trusted Household Vendor,6,0,3,20,0,0,0,None,Resolved Genuine,Standard Habitual Purchase,0
TXN-CUST_MONISHA_001-10030,2026-06-28 06:12:22,2026-06-28,06:12:22,6,6,1,0,CUST_MONISHA_001,420,Chennai,Tamil Nadu,Low Risk / 3% Fraud Rate,M021,GlowCraft Salon,Salon / Beauty,Spa & Grooming Studio,Chennai,Porur,Tamil Nadu,600116,13.0382,80.1565,5,2800.0,09:00-21:00,"POS,UPI,CARD",Unusual late-night transaction spikes,0.011,27,1481.99,INR,PURCHASE,UPI,MOBILE_APP,1,0,Chennai,6.0,0,0,1,DEV-MONISHA-IPHONE-15,mobile_ios,0,BEN-CUST_MONISHA_001-TRUSTED,Trusted Household Vendor,3,0,1,7,0,0,0,None,Resolved Genuine,Standard Habitual Purchase,0
TXN-CUST_MONISHA_001-10031,2026-06-28 07:36:12,2026-06-28,07:36:12,7,6,1,0,CUST_MONISHA_001,420,Chennai,Tamil Nadu,Low Risk / 3% Fraud Rate,M007,SpiceRoute Kitchen,Restaurant,Fine Dining & Chettinad,Chennai,Adyar,Tamil Nadu,600020,13.0012,80.2565,7,2200.0,11:30-23:30,"POS,UPI,CARD",Cloned card POS terminal replay,0.018,45,1963.77,INR,PURCHASE,UPI,MOBILE_APP,1,0,Chennai,3.0,0,0,1,DEV-MONISHA-IPHONE-15,mobile_ios,0,BEN-CUST_MONISHA_001-TRUSTED,Trusted Household Vendor,6,0,1,10,0,0,0,None,Resolved Genuine,Standard Habitual Purchase,0
TXN-CUST_MONISHA_001-10032,2026-06-28 09:00:33,2026-06-28,09:00:33,9,6,1,0,CUST_MONISHA_001,420,Chennai,Tamil Nadu,Low Risk / 3% Fraud Rate,M027,BrickHarbor Realty,Real Estate / Property Services,Rental Escrow & Facility Management,Chennai,Porur,Tamil Nadu,600116,13.035,80.16,11,65000.0,09:00-19:00,"TRANSFER,NETBANKING,CARD",Security deposit phishing / escrow hijacking,0.039,97,2051.13,INR,PURCHASE,CARD,MOBILE_APP,0,0,Chennai,5.0,0,0,1,DEV-MONISHA-IPHONE-15,mobile_ios,0,BEN-CUST_MONISHA_001-TRUSTED,Trusted Household Vendor,13,0,1,10,0,0,0,None,Resolved Genuine,Standard Habitual Purchase,0
TXN-CUST_MONISHA_001-10033,2026-06-28 10:29:33,2026-06-28,10:29:33,10,6,1,0,CUST_MONISHA_001,420,Chennai,Tamil Nadu,Low Risk / 3% Fraud Rate,M004,Aurelia Gold House,Jewellery,Gold & Diamond Jewellery,Coimbatore,RS Puram,Tamil Nadu,641002,11.0089,76.9514,14,78000.0,10:00-20:30,"POS,CARD,TRANSFER",Account takeover / card-not-present luxury surge,0.065,162,2977.1,INR,PURCHASE,TRANSFER,MOBILE_APP,1,0,Chennai,3.0,0,0,1,DEV-MONISHA-IPHONE-15,mobile_ios,0,BEN-CUST_MONISHA_001-TRUSTED,Trusted Household Vendor,14,0,1,8,0,0,0,None,Resolved Genuine,Standard Habitual Purchase,0
TXN-CUST_MONISHA_001-10034,2026-06-28 11:54:35,2026-06-28,11:54:35,11,6,1,0,CUST_MONISHA_001,420,Chennai,Tamil Nadu,Low Risk / 3% Fraud Rate,M020,GameGrid Arena,Gaming,"Esports, Consoles & Virtual Credits",Bengaluru,Koramangala,Karnataka,560095,12.9352,77.6245,4,3400.0,10:00-01:00,"ONLINE,UPI,CARD,WALLET",Virtual item laundering & bot-driven micro transactions,0.055,137,1272.87,INR,PURCHASE,WALLET,MOBILE_APP,0,0,Chennai,6.0,0,0,1,DEV-MONISHA-IPHONE-15,mobile_ios,0,BEN-CUST_MONISHA_001-TRUSTED,Trusted Household Vendor,11,0,3,18,0,0,0,None,Resolved Genuine,Standard Habitual Purchase,0
TXN-CUST_MONISHA_001-10035,2026-06-28 13:23:24,2026-06-28,13:23:24,13,6,1,0,CUST_MONISHA_001,420,Chennai,Tamil Nadu,Low Risk / 3% Fraud Rate,M028,CraftCove Home Decor,Home Decor,Handicrafts & Art Pieces,Thanjavur,Medical College Road,Tamil Nadu,613004,10.7684,79.1245,8,7400.0,09:30-20:30,"POS,UPI,CARD,ONLINE",Cross-border tourist chargebacks,0.023,57,898.87,INR,PURCHASE,POS,MOBILE_APP,1,0,Chennai,11.0,0,0,1,DEV-MONISHA-IPHONE-15,mobile_ios,0,BEN-CUST_MONISHA_001-TRUSTED,Trusted Household Vendor,3,0,3,19,0,0,0,None,Resolved Genuine,Standard Habitual Purchase,0
TXN-CUST_MONISHA_001-10036,2026-06-28 14:51:26,2026-06-28,14:51:26,14,6,1,0,CUST_MONISHA_001,420,Chennai,Tamil Nadu,Low Risk / 3% Fraud Rate,M021,GlowCraft Salon,Salon / Beauty,Spa & Grooming Studio,Chennai,Porur,Tamil Nadu,600116,13.0382,80.1565,5,2800.0,09:00-21:00,"POS,UPI,CARD",Unusual late-night transaction spikes,0.011,27,3072.73,INR,PURCHASE,POS,MOBILE_APP,1,0,Chennai,3.0,0,0,1,DEV-MONISHA-IPHONE-15,mobile_ios,0,BEN-CUST_MONISHA_001-TRUSTED,Trusted Household Vendor,11,0,4,19,0,0,0,None,Resolved Genuine,Standard Habitual Purchase,0
TXN-CUST_MONISHA_001-10037,2026-06-28 16:15:17,2026-06-28,16:15:17,16,6,1,0,CUST_MONISHA_001,420,Chennai,Tamil Nadu,Low Risk / 3% Fraud Rate,M029,CloudDesk Digital,Software / Digital Services,Cloud Infrastructure & SaaS Tools,Bengaluru,Whitefield,Karnataka,560066,12.9698,77.7499,7,19800.0,24_HOURS,"ONLINE,CARD,TRANSFER",Cryptomining VM rental with stolen credit cards,0.058,145,2396.99,INR,PURCHASE,TRANSFER,MOBILE_APP,0,0,Chennai,3.0,0,0,1,DEV-MONISHA-IPHONE-15,mobile_ios,0,BEN-CUST_MONISHA_001-TRUSTED,Trusted Household Vendor,12,0,3,16,0,0,0,None,Resolved Genuine,Standard Habitual Purchase,0
TXN-CUST_MONISHA_001-10038,2026-06-28 17:41:16,2026-06-28,17:41:16,17,6,1,0,CUST_MONISHA_001,420,Chennai,Tamil Nadu,Low Risk / 3% Fraud Rate,M002,CircuitBay Electronics,Consumer Electronics,Laptops & Gadgets,Chennai,Velachery,Tamil Nadu,600042,12.9759,80.2212,6,32000.0,10:00-21:30,"POS,ONLINE,EMI,UPI",Stolen payment details / high-ticket electronics delivery,0.048,120,1501.32,INR,PURCHASE,ONLINE,MOBILE_APP,1,0,Chennai,15.0,0,0,1,DEV-MONISHA-IPHONE-15,mobile_ios,0,BEN-CUST_MONISHA_001-TRUSTED,Trusted Household Vendor,8,0,1,9,0,0,0,None,Resolved Genuine,Standard Habitual Purchase,0
TXN-CUST_MONISHA_001-10039,2026-06-28 19:08:40,2026-06-28,19:08:40,19,6,1,0,CUST_MONISHA_001,420,Chennai,Tamil Nadu,Low Risk / 3% Fraud Rate,M012,DashDine Delivery,Food Delivery,Quick Commerce & Meal Delivery,Chennai,Sholinganallur,Tamil Nadu,600119,12.901,80.2279,4,520.0,06:00-02:00,"UPI,CARD,ONLINE,WALLET",Promo code abuse / stolen wallet balances,0.014,35,2605.47,INR,PURCHASE,CARD,MOBILE_APP,0,0,Chennai,15.0,0,0,1,DEV-MONISHA-IPHONE-15,mobile_ios,0,BEN-CUST_MONISHA_001-TRUSTED,Trusted Household Vendor,6,0,2,12,0,0,0,None,Resolved Genuine,Standard Habitual Purchase,0
TXN-CUST_MONISHA_001-10040,2026-06-28 20:37:21,2026-06-28,20:37:21,20,6,1,0,CUST_MONISHA_001,420,Chennai,Tamil Nadu,Low Risk / 3% Fraud Rate,M001,NovaMart Fresh,Grocery & Supermarket,Supermarket / Hypermarket,Chennai,T Nagar,Tamil Nadu,600017,13.0418,80.2341,8,1250.0,07:00-22:30,"POS,UPI,CARD,ONLINE",Card testing / micro-burst velocity,0.012,30,1199.7,INR,PURCHASE,UPI,MOBILE_APP,1,0,Chennai,15.0,0,0,1,DEV-MONISHA-IPHONE-15,mobile_ios,0,BEN-CUST_MONISHA_001-TRUSTED,Trusted Household Vendor,15,0,4,22,0,0,0,None,Resolved Genuine,Standard Habitual Purchase,0
TXN-CUST_MONISHA_001-10041,2026-06-28 22:01:43,2026-06-28,22:01:43,22,6,1,0,CUST_MONISHA_001,420,Chennai,Tamil Nadu,Low Risk / 3% Fraud Rate,M023,SwiftBox Logistics,Courier / Logistics,Express Parcel & Freight Delivery,Tiruppur,Avinashi Road,Tamil Nadu,641603,11.1085,77.3411,9,4200.0,08:00-21:00,"POS,UPI,CARD,ONLINE",Interception fraud / address redirection,0.02,50,1032.94,INR,PURCHASE,UPI,MOBILE_APP,1,0,Chennai,14.0,0,0,1,DEV-MONISHA-IPHONE-15,mobile_ios,0,BEN-CUST_MONISHA_001-TRUSTED,Trusted Household Vendor,6,1,4,25,0,0,0,None,Resolved Genuine,Standard Habitual Purchase,0
TXN-CUST_MONISHA_001-10042,2026-06-28 23:27:12,2026-06-28,23:27:12,23,6,1,1,CUST_MONISHA_001,420,Chennai,Tamil Nadu,Low Risk / 3% Fraud Rate,M027,BrickHarbor Realty,Real Estate / Property Services,Rental Escrow & Facility Management,Chennai,Porur,Tamil Nadu,600116,13.035,80.16,11,65000.0,09:00-19:00,"TRANSFER,NETBANKING,CARD",Security deposit phishing / escrow hijacking,0.039,97,2641.11,INR,PURCHASE,NETBANKING,MOBILE_APP,0,0,Chennai,4.0,0,0,1,DEV-MONISHA-IPHONE-15,mobile_ios,0,BEN-CUST_MONISHA_001-TRUSTED,Trusted Household Vendor,9,0,2,14,0,0,0,None,Resolved Genuine,Standard Habitual Purchase,0
TXN-CUST_MONISHA_001-10043,2026-06-29 00:55:48,2026-06-29,00:55:48,0,0,0,1,CUST_MONISHA_001,420,Chennai,Tamil Nadu,Low Risk / 3% Fraud Rate,M025,ShieldSure Services,Insurance Services,General & Health Insurance Premium,Chennai,Egmore,Tamil Nadu,600008,13.0784,80.2607,13,14000.0,09:30-18:00,"ONLINE,NETBANKING,CARD",Premium diversion / fake policy payment slips,0.019,47,1433.15,INR,PURCHASE,ONLINE,MOBILE_APP,0,0,Chennai,11.0,0,0,1,DEV-MONISHA-IPHONE-15,mobile_ios,0,BEN-CUST_MONISHA_001-TRUSTED,Trusted Household Vendor,3,0,3,18,0,0,0,None,Resolved Genuine,Standard Habitual Purchase,0
TXN-CUST_MONISHA_001-10044,2026-06-29 02:20:16,2026-06-29,02:20:16,2,0,0,1,CUST_MONISHA_001,420,Chennai,Tamil Nadu,Low Risk / 3% Fraud Rate,M009,RapidFuel Station,Fuel Station,"Petrol, Diesel & EV Fast Charge",Salem,Fairlands,Tamil Nadu,636016,11.6643,78.146,9,3100.0,24_HOURS,"POS,FLEET_CARD,UPI",Automated fleet card skimming,0.024,60,869.52,INR,PURCHASE,UPI,MOBILE_APP,1,0,Chennai,10.0,0,0,1,DEV-MONISHA-IPHONE-15,mobile_ios,0,BEN-CUST_MONISHA_001-TRUSTED,Trusted Household Vendor,9,0,3,22,0,0,0,None,Resolved Genuine,Standard Habitual Purchase,0
TXN-CUST_MONISHA_001-10045,2026-06-29 03:44:22,2026-06-29,03:44:22,3,0,0,1,CUST_MONISHA_001,420,Chennai,Tamil Nadu,Low Risk / 3% Fraud Rate,M029,CloudDesk Digital,Software / Digital Services,Cloud Infrastructure & SaaS Tools,Bengaluru,Whitefield,Karnataka,560066,12.9698,77.7499,7,19800.0,24_HOURS,"ONLINE,CARD,TRANSFER",Cryptomining VM rental with stolen credit cards,0.058,145,2129.22,INR,PURCHASE,TRANSFER,MOBILE_APP,0,0,Chennai,5.0,0,0,1,DEV-MONISHA-IPHONE-15,mobile_ios,0,BEN-CUST_MONISHA_001-TRUSTED,Trusted Household Vendor,3,1,4,26,0,0,0,None,Resolved Genuine,Standard Habitual Purchase,0
TXN-CUST_MONISHA_001-10046,2026-06-29 05:11:53,2026-06-29,05:11:53,5,0,0,1,CUST_MONISHA_001,420,Chennai,Tamil Nadu,Low Risk / 3% Fraud Rate,M024,LinkWave Telecom,Telecom Retail,Fiber Broadband & Postpaid Plans,Erode,Perundurai Road,Tamil Nadu,638011,11.341,77.7172,10,1950.0,09:30-20:30,"UPI,CARD,ONLINE,POS",SIM swap bill recharge surges,0.017,42,2504.67,INR,PURCHASE,ONLINE,MOBILE_APP,1,0,Chennai,4.0,0,0,1,DEV-MONISHA-IPHONE-15,mobile_ios,0,BEN-CUST_MONISHA_001-TRUSTED,Trusted Household Vendor,13,0,1,11,0,0,0,None,Resolved Genuine,Standard Habitual Purchase,0
TXN-CUST_MONISHA_001-10047,2026-06-29 06:39:16,2026-06-29,06:39:16,6,0,0,0,CUST_MONISHA_001,420,Chennai,Tamil Nadu,Low Risk / 3% Fraud Rate,M004,Aurelia Gold House,Jewellery,Gold & Diamond Jewellery,Coimbatore,RS Puram,Tamil Nadu,641002,11.0089,76.9514,14,78000.0,10:00-20:30,"POS,CARD,TRANSFER",Account takeover / card-not-present luxury surge,0.065,162,2464.22,INR,PURCHASE,CARD,MOBILE_APP,1,0,Chennai,5.0,0,0,1,DEV-MONISHA-IPHONE-15,mobile_ios,0,BEN-CUST_MONISHA_001-TRUSTED,Trusted Household Vendor,8,0,4,22,0,0,0,None,Resolved Genuine,Standard Habitual Purchase,0
TXN-CUST_MONISHA_001-10048,2026-06-29 08:05:59,2026-06-29,08:05:59,8,0,0,0,CUST_MONISHA_001,420,Chennai,Tamil Nadu,Low Risk / 3% Fraud Rate,M007,SpiceRoute Kitchen,Restaurant,Fine Dining & Chettinad,Chennai,Adyar,Tamil Nadu,600020,13.0012,80.2565,7,2200.0,11:30-23:30,"POS,UPI,CARD",Cloned card POS terminal replay,0.018,45,1763.84,INR,PURCHASE,CARD,MOBILE_APP,1,0,Chennai,7.0,0,0,1,DEV-MONISHA-IPHONE-15,mobile_ios,0,BEN-CUST_MONISHA_001-TRUSTED,Trusted Household Vendor,12,0,2,14,0,0,0,None,Resolved Genuine,Standard Habitual Purchase,0
TXN-CUST_MONISHA_001-10049,2026-06-29 09:31:49,2026-06-29,09:31:49,9,0,0,0,CUST_MONISHA_001,420,Chennai,Tamil Nadu,Low Risk / 3% Fraud Rate,M027,BrickHarbor Realty,Real Estate / Property Services,Rental Escrow & Facility Management,Chennai,Porur,Tamil Nadu,600116,13.035,80.16,11,65000.0,09:00-19:00,"TRANSFER,NETBANKING,CARD",Security deposit phishing / escrow hijacking,0.039,97,780.95,INR,PURCHASE,NETBANKING,MOBILE_APP,0,0,Chennai,5.0,0,0,1,DEV-MONISHA-IPHONE-15,mobile_ios,0,BEN-CUST_MONISHA_001-TRUSTED,Trusted Household Vendor,10,0,3,21,0,0,0,None,Resolved Genuine,Standard Habitual Purchase,0
TXN-CUST_MONISHA_001-10050,2026-06-29 10:59:17,2026-06-29,10:59:17,10,0,0,0,CUST_MONISHA_001,420,Chennai,Tamil Nadu,Low Risk / 3% Fraud Rate,M017,AutoForge Parts,Spare Parts,OEM Industrial & Auto Components,Hosur,Mookandapalli,Tamil Nadu,635126,12.7409,77.8253,15,16500.0,09:00-19:30,"TRANSFER,POS,CARD",Business email compromise / fake beneficiary update,0.033,82,1887.26,INR,PURCHASE,TRANSFER,MOBILE_APP,1,0,Chennai,15.0,0,0,1,DEV-MONISHA-IPHONE-15,mobile_ios,0,BEN-CUST_MONISHA_001-TRUSTED,Trusted Household Vendor,13,0,2,14,0,0,0,None,Resolved Genuine,Standard Habitual Purchase,0
TXN-CUST_MONISHA_001-10051,2026-06-29 12:25:46,2026-06-29,12:25:46,12,0,0,0,CUST_MONISHA_001,420,Chennai,Tamil Nadu,Low Risk / 3% Fraud Rate,M021,GlowCraft Salon,Salon / Beauty,Spa & Grooming Studio,Chennai,Porur,Tamil Nadu,600116,13.0382,80.1565,5,2800.0,09:00-21:00,"POS,UPI,CARD",Unusual late-night transaction spikes,0.011,27,2229.07,INR,PURCHASE,UPI,MOBILE_APP,1,0,Chennai,2.0,0,0,1,DEV-MONISHA-IPHONE-15,mobile_ios,0,BEN-CUST_MONISHA_001-TRUSTED,Trusted Household Vendor,13,0,2,13,0,0,0,None,Resolved Genuine,Standard Habitual Purchase,0
TXN-CUST_MONISHA_001-10052,2026-06-29 13:54:01,2026-06-29,13:54:01,13,0,0,0,CUST_MONISHA_001,420,Chennai,Tamil Nadu,Low Risk / 3% Fraud Rate,M005,UrbanThread Studio,Fashion / Apparel,Designer & Ready-to-wear,Chennai,Anna Nagar,Tamil Nadu,600040,13.085,80.2101,5,4800.0,10:30-22:00,"POS,ONLINE,UPI,CARD",Refund abuse / credential stuffing,0.022,55,8804.14,INR,P2P_TRANSFER,ONLINE,WEB_PORTAL,0,0,Hyderabad,1086.0,1,1,0,DEV-LAPTOP-CHROME-586,web_browser,1,BEN-NEW-744,Global Flight Booking,0,2,7,36,1,0,0,Geographic Anomaly / High Ticket Spike,Review Required,Sudden location velocity jump with new merchant,1
TXN-CUST_MONISHA_001-10053,2026-06-29 15:20:23,2026-06-29,15:20:23,15,0,0,0,CUST_MONISHA_001,420,Chennai,Tamil Nadu,Low Risk / 3% Fraud Rate,M008,BeanCircuit Cafe,Cafe,Specialty Coffee & Bakery,Bengaluru,Indiranagar,Karnataka,560038,12.9784,77.6408,3,650.0,07:30-23:00,"UPI,POS,CARD",QR code spoofing / fast velocity dining,0.009,22,1125.32,INR,PURCHASE,POS,MOBILE_APP,1,0,Chennai,12.0,0,0,1,DEV-MONISHA-IPHONE-15,mobile_ios,0,BEN-CUST_MONISHA_001-TRUSTED,Trusted Household Vendor,15,1,1,9,0,0,0,None,Resolved Genuine,Standard Habitual Purchase,0
TXN-CUST_MONISHA_001-10054,2026-06-29 16:44:50,2026-06-29,16:44:50,16,0,0,0,CUST_MONISHA_001,420,Chennai,Tamil Nadu,Low Risk / 3% Fraud Rate,M023,SwiftBox Logistics,Courier / Logistics,Express Parcel & Freight Delivery,Tiruppur,Avinashi Road,Tamil Nadu,641603,11.1085,77.3411,9,4200.0,08:00-21:00,"POS,UPI,CARD,ONLINE",Interception fraud / address redirection,0.02,50,1992.02,INR,PURCHASE,UPI,MOBILE_APP,1,0,Chennai,1.0,0,0,1,DEV-MONISHA-IPHONE-15,mobile_ios,0,BEN-CUST_MONISHA_001-TRUSTED,Trusted Household Vendor,10,0,1,13,0,0,0,None,Resolved Genuine,Standard Habitual Purchase,0
TXN-CUST_MONISHA_001-10055,2026-06-29 18:12:14,2026-06-29,18:12:14,18,0,0,0,CUST_MONISHA_001,420,Chennai,Tamil Nadu,Low Risk / 3% Fraud Rate,M018,PageTurn Book House,Bookstore,"Academic, Fiction & Stationery",Trichy,Thillai Nagar,Tamil Nadu,620018,10.8282,78.6854,16,850.0,09:00-21:30,"POS,UPI,CARD,ONLINE",Low-value card testing bots,0.008,20,2238.59,INR,P2P_TRANSFER,ONLINE,MOBILE_APP,0,0,Delhi,927.0,1,0,1,DEV-MONISHA-IPHONE-15,mobile_ios,1,BEN-NEW-661,Global Flight Booking,0,4,8,36,1,0,0,Geographic Anomaly / High Ticket Spike,Review Required,Sudden location velocity jump with new merchant,1
TXN-CUST_MONISHA_001-10056,2026-06-29 19:40:06,2026-06-29,19:40:06,19,0,0,0,CUST_MONISHA_001,420,Chennai,Tamil Nadu,Low Risk / 3% Fraud Rate,M016,MotoCare Garage,Auto Service,Car Service & Detailing Hub,Chennai,Pallikaranai,Tamil Nadu,600100,12.9372,80.2014,7,8900.0,08:30-20:30,"POS,UPI,CARD",Over-invoicing / synthetic card payments,0.021,52,1833.16,INR,PURCHASE,CARD,MOBILE_APP,1,0,Chennai,13.0,0,0,1,DEV-MONISHA-IPHONE-15,mobile_ios,0,BEN-CUST_MONISHA_001-TRUSTED,Trusted Household Vendor,15,0,3,21,0,0,0,None,Resolved Genuine,Standard Habitual Purchase,0
TXN-CUST_MONISHA_001-10057,2026-06-29 21:07:16,2026-06-29,21:07:16,21,0,0,0,CUST_MONISHA_001,420,Chennai,Tamil Nadu,Low Risk / 3% Fraud Rate,M009,RapidFuel Station,Fuel Station,"Petrol, Diesel & EV Fast Charge",Salem,Fairlands,Tamil Nadu,636016,11.6643,78.146,9,3100.0,24_HOURS,"POS,FLEET_CARD,UPI",Automated fleet card skimming,0.024,60,1809.3,INR,PURCHASE,FLEET_CARD,MOBILE_APP,1,0,Chennai,12.0,0,0,1,DEV-MONISHA-IPHONE-15,mobile_ios,0,BEN-CUST_MONISHA_001-TRUSTED,Trusted Household Vendor,8,0,3,22,0,0,0,None,Resolved Genuine,Standard Habitual Purchase,0
TXN-CUST_MONISHA_001-10058,2026-06-29 22:31:09,2026-06-29,22:31:09,22,0,0,0,CUST_MONISHA_001,420,Chennai,Tamil Nadu,Low Risk / 3% Fraud Rate,M005,UrbanThread Studio,Fashion / Apparel,Designer & Ready-to-wear,Chennai,Anna Nagar,Tamil Nadu,600040,13.085,80.2101,5,4800.0,10:30-22:00,"POS,ONLINE,UPI,CARD",Refund abuse / credential stuffing,0.022,55,1321.15,INR,PURCHASE,CARD,MOBILE_APP,1,0,Chennai,12.0,0,0,1,DEV-MONISHA-IPHONE-15,mobile_ios,0,BEN-CUST_MONISHA_001-TRUSTED,Trusted Household Vendor,4,1,2,16,0,0,0,None,Resolved Genuine,Standard Habitual Purchase,0
TXN-CUST_MONISHA_001-10059,2026-06-29 23:56:32,2026-06-29,23:56:32,23,0,0,1,CUST_MONISHA_001,420,Chennai,Tamil Nadu,Low Risk / 3% Fraud Rate,M015,HomeSphere Appliances,Home Appliances,"Refrigerators, ACs & Kitchen Tech",Coimbatore,Saibaba Colony,Tamil Nadu,641011,11.0315,76.945,9,27500.0,09:30-21:00,"POS,EMI,CARD,UPI",Carding attacks with immediate in-store pickup,0.038,95,1752.91,INR,PURCHASE,POS,MOBILE_APP,1,0,Chennai,4.0,0,0,1,DEV-MONISHA-IPHONE-15,mobile_ios,0,BEN-CUST_MONISHA_001-TRUSTED,Trusted Household Vendor,15,0,4,24,0,0,0,None,Resolved Genuine,Standard Habitual Purchase,0
TXN-CUST_MONISHA_001-10060,2026-06-30 01:22:47,2026-06-30,01:22:47,1,1,0,1,CUST_MONISHA_001,420,Chennai,Tamil Nadu,Low Risk / 3% Fraud Rate,M012,DashDine Delivery,Food Delivery,Quick Commerce & Meal Delivery,Chennai,Sholinganallur,Tamil Nadu,600119,12.901,80.2279,4,520.0,06:00-02:00,"UPI,CARD,ONLINE,WALLET",Promo code abuse / stolen wallet balances,0.014,35,1478.75,INR,PURCHASE,CARD,MOBILE_APP,0,0,Chennai,7.0,0,0,1,DEV-MONISHA-IPHONE-15,mobile_ios,0,BEN-CUST_MONISHA_001-TRUSTED,Trusted Household Vendor,11,0,4,25,0,0,0,None,Resolved Genuine,Standard Habitual Purchase,0
TXN-CUST_MONISHA_001-10061,2026-06-30 02:47:30,2026-06-30,02:47:30,2,1,0,1,CUST_MONISHA_001,420,Chennai,Tamil Nadu,Low Risk / 3% Fraud Rate,M014,OakLine Furnishings,Furniture,Teak Wood & Modern Home Decor,Madurai,Bypass Road,Tamil Nadu,625016,9.932,78.109,12,38000.0,10:00-21:00,"POS,CARD,TRANSFER,EMI",Invoice redirection fraud / fake payment slips,0.029,72,1916.4,INR,PURCHASE,CARD,MOBILE_APP,1,0,Chennai,7.0,0,0,1,DEV-MONISHA-IPHONE-15,mobile_ios,0,BEN-CUST_MONISHA_001-TRUSTED,Trusted Household Vendor,14,0,4,25,0,0,0,None,Resolved Genuine,Standard Habitual Purchase,0
TXN-CUST_MONISHA_001-10062,2026-06-30 04:16:25,2026-06-30,04:16:25,4,1,0,1,CUST_MONISHA_001,420,Chennai,Tamil Nadu,Low Risk / 3% Fraud Rate,M020,GameGrid Arena,Gaming,"Esports, Consoles & Virtual Credits",Bengaluru,Koramangala,Karnataka,560095,12.9352,77.6245,4,3400.0,10:00-01:00,"ONLINE,UPI,CARD,WALLET",Virtual item laundering & bot-driven micro transactions,0.055,137,8662.43,INR,P2P_TRANSFER,UPI,MOBILE_APP,0,0,Hyderabad,877.0,1,0,1,DEV-MONISHA-IPHONE-15,mobile_ios,1,BEN-NEW-538,Global Flight Booking,0,4,4,25,1,0,0,Geographic Anomaly / High Ticket Spike,Review Required,Sudden location velocity jump with new merchant,1
TXN-CUST_MONISHA_001-10063,2026-06-30 05:40:55,2026-06-30,05:40:55,5,1,0,1,CUST_MONISHA_001,420,Chennai,Tamil Nadu,Low Risk / 3% Fraud Rate,M009,RapidFuel Station,Fuel Station,"Petrol, Diesel & EV Fast Charge",Salem,Fairlands,Tamil Nadu,636016,11.6643,78.146,9,3100.0,24_HOURS,"POS,FLEET_CARD,UPI",Automated fleet card skimming,0.024,60,1667.1,INR,PURCHASE,FLEET_CARD,MOBILE_APP,1,0,Chennai,4.0,0,0,1,DEV-MONISHA-IPHONE-15,mobile_ios,0,BEN-CUST_MONISHA_001-TRUSTED,Trusted Household Vendor,15,0,3,18,0,0,0,None,Resolved Genuine,Standard Habitual Purchase,0
TXN-CUST_MONISHA_001-10064,2026-06-30 07:08:50,2026-06-30,07:08:50,7,1,0,0,CUST_MONISHA_001,420,Chennai,Tamil Nadu,Low Risk / 3% Fraud Rate,M027,BrickHarbor Realty,Real Estate / Property Services,Rental Escrow & Facility Management,Chennai,Porur,Tamil Nadu,600116,13.035,80.16,11,65000.0,09:00-19:00,"TRANSFER,NETBANKING,CARD",Security deposit phishing / escrow hijacking,0.039,97,1766.46,INR,PURCHASE,CARD,MOBILE_APP,0,0,Chennai,14.0,0,0,1,DEV-MONISHA-IPHONE-15,mobile_ios,0,BEN-CUST_MONISHA_001-TRUSTED,Trusted Household Vendor,14,1,1,6,0,0,0,None,Resolved Genuine,Standard Habitual Purchase,0
TXN-CUST_MONISHA_001-10065,2026-06-30 08:38:14,2026-06-30,08:38:14,8,1,0,0,CUST_MONISHA_001,420,Chennai,Tamil Nadu,Low Risk / 3% Fraud Rate,M012,DashDine Delivery,Food Delivery,Quick Commerce & Meal Delivery,Chennai,Sholinganallur,Tamil Nadu,600119,12.901,80.2279,4,520.0,06:00-02:00,"UPI,CARD,ONLINE,WALLET",Promo code abuse / stolen wallet balances,0.014,35,1304.68,INR,PURCHASE,UPI,MOBILE_APP,0,0,Chennai,2.0,0,0,1,DEV-MONISHA-IPHONE-15,mobile_ios,0,BEN-CUST_MONISHA_001-TRUSTED,Trusted Household Vendor,15,0,1,9,0,0,0,None,Resolved Genuine,Standard Habitual Purchase,0
TXN-CUST_MONISHA_001-10066,2026-06-30 10:02:49,2026-06-30,10:02:49,10,1,0,0,CUST_MONISHA_001,420,Chennai,Tamil Nadu,Low Risk / 3% Fraud Rate,M001,NovaMart Fresh,Grocery & Supermarket,Supermarket / Hypermarket,Chennai,T Nagar,Tamil Nadu,600017,13.0418,80.2341,8,1250.0,07:00-22:30,"POS,UPI,CARD,ONLINE",Card testing / micro-burst velocity,0.012,30,3337.34,INR,P2P_TRANSFER,CARD,WEB_PORTAL,0,0,Hyderabad,417.0,1,1,0,DEV-LAPTOP-CHROME-584,web_browser,1,BEN-NEW-362,Global Flight Booking,0,4,5,24,1,0,0,Geographic Anomaly / High Ticket Spike,Review Required,Sudden location velocity jump with new merchant,1
TXN-CUST_MONISHA_001-10067,2026-06-30 11:29:51,2026-06-30,11:29:51,11,1,0,0,CUST_MONISHA_001,420,Chennai,Tamil Nadu,Low Risk / 3% Fraud Rate,M024,LinkWave Telecom,Telecom Retail,Fiber Broadband & Postpaid Plans,Erode,Perundurai Road,Tamil Nadu,638011,11.341,77.7172,10,1950.0,09:30-20:30,"UPI,CARD,ONLINE,POS",SIM swap bill recharge surges,0.017,42,2460.96,INR,PURCHASE,UPI,MOBILE_APP,1,0,Chennai,13.0,0,0,1,DEV-MONISHA-IPHONE-15,mobile_ios,0,BEN-CUST_MONISHA_001-TRUSTED,Trusted Household Vendor,4,0,3,18,0,0,0,None,Resolved Genuine,Standard Habitual Purchase,0
TXN-CUST_MONISHA_001-10068,2026-06-30 12:56:43,2026-06-30,12:56:43,12,1,0,0,CUST_MONISHA_001,420,Chennai,Tamil Nadu,Low Risk / 3% Fraud Rate,M013,CartNest Online,E-commerce,Multi-category Marketplace,Chennai,Guindy,Tamil Nadu,600032,13.0067,80.2026,5,6200.0,24_HOURS,"ONLINE,UPI,CARD,NETBANKING",Account takeover + triangulation shipping fraud,0.045,112,1708.17,INR,PURCHASE,CARD,MOBILE_APP,0,0,Chennai,12.0,0,0,1,DEV-MONISHA-IPHONE-15,mobile_ios,0,BEN-CUST_MONISHA_001-TRUSTED,Trusted Household Vendor,4,1,2,11,0,0,0,None,Resolved Genuine,Standard Habitual Purchase,0
TXN-CUST_MONISHA_001-10069,2026-06-30 14:24:53,2026-06-30,14:24:53,14,1,0,0,CUST_MONISHA_001,420,Chennai,Tamil Nadu,Low Risk / 3% Fraud Rate,M019,ArenaSport World,Sports Retail,Fitness Equipment & Sports Wear,Chennai,Nungambakkam,Tamil Nadu,600034,13.0604,80.2405,6,5600.0,10:00-21:30,"POS,ONLINE,UPI,CARD",Stolen card chargeback on premium sports gear,0.026,65,2611.37,INR,PURCHASE,UPI,MOBILE_APP,1,0,Chennai,6.0,0,0,1,DEV-MONISHA-IPHONE-15,mobile_ios,0,BEN-CUST_MONISHA_001-TRUSTED,Trusted Household Vendor,4,0,3,14,0,0,0,None,Resolved Genuine,Standard Habitual Purchase,0
TXN-CUST_MONISHA_001-10070,2026-06-30 15:53:23,2026-06-30,15:53:23,15,1,0,0,CUST_MONISHA_001,420,Chennai,Tamil Nadu,Low Risk / 3% Fraud Rate,M027,BrickHarbor Realty,Real Estate / Property Services,Rental Escrow & Facility Management,Chennai,Porur,Tamil Nadu,600116,13.035,80.16,11,65000.0,09:00-19:00,"TRANSFER,NETBANKING,CARD",Security deposit phishing / escrow hijacking,0.039,97,1927.07,INR,PURCHASE,TRANSFER,MOBILE_APP,0,0,Chennai,7.0,0,0,1,DEV-MONISHA-IPHONE-15,mobile_ios,0,BEN-CUST_MONISHA_001-TRUSTED,Trusted Household Vendor,14,0,4,24,0,0,0,None,Resolved Genuine,Standard Habitual Purchase,0
TXN-CUST_MONISHA_001-10071,2026-06-30 17:17:51,2026-06-30,17:17:51,17,1,0,0,CUST_MONISHA_001,420,Chennai,Tamil Nadu,Low Risk / 3% Fraud Rate,M017,AutoForge Parts,Spare Parts,OEM Industrial & Auto Components,Hosur,Mookandapalli,Tamil Nadu,635126,12.7409,77.8253,15,16500.0,09:00-19:30,"TRANSFER,POS,CARD",Business email compromise / fake beneficiary update,0.033,82,3039.21,INR,PURCHASE,POS,MOBILE_APP,1,0,Chennai,5.0,0,0,1,DEV-MONISHA-IPHONE-15,mobile_ios,0,BEN-CUST_MONISHA_001-TRUSTED,Trusted Household Vendor,10,0,4,22,0,0,0,None,Resolved Genuine,Standard Habitual Purchase,0
TXN-CUST_MONISHA_001-10072,2026-06-30 18:43:11,2026-06-30,18:43:11,18,1,0,0,CUST_MONISHA_001,420,Chennai,Tamil Nadu,Low Risk / 3% Fraud Rate,M008,BeanCircuit Cafe,Cafe,Specialty Coffee & Bakery,Bengaluru,Indiranagar,Karnataka,560038,12.9784,77.6408,3,650.0,07:30-23:00,"UPI,POS,CARD",QR code spoofing / fast velocity dining,0.009,22,2723.91,INR,PURCHASE,POS,MOBILE_APP,1,0,Chennai,2.0,0,0,1,DEV-MONISHA-IPHONE-15,mobile_ios,0,BEN-CUST_MONISHA_001-TRUSTED,Trusted Household Vendor,6,0,4,24,0,0,0,None,Resolved Genuine,Standard Habitual Purchase,0
TXN-CUST_MONISHA_001-10073,2026-06-30 20:08:36,2026-06-30,20:08:36,20,1,0,0,CUST_MONISHA_001,420,Chennai,Tamil Nadu,Low Risk / 3% Fraud Rate,M016,MotoCare Garage,Auto Service,Car Service & Detailing Hub,Chennai,Pallikaranai,Tamil Nadu,600100,12.9372,80.2014,7,8900.0,08:30-20:30,"POS,UPI,CARD",Over-invoicing / synthetic card payments,0.021,52,2771.23,INR,PURCHASE,UPI,MOBILE_APP,1,0,Chennai,3.0,0,0,1,DEV-MONISHA-IPHONE-15,mobile_ios,0,BEN-CUST_MONISHA_001-TRUSTED,Trusted Household Vendor,15,0,3,19,0,0,0,None,Resolved Genuine,Standard Habitual Purchase,0
TXN-CUST_MONISHA_001-10074,2026-06-30 21:33:40,2026-06-30,21:33:40,21,1,0,0,CUST_MONISHA_001,420,Chennai,Tamil Nadu,Low Risk / 3% Fraud Rate,M020,GameGrid Arena,Gaming,"Esports, Consoles & Virtual Credits",Bengaluru,Koramangala,Karnataka,560095,12.9352,77.6245,4,3400.0,10:00-01:00,"ONLINE,UPI,CARD,WALLET",Virtual item laundering & bot-driven micro transactions,0.055,137,2420.77,INR,PURCHASE,UPI,MOBILE_APP,0,0,Chennai,5.0,0,0,1,DEV-MONISHA-IPHONE-15,mobile_ios,0,BEN-CUST_MONISHA_001-TRUSTED,Trusted Household Vendor,4,0,2,16,0,0,0,None,Resolved Genuine,Standard Habitual Purchase,0
TXN-CUST_MONISHA_001-10075,2026-06-30 23:00:00,2026-06-30,23:00:00,23,1,0,1,CUST_MONISHA_001,420,Chennai,Tamil Nadu,Low Risk / 3% Fraud Rate,M025,ShieldSure Services,Insurance Services,General & Health Insurance Premium,Chennai,Egmore,Tamil Nadu,600008,13.0784,80.2607,13,14000.0,09:30-18:00,"ONLINE,NETBANKING,CARD",Premium diversion / fake policy payment slips,0.019,47,1342.36,INR,PURCHASE,ONLINE,MOBILE_APP,0,0,Chennai,8.0,0,0,1,DEV-MONISHA-IPHONE-15,mobile_ios,0,BEN-CUST_MONISHA_001-TRUSTED,Trusted Household Vendor,10,0,4,19,0,0,0,None,Resolved Genuine,Standard Habitual Purchase,0
TXN-CUST_MONISHA_001-10076,2026-07-01 00:25:10,2026-07-01,00:25:10,0,2,0,1,CUST_MONISHA_001,420,Chennai,Tamil Nadu,Low Risk / 3% Fraud Rate,M013,CartNest Online,E-commerce,Multi-category Marketplace,Chennai,Guindy,Tamil Nadu,600032,13.0067,80.2026,5,6200.0,24_HOURS,"ONLINE,UPI,CARD,NETBANKING",Account takeover + triangulation shipping fraud,0.045,112,2398.78,INR,PURCHASE,CARD,MOBILE_APP,0,0,Chennai,5.0,0,0,1,DEV-MONISHA-IPHONE-15,mobile_ios,0,BEN-CUST_MONISHA_001-TRUSTED,Trusted Household Vendor,10,0,3,20,0,0,0,None,Resolved Genuine,Standard Habitual Purchase,0
TXN-CUST_MONISHA_001-10077,2026-07-01 01:54:33,2026-07-01,01:54:33,1,2,0,1,CUST_MONISHA_001,420,Chennai,Tamil Nadu,Low Risk / 3% Fraud Rate,M018,PageTurn Book House,Bookstore,"Academic, Fiction & Stationery",Trichy,Thillai Nagar,Tamil Nadu,620018,10.8282,78.6854,16,850.0,09:00-21:30,"POS,UPI,CARD,ONLINE",Low-value card testing bots,0.008,20,1554.05,INR,PURCHASE,UPI,MOBILE_APP,1,0,Chennai,12.0,0,0,1,DEV-MONISHA-IPHONE-15,mobile_ios,0,BEN-CUST_MONISHA_001-TRUSTED,Trusted Household Vendor,7,0,3,15,0,0,0,None,Resolved Genuine,Standard Habitual Purchase,0
TXN-CUST_MONISHA_001-10078,2026-07-01 03:22:17,2026-07-01,03:22:17,3,2,0,1,CUST_MONISHA_001,420,Chennai,Tamil Nadu,Low Risk / 3% Fraud Rate,M011,SkyTrail Travels,Travel Agency,Flight & International Tour Packages,Coimbatore,Gandhipuram,Tamil Nadu,641012,11.0183,76.9664,11,44000.0,09:00-20:00,"ONLINE,TRANSFER,CARD",Mule-account ticket arbitrage & fast cancellation fraud,0.052,130,1059.76,INR,PURCHASE,ONLINE,MOBILE_APP,0,0,Chennai,9.0,0,0,1,DEV-MONISHA-IPHONE-15,mobile_ios,0,BEN-CUST_MONISHA_001-TRUSTED,Trusted Household Vendor,6,0,2,17,0,0,0,None,Resolved Genuine,Standard Habitual Purchase,0
TXN-CUST_MONISHA_001-10079,2026-07-01 04:47:20,2026-07-01,04:47:20,4,2,0,1,CUST_MONISHA_001,420,Chennai,Tamil Nadu,Low Risk / 3% Fraud Rate,M019,ArenaSport World,Sports Retail,Fitness Equipment & Sports Wear,Chennai,Nungambakkam,Tamil Nadu,600034,13.0604,80.2405,6,5600.0,10:00-21:30,"POS,ONLINE,UPI,CARD",Stolen card chargeback on premium sports gear,0.026,65,3065.26,INR,PURCHASE,UPI,MOBILE_APP,1,0,Chennai,9.0,0,0,1,DEV-MONISHA-IPHONE-15,mobile_ios,0,BEN-CUST_MONISHA_001-TRUSTED,Trusted Household Vendor,6,0,1,9,0,0,0,None,Resolved Genuine,Standard Habitual Purchase,0
TXN-CUST_MONISHA_001-10080,2026-07-01 06:12:54,2026-07-01,06:12:54,6,2,0,0,CUST_MONISHA_001,420,Chennai,Tamil Nadu,Low Risk / 3% Fraud Rate,M010,HarborView Residency,Hotel / Hospitality,Business & Luxury Hotel,Chennai,OMR,Tamil Nadu,600096,12.9165,80.2285,6,9500.0,24_HOURS,"ONLINE,POS,CARD,TRANSFER",Online travel booking fraud with stolen corporate credentials,0.041,102,813.11,INR,PURCHASE,CARD,MOBILE_APP,1,0,Chennai,9.0,0,0,1,DEV-MONISHA-IPHONE-15,mobile_ios,0,BEN-CUST_MONISHA_001-TRUSTED,Trusted Household Vendor,3,1,1,8,0,0,0,None,Resolved Genuine,Standard Habitual Purchase,0
TXN-CUST_MONISHA_001-10081,2026-07-01 07:40:08,2026-07-01,07:40:08,7,2,0,0,CUST_MONISHA_001,420,Chennai,Tamil Nadu,Low Risk / 3% Fraud Rate,M025,ShieldSure Services,Insurance Services,General & Health Insurance Premium,Chennai,Egmore,Tamil Nadu,600008,13.0784,80.2607,13,14000.0,09:30-18:00,"ONLINE,NETBANKING,CARD",Premium diversion / fake policy payment slips,0.019,47,1928.66,INR,PURCHASE,NETBANKING,MOBILE_APP,0,0,Chennai,14.0,0,0,1,DEV-MONISHA-IPHONE-15,mobile_ios,0,BEN-CUST_MONISHA_001-TRUSTED,Trusted Household Vendor,10,1,3,21,0,0,0,None,Resolved Genuine,Standard Habitual Purchase,0
TXN-CUST_MONISHA_001-10082,2026-07-01 09:05:34,2026-07-01,09:05:34,9,2,0,0,CUST_MONISHA_001,420,Chennai,Tamil Nadu,Low Risk / 3% Fraud Rate,M002,CircuitBay Electronics,Consumer Electronics,Laptops & Gadgets,Chennai,Velachery,Tamil Nadu,600042,12.9759,80.2212,6,32000.0,10:00-21:30,"POS,ONLINE,EMI,UPI",Stolen payment details / high-ticket electronics delivery,0.048,120,1370.8,INR,PURCHASE,UPI,MOBILE_APP,1,0,Chennai,14.0,0,0,1,DEV-MONISHA-IPHONE-15,mobile_ios,0,BEN-CUST_MONISHA_001-TRUSTED,Trusted Household Vendor,9,0,1,7,0,0,0,None,Resolved Genuine,Standard Habitual Purchase,0
TXN-CUST_MONISHA_001-10083,2026-07-01 10:32:26,2026-07-01,10:32:26,10,2,0,0,CUST_MONISHA_001,420,Chennai,Tamil Nadu,Low Risk / 3% Fraud Rate,M022,SkillSpring Academy,Education / Training,Professional Certifications & Tech Bootcamps,Chennai,Mylapore,Tamil Nadu,600004,13.0368,80.2676,8,22000.0,08:30-19:30,"ONLINE,NETBANKING,CARD,UPI",Stolen corporate card enrollments,0.028,70,905.45,INR,PURCHASE,NETBANKING,MOBILE_APP,0,0,Chennai,3.0,0,0,1,DEV-MONISHA-IPHONE-15,mobile_ios,0,BEN-CUST_MONISHA_001-TRUSTED,Trusted Household Vendor,4,0,3,15,0,0,0,None,Resolved Genuine,Standard Habitual Purchase,0
TXN-CUST_MONISHA_001-10084,2026-07-01 11:59:11,2026-07-01,11:59:11,11,2,0,0,CUST_MONISHA_001,420,Chennai,Tamil Nadu,Low Risk / 3% Fraud Rate,M014,OakLine Furnishings,Furniture,Teak Wood & Modern Home Decor,Madurai,Bypass Road,Tamil Nadu,625016,9.932,78.109,12,38000.0,10:00-21:00,"POS,CARD,TRANSFER,EMI",Invoice redirection fraud / fake payment slips,0.029,72,2198.78,INR,PURCHASE,EMI,MOBILE_APP,1,0,Chennai,13.0,0,0,1,DEV-MONISHA-IPHONE-15,mobile_ios,0,BEN-CUST_MONISHA_001-TRUSTED,Trusted Household Vendor,10,0,4,22,0,0,0,None,Resolved Genuine,Standard Habitual Purchase,0
TXN-CUST_MONISHA_001-10085,2026-07-01 13:27:45,2026-07-01,13:27:45,13,2,0,0,CUST_MONISHA_001,420,Chennai,Tamil Nadu,Low Risk / 3% Fraud Rate,M014,OakLine Furnishings,Furniture,Teak Wood & Modern Home Decor,Madurai,Bypass Road,Tamil Nadu,625016,9.932,78.109,12,38000.0,10:00-21:00,"POS,CARD,TRANSFER,EMI",Invoice redirection fraud / fake payment slips,0.029,72,1494.59,INR,PURCHASE,CARD,MOBILE_APP,1,0,Chennai,10.0,0,0,1,DEV-MONISHA-IPHONE-15,mobile_ios,0,BEN-CUST_MONISHA_001-TRUSTED,Trusted Household Vendor,15,1,1,9,0,0,0,None,Resolved Genuine,Standard Habitual Purchase,0
TXN-CUST_MONISHA_001-10086,2026-07-01 14:52:44,2026-07-01,14:52:44,14,2,0,0,CUST_MONISHA_001,420,Chennai,Tamil Nadu,Low Risk / 3% Fraud Rate,M003,Pulse Mobile Hub,Mobile Store,Smartphones & Accessories,Chennai,Tambaram,Tamil Nadu,600045,12.9249,80.1278,4,18500.0,09:30-21:30,"POS,UPI,CARD",New device abuse / rapid checkout surge,0.035,87,1147.51,INR,PURCHASE,UPI,MOBILE_APP,1,0,Chennai,3.0,0,0,1,DEV-MONISHA-IPHONE-15,mobile_ios,0,BEN-CUST_MONISHA_001-TRUSTED,Trusted Household Vendor,3,0,2,17,0,0,0,None,Resolved Genuine,Standard Habitual Purchase,0
TXN-CUST_MONISHA_001-10087,2026-07-01 16:20:16,2026-07-01,16:20:16,16,2,0,0,CUST_MONISHA_001,420,Chennai,Tamil Nadu,Low Risk / 3% Fraud Rate,M016,MotoCare Garage,Auto Service,Car Service & Detailing Hub,Chennai,Pallikaranai,Tamil Nadu,600100,12.9372,80.2014,7,8900.0,08:30-20:30,"POS,UPI,CARD",Over-invoicing / synthetic card payments,0.021,52,1461.55,INR,PURCHASE,UPI,MOBILE_APP,1,0,Chennai,4.0,0,0,1,DEV-MONISHA-IPHONE-15,mobile_ios,0,BEN-CUST_MONISHA_001-TRUSTED,Trusted Household Vendor,14,0,3,15,0,0,0,None,Resolved Genuine,Standard Habitual Purchase,0
TXN-CUST_MONISHA_001-10088,2026-07-01 17:47:48,2026-07-01,17:47:48,17,2,0,0,CUST_MONISHA_001,420,Chennai,Tamil Nadu,Low Risk / 3% Fraud Rate,M009,RapidFuel Station,Fuel Station,"Petrol, Diesel & EV Fast Charge",Salem,Fairlands,Tamil Nadu,636016,11.6643,78.146,9,3100.0,24_HOURS,"POS,FLEET_CARD,UPI",Automated fleet card skimming,0.024,60,2623.52,INR,PURCHASE,POS,MOBILE_APP,1,0,Chennai,11.0,0,0,1,DEV-MONISHA-IPHONE-15,mobile_ios,0,BEN-CUST_MONISHA_001-TRUSTED,Trusted Household Vendor,9,0,2,18,0,0,0,None,Resolved Genuine,Standard Habitual Purchase,0
TXN-CUST_MONISHA_001-10089,2026-07-01 19:12:33,2026-07-01,19:12:33,19,2,0,0,CUST_MONISHA_001,420,Chennai,Tamil Nadu,Low Risk / 3% Fraud Rate,M005,UrbanThread Studio,Fashion / Apparel,Designer & Ready-to-wear,Chennai,Anna Nagar,Tamil Nadu,600040,13.085,80.2101,5,4800.0,10:30-22:00,"POS,ONLINE,UPI,CARD",Refund abuse / credential stuffing,0.022,55,2905.68,INR,PURCHASE,UPI,MOBILE_APP,1,0,Chennai,14.0,0,0,1,DEV-MONISHA-IPHONE-15,mobile_ios,0,BEN-CUST_MONISHA_001-TRUSTED,Trusted Household Vendor,5,1,1,10,0,0,0,None,Resolved Genuine,Standard Habitual Purchase,0
TXN-CUST_MONISHA_001-10090,2026-07-01 20:38:35,2026-07-01,20:38:35,20,2,0,0,CUST_MONISHA_001,420,Chennai,Tamil Nadu,Low Risk / 3% Fraud Rate,M015,HomeSphere Appliances,Home Appliances,"Refrigerators, ACs & Kitchen Tech",Coimbatore,Saibaba Colony,Tamil Nadu,641011,11.0315,76.945,9,27500.0,09:30-21:00,"POS,EMI,CARD,UPI",Carding attacks with immediate in-store pickup,0.038,95,2391.51,INR,PURCHASE,UPI,MOBILE_APP,1,0,Chennai,12.0,0,0,1,DEV-MONISHA-IPHONE-15,mobile_ios,0,BEN-CUST_MONISHA_001-TRUSTED,Trusted Household Vendor,11,0,3,21,0,0,0,None,Resolved Genuine,Standard Habitual Purchase,0
TXN-CUST_MONISHA_001-10091,2026-07-01 22:02:28,2026-07-01,22:02:28,22,2,0,0,CUST_MONISHA_001,420,Chennai,Tamil Nadu,Low Risk / 3% Fraud Rate,M002,CircuitBay Electronics,Consumer Electronics,Laptops & Gadgets,Chennai,Velachery,Tamil Nadu,600042,12.9759,80.2212,6,32000.0,10:00-21:30,"POS,ONLINE,EMI,UPI",Stolen payment details / high-ticket electronics delivery,0.048,120,2861.25,INR,PURCHASE,POS,MOBILE_APP,1,0,Chennai,12.0,0,0,1,DEV-MONISHA-IPHONE-15,mobile_ios,0,BEN-CUST_MONISHA_001-TRUSTED,Trusted Household Vendor,3,0,3,17,0,0,0,None,Resolved Genuine,Standard Habitual Purchase,0
TXN-CUST_MONISHA_001-10092,2026-07-01 23:31:38,2026-07-01,23:31:38,23,2,0,1,CUST_MONISHA_001,420,Chennai,Tamil Nadu,Low Risk / 3% Fraud Rate,M027,BrickHarbor Realty,Real Estate / Property Services,Rental Escrow & Facility Management,Chennai,Porur,Tamil Nadu,600116,13.035,80.16,11,65000.0,09:00-19:00,"TRANSFER,NETBANKING,CARD",Security deposit phishing / escrow hijacking,0.039,97,2793.61,INR,PURCHASE,TRANSFER,MOBILE_APP,0,0,Chennai,10.0,0,0,1,DEV-MONISHA-IPHONE-15,mobile_ios,0,BEN-CUST_MONISHA_001-TRUSTED,Trusted Household Vendor,12,0,3,16,0,0,0,None,Resolved Genuine,Standard Habitual Purchase,0
TXN-CUST_MONISHA_001-10093,2026-07-02 00:57:51,2026-07-02,00:57:51,0,3,0,1,CUST_MONISHA_001,420,Chennai,Tamil Nadu,Low Risk / 3% Fraud Rate,M021,GlowCraft Salon,Salon / Beauty,Spa & Grooming Studio,Chennai,Porur,Tamil Nadu,600116,13.0382,80.1565,5,2800.0,09:00-21:00,"POS,UPI,CARD",Unusual late-night transaction spikes,0.011,27,1814.82,INR,PURCHASE,UPI,MOBILE_APP,1,0,Chennai,5.0,0,0,1,DEV-MONISHA-IPHONE-15,mobile_ios,0,BEN-CUST_MONISHA_001-TRUSTED,Trusted Household Vendor,13,1,4,19,0,0,0,None,Resolved Genuine,Standard Habitual Purchase,0
TXN-CUST_MONISHA_001-10094,2026-07-02 02:24:04,2026-07-02,02:24:04,2,3,0,1,CUST_MONISHA_001,420,Chennai,Tamil Nadu,Low Risk / 3% Fraud Rate,M014,OakLine Furnishings,Furniture,Teak Wood & Modern Home Decor,Madurai,Bypass Road,Tamil Nadu,625016,9.932,78.109,12,38000.0,10:00-21:00,"POS,CARD,TRANSFER,EMI",Invoice redirection fraud / fake payment slips,0.029,72,1559.94,INR,PURCHASE,EMI,MOBILE_APP,1,0,Chennai,11.0,0,0,1,DEV-MONISHA-IPHONE-15,mobile_ios,0,BEN-CUST_MONISHA_001-TRUSTED,Trusted Household Vendor,8,1,2,17,0,0,0,None,Resolved Genuine,Standard Habitual Purchase,0
TXN-CUST_MONISHA_001-10095,2026-07-02 03:49:12,2026-07-02,03:49:12,3,3,0,1,CUST_MONISHA_001,420,Chennai,Tamil Nadu,Low Risk / 3% Fraud Rate,M013,CartNest Online,E-commerce,Multi-category Marketplace,Chennai,Guindy,Tamil Nadu,600032,13.0067,80.2026,5,6200.0,24_HOURS,"ONLINE,UPI,CARD,NETBANKING",Account takeover + triangulation shipping fraud,0.045,112,2683.74,INR,PURCHASE,CARD,MOBILE_APP,0,0,Chennai,9.0,0,0,1,DEV-MONISHA-IPHONE-15,mobile_ios,0,BEN-CUST_MONISHA_001-TRUSTED,Trusted Household Vendor,8,1,1,11,0,0,0,None,Resolved Genuine,Standard Habitual Purchase,0
TXN-CUST_MONISHA_001-10096,2026-07-02 05:13:18,2026-07-02,05:13:18,5,3,0,1,CUST_MONISHA_001,420,Chennai,Tamil Nadu,Low Risk / 3% Fraud Rate,M025,ShieldSure Services,Insurance Services,General & Health Insurance Premium,Chennai,Egmore,Tamil Nadu,600008,13.0784,80.2607,13,14000.0,09:30-18:00,"ONLINE,NETBANKING,CARD",Premium diversion / fake policy payment slips,0.019,47,1725.77,INR,PURCHASE,CARD,MOBILE_APP,0,0,Chennai,9.0,0,0,1,DEV-MONISHA-IPHONE-15,mobile_ios,0,BEN-CUST_MONISHA_001-TRUSTED,Trusted Household Vendor,13,0,1,13,0,0,0,None,Resolved Genuine,Standard Habitual Purchase,0
TXN-CUST_MONISHA_001-10097,2026-07-02 06:39:11,2026-07-02,06:39:11,6,3,0,0,CUST_MONISHA_001,420,Chennai,Tamil Nadu,Low Risk / 3% Fraud Rate,M007,SpiceRoute Kitchen,Restaurant,Fine Dining & Chettinad,Chennai,Adyar,Tamil Nadu,600020,13.0012,80.2565,7,2200.0,11:30-23:30,"POS,UPI,CARD",Cloned card POS terminal replay,0.018,45,1993.15,INR,PURCHASE,POS,MOBILE_APP,1,0,Chennai,10.0,0,0,1,DEV-MONISHA-IPHONE-15,mobile_ios,0,BEN-CUST_MONISHA_001-TRUSTED,Trusted Household Vendor,15,0,4,21,0,0,0,None,Resolved Genuine,Standard Habitual Purchase,0
TXN-CUST_MONISHA_001-10098,2026-07-02 08:04:11,2026-07-02,08:04:11,8,3,0,0,CUST_MONISHA_001,420,Chennai,Tamil Nadu,Low Risk / 3% Fraud Rate,M005,UrbanThread Studio,Fashion / Apparel,Designer & Ready-to-wear,Chennai,Anna Nagar,Tamil Nadu,600040,13.085,80.2101,5,4800.0,10:30-22:00,"POS,ONLINE,UPI,CARD",Refund abuse / credential stuffing,0.022,55,2950.75,INR,PURCHASE,POS,MOBILE_APP,1,0,Chennai,8.0,0,0,1,DEV-MONISHA-IPHONE-15,mobile_ios,0,BEN-CUST_MONISHA_001-TRUSTED,Trusted Household Vendor,4,0,4,21,0,0,0,None,Resolved Genuine,Standard Habitual Purchase,0
TXN-CUST_MONISHA_001-10099,2026-07-02 09:31:50,2026-07-02,09:31:50,9,3,0,0,CUST_MONISHA_001,420,Chennai,Tamil Nadu,Low Risk / 3% Fraud Rate,M010,HarborView Residency,Hotel / Hospitality,Business & Luxury Hotel,Chennai,OMR,Tamil Nadu,600096,12.9165,80.2285,6,9500.0,24_HOURS,"ONLINE,POS,CARD,TRANSFER",Online travel booking fraud with stolen corporate credentials,0.041,102,2068.96,INR,PURCHASE,TRANSFER,MOBILE_APP,1,0,Chennai,9.0,0,0,1,DEV-MONISHA-IPHONE-15,mobile_ios,0,BEN-CUST_MONISHA_001-TRUSTED,Trusted Household Vendor,4,0,2,11,0,0,0,None,Resolved Genuine,Standard Habitual Purchase,0
TXN-CUST_MONISHA_001-10100,2026-07-02 10:59:08,2026-07-02,10:59:08,10,3,0,0,CUST_MONISHA_001,420,Chennai,Tamil Nadu,Low Risk / 3% Fraud Rate,M005,UrbanThread Studio,Fashion / Apparel,Designer & Ready-to-wear,Chennai,Anna Nagar,Tamil Nadu,600040,13.085,80.2101,5,4800.0,10:30-22:00,"POS,ONLINE,UPI,CARD",Refund abuse / credential stuffing,0.022,55,1946.2,INR,PURCHASE,CARD,MOBILE_APP,1,0,Chennai,12.0,0,0,1,DEV-MONISHA-IPHONE-15,mobile_ios,0,BEN-CUST_MONISHA_001-TRUSTED,Trusted Household Vendor,9,0,3,21,0,0,0,None,Resolved Genuine,Standard Habitual Purchase,0
TXN-CUST_MONISHA_001-10101,2026-07-02 12:23:59,2026-07-02,12:23:59,12,3,0,0,CUST_MONISHA_001,420,Chennai,Tamil Nadu,Low Risk / 3% Fraud Rate,M018,PageTurn Book House,Bookstore,"Academic, Fiction & Stationery",Trichy,Thillai Nagar,Tamil Nadu,620018,10.8282,78.6854,16,850.0,09:00-21:30,"POS,UPI,CARD,ONLINE",Low-value card testing bots,0.008,20,1118.46,INR,PURCHASE,CARD,MOBILE_APP,1,0,Chennai,4.0,0,0,1,DEV-MONISHA-IPHONE-15,mobile_ios,0,BEN-CUST_MONISHA_001-TRUSTED,Trusted Household Vendor,4,0,2,16,0,0,0,None,Resolved Genuine,Standard Habitual Purchase,0
TXN-CUST_MONISHA_001-10102,2026-07-02 13:49:26,2026-07-02,13:49:26,13,3,0,0,CUST_MONISHA_001,420,Chennai,Tamil Nadu,Low Risk / 3% Fraud Rate,M026,GreenLeaf Wellness,Health & Wellness,Organic Nutrition & Ayurveda,Trichy,Srirangam,Tamil Nadu,620006,10.8624,78.6947,6,2100.0,08:00-21:00,"POS,UPI,ONLINE,CARD",Subscription card stuffing,0.013,32,1968.11,INR,PURCHASE,CARD,MOBILE_APP,1,0,Chennai,14.0,0,0,1,DEV-MONISHA-IPHONE-15,mobile_ios,0,BEN-CUST_MONISHA_001-TRUSTED,Trusted Household Vendor,12,1,3,16,0,0,0,None,Resolved Genuine,Standard Habitual Purchase,0
TXN-CUST_MONISHA_001-10103,2026-07-02 15:15:30,2026-07-02,15:15:30,15,3,0,0,CUST_MONISHA_001,420,Chennai,Tamil Nadu,Low Risk / 3% Fraud Rate,M016,MotoCare Garage,Auto Service,Car Service & Detailing Hub,Chennai,Pallikaranai,Tamil Nadu,600100,12.9372,80.2014,7,8900.0,08:30-20:30,"POS,UPI,CARD",Over-invoicing / synthetic card payments,0.021,52,1587.59,INR,PURCHASE,UPI,MOBILE_APP,1,0,Chennai,9.0,0,0,1,DEV-MONISHA-IPHONE-15,mobile_ios,0,BEN-CUST_MONISHA_001-TRUSTED,Trusted Household Vendor,10,0,4,21,0,0,0,None,Resolved Genuine,Standard Habitual Purchase,0
TXN-CUST_MONISHA_001-10104,2026-07-02 16:44:48,2026-07-02,16:44:48,16,3,0,0,CUST_MONISHA_001,420,Chennai,Tamil Nadu,Low Risk / 3% Fraud Rate,M008,BeanCircuit Cafe,Cafe,Specialty Coffee & Bakery,Bengaluru,Indiranagar,Karnataka,560038,12.9784,77.6408,3,650.0,07:30-23:00,"UPI,POS,CARD",QR code spoofing / fast velocity dining,0.009,22,2118.01,INR,PURCHASE,POS,MOBILE_APP,1,0,Chennai,4.0,0,0,1,DEV-MONISHA-IPHONE-15,mobile_ios,0,BEN-CUST_MONISHA_001-TRUSTED,Trusted Household Vendor,3,0,4,25,0,0,0,None,Resolved Genuine,Standard Habitual Purchase,0
TXN-CUST_MONISHA_001-10105,2026-07-02 18:12:25,2026-07-02,18:12:25,18,3,0,0,CUST_MONISHA_001,420,Chennai,Tamil Nadu,Low Risk / 3% Fraud Rate,M026,GreenLeaf Wellness,Health & Wellness,Organic Nutrition & Ayurveda,Trichy,Srirangam,Tamil Nadu,620006,10.8624,78.6947,6,2100.0,08:00-21:00,"POS,UPI,ONLINE,CARD",Subscription card stuffing,0.013,32,1672.08,INR,PURCHASE,POS,MOBILE_APP,1,0,Chennai,11.0,0,0,1,DEV-MONISHA-IPHONE-15,mobile_ios,0,BEN-CUST_MONISHA_001-TRUSTED,Trusted Household Vendor,10,0,2,12,0,0,0,None,Resolved Genuine,Standard Habitual Purchase,0
TXN-CUST_MONISHA_001-10106,2026-07-02 19:38:50,2026-07-02,19:38:50,19,3,0,0,CUST_MONISHA_001,420,Chennai,Tamil Nadu,Low Risk / 3% Fraud Rate,M019,ArenaSport World,Sports Retail,Fitness Equipment & Sports Wear,Chennai,Nungambakkam,Tamil Nadu,600034,13.0604,80.2405,6,5600.0,10:00-21:30,"POS,ONLINE,UPI,CARD",Stolen card chargeback on premium sports gear,0.026,65,1556.87,INR,PURCHASE,CARD,MOBILE_APP,1,0,Chennai,2.0,0,0,1,DEV-MONISHA-IPHONE-15,mobile_ios,0,BEN-CUST_MONISHA_001-TRUSTED,Trusted Household Vendor,4,0,4,18,0,0,0,None,Resolved Genuine,Standard Habitual Purchase,0
TXN-CUST_MONISHA_001-10107,2026-07-02 21:06:34,2026-07-02,21:06:34,21,3,0,0,CUST_MONISHA_001,420,Chennai,Tamil Nadu,Low Risk / 3% Fraud Rate,M014,OakLine Furnishings,Furniture,Teak Wood & Modern Home Decor,Madurai,Bypass Road,Tamil Nadu,625016,9.932,78.109,12,38000.0,10:00-21:00,"POS,CARD,TRANSFER,EMI",Invoice redirection fraud / fake payment slips,0.029,72,2817.98,INR,PURCHASE,EMI,MOBILE_APP,1,0,Chennai,3.0,0,0,1,DEV-MONISHA-IPHONE-15,mobile_ios,0,BEN-CUST_MONISHA_001-TRUSTED,Trusted Household Vendor,8,1,3,15,0,0,0,None,Resolved Genuine,Standard Habitual Purchase,0
TXN-CUST_MONISHA_001-10108,2026-07-02 22:35:05,2026-07-02,22:35:05,22,3,0,0,CUST_MONISHA_001,420,Chennai,Tamil Nadu,Low Risk / 3% Fraud Rate,M028,CraftCove Home Decor,Home Decor,Handicrafts & Art Pieces,Thanjavur,Medical College Road,Tamil Nadu,613004,10.7684,79.1245,8,7400.0,09:30-20:30,"POS,UPI,CARD,ONLINE",Cross-border tourist chargebacks,0.023,57,2358.0,INR,PURCHASE,ONLINE,MOBILE_APP,1,0,Chennai,9.0,0,0,1,DEV-MONISHA-IPHONE-15,mobile_ios,0,BEN-CUST_MONISHA_001-TRUSTED,Trusted Household Vendor,13,0,3,22,0,0,0,None,Resolved Genuine,Standard Habitual Purchase,0
TXN-CUST_MONISHA_001-10109,2026-07-02 23:58:42,2026-07-02,23:58:42,23,3,0,1,CUST_MONISHA_001,420,Chennai,Tamil Nadu,Low Risk / 3% Fraud Rate,M003,Pulse Mobile Hub,Mobile Store,Smartphones & Accessories,Chennai,Tambaram,Tamil Nadu,600045,12.9249,80.1278,4,18500.0,09:30-21:30,"POS,UPI,CARD",New device abuse / rapid checkout surge,0.035,87,1329.36,INR,PURCHASE,POS,MOBILE_APP,1,0,Chennai,11.0,0,0,1,DEV-MONISHA-IPHONE-15,mobile_ios,0,BEN-CUST_MONISHA_001-TRUSTED,Trusted Household Vendor,14,0,2,16,0,0,0,None,Resolved Genuine,Standard Habitual Purchase,0
TXN-CUST_MONISHA_001-10110,2026-07-03 01:27:58,2026-07-03,01:27:58,1,4,0,1,CUST_MONISHA_001,420,Chennai,Tamil Nadu,Low Risk / 3% Fraud Rate,M025,ShieldSure Services,Insurance Services,General & Health Insurance Premium,Chennai,Egmore,Tamil Nadu,600008,13.0784,80.2607,13,14000.0,09:30-18:00,"ONLINE,NETBANKING,CARD",Premium diversion / fake policy payment slips,0.019,47,2262.97,INR,PURCHASE,NETBANKING,MOBILE_APP,0,0,Chennai,14.0,0,0,1,DEV-MONISHA-IPHONE-15,mobile_ios,0,BEN-CUST_MONISHA_001-TRUSTED,Trusted Household Vendor,14,1,2,10,0,0,0,None,Resolved Genuine,Standard Habitual Purchase,0
TXN-CUST_MONISHA_001-10111,2026-07-03 02:51:39,2026-07-03,02:51:39,2,4,0,1,CUST_MONISHA_001,420,Chennai,Tamil Nadu,Low Risk / 3% Fraud Rate,M026,GreenLeaf Wellness,Health & Wellness,Organic Nutrition & Ayurveda,Trichy,Srirangam,Tamil Nadu,620006,10.8624,78.6947,6,2100.0,08:00-21:00,"POS,UPI,ONLINE,CARD",Subscription card stuffing,0.013,32,911.32,INR,PURCHASE,CARD,MOBILE_APP,1,0,Chennai,6.0,0,0,1,DEV-MONISHA-IPHONE-15,mobile_ios,0,BEN-CUST_MONISHA_001-TRUSTED,Trusted Household Vendor,6,0,2,12,0,0,0,None,Resolved Genuine,Standard Habitual Purchase,0
TXN-CUST_MONISHA_001-10112,2026-07-03 04:16:04,2026-07-03,04:16:04,4,4,0,1,CUST_MONISHA_001,420,Chennai,Tamil Nadu,Low Risk / 3% Fraud Rate,M003,Pulse Mobile Hub,Mobile Store,Smartphones & Accessories,Chennai,Tambaram,Tamil Nadu,600045,12.9249,80.1278,4,18500.0,09:30-21:30,"POS,UPI,CARD",New device abuse / rapid checkout surge,0.035,87,2206.21,INR,PURCHASE,CARD,MOBILE_APP,1,0,Chennai,7.0,0,0,1,DEV-MONISHA-IPHONE-15,mobile_ios,0,BEN-CUST_MONISHA_001-TRUSTED,Trusted Household Vendor,10,0,2,12,0,0,0,None,Resolved Genuine,Standard Habitual Purchase,0
TXN-CUST_MONISHA_001-10113,2026-07-03 05:40:51,2026-07-03,05:40:51,5,4,0,1,CUST_MONISHA_001,420,Chennai,Tamil Nadu,Low Risk / 3% Fraud Rate,M021,GlowCraft Salon,Salon / Beauty,Spa & Grooming Studio,Chennai,Porur,Tamil Nadu,600116,13.0382,80.1565,5,2800.0,09:00-21:00,"POS,UPI,CARD",Unusual late-night transaction spikes,0.011,27,1374.31,INR,PURCHASE,CARD,MOBILE_APP,1,0,Chennai,5.0,0,0,1,DEV-MONISHA-IPHONE-15,mobile_ios,0,BEN-CUST_MONISHA_001-TRUSTED,Trusted Household Vendor,7,0,4,26,0,0,0,None,Resolved Genuine,Standard Habitual Purchase,0
TXN-CUST_MONISHA_001-10114,2026-07-03 07:05:12,2026-07-03,07:05:12,7,4,0,0,CUST_MONISHA_001,420,Chennai,Tamil Nadu,Low Risk / 3% Fraud Rate,M015,HomeSphere Appliances,Home Appliances,"Refrigerators, ACs & Kitchen Tech",Coimbatore,Saibaba Colony,Tamil Nadu,641011,11.0315,76.945,9,27500.0,09:30-21:00,"POS,EMI,CARD,UPI",Carding attacks with immediate in-store pickup,0.038,95,2991.85,INR,PURCHASE,CARD,MOBILE_APP,1,0,Chennai,10.0,0,0,1,DEV-MONISHA-IPHONE-15,mobile_ios,0,BEN-CUST_MONISHA_001-TRUSTED,Trusted Household Vendor,14,0,4,25,0,0,0,None,Resolved Genuine,Standard Habitual Purchase,0
TXN-CUST_MONISHA_001-10115,2026-07-03 08:33:41,2026-07-03,08:33:41,8,4,0,0,CUST_MONISHA_001,420,Chennai,Tamil Nadu,Low Risk / 3% Fraud Rate,M007,SpiceRoute Kitchen,Restaurant,Fine Dining & Chettinad,Chennai,Adyar,Tamil Nadu,600020,13.0012,80.2565,7,2200.0,11:30-23:30,"POS,UPI,CARD",Cloned card POS terminal replay,0.018,45,3118.53,INR,PURCHASE,CARD,MOBILE_APP,1,0,Chennai,14.0,0,0,1,DEV-MONISHA-IPHONE-15,mobile_ios,0,BEN-CUST_MONISHA_001-TRUSTED,Trusted Household Vendor,9,0,2,15,0,0,0,None,Resolved Genuine,Standard Habitual Purchase,0
TXN-CUST_MONISHA_001-10116,2026-07-03 10:00:32,2026-07-03,10:00:32,10,4,0,0,CUST_MONISHA_001,420,Chennai,Tamil Nadu,Low Risk / 3% Fraud Rate,M023,SwiftBox Logistics,Courier / Logistics,Express Parcel & Freight Delivery,Tiruppur,Avinashi Road,Tamil Nadu,641603,11.1085,77.3411,9,4200.0,08:00-21:00,"POS,UPI,CARD,ONLINE",Interception fraud / address redirection,0.02,50,1470.84,INR,PURCHASE,POS,MOBILE_APP,1,0,Chennai,14.0,0,0,1,DEV-MONISHA-IPHONE-15,mobile_ios,0,BEN-CUST_MONISHA_001-TRUSTED,Trusted Household Vendor,3,0,3,21,0,0,0,None,Resolved Genuine,Standard Habitual Purchase,0
TXN-CUST_MONISHA_001-10117,2026-07-03 11:28:55,2026-07-03,11:28:55,11,4,0,0,CUST_MONISHA_001,420,Chennai,Tamil Nadu,Low Risk / 3% Fraud Rate,M029,CloudDesk Digital,Software / Digital Services,Cloud Infrastructure & SaaS Tools,Bengaluru,Whitefield,Karnataka,560066,12.9698,77.7499,7,19800.0,24_HOURS,"ONLINE,CARD,TRANSFER",Cryptomining VM rental with stolen credit cards,0.058,145,1449.69,INR,PURCHASE,TRANSFER,MOBILE_APP,0,0,Chennai,13.0,0,0,1,DEV-MONISHA-IPHONE-15,mobile_ios,0,BEN-CUST_MONISHA_001-TRUSTED,Trusted Household Vendor,6,0,3,17,0,0,0,None,Resolved Genuine,Standard Habitual Purchase,0
TXN-CUST_MONISHA_001-10118,2026-07-03 12:56:03,2026-07-03,12:56:03,12,4,0,0,CUST_MONISHA_001,420,Chennai,Tamil Nadu,Low Risk / 3% Fraud Rate,M022,SkillSpring Academy,Education / Training,Professional Certifications & Tech Bootcamps,Chennai,Mylapore,Tamil Nadu,600004,13.0368,80.2676,8,22000.0,08:30-19:30,"ONLINE,NETBANKING,CARD,UPI",Stolen corporate card enrollments,0.028,70,2548.05,INR,PURCHASE,ONLINE,MOBILE_APP,0,0,Chennai,13.0,0,0,1,DEV-MONISHA-IPHONE-15,mobile_ios,0,BEN-CUST_MONISHA_001-TRUSTED,Trusted Household Vendor,13,0,2,10,0,0,0,None,Resolved Genuine,Standard Habitual Purchase,0
TXN-CUST_MONISHA_001-10119,2026-07-03 14:21:18,2026-07-03,14:21:18,14,4,0,0,CUST_MONISHA_001,420,Chennai,Tamil Nadu,Low Risk / 3% Fraud Rate,M015,HomeSphere Appliances,Home Appliances,"Refrigerators, ACs & Kitchen Tech",Coimbatore,Saibaba Colony,Tamil Nadu,641011,11.0315,76.945,9,27500.0,09:30-21:00,"POS,EMI,CARD,UPI",Carding attacks with immediate in-store pickup,0.038,95,858.07,INR,PURCHASE,CARD,MOBILE_APP,1,0,Chennai,6.0,0,0,1,DEV-MONISHA-IPHONE-15,mobile_ios,0,BEN-CUST_MONISHA_001-TRUSTED,Trusted Household Vendor,7,0,1,12,0,0,0,None,Resolved Genuine,Standard Habitual Purchase,0
TXN-CUST_MONISHA_001-10120,2026-07-03 15:45:45,2026-07-03,15:45:45,15,4,0,0,CUST_MONISHA_001,420,Chennai,Tamil Nadu,Low Risk / 3% Fraud Rate,M005,UrbanThread Studio,Fashion / Apparel,Designer & Ready-to-wear,Chennai,Anna Nagar,Tamil Nadu,600040,13.085,80.2101,5,4800.0,10:30-22:00,"POS,ONLINE,UPI,CARD",Refund abuse / credential stuffing,0.022,55,2620.44,INR,PURCHASE,UPI,MOBILE_APP,1,0,Chennai,15.0,0,0,1,DEV-MONISHA-IPHONE-15,mobile_ios,0,BEN-CUST_MONISHA_001-TRUSTED,Trusted Household Vendor,5,0,3,21,0,0,0,None,Resolved Genuine,Standard Habitual Purchase,0
TXN-CUST_MONISHA_001-10121,2026-07-03 17:14:58,2026-07-03,17:14:58,17,4,0,0,CUST_MONISHA_001,420,Chennai,Tamil Nadu,Low Risk / 3% Fraud Rate,M010,HarborView Residency,Hotel / Hospitality,Business & Luxury Hotel,Chennai,OMR,Tamil Nadu,600096,12.9165,80.2285,6,9500.0,24_HOURS,"ONLINE,POS,CARD,TRANSFER",Online travel booking fraud with stolen corporate credentials,0.041,102,2526.95,INR,PURCHASE,POS,MOBILE_APP,1,0,Chennai,6.0,0,0,1,DEV-MONISHA-IPHONE-15,mobile_ios,0,BEN-CUST_MONISHA_001-TRUSTED,Trusted Household Vendor,4,0,4,21,0,0,0,None,Resolved Genuine,Standard Habitual Purchase,0
TXN-CUST_MONISHA_001-10122,2026-07-03 18:43:31,2026-07-03,18:43:31,18,4,0,0,CUST_MONISHA_001,420,Chennai,Tamil Nadu,Low Risk / 3% Fraud Rate,M024,LinkWave Telecom,Telecom Retail,Fiber Broadband & Postpaid Plans,Erode,Perundurai Road,Tamil Nadu,638011,11.341,77.7172,10,1950.0,09:30-20:30,"UPI,CARD,ONLINE,POS",SIM swap bill recharge surges,0.017,42,2358.11,INR,PURCHASE,POS,MOBILE_APP,1,0,Chennai,7.0,0,0,1,DEV-MONISHA-IPHONE-15,mobile_ios,0,BEN-CUST_MONISHA_001-TRUSTED,Trusted Household Vendor,4,0,3,14,0,0,0,None,Resolved Genuine,Standard Habitual Purchase,0
TXN-CUST_MONISHA_001-10123,2026-07-03 20:08:30,2026-07-03,20:08:30,20,4,0,0,CUST_MONISHA_001,420,Chennai,Tamil Nadu,Low Risk / 3% Fraud Rate,M004,Aurelia Gold House,Jewellery,Gold & Diamond Jewellery,Coimbatore,RS Puram,Tamil Nadu,641002,11.0089,76.9514,14,78000.0,10:00-20:30,"POS,CARD,TRANSFER",Account takeover / card-not-present luxury surge,0.065,162,1844.2,INR,PURCHASE,CARD,MOBILE_APP,1,0,Chennai,11.0,0,0,1,DEV-MONISHA-IPHONE-15,mobile_ios,0,BEN-CUST_MONISHA_001-TRUSTED,Trusted Household Vendor,12,0,3,19,0,0,0,None,Resolved Genuine,Standard Habitual Purchase,0
TXN-CUST_MONISHA_001-10124,2026-07-03 21:32:33,2026-07-03,21:32:33,21,4,0,0,CUST_MONISHA_001,420,Chennai,Tamil Nadu,Low Risk / 3% Fraud Rate,M008,BeanCircuit Cafe,Cafe,Specialty Coffee & Bakery,Bengaluru,Indiranagar,Karnataka,560038,12.9784,77.6408,3,650.0,07:30-23:00,"UPI,POS,CARD",QR code spoofing / fast velocity dining,0.009,22,1883.26,INR,PURCHASE,UPI,MOBILE_APP,1,0,Chennai,10.0,0,0,1,DEV-MONISHA-IPHONE-15,mobile_ios,0,BEN-CUST_MONISHA_001-TRUSTED,Trusted Household Vendor,12,0,3,15,0,0,0,None,Resolved Genuine,Standard Habitual Purchase,0
TXN-CUST_MONISHA_001-10125,2026-07-03 22:59:46,2026-07-03,22:59:46,22,4,0,0,CUST_MONISHA_001,420,Chennai,Tamil Nadu,Low Risk / 3% Fraud Rate,M015,HomeSphere Appliances,Home Appliances,"Refrigerators, ACs & Kitchen Tech",Coimbatore,Saibaba Colony,Tamil Nadu,641011,11.0315,76.945,9,27500.0,09:30-21:00,"POS,EMI,CARD,UPI",Carding attacks with immediate in-store pickup,0.038,95,2907.97,INR,PURCHASE,POS,MOBILE_APP,1,0,Chennai,5.0,0,0,1,DEV-MONISHA-IPHONE-15,mobile_ios,0,BEN-CUST_MONISHA_001-TRUSTED,Trusted Household Vendor,5,0,1,6,0,0,0,None,Resolved Genuine,Standard Habitual Purchase,0
TXN-CUST_MONISHA_001-10126,2026-07-04 00:25:00,2026-07-04,00:25:00,0,5,1,1,CUST_MONISHA_001,420,Chennai,Tamil Nadu,Low Risk / 3% Fraud Rate,M016,MotoCare Garage,Auto Service,Car Service & Detailing Hub,Chennai,Pallikaranai,Tamil Nadu,600100,12.9372,80.2014,7,8900.0,08:30-20:30,"POS,UPI,CARD",Over-invoicing / synthetic card payments,0.021,52,1051.72,INR,PURCHASE,UPI,MOBILE_APP,1,0,Chennai,4.0,0,0,1,DEV-MONISHA-IPHONE-15,mobile_ios,0,BEN-CUST_MONISHA_001-TRUSTED,Trusted Household Vendor,9,0,2,15,0,0,0,None,Resolved Genuine,Standard Habitual Purchase,0
TXN-CUST_MONISHA_001-10127,2026-07-04 01:52:25,2026-07-04,01:52:25,1,5,1,1,CUST_MONISHA_001,420,Chennai,Tamil Nadu,Low Risk / 3% Fraud Rate,M024,LinkWave Telecom,Telecom Retail,Fiber Broadband & Postpaid Plans,Erode,Perundurai Road,Tamil Nadu,638011,11.341,77.7172,10,1950.0,09:30-20:30,"UPI,CARD,ONLINE,POS",SIM swap bill recharge surges,0.017,42,2409.77,INR,PURCHASE,UPI,MOBILE_APP,1,0,Chennai,9.0,0,0,1,DEV-MONISHA-IPHONE-15,mobile_ios,0,BEN-CUST_MONISHA_001-TRUSTED,Trusted Household Vendor,9,0,2,17,0,0,0,None,Resolved Genuine,Standard Habitual Purchase,0
TXN-CUST_MONISHA_001-10128,2026-07-04 03:19:31,2026-07-04,03:19:31,3,5,1,1,CUST_MONISHA_001,420,Chennai,Tamil Nadu,Low Risk / 3% Fraud Rate,M009,RapidFuel Station,Fuel Station,"Petrol, Diesel & EV Fast Charge",Salem,Fairlands,Tamil Nadu,636016,11.6643,78.146,9,3100.0,24_HOURS,"POS,FLEET_CARD,UPI",Automated fleet card skimming,0.024,60,856.56,INR,PURCHASE,FLEET_CARD,MOBILE_APP,1,0,Chennai,6.0,0,0,1,DEV-MONISHA-IPHONE-15,mobile_ios,0,BEN-CUST_MONISHA_001-TRUSTED,Trusted Household Vendor,6,0,4,19,0,0,0,None,Resolved Genuine,Standard Habitual Purchase,0
TXN-CUST_MONISHA_001-10129,2026-07-04 04:48:48,2026-07-04,04:48:48,4,5,1,1,CUST_MONISHA_001,420,Chennai,Tamil Nadu,Low Risk / 3% Fraud Rate,M012,DashDine Delivery,Food Delivery,Quick Commerce & Meal Delivery,Chennai,Sholinganallur,Tamil Nadu,600119,12.901,80.2279,4,520.0,06:00-02:00,"UPI,CARD,ONLINE,WALLET",Promo code abuse / stolen wallet balances,0.014,35,2054.05,INR,PURCHASE,CARD,MOBILE_APP,0,0,Chennai,11.0,0,0,1,DEV-MONISHA-IPHONE-15,mobile_ios,0,BEN-CUST_MONISHA_001-TRUSTED,Trusted Household Vendor,7,0,4,19,0,0,0,None,Resolved Genuine,Standard Habitual Purchase,0
TXN-CUST_MONISHA_001-10130,2026-07-04 06:17:54,2026-07-04,06:17:54,6,5,1,0,CUST_MONISHA_001,420,Chennai,Tamil Nadu,Low Risk / 3% Fraud Rate,M027,BrickHarbor Realty,Real Estate / Property Services,Rental Escrow & Facility Management,Chennai,Porur,Tamil Nadu,600116,13.035,80.16,11,65000.0,09:00-19:00,"TRANSFER,NETBANKING,CARD",Security deposit phishing / escrow hijacking,0.039,97,1844.04,INR,PURCHASE,NETBANKING,MOBILE_APP,0,0,Chennai,11.0,0,0,1,DEV-MONISHA-IPHONE-15,mobile_ios,0,BEN-CUST_MONISHA_001-TRUSTED,Trusted Household Vendor,3,0,1,9,0,0,0,None,Resolved Genuine,Standard Habitual Purchase,0
TXN-CUST_MONISHA_001-10131,2026-07-04 07:47:14,2026-07-04,07:47:14,7,5,1,0,CUST_MONISHA_001,420,Chennai,Tamil Nadu,Low Risk / 3% Fraud Rate,M026,GreenLeaf Wellness,Health & Wellness,Organic Nutrition & Ayurveda,Trichy,Srirangam,Tamil Nadu,620006,10.8624,78.6947,6,2100.0,08:00-21:00,"POS,UPI,ONLINE,CARD",Subscription card stuffing,0.013,32,2101.11,INR,PURCHASE,UPI,MOBILE_APP,1,0,Chennai,2.0,0,0,1,DEV-MONISHA-IPHONE-15,mobile_ios,0,BEN-CUST_MONISHA_001-TRUSTED,Trusted Household Vendor,12,0,2,13,0,0,0,None,Resolved Genuine,Standard Habitual Purchase,0
TXN-CUST_MONISHA_001-10132,2026-07-04 09:12:36,2026-07-04,09:12:36,9,5,1,0,CUST_MONISHA_001,420,Chennai,Tamil Nadu,Low Risk / 3% Fraud Rate,M005,UrbanThread Studio,Fashion / Apparel,Designer & Ready-to-wear,Chennai,Anna Nagar,Tamil Nadu,600040,13.085,80.2101,5,4800.0,10:30-22:00,"POS,ONLINE,UPI,CARD",Refund abuse / credential stuffing,0.022,55,2625.43,INR,PURCHASE,UPI,MOBILE_APP,1,0,Chennai,10.0,0,0,1,DEV-MONISHA-IPHONE-15,mobile_ios,0,BEN-CUST_MONISHA_001-TRUSTED,Trusted Household Vendor,5,1,2,12,0,0,0,None,Resolved Genuine,Standard Habitual Purchase,0
TXN-CUST_MONISHA_001-10133,2026-07-04 10:36:39,2026-07-04,10:36:39,10,5,1,0,CUST_MONISHA_001,420,Chennai,Tamil Nadu,Low Risk / 3% Fraud Rate,M028,CraftCove Home Decor,Home Decor,Handicrafts & Art Pieces,Thanjavur,Medical College Road,Tamil Nadu,613004,10.7684,79.1245,8,7400.0,09:30-20:30,"POS,UPI,CARD,ONLINE",Cross-border tourist chargebacks,0.023,57,840.33,INR,PURCHASE,CARD,MOBILE_APP,1,0,Chennai,1.0,0,0,1,DEV-MONISHA-IPHONE-15,mobile_ios,0,BEN-CUST_MONISHA_001-TRUSTED,Trusted Household Vendor,12,0,2,10,0,0,0,None,Resolved Genuine,Standard Habitual Purchase,0
TXN-CUST_MONISHA_001-10134,2026-07-04 12:01:06,2026-07-04,12:01:06,12,5,1,0,CUST_MONISHA_001,420,Chennai,Tamil Nadu,Low Risk / 3% Fraud Rate,M002,CircuitBay Electronics,Consumer Electronics,Laptops & Gadgets,Chennai,Velachery,Tamil Nadu,600042,12.9759,80.2212,6,32000.0,10:00-21:30,"POS,ONLINE,EMI,UPI",Stolen payment details / high-ticket electronics delivery,0.048,120,1076.61,INR,PURCHASE,UPI,MOBILE_APP,1,0,Chennai,7.0,0,0,1,DEV-MONISHA-IPHONE-15,mobile_ios,0,BEN-CUST_MONISHA_001-TRUSTED,Trusted Household Vendor,10,0,1,11,0,0,0,None,Resolved Genuine,Standard Habitual Purchase,0
TXN-CUST_MONISHA_001-10135,2026-07-04 13:27:35,2026-07-04,13:27:35,13,5,1,0,CUST_MONISHA_001,420,Chennai,Tamil Nadu,Low Risk / 3% Fraud Rate,M004,Aurelia Gold House,Jewellery,Gold & Diamond Jewellery,Coimbatore,RS Puram,Tamil Nadu,641002,11.0089,76.9514,14,78000.0,10:00-20:30,"POS,CARD,TRANSFER",Account takeover / card-not-present luxury surge,0.065,162,1837.69,INR,PURCHASE,TRANSFER,MOBILE_APP,1,0,Chennai,4.0,0,0,1,DEV-MONISHA-IPHONE-15,mobile_ios,0,BEN-CUST_MONISHA_001-TRUSTED,Trusted Household Vendor,14,0,1,14,0,0,0,None,Resolved Genuine,Standard Habitual Purchase,0
TXN-CUST_MONISHA_001-10136,2026-07-04 14:52:47,2026-07-04,14:52:47,14,5,1,0,CUST_MONISHA_001,420,Chennai,Tamil Nadu,Low Risk / 3% Fraud Rate,M021,GlowCraft Salon,Salon / Beauty,Spa & Grooming Studio,Chennai,Porur,Tamil Nadu,600116,13.0382,80.1565,5,2800.0,09:00-21:00,"POS,UPI,CARD",Unusual late-night transaction spikes,0.011,27,3035.82,INR,PURCHASE,CARD,MOBILE_APP,1,0,Chennai,1.0,0,0,1,DEV-MONISHA-IPHONE-15,mobile_ios,0,BEN-CUST_MONISHA_001-TRUSTED,Trusted Household Vendor,9,0,4,19,0,0,0,None,Resolved Genuine,Standard Habitual Purchase,0
TXN-CUST_MONISHA_001-10137,2026-07-04 16:19:08,2026-07-04,16:19:08,16,5,1,0,CUST_MONISHA_001,420,Chennai,Tamil Nadu,Low Risk / 3% Fraud Rate,M015,HomeSphere Appliances,Home Appliances,"Refrigerators, ACs & Kitchen Tech",Coimbatore,Saibaba Colony,Tamil Nadu,641011,11.0315,76.945,9,27500.0,09:30-21:00,"POS,EMI,CARD,UPI",Carding attacks with immediate in-store pickup,0.038,95,951.97,INR,PURCHASE,EMI,MOBILE_APP,1,0,Chennai,2.0,0,0,1,DEV-MONISHA-IPHONE-15,mobile_ios,0,BEN-CUST_MONISHA_001-TRUSTED,Trusted Household Vendor,4,0,2,14,0,0,0,None,Resolved Genuine,Standard Habitual Purchase,0
TXN-CUST_MONISHA_001-10138,2026-07-04 17:46:17,2026-07-04,17:46:17,17,5,1,0,CUST_MONISHA_001,420,Chennai,Tamil Nadu,Low Risk / 3% Fraud Rate,M019,ArenaSport World,Sports Retail,Fitness Equipment & Sports Wear,Chennai,Nungambakkam,Tamil Nadu,600034,13.0604,80.2405,6,5600.0,10:00-21:30,"POS,ONLINE,UPI,CARD",Stolen card chargeback on premium sports gear,0.026,65,2063.15,INR,PURCHASE,CARD,MOBILE_APP,1,0,Chennai,6.0,0,0,1,DEV-MONISHA-IPHONE-15,mobile_ios,0,BEN-CUST_MONISHA_001-TRUSTED,Trusted Household Vendor,10,0,3,15,0,0,0,None,Resolved Genuine,Standard Habitual Purchase,0
TXN-CUST_MONISHA_001-10139,2026-07-04 19:14:26,2026-07-04,19:14:26,19,5,1,0,CUST_MONISHA_001,420,Chennai,Tamil Nadu,Low Risk / 3% Fraud Rate,M004,Aurelia Gold House,Jewellery,Gold & Diamond Jewellery,Coimbatore,RS Puram,Tamil Nadu,641002,11.0089,76.9514,14,78000.0,10:00-20:30,"POS,CARD,TRANSFER",Account takeover / card-not-present luxury surge,0.065,162,2775.54,INR,PURCHASE,CARD,MOBILE_APP,1,0,Chennai,11.0,0,0,1,DEV-MONISHA-IPHONE-15,mobile_ios,0,BEN-CUST_MONISHA_001-TRUSTED,Trusted Household Vendor,9,0,2,13,0,0,0,None,Resolved Genuine,Standard Habitual Purchase,0
TXN-CUST_MONISHA_001-10140,2026-07-04 20:40:19,2026-07-04,20:40:19,20,5,1,0,CUST_MONISHA_001,420,Chennai,Tamil Nadu,Low Risk / 3% Fraud Rate,M027,BrickHarbor Realty,Real Estate / Property Services,Rental Escrow & Facility Management,Chennai,Porur,Tamil Nadu,600116,13.035,80.16,11,65000.0,09:00-19:00,"TRANSFER,NETBANKING,CARD",Security deposit phishing / escrow hijacking,0.039,97,1841.19,INR,PURCHASE,NETBANKING,MOBILE_APP,0,0,Chennai,7.0,0,0,1,DEV-MONISHA-IPHONE-15,mobile_ios,0,BEN-CUST_MONISHA_001-TRUSTED,Trusted Household Vendor,9,0,3,18,0,0,0,None,Resolved Genuine,Standard Habitual Purchase,0
TXN-CUST_MONISHA_001-10141,2026-07-04 22:05:58,2026-07-04,22:05:58,22,5,1,0,CUST_MONISHA_001,420,Chennai,Tamil Nadu,Low Risk / 3% Fraud Rate,M005,UrbanThread Studio,Fashion / Apparel,Designer & Ready-to-wear,Chennai,Anna Nagar,Tamil Nadu,600040,13.085,80.2101,5,4800.0,10:30-22:00,"POS,ONLINE,UPI,CARD",Refund abuse / credential stuffing,0.022,55,2387.16,INR,PURCHASE,CARD,MOBILE_APP,1,0,Chennai,8.0,0,0,1,DEV-MONISHA-IPHONE-15,mobile_ios,0,BEN-CUST_MONISHA_001-TRUSTED,Trusted Household Vendor,4,1,1,7,0,0,0,None,Resolved Genuine,Standard Habitual Purchase,0
TXN-CUST_MONISHA_001-10142,2026-07-04 23:33:50,2026-07-04,23:33:50,23,5,1,1,CUST_MONISHA_001,420,Chennai,Tamil Nadu,Low Risk / 3% Fraud Rate,M012,DashDine Delivery,Food Delivery,Quick Commerce & Meal Delivery,Chennai,Sholinganallur,Tamil Nadu,600119,12.901,80.2279,4,520.0,06:00-02:00,"UPI,CARD,ONLINE,WALLET",Promo code abuse / stolen wallet balances,0.014,35,2679.54,INR,PURCHASE,UPI,MOBILE_APP,0,0,Chennai,9.0,0,0,1,DEV-MONISHA-IPHONE-15,mobile_ios,0,BEN-CUST_MONISHA_001-TRUSTED,Trusted Household Vendor,13,1,3,20,0,0,0,None,Resolved Genuine,Standard Habitual Purchase,0
TXN-CUST_MONISHA_001-10143,2026-07-05 00:59:21,2026-07-05,00:59:21,0,6,1,1,CUST_MONISHA_001,420,Chennai,Tamil Nadu,Low Risk / 3% Fraud Rate,M022,SkillSpring Academy,Education / Training,Professional Certifications & Tech Bootcamps,Chennai,Mylapore,Tamil Nadu,600004,13.0368,80.2676,8,22000.0,08:30-19:30,"ONLINE,NETBANKING,CARD,UPI",Stolen corporate card enrollments,0.028,70,2982.24,INR,PURCHASE,CARD,MOBILE_APP,0,0,Chennai,7.0,0,0,1,DEV-MONISHA-IPHONE-15,mobile_ios,0,BEN-CUST_MONISHA_001-TRUSTED,Trusted Household Vendor,7,0,1,11,0,0,0,None,Resolved Genuine,Standard Habitual Purchase,0
TXN-CUST_MONISHA_001-10144,2026-07-05 02:23:23,2026-07-05,02:23:23,2,6,1,1,CUST_MONISHA_001,420,Chennai,Tamil Nadu,Low Risk / 3% Fraud Rate,M017,AutoForge Parts,Spare Parts,OEM Industrial & Auto Components,Hosur,Mookandapalli,Tamil Nadu,635126,12.7409,77.8253,15,16500.0,09:00-19:30,"TRANSFER,POS,CARD",Business email compromise / fake beneficiary update,0.033,82,1277.81,INR,PURCHASE,CARD,MOBILE_APP,1,0,Chennai,11.0,0,0,1,DEV-MONISHA-IPHONE-15,mobile_ios,0,BEN-CUST_MONISHA_001-TRUSTED,Trusted Household Vendor,8,0,1,11,0,0,0,None,Resolved Genuine,Standard Habitual Purchase,0
TXN-CUST_MONISHA_001-10145,2026-07-05 03:47:28,2026-07-05,03:47:28,3,6,1,1,CUST_MONISHA_001,420,Chennai,Tamil Nadu,Low Risk / 3% Fraud Rate,M009,RapidFuel Station,Fuel Station,"Petrol, Diesel & EV Fast Charge",Salem,Fairlands,Tamil Nadu,636016,11.6643,78.146,9,3100.0,24_HOURS,"POS,FLEET_CARD,UPI",Automated fleet card skimming,0.024,60,2123.39,INR,PURCHASE,UPI,MOBILE_APP,1,0,Chennai,13.0,0,0,1,DEV-MONISHA-IPHONE-15,mobile_ios,0,BEN-CUST_MONISHA_001-TRUSTED,Trusted Household Vendor,12,0,1,10,0,0,0,None,Resolved Genuine,Standard Habitual Purchase,0
TXN-CUST_MONISHA_001-10146,2026-07-05 05:11:02,2026-07-05,05:11:02,5,6,1,1,CUST_MONISHA_001,420,Chennai,Tamil Nadu,Low Risk / 3% Fraud Rate,M009,RapidFuel Station,Fuel Station,"Petrol, Diesel & EV Fast Charge",Salem,Fairlands,Tamil Nadu,636016,11.6643,78.146,9,3100.0,24_HOURS,"POS,FLEET_CARD,UPI",Automated fleet card skimming,0.024,60,2424.32,INR,PURCHASE,POS,MOBILE_APP,1,0,Chennai,5.0,0,0,1,DEV-MONISHA-IPHONE-15,mobile_ios,0,BEN-CUST_MONISHA_001-TRUSTED,Trusted Household Vendor,3,0,3,16,0,0,0,None,Resolved Genuine,Standard Habitual Purchase,0
TXN-CUST_MONISHA_001-10147,2026-07-05 06:37:50,2026-07-05,06:37:50,6,6,1,0,CUST_MONISHA_001,420,Chennai,Tamil Nadu,Low Risk / 3% Fraud Rate,M013,CartNest Online,E-commerce,Multi-category Marketplace,Chennai,Guindy,Tamil Nadu,600032,13.0067,80.2026,5,6200.0,24_HOURS,"ONLINE,UPI,CARD,NETBANKING",Account takeover + triangulation shipping fraud,0.045,112,942.83,INR,PURCHASE,UPI,MOBILE_APP,0,0,Chennai,12.0,0,0,1,DEV-MONISHA-IPHONE-15,mobile_ios,0,BEN-CUST_MONISHA_001-TRUSTED,Trusted Household Vendor,4,0,1,12,0,0,0,None,Resolved Genuine,Standard Habitual Purchase,0
TXN-CUST_MONISHA_001-10148,2026-07-05 08:03:45,2026-07-05,08:03:45,8,6,1,0,CUST_MONISHA_001,420,Chennai,Tamil Nadu,Low Risk / 3% Fraud Rate,M011,SkyTrail Travels,Travel Agency,Flight & International Tour Packages,Coimbatore,Gandhipuram,Tamil Nadu,641012,11.0183,76.9664,11,44000.0,09:00-20:00,"ONLINE,TRANSFER,CARD",Mule-account ticket arbitrage & fast cancellation fraud,0.052,130,1148.34,INR,PURCHASE,ONLINE,MOBILE_APP,0,0,Chennai,5.0,0,0,1,DEV-MONISHA-IPHONE-15,mobile_ios,0,BEN-CUST_MONISHA_001-TRUSTED,Trusted Household Vendor,3,0,1,8,0,0,0,None,Resolved Genuine,Standard Habitual Purchase,0
TXN-CUST_MONISHA_001-10149,2026-07-05 09:31:41,2026-07-05,09:31:41,9,6,1,0,CUST_MONISHA_001,420,Chennai,Tamil Nadu,Low Risk / 3% Fraud Rate,M002,CircuitBay Electronics,Consumer Electronics,Laptops & Gadgets,Chennai,Velachery,Tamil Nadu,600042,12.9759,80.2212,6,32000.0,10:00-21:30,"POS,ONLINE,EMI,UPI",Stolen payment details / high-ticket electronics delivery,0.048,120,2357.09,INR,PURCHASE,UPI,MOBILE_APP,1,0,Chennai,5.0,0,0,1,DEV-MONISHA-IPHONE-15,mobile_ios,0,BEN-CUST_MONISHA_001-TRUSTED,Trusted Household Vendor,10,0,4,24,0,0,0,None,Resolved Genuine,Standard Habitual Purchase,0
TXN-CUST_MONISHA_001-10150,2026-07-05 10:56:43,2026-07-05,10:56:43,10,6,1,0,CUST_MONISHA_001,420,Chennai,Tamil Nadu,Low Risk / 3% Fraud Rate,M025,ShieldSure Services,Insurance Services,General & Health Insurance Premium,Chennai,Egmore,Tamil Nadu,600008,13.0784,80.2607,13,14000.0,09:30-18:00,"ONLINE,NETBANKING,CARD",Premium diversion / fake policy payment slips,0.019,47,1978.89,INR,PURCHASE,CARD,MOBILE_APP,0,0,Chennai,6.0,0,0,1,DEV-MONISHA-IPHONE-15,mobile_ios,0,BEN-CUST_MONISHA_001-TRUSTED,Trusted Household Vendor,13,0,3,21,0,0,0,None,Resolved Genuine,Standard Habitual Purchase,0
TXN-CUST_MONISHA_001-10151,2026-07-05 12:23:17,2026-07-05,12:23:17,12,6,1,0,CUST_MONISHA_001,420,Chennai,Tamil Nadu,Low Risk / 3% Fraud Rate,M010,HarborView Residency,Hotel / Hospitality,Business & Luxury Hotel,Chennai,OMR,Tamil Nadu,600096,12.9165,80.2285,6,9500.0,24_HOURS,"ONLINE,POS,CARD,TRANSFER",Online travel booking fraud with stolen corporate credentials,0.041,102,886.28,INR,PURCHASE,POS,MOBILE_APP,1,0,Chennai,7.0,0,0,1,DEV-MONISHA-IPHONE-15,mobile_ios,0,BEN-CUST_MONISHA_001-TRUSTED,Trusted Household Vendor,3,0,1,10,0,0,0,None,Resolved Genuine,Standard Habitual Purchase,0
TXN-CUST_MONISHA_001-10152,2026-07-05 13:52:21,2026-07-05,13:52:21,13,6,1,0,CUST_MONISHA_001,420,Chennai,Tamil Nadu,Low Risk / 3% Fraud Rate,M025,ShieldSure Services,Insurance Services,General & Health Insurance Premium,Chennai,Egmore,Tamil Nadu,600008,13.0784,80.2607,13,14000.0,09:30-18:00,"ONLINE,NETBANKING,CARD",Premium diversion / fake policy payment slips,0.019,47,1101.13,INR,PURCHASE,NETBANKING,MOBILE_APP,0,0,Chennai,5.0,0,0,1,DEV-MONISHA-IPHONE-15,mobile_ios,0,BEN-CUST_MONISHA_001-TRUSTED,Trusted Household Vendor,3,0,1,12,0,0,0,None,Resolved Genuine,Standard Habitual Purchase,0
TXN-CUST_MONISHA_001-10153,2026-07-05 15:16:49,2026-07-05,15:16:49,15,6,1,0,CUST_MONISHA_001,420,Chennai,Tamil Nadu,Low Risk / 3% Fraud Rate,M013,CartNest Online,E-commerce,Multi-category Marketplace,Chennai,Guindy,Tamil Nadu,600032,13.0067,80.2026,5,6200.0,24_HOURS,"ONLINE,UPI,CARD,NETBANKING",Account takeover + triangulation shipping fraud,0.045,112,2026.24,INR,PURCHASE,NETBANKING,MOBILE_APP,0,0,Chennai,4.0,0,0,1,DEV-MONISHA-IPHONE-15,mobile_ios,0,BEN-CUST_MONISHA_001-TRUSTED,Trusted Household Vendor,4,0,3,14,0,0,0,None,Resolved Genuine,Standard Habitual Purchase,0
TXN-CUST_MONISHA_001-10154,2026-07-05 16:42:50,2026-07-05,16:42:50,16,6,1,0,CUST_MONISHA_001,420,Chennai,Tamil Nadu,Low Risk / 3% Fraud Rate,M015,HomeSphere Appliances,Home Appliances,"Refrigerators, ACs & Kitchen Tech",Coimbatore,Saibaba Colony,Tamil Nadu,641011,11.0315,76.945,9,27500.0,09:30-21:00,"POS,EMI,CARD,UPI",Carding attacks with immediate in-store pickup,0.038,95,2935.52,INR,PURCHASE,UPI,MOBILE_APP,1,0,Chennai,14.0,0,0,1,DEV-MONISHA-IPHONE-15,mobile_ios,0,BEN-CUST_MONISHA_001-TRUSTED,Trusted Household Vendor,12,0,4,24,0,0,0,None,Resolved Genuine,Standard Habitual Purchase,0
TXN-CUST_MONISHA_001-10155,2026-07-05 18:07:58,2026-07-05,18:07:58,18,6,1,0,CUST_MONISHA_001,420,Chennai,Tamil Nadu,Low Risk / 3% Fraud Rate,M013,CartNest Online,E-commerce,Multi-category Marketplace,Chennai,Guindy,Tamil Nadu,600032,13.0067,80.2026,5,6200.0,24_HOURS,"ONLINE,UPI,CARD,NETBANKING",Account takeover + triangulation shipping fraud,0.045,112,828.8,INR,PURCHASE,CARD,MOBILE_APP,0,0,Chennai,6.0,0,0,1,DEV-MONISHA-IPHONE-15,mobile_ios,0,BEN-CUST_MONISHA_001-TRUSTED,Trusted Household Vendor,14,1,4,19,0,0,0,None,Resolved Genuine,Standard Habitual Purchase,0
TXN-CUST_MONISHA_001-10156,2026-07-05 19:33:59,2026-07-05,19:33:59,19,6,1,0,CUST_MONISHA_001,420,Chennai,Tamil Nadu,Low Risk / 3% Fraud Rate,M004,Aurelia Gold House,Jewellery,Gold & Diamond Jewellery,Coimbatore,RS Puram,Tamil Nadu,641002,11.0089,76.9514,14,78000.0,10:00-20:30,"POS,CARD,TRANSFER",Account takeover / card-not-present luxury surge,0.065,162,1349.36,INR,PURCHASE,CARD,MOBILE_APP,1,0,Chennai,10.0,0,0,1,DEV-MONISHA-IPHONE-15,mobile_ios,0,BEN-CUST_MONISHA_001-TRUSTED,Trusted Household Vendor,9,0,1,11,0,0,0,None,Resolved Genuine,Standard Habitual Purchase,0
TXN-CUST_MONISHA_001-10157,2026-07-05 20:58:43,2026-07-05,20:58:43,20,6,1,0,CUST_MONISHA_001,420,Chennai,Tamil Nadu,Low Risk / 3% Fraud Rate,M025,ShieldSure Services,Insurance Services,General & Health Insurance Premium,Chennai,Egmore,Tamil Nadu,600008,13.0784,80.2607,13,14000.0,09:30-18:00,"ONLINE,NETBANKING,CARD",Premium diversion / fake policy payment slips,0.019,47,1173.43,INR,PURCHASE,NETBANKING,MOBILE_APP,0,0,Chennai,9.0,0,0,1,DEV-MONISHA-IPHONE-15,mobile_ios,0,BEN-CUST_MONISHA_001-TRUSTED,Trusted Household Vendor,15,0,2,15,0,0,0,None,Resolved Genuine,Standard Habitual Purchase,0
TXN-CUST_MONISHA_001-10158,2026-07-05 22:26:29,2026-07-05,22:26:29,22,6,1,0,CUST_MONISHA_001,420,Chennai,Tamil Nadu,Low Risk / 3% Fraud Rate,M027,BrickHarbor Realty,Real Estate / Property Services,Rental Escrow & Facility Management,Chennai,Porur,Tamil Nadu,600116,13.035,80.16,11,65000.0,09:00-19:00,"TRANSFER,NETBANKING,CARD",Security deposit phishing / escrow hijacking,0.039,97,2290.34,INR,PURCHASE,TRANSFER,MOBILE_APP,0,0,Chennai,3.0,0,0,1,DEV-MONISHA-IPHONE-15,mobile_ios,0,BEN-CUST_MONISHA_001-TRUSTED,Trusted Household Vendor,7,0,2,12,0,0,0,None,Resolved Genuine,Standard Habitual Purchase,0
TXN-CUST_MONISHA_001-10159,2026-07-05 23:53:30,2026-07-05,23:53:30,23,6,1,1,CUST_MONISHA_001,420,Chennai,Tamil Nadu,Low Risk / 3% Fraud Rate,M025,ShieldSure Services,Insurance Services,General & Health Insurance Premium,Chennai,Egmore,Tamil Nadu,600008,13.0784,80.2607,13,14000.0,09:30-18:00,"ONLINE,NETBANKING,CARD",Premium diversion / fake policy payment slips,0.019,47,2556.42,INR,PURCHASE,CARD,MOBILE_APP,0,0,Chennai,2.0,0,0,1,DEV-MONISHA-IPHONE-15,mobile_ios,0,BEN-CUST_MONISHA_001-TRUSTED,Trusted Household Vendor,10,1,4,25,0,0,0,None,Resolved Genuine,Standard Habitual Purchase,0
TXN-CUST_MONISHA_001-10160,2026-07-06 01:20:59,2026-07-06,01:20:59,1,0,0,1,CUST_MONISHA_001,420,Chennai,Tamil Nadu,Low Risk / 3% Fraud Rate,M029,CloudDesk Digital,Software / Digital Services,Cloud Infrastructure & SaaS Tools,Bengaluru,Whitefield,Karnataka,560066,12.9698,77.7499,7,19800.0,24_HOURS,"ONLINE,CARD,TRANSFER",Cryptomining VM rental with stolen credit cards,0.058,145,2100.91,INR,PURCHASE,CARD,MOBILE_APP,0,0,Chennai,11.0,0,0,1,DEV-MONISHA-IPHONE-15,mobile_ios,0,BEN-CUST_MONISHA_001-TRUSTED,Trusted Household Vendor,13,0,3,16,0,0,0,None,Resolved Genuine,Standard Habitual Purchase,0
TXN-CUST_MONISHA_001-10161,2026-07-06 02:47:01,2026-07-06,02:47:01,2,0,0,1,CUST_MONISHA_001,420,Chennai,Tamil Nadu,Low Risk / 3% Fraud Rate,M016,MotoCare Garage,Auto Service,Car Service & Detailing Hub,Chennai,Pallikaranai,Tamil Nadu,600100,12.9372,80.2014,7,8900.0,08:30-20:30,"POS,UPI,CARD",Over-invoicing / synthetic card payments,0.021,52,1814.77,INR,PURCHASE,CARD,MOBILE_APP,1,0,Chennai,5.0,0,0,1,DEV-MONISHA-IPHONE-15,mobile_ios,0,BEN-CUST_MONISHA_001-TRUSTED,Trusted Household Vendor,8,0,1,7,0,0,0,None,Resolved Genuine,Standard Habitual Purchase,0
TXN-CUST_MONISHA_001-10162,2026-07-06 04:12:17,2026-07-06,04:12:17,4,0,0,1,CUST_MONISHA_001,420,Chennai,Tamil Nadu,Low Risk / 3% Fraud Rate,M015,HomeSphere Appliances,Home Appliances,"Refrigerators, ACs & Kitchen Tech",Coimbatore,Saibaba Colony,Tamil Nadu,641011,11.0315,76.945,9,27500.0,09:30-21:00,"POS,EMI,CARD,UPI",Carding attacks with immediate in-store pickup,0.038,95,868.0,INR,PURCHASE,POS,MOBILE_APP,1,0,Chennai,6.0,0,0,1,DEV-MONISHA-IPHONE-15,mobile_ios,0,BEN-CUST_MONISHA_001-TRUSTED,Trusted Household Vendor,13,0,1,14,0,0,0,None,Resolved Genuine,Standard Habitual Purchase,0
TXN-CUST_MONISHA_001-10163,2026-07-06 05:37:59,2026-07-06,05:37:59,5,0,0,1,CUST_MONISHA_001,420,Chennai,Tamil Nadu,Low Risk / 3% Fraud Rate,M019,ArenaSport World,Sports Retail,Fitness Equipment & Sports Wear,Chennai,Nungambakkam,Tamil Nadu,600034,13.0604,80.2405,6,5600.0,10:00-21:30,"POS,ONLINE,UPI,CARD",Stolen card chargeback on premium sports gear,0.026,65,2077.1,INR,PURCHASE,ONLINE,MOBILE_APP,1,0,Chennai,13.0,0,0,1,DEV-MONISHA-IPHONE-15,mobile_ios,0,BEN-CUST_MONISHA_001-TRUSTED,Trusted Household Vendor,10,0,1,11,0,0,0,None,Resolved Genuine,Standard Habitual Purchase,0
TXN-CUST_MONISHA_001-10164,2026-07-06 07:05:01,2026-07-06,07:05:01,7,0,0,0,CUST_MONISHA_001,420,Chennai,Tamil Nadu,Low Risk / 3% Fraud Rate,M017,AutoForge Parts,Spare Parts,OEM Industrial & Auto Components,Hosur,Mookandapalli,Tamil Nadu,635126,12.7409,77.8253,15,16500.0,09:00-19:30,"TRANSFER,POS,CARD",Business email compromise / fake beneficiary update,0.033,82,1133.01,INR,PURCHASE,TRANSFER,MOBILE_APP,1,0,Chennai,1.0,0,0,1,DEV-MONISHA-IPHONE-15,mobile_ios,0,BEN-CUST_MONISHA_001-TRUSTED,Trusted Household Vendor,14,0,3,22,0,0,0,None,Resolved Genuine,Standard Habitual Purchase,0
TXN-CUST_MONISHA_001-10165,2026-07-06 08:32:18,2026-07-06,08:32:18,8,0,0,0,CUST_MONISHA_001,420,Chennai,Tamil Nadu,Low Risk / 3% Fraud Rate,M002,CircuitBay Electronics,Consumer Electronics,Laptops & Gadgets,Chennai,Velachery,Tamil Nadu,600042,12.9759,80.2212,6,32000.0,10:00-21:30,"POS,ONLINE,EMI,UPI",Stolen payment details / high-ticket electronics delivery,0.048,120,1359.72,INR,PURCHASE,EMI,MOBILE_APP,1,0,Chennai,8.0,0,0,1,DEV-MONISHA-IPHONE-15,mobile_ios,0,BEN-CUST_MONISHA_001-TRUSTED,Trusted Household Vendor,8,0,2,14,0,0,0,None,Resolved Genuine,Standard Habitual Purchase,0
TXN-CUST_MONISHA_001-10166,2026-07-06 09:58:01,2026-07-06,09:58:01,9,0,0,0,CUST_MONISHA_001,420,Chennai,Tamil Nadu,Low Risk / 3% Fraud Rate,M025,ShieldSure Services,Insurance Services,General & Health Insurance Premium,Chennai,Egmore,Tamil Nadu,600008,13.0784,80.2607,13,14000.0,09:30-18:00,"ONLINE,NETBANKING,CARD",Premium diversion / fake policy payment slips,0.019,47,1571.78,INR,PURCHASE,NETBANKING,MOBILE_APP,0,0,Chennai,10.0,0,0,1,DEV-MONISHA-IPHONE-15,mobile_ios,0,BEN-CUST_MONISHA_001-TRUSTED,Trusted Household Vendor,4,1,3,15,0,0,0,None,Resolved Genuine,Standard Habitual Purchase,0
TXN-CUST_MONISHA_001-10167,2026-07-06 11:24:46,2026-07-06,11:24:46,11,0,0,0,CUST_MONISHA_001,420,Chennai,Tamil Nadu,Low Risk / 3% Fraud Rate,M013,CartNest Online,E-commerce,Multi-category Marketplace,Chennai,Guindy,Tamil Nadu,600032,13.0067,80.2026,5,6200.0,24_HOURS,"ONLINE,UPI,CARD,NETBANKING",Account takeover + triangulation shipping fraud,0.045,112,1444.9,INR,PURCHASE,ONLINE,MOBILE_APP,0,0,Chennai,12.0,0,0,1,DEV-MONISHA-IPHONE-15,mobile_ios,0,BEN-CUST_MONISHA_001-TRUSTED,Trusted Household Vendor,8,0,2,12,0,0,0,None,Resolved Genuine,Standard Habitual Purchase,0
TXN-CUST_MONISHA_001-10168,2026-07-06 12:53:40,2026-07-06,12:53:40,12,0,0,0,CUST_MONISHA_001,420,Chennai,Tamil Nadu,Low Risk / 3% Fraud Rate,M010,HarborView Residency,Hotel / Hospitality,Business & Luxury Hotel,Chennai,OMR,Tamil Nadu,600096,12.9165,80.2285,6,9500.0,24_HOURS,"ONLINE,POS,CARD,TRANSFER",Online travel booking fraud with stolen corporate credentials,0.041,102,3044.41,INR,PURCHASE,ONLINE,MOBILE_APP,1,0,Chennai,12.0,0,0,1,DEV-MONISHA-IPHONE-15,mobile_ios,0,BEN-CUST_MONISHA_001-TRUSTED,Trusted Household Vendor,12,0,2,14,0,0,0,None,Resolved Genuine,Standard Habitual Purchase,0
TXN-CUST_MONISHA_001-10169,2026-07-06 14:20:25,2026-07-06,14:20:25,14,0,0,0,CUST_MONISHA_001,420,Chennai,Tamil Nadu,Low Risk / 3% Fraud Rate,M021,GlowCraft Salon,Salon / Beauty,Spa & Grooming Studio,Chennai,Porur,Tamil Nadu,600116,13.0382,80.1565,5,2800.0,09:00-21:00,"POS,UPI,CARD",Unusual late-night transaction spikes,0.011,27,2632.49,INR,PURCHASE,CARD,MOBILE_APP,1,0,Chennai,14.0,0,0,1,DEV-MONISHA-IPHONE-15,mobile_ios,0,BEN-CUST_MONISHA_001-TRUSTED,Trusted Household Vendor,13,1,1,12,0,0,0,None,Resolved Genuine,Standard Habitual Purchase,0
TXN-CUST_MONISHA_001-10170,2026-07-06 15:46:52,2026-07-06,15:46:52,15,0,0,0,CUST_MONISHA_001,420,Chennai,Tamil Nadu,Low Risk / 3% Fraud Rate,M001,NovaMart Fresh,Grocery & Supermarket,Supermarket / Hypermarket,Chennai,T Nagar,Tamil Nadu,600017,13.0418,80.2341,8,1250.0,07:00-22:30,"POS,UPI,CARD,ONLINE",Card testing / micro-burst velocity,0.012,30,1628.48,INR,PURCHASE,ONLINE,MOBILE_APP,1,0,Chennai,3.0,0,0,1,DEV-MONISHA-IPHONE-15,mobile_ios,0,BEN-CUST_MONISHA_001-TRUSTED,Trusted Household Vendor,15,0,3,17,0,0,0,None,Resolved Genuine,Standard Habitual Purchase,0
TXN-CUST_MONISHA_001-10171,2026-07-06 17:11:38,2026-07-06,17:11:38,17,0,0,0,CUST_MONISHA_001,420,Chennai,Tamil Nadu,Low Risk / 3% Fraud Rate,M005,UrbanThread Studio,Fashion / Apparel,Designer & Ready-to-wear,Chennai,Anna Nagar,Tamil Nadu,600040,13.085,80.2101,5,4800.0,10:30-22:00,"POS,ONLINE,UPI,CARD",Refund abuse / credential stuffing,0.022,55,1142.57,INR,PURCHASE,POS,MOBILE_APP,1,0,Chennai,5.0,0,0,1,DEV-MONISHA-IPHONE-15,mobile_ios,0,BEN-CUST_MONISHA_001-TRUSTED,Trusted Household Vendor,11,0,1,11,0,0,0,None,Resolved Genuine,Standard Habitual Purchase,0
TXN-CUST_MONISHA_001-10172,2026-07-06 18:40:17,2026-07-06,18:40:17,18,0,0,0,CUST_MONISHA_001,420,Chennai,Tamil Nadu,Low Risk / 3% Fraud Rate,M020,GameGrid Arena,Gaming,"Esports, Consoles & Virtual Credits",Bengaluru,Koramangala,Karnataka,560095,12.9352,77.6245,4,3400.0,10:00-01:00,"ONLINE,UPI,CARD,WALLET",Virtual item laundering & bot-driven micro transactions,0.055,137,1086.65,INR,PURCHASE,UPI,MOBILE_APP,0,0,Chennai,7.0,0,0,1,DEV-MONISHA-IPHONE-15,mobile_ios,0,BEN-CUST_MONISHA_001-TRUSTED,Trusted Household Vendor,14,1,2,17,0,0,0,None,Resolved Genuine,Standard Habitual Purchase,0
TXN-CUST_MONISHA_001-10173,2026-07-06 20:03:57,2026-07-06,20:03:57,20,0,0,0,CUST_MONISHA_001,420,Chennai,Tamil Nadu,Low Risk / 3% Fraud Rate,M012,DashDine Delivery,Food Delivery,Quick Commerce & Meal Delivery,Chennai,Sholinganallur,Tamil Nadu,600119,12.901,80.2279,4,520.0,06:00-02:00,"UPI,CARD,ONLINE,WALLET",Promo code abuse / stolen wallet balances,0.014,35,2362.69,INR,PURCHASE,WALLET,MOBILE_APP,0,0,Chennai,4.0,0,0,1,DEV-MONISHA-IPHONE-15,mobile_ios,0,BEN-CUST_MONISHA_001-TRUSTED,Trusted Household Vendor,15,0,3,17,0,0,0,None,Resolved Genuine,Standard Habitual Purchase,0
TXN-CUST_MONISHA_001-10174,2026-07-06 21:30:33,2026-07-06,21:30:33,21,0,0,0,CUST_MONISHA_001,420,Chennai,Tamil Nadu,Low Risk / 3% Fraud Rate,M010,HarborView Residency,Hotel / Hospitality,Business & Luxury Hotel,Chennai,OMR,Tamil Nadu,600096,12.9165,80.2285,6,9500.0,24_HOURS,"ONLINE,POS,CARD,TRANSFER",Online travel booking fraud with stolen corporate credentials,0.041,102,3039.5,INR,PURCHASE,TRANSFER,MOBILE_APP,1,0,Chennai,13.0,0,0,1,DEV-MONISHA-IPHONE-15,mobile_ios,0,BEN-CUST_MONISHA_001-TRUSTED,Trusted Household Vendor,8,0,2,17,0,0,0,None,Resolved Genuine,Standard Habitual Purchase,0
TXN-CUST_MONISHA_001-10175,2026-07-06 22:58:34,2026-07-06,22:58:34,22,0,0,0,CUST_MONISHA_001,420,Chennai,Tamil Nadu,Low Risk / 3% Fraud Rate,M025,ShieldSure Services,Insurance Services,General & Health Insurance Premium,Chennai,Egmore,Tamil Nadu,600008,13.0784,80.2607,13,14000.0,09:30-18:00,"ONLINE,NETBANKING,CARD",Premium diversion / fake policy payment slips,0.019,47,1673.58,INR,PURCHASE,CARD,MOBILE_APP,0,0,Chennai,9.0,0,0,1,DEV-MONISHA-IPHONE-15,mobile_ios,0,BEN-CUST_MONISHA_001-TRUSTED,Trusted Household Vendor,6,0,2,12,0,0,0,None,Resolved Genuine,Standard Habitual Purchase,0
TXN-CUST_MONISHA_001-10176,2026-07-07 00:27:13,2026-07-07,00:27:13,0,1,0,1,CUST_MONISHA_001,420,Chennai,Tamil Nadu,Low Risk / 3% Fraud Rate,M002,CircuitBay Electronics,Consumer Electronics,Laptops & Gadgets,Chennai,Velachery,Tamil Nadu,600042,12.9759,80.2212,6,32000.0,10:00-21:30,"POS,ONLINE,EMI,UPI",Stolen payment details / high-ticket electronics delivery,0.048,120,2280.36,INR,PURCHASE,POS,MOBILE_APP,1,0,Chennai,14.0,0,0,1,DEV-MONISHA-IPHONE-15,mobile_ios,0,BEN-CUST_MONISHA_001-TRUSTED,Trusted Household Vendor,14,0,1,10,0,0,0,None,Resolved Genuine,Standard Habitual Purchase,0
TXN-CUST_MONISHA_001-10177,2026-07-07 01:51:07,2026-07-07,01:51:07,1,1,0,1,CUST_MONISHA_001,420,Chennai,Tamil Nadu,Low Risk / 3% Fraud Rate,M006,MedicoCare Pharmacy,Pharmacy,Medicines & Surgical Supplies,Madurai,KK Nagar,Tamil Nadu,625020,9.9252,78.1498,10,1450.0,24_HOURS,"POS,UPI,CARD,ONLINE",Nighttime micro card testing,0.015,37,1418.33,INR,PURCHASE,UPI,MOBILE_APP,1,0,Chennai,15.0,0,0,1,DEV-MONISHA-IPHONE-15,mobile_ios,0,BEN-CUST_MONISHA_001-TRUSTED,Trusted Household Vendor,4,0,4,25,0,0,0,None,Resolved Genuine,Standard Habitual Purchase,0
TXN-CUST_MONISHA_001-10178,2026-07-07 03:19:49,2026-07-07,03:19:49,3,1,0,1,CUST_MONISHA_001,420,Chennai,Tamil Nadu,Low Risk / 3% Fraud Rate,M001,NovaMart Fresh,Grocery & Supermarket,Supermarket / Hypermarket,Chennai,T Nagar,Tamil Nadu,600017,13.0418,80.2341,8,1250.0,07:00-22:30,"POS,UPI,CARD,ONLINE",Card testing / micro-burst velocity,0.012,30,1750.86,INR,PURCHASE,POS,MOBILE_APP,1,0,Chennai,7.0,0,0,1,DEV-MONISHA-IPHONE-15,mobile_ios,0,BEN-CUST_MONISHA_001-TRUSTED,Trusted Household Vendor,9,0,2,15,0,0,0,None,Resolved Genuine,Standard Habitual Purchase,0
TXN-CUST_MONISHA_001-10179,2026-07-07 04:44:34,2026-07-07,04:44:34,4,1,0,1,CUST_MONISHA_001,420,Chennai,Tamil Nadu,Low Risk / 3% Fraud Rate,M011,SkyTrail Travels,Travel Agency,Flight & International Tour Packages,Coimbatore,Gandhipuram,Tamil Nadu,641012,11.0183,76.9664,11,44000.0,09:00-20:00,"ONLINE,TRANSFER,CARD",Mule-account ticket arbitrage & fast cancellation fraud,0.052,130,136538.88,INR,P2P_TRANSFER,TRANSFER,MOBILE_APP,0,0,Hyderabad,643.0,1,0,1,DEV-MONISHA-IPHONE-15,mobile_ios,1,BEN-NEW-949,Global Flight Booking,0,2,5,24,1,0,0,Geographic Anomaly / High Ticket Spike,Review Required,Sudden location velocity jump with new merchant,1
TXN-CUST_MONISHA_001-10180,2026-07-07 06:12:31,2026-07-07,06:12:31,6,1,0,0,CUST_MONISHA_001,420,Chennai,Tamil Nadu,Low Risk / 3% Fraud Rate,M016,MotoCare Garage,Auto Service,Car Service & Detailing Hub,Chennai,Pallikaranai,Tamil Nadu,600100,12.9372,80.2014,7,8900.0,08:30-20:30,"POS,UPI,CARD",Over-invoicing / synthetic card payments,0.021,52,1829.73,INR,PURCHASE,POS,MOBILE_APP,1,0,Chennai,1.0,0,0,1,DEV-MONISHA-IPHONE-15,mobile_ios,0,BEN-CUST_MONISHA_001-TRUSTED,Trusted Household Vendor,7,0,1,8,0,0,0,None,Resolved Genuine,Standard Habitual Purchase,0
TXN-CUST_MONISHA_001-10181,2026-07-07 07:39:13,2026-07-07,07:39:13,7,1,0,0,CUST_MONISHA_001,420,Chennai,Tamil Nadu,Low Risk / 3% Fraud Rate,M024,LinkWave Telecom,Telecom Retail,Fiber Broadband & Postpaid Plans,Erode,Perundurai Road,Tamil Nadu,638011,11.341,77.7172,10,1950.0,09:30-20:30,"UPI,CARD,ONLINE,POS",SIM swap bill recharge surges,0.017,42,2204.78,INR,PURCHASE,ONLINE,MOBILE_APP,1,0,Chennai,7.0,0,0,1,DEV-MONISHA-IPHONE-15,mobile_ios,0,BEN-CUST_MONISHA_001-TRUSTED,Trusted Household Vendor,6,1,3,15,0,0,0,None,Resolved Genuine,Standard Habitual Purchase,0
TXN-CUST_MONISHA_001-10182,2026-07-07 09:02:54,2026-07-07,09:02:54,9,1,0,0,CUST_MONISHA_001,420,Chennai,Tamil Nadu,Low Risk / 3% Fraud Rate,M014,OakLine Furnishings,Furniture,Teak Wood & Modern Home Decor,Madurai,Bypass Road,Tamil Nadu,625016,9.932,78.109,12,38000.0,10:00-21:00,"POS,CARD,TRANSFER,EMI",Invoice redirection fraud / fake payment slips,0.029,72,2275.15,INR,PURCHASE,POS,MOBILE_APP,1,0,Chennai,10.0,0,0,1,DEV-MONISHA-IPHONE-15,mobile_ios,0,BEN-CUST_MONISHA_001-TRUSTED,Trusted Household Vendor,10,0,1,14,0,0,0,None,Resolved Genuine,Standard Habitual Purchase,0
TXN-CUST_MONISHA_001-10183,2026-07-07 10:29:45,2026-07-07,10:29:45,10,1,0,0,CUST_MONISHA_001,420,Chennai,Tamil Nadu,Low Risk / 3% Fraud Rate,M023,SwiftBox Logistics,Courier / Logistics,Express Parcel & Freight Delivery,Tiruppur,Avinashi Road,Tamil Nadu,641603,11.1085,77.3411,9,4200.0,08:00-21:00,"POS,UPI,CARD,ONLINE",Interception fraud / address redirection,0.02,50,1115.97,INR,PURCHASE,ONLINE,MOBILE_APP,1,0,Chennai,7.0,0,0,1,DEV-MONISHA-IPHONE-15,mobile_ios,0,BEN-CUST_MONISHA_001-TRUSTED,Trusted Household Vendor,6,1,3,16,0,0,0,None,Resolved Genuine,Standard Habitual Purchase,0
TXN-CUST_MONISHA_001-10184,2026-07-07 11:57:08,2026-07-07,11:57:08,11,1,0,0,CUST_MONISHA_001,420,Chennai,Tamil Nadu,Low Risk / 3% Fraud Rate,M003,Pulse Mobile Hub,Mobile Store,Smartphones & Accessories,Chennai,Tambaram,Tamil Nadu,600045,12.9249,80.1278,4,18500.0,09:30-21:30,"POS,UPI,CARD",New device abuse / rapid checkout surge,0.035,87,2004.95,INR,PURCHASE,UPI,MOBILE_APP,1,0,Chennai,6.0,0,0,1,DEV-MONISHA-IPHONE-15,mobile_ios,0,BEN-CUST_MONISHA_001-TRUSTED,Trusted Household Vendor,9,1,1,6,0,0,0,None,Resolved Genuine,Standard Habitual Purchase,0
TXN-CUST_MONISHA_001-10185,2026-07-07 13:24:21,2026-07-07,13:24:21,13,1,0,0,CUST_MONISHA_001,420,Chennai,Tamil Nadu,Low Risk / 3% Fraud Rate,M012,DashDine Delivery,Food Delivery,Quick Commerce & Meal Delivery,Chennai,Sholinganallur,Tamil Nadu,600119,12.901,80.2279,4,520.0,06:00-02:00,"UPI,CARD,ONLINE,WALLET",Promo code abuse / stolen wallet balances,0.014,35,1373.54,INR,PURCHASE,CARD,MOBILE_APP,0,0,Chennai,1.0,0,0,1,DEV-MONISHA-IPHONE-15,mobile_ios,0,BEN-CUST_MONISHA_001-TRUSTED,Trusted Household Vendor,8,0,1,7,0,0,0,None,Resolved Genuine,Standard Habitual Purchase,0
TXN-CUST_MONISHA_001-10186,2026-07-07 14:52:23,2026-07-07,14:52:23,14,1,0,0,CUST_MONISHA_001,420,Chennai,Tamil Nadu,Low Risk / 3% Fraud Rate,M024,LinkWave Telecom,Telecom Retail,Fiber Broadband & Postpaid Plans,Erode,Perundurai Road,Tamil Nadu,638011,11.341,77.7172,10,1950.0,09:30-20:30,"UPI,CARD,ONLINE,POS",SIM swap bill recharge surges,0.017,42,2550.63,INR,PURCHASE,CARD,MOBILE_APP,1,0,Chennai,3.0,0,0,1,DEV-MONISHA-IPHONE-15,mobile_ios,0,BEN-CUST_MONISHA_001-TRUSTED,Trusted Household Vendor,13,1,3,21,0,0,0,None,Resolved Genuine,Standard Habitual Purchase,0
TXN-CUST_MONISHA_001-10187,2026-07-07 16:21:40,2026-07-07,16:21:40,16,1,0,0,CUST_MONISHA_001,420,Chennai,Tamil Nadu,Low Risk / 3% Fraud Rate,M016,MotoCare Garage,Auto Service,Car Service & Detailing Hub,Chennai,Pallikaranai,Tamil Nadu,600100,12.9372,80.2014,7,8900.0,08:30-20:30,"POS,UPI,CARD",Over-invoicing / synthetic card payments,0.021,52,2258.26,INR,PURCHASE,UPI,MOBILE_APP,1,0,Chennai,13.0,0,0,1,DEV-MONISHA-IPHONE-15,mobile_ios,0,BEN-CUST_MONISHA_001-TRUSTED,Trusted Household Vendor,3,1,4,21,0,0,0,None,Resolved Genuine,Standard Habitual Purchase,0
TXN-CUST_MONISHA_001-10188,2026-07-07 17:45:20,2026-07-07,17:45:20,17,1,0,0,CUST_MONISHA_001,420,Chennai,Tamil Nadu,Low Risk / 3% Fraud Rate,M007,SpiceRoute Kitchen,Restaurant,Fine Dining & Chettinad,Chennai,Adyar,Tamil Nadu,600020,13.0012,80.2565,7,2200.0,11:30-23:30,"POS,UPI,CARD",Cloned card POS terminal replay,0.018,45,2852.75,INR,PURCHASE,UPI,MOBILE_APP,1,0,Chennai,6.0,0,0,1,DEV-MONISHA-IPHONE-15,mobile_ios,0,BEN-CUST_MONISHA_001-TRUSTED,Trusted Household Vendor,11,0,4,22,0,0,0,None,Resolved Genuine,Standard Habitual Purchase,0
TXN-CUST_MONISHA_001-10189,2026-07-07 19:08:57,2026-07-07,19:08:57,19,1,0,0,CUST_MONISHA_001,420,Chennai,Tamil Nadu,Low Risk / 3% Fraud Rate,M021,GlowCraft Salon,Salon / Beauty,Spa & Grooming Studio,Chennai,Porur,Tamil Nadu,600116,13.0382,80.1565,5,2800.0,09:00-21:00,"POS,UPI,CARD",Unusual late-night transaction spikes,0.011,27,1227.18,INR,PURCHASE,UPI,MOBILE_APP,1,0,Chennai,6.0,0,0,1,DEV-MONISHA-IPHONE-15,mobile_ios,0,BEN-CUST_MONISHA_001-TRUSTED,Trusted Household Vendor,13,0,1,10,0,0,0,None,Resolved Genuine,Standard Habitual Purchase,0
TXN-CUST_MONISHA_001-10190,2026-07-07 20:33:06,2026-07-07,20:33:06,20,1,0,0,CUST_MONISHA_001,420,Chennai,Tamil Nadu,Low Risk / 3% Fraud Rate,M012,DashDine Delivery,Food Delivery,Quick Commerce & Meal Delivery,Chennai,Sholinganallur,Tamil Nadu,600119,12.901,80.2279,4,520.0,06:00-02:00,"UPI,CARD,ONLINE,WALLET",Promo code abuse / stolen wallet balances,0.014,35,1254.1,INR,PURCHASE,ONLINE,WEB_PORTAL,0,0,Delhi,647.0,1,1,0,DEV-LAPTOP-CHROME-550,web_browser,0,BEN-CUST_MONISHA_001-01,Self Family Transfer,3,2,7,38,1,0,0,Geographic Anomaly / High Ticket Spike,Review Required,Sudden location velocity jump with new merchant,1
TXN-CUST_MONISHA_001-10191,2026-07-07 21:58:06,2026-07-07,21:58:06,21,1,0,0,CUST_MONISHA_001,420,Chennai,Tamil Nadu,Low Risk / 3% Fraud Rate,M003,Pulse Mobile Hub,Mobile Store,Smartphones & Accessories,Chennai,Tambaram,Tamil Nadu,600045,12.9249,80.1278,4,18500.0,09:30-21:30,"POS,UPI,CARD",New device abuse / rapid checkout surge,0.035,87,2481.37,INR,PURCHASE,UPI,MOBILE_APP,1,0,Chennai,2.0,0,0,1,DEV-MONISHA-IPHONE-15,mobile_ios,0,BEN-CUST_MONISHA_001-TRUSTED,Trusted Household Vendor,11,0,2,15,0,0,0,None,Resolved Genuine,Standard Habitual Purchase,0
TXN-CUST_MONISHA_001-10192,2026-07-07 23:22:07,2026-07-07,23:22:07,23,1,0,1,CUST_MONISHA_001,420,Chennai,Tamil Nadu,Low Risk / 3% Fraud Rate,M011,SkyTrail Travels,Travel Agency,Flight & International Tour Packages,Coimbatore,Gandhipuram,Tamil Nadu,641012,11.0183,76.9664,11,44000.0,09:00-20:00,"ONLINE,TRANSFER,CARD",Mule-account ticket arbitrage & fast cancellation fraud,0.052,130,119912.62,INR,P2P_TRANSFER,ONLINE,WEB_PORTAL,0,0,Hyderabad,736.0,1,1,0,DEV-LAPTOP-CHROME-717,web_browser,1,BEN-NEW-557,Global Flight Booking,0,2,9,43,1,0,0,Geographic Anomaly / High Ticket Spike,Review Required,Sudden location velocity jump with new merchant,1
TXN-CUST_MONISHA_001-10193,2026-07-08 00:49:12,2026-07-08,00:49:12,0,2,0,1,CUST_MONISHA_001,420,Chennai,Tamil Nadu,Low Risk / 3% Fraud Rate,M014,OakLine Furnishings,Furniture,Teak Wood & Modern Home Decor,Madurai,Bypass Road,Tamil Nadu,625016,9.932,78.109,12,38000.0,10:00-21:00,"POS,CARD,TRANSFER,EMI",Invoice redirection fraud / fake payment slips,0.029,72,1422.46,INR,PURCHASE,EMI,MOBILE_APP,1,0,Chennai,13.0,0,0,1,DEV-MONISHA-IPHONE-15,mobile_ios,0,BEN-CUST_MONISHA_001-TRUSTED,Trusted Household Vendor,13,0,1,11,0,0,0,None,Resolved Genuine,Standard Habitual Purchase,0
TXN-CUST_MONISHA_001-10194,2026-07-08 02:15:41,2026-07-08,02:15:41,2,2,0,1,CUST_MONISHA_001,420,Chennai,Tamil Nadu,Low Risk / 3% Fraud Rate,M024,LinkWave Telecom,Telecom Retail,Fiber Broadband & Postpaid Plans,Erode,Perundurai Road,Tamil Nadu,638011,11.341,77.7172,10,1950.0,09:30-20:30,"UPI,CARD,ONLINE,POS",SIM swap bill recharge surges,0.017,42,2369.82,INR,PURCHASE,CARD,MOBILE_APP,1,0,Chennai,1.0,0,0,1,DEV-MONISHA-IPHONE-15,mobile_ios,0,BEN-CUST_MONISHA_001-TRUSTED,Trusted Household Vendor,3,1,4,19,0,0,0,None,Resolved Genuine,Standard Habitual Purchase,0
TXN-CUST_MONISHA_001-10195,2026-07-08 03:40:30,2026-07-08,03:40:30,3,2,0,1,CUST_MONISHA_001,420,Chennai,Tamil Nadu,Low Risk / 3% Fraud Rate,M021,GlowCraft Salon,Salon / Beauty,Spa & Grooming Studio,Chennai,Porur,Tamil Nadu,600116,13.0382,80.1565,5,2800.0,09:00-21:00,"POS,UPI,CARD",Unusual late-night transaction spikes,0.011,27,1637.21,INR,PURCHASE,POS,MOBILE_APP,1,0,Chennai,7.0,0,0,1,DEV-MONISHA-IPHONE-15,mobile_ios,0,BEN-CUST_MONISHA_001-TRUSTED,Trusted Household Vendor,12,0,1,13,0,0,0,None,Resolved Genuine,Standard Habitual Purchase,0
TXN-CUST_MONISHA_001-10196,2026-07-08 05:09:35,2026-07-08,05:09:35,5,2,0,1,CUST_MONISHA_001,420,Chennai,Tamil Nadu,Low Risk / 3% Fraud Rate,M012,DashDine Delivery,Food Delivery,Quick Commerce & Meal Delivery,Chennai,Sholinganallur,Tamil Nadu,600119,12.901,80.2279,4,520.0,06:00-02:00,"UPI,CARD,ONLINE,WALLET",Promo code abuse / stolen wallet balances,0.014,35,1818.82,INR,PURCHASE,ONLINE,MOBILE_APP,0,0,Chennai,2.0,0,0,1,DEV-MONISHA-IPHONE-15,mobile_ios,0,BEN-CUST_MONISHA_001-TRUSTED,Trusted Household Vendor,9,0,3,18,0,0,0,None,Resolved Genuine,Standard Habitual Purchase,0
TXN-CUST_MONISHA_001-10197,2026-07-08 06:34:29,2026-07-08,06:34:29,6,2,0,0,CUST_MONISHA_001,420,Chennai,Tamil Nadu,Low Risk / 3% Fraud Rate,M004,Aurelia Gold House,Jewellery,Gold & Diamond Jewellery,Coimbatore,RS Puram,Tamil Nadu,641002,11.0089,76.9514,14,78000.0,10:00-20:30,"POS,CARD,TRANSFER",Account takeover / card-not-present luxury surge,0.065,162,840.64,INR,PURCHASE,POS,MOBILE_APP,1,0,Chennai,3.0,0,0,1,DEV-MONISHA-IPHONE-15,mobile_ios,0,BEN-CUST_MONISHA_001-TRUSTED,Trusted Household Vendor,11,0,4,22,0,0,0,None,Resolved Genuine,Standard Habitual Purchase,0
TXN-CUST_MONISHA_001-10198,2026-07-08 08:02:32,2026-07-08,08:02:32,8,2,0,0,CUST_MONISHA_001,420,Chennai,Tamil Nadu,Low Risk / 3% Fraud Rate,M023,SwiftBox Logistics,Courier / Logistics,Express Parcel & Freight Delivery,Tiruppur,Avinashi Road,Tamil Nadu,641603,11.1085,77.3411,9,4200.0,08:00-21:00,"POS,UPI,CARD,ONLINE",Interception fraud / address redirection,0.02,50,1824.28,INR,PURCHASE,POS,MOBILE_APP,1,0,Chennai,10.0,0,0,1,DEV-MONISHA-IPHONE-15,mobile_ios,0,BEN-CUST_MONISHA_001-TRUSTED,Trusted Household Vendor,6,0,4,20,0,0,0,None,Resolved Genuine,Standard Habitual Purchase,0
TXN-CUST_MONISHA_001-10199,2026-07-08 09:31:03,2026-07-08,09:31:03,9,2,0,0,CUST_MONISHA_001,420,Chennai,Tamil Nadu,Low Risk / 3% Fraud Rate,M015,HomeSphere Appliances,Home Appliances,"Refrigerators, ACs & Kitchen Tech",Coimbatore,Saibaba Colony,Tamil Nadu,641011,11.0315,76.945,9,27500.0,09:30-21:00,"POS,EMI,CARD,UPI",Carding attacks with immediate in-store pickup,0.038,95,56147.27,INR,P2P_TRANSFER,CARD,MOBILE_APP,0,0,Mumbai,998.0,1,0,1,DEV-MONISHA-IPHONE-15,mobile_ios,1,BEN-NEW-166,Global Flight Booking,0,3,9,42,1,0,0,Geographic Anomaly / High Ticket Spike,Review Required,Sudden location velocity jump with new merchant,1
TXN-CUST_MONISHA_001-10200,2026-07-08 10:59:34,2026-07-08,10:59:34,10,2,0,0,CUST_MONISHA_001,420,Chennai,Tamil Nadu,Low Risk / 3% Fraud Rate,M023,SwiftBox Logistics,Courier / Logistics,Express Parcel & Freight Delivery,Tiruppur,Avinashi Road,Tamil Nadu,641603,11.1085,77.3411,9,4200.0,08:00-21:00,"POS,UPI,CARD,ONLINE",Interception fraud / address redirection,0.02,50,2440.38,INR,PURCHASE,UPI,MOBILE_APP,1,0,Chennai,12.0,0,0,1,DEV-MONISHA-IPHONE-15,mobile_ios,0,BEN-CUST_MONISHA_001-TRUSTED,Trusted Household Vendor,11,0,3,15,0,0,0,None,Resolved Genuine,Standard Habitual Purchase,0
TXN-CUST_MONISHA_001-10201,2026-07-08 12:28:52,2026-07-08,12:28:52,12,2,0,0,CUST_MONISHA_001,420,Chennai,Tamil Nadu,Low Risk / 3% Fraud Rate,M026,GreenLeaf Wellness,Health & Wellness,Organic Nutrition & Ayurveda,Trichy,Srirangam,Tamil Nadu,620006,10.8624,78.6947,6,2100.0,08:00-21:00,"POS,UPI,ONLINE,CARD",Subscription card stuffing,0.013,32,1104.97,INR,PURCHASE,ONLINE,MOBILE_APP,1,0,Chennai,13.0,0,0,1,DEV-MONISHA-IPHONE-15,mobile_ios,0,BEN-CUST_MONISHA_001-TRUSTED,Trusted Household Vendor,11,0,3,21,0,0,0,None,Resolved Genuine,Standard Habitual Purchase,0
TXN-CUST_MONISHA_001-10202,2026-07-08 13:57:06,2026-07-08,13:57:06,13,2,0,0,CUST_MONISHA_001,420,Chennai,Tamil Nadu,Low Risk / 3% Fraud Rate,M018,PageTurn Book House,Bookstore,"Academic, Fiction & Stationery",Trichy,Thillai Nagar,Tamil Nadu,620018,10.8282,78.6854,16,850.0,09:00-21:30,"POS,UPI,CARD,ONLINE",Low-value card testing bots,0.008,20,1083.66,INR,PURCHASE,ONLINE,MOBILE_APP,1,0,Chennai,15.0,0,0,1,DEV-MONISHA-IPHONE-15,mobile_ios,0,BEN-CUST_MONISHA_001-TRUSTED,Trusted Household Vendor,9,1,3,22,0,0,0,None,Resolved Genuine,Standard Habitual Purchase,0
TXN-CUST_MONISHA_001-10203,2026-07-08 15:22:57,2026-07-08,15:22:57,15,2,0,0,CUST_MONISHA_001,420,Chennai,Tamil Nadu,Low Risk / 3% Fraud Rate,M014,OakLine Furnishings,Furniture,Teak Wood & Modern Home Decor,Madurai,Bypass Road,Tamil Nadu,625016,9.932,78.109,12,38000.0,10:00-21:00,"POS,CARD,TRANSFER,EMI",Invoice redirection fraud / fake payment slips,0.029,72,2706.61,INR,PURCHASE,POS,MOBILE_APP,1,0,Chennai,2.0,0,0,1,DEV-MONISHA-IPHONE-15,mobile_ios,0,BEN-CUST_MONISHA_001-TRUSTED,Trusted Household Vendor,13,1,3,21,0,0,0,None,Resolved Genuine,Standard Habitual Purchase,0
TXN-CUST_MONISHA_001-10204,2026-07-08 16:49:09,2026-07-08,16:49:09,16,2,0,0,CUST_MONISHA_001,420,Chennai,Tamil Nadu,Low Risk / 3% Fraud Rate,M017,AutoForge Parts,Spare Parts,OEM Industrial & Auto Components,Hosur,Mookandapalli,Tamil Nadu,635126,12.7409,77.8253,15,16500.0,09:00-19:30,"TRANSFER,POS,CARD",Business email compromise / fake beneficiary update,0.033,82,1586.16,INR,PURCHASE,TRANSFER,MOBILE_APP,1,0,Chennai,15.0,0,0,1,DEV-MONISHA-IPHONE-15,mobile_ios,0,BEN-CUST_MONISHA_001-TRUSTED,Trusted Household Vendor,15,0,2,16,0,0,0,None,Resolved Genuine,Standard Habitual Purchase,0
TXN-CUST_MONISHA_001-10205,2026-07-08 18:15:34,2026-07-08,18:15:34,18,2,0,0,CUST_MONISHA_001,420,Chennai,Tamil Nadu,Low Risk / 3% Fraud Rate,M028,CraftCove Home Decor,Home Decor,Handicrafts & Art Pieces,Thanjavur,Medical College Road,Tamil Nadu,613004,10.7684,79.1245,8,7400.0,09:30-20:30,"POS,UPI,CARD,ONLINE",Cross-border tourist chargebacks,0.023,57,909.67,INR,PURCHASE,UPI,MOBILE_APP,1,0,Chennai,2.0,0,0,1,DEV-MONISHA-IPHONE-15,mobile_ios,0,BEN-CUST_MONISHA_001-TRUSTED,Trusted Household Vendor,5,0,3,19,0,0,0,None,Resolved Genuine,Standard Habitual Purchase,0
TXN-CUST_MONISHA_001-10206,2026-07-08 19:44:35,2026-07-08,19:44:35,19,2,0,0,CUST_MONISHA_001,420,Chennai,Tamil Nadu,Low Risk / 3% Fraud Rate,M008,BeanCircuit Cafe,Cafe,Specialty Coffee & Bakery,Bengaluru,Indiranagar,Karnataka,560038,12.9784,77.6408,3,650.0,07:30-23:00,"UPI,POS,CARD",QR code spoofing / fast velocity dining,0.009,22,1589.69,INR,PURCHASE,UPI,MOBILE_APP,1,0,Chennai,9.0,0,0,1,DEV-MONISHA-IPHONE-15,mobile_ios,0,BEN-CUST_MONISHA_001-TRUSTED,Trusted Household Vendor,7,0,1,14,0,0,0,None,Resolved Genuine,Standard Habitual Purchase,0
TXN-CUST_MONISHA_001-10207,2026-07-08 21:09:37,2026-07-08,21:09:37,21,2,0,0,CUST_MONISHA_001,420,Chennai,Tamil Nadu,Low Risk / 3% Fraud Rate,M021,GlowCraft Salon,Salon / Beauty,Spa & Grooming Studio,Chennai,Porur,Tamil Nadu,600116,13.0382,80.1565,5,2800.0,09:00-21:00,"POS,UPI,CARD",Unusual late-night transaction spikes,0.011,27,1488.61,INR,PURCHASE,CARD,MOBILE_APP,1,0,Chennai,9.0,0,0,1,DEV-MONISHA-IPHONE-15,mobile_ios,0,BEN-CUST_MONISHA_001-TRUSTED,Trusted Household Vendor,12,1,2,12,0,0,0,None,Resolved Genuine,Standard Habitual Purchase,0
TXN-CUST_MONISHA_001-10208,2026-07-08 22:34:03,2026-07-08,22:34:03,22,2,0,0,CUST_MONISHA_001,420,Chennai,Tamil Nadu,Low Risk / 3% Fraud Rate,M020,GameGrid Arena,Gaming,"Esports, Consoles & Virtual Credits",Bengaluru,Koramangala,Karnataka,560095,12.9352,77.6245,4,3400.0,10:00-01:00,"ONLINE,UPI,CARD,WALLET",Virtual item laundering & bot-driven micro transactions,0.055,137,2466.28,INR,PURCHASE,ONLINE,MOBILE_APP,0,0,Chennai,10.0,0,0,1,DEV-MONISHA-IPHONE-15,mobile_ios,0,BEN-CUST_MONISHA_001-TRUSTED,Trusted Household Vendor,3,0,1,6,0,0,0,None,Resolved Genuine,Standard Habitual Purchase,0
TXN-CUST_MONISHA_001-10209,2026-07-09 00:03:09,2026-07-09,00:03:09,0,3,0,1,CUST_MONISHA_001,420,Chennai,Tamil Nadu,Low Risk / 3% Fraud Rate,M025,ShieldSure Services,Insurance Services,General & Health Insurance Premium,Chennai,Egmore,Tamil Nadu,600008,13.0784,80.2607,13,14000.0,09:30-18:00,"ONLINE,NETBANKING,CARD",Premium diversion / fake policy payment slips,0.019,47,2129.64,INR,PURCHASE,CARD,MOBILE_APP,0,0,Chennai,11.0,0,0,1,DEV-MONISHA-IPHONE-15,mobile_ios,0,BEN-CUST_MONISHA_001-TRUSTED,Trusted Household Vendor,12,0,4,18,0,0,0,None,Resolved Genuine,Standard Habitual Purchase,0
TXN-CUST_MONISHA_001-10210,2026-07-09 01:29:32,2026-07-09,01:29:32,1,3,0,1,CUST_MONISHA_001,420,Chennai,Tamil Nadu,Low Risk / 3% Fraud Rate,M021,GlowCraft Salon,Salon / Beauty,Spa & Grooming Studio,Chennai,Porur,Tamil Nadu,600116,13.0382,80.1565,5,2800.0,09:00-21:00,"POS,UPI,CARD",Unusual late-night transaction spikes,0.011,27,7178.66,INR,PURCHASE,UPI,MOBILE_APP,0,0,Delhi,794.0,1,0,1,DEV-MONISHA-IPHONE-15,mobile_ios,0,BEN-CUST_MONISHA_001-01,Self Family Transfer,3,2,10,46,1,0,0,Geographic Anomaly / High Ticket Spike,Review Required,Sudden location velocity jump with new merchant,1
TXN-CUST_MONISHA_001-10211,2026-07-09 02:55:39,2026-07-09,02:55:39,2,3,0,1,CUST_MONISHA_001,420,Chennai,Tamil Nadu,Low Risk / 3% Fraud Rate,M023,SwiftBox Logistics,Courier / Logistics,Express Parcel & Freight Delivery,Tiruppur,Avinashi Road,Tamil Nadu,641603,11.1085,77.3411,9,4200.0,08:00-21:00,"POS,UPI,CARD,ONLINE",Interception fraud / address redirection,0.02,50,920.2,INR,PURCHASE,CARD,MOBILE_APP,1,0,Chennai,8.0,0,0,1,DEV-MONISHA-IPHONE-15,mobile_ios,0,BEN-CUST_MONISHA_001-TRUSTED,Trusted Household Vendor,6,0,4,20,0,0,0,None,Resolved Genuine,Standard Habitual Purchase,0
TXN-CUST_MONISHA_001-10212,2026-07-09 04:20:56,2026-07-09,04:20:56,4,3,0,1,CUST_MONISHA_001,420,Chennai,Tamil Nadu,Low Risk / 3% Fraud Rate,M023,SwiftBox Logistics,Courier / Logistics,Express Parcel & Freight Delivery,Tiruppur,Avinashi Road,Tamil Nadu,641603,11.1085,77.3411,9,4200.0,08:00-21:00,"POS,UPI,CARD,ONLINE",Interception fraud / address redirection,0.02,50,1527.2,INR,PURCHASE,CARD,MOBILE_APP,1,0,Chennai,14.0,0,0,1,DEV-MONISHA-IPHONE-15,mobile_ios,0,BEN-CUST_MONISHA_001-TRUSTED,Trusted Household Vendor,5,0,4,26,0,0,0,None,Resolved Genuine,Standard Habitual Purchase,0
TXN-CUST_MONISHA_001-10213,2026-07-09 05:47:42,2026-07-09,05:47:42,5,3,0,1,CUST_MONISHA_001,420,Chennai,Tamil Nadu,Low Risk / 3% Fraud Rate,M011,SkyTrail Travels,Travel Agency,Flight & International Tour Packages,Coimbatore,Gandhipuram,Tamil Nadu,641012,11.0183,76.9664,11,44000.0,09:00-20:00,"ONLINE,TRANSFER,CARD",Mule-account ticket arbitrage & fast cancellation fraud,0.052,130,1345.67,INR,PURCHASE,ONLINE,MOBILE_APP,0,0,Chennai,2.0,0,0,1,DEV-MONISHA-IPHONE-15,mobile_ios,0,BEN-CUST_MONISHA_001-TRUSTED,Trusted Household Vendor,5,0,2,10,0,0,0,None,Resolved Genuine,Standard Habitual Purchase,0
TXN-CUST_MONISHA_001-10214,2026-07-09 07:12:50,2026-07-09,07:12:50,7,3,0,0,CUST_MONISHA_001,420,Chennai,Tamil Nadu,Low Risk / 3% Fraud Rate,M013,CartNest Online,E-commerce,Multi-category Marketplace,Chennai,Guindy,Tamil Nadu,600032,13.0067,80.2026,5,6200.0,24_HOURS,"ONLINE,UPI,CARD,NETBANKING",Account takeover + triangulation shipping fraud,0.045,112,2802.14,INR,PURCHASE,CARD,MOBILE_APP,0,0,Chennai,7.0,0,0,1,DEV-MONISHA-IPHONE-15,mobile_ios,0,BEN-CUST_MONISHA_001-TRUSTED,Trusted Household Vendor,8,0,2,13,0,0,0,None,Resolved Genuine,Standard Habitual Purchase,0
TXN-CUST_MONISHA_001-10215,2026-07-09 08:40:49,2026-07-09,08:40:49,8,3,0,0,CUST_MONISHA_001,420,Chennai,Tamil Nadu,Low Risk / 3% Fraud Rate,M016,MotoCare Garage,Auto Service,Car Service & Detailing Hub,Chennai,Pallikaranai,Tamil Nadu,600100,12.9372,80.2014,7,8900.0,08:30-20:30,"POS,UPI,CARD",Over-invoicing / synthetic card payments,0.021,52,3110.57,INR,PURCHASE,POS,MOBILE_APP,1,0,Chennai,8.0,0,0,1,DEV-MONISHA-IPHONE-15,mobile_ios,0,BEN-CUST_MONISHA_001-TRUSTED,Trusted Household Vendor,10,0,3,15,0,0,0,None,Resolved Genuine,Standard Habitual Purchase,0
TXN-CUST_MONISHA_001-10216,2026-07-09 10:09:53,2026-07-09,10:09:53,10,3,0,0,CUST_MONISHA_001,420,Chennai,Tamil Nadu,Low Risk / 3% Fraud Rate,M017,AutoForge Parts,Spare Parts,OEM Industrial & Auto Components,Hosur,Mookandapalli,Tamil Nadu,635126,12.7409,77.8253,15,16500.0,09:00-19:30,"TRANSFER,POS,CARD",Business email compromise / fake beneficiary update,0.033,82,1849.92,INR,PURCHASE,TRANSFER,MOBILE_APP,1,0,Chennai,4.0,0,0,1,DEV-MONISHA-IPHONE-15,mobile_ios,0,BEN-CUST_MONISHA_001-TRUSTED,Trusted Household Vendor,3,0,3,18,0,0,0,None,Resolved Genuine,Standard Habitual Purchase,0
TXN-CUST_MONISHA_001-10217,2026-07-09 11:36:15,2026-07-09,11:36:15,11,3,0,0,CUST_MONISHA_001,420,Chennai,Tamil Nadu,Low Risk / 3% Fraud Rate,M029,CloudDesk Digital,Software / Digital Services,Cloud Infrastructure & SaaS Tools,Bengaluru,Whitefield,Karnataka,560066,12.9698,77.7499,7,19800.0,24_HOURS,"ONLINE,CARD,TRANSFER",Cryptomining VM rental with stolen credit cards,0.058,145,2752.27,INR,PURCHASE,CARD,MOBILE_APP,0,0,Chennai,11.0,0,0,1,DEV-MONISHA-IPHONE-15,mobile_ios,0,BEN-CUST_MONISHA_001-TRUSTED,Trusted Household Vendor,4,0,1,8,0,0,0,None,Resolved Genuine,Standard Habitual Purchase,0
TXN-CUST_MONISHA_001-10218,2026-07-09 13:04:57,2026-07-09,13:04:57,13,3,0,0,CUST_MONISHA_001,420,Chennai,Tamil Nadu,Low Risk / 3% Fraud Rate,M024,LinkWave Telecom,Telecom Retail,Fiber Broadband & Postpaid Plans,Erode,Perundurai Road,Tamil Nadu,638011,11.341,77.7172,10,1950.0,09:30-20:30,"UPI,CARD,ONLINE,POS",SIM swap bill recharge surges,0.017,42,1635.92,INR,PURCHASE,CARD,MOBILE_APP,1,0,Chennai,7.0,0,0,1,DEV-MONISHA-IPHONE-15,mobile_ios,0,BEN-CUST_MONISHA_001-TRUSTED,Trusted Household Vendor,3,0,4,23,0,0,0,None,Resolved Genuine,Standard Habitual Purchase,0
TXN-CUST_MONISHA_001-10219,2026-07-09 14:31:40,2026-07-09,14:31:40,14,3,0,0,CUST_MONISHA_001,420,Chennai,Tamil Nadu,Low Risk / 3% Fraud Rate,M003,Pulse Mobile Hub,Mobile Store,Smartphones & Accessories,Chennai,Tambaram,Tamil Nadu,600045,12.9249,80.1278,4,18500.0,09:30-21:30,"POS,UPI,CARD",New device abuse / rapid checkout surge,0.035,87,1684.06,INR,PURCHASE,CARD,MOBILE_APP,1,0,Chennai,8.0,0,0,1,DEV-MONISHA-IPHONE-15,mobile_ios,0,BEN-CUST_MONISHA_001-TRUSTED,Trusted Household Vendor,12,0,3,15,0,0,0,None,Resolved Genuine,Standard Habitual Purchase,0
TXN-CUST_MONISHA_001-10220,2026-07-09 15:55:51,2026-07-09,15:55:51,15,3,0,0,CUST_MONISHA_001,420,Chennai,Tamil Nadu,Low Risk / 3% Fraud Rate,M004,Aurelia Gold House,Jewellery,Gold & Diamond Jewellery,Coimbatore,RS Puram,Tamil Nadu,641002,11.0089,76.9514,14,78000.0,10:00-20:30,"POS,CARD,TRANSFER",Account takeover / card-not-present luxury surge,0.065,162,1701.73,INR,PURCHASE,POS,MOBILE_APP,1,0,Chennai,13.0,0,0,1,DEV-MONISHA-IPHONE-15,mobile_ios,0,BEN-CUST_MONISHA_001-TRUSTED,Trusted Household Vendor,15,0,3,17,0,0,0,None,Resolved Genuine,Standard Habitual Purchase,0
TXN-CUST_MONISHA_001-10221,2026-07-09 17:22:52,2026-07-09,17:22:52,17,3,0,0,CUST_MONISHA_001,420,Chennai,Tamil Nadu,Low Risk / 3% Fraud Rate,M013,CartNest Online,E-commerce,Multi-category Marketplace,Chennai,Guindy,Tamil Nadu,600032,13.0067,80.2026,5,6200.0,24_HOURS,"ONLINE,UPI,CARD,NETBANKING",Account takeover + triangulation shipping fraud,0.045,112,1950.18,INR,PURCHASE,NETBANKING,MOBILE_APP,0,0,Chennai,1.0,0,0,1,DEV-MONISHA-IPHONE-15,mobile_ios,0,BEN-CUST_MONISHA_001-TRUSTED,Trusted Household Vendor,15,1,3,22,0,0,0,None,Resolved Genuine,Standard Habitual Purchase,0
TXN-CUST_MONISHA_001-10222,2026-07-09 18:49:00,2026-07-09,18:49:00,18,3,0,0,CUST_MONISHA_001,420,Chennai,Tamil Nadu,Low Risk / 3% Fraud Rate,M020,GameGrid Arena,Gaming,"Esports, Consoles & Virtual Credits",Bengaluru,Koramangala,Karnataka,560095,12.9352,77.6245,4,3400.0,10:00-01:00,"ONLINE,UPI,CARD,WALLET",Virtual item laundering & bot-driven micro transactions,0.055,137,2869.93,INR,PURCHASE,WALLET,MOBILE_APP,0,0,Chennai,3.0,0,0,1,DEV-MONISHA-IPHONE-15,mobile_ios,0,BEN-CUST_MONISHA_001-TRUSTED,Trusted Household Vendor,5,0,3,18,0,0,0,None,Resolved Genuine,Standard Habitual Purchase,0
TXN-CUST_MONISHA_001-10223,2026-07-09 20:15:58,2026-07-09,20:15:58,20,3,0,0,CUST_MONISHA_001,420,Chennai,Tamil Nadu,Low Risk / 3% Fraud Rate,M017,AutoForge Parts,Spare Parts,OEM Industrial & Auto Components,Hosur,Mookandapalli,Tamil Nadu,635126,12.7409,77.8253,15,16500.0,09:00-19:30,"TRANSFER,POS,CARD",Business email compromise / fake beneficiary update,0.033,82,2718.2,INR,PURCHASE,TRANSFER,MOBILE_APP,1,0,Chennai,9.0,0,0,1,DEV-MONISHA-IPHONE-15,mobile_ios,0,BEN-CUST_MONISHA_001-TRUSTED,Trusted Household Vendor,10,0,3,19,0,0,0,None,Resolved Genuine,Standard Habitual Purchase,0
TXN-CUST_MONISHA_001-10224,2026-07-09 21:41:21,2026-07-09,21:41:21,21,3,0,0,CUST_MONISHA_001,420,Chennai,Tamil Nadu,Low Risk / 3% Fraud Rate,M004,Aurelia Gold House,Jewellery,Gold & Diamond Jewellery,Coimbatore,RS Puram,Tamil Nadu,641002,11.0089,76.9514,14,78000.0,10:00-20:30,"POS,CARD,TRANSFER",Account takeover / card-not-present luxury surge,0.065,162,3072.96,INR,PURCHASE,CARD,MOBILE_APP,1,0,Chennai,10.0,0,0,1,DEV-MONISHA-IPHONE-15,mobile_ios,0,BEN-CUST_MONISHA_001-TRUSTED,Trusted Household Vendor,12,0,1,10,0,0,0,None,Resolved Genuine,Standard Habitual Purchase,0
TXN-CUST_MONISHA_001-10225,2026-07-09 23:10:33,2026-07-09,23:10:33,23,3,0,1,CUST_MONISHA_001,420,Chennai,Tamil Nadu,Low Risk / 3% Fraud Rate,M026,GreenLeaf Wellness,Health & Wellness,Organic Nutrition & Ayurveda,Trichy,Srirangam,Tamil Nadu,620006,10.8624,78.6947,6,2100.0,08:00-21:00,"POS,UPI,ONLINE,CARD",Subscription card stuffing,0.013,32,3054.61,INR,PURCHASE,CARD,MOBILE_APP,1,0,Chennai,10.0,0,0,1,DEV-MONISHA-IPHONE-15,mobile_ios,0,BEN-CUST_MONISHA_001-TRUSTED,Trusted Household Vendor,12,0,1,8,0,0,0,None,Resolved Genuine,Standard Habitual Purchase,0
TXN-CUST_MONISHA_001-10226,2026-07-10 00:37:06,2026-07-10,00:37:06,0,4,0,1,CUST_MONISHA_001,420,Chennai,Tamil Nadu,Low Risk / 3% Fraud Rate,M024,LinkWave Telecom,Telecom Retail,Fiber Broadband & Postpaid Plans,Erode,Perundurai Road,Tamil Nadu,638011,11.341,77.7172,10,1950.0,09:30-20:30,"UPI,CARD,ONLINE,POS",SIM swap bill recharge surges,0.017,42,2230.18,INR,PURCHASE,UPI,MOBILE_APP,1,0,Chennai,14.0,0,0,1,DEV-MONISHA-IPHONE-15,mobile_ios,0,BEN-CUST_MONISHA_001-TRUSTED,Trusted Household Vendor,3,0,2,13,0,0,0,None,Resolved Genuine,Standard Habitual Purchase,0
TXN-CUST_MONISHA_001-10227,2026-07-10 02:00:37,2026-07-10,02:00:37,2,4,0,1,CUST_MONISHA_001,420,Chennai,Tamil Nadu,Low Risk / 3% Fraud Rate,M011,SkyTrail Travels,Travel Agency,Flight & International Tour Packages,Coimbatore,Gandhipuram,Tamil Nadu,641012,11.0183,76.9664,11,44000.0,09:00-20:00,"ONLINE,TRANSFER,CARD",Mule-account ticket arbitrage & fast cancellation fraud,0.052,130,1759.95,INR,PURCHASE,CARD,MOBILE_APP,0,0,Chennai,7.0,0,0,1,DEV-MONISHA-IPHONE-15,mobile_ios,0,BEN-CUST_MONISHA_001-TRUSTED,Trusted Household Vendor,11,0,4,25,0,0,0,None,Resolved Genuine,Standard Habitual Purchase,0
TXN-CUST_MONISHA_001-10228,2026-07-10 03:29:15,2026-07-10,03:29:15,3,4,0,1,CUST_MONISHA_001,420,Chennai,Tamil Nadu,Low Risk / 3% Fraud Rate,M024,LinkWave Telecom,Telecom Retail,Fiber Broadband & Postpaid Plans,Erode,Perundurai Road,Tamil Nadu,638011,11.341,77.7172,10,1950.0,09:30-20:30,"UPI,CARD,ONLINE,POS",SIM swap bill recharge surges,0.017,42,2482.12,INR,PURCHASE,ONLINE,MOBILE_APP,1,0,Chennai,12.0,0,0,1,DEV-MONISHA-IPHONE-15,mobile_ios,0,BEN-CUST_MONISHA_001-TRUSTED,Trusted Household Vendor,11,1,2,17,0,0,0,None,Resolved Genuine,Standard Habitual Purchase,0
TXN-CUST_MONISHA_001-10229,2026-07-10 04:55:48,2026-07-10,04:55:48,4,4,0,1,CUST_MONISHA_001,420,Chennai,Tamil Nadu,Low Risk / 3% Fraud Rate,M011,SkyTrail Travels,Travel Agency,Flight & International Tour Packages,Coimbatore,Gandhipuram,Tamil Nadu,641012,11.0183,76.9664,11,44000.0,09:00-20:00,"ONLINE,TRANSFER,CARD",Mule-account ticket arbitrage & fast cancellation fraud,0.052,130,138131.83,INR,PURCHASE,CARD,WEB_PORTAL,0,0,Delhi,859.0,1,1,0,DEV-LAPTOP-CHROME-645,web_browser,0,BEN-CUST_MONISHA_001-01,Self Family Transfer,3,3,9,42,1,0,0,Geographic Anomaly / High Ticket Spike,Review Required,Sudden location velocity jump with new merchant,1
TXN-CUST_MONISHA_001-10230,2026-07-10 06:22:52,2026-07-10,06:22:52,6,4,0,0,CUST_MONISHA_001,420,Chennai,Tamil Nadu,Low Risk / 3% Fraud Rate,M007,SpiceRoute Kitchen,Restaurant,Fine Dining & Chettinad,Chennai,Adyar,Tamil Nadu,600020,13.0012,80.2565,7,2200.0,11:30-23:30,"POS,UPI,CARD",Cloned card POS terminal replay,0.018,45,3020.17,INR,PURCHASE,UPI,MOBILE_APP,1,0,Chennai,5.0,0,0,1,DEV-MONISHA-IPHONE-15,mobile_ios,0,BEN-CUST_MONISHA_001-TRUSTED,Trusted Household Vendor,7,0,2,13,0,0,0,None,Resolved Genuine,Standard Habitual Purchase,0
TXN-CUST_MONISHA_001-10231,2026-07-10 07:50:24,2026-07-10,07:50:24,7,4,0,0,CUST_MONISHA_001,420,Chennai,Tamil Nadu,Low Risk / 3% Fraud Rate,M016,MotoCare Garage,Auto Service,Car Service & Detailing Hub,Chennai,Pallikaranai,Tamil Nadu,600100,12.9372,80.2014,7,8900.0,08:30-20:30,"POS,UPI,CARD",Over-invoicing / synthetic card payments,0.021,52,1521.88,INR,PURCHASE,POS,MOBILE_APP,1,0,Chennai,6.0,0,0,1,DEV-MONISHA-IPHONE-15,mobile_ios,0,BEN-CUST_MONISHA_001-TRUSTED,Trusted Household Vendor,7,0,3,22,0,0,0,None,Resolved Genuine,Standard Habitual Purchase,0
TXN-CUST_MONISHA_001-10232,2026-07-10 09:16:05,2026-07-10,09:16:05,9,4,0,0,CUST_MONISHA_001,420,Chennai,Tamil Nadu,Low Risk / 3% Fraud Rate,M013,CartNest Online,E-commerce,Multi-category Marketplace,Chennai,Guindy,Tamil Nadu,600032,13.0067,80.2026,5,6200.0,24_HOURS,"ONLINE,UPI,CARD,NETBANKING",Account takeover + triangulation shipping fraud,0.045,112,2695.0,INR,PURCHASE,CARD,MOBILE_APP,0,0,Chennai,13.0,0,0,1,DEV-MONISHA-IPHONE-15,mobile_ios,0,BEN-CUST_MONISHA_001-TRUSTED,Trusted Household Vendor,3,0,3,15,0,0,0,None,Resolved Genuine,Standard Habitual Purchase,0
TXN-CUST_MONISHA_001-10233,2026-07-10 10:41:34,2026-07-10,10:41:34,10,4,0,0,CUST_MONISHA_001,420,Chennai,Tamil Nadu,Low Risk / 3% Fraud Rate,M015,HomeSphere Appliances,Home Appliances,"Refrigerators, ACs & Kitchen Tech",Coimbatore,Saibaba Colony,Tamil Nadu,641011,11.0315,76.945,9,27500.0,09:30-21:00,"POS,EMI,CARD,UPI",Carding attacks with immediate in-store pickup,0.038,95,2314.97,INR,PURCHASE,CARD,MOBILE_APP,1,0,Chennai,12.0,0,0,1,DEV-MONISHA-IPHONE-15,mobile_ios,0,BEN-CUST_MONISHA_001-TRUSTED,Trusted Household Vendor,11,0,2,18,0,0,0,None,Resolved Genuine,Standard Habitual Purchase,0
TXN-CUST_MONISHA_001-10234,2026-07-10 12:09:08,2026-07-10,12:09:08,12,4,0,0,CUST_MONISHA_001,420,Chennai,Tamil Nadu,Low Risk / 3% Fraud Rate,M005,UrbanThread Studio,Fashion / Apparel,Designer & Ready-to-wear,Chennai,Anna Nagar,Tamil Nadu,600040,13.085,80.2101,5,4800.0,10:30-22:00,"POS,ONLINE,UPI,CARD",Refund abuse / credential stuffing,0.022,55,1035.59,INR,PURCHASE,ONLINE,MOBILE_APP,1,0,Chennai,12.0,0,0,1,DEV-MONISHA-IPHONE-15,mobile_ios,0,BEN-CUST_MONISHA_001-TRUSTED,Trusted Household Vendor,3,0,2,13,0,0,0,None,Resolved Genuine,Standard Habitual Purchase,0
TXN-CUST_MONISHA_001-10235,2026-07-10 13:32:51,2026-07-10,13:32:51,13,4,0,0,CUST_MONISHA_001,420,Chennai,Tamil Nadu,Low Risk / 3% Fraud Rate,M014,OakLine Furnishings,Furniture,Teak Wood & Modern Home Decor,Madurai,Bypass Road,Tamil Nadu,625016,9.932,78.109,12,38000.0,10:00-21:00,"POS,CARD,TRANSFER,EMI",Invoice redirection fraud / fake payment slips,0.029,72,1552.89,INR,PURCHASE,CARD,MOBILE_APP,1,0,Chennai,8.0,0,0,1,DEV-MONISHA-IPHONE-15,mobile_ios,0,BEN-CUST_MONISHA_001-TRUSTED,Trusted Household Vendor,3,1,2,16,0,0,0,None,Resolved Genuine,Standard Habitual Purchase,0
TXN-CUST_MONISHA_001-10236,2026-07-10 15:00:10,2026-07-10,15:00:10,15,4,0,0,CUST_MONISHA_001,420,Chennai,Tamil Nadu,Low Risk / 3% Fraud Rate,M029,CloudDesk Digital,Software / Digital Services,Cloud Infrastructure & SaaS Tools,Bengaluru,Whitefield,Karnataka,560066,12.9698,77.7499,7,19800.0,24_HOURS,"ONLINE,CARD,TRANSFER",Cryptomining VM rental with stolen credit cards,0.058,145,2835.46,INR,PURCHASE,CARD,MOBILE_APP,0,0,Chennai,8.0,0,0,1,DEV-MONISHA-IPHONE-15,mobile_ios,0,BEN-CUST_MONISHA_001-TRUSTED,Trusted Household Vendor,8,0,3,14,0,0,0,None,Resolved Genuine,Standard Habitual Purchase,0
TXN-CUST_MONISHA_001-10237,2026-07-10 16:29:01,2026-07-10,16:29:01,16,4,0,0,CUST_MONISHA_001,420,Chennai,Tamil Nadu,Low Risk / 3% Fraud Rate,M003,Pulse Mobile Hub,Mobile Store,Smartphones & Accessories,Chennai,Tambaram,Tamil Nadu,600045,12.9249,80.1278,4,18500.0,09:30-21:30,"POS,UPI,CARD",New device abuse / rapid checkout surge,0.035,87,2306.38,INR,PURCHASE,UPI,MOBILE_APP,1,0,Chennai,4.0,0,0,1,DEV-MONISHA-IPHONE-15,mobile_ios,0,BEN-CUST_MONISHA_001-TRUSTED,Trusted Household Vendor,5,0,1,8,0,0,0,None,Resolved Genuine,Standard Habitual Purchase,0
TXN-CUST_MONISHA_001-10238,2026-07-10 17:58:01,2026-07-10,17:58:01,17,4,0,0,CUST_MONISHA_001,420,Chennai,Tamil Nadu,Low Risk / 3% Fraud Rate,M002,CircuitBay Electronics,Consumer Electronics,Laptops & Gadgets,Chennai,Velachery,Tamil Nadu,600042,12.9759,80.2212,6,32000.0,10:00-21:30,"POS,ONLINE,EMI,UPI",Stolen payment details / high-ticket electronics delivery,0.048,120,3113.38,INR,PURCHASE,EMI,MOBILE_APP,1,0,Chennai,7.0,0,0,1,DEV-MONISHA-IPHONE-15,mobile_ios,0,BEN-CUST_MONISHA_001-TRUSTED,Trusted Household Vendor,14,0,2,10,0,0,0,None,Resolved Genuine,Standard Habitual Purchase,0
TXN-CUST_MONISHA_001-10239,2026-07-10 19:21:29,2026-07-10,19:21:29,19,4,0,0,CUST_MONISHA_001,420,Chennai,Tamil Nadu,Low Risk / 3% Fraud Rate,M019,ArenaSport World,Sports Retail,Fitness Equipment & Sports Wear,Chennai,Nungambakkam,Tamil Nadu,600034,13.0604,80.2405,6,5600.0,10:00-21:30,"POS,ONLINE,UPI,CARD",Stolen card chargeback on premium sports gear,0.026,65,2190.51,INR,PURCHASE,CARD,MOBILE_APP,1,0,Chennai,15.0,0,0,1,DEV-MONISHA-IPHONE-15,mobile_ios,0,BEN-CUST_MONISHA_001-TRUSTED,Trusted Household Vendor,10,0,3,16,0,0,0,None,Resolved Genuine,Standard Habitual Purchase,0
TXN-CUST_MONISHA_001-10240,2026-07-10 20:49:59,2026-07-10,20:49:59,20,4,0,0,CUST_MONISHA_001,420,Chennai,Tamil Nadu,Low Risk / 3% Fraud Rate,M015,HomeSphere Appliances,Home Appliances,"Refrigerators, ACs & Kitchen Tech",Coimbatore,Saibaba Colony,Tamil Nadu,641011,11.0315,76.945,9,27500.0,09:30-21:00,"POS,EMI,CARD,UPI",Carding attacks with immediate in-store pickup,0.038,95,1418.44,INR,PURCHASE,UPI,MOBILE_APP,1,0,Chennai,13.0,0,0,1,DEV-MONISHA-IPHONE-15,mobile_ios,0,BEN-CUST_MONISHA_001-TRUSTED,Trusted Household Vendor,14,1,2,14,0,0,0,None,Resolved Genuine,Standard Habitual Purchase,0
TXN-CUST_MONISHA_001-10241,2026-07-10 22:17:42,2026-07-10,22:17:42,22,4,0,0,CUST_MONISHA_001,420,Chennai,Tamil Nadu,Low Risk / 3% Fraud Rate,M001,NovaMart Fresh,Grocery & Supermarket,Supermarket / Hypermarket,Chennai,T Nagar,Tamil Nadu,600017,13.0418,80.2341,8,1250.0,07:00-22:30,"POS,UPI,CARD,ONLINE",Card testing / micro-burst velocity,0.012,30,2503.69,INR,PURCHASE,ONLINE,MOBILE_APP,1,0,Chennai,13.0,0,0,1,DEV-MONISHA-IPHONE-15,mobile_ios,0,BEN-CUST_MONISHA_001-TRUSTED,Trusted Household Vendor,5,0,2,16,0,0,0,None,Resolved Genuine,Standard Habitual Purchase,0
TXN-CUST_MONISHA_001-10242,2026-07-10 23:44:11,2026-07-10,23:44:11,23,4,0,1,CUST_MONISHA_001,420,Chennai,Tamil Nadu,Low Risk / 3% Fraud Rate,M003,Pulse Mobile Hub,Mobile Store,Smartphones & Accessories,Chennai,Tambaram,Tamil Nadu,600045,12.9249,80.1278,4,18500.0,09:30-21:30,"POS,UPI,CARD",New device abuse / rapid checkout surge,0.035,87,1717.95,INR,PURCHASE,UPI,MOBILE_APP,1,0,Chennai,2.0,0,0,1,DEV-MONISHA-IPHONE-15,mobile_ios,0,BEN-CUST_MONISHA_001-TRUSTED,Trusted Household Vendor,10,1,2,13,0,0,0,None,Resolved Genuine,Standard Habitual Purchase,0
TXN-CUST_MONISHA_001-10243,2026-07-11 01:07:38,2026-07-11,01:07:38,1,5,1,1,CUST_MONISHA_001,420,Chennai,Tamil Nadu,Low Risk / 3% Fraud Rate,M013,CartNest Online,E-commerce,Multi-category Marketplace,Chennai,Guindy,Tamil Nadu,600032,13.0067,80.2026,5,6200.0,24_HOURS,"ONLINE,UPI,CARD,NETBANKING",Account takeover + triangulation shipping fraud,0.045,112,1331.12,INR,PURCHASE,ONLINE,MOBILE_APP,0,0,Chennai,13.0,0,0,1,DEV-MONISHA-IPHONE-15,mobile_ios,0,BEN-CUST_MONISHA_001-TRUSTED,Trusted Household Vendor,7,0,3,18,0,0,0,None,Resolved Genuine,Standard Habitual Purchase,0
TXN-CUST_MONISHA_001-10244,2026-07-11 02:34:57,2026-07-11,02:34:57,2,5,1,1,CUST_MONISHA_001,420,Chennai,Tamil Nadu,Low Risk / 3% Fraud Rate,M023,SwiftBox Logistics,Courier / Logistics,Express Parcel & Freight Delivery,Tiruppur,Avinashi Road,Tamil Nadu,641603,11.1085,77.3411,9,4200.0,08:00-21:00,"POS,UPI,CARD,ONLINE",Interception fraud / address redirection,0.02,50,1332.95,INR,PURCHASE,ONLINE,MOBILE_APP,1,0,Chennai,11.0,0,0,1,DEV-MONISHA-IPHONE-15,mobile_ios,0,BEN-CUST_MONISHA_001-TRUSTED,Trusted Household Vendor,5,1,3,22,0,0,0,None,Resolved Genuine,Standard Habitual Purchase,0
TXN-CUST_MONISHA_001-10245,2026-07-11 04:03:53,2026-07-11,04:03:53,4,5,1,1,CUST_MONISHA_001,420,Chennai,Tamil Nadu,Low Risk / 3% Fraud Rate,M029,CloudDesk Digital,Software / Digital Services,Cloud Infrastructure & SaaS Tools,Bengaluru,Whitefield,Karnataka,560066,12.9698,77.7499,7,19800.0,24_HOURS,"ONLINE,CARD,TRANSFER",Cryptomining VM rental with stolen credit cards,0.058,145,2426.32,INR,PURCHASE,TRANSFER,MOBILE_APP,0,0,Chennai,5.0,0,0,1,DEV-MONISHA-IPHONE-15,mobile_ios,0,BEN-CUST_MONISHA_001-TRUSTED,Trusted Household Vendor,8,0,3,17,0,0,0,None,Resolved Genuine,Standard Habitual Purchase,0
TXN-CUST_MONISHA_001-10246,2026-07-11 05:28:36,2026-07-11,05:28:36,5,5,1,1,CUST_MONISHA_001,420,Chennai,Tamil Nadu,Low Risk / 3% Fraud Rate,M005,UrbanThread Studio,Fashion / Apparel,Designer & Ready-to-wear,Chennai,Anna Nagar,Tamil Nadu,600040,13.085,80.2101,5,4800.0,10:30-22:00,"POS,ONLINE,UPI,CARD",Refund abuse / credential stuffing,0.022,55,1898.95,INR,PURCHASE,CARD,MOBILE_APP,1,0,Chennai,8.0,0,0,1,DEV-MONISHA-IPHONE-15,mobile_ios,0,BEN-CUST_MONISHA_001-TRUSTED,Trusted Household Vendor,9,0,3,22,0,0,0,None,Resolved Genuine,Standard Habitual Purchase,0
TXN-CUST_MONISHA_001-10247,2026-07-11 06:56:49,2026-07-11,06:56:49,6,5,1,0,CUST_MONISHA_001,420,Chennai,Tamil Nadu,Low Risk / 3% Fraud Rate,M027,BrickHarbor Realty,Real Estate / Property Services,Rental Escrow & Facility Management,Chennai,Porur,Tamil Nadu,600116,13.035,80.16,11,65000.0,09:00-19:00,"TRANSFER,NETBANKING,CARD",Security deposit phishing / escrow hijacking,0.039,97,1291.08,INR,PURCHASE,NETBANKING,MOBILE_APP,0,0,Chennai,4.0,0,0,1,DEV-MONISHA-IPHONE-15,mobile_ios,0,BEN-CUST_MONISHA_001-TRUSTED,Trusted Household Vendor,11,0,1,14,0,0,0,None,Resolved Genuine,Standard Habitual Purchase,0
TXN-CUST_MONISHA_001-10248,2026-07-11 08:24:26,2026-07-11,08:24:26,8,5,1,0,CUST_MONISHA_001,420,Chennai,Tamil Nadu,Low Risk / 3% Fraud Rate,M003,Pulse Mobile Hub,Mobile Store,Smartphones & Accessories,Chennai,Tambaram,Tamil Nadu,600045,12.9249,80.1278,4,18500.0,09:30-21:30,"POS,UPI,CARD",New device abuse / rapid checkout surge,0.035,87,2926.35,INR,PURCHASE,CARD,MOBILE_APP,1,0,Chennai,2.0,0,0,1,DEV-MONISHA-IPHONE-15,mobile_ios,0,BEN-CUST_MONISHA_001-TRUSTED,Trusted Household Vendor,12,1,2,12,0,0,0,None,Resolved Genuine,Standard Habitual Purchase,0
TXN-CUST_MONISHA_001-10249,2026-07-11 09:48:49,2026-07-11,09:48:49,9,5,1,0,CUST_MONISHA_001,420,Chennai,Tamil Nadu,Low Risk / 3% Fraud Rate,M028,CraftCove Home Decor,Home Decor,Handicrafts & Art Pieces,Thanjavur,Medical College Road,Tamil Nadu,613004,10.7684,79.1245,8,7400.0,09:30-20:30,"POS,UPI,CARD,ONLINE",Cross-border tourist chargebacks,0.023,57,1997.6,INR,PURCHASE,ONLINE,MOBILE_APP,1,0,Chennai,2.0,0,0,1,DEV-MONISHA-IPHONE-15,mobile_ios,0,BEN-CUST_MONISHA_001-TRUSTED,Trusted Household Vendor,4,0,4,18,0,0,0,None,Resolved Genuine,Standard Habitual Purchase,0
TXN-CUST_MONISHA_001-10250,2026-07-11 11:14:57,2026-07-11,11:14:57,11,5,1,0,CUST_MONISHA_001,420,Chennai,Tamil Nadu,Low Risk / 3% Fraud Rate,M017,AutoForge Parts,Spare Parts,OEM Industrial & Auto Components,Hosur,Mookandapalli,Tamil Nadu,635126,12.7409,77.8253,15,16500.0,09:00-19:30,"TRANSFER,POS,CARD",Business email compromise / fake beneficiary update,0.033,82,1752.09,INR,PURCHASE,POS,MOBILE_APP,1,0,Chennai,10.0,0,0,1,DEV-MONISHA-IPHONE-15,mobile_ios,0,BEN-CUST_MONISHA_001-TRUSTED,Trusted Household Vendor,13,1,4,18,0,0,0,None,Resolved Genuine,Standard Habitual Purchase,0
TXN-CUST_MONISHA_001-10251,2026-07-11 12:40:43,2026-07-11,12:40:43,12,5,1,0,CUST_MONISHA_001,420,Chennai,Tamil Nadu,Low Risk / 3% Fraud Rate,M027,BrickHarbor Realty,Real Estate / Property Services,Rental Escrow & Facility Management,Chennai,Porur,Tamil Nadu,600116,13.035,80.16,11,65000.0,09:00-19:00,"TRANSFER,NETBANKING,CARD",Security deposit phishing / escrow hijacking,0.039,97,787.06,INR,PURCHASE,NETBANKING,MOBILE_APP,0,0,Chennai,4.0,0,0,1,DEV-MONISHA-IPHONE-15,mobile_ios,0,BEN-CUST_MONISHA_001-TRUSTED,Trusted Household Vendor,9,0,1,7,0,0,0,None,Resolved Genuine,Standard Habitual Purchase,0
TXN-CUST_MONISHA_001-10252,2026-07-11 14:07:22,2026-07-11,14:07:22,14,5,1,0,CUST_MONISHA_001,420,Chennai,Tamil Nadu,Low Risk / 3% Fraud Rate,M002,CircuitBay Electronics,Consumer Electronics,Laptops & Gadgets,Chennai,Velachery,Tamil Nadu,600042,12.9759,80.2212,6,32000.0,10:00-21:30,"POS,ONLINE,EMI,UPI",Stolen payment details / high-ticket electronics delivery,0.048,120,2966.92,INR,PURCHASE,EMI,MOBILE_APP,1,0,Chennai,2.0,0,0,1,DEV-MONISHA-IPHONE-15,mobile_ios,0,BEN-CUST_MONISHA_001-TRUSTED,Trusted Household Vendor,3,0,4,24,0,0,0,None,Resolved Genuine,Standard Habitual Purchase,0
TXN-CUST_MONISHA_001-10253,2026-07-11 15:31:51,2026-07-11,15:31:51,15,5,1,0,CUST_MONISHA_001,420,Chennai,Tamil Nadu,Low Risk / 3% Fraud Rate,M005,UrbanThread Studio,Fashion / Apparel,Designer & Ready-to-wear,Chennai,Anna Nagar,Tamil Nadu,600040,13.085,80.2101,5,4800.0,10:30-22:00,"POS,ONLINE,UPI,CARD",Refund abuse / credential stuffing,0.022,55,2572.04,INR,PURCHASE,CARD,MOBILE_APP,1,0,Chennai,12.0,0,0,1,DEV-MONISHA-IPHONE-15,mobile_ios,0,BEN-CUST_MONISHA_001-TRUSTED,Trusted Household Vendor,8,0,4,25,0,0,0,None,Resolved Genuine,Standard Habitual Purchase,0
TXN-CUST_MONISHA_001-10254,2026-07-11 17:00:28,2026-07-11,17:00:28,17,5,1,0,CUST_MONISHA_001,420,Chennai,Tamil Nadu,Low Risk / 3% Fraud Rate,M013,CartNest Online,E-commerce,Multi-category Marketplace,Chennai,Guindy,Tamil Nadu,600032,13.0067,80.2026,5,6200.0,24_HOURS,"ONLINE,UPI,CARD,NETBANKING",Account takeover + triangulation shipping fraud,0.045,112,1659.01,INR,PURCHASE,CARD,MOBILE_APP,0,0,Chennai,11.0,0,0,1,DEV-MONISHA-IPHONE-15,mobile_ios,0,BEN-CUST_MONISHA_001-TRUSTED,Trusted Household Vendor,13,0,2,11,0,0,0,None,Resolved Genuine,Standard Habitual Purchase,0
TXN-CUST_MONISHA_001-10255,2026-07-11 18:24:56,2026-07-11,18:24:56,18,5,1,0,CUST_MONISHA_001,420,Chennai,Tamil Nadu,Low Risk / 3% Fraud Rate,M018,PageTurn Book House,Bookstore,"Academic, Fiction & Stationery",Trichy,Thillai Nagar,Tamil Nadu,620018,10.8282,78.6854,16,850.0,09:00-21:30,"POS,UPI,CARD,ONLINE",Low-value card testing bots,0.008,20,1699.76,INR,PURCHASE,POS,MOBILE_APP,1,0,Chennai,3.0,0,0,1,DEV-MONISHA-IPHONE-15,mobile_ios,0,BEN-CUST_MONISHA_001-TRUSTED,Trusted Household Vendor,3,0,2,14,0,0,0,None,Resolved Genuine,Standard Habitual Purchase,0
TXN-CUST_MONISHA_001-10256,2026-07-11 19:51:07,2026-07-11,19:51:07,19,5,1,0,CUST_MONISHA_001,420,Chennai,Tamil Nadu,Low Risk / 3% Fraud Rate,M024,LinkWave Telecom,Telecom Retail,Fiber Broadband & Postpaid Plans,Erode,Perundurai Road,Tamil Nadu,638011,11.341,77.7172,10,1950.0,09:30-20:30,"UPI,CARD,ONLINE,POS",SIM swap bill recharge surges,0.017,42,2054.0,INR,PURCHASE,POS,MOBILE_APP,1,0,Chennai,9.0,0,0,1,DEV-MONISHA-IPHONE-15,mobile_ios,0,BEN-CUST_MONISHA_001-TRUSTED,Trusted Household Vendor,6,0,2,15,0,0,0,None,Resolved Genuine,Standard Habitual Purchase,0
TXN-CUST_MONISHA_001-10257,2026-07-11 21:15:27,2026-07-11,21:15:27,21,5,1,0,CUST_MONISHA_001,420,Chennai,Tamil Nadu,Low Risk / 3% Fraud Rate,M007,SpiceRoute Kitchen,Restaurant,Fine Dining & Chettinad,Chennai,Adyar,Tamil Nadu,600020,13.0012,80.2565,7,2200.0,11:30-23:30,"POS,UPI,CARD",Cloned card POS terminal replay,0.018,45,2973.54,INR,PURCHASE,CARD,MOBILE_APP,1,0,Chennai,12.0,0,0,1,DEV-MONISHA-IPHONE-15,mobile_ios,0,BEN-CUST_MONISHA_001-TRUSTED,Trusted Household Vendor,15,0,1,12,0,0,0,None,Resolved Genuine,Standard Habitual Purchase,0
TXN-CUST_MONISHA_001-10258,2026-07-11 22:42:32,2026-07-11,22:42:32,22,5,1,0,CUST_MONISHA_001,420,Chennai,Tamil Nadu,Low Risk / 3% Fraud Rate,M029,CloudDesk Digital,Software / Digital Services,Cloud Infrastructure & SaaS Tools,Bengaluru,Whitefield,Karnataka,560066,12.9698,77.7499,7,19800.0,24_HOURS,"ONLINE,CARD,TRANSFER",Cryptomining VM rental with stolen credit cards,0.058,145,2860.36,INR,PURCHASE,ONLINE,MOBILE_APP,0,0,Chennai,4.0,0,0,1,DEV-MONISHA-IPHONE-15,mobile_ios,0,BEN-CUST_MONISHA_001-TRUSTED,Trusted Household Vendor,12,0,1,13,0,0,0,None,Resolved Genuine,Standard Habitual Purchase,0
TXN-CUST_MONISHA_001-10259,2026-07-12 00:09:31,2026-07-12,00:09:31,0,6,1,1,CUST_MONISHA_001,420,Chennai,Tamil Nadu,Low Risk / 3% Fraud Rate,M023,SwiftBox Logistics,Courier / Logistics,Express Parcel & Freight Delivery,Tiruppur,Avinashi Road,Tamil Nadu,641603,11.1085,77.3411,9,4200.0,08:00-21:00,"POS,UPI,CARD,ONLINE",Interception fraud / address redirection,0.02,50,2820.98,INR,PURCHASE,UPI,MOBILE_APP,1,0,Chennai,4.0,0,0,1,DEV-MONISHA-IPHONE-15,mobile_ios,0,BEN-CUST_MONISHA_001-TRUSTED,Trusted Household Vendor,10,0,4,26,0,0,0,None,Resolved Genuine,Standard Habitual Purchase,0
TXN-CUST_MONISHA_001-10260,2026-07-12 01:34:13,2026-07-12,01:34:13,1,6,1,1,CUST_MONISHA_001,420,Chennai,Tamil Nadu,Low Risk / 3% Fraud Rate,M028,CraftCove Home Decor,Home Decor,Handicrafts & Art Pieces,Thanjavur,Medical College Road,Tamil Nadu,613004,10.7684,79.1245,8,7400.0,09:30-20:30,"POS,UPI,CARD,ONLINE",Cross-border tourist chargebacks,0.023,57,2595.99,INR,PURCHASE,CARD,MOBILE_APP,1,0,Chennai,3.0,0,0,1,DEV-MONISHA-IPHONE-15,mobile_ios,0,BEN-CUST_MONISHA_001-TRUSTED,Trusted Household Vendor,6,0,3,19,0,0,0,None,Resolved Genuine,Standard Habitual Purchase,0
TXN-CUST_MONISHA_001-10261,2026-07-12 02:59:03,2026-07-12,02:59:03,2,6,1,1,CUST_MONISHA_001,420,Chennai,Tamil Nadu,Low Risk / 3% Fraud Rate,M029,CloudDesk Digital,Software / Digital Services,Cloud Infrastructure & SaaS Tools,Bengaluru,Whitefield,Karnataka,560066,12.9698,77.7499,7,19800.0,24_HOURS,"ONLINE,CARD,TRANSFER",Cryptomining VM rental with stolen credit cards,0.058,145,1115.23,INR,PURCHASE,CARD,MOBILE_APP,0,0,Chennai,11.0,0,0,1,DEV-MONISHA-IPHONE-15,mobile_ios,0,BEN-CUST_MONISHA_001-TRUSTED,Trusted Household Vendor,7,0,4,18,0,0,0,None,Resolved Genuine,Standard Habitual Purchase,0
TXN-CUST_MONISHA_001-10262,2026-07-12 04:25:47,2026-07-12,04:25:47,4,6,1,1,CUST_MONISHA_001,420,Chennai,Tamil Nadu,Low Risk / 3% Fraud Rate,M019,ArenaSport World,Sports Retail,Fitness Equipment & Sports Wear,Chennai,Nungambakkam,Tamil Nadu,600034,13.0604,80.2405,6,5600.0,10:00-21:30,"POS,ONLINE,UPI,CARD",Stolen card chargeback on premium sports gear,0.026,65,2838.53,INR,PURCHASE,CARD,MOBILE_APP,1,0,Chennai,15.0,0,0,1,DEV-MONISHA-IPHONE-15,mobile_ios,0,BEN-CUST_MONISHA_001-TRUSTED,Trusted Household Vendor,11,1,4,18,0,0,0,None,Resolved Genuine,Standard Habitual Purchase,0
TXN-CUST_MONISHA_001-10263,2026-07-12 05:55:01,2026-07-12,05:55:01,5,6,1,1,CUST_MONISHA_001,420,Chennai,Tamil Nadu,Low Risk / 3% Fraud Rate,M021,GlowCraft Salon,Salon / Beauty,Spa & Grooming Studio,Chennai,Porur,Tamil Nadu,600116,13.0382,80.1565,5,2800.0,09:00-21:00,"POS,UPI,CARD",Unusual late-night transaction spikes,0.011,27,2350.94,INR,PURCHASE,POS,MOBILE_APP,1,0,Chennai,13.0,0,0,1,DEV-MONISHA-IPHONE-15,mobile_ios,0,BEN-CUST_MONISHA_001-TRUSTED,Trusted Household Vendor,9,0,4,22,0,0,0,None,Resolved Genuine,Standard Habitual Purchase,0
TXN-CUST_MONISHA_001-10264,2026-07-12 07:20:41,2026-07-12,07:20:41,7,6,1,0,CUST_MONISHA_001,420,Chennai,Tamil Nadu,Low Risk / 3% Fraud Rate,M025,ShieldSure Services,Insurance Services,General & Health Insurance Premium,Chennai,Egmore,Tamil Nadu,600008,13.0784,80.2607,13,14000.0,09:30-18:00,"ONLINE,NETBANKING,CARD",Premium diversion / fake policy payment slips,0.019,47,2038.75,INR,PURCHASE,ONLINE,MOBILE_APP,0,0,Chennai,4.0,0,0,1,DEV-MONISHA-IPHONE-15,mobile_ios,0,BEN-CUST_MONISHA_001-TRUSTED,Trusted Household Vendor,14,0,3,21,0,0,0,None,Resolved Genuine,Standard Habitual Purchase,0
TXN-CUST_MONISHA_001-10265,2026-07-12 08:49:34,2026-07-12,08:49:34,8,6,1,0,CUST_MONISHA_001,420,Chennai,Tamil Nadu,Low Risk / 3% Fraud Rate,M018,PageTurn Book House,Bookstore,"Academic, Fiction & Stationery",Trichy,Thillai Nagar,Tamil Nadu,620018,10.8282,78.6854,16,850.0,09:00-21:30,"POS,UPI,CARD,ONLINE",Low-value card testing bots,0.008,20,1745.67,INR,PURCHASE,UPI,MOBILE_APP,1,0,Chennai,7.0,0,0,1,DEV-MONISHA-IPHONE-15,mobile_ios,0,BEN-CUST_MONISHA_001-TRUSTED,Trusted Household Vendor,9,0,2,14,0,0,0,None,Resolved Genuine,Standard Habitual Purchase,0
TXN-CUST_MONISHA_001-10266,2026-07-12 10:14:11,2026-07-12,10:14:11,10,6,1,0,CUST_MONISHA_001,420,Chennai,Tamil Nadu,Low Risk / 3% Fraud Rate,M021,GlowCraft Salon,Salon / Beauty,Spa & Grooming Studio,Chennai,Porur,Tamil Nadu,600116,13.0382,80.1565,5,2800.0,09:00-21:00,"POS,UPI,CARD",Unusual late-night transaction spikes,0.011,27,965.02,INR,PURCHASE,CARD,MOBILE_APP,1,0,Chennai,8.0,0,0,1,DEV-MONISHA-IPHONE-15,mobile_ios,0,BEN-CUST_MONISHA_001-TRUSTED,Trusted Household Vendor,11,0,1,9,0,0,0,None,Resolved Genuine,Standard Habitual Purchase,0
TXN-CUST_MONISHA_001-10267,2026-07-12 11:37:54,2026-07-12,11:37:54,11,6,1,0,CUST_MONISHA_001,420,Chennai,Tamil Nadu,Low Risk / 3% Fraud Rate,M013,CartNest Online,E-commerce,Multi-category Marketplace,Chennai,Guindy,Tamil Nadu,600032,13.0067,80.2026,5,6200.0,24_HOURS,"ONLINE,UPI,CARD,NETBANKING",Account takeover + triangulation shipping fraud,0.045,112,2356.39,INR,PURCHASE,UPI,MOBILE_APP,0,0,Chennai,10.0,0,0,1,DEV-MONISHA-IPHONE-15,mobile_ios,0,BEN-CUST_MONISHA_001-TRUSTED,Trusted Household Vendor,6,1,1,13,0,0,0,None,Resolved Genuine,Standard Habitual Purchase,0
TXN-CUST_MONISHA_001-10268,2026-07-12 13:02:33,2026-07-12,13:02:33,13,6,1,0,CUST_MONISHA_001,420,Chennai,Tamil Nadu,Low Risk / 3% Fraud Rate,M011,SkyTrail Travels,Travel Agency,Flight & International Tour Packages,Coimbatore,Gandhipuram,Tamil Nadu,641012,11.0183,76.9664,11,44000.0,09:00-20:00,"ONLINE,TRANSFER,CARD",Mule-account ticket arbitrage & fast cancellation fraud,0.052,130,1489.46,INR,PURCHASE,ONLINE,MOBILE_APP,0,0,Chennai,15.0,0,0,1,DEV-MONISHA-IPHONE-15,mobile_ios,0,BEN-CUST_MONISHA_001-TRUSTED,Trusted Household Vendor,14,1,2,17,0,0,0,None,Resolved Genuine,Standard Habitual Purchase,0
TXN-CUST_MONISHA_001-10269,2026-07-12 14:31:26,2026-07-12,14:31:26,14,6,1,0,CUST_MONISHA_001,420,Chennai,Tamil Nadu,Low Risk / 3% Fraud Rate,M023,SwiftBox Logistics,Courier / Logistics,Express Parcel & Freight Delivery,Tiruppur,Avinashi Road,Tamil Nadu,641603,11.1085,77.3411,9,4200.0,08:00-21:00,"POS,UPI,CARD,ONLINE",Interception fraud / address redirection,0.02,50,2194.3,INR,PURCHASE,CARD,MOBILE_APP,1,0,Chennai,4.0,0,0,1,DEV-MONISHA-IPHONE-15,mobile_ios,0,BEN-CUST_MONISHA_001-TRUSTED,Trusted Household Vendor,11,0,2,14,0,0,0,None,Resolved Genuine,Standard Habitual Purchase,0
TXN-CUST_MONISHA_001-10270,2026-07-12 15:57:07,2026-07-12,15:57:07,15,6,1,0,CUST_MONISHA_001,420,Chennai,Tamil Nadu,Low Risk / 3% Fraud Rate,M018,PageTurn Book House,Bookstore,"Academic, Fiction & Stationery",Trichy,Thillai Nagar,Tamil Nadu,620018,10.8282,78.6854,16,850.0,09:00-21:30,"POS,UPI,CARD,ONLINE",Low-value card testing bots,0.008,20,2298.01,INR,PURCHASE,POS,MOBILE_APP,1,0,Chennai,5.0,0,0,1,DEV-MONISHA-IPHONE-15,mobile_ios,0,BEN-CUST_MONISHA_001-TRUSTED,Trusted Household Vendor,10,0,4,25,0,0,0,None,Resolved Genuine,Standard Habitual Purchase,0
TXN-CUST_MONISHA_001-10271,2026-07-12 17:25:05,2026-07-12,17:25:05,17,6,1,0,CUST_MONISHA_001,420,Chennai,Tamil Nadu,Low Risk / 3% Fraud Rate,M011,SkyTrail Travels,Travel Agency,Flight & International Tour Packages,Coimbatore,Gandhipuram,Tamil Nadu,641012,11.0183,76.9664,11,44000.0,09:00-20:00,"ONLINE,TRANSFER,CARD",Mule-account ticket arbitrage & fast cancellation fraud,0.052,130,2919.53,INR,PURCHASE,ONLINE,MOBILE_APP,0,0,Chennai,6.0,0,0,1,DEV-MONISHA-IPHONE-15,mobile_ios,0,BEN-CUST_MONISHA_001-TRUSTED,Trusted Household Vendor,12,0,1,8,0,0,0,None,Resolved Genuine,Standard Habitual Purchase,0
TXN-CUST_MONISHA_001-10272,2026-07-12 18:48:35,2026-07-12,18:48:35,18,6,1,0,CUST_MONISHA_001,420,Chennai,Tamil Nadu,Low Risk / 3% Fraud Rate,M018,PageTurn Book House,Bookstore,"Academic, Fiction & Stationery",Trichy,Thillai Nagar,Tamil Nadu,620018,10.8282,78.6854,16,850.0,09:00-21:30,"POS,UPI,CARD,ONLINE",Low-value card testing bots,0.008,20,2967.33,INR,PURCHASE,UPI,MOBILE_APP,1,0,Chennai,10.0,0,0,1,DEV-MONISHA-IPHONE-15,mobile_ios,0,BEN-CUST_MONISHA_001-TRUSTED,Trusted Household Vendor,5,0,3,19,0,0,0,None,Resolved Genuine,Standard Habitual Purchase,0
TXN-CUST_MONISHA_001-10273,2026-07-12 20:13:22,2026-07-12,20:13:22,20,6,1,0,CUST_MONISHA_001,420,Chennai,Tamil Nadu,Low Risk / 3% Fraud Rate,M019,ArenaSport World,Sports Retail,Fitness Equipment & Sports Wear,Chennai,Nungambakkam,Tamil Nadu,600034,13.0604,80.2405,6,5600.0,10:00-21:30,"POS,ONLINE,UPI,CARD",Stolen card chargeback on premium sports gear,0.026,65,2730.07,INR,PURCHASE,CARD,MOBILE_APP,1,0,Chennai,8.0,0,0,1,DEV-MONISHA-IPHONE-15,mobile_ios,0,BEN-CUST_MONISHA_001-TRUSTED,Trusted Household Vendor,7,0,3,21,0,0,0,None,Resolved Genuine,Standard Habitual Purchase,0
TXN-CUST_MONISHA_001-10274,2026-07-12 21:39:32,2026-07-12,21:39:32,21,6,1,0,CUST_MONISHA_001,420,Chennai,Tamil Nadu,Low Risk / 3% Fraud Rate,M024,LinkWave Telecom,Telecom Retail,Fiber Broadband & Postpaid Plans,Erode,Perundurai Road,Tamil Nadu,638011,11.341,77.7172,10,1950.0,09:30-20:30,"UPI,CARD,ONLINE,POS",SIM swap bill recharge surges,0.017,42,2640.24,INR,PURCHASE,UPI,MOBILE_APP,1,0,Chennai,3.0,0,0,1,DEV-MONISHA-IPHONE-15,mobile_ios,0,BEN-CUST_MONISHA_001-TRUSTED,Trusted Household Vendor,5,1,4,26,0,0,0,None,Resolved Genuine,Standard Habitual Purchase,0
TXN-CUST_MONISHA_001-10275,2026-07-12 23:03:08,2026-07-12,23:03:08,23,6,1,1,CUST_MONISHA_001,420,Chennai,Tamil Nadu,Low Risk / 3% Fraud Rate,M028,CraftCove Home Decor,Home Decor,Handicrafts & Art Pieces,Thanjavur,Medical College Road,Tamil Nadu,613004,10.7684,79.1245,8,7400.0,09:30-20:30,"POS,UPI,CARD,ONLINE",Cross-border tourist chargebacks,0.023,57,953.93,INR,PURCHASE,UPI,MOBILE_APP,1,0,Chennai,14.0,0,0,1,DEV-MONISHA-IPHONE-15,mobile_ios,0,BEN-CUST_MONISHA_001-TRUSTED,Trusted Household Vendor,9,0,1,9,0,0,0,None,Resolved Genuine,Standard Habitual Purchase,0
TXN-CUST_MONISHA_001-10276,2026-07-13 00:26:57,2026-07-13,00:26:57,0,0,0,1,CUST_MONISHA_001,420,Chennai,Tamil Nadu,Low Risk / 3% Fraud Rate,M005,UrbanThread Studio,Fashion / Apparel,Designer & Ready-to-wear,Chennai,Anna Nagar,Tamil Nadu,600040,13.085,80.2101,5,4800.0,10:30-22:00,"POS,ONLINE,UPI,CARD",Refund abuse / credential stuffing,0.022,55,801.39,INR,PURCHASE,CARD,MOBILE_APP,1,0,Chennai,9.0,0,0,1,DEV-MONISHA-IPHONE-15,mobile_ios,0,BEN-CUST_MONISHA_001-TRUSTED,Trusted Household Vendor,12,0,1,13,0,0,0,None,Resolved Genuine,Standard Habitual Purchase,0
TXN-CUST_MONISHA_001-10277,2026-07-13 01:50:26,2026-07-13,01:50:26,1,0,0,1,CUST_MONISHA_001,420,Chennai,Tamil Nadu,Low Risk / 3% Fraud Rate,M018,PageTurn Book House,Bookstore,"Academic, Fiction & Stationery",Trichy,Thillai Nagar,Tamil Nadu,620018,10.8282,78.6854,16,850.0,09:00-21:30,"POS,UPI,CARD,ONLINE",Low-value card testing bots,0.008,20,2070.85,INR,PURCHASE,CARD,MOBILE_APP,1,0,Chennai,1.0,0,0,1,DEV-MONISHA-IPHONE-15,mobile_ios,0,BEN-CUST_MONISHA_001-TRUSTED,Trusted Household Vendor,11,1,3,14,0,0,0,None,Resolved Genuine,Standard Habitual Purchase,0
TXN-CUST_MONISHA_001-10278,2026-07-13 03:16:51,2026-07-13,03:16:51,3,0,0,1,CUST_MONISHA_001,420,Chennai,Tamil Nadu,Low Risk / 3% Fraud Rate,M023,SwiftBox Logistics,Courier / Logistics,Express Parcel & Freight Delivery,Tiruppur,Avinashi Road,Tamil Nadu,641603,11.1085,77.3411,9,4200.0,08:00-21:00,"POS,UPI,CARD,ONLINE",Interception fraud / address redirection,0.02,50,2357.24,INR,PURCHASE,POS,MOBILE_APP,1,0,Chennai,13.0,0,0,1,DEV-MONISHA-IPHONE-15,mobile_ios,0,BEN-CUST_MONISHA_001-TRUSTED,Trusted Household Vendor,4,0,2,18,0,0,0,None,Resolved Genuine,Standard Habitual Purchase,0
TXN-CUST_MONISHA_001-10279,2026-07-13 04:41:09,2026-07-13,04:41:09,4,0,0,1,CUST_MONISHA_001,420,Chennai,Tamil Nadu,Low Risk / 3% Fraud Rate,M007,SpiceRoute Kitchen,Restaurant,Fine Dining & Chettinad,Chennai,Adyar,Tamil Nadu,600020,13.0012,80.2565,7,2200.0,11:30-23:30,"POS,UPI,CARD",Cloned card POS terminal replay,0.018,45,2230.29,INR,PURCHASE,UPI,MOBILE_APP,1,0,Chennai,5.0,0,0,1,DEV-MONISHA-IPHONE-15,mobile_ios,0,BEN-CUST_MONISHA_001-TRUSTED,Trusted Household Vendor,15,0,3,15,0,0,0,None,Resolved Genuine,Standard Habitual Purchase,0
TXN-CUST_MONISHA_001-10280,2026-07-13 06:06:47,2026-07-13,06:06:47,6,0,0,0,CUST_MONISHA_001,420,Chennai,Tamil Nadu,Low Risk / 3% Fraud Rate,M013,CartNest Online,E-commerce,Multi-category Marketplace,Chennai,Guindy,Tamil Nadu,600032,13.0067,80.2026,5,6200.0,24_HOURS,"ONLINE,UPI,CARD,NETBANKING",Account takeover + triangulation shipping fraud,0.045,112,1854.05,INR,PURCHASE,ONLINE,MOBILE_APP,0,0,Chennai,4.0,0,0,1,DEV-MONISHA-IPHONE-15,mobile_ios,0,BEN-CUST_MONISHA_001-TRUSTED,Trusted Household Vendor,7,0,2,10,0,0,0,None,Resolved Genuine,Standard Habitual Purchase,0
TXN-CUST_MONISHA_001-10281,2026-07-13 07:30:45,2026-07-13,07:30:45,7,0,0,0,CUST_MONISHA_001,420,Chennai,Tamil Nadu,Low Risk / 3% Fraud Rate,M013,CartNest Online,E-commerce,Multi-category Marketplace,Chennai,Guindy,Tamil Nadu,600032,13.0067,80.2026,5,6200.0,24_HOURS,"ONLINE,UPI,CARD,NETBANKING",Account takeover + triangulation shipping fraud,0.045,112,1662.58,INR,PURCHASE,UPI,MOBILE_APP,0,0,Chennai,8.0,0,0,1,DEV-MONISHA-IPHONE-15,mobile_ios,0,BEN-CUST_MONISHA_001-TRUSTED,Trusted Household Vendor,14,1,1,7,0,0,0,None,Resolved Genuine,Standard Habitual Purchase,0
TXN-CUST_MONISHA_001-10282,2026-07-13 08:57:09,2026-07-13,08:57:09,8,0,0,0,CUST_MONISHA_001,420,Chennai,Tamil Nadu,Low Risk / 3% Fraud Rate,M014,OakLine Furnishings,Furniture,Teak Wood & Modern Home Decor,Madurai,Bypass Road,Tamil Nadu,625016,9.932,78.109,12,38000.0,10:00-21:00,"POS,CARD,TRANSFER,EMI",Invoice redirection fraud / fake payment slips,0.029,72,2289.08,INR,PURCHASE,POS,MOBILE_APP,1,0,Chennai,6.0,0,0,1,DEV-MONISHA-IPHONE-15,mobile_ios,0,BEN-CUST_MONISHA_001-TRUSTED,Trusted Household Vendor,11,0,1,9,0,0,0,None,Resolved Genuine,Standard Habitual Purchase,0
TXN-CUST_MONISHA_001-10283,2026-07-13 10:21:49,2026-07-13,10:21:49,10,0,0,0,CUST_MONISHA_001,420,Chennai,Tamil Nadu,Low Risk / 3% Fraud Rate,M028,CraftCove Home Decor,Home Decor,Handicrafts & Art Pieces,Thanjavur,Medical College Road,Tamil Nadu,613004,10.7684,79.1245,8,7400.0,09:30-20:30,"POS,UPI,CARD,ONLINE",Cross-border tourist chargebacks,0.023,57,2399.95,INR,PURCHASE,CARD,MOBILE_APP,1,0,Chennai,10.0,0,0,1,DEV-MONISHA-IPHONE-15,mobile_ios,0,BEN-CUST_MONISHA_001-TRUSTED,Trusted Household Vendor,4,0,1,14,0,0,0,None,Resolved Genuine,Standard Habitual Purchase,0
TXN-CUST_MONISHA_001-10284,2026-07-13 11:48:36,2026-07-13,11:48:36,11,0,0,0,CUST_MONISHA_001,420,Chennai,Tamil Nadu,Low Risk / 3% Fraud Rate,M002,CircuitBay Electronics,Consumer Electronics,Laptops & Gadgets,Chennai,Velachery,Tamil Nadu,600042,12.9759,80.2212,6,32000.0,10:00-21:30,"POS,ONLINE,EMI,UPI",Stolen payment details / high-ticket electronics delivery,0.048,120,1199.69,INR,PURCHASE,ONLINE,MOBILE_APP,1,0,Chennai,14.0,0,0,1,DEV-MONISHA-IPHONE-15,mobile_ios,0,BEN-CUST_MONISHA_001-TRUSTED,Trusted Household Vendor,12,0,2,16,0,0,0,None,Resolved Genuine,Standard Habitual Purchase,0
TXN-CUST_MONISHA_001-10285,2026-07-13 13:17:34,2026-07-13,13:17:34,13,0,0,0,CUST_MONISHA_001,420,Chennai,Tamil Nadu,Low Risk / 3% Fraud Rate,M010,HarborView Residency,Hotel / Hospitality,Business & Luxury Hotel,Chennai,OMR,Tamil Nadu,600096,12.9165,80.2285,6,9500.0,24_HOURS,"ONLINE,POS,CARD,TRANSFER",Online travel booking fraud with stolen corporate credentials,0.041,102,1160.13,INR,PURCHASE,CARD,MOBILE_APP,1,0,Chennai,4.0,0,0,1,DEV-MONISHA-IPHONE-15,mobile_ios,0,BEN-CUST_MONISHA_001-TRUSTED,Trusted Household Vendor,13,0,4,24,0,0,0,None,Resolved Genuine,Standard Habitual Purchase,0
TXN-CUST_MONISHA_001-10286,2026-07-13 14:45:30,2026-07-13,14:45:30,14,0,0,0,CUST_MONISHA_001,420,Chennai,Tamil Nadu,Low Risk / 3% Fraud Rate,M005,UrbanThread Studio,Fashion / Apparel,Designer & Ready-to-wear,Chennai,Anna Nagar,Tamil Nadu,600040,13.085,80.2101,5,4800.0,10:30-22:00,"POS,ONLINE,UPI,CARD",Refund abuse / credential stuffing,0.022,55,13952.15,INR,P2P_TRANSFER,ONLINE,MOBILE_APP,0,0,Mumbai,812.0,1,0,1,DEV-MONISHA-IPHONE-15,mobile_ios,1,BEN-NEW-547,Global Flight Booking,0,4,6,27,1,0,0,Geographic Anomaly / High Ticket Spike,Review Required,Sudden location velocity jump with new merchant,1
TXN-CUST_MONISHA_001-10287,2026-07-13 16:10:57,2026-07-13,16:10:57,16,0,0,0,CUST_MONISHA_001,420,Chennai,Tamil Nadu,Low Risk / 3% Fraud Rate,M025,ShieldSure Services,Insurance Services,General & Health Insurance Premium,Chennai,Egmore,Tamil Nadu,600008,13.0784,80.2607,13,14000.0,09:30-18:00,"ONLINE,NETBANKING,CARD",Premium diversion / fake policy payment slips,0.019,47,2216.44,INR,PURCHASE,CARD,MOBILE_APP,0,0,Chennai,10.0,0,0,1,DEV-MONISHA-IPHONE-15,mobile_ios,0,BEN-CUST_MONISHA_001-TRUSTED,Trusted Household Vendor,3,0,3,18,0,0,0,None,Resolved Genuine,Standard Habitual Purchase,0
TXN-CUST_MONISHA_001-10288,2026-07-13 17:39:03,2026-07-13,17:39:03,17,0,0,0,CUST_MONISHA_001,420,Chennai,Tamil Nadu,Low Risk / 3% Fraud Rate,M015,HomeSphere Appliances,Home Appliances,"Refrigerators, ACs & Kitchen Tech",Coimbatore,Saibaba Colony,Tamil Nadu,641011,11.0315,76.945,9,27500.0,09:30-21:00,"POS,EMI,CARD,UPI",Carding attacks with immediate in-store pickup,0.038,95,1928.01,INR,PURCHASE,EMI,MOBILE_APP,1,0,Chennai,6.0,0,0,1,DEV-MONISHA-IPHONE-15,mobile_ios,0,BEN-CUST_MONISHA_001-TRUSTED,Trusted Household Vendor,9,0,4,24,0,0,0,None,Resolved Genuine,Standard Habitual Purchase,0
TXN-CUST_MONISHA_001-10289,2026-07-13 19:02:57,2026-07-13,19:02:57,19,0,0,0,CUST_MONISHA_001,420,Chennai,Tamil Nadu,Low Risk / 3% Fraud Rate,M020,GameGrid Arena,Gaming,"Esports, Consoles & Virtual Credits",Bengaluru,Koramangala,Karnataka,560095,12.9352,77.6245,4,3400.0,10:00-01:00,"ONLINE,UPI,CARD,WALLET",Virtual item laundering & bot-driven micro transactions,0.055,137,1471.19,INR,PURCHASE,UPI,MOBILE_APP,0,0,Chennai,4.0,0,0,1,DEV-MONISHA-IPHONE-15,mobile_ios,0,BEN-CUST_MONISHA_001-TRUSTED,Trusted Household Vendor,7,0,1,12,0,0,0,None,Resolved Genuine,Standard Habitual Purchase,0
TXN-CUST_MONISHA_001-10290,2026-07-13 20:30:38,2026-07-13,20:30:38,20,0,0,0,CUST_MONISHA_001,420,Chennai,Tamil Nadu,Low Risk / 3% Fraud Rate,M021,GlowCraft Salon,Salon / Beauty,Spa & Grooming Studio,Chennai,Porur,Tamil Nadu,600116,13.0382,80.1565,5,2800.0,09:00-21:00,"POS,UPI,CARD",Unusual late-night transaction spikes,0.011,27,1141.01,INR,PURCHASE,POS,MOBILE_APP,1,0,Chennai,7.0,0,0,1,DEV-MONISHA-IPHONE-15,mobile_ios,0,BEN-CUST_MONISHA_001-TRUSTED,Trusted Household Vendor,4,0,1,10,0,0,0,None,Resolved Genuine,Standard Habitual Purchase,0
TXN-CUST_MONISHA_001-10291,2026-07-13 21:56:42,2026-07-13,21:56:42,21,0,0,0,CUST_MONISHA_001,420,Chennai,Tamil Nadu,Low Risk / 3% Fraud Rate,M025,ShieldSure Services,Insurance Services,General & Health Insurance Premium,Chennai,Egmore,Tamil Nadu,600008,13.0784,80.2607,13,14000.0,09:30-18:00,"ONLINE,NETBANKING,CARD",Premium diversion / fake policy payment slips,0.019,47,1411.25,INR,PURCHASE,CARD,MOBILE_APP,0,0,Chennai,3.0,0,0,1,DEV-MONISHA-IPHONE-15,mobile_ios,0,BEN-CUST_MONISHA_001-TRUSTED,Trusted Household Vendor,10,1,4,26,0,0,0,None,Resolved Genuine,Standard Habitual Purchase,0
TXN-CUST_MONISHA_001-10292,2026-07-13 23:23:10,2026-07-13,23:23:10,23,0,0,1,CUST_MONISHA_001,420,Chennai,Tamil Nadu,Low Risk / 3% Fraud Rate,M004,Aurelia Gold House,Jewellery,Gold & Diamond Jewellery,Coimbatore,RS Puram,Tamil Nadu,641002,11.0089,76.9514,14,78000.0,10:00-20:30,"POS,CARD,TRANSFER",Account takeover / card-not-present luxury surge,0.065,162,841.45,INR,PURCHASE,POS,MOBILE_APP,1,0,Chennai,6.0,0,0,1,DEV-MONISHA-IPHONE-15,mobile_ios,0,BEN-CUST_MONISHA_001-TRUSTED,Trusted Household Vendor,9,0,3,18,0,0,0,None,Resolved Genuine,Standard Habitual Purchase,0
TXN-CUST_MONISHA_001-10293,2026-07-14 00:49:03,2026-07-14,00:49:03,0,1,0,1,CUST_MONISHA_001,420,Chennai,Tamil Nadu,Low Risk / 3% Fraud Rate,M025,ShieldSure Services,Insurance Services,General & Health Insurance Premium,Chennai,Egmore,Tamil Nadu,600008,13.0784,80.2607,13,14000.0,09:30-18:00,"ONLINE,NETBANKING,CARD",Premium diversion / fake policy payment slips,0.019,47,978.2,INR,PURCHASE,CARD,MOBILE_APP,0,0,Chennai,15.0,0,0,1,DEV-MONISHA-IPHONE-15,mobile_ios,0,BEN-CUST_MONISHA_001-TRUSTED,Trusted Household Vendor,12,0,2,12,0,0,0,None,Resolved Genuine,Standard Habitual Purchase,0
TXN-CUST_MONISHA_001-10294,2026-07-14 02:16:34,2026-07-14,02:16:34,2,1,0,1,CUST_MONISHA_001,420,Chennai,Tamil Nadu,Low Risk / 3% Fraud Rate,M006,MedicoCare Pharmacy,Pharmacy,Medicines & Surgical Supplies,Madurai,KK Nagar,Tamil Nadu,625020,9.9252,78.1498,10,1450.0,24_HOURS,"POS,UPI,CARD,ONLINE",Nighttime micro card testing,0.015,37,1104.89,INR,PURCHASE,UPI,MOBILE_APP,1,0,Chennai,5.0,0,0,1,DEV-MONISHA-IPHONE-15,mobile_ios,0,BEN-CUST_MONISHA_001-TRUSTED,Trusted Household Vendor,4,0,2,16,0,0,0,None,Resolved Genuine,Standard Habitual Purchase,0
TXN-CUST_MONISHA_001-10295,2026-07-14 03:41:37,2026-07-14,03:41:37,3,1,0,1,CUST_MONISHA_001,420,Chennai,Tamil Nadu,Low Risk / 3% Fraud Rate,M010,HarborView Residency,Hotel / Hospitality,Business & Luxury Hotel,Chennai,OMR,Tamil Nadu,600096,12.9165,80.2285,6,9500.0,24_HOURS,"ONLINE,POS,CARD,TRANSFER",Online travel booking fraud with stolen corporate credentials,0.041,102,1913.1,INR,PURCHASE,TRANSFER,MOBILE_APP,1,0,Chennai,2.0,0,0,1,DEV-MONISHA-IPHONE-15,mobile_ios,0,BEN-CUST_MONISHA_001-TRUSTED,Trusted Household Vendor,14,0,2,13,0,0,0,None,Resolved Genuine,Standard Habitual Purchase,0
TXN-CUST_MONISHA_001-10296,2026-07-14 05:07:46,2026-07-14,05:07:46,5,1,0,1,CUST_MONISHA_001,420,Chennai,Tamil Nadu,Low Risk / 3% Fraud Rate,M005,UrbanThread Studio,Fashion / Apparel,Designer & Ready-to-wear,Chennai,Anna Nagar,Tamil Nadu,600040,13.085,80.2101,5,4800.0,10:30-22:00,"POS,ONLINE,UPI,CARD",Refund abuse / credential stuffing,0.022,55,1492.9,INR,PURCHASE,UPI,MOBILE_APP,1,0,Chennai,7.0,0,0,1,DEV-MONISHA-IPHONE-15,mobile_ios,0,BEN-CUST_MONISHA_001-TRUSTED,Trusted Household Vendor,15,0,4,25,0,0,0,None,Resolved Genuine,Standard Habitual Purchase,0
TXN-CUST_MONISHA_001-10297,2026-07-14 06:33:11,2026-07-14,06:33:11,6,1,0,0,CUST_MONISHA_001,420,Chennai,Tamil Nadu,Low Risk / 3% Fraud Rate,M027,BrickHarbor Realty,Real Estate / Property Services,Rental Escrow & Facility Management,Chennai,Porur,Tamil Nadu,600116,13.035,80.16,11,65000.0,09:00-19:00,"TRANSFER,NETBANKING,CARD",Security deposit phishing / escrow hijacking,0.039,97,2707.07,INR,PURCHASE,NETBANKING,MOBILE_APP,0,0,Chennai,11.0,0,0,1,DEV-MONISHA-IPHONE-15,mobile_ios,0,BEN-CUST_MONISHA_001-TRUSTED,Trusted Household Vendor,7,0,2,13,0,0,0,None,Resolved Genuine,Standard Habitual Purchase,0
TXN-CUST_MONISHA_001-10298,2026-07-14 07:59:27,2026-07-14,07:59:27,7,1,0,0,CUST_MONISHA_001,420,Chennai,Tamil Nadu,Low Risk / 3% Fraud Rate,M006,MedicoCare Pharmacy,Pharmacy,Medicines & Surgical Supplies,Madurai,KK Nagar,Tamil Nadu,625020,9.9252,78.1498,10,1450.0,24_HOURS,"POS,UPI,CARD,ONLINE",Nighttime micro card testing,0.015,37,3037.1,INR,PURCHASE,UPI,MOBILE_APP,1,0,Chennai,6.0,0,0,1,DEV-MONISHA-IPHONE-15,mobile_ios,0,BEN-CUST_MONISHA_001-TRUSTED,Trusted Household Vendor,12,0,4,23,0,0,0,None,Resolved Genuine,Standard Habitual Purchase,0
TXN-CUST_MONISHA_001-10299,2026-07-14 09:25:06,2026-07-14,09:25:06,9,1,0,0,CUST_MONISHA_001,420,Chennai,Tamil Nadu,Low Risk / 3% Fraud Rate,M027,BrickHarbor Realty,Real Estate / Property Services,Rental Escrow & Facility Management,Chennai,Porur,Tamil Nadu,600116,13.035,80.16,11,65000.0,09:00-19:00,"TRANSFER,NETBANKING,CARD",Security deposit phishing / escrow hijacking,0.039,97,2618.93,INR,PURCHASE,CARD,MOBILE_APP,0,0,Chennai,6.0,0,0,1,DEV-MONISHA-IPHONE-15,mobile_ios,0,BEN-CUST_MONISHA_001-TRUSTED,Trusted Household Vendor,12,1,2,12,0,0,0,None,Resolved Genuine,Standard Habitual Purchase,0
TXN-CUST_MONISHA_001-10300,2026-07-14 10:52:36,2026-07-14,10:52:36,10,1,0,0,CUST_MONISHA_001,420,Chennai,Tamil Nadu,Low Risk / 3% Fraud Rate,M018,PageTurn Book House,Bookstore,"Academic, Fiction & Stationery",Trichy,Thillai Nagar,Tamil Nadu,620018,10.8282,78.6854,16,850.0,09:00-21:30,"POS,UPI,CARD,ONLINE",Low-value card testing bots,0.008,20,842.98,INR,PURCHASE,CARD,MOBILE_APP,1,0,Chennai,12.0,0,0,1,DEV-MONISHA-IPHONE-15,mobile_ios,0,BEN-CUST_MONISHA_001-TRUSTED,Trusted Household Vendor,10,0,2,11,0,0,0,None,Resolved Genuine,Standard Habitual Purchase,0
TXN-CUST_MONISHA_001-10301,2026-07-14 12:20:55,2026-07-14,12:20:55,12,1,0,0,CUST_MONISHA_001,420,Chennai,Tamil Nadu,Low Risk / 3% Fraud Rate,M026,GreenLeaf Wellness,Health & Wellness,Organic Nutrition & Ayurveda,Trichy,Srirangam,Tamil Nadu,620006,10.8624,78.6947,6,2100.0,08:00-21:00,"POS,UPI,ONLINE,CARD",Subscription card stuffing,0.013,32,2640.41,INR,PURCHASE,ONLINE,MOBILE_APP,1,0,Chennai,11.0,0,0,1,DEV-MONISHA-IPHONE-15,mobile_ios,0,BEN-CUST_MONISHA_001-TRUSTED,Trusted Household Vendor,6,0,3,16,0,0,0,None,Resolved Genuine,Standard Habitual Purchase,0
TXN-CUST_MONISHA_001-10302,2026-07-14 13:48:36,2026-07-14,13:48:36,13,1,0,0,CUST_MONISHA_001,420,Chennai,Tamil Nadu,Low Risk / 3% Fraud Rate,M026,GreenLeaf Wellness,Health & Wellness,Organic Nutrition & Ayurveda,Trichy,Srirangam,Tamil Nadu,620006,10.8624,78.6947,6,2100.0,08:00-21:00,"POS,UPI,ONLINE,CARD",Subscription card stuffing,0.013,32,1662.16,INR,PURCHASE,CARD,MOBILE_APP,1,0,Chennai,8.0,0,0,1,DEV-MONISHA-IPHONE-15,mobile_ios,0,BEN-CUST_MONISHA_001-TRUSTED,Trusted Household Vendor,12,0,4,26,0,0,0,None,Resolved Genuine,Standard Habitual Purchase,0
TXN-CUST_MONISHA_001-10303,2026-07-14 15:15:03,2026-07-14,15:15:03,15,1,0,0,CUST_MONISHA_001,420,Chennai,Tamil Nadu,Low Risk / 3% Fraud Rate,M028,CraftCove Home Decor,Home Decor,Handicrafts & Art Pieces,Thanjavur,Medical College Road,Tamil Nadu,613004,10.7684,79.1245,8,7400.0,09:30-20:30,"POS,UPI,CARD,ONLINE",Cross-border tourist chargebacks,0.023,57,2398.6,INR,PURCHASE,POS,MOBILE_APP,1,0,Chennai,9.0,0,0,1,DEV-MONISHA-IPHONE-15,mobile_ios,0,BEN-CUST_MONISHA_001-TRUSTED,Trusted Household Vendor,14,1,3,15,0,0,0,None,Resolved Genuine,Standard Habitual Purchase,0
TXN-CUST_MONISHA_001-10304,2026-07-14 16:43:03,2026-07-14,16:43:03,16,1,0,0,CUST_MONISHA_001,420,Chennai,Tamil Nadu,Low Risk / 3% Fraud Rate,M022,SkillSpring Academy,Education / Training,Professional Certifications & Tech Bootcamps,Chennai,Mylapore,Tamil Nadu,600004,13.0368,80.2676,8,22000.0,08:30-19:30,"ONLINE,NETBANKING,CARD,UPI",Stolen corporate card enrollments,0.028,70,2335.38,INR,PURCHASE,UPI,MOBILE_APP,0,0,Chennai,3.0,0,0,1,DEV-MONISHA-IPHONE-15,mobile_ios,0,BEN-CUST_MONISHA_001-TRUSTED,Trusted Household Vendor,12,0,1,11,0,0,0,None,Resolved Genuine,Standard Habitual Purchase,0
TXN-CUST_MONISHA_001-10305,2026-07-14 18:12:15,2026-07-14,18:12:15,18,1,0,0,CUST_MONISHA_001,420,Chennai,Tamil Nadu,Low Risk / 3% Fraud Rate,M014,OakLine Furnishings,Furniture,Teak Wood & Modern Home Decor,Madurai,Bypass Road,Tamil Nadu,625016,9.932,78.109,12,38000.0,10:00-21:00,"POS,CARD,TRANSFER,EMI",Invoice redirection fraud / fake payment slips,0.029,72,1027.91,INR,PURCHASE,TRANSFER,MOBILE_APP,1,0,Chennai,2.0,0,0,1,DEV-MONISHA-IPHONE-15,mobile_ios,0,BEN-CUST_MONISHA_001-TRUSTED,Trusted Household Vendor,10,0,2,16,0,0,0,None,Resolved Genuine,Standard Habitual Purchase,0
TXN-CUST_MONISHA_001-10306,2026-07-14 19:38:26,2026-07-14,19:38:26,19,1,0,0,CUST_MONISHA_001,420,Chennai,Tamil Nadu,Low Risk / 3% Fraud Rate,M022,SkillSpring Academy,Education / Training,Professional Certifications & Tech Bootcamps,Chennai,Mylapore,Tamil Nadu,600004,13.0368,80.2676,8,22000.0,08:30-19:30,"ONLINE,NETBANKING,CARD,UPI",Stolen corporate card enrollments,0.028,70,2157.3,INR,PURCHASE,ONLINE,MOBILE_APP,0,0,Chennai,9.0,0,0,1,DEV-MONISHA-IPHONE-15,mobile_ios,0,BEN-CUST_MONISHA_001-TRUSTED,Trusted Household Vendor,10,1,1,10,0,0,0,None,Resolved Genuine,Standard Habitual Purchase,0
TXN-CUST_MONISHA_001-10307,2026-07-14 21:04:20,2026-07-14,21:04:20,21,1,0,0,CUST_MONISHA_001,420,Chennai,Tamil Nadu,Low Risk / 3% Fraud Rate,M003,Pulse Mobile Hub,Mobile Store,Smartphones & Accessories,Chennai,Tambaram,Tamil Nadu,600045,12.9249,80.1278,4,18500.0,09:30-21:30,"POS,UPI,CARD",New device abuse / rapid checkout surge,0.035,87,1051.6,INR,PURCHASE,UPI,MOBILE_APP,1,0,Chennai,12.0,0,0,1,DEV-MONISHA-IPHONE-15,mobile_ios,0,BEN-CUST_MONISHA_001-TRUSTED,Trusted Household Vendor,8,1,3,17,0,0,0,None,Resolved Genuine,Standard Habitual Purchase,0
TXN-CUST_MONISHA_001-10308,2026-07-14 22:30:51,2026-07-14,22:30:51,22,1,0,0,CUST_MONISHA_001,420,Chennai,Tamil Nadu,Low Risk / 3% Fraud Rate,M012,DashDine Delivery,Food Delivery,Quick Commerce & Meal Delivery,Chennai,Sholinganallur,Tamil Nadu,600119,12.901,80.2279,4,520.0,06:00-02:00,"UPI,CARD,ONLINE,WALLET",Promo code abuse / stolen wallet balances,0.014,35,1894.22,INR,PURCHASE,UPI,MOBILE_APP,0,0,Chennai,8.0,0,0,1,DEV-MONISHA-IPHONE-15,mobile_ios,0,BEN-CUST_MONISHA_001-TRUSTED,Trusted Household Vendor,8,0,4,22,0,0,0,None,Resolved Genuine,Standard Habitual Purchase,0
TXN-CUST_MONISHA_001-10309,2026-07-14 23:54:31,2026-07-14,23:54:31,23,1,0,1,CUST_MONISHA_001,420,Chennai,Tamil Nadu,Low Risk / 3% Fraud Rate,M023,SwiftBox Logistics,Courier / Logistics,Express Parcel & Freight Delivery,Tiruppur,Avinashi Road,Tamil Nadu,641603,11.1085,77.3411,9,4200.0,08:00-21:00,"POS,UPI,CARD,ONLINE",Interception fraud / address redirection,0.02,50,1049.3,INR,PURCHASE,UPI,MOBILE_APP,1,0,Chennai,14.0,0,0,1,DEV-MONISHA-IPHONE-15,mobile_ios,0,BEN-CUST_MONISHA_001-TRUSTED,Trusted Household Vendor,13,0,1,9,0,0,0,None,Resolved Genuine,Standard Habitual Purchase,0
TXN-CUST_MONISHA_001-10310,2026-07-15 01:21:01,2026-07-15,01:21:01,1,2,0,1,CUST_MONISHA_001,420,Chennai,Tamil Nadu,Low Risk / 3% Fraud Rate,M018,PageTurn Book House,Bookstore,"Academic, Fiction & Stationery",Trichy,Thillai Nagar,Tamil Nadu,620018,10.8282,78.6854,16,850.0,09:00-21:30,"POS,UPI,CARD,ONLINE",Low-value card testing bots,0.008,20,1154.72,INR,PURCHASE,ONLINE,MOBILE_APP,1,0,Chennai,9.0,0,0,1,DEV-MONISHA-IPHONE-15,mobile_ios,0,BEN-CUST_MONISHA_001-TRUSTED,Trusted Household Vendor,6,0,4,20,0,0,0,None,Resolved Genuine,Standard Habitual Purchase,0
TXN-CUST_MONISHA_001-10311,2026-07-15 02:45:32,2026-07-15,02:45:32,2,2,0,1,CUST_MONISHA_001,420,Chennai,Tamil Nadu,Low Risk / 3% Fraud Rate,M022,SkillSpring Academy,Education / Training,Professional Certifications & Tech Bootcamps,Chennai,Mylapore,Tamil Nadu,600004,13.0368,80.2676,8,22000.0,08:30-19:30,"ONLINE,NETBANKING,CARD,UPI",Stolen corporate card enrollments,0.028,70,1791.19,INR,PURCHASE,UPI,MOBILE_APP,0,0,Chennai,1.0,0,0,1,DEV-MONISHA-IPHONE-15,mobile_ios,0,BEN-CUST_MONISHA_001-TRUSTED,Trusted Household Vendor,10,0,2,16,0,0,0,None,Resolved Genuine,Standard Habitual Purchase,0
TXN-CUST_MONISHA_001-10312,2026-07-15 04:08:58,2026-07-15,04:08:58,4,2,0,1,CUST_MONISHA_001,420,Chennai,Tamil Nadu,Low Risk / 3% Fraud Rate,M007,SpiceRoute Kitchen,Restaurant,Fine Dining & Chettinad,Chennai,Adyar,Tamil Nadu,600020,13.0012,80.2565,7,2200.0,11:30-23:30,"POS,UPI,CARD",Cloned card POS terminal replay,0.018,45,1261.54,INR,PURCHASE,POS,MOBILE_APP,1,0,Chennai,13.0,0,0,1,DEV-MONISHA-IPHONE-15,mobile_ios,0,BEN-CUST_MONISHA_001-TRUSTED,Trusted Household Vendor,12,0,1,14,0,0,0,None,Resolved Genuine,Standard Habitual Purchase,0
TXN-CUST_MONISHA_001-10313,2026-07-15 05:33:29,2026-07-15,05:33:29,5,2,0,1,CUST_MONISHA_001,420,Chennai,Tamil Nadu,Low Risk / 3% Fraud Rate,M011,SkyTrail Travels,Travel Agency,Flight & International Tour Packages,Coimbatore,Gandhipuram,Tamil Nadu,641012,11.0183,76.9664,11,44000.0,09:00-20:00,"ONLINE,TRANSFER,CARD",Mule-account ticket arbitrage & fast cancellation fraud,0.052,130,1241.15,INR,PURCHASE,CARD,MOBILE_APP,0,0,Chennai,2.0,0,0,1,DEV-MONISHA-IPHONE-15,mobile_ios,0,BEN-CUST_MONISHA_001-TRUSTED,Trusted Household Vendor,11,0,4,23,0,0,0,None,Resolved Genuine,Standard Habitual Purchase,0
TXN-CUST_MONISHA_001-10314,2026-07-15 07:00:28,2026-07-15,07:00:28,7,2,0,0,CUST_MONISHA_001,420,Chennai,Tamil Nadu,Low Risk / 3% Fraud Rate,M020,GameGrid Arena,Gaming,"Esports, Consoles & Virtual Credits",Bengaluru,Koramangala,Karnataka,560095,12.9352,77.6245,4,3400.0,10:00-01:00,"ONLINE,UPI,CARD,WALLET",Virtual item laundering & bot-driven micro transactions,0.055,137,1698.55,INR,PURCHASE,UPI,MOBILE_APP,0,0,Chennai,2.0,0,0,1,DEV-MONISHA-IPHONE-15,mobile_ios,0,BEN-CUST_MONISHA_001-TRUSTED,Trusted Household Vendor,12,0,4,22,0,0,0,None,Resolved Genuine,Standard Habitual Purchase,0
TXN-CUST_MONISHA_001-10315,2026-07-15 08:29:23,2026-07-15,08:29:23,8,2,0,0,CUST_MONISHA_001,420,Chennai,Tamil Nadu,Low Risk / 3% Fraud Rate,M019,ArenaSport World,Sports Retail,Fitness Equipment & Sports Wear,Chennai,Nungambakkam,Tamil Nadu,600034,13.0604,80.2405,6,5600.0,10:00-21:30,"POS,ONLINE,UPI,CARD",Stolen card chargeback on premium sports gear,0.026,65,978.32,INR,PURCHASE,POS,MOBILE_APP,1,0,Chennai,3.0,0,0,1,DEV-MONISHA-IPHONE-15,mobile_ios,0,BEN-CUST_MONISHA_001-TRUSTED,Trusted Household Vendor,7,0,2,12,0,0,0,None,Resolved Genuine,Standard Habitual Purchase,0
TXN-CUST_MONISHA_001-10316,2026-07-15 09:55:01,2026-07-15,09:55:01,9,2,0,0,CUST_MONISHA_001,420,Chennai,Tamil Nadu,Low Risk / 3% Fraud Rate,M005,UrbanThread Studio,Fashion / Apparel,Designer & Ready-to-wear,Chennai,Anna Nagar,Tamil Nadu,600040,13.085,80.2101,5,4800.0,10:30-22:00,"POS,ONLINE,UPI,CARD",Refund abuse / credential stuffing,0.022,55,1975.33,INR,PURCHASE,ONLINE,MOBILE_APP,1,0,Chennai,7.0,0,0,1,DEV-MONISHA-IPHONE-15,mobile_ios,0,BEN-CUST_MONISHA_001-TRUSTED,Trusted Household Vendor,9,0,4,25,0,0,0,None,Resolved Genuine,Standard Habitual Purchase,0
TXN-CUST_MONISHA_001-10317,2026-07-15 11:22:14,2026-07-15,11:22:14,11,2,0,0,CUST_MONISHA_001,420,Chennai,Tamil Nadu,Low Risk / 3% Fraud Rate,M023,SwiftBox Logistics,Courier / Logistics,Express Parcel & Freight Delivery,Tiruppur,Avinashi Road,Tamil Nadu,641603,11.1085,77.3411,9,4200.0,08:00-21:00,"POS,UPI,CARD,ONLINE",Interception fraud / address redirection,0.02,50,2930.84,INR,PURCHASE,CARD,MOBILE_APP,1,0,Chennai,15.0,0,0,1,DEV-MONISHA-IPHONE-15,mobile_ios,0,BEN-CUST_MONISHA_001-TRUSTED,Trusted Household Vendor,10,0,2,12,0,0,0,None,Resolved Genuine,Standard Habitual Purchase,0
TXN-CUST_MONISHA_001-10318,2026-07-15 12:46:45,2026-07-15,12:46:45,12,2,0,0,CUST_MONISHA_001,420,Chennai,Tamil Nadu,Low Risk / 3% Fraud Rate,M027,BrickHarbor Realty,Real Estate / Property Services,Rental Escrow & Facility Management,Chennai,Porur,Tamil Nadu,600116,13.035,80.16,11,65000.0,09:00-19:00,"TRANSFER,NETBANKING,CARD",Security deposit phishing / escrow hijacking,0.039,97,1835.34,INR,PURCHASE,TRANSFER,MOBILE_APP,0,0,Chennai,1.0,0,0,1,DEV-MONISHA-IPHONE-15,mobile_ios,0,BEN-CUST_MONISHA_001-TRUSTED,Trusted Household Vendor,10,0,1,9,0,0,0,None,Resolved Genuine,Standard Habitual Purchase,0
TXN-CUST_MONISHA_001-10319,2026-07-15 14:15:03,2026-07-15,14:15:03,14,2,0,0,CUST_MONISHA_001,420,Chennai,Tamil Nadu,Low Risk / 3% Fraud Rate,M018,PageTurn Book House,Bookstore,"Academic, Fiction & Stationery",Trichy,Thillai Nagar,Tamil Nadu,620018,10.8282,78.6854,16,850.0,09:00-21:30,"POS,UPI,CARD,ONLINE",Low-value card testing bots,0.008,20,2131.47,INR,P2P_TRANSFER,POS,WEB_PORTAL,0,0,Delhi,725.0,1,1,0,DEV-LAPTOP-CHROME-801,web_browser,1,BEN-NEW-271,Global Flight Booking,0,4,10,42,1,0,0,Geographic Anomaly / High Ticket Spike,Review Required,Sudden location velocity jump with new merchant,1
TXN-CUST_MONISHA_001-10320,2026-07-15 15:43:13,2026-07-15,15:43:13,15,2,0,0,CUST_MONISHA_001,420,Chennai,Tamil Nadu,Low Risk / 3% Fraud Rate,M008,BeanCircuit Cafe,Cafe,Specialty Coffee & Bakery,Bengaluru,Indiranagar,Karnataka,560038,12.9784,77.6408,3,650.0,07:30-23:00,"UPI,POS,CARD",QR code spoofing / fast velocity dining,0.009,22,1463.49,INR,PURCHASE,POS,MOBILE_APP,1,0,Chennai,5.0,0,0,1,DEV-MONISHA-IPHONE-15,mobile_ios,0,BEN-CUST_MONISHA_001-TRUSTED,Trusted Household Vendor,5,0,3,21,0,0,0,None,Resolved Genuine,Standard Habitual Purchase,0
TXN-CUST_MONISHA_001-10321,2026-07-15 17:09:55,2026-07-15,17:09:55,17,2,0,0,CUST_MONISHA_001,420,Chennai,Tamil Nadu,Low Risk / 3% Fraud Rate,M004,Aurelia Gold House,Jewellery,Gold & Diamond Jewellery,Coimbatore,RS Puram,Tamil Nadu,641002,11.0089,76.9514,14,78000.0,10:00-20:30,"POS,CARD,TRANSFER",Account takeover / card-not-present luxury surge,0.065,162,2120.15,INR,PURCHASE,POS,MOBILE_APP,1,0,Chennai,5.0,0,0,1,DEV-MONISHA-IPHONE-15,mobile_ios,0,BEN-CUST_MONISHA_001-TRUSTED,Trusted Household Vendor,11,0,3,21,0,0,0,None,Resolved Genuine,Standard Habitual Purchase,0
TXN-CUST_MONISHA_001-10322,2026-07-15 18:36:36,2026-07-15,18:36:36,18,2,0,0,CUST_MONISHA_001,420,Chennai,Tamil Nadu,Low Risk / 3% Fraud Rate,M014,OakLine Furnishings,Furniture,Teak Wood & Modern Home Decor,Madurai,Bypass Road,Tamil Nadu,625016,9.932,78.109,12,38000.0,10:00-21:00,"POS,CARD,TRANSFER,EMI",Invoice redirection fraud / fake payment slips,0.029,72,1019.65,INR,PURCHASE,POS,MOBILE_APP,1,0,Chennai,14.0,0,0,1,DEV-MONISHA-IPHONE-15,mobile_ios,0,BEN-CUST_MONISHA_001-TRUSTED,Trusted Household Vendor,7,0,2,17,0,0,0,None,Resolved Genuine,Standard Habitual Purchase,0
TXN-CUST_MONISHA_001-10323,2026-07-15 20:01:34,2026-07-15,20:01:34,20,2,0,0,CUST_MONISHA_001,420,Chennai,Tamil Nadu,Low Risk / 3% Fraud Rate,M028,CraftCove Home Decor,Home Decor,Handicrafts & Art Pieces,Thanjavur,Medical College Road,Tamil Nadu,613004,10.7684,79.1245,8,7400.0,09:30-20:30,"POS,UPI,CARD,ONLINE",Cross-border tourist chargebacks,0.023,57,2691.14,INR,PURCHASE,UPI,MOBILE_APP,1,0,Chennai,8.0,0,0,1,DEV-MONISHA-IPHONE-15,mobile_ios,0,BEN-CUST_MONISHA_001-TRUSTED,Trusted Household Vendor,15,0,1,9,0,0,0,None,Resolved Genuine,Standard Habitual Purchase,0
TXN-CUST_MONISHA_001-10324,2026-07-15 21:29:50,2026-07-15,21:29:50,21,2,0,0,CUST_MONISHA_001,420,Chennai,Tamil Nadu,Low Risk / 3% Fraud Rate,M019,ArenaSport World,Sports Retail,Fitness Equipment & Sports Wear,Chennai,Nungambakkam,Tamil Nadu,600034,13.0604,80.2405,6,5600.0,10:00-21:30,"POS,ONLINE,UPI,CARD",Stolen card chargeback on premium sports gear,0.026,65,2392.57,INR,PURCHASE,ONLINE,MOBILE_APP,1,0,Chennai,14.0,0,0,1,DEV-MONISHA-IPHONE-15,mobile_ios,0,BEN-CUST_MONISHA_001-TRUSTED,Trusted Household Vendor,5,0,4,21,0,0,0,None,Resolved Genuine,Standard Habitual Purchase,0
TXN-CUST_MONISHA_001-10325,2026-07-15 22:58:07,2026-07-15,22:58:07,22,2,0,0,CUST_MONISHA_001,420,Chennai,Tamil Nadu,Low Risk / 3% Fraud Rate,M026,GreenLeaf Wellness,Health & Wellness,Organic Nutrition & Ayurveda,Trichy,Srirangam,Tamil Nadu,620006,10.8624,78.6947,6,2100.0,08:00-21:00,"POS,UPI,ONLINE,CARD",Subscription card stuffing,0.013,32,918.9,INR,PURCHASE,ONLINE,MOBILE_APP,1,0,Chennai,6.0,0,0,1,DEV-MONISHA-IPHONE-15,mobile_ios,0,BEN-CUST_MONISHA_001-TRUSTED,Trusted Household Vendor,8,0,2,14,0,0,0,None,Resolved Genuine,Standard Habitual Purchase,0
TXN-CUST_MONISHA_001-10326,2026-07-16 00:24:57,2026-07-16,00:24:57,0,3,0,1,CUST_MONISHA_001,420,Chennai,Tamil Nadu,Low Risk / 3% Fraud Rate,M028,CraftCove Home Decor,Home Decor,Handicrafts & Art Pieces,Thanjavur,Medical College Road,Tamil Nadu,613004,10.7684,79.1245,8,7400.0,09:30-20:30,"POS,UPI,CARD,ONLINE",Cross-border tourist chargebacks,0.023,57,1983.73,INR,PURCHASE,ONLINE,MOBILE_APP,1,0,Chennai,15.0,0,0,1,DEV-MONISHA-IPHONE-15,mobile_ios,0,BEN-CUST_MONISHA_001-TRUSTED,Trusted Household Vendor,5,0,1,6,0,0,0,None,Resolved Genuine,Standard Habitual Purchase,0
TXN-CUST_MONISHA_001-10327,2026-07-16 01:54:19,2026-07-16,01:54:19,1,3,0,1,CUST_MONISHA_001,420,Chennai,Tamil Nadu,Low Risk / 3% Fraud Rate,M028,CraftCove Home Decor,Home Decor,Handicrafts & Art Pieces,Thanjavur,Medical College Road,Tamil Nadu,613004,10.7684,79.1245,8,7400.0,09:30-20:30,"POS,UPI,CARD,ONLINE",Cross-border tourist chargebacks,0.023,57,20115.09,INR,P2P_TRANSFER,ONLINE,MOBILE_APP,0,0,Mumbai,555.0,1,0,1,DEV-MONISHA-IPHONE-15,mobile_ios,1,BEN-NEW-353,Global Flight Booking,0,2,9,45,1,0,0,Geographic Anomaly / High Ticket Spike,Review Required,Sudden location velocity jump with new merchant,1
TXN-CUST_MONISHA_001-10328,2026-07-16 03:18:34,2026-07-16,03:18:34,3,3,0,1,CUST_MONISHA_001,420,Chennai,Tamil Nadu,Low Risk / 3% Fraud Rate,M021,GlowCraft Salon,Salon / Beauty,Spa & Grooming Studio,Chennai,Porur,Tamil Nadu,600116,13.0382,80.1565,5,2800.0,09:00-21:00,"POS,UPI,CARD",Unusual late-night transaction spikes,0.011,27,1408.8,INR,PURCHASE,POS,MOBILE_APP,1,0,Chennai,7.0,0,0,1,DEV-MONISHA-IPHONE-15,mobile_ios,0,BEN-CUST_MONISHA_001-TRUSTED,Trusted Household Vendor,13,0,1,12,0,0,0,None,Resolved Genuine,Standard Habitual Purchase,0
TXN-CUST_MONISHA_001-10329,2026-07-16 04:45:03,2026-07-16,04:45:03,4,3,0,1,CUST_MONISHA_001,420,Chennai,Tamil Nadu,Low Risk / 3% Fraud Rate,M009,RapidFuel Station,Fuel Station,"Petrol, Diesel & EV Fast Charge",Salem,Fairlands,Tamil Nadu,636016,11.6643,78.146,9,3100.0,24_HOURS,"POS,FLEET_CARD,UPI",Automated fleet card skimming,0.024,60,2405.61,INR,PURCHASE,UPI,MOBILE_APP,1,0,Chennai,15.0,0,0,1,DEV-MONISHA-IPHONE-15,mobile_ios,0,BEN-CUST_MONISHA_001-TRUSTED,Trusted Household Vendor,8,0,4,18,0,0,0,None,Resolved Genuine,Standard Habitual Purchase,0
TXN-CUST_MONISHA_001-10330,2026-07-16 06:13:40,2026-07-16,06:13:40,6,3,0,0,CUST_MONISHA_001,420,Chennai,Tamil Nadu,Low Risk / 3% Fraud Rate,M028,CraftCove Home Decor,Home Decor,Handicrafts & Art Pieces,Thanjavur,Medical College Road,Tamil Nadu,613004,10.7684,79.1245,8,7400.0,09:30-20:30,"POS,UPI,CARD,ONLINE",Cross-border tourist chargebacks,0.023,57,2494.57,INR,PURCHASE,ONLINE,MOBILE_APP,1,0,Chennai,12.0,0,0,1,DEV-MONISHA-IPHONE-15,mobile_ios,0,BEN-CUST_MONISHA_001-TRUSTED,Trusted Household Vendor,4,0,3,17,0,0,0,None,Resolved Genuine,Standard Habitual Purchase,0
TXN-CUST_MONISHA_001-10331,2026-07-16 07:42:53,2026-07-16,07:42:53,7,3,0,0,CUST_MONISHA_001,420,Chennai,Tamil Nadu,Low Risk / 3% Fraud Rate,M027,BrickHarbor Realty,Real Estate / Property Services,Rental Escrow & Facility Management,Chennai,Porur,Tamil Nadu,600116,13.035,80.16,11,65000.0,09:00-19:00,"TRANSFER,NETBANKING,CARD",Security deposit phishing / escrow hijacking,0.039,97,1275.73,INR,PURCHASE,CARD,MOBILE_APP,0,0,Chennai,5.0,0,0,1,DEV-MONISHA-IPHONE-15,mobile_ios,0,BEN-CUST_MONISHA_001-TRUSTED,Trusted Household Vendor,8,0,3,16,0,0,0,None,Resolved Genuine,Standard Habitual Purchase,0
TXN-CUST_MONISHA_001-10332,2026-07-16 09:09:40,2026-07-16,09:09:40,9,3,0,0,CUST_MONISHA_001,420,Chennai,Tamil Nadu,Low Risk / 3% Fraud Rate,M016,MotoCare Garage,Auto Service,Car Service & Detailing Hub,Chennai,Pallikaranai,Tamil Nadu,600100,12.9372,80.2014,7,8900.0,08:30-20:30,"POS,UPI,CARD",Over-invoicing / synthetic card payments,0.021,52,2624.63,INR,PURCHASE,POS,MOBILE_APP,1,0,Chennai,15.0,0,0,1,DEV-MONISHA-IPHONE-15,mobile_ios,0,BEN-CUST_MONISHA_001-TRUSTED,Trusted Household Vendor,3,0,1,13,0,0,0,None,Resolved Genuine,Standard Habitual Purchase,0
TXN-CUST_MONISHA_001-10333,2026-07-16 10:33:10,2026-07-16,10:33:10,10,3,0,0,CUST_MONISHA_001,420,Chennai,Tamil Nadu,Low Risk / 3% Fraud Rate,M028,CraftCove Home Decor,Home Decor,Handicrafts & Art Pieces,Thanjavur,Medical College Road,Tamil Nadu,613004,10.7684,79.1245,8,7400.0,09:30-20:30,"POS,UPI,CARD,ONLINE",Cross-border tourist chargebacks,0.023,57,1149.68,INR,PURCHASE,UPI,MOBILE_APP,1,0,Chennai,8.0,0,0,1,DEV-MONISHA-IPHONE-15,mobile_ios,0,BEN-CUST_MONISHA_001-TRUSTED,Trusted Household Vendor,6,1,4,22,0,0,0,None,Resolved Genuine,Standard Habitual Purchase,0
TXN-CUST_MONISHA_001-10334,2026-07-16 11:57:32,2026-07-16,11:57:32,11,3,0,0,CUST_MONISHA_001,420,Chennai,Tamil Nadu,Low Risk / 3% Fraud Rate,M029,CloudDesk Digital,Software / Digital Services,Cloud Infrastructure & SaaS Tools,Bengaluru,Whitefield,Karnataka,560066,12.9698,77.7499,7,19800.0,24_HOURS,"ONLINE,CARD,TRANSFER",Cryptomining VM rental with stolen credit cards,0.058,145,1421.21,INR,PURCHASE,TRANSFER,MOBILE_APP,0,0,Chennai,11.0,0,0,1,DEV-MONISHA-IPHONE-15,mobile_ios,0,BEN-CUST_MONISHA_001-TRUSTED,Trusted Household Vendor,8,0,1,8,0,0,0,None,Resolved Genuine,Standard Habitual Purchase,0
TXN-CUST_MONISHA_001-10335,2026-07-16 13:21:14,2026-07-16,13:21:14,13,3,0,0,CUST_MONISHA_001,420,Chennai,Tamil Nadu,Low Risk / 3% Fraud Rate,M021,GlowCraft Salon,Salon / Beauty,Spa & Grooming Studio,Chennai,Porur,Tamil Nadu,600116,13.0382,80.1565,5,2800.0,09:00-21:00,"POS,UPI,CARD",Unusual late-night transaction spikes,0.011,27,1494.89,INR,PURCHASE,POS,MOBILE_APP,1,0,Chennai,12.0,0,0,1,DEV-MONISHA-IPHONE-15,mobile_ios,0,BEN-CUST_MONISHA_001-TRUSTED,Trusted Household Vendor,13,0,4,19,0,0,0,None,Resolved Genuine,Standard Habitual Purchase,0
TXN-CUST_MONISHA_001-10336,2026-07-16 14:44:39,2026-07-16,14:44:39,14,3,0,0,CUST_MONISHA_001,420,Chennai,Tamil Nadu,Low Risk / 3% Fraud Rate,M016,MotoCare Garage,Auto Service,Car Service & Detailing Hub,Chennai,Pallikaranai,Tamil Nadu,600100,12.9372,80.2014,7,8900.0,08:30-20:30,"POS,UPI,CARD",Over-invoicing / synthetic card payments,0.021,52,962.38,INR,PURCHASE,POS,MOBILE_APP,1,0,Chennai,10.0,0,0,1,DEV-MONISHA-IPHONE-15,mobile_ios,0,BEN-CUST_MONISHA_001-TRUSTED,Trusted Household Vendor,3,0,4,23,0,0,0,None,Resolved Genuine,Standard Habitual Purchase,0
TXN-CUST_MONISHA_001-10337,2026-07-16 16:12:57,2026-07-16,16:12:57,16,3,0,0,CUST_MONISHA_001,420,Chennai,Tamil Nadu,Low Risk / 3% Fraud Rate,M028,CraftCove Home Decor,Home Decor,Handicrafts & Art Pieces,Thanjavur,Medical College Road,Tamil Nadu,613004,10.7684,79.1245,8,7400.0,09:30-20:30,"POS,UPI,CARD,ONLINE",Cross-border tourist chargebacks,0.023,57,1768.21,INR,PURCHASE,POS,MOBILE_APP,1,0,Chennai,3.0,0,0,1,DEV-MONISHA-IPHONE-15,mobile_ios,0,BEN-CUST_MONISHA_001-TRUSTED,Trusted Household Vendor,9,0,2,11,0,0,0,None,Resolved Genuine,Standard Habitual Purchase,0
TXN-CUST_MONISHA_001-10338,2026-07-16 17:36:58,2026-07-16,17:36:58,17,3,0,0,CUST_MONISHA_001,420,Chennai,Tamil Nadu,Low Risk / 3% Fraud Rate,M012,DashDine Delivery,Food Delivery,Quick Commerce & Meal Delivery,Chennai,Sholinganallur,Tamil Nadu,600119,12.901,80.2279,4,520.0,06:00-02:00,"UPI,CARD,ONLINE,WALLET",Promo code abuse / stolen wallet balances,0.014,35,2841.51,INR,PURCHASE,CARD,MOBILE_APP,0,0,Chennai,3.0,0,0,1,DEV-MONISHA-IPHONE-15,mobile_ios,0,BEN-CUST_MONISHA_001-TRUSTED,Trusted Household Vendor,13,0,2,11,0,0,0,None,Resolved Genuine,Standard Habitual Purchase,0
TXN-CUST_MONISHA_001-10339,2026-07-16 19:03:33,2026-07-16,19:03:33,19,3,0,0,CUST_MONISHA_001,420,Chennai,Tamil Nadu,Low Risk / 3% Fraud Rate,M001,NovaMart Fresh,Grocery & Supermarket,Supermarket / Hypermarket,Chennai,T Nagar,Tamil Nadu,600017,13.0418,80.2341,8,1250.0,07:00-22:30,"POS,UPI,CARD,ONLINE",Card testing / micro-burst velocity,0.012,30,2208.15,INR,PURCHASE,UPI,MOBILE_APP,1,0,Chennai,3.0,0,0,1,DEV-MONISHA-IPHONE-15,mobile_ios,0,BEN-CUST_MONISHA_001-TRUSTED,Trusted Household Vendor,13,0,2,16,0,0,0,None,Resolved Genuine,Standard Habitual Purchase,0
TXN-CUST_MONISHA_001-10340,2026-07-16 20:30:39,2026-07-16,20:30:39,20,3,0,0,CUST_MONISHA_001,420,Chennai,Tamil Nadu,Low Risk / 3% Fraud Rate,M015,HomeSphere Appliances,Home Appliances,"Refrigerators, ACs & Kitchen Tech",Coimbatore,Saibaba Colony,Tamil Nadu,641011,11.0315,76.945,9,27500.0,09:30-21:00,"POS,EMI,CARD,UPI",Carding attacks with immediate in-store pickup,0.038,95,2792.31,INR,PURCHASE,POS,MOBILE_APP,1,0,Chennai,2.0,0,0,1,DEV-MONISHA-IPHONE-15,mobile_ios,0,BEN-CUST_MONISHA_001-TRUSTED,Trusted Household Vendor,15,0,2,16,0,0,0,None,Resolved Genuine,Standard Habitual Purchase,0
TXN-CUST_MONISHA_001-10341,2026-07-16 21:56:09,2026-07-16,21:56:09,21,3,0,0,CUST_MONISHA_001,420,Chennai,Tamil Nadu,Low Risk / 3% Fraud Rate,M014,OakLine Furnishings,Furniture,Teak Wood & Modern Home Decor,Madurai,Bypass Road,Tamil Nadu,625016,9.932,78.109,12,38000.0,10:00-21:00,"POS,CARD,TRANSFER,EMI",Invoice redirection fraud / fake payment slips,0.029,72,1515.94,INR,PURCHASE,TRANSFER,MOBILE_APP,1,0,Chennai,3.0,0,0,1,DEV-MONISHA-IPHONE-15,mobile_ios,0,BEN-CUST_MONISHA_001-TRUSTED,Trusted Household Vendor,6,0,1,6,0,0,0,None,Resolved Genuine,Standard Habitual Purchase,0
TXN-CUST_MONISHA_001-10342,2026-07-16 23:24:38,2026-07-16,23:24:38,23,3,0,1,CUST_MONISHA_001,420,Chennai,Tamil Nadu,Low Risk / 3% Fraud Rate,M022,SkillSpring Academy,Education / Training,Professional Certifications & Tech Bootcamps,Chennai,Mylapore,Tamil Nadu,600004,13.0368,80.2676,8,22000.0,08:30-19:30,"ONLINE,NETBANKING,CARD,UPI",Stolen corporate card enrollments,0.028,70,2829.44,INR,PURCHASE,UPI,MOBILE_APP,0,0,Chennai,4.0,0,0,1,DEV-MONISHA-IPHONE-15,mobile_ios,0,BEN-CUST_MONISHA_001-TRUSTED,Trusted Household Vendor,14,0,2,14,0,0,0,None,Resolved Genuine,Standard Habitual Purchase,0
TXN-CUST_MONISHA_001-10343,2026-07-17 00:51:55,2026-07-17,00:51:55,0,4,0,1,CUST_MONISHA_001,420,Chennai,Tamil Nadu,Low Risk / 3% Fraud Rate,M026,GreenLeaf Wellness,Health & Wellness,Organic Nutrition & Ayurveda,Trichy,Srirangam,Tamil Nadu,620006,10.8624,78.6947,6,2100.0,08:00-21:00,"POS,UPI,ONLINE,CARD",Subscription card stuffing,0.013,32,2881.12,INR,PURCHASE,CARD,MOBILE_APP,1,0,Chennai,4.0,0,0,1,DEV-MONISHA-IPHONE-15,mobile_ios,0,BEN-CUST_MONISHA_001-TRUSTED,Trusted Household Vendor,6,0,1,7,0,0,0,None,Resolved Genuine,Standard Habitual Purchase,0
TXN-CUST_MONISHA_001-10344,2026-07-17 02:18:29,2026-07-17,02:18:29,2,4,0,1,CUST_MONISHA_001,420,Chennai,Tamil Nadu,Low Risk / 3% Fraud Rate,M001,NovaMart Fresh,Grocery & Supermarket,Supermarket / Hypermarket,Chennai,T Nagar,Tamil Nadu,600017,13.0418,80.2341,8,1250.0,07:00-22:30,"POS,UPI,CARD,ONLINE",Card testing / micro-burst velocity,0.012,30,3089.31,INR,PURCHASE,ONLINE,MOBILE_APP,1,0,Chennai,15.0,0,0,1,DEV-MONISHA-IPHONE-15,mobile_ios,0,BEN-CUST_MONISHA_001-TRUSTED,Trusted Household Vendor,12,0,4,23,0,0,0,None,Resolved Genuine,Standard Habitual Purchase,0
TXN-CUST_MONISHA_001-10345,2026-07-17 03:45:10,2026-07-17,03:45:10,3,4,0,1,CUST_MONISHA_001,420,Chennai,Tamil Nadu,Low Risk / 3% Fraud Rate,M006,MedicoCare Pharmacy,Pharmacy,Medicines & Surgical Supplies,Madurai,KK Nagar,Tamil Nadu,625020,9.9252,78.1498,10,1450.0,24_HOURS,"POS,UPI,CARD,ONLINE",Nighttime micro card testing,0.015,37,2564.78,INR,PURCHASE,CARD,MOBILE_APP,1,0,Chennai,13.0,0,0,1,DEV-MONISHA-IPHONE-15,mobile_ios,0,BEN-CUST_MONISHA_001-TRUSTED,Trusted Household Vendor,3,1,1,9,0,0,0,None,Resolved Genuine,Standard Habitual Purchase,0
TXN-CUST_MONISHA_001-10346,2026-07-17 05:08:48,2026-07-17,05:08:48,5,4,0,1,CUST_MONISHA_001,420,Chennai,Tamil Nadu,Low Risk / 3% Fraud Rate,M002,CircuitBay Electronics,Consumer Electronics,Laptops & Gadgets,Chennai,Velachery,Tamil Nadu,600042,12.9759,80.2212,6,32000.0,10:00-21:30,"POS,ONLINE,EMI,UPI",Stolen payment details / high-ticket electronics delivery,0.048,120,2999.91,INR,PURCHASE,UPI,MOBILE_APP,1,0,Chennai,7.0,0,0,1,DEV-MONISHA-IPHONE-15,mobile_ios,0,BEN-CUST_MONISHA_001-TRUSTED,Trusted Household Vendor,9,0,4,19,0,0,0,None,Resolved Genuine,Standard Habitual Purchase,0
TXN-CUST_MONISHA_001-10347,2026-07-17 06:36:03,2026-07-17,06:36:03,6,4,0,0,CUST_MONISHA_001,420,Chennai,Tamil Nadu,Low Risk / 3% Fraud Rate,M018,PageTurn Book House,Bookstore,"Academic, Fiction & Stationery",Trichy,Thillai Nagar,Tamil Nadu,620018,10.8282,78.6854,16,850.0,09:00-21:30,"POS,UPI,CARD,ONLINE",Low-value card testing bots,0.008,20,2221.55,INR,PURCHASE,UPI,MOBILE_APP,1,0,Chennai,5.0,0,0,1,DEV-MONISHA-IPHONE-15,mobile_ios,0,BEN-CUST_MONISHA_001-TRUSTED,Trusted Household Vendor,11,1,1,8,0,0,0,None,Resolved Genuine,Standard Habitual Purchase,0
TXN-CUST_MONISHA_001-10348,2026-07-17 08:02:40,2026-07-17,08:02:40,8,4,0,0,CUST_MONISHA_001,420,Chennai,Tamil Nadu,Low Risk / 3% Fraud Rate,M013,CartNest Online,E-commerce,Multi-category Marketplace,Chennai,Guindy,Tamil Nadu,600032,13.0067,80.2026,5,6200.0,24_HOURS,"ONLINE,UPI,CARD,NETBANKING",Account takeover + triangulation shipping fraud,0.045,112,2152.26,INR,PURCHASE,NETBANKING,MOBILE_APP,0,0,Chennai,13.0,0,0,1,DEV-MONISHA-IPHONE-15,mobile_ios,0,BEN-CUST_MONISHA_001-TRUSTED,Trusted Household Vendor,7,0,1,9,0,0,0,None,Resolved Genuine,Standard Habitual Purchase,0
TXN-CUST_MONISHA_001-10349,2026-07-17 09:26:25,2026-07-17,09:26:25,9,4,0,0,CUST_MONISHA_001,420,Chennai,Tamil Nadu,Low Risk / 3% Fraud Rate,M003,Pulse Mobile Hub,Mobile Store,Smartphones & Accessories,Chennai,Tambaram,Tamil Nadu,600045,12.9249,80.1278,4,18500.0,09:30-21:30,"POS,UPI,CARD",New device abuse / rapid checkout surge,0.035,87,2943.63,INR,PURCHASE,CARD,MOBILE_APP,1,0,Chennai,2.0,0,0,1,DEV-MONISHA-IPHONE-15,mobile_ios,0,BEN-CUST_MONISHA_001-TRUSTED,Trusted Household Vendor,7,0,1,8,0,0,0,None,Resolved Genuine,Standard Habitual Purchase,0
TXN-CUST_MONISHA_001-10350,2026-07-17 10:50:32,2026-07-17,10:50:32,10,4,0,0,CUST_MONISHA_001,420,Chennai,Tamil Nadu,Low Risk / 3% Fraud Rate,M023,SwiftBox Logistics,Courier / Logistics,Express Parcel & Freight Delivery,Tiruppur,Avinashi Road,Tamil Nadu,641603,11.1085,77.3411,9,4200.0,08:00-21:00,"POS,UPI,CARD,ONLINE",Interception fraud / address redirection,0.02,50,1101.08,INR,PURCHASE,CARD,MOBILE_APP,1,0,Chennai,1.0,0,0,1,DEV-MONISHA-IPHONE-15,mobile_ios,0,BEN-CUST_MONISHA_001-TRUSTED,Trusted Household Vendor,11,1,3,16,0,0,0,None,Resolved Genuine,Standard Habitual Purchase,0
TXN-CUST_MONISHA_001-10351,2026-07-17 12:16:10,2026-07-17,12:16:10,12,4,0,0,CUST_MONISHA_001,420,Chennai,Tamil Nadu,Low Risk / 3% Fraud Rate,M024,LinkWave Telecom,Telecom Retail,Fiber Broadband & Postpaid Plans,Erode,Perundurai Road,Tamil Nadu,638011,11.341,77.7172,10,1950.0,09:30-20:30,"UPI,CARD,ONLINE,POS",SIM swap bill recharge surges,0.017,42,2607.83,INR,PURCHASE,UPI,MOBILE_APP,1,0,Chennai,5.0,0,0,1,DEV-MONISHA-IPHONE-15,mobile_ios,0,BEN-CUST_MONISHA_001-TRUSTED,Trusted Household Vendor,15,0,1,11,0,0,0,None,Resolved Genuine,Standard Habitual Purchase,0
TXN-CUST_MONISHA_001-10352,2026-07-17 13:44:24,2026-07-17,13:44:24,13,4,0,0,CUST_MONISHA_001,420,Chennai,Tamil Nadu,Low Risk / 3% Fraud Rate,M009,RapidFuel Station,Fuel Station,"Petrol, Diesel & EV Fast Charge",Salem,Fairlands,Tamil Nadu,636016,11.6643,78.146,9,3100.0,24_HOURS,"POS,FLEET_CARD,UPI",Automated fleet card skimming,0.024,60,2005.82,INR,PURCHASE,FLEET_CARD,MOBILE_APP,1,0,Chennai,5.0,0,0,1,DEV-MONISHA-IPHONE-15,mobile_ios,0,BEN-CUST_MONISHA_001-TRUSTED,Trusted Household Vendor,10,0,1,14,0,0,0,None,Resolved Genuine,Standard Habitual Purchase,0
TXN-CUST_MONISHA_001-10353,2026-07-17 15:09:58,2026-07-17,15:09:58,15,4,0,0,CUST_MONISHA_001,420,Chennai,Tamil Nadu,Low Risk / 3% Fraud Rate,M016,MotoCare Garage,Auto Service,Car Service & Detailing Hub,Chennai,Pallikaranai,Tamil Nadu,600100,12.9372,80.2014,7,8900.0,08:30-20:30,"POS,UPI,CARD",Over-invoicing / synthetic card payments,0.021,52,2790.9,INR,PURCHASE,POS,MOBILE_APP,1,0,Chennai,3.0,0,0,1,DEV-MONISHA-IPHONE-15,mobile_ios,0,BEN-CUST_MONISHA_001-TRUSTED,Trusted Household Vendor,15,0,3,15,0,0,0,None,Resolved Genuine,Standard Habitual Purchase,0
TXN-CUST_MONISHA_001-10354,2026-07-17 16:34:44,2026-07-17,16:34:44,16,4,0,0,CUST_MONISHA_001,420,Chennai,Tamil Nadu,Low Risk / 3% Fraud Rate,M017,AutoForge Parts,Spare Parts,OEM Industrial & Auto Components,Hosur,Mookandapalli,Tamil Nadu,635126,12.7409,77.8253,15,16500.0,09:00-19:30,"TRANSFER,POS,CARD",Business email compromise / fake beneficiary update,0.033,82,786.01,INR,PURCHASE,POS,MOBILE_APP,1,0,Chennai,14.0,0,0,1,DEV-MONISHA-IPHONE-15,mobile_ios,0,BEN-CUST_MONISHA_001-TRUSTED,Trusted Household Vendor,3,0,2,15,0,0,0,None,Resolved Genuine,Standard Habitual Purchase,0
TXN-CUST_MONISHA_001-10355,2026-07-17 18:00:26,2026-07-17,18:00:26,18,4,0,0,CUST_MONISHA_001,420,Chennai,Tamil Nadu,Low Risk / 3% Fraud Rate,M005,UrbanThread Studio,Fashion / Apparel,Designer & Ready-to-wear,Chennai,Anna Nagar,Tamil Nadu,600040,13.085,80.2101,5,4800.0,10:30-22:00,"POS,ONLINE,UPI,CARD",Refund abuse / credential stuffing,0.022,55,1198.77,INR,PURCHASE,UPI,MOBILE_APP,1,0,Chennai,14.0,0,0,1,DEV-MONISHA-IPHONE-15,mobile_ios,0,BEN-CUST_MONISHA_001-TRUSTED,Trusted Household Vendor,6,1,4,21,0,0,0,None,Resolved Genuine,Standard Habitual Purchase,0
TXN-CUST_MONISHA_001-10356,2026-07-17 19:26:20,2026-07-17,19:26:20,19,4,0,0,CUST_MONISHA_001,420,Chennai,Tamil Nadu,Low Risk / 3% Fraud Rate,M024,LinkWave Telecom,Telecom Retail,Fiber Broadband & Postpaid Plans,Erode,Perundurai Road,Tamil Nadu,638011,11.341,77.7172,10,1950.0,09:30-20:30,"UPI,CARD,ONLINE,POS",SIM swap bill recharge surges,0.017,42,1528.65,INR,PURCHASE,UPI,MOBILE_APP,1,0,Chennai,14.0,0,0,1,DEV-MONISHA-IPHONE-15,mobile_ios,0,BEN-CUST_MONISHA_001-TRUSTED,Trusted Household Vendor,4,1,3,16,0,0,0,None,Resolved Genuine,Standard Habitual Purchase,0
TXN-CUST_MONISHA_001-10357,2026-07-17 20:51:04,2026-07-17,20:51:04,20,4,0,0,CUST_MONISHA_001,420,Chennai,Tamil Nadu,Low Risk / 3% Fraud Rate,M017,AutoForge Parts,Spare Parts,OEM Industrial & Auto Components,Hosur,Mookandapalli,Tamil Nadu,635126,12.7409,77.8253,15,16500.0,09:00-19:30,"TRANSFER,POS,CARD",Business email compromise / fake beneficiary update,0.033,82,3076.51,INR,PURCHASE,POS,MOBILE_APP,1,0,Chennai,7.0,0,0,1,DEV-MONISHA-IPHONE-15,mobile_ios,0,BEN-CUST_MONISHA_001-TRUSTED,Trusted Household Vendor,7,1,4,23,0,0,0,None,Resolved Genuine,Standard Habitual Purchase,0
TXN-CUST_MONISHA_001-10358,2026-07-17 22:14:59,2026-07-17,22:14:59,22,4,0,0,CUST_MONISHA_001,420,Chennai,Tamil Nadu,Low Risk / 3% Fraud Rate,M015,HomeSphere Appliances,Home Appliances,"Refrigerators, ACs & Kitchen Tech",Coimbatore,Saibaba Colony,Tamil Nadu,641011,11.0315,76.945,9,27500.0,09:30-21:00,"POS,EMI,CARD,UPI",Carding attacks with immediate in-store pickup,0.038,95,798.65,INR,PURCHASE,EMI,MOBILE_APP,1,0,Chennai,4.0,0,0,1,DEV-MONISHA-IPHONE-15,mobile_ios,0,BEN-CUST_MONISHA_001-TRUSTED,Trusted Household Vendor,14,0,3,21,0,0,0,None,Resolved Genuine,Standard Habitual Purchase,0
TXN-CUST_MONISHA_001-10359,2026-07-17 23:40:36,2026-07-17,23:40:36,23,4,0,1,CUST_MONISHA_001,420,Chennai,Tamil Nadu,Low Risk / 3% Fraud Rate,M016,MotoCare Garage,Auto Service,Car Service & Detailing Hub,Chennai,Pallikaranai,Tamil Nadu,600100,12.9372,80.2014,7,8900.0,08:30-20:30,"POS,UPI,CARD",Over-invoicing / synthetic card payments,0.021,52,3114.82,INR,PURCHASE,POS,MOBILE_APP,1,0,Chennai,13.0,0,0,1,DEV-MONISHA-IPHONE-15,mobile_ios,0,BEN-CUST_MONISHA_001-TRUSTED,Trusted Household Vendor,5,1,2,16,0,0,0,None,Resolved Genuine,Standard Habitual Purchase,0
TXN-CUST_MONISHA_001-10360,2026-07-18 01:04:09,2026-07-18,01:04:09,1,5,1,1,CUST_MONISHA_001,420,Chennai,Tamil Nadu,Low Risk / 3% Fraud Rate,M018,PageTurn Book House,Bookstore,"Academic, Fiction & Stationery",Trichy,Thillai Nagar,Tamil Nadu,620018,10.8282,78.6854,16,850.0,09:00-21:30,"POS,UPI,CARD,ONLINE",Low-value card testing bots,0.008,20,1590.63,INR,PURCHASE,POS,MOBILE_APP,1,0,Chennai,14.0,0,0,1,DEV-MONISHA-IPHONE-15,mobile_ios,0,BEN-CUST_MONISHA_001-TRUSTED,Trusted Household Vendor,8,0,1,12,0,0,0,None,Resolved Genuine,Standard Habitual Purchase,0
TXN-CUST_MONISHA_001-10361,2026-07-18 02:32:38,2026-07-18,02:32:38,2,5,1,1,CUST_MONISHA_001,420,Chennai,Tamil Nadu,Low Risk / 3% Fraud Rate,M024,LinkWave Telecom,Telecom Retail,Fiber Broadband & Postpaid Plans,Erode,Perundurai Road,Tamil Nadu,638011,11.341,77.7172,10,1950.0,09:30-20:30,"UPI,CARD,ONLINE,POS",SIM swap bill recharge surges,0.017,42,1499.57,INR,PURCHASE,POS,MOBILE_APP,1,0,Chennai,4.0,0,0,1,DEV-MONISHA-IPHONE-15,mobile_ios,0,BEN-CUST_MONISHA_001-TRUSTED,Trusted Household Vendor,9,0,2,10,0,0,0,None,Resolved Genuine,Standard Habitual Purchase,0
TXN-CUST_MONISHA_001-10362,2026-07-18 04:01:52,2026-07-18,04:01:52,4,5,1,1,CUST_MONISHA_001,420,Chennai,Tamil Nadu,Low Risk / 3% Fraud Rate,M005,UrbanThread Studio,Fashion / Apparel,Designer & Ready-to-wear,Chennai,Anna Nagar,Tamil Nadu,600040,13.085,80.2101,5,4800.0,10:30-22:00,"POS,ONLINE,UPI,CARD",Refund abuse / credential stuffing,0.022,55,2445.27,INR,PURCHASE,CARD,MOBILE_APP,1,0,Chennai,2.0,0,0,1,DEV-MONISHA-IPHONE-15,mobile_ios,0,BEN-CUST_MONISHA_001-TRUSTED,Trusted Household Vendor,11,1,2,15,0,0,0,None,Resolved Genuine,Standard Habitual Purchase,0
TXN-CUST_MONISHA_001-10363,2026-07-18 05:28:01,2026-07-18,05:28:01,5,5,1,1,CUST_MONISHA_001,420,Chennai,Tamil Nadu,Low Risk / 3% Fraud Rate,M024,LinkWave Telecom,Telecom Retail,Fiber Broadband & Postpaid Plans,Erode,Perundurai Road,Tamil Nadu,638011,11.341,77.7172,10,1950.0,09:30-20:30,"UPI,CARD,ONLINE,POS",SIM swap bill recharge surges,0.017,42,978.67,INR,PURCHASE,UPI,MOBILE_APP,1,0,Chennai,2.0,0,0,1,DEV-MONISHA-IPHONE-15,mobile_ios,0,BEN-CUST_MONISHA_001-TRUSTED,Trusted Household Vendor,4,0,4,24,0,0,0,None,Resolved Genuine,Standard Habitual Purchase,0
TXN-CUST_MONISHA_001-10364,2026-07-18 06:55:24,2026-07-18,06:55:24,6,5,1,0,CUST_MONISHA_001,420,Chennai,Tamil Nadu,Low Risk / 3% Fraud Rate,M005,UrbanThread Studio,Fashion / Apparel,Designer & Ready-to-wear,Chennai,Anna Nagar,Tamil Nadu,600040,13.085,80.2101,5,4800.0,10:30-22:00,"POS,ONLINE,UPI,CARD",Refund abuse / credential stuffing,0.022,55,1334.05,INR,PURCHASE,UPI,MOBILE_APP,1,0,Chennai,5.0,0,0,1,DEV-MONISHA-IPHONE-15,mobile_ios,0,BEN-CUST_MONISHA_001-TRUSTED,Trusted Household Vendor,14,0,4,23,0,0,0,None,Resolved Genuine,Standard Habitual Purchase,0
TXN-CUST_MONISHA_001-10365,2026-07-18 08:21:31,2026-07-18,08:21:31,8,5,1,0,CUST_MONISHA_001,420,Chennai,Tamil Nadu,Low Risk / 3% Fraud Rate,M008,BeanCircuit Cafe,Cafe,Specialty Coffee & Bakery,Bengaluru,Indiranagar,Karnataka,560038,12.9784,77.6408,3,650.0,07:30-23:00,"UPI,POS,CARD",QR code spoofing / fast velocity dining,0.009,22,954.77,INR,PURCHASE,UPI,MOBILE_APP,1,0,Chennai,4.0,0,0,1,DEV-MONISHA-IPHONE-15,mobile_ios,0,BEN-CUST_MONISHA_001-TRUSTED,Trusted Household Vendor,5,1,1,8,0,0,0,None,Resolved Genuine,Standard Habitual Purchase,0
TXN-CUST_MONISHA_001-10366,2026-07-18 09:47:37,2026-07-18,09:47:37,9,5,1,0,CUST_MONISHA_001,420,Chennai,Tamil Nadu,Low Risk / 3% Fraud Rate,M011,SkyTrail Travels,Travel Agency,Flight & International Tour Packages,Coimbatore,Gandhipuram,Tamil Nadu,641012,11.0183,76.9664,11,44000.0,09:00-20:00,"ONLINE,TRANSFER,CARD",Mule-account ticket arbitrage & fast cancellation fraud,0.052,130,1731.24,INR,PURCHASE,TRANSFER,MOBILE_APP,0,0,Chennai,9.0,0,0,1,DEV-MONISHA-IPHONE-15,mobile_ios,0,BEN-CUST_MONISHA_001-TRUSTED,Trusted Household Vendor,10,0,2,17,0,0,0,None,Resolved Genuine,Standard Habitual Purchase,0
TXN-CUST_MONISHA_001-10367,2026-07-18 11:12:36,2026-07-18,11:12:36,11,5,1,0,CUST_MONISHA_001,420,Chennai,Tamil Nadu,Low Risk / 3% Fraud Rate,M004,Aurelia Gold House,Jewellery,Gold & Diamond Jewellery,Coimbatore,RS Puram,Tamil Nadu,641002,11.0089,76.9514,14,78000.0,10:00-20:30,"POS,CARD,TRANSFER",Account takeover / card-not-present luxury surge,0.065,162,991.58,INR,PURCHASE,CARD,MOBILE_APP,1,0,Chennai,13.0,0,0,1,DEV-MONISHA-IPHONE-15,mobile_ios,0,BEN-CUST_MONISHA_001-TRUSTED,Trusted Household Vendor,6,0,1,8,0,0,0,None,Resolved Genuine,Standard Habitual Purchase,0
TXN-CUST_MONISHA_001-10368,2026-07-18 12:36:33,2026-07-18,12:36:33,12,5,1,0,CUST_MONISHA_001,420,Chennai,Tamil Nadu,Low Risk / 3% Fraud Rate,M008,BeanCircuit Cafe,Cafe,Specialty Coffee & Bakery,Bengaluru,Indiranagar,Karnataka,560038,12.9784,77.6408,3,650.0,07:30-23:00,"UPI,POS,CARD",QR code spoofing / fast velocity dining,0.009,22,3046.06,INR,PURCHASE,UPI,MOBILE_APP,1,0,Chennai,7.0,0,0,1,DEV-MONISHA-IPHONE-15,mobile_ios,0,BEN-CUST_MONISHA_001-TRUSTED,Trusted Household Vendor,7,0,3,14,0,0,0,None,Resolved Genuine,Standard Habitual Purchase,0
TXN-CUST_MONISHA_001-10369,2026-07-18 14:05:40,2026-07-18,14:05:40,14,5,1,0,CUST_MONISHA_001,420,Chennai,Tamil Nadu,Low Risk / 3% Fraud Rate,M028,CraftCove Home Decor,Home Decor,Handicrafts & Art Pieces,Thanjavur,Medical College Road,Tamil Nadu,613004,10.7684,79.1245,8,7400.0,09:30-20:30,"POS,UPI,CARD,ONLINE",Cross-border tourist chargebacks,0.023,57,1838.15,INR,PURCHASE,POS,MOBILE_APP,1,0,Chennai,12.0,0,0,1,DEV-MONISHA-IPHONE-15,mobile_ios,0,BEN-CUST_MONISHA_001-TRUSTED,Trusted Household Vendor,10,0,1,8,0,0,0,None,Resolved Genuine,Standard Habitual Purchase,0
TXN-CUST_MONISHA_001-10370,2026-07-18 15:29:47,2026-07-18,15:29:47,15,5,1,0,CUST_MONISHA_001,420,Chennai,Tamil Nadu,Low Risk / 3% Fraud Rate,M002,CircuitBay Electronics,Consumer Electronics,Laptops & Gadgets,Chennai,Velachery,Tamil Nadu,600042,12.9759,80.2212,6,32000.0,10:00-21:30,"POS,ONLINE,EMI,UPI",Stolen payment details / high-ticket electronics delivery,0.048,120,2723.07,INR,PURCHASE,POS,MOBILE_APP,1,0,Chennai,4.0,0,0,1,DEV-MONISHA-IPHONE-15,mobile_ios,0,BEN-CUST_MONISHA_001-TRUSTED,Trusted Household Vendor,8,1,4,22,0,0,0,None,Resolved Genuine,Standard Habitual Purchase,0
TXN-CUST_MONISHA_001-10371,2026-07-18 16:58:42,2026-07-18,16:58:42,16,5,1,0,CUST_MONISHA_001,420,Chennai,Tamil Nadu,Low Risk / 3% Fraud Rate,M003,Pulse Mobile Hub,Mobile Store,Smartphones & Accessories,Chennai,Tambaram,Tamil Nadu,600045,12.9249,80.1278,4,18500.0,09:30-21:30,"POS,UPI,CARD",New device abuse / rapid checkout surge,0.035,87,831.01,INR,PURCHASE,POS,MOBILE_APP,1,0,Chennai,2.0,0,0,1,DEV-MONISHA-IPHONE-15,mobile_ios,0,BEN-CUST_MONISHA_001-TRUSTED,Trusted Household Vendor,15,1,4,19,0,0,0,None,Resolved Genuine,Standard Habitual Purchase,0
TXN-CUST_MONISHA_001-10372,2026-07-18 18:27:31,2026-07-18,18:27:31,18,5,1,0,CUST_MONISHA_001,420,Chennai,Tamil Nadu,Low Risk / 3% Fraud Rate,M027,BrickHarbor Realty,Real Estate / Property Services,Rental Escrow & Facility Management,Chennai,Porur,Tamil Nadu,600116,13.035,80.16,11,65000.0,09:00-19:00,"TRANSFER,NETBANKING,CARD",Security deposit phishing / escrow hijacking,0.039,97,2672.8,INR,PURCHASE,TRANSFER,MOBILE_APP,0,0,Chennai,2.0,0,0,1,DEV-MONISHA-IPHONE-15,mobile_ios,0,BEN-CUST_MONISHA_001-TRUSTED,Trusted Household Vendor,3,1,4,24,0,0,0,None,Resolved Genuine,Standard Habitual Purchase,0
TXN-CUST_MONISHA_001-10373,2026-07-18 19:55:51,2026-07-18,19:55:51,19,5,1,0,CUST_MONISHA_001,420,Chennai,Tamil Nadu,Low Risk / 3% Fraud Rate,M013,CartNest Online,E-commerce,Multi-category Marketplace,Chennai,Guindy,Tamil Nadu,600032,13.0067,80.2026,5,6200.0,24_HOURS,"ONLINE,UPI,CARD,NETBANKING",Account takeover + triangulation shipping fraud,0.045,112,1940.94,INR,PURCHASE,UPI,MOBILE_APP,0,0,Chennai,7.0,0,0,1,DEV-MONISHA-IPHONE-15,mobile_ios,0,BEN-CUST_MONISHA_001-TRUSTED,Trusted Household Vendor,8,0,2,12,0,0,0,None,Resolved Genuine,Standard Habitual Purchase,0
TXN-CUST_MONISHA_001-10374,2026-07-18 21:20:54,2026-07-18,21:20:54,21,5,1,0,CUST_MONISHA_001,420,Chennai,Tamil Nadu,Low Risk / 3% Fraud Rate,M015,HomeSphere Appliances,Home Appliances,"Refrigerators, ACs & Kitchen Tech",Coimbatore,Saibaba Colony,Tamil Nadu,641011,11.0315,76.945,9,27500.0,09:30-21:00,"POS,EMI,CARD,UPI",Carding attacks with immediate in-store pickup,0.038,95,2847.21,INR,PURCHASE,CARD,MOBILE_APP,1,0,Chennai,1.0,0,0,1,DEV-MONISHA-IPHONE-15,mobile_ios,0,BEN-CUST_MONISHA_001-TRUSTED,Trusted Household Vendor,13,0,2,17,0,0,0,None,Resolved Genuine,Standard Habitual Purchase,0
TXN-CUST_MONISHA_001-10375,2026-07-18 22:46:47,2026-07-18,22:46:47,22,5,1,0,CUST_MONISHA_001,420,Chennai,Tamil Nadu,Low Risk / 3% Fraud Rate,M018,PageTurn Book House,Bookstore,"Academic, Fiction & Stationery",Trichy,Thillai Nagar,Tamil Nadu,620018,10.8282,78.6854,16,850.0,09:00-21:30,"POS,UPI,CARD,ONLINE",Low-value card testing bots,0.008,20,1900.93,INR,PURCHASE,UPI,MOBILE_APP,1,0,Chennai,2.0,0,0,1,DEV-MONISHA-IPHONE-15,mobile_ios,0,BEN-CUST_MONISHA_001-TRUSTED,Trusted Household Vendor,9,0,2,18,0,0,0,None,Resolved Genuine,Standard Habitual Purchase,0
TXN-CUST_MONISHA_001-10376,2026-07-19 00:11:40,2026-07-19,00:11:40,0,6,1,1,CUST_MONISHA_001,420,Chennai,Tamil Nadu,Low Risk / 3% Fraud Rate,M026,GreenLeaf Wellness,Health & Wellness,Organic Nutrition & Ayurveda,Trichy,Srirangam,Tamil Nadu,620006,10.8624,78.6947,6,2100.0,08:00-21:00,"POS,UPI,ONLINE,CARD",Subscription card stuffing,0.013,32,2052.16,INR,PURCHASE,CARD,MOBILE_APP,1,0,Chennai,1.0,0,0,1,DEV-MONISHA-IPHONE-15,mobile_ios,0,BEN-CUST_MONISHA_001-TRUSTED,Trusted Household Vendor,10,0,3,19,0,0,0,None,Resolved Genuine,Standard Habitual Purchase,0
TXN-CUST_MONISHA_001-10377,2026-07-19 01:40:33,2026-07-19,01:40:33,1,6,1,1,CUST_MONISHA_001,420,Chennai,Tamil Nadu,Low Risk / 3% Fraud Rate,M017,AutoForge Parts,Spare Parts,OEM Industrial & Auto Components,Hosur,Mookandapalli,Tamil Nadu,635126,12.7409,77.8253,15,16500.0,09:00-19:30,"TRANSFER,POS,CARD",Business email compromise / fake beneficiary update,0.033,82,1532.55,INR,PURCHASE,TRANSFER,MOBILE_APP,1,0,Chennai,5.0,0,0,1,DEV-MONISHA-IPHONE-15,mobile_ios,0,BEN-CUST_MONISHA_001-TRUSTED,Trusted Household Vendor,12,1,3,14,0,0,0,None,Resolved Genuine,Standard Habitual Purchase,0
TXN-CUST_MONISHA_001-10378,2026-07-19 03:09:19,2026-07-19,03:09:19,3,6,1,1,CUST_MONISHA_001,420,Chennai,Tamil Nadu,Low Risk / 3% Fraud Rate,M025,ShieldSure Services,Insurance Services,General & Health Insurance Premium,Chennai,Egmore,Tamil Nadu,600008,13.0784,80.2607,13,14000.0,09:30-18:00,"ONLINE,NETBANKING,CARD",Premium diversion / fake policy payment slips,0.019,47,1437.38,INR,PURCHASE,CARD,MOBILE_APP,0,0,Chennai,13.0,0,0,1,DEV-MONISHA-IPHONE-15,mobile_ios,0,BEN-CUST_MONISHA_001-TRUSTED,Trusted Household Vendor,15,0,3,17,0,0,0,None,Resolved Genuine,Standard Habitual Purchase,0
TXN-CUST_MONISHA_001-10379,2026-07-19 04:38:34,2026-07-19,04:38:34,4,6,1,1,CUST_MONISHA_001,420,Chennai,Tamil Nadu,Low Risk / 3% Fraud Rate,M004,Aurelia Gold House,Jewellery,Gold & Diamond Jewellery,Coimbatore,RS Puram,Tamil Nadu,641002,11.0089,76.9514,14,78000.0,10:00-20:30,"POS,CARD,TRANSFER",Account takeover / card-not-present luxury surge,0.065,162,1359.99,INR,PURCHASE,POS,MOBILE_APP,1,0,Chennai,4.0,0,0,1,DEV-MONISHA-IPHONE-15,mobile_ios,0,BEN-CUST_MONISHA_001-TRUSTED,Trusted Household Vendor,15,0,1,12,0,0,0,None,Resolved Genuine,Standard Habitual Purchase,0
TXN-CUST_MONISHA_001-10380,2026-07-19 06:04:06,2026-07-19,06:04:06,6,6,1,0,CUST_MONISHA_001,420,Chennai,Tamil Nadu,Low Risk / 3% Fraud Rate,M027,BrickHarbor Realty,Real Estate / Property Services,Rental Escrow & Facility Management,Chennai,Porur,Tamil Nadu,600116,13.035,80.16,11,65000.0,09:00-19:00,"TRANSFER,NETBANKING,CARD",Security deposit phishing / escrow hijacking,0.039,97,3100.21,INR,PURCHASE,CARD,MOBILE_APP,0,0,Chennai,3.0,0,0,1,DEV-MONISHA-IPHONE-15,mobile_ios,0,BEN-CUST_MONISHA_001-TRUSTED,Trusted Household Vendor,15,1,3,19,0,0,0,None,Resolved Genuine,Standard Habitual Purchase,0
TXN-CUST_MONISHA_001-10381,2026-07-19 07:32:59,2026-07-19,07:32:59,7,6,1,0,CUST_MONISHA_001,420,Chennai,Tamil Nadu,Low Risk / 3% Fraud Rate,M001,NovaMart Fresh,Grocery & Supermarket,Supermarket / Hypermarket,Chennai,T Nagar,Tamil Nadu,600017,13.0418,80.2341,8,1250.0,07:00-22:30,"POS,UPI,CARD,ONLINE",Card testing / micro-burst velocity,0.012,30,2426.08,INR,PURCHASE,UPI,MOBILE_APP,1,0,Chennai,6.0,0,0,1,DEV-MONISHA-IPHONE-15,mobile_ios,0,BEN-CUST_MONISHA_001-TRUSTED,Trusted Household Vendor,12,0,2,17,0,0,0,None,Resolved Genuine,Standard Habitual Purchase,0
TXN-CUST_MONISHA_001-10382,2026-07-19 08:59:38,2026-07-19,08:59:38,8,6,1,0,CUST_MONISHA_001,420,Chennai,Tamil Nadu,Low Risk / 3% Fraud Rate,M006,MedicoCare Pharmacy,Pharmacy,Medicines & Surgical Supplies,Madurai,KK Nagar,Tamil Nadu,625020,9.9252,78.1498,10,1450.0,24_HOURS,"POS,UPI,CARD,ONLINE",Nighttime micro card testing,0.015,37,1927.62,INR,PURCHASE,ONLINE,MOBILE_APP,1,0,Chennai,2.0,0,0,1,DEV-MONISHA-IPHONE-15,mobile_ios,0,BEN-CUST_MONISHA_001-TRUSTED,Trusted Household Vendor,3,1,2,10,0,0,0,None,Resolved Genuine,Standard Habitual Purchase,0
TXN-CUST_MONISHA_001-10383,2026-07-19 10:25:01,2026-07-19,10:25:01,10,6,1,0,CUST_MONISHA_001,420,Chennai,Tamil Nadu,Low Risk / 3% Fraud Rate,M020,GameGrid Arena,Gaming,"Esports, Consoles & Virtual Credits",Bengaluru,Koramangala,Karnataka,560095,12.9352,77.6245,4,3400.0,10:00-01:00,"ONLINE,UPI,CARD,WALLET",Virtual item laundering & bot-driven micro transactions,0.055,137,1251.43,INR,PURCHASE,CARD,MOBILE_APP,0,0,Chennai,3.0,0,0,1,DEV-MONISHA-IPHONE-15,mobile_ios,0,BEN-CUST_MONISHA_001-TRUSTED,Trusted Household Vendor,15,0,2,10,0,0,0,None,Resolved Genuine,Standard Habitual Purchase,0
TXN-CUST_MONISHA_001-10384,2026-07-19 11:48:33,2026-07-19,11:48:33,11,6,1,0,CUST_MONISHA_001,420,Chennai,Tamil Nadu,Low Risk / 3% Fraud Rate,M019,ArenaSport World,Sports Retail,Fitness Equipment & Sports Wear,Chennai,Nungambakkam,Tamil Nadu,600034,13.0604,80.2405,6,5600.0,10:00-21:30,"POS,ONLINE,UPI,CARD",Stolen card chargeback on premium sports gear,0.026,65,2428.99,INR,PURCHASE,UPI,MOBILE_APP,1,0,Chennai,3.0,0,0,1,DEV-MONISHA-IPHONE-15,mobile_ios,0,BEN-CUST_MONISHA_001-TRUSTED,Trusted Household Vendor,4,0,3,20,0,0,0,None,Resolved Genuine,Standard Habitual Purchase,0
TXN-CUST_MONISHA_001-10385,2026-07-19 13:15:28,2026-07-19,13:15:28,13,6,1,0,CUST_MONISHA_001,420,Chennai,Tamil Nadu,Low Risk / 3% Fraud Rate,M011,SkyTrail Travels,Travel Agency,Flight & International Tour Packages,Coimbatore,Gandhipuram,Tamil Nadu,641012,11.0183,76.9664,11,44000.0,09:00-20:00,"ONLINE,TRANSFER,CARD",Mule-account ticket arbitrage & fast cancellation fraud,0.052,130,1486.13,INR,PURCHASE,CARD,MOBILE_APP,0,0,Chennai,3.0,0,0,1,DEV-MONISHA-IPHONE-15,mobile_ios,0,BEN-CUST_MONISHA_001-TRUSTED,Trusted Household Vendor,15,0,4,25,0,0,0,None,Resolved Genuine,Standard Habitual Purchase,0
TXN-CUST_MONISHA_001-10386,2026-07-19 14:42:46,2026-07-19,14:42:46,14,6,1,0,CUST_MONISHA_001,420,Chennai,Tamil Nadu,Low Risk / 3% Fraud Rate,M006,MedicoCare Pharmacy,Pharmacy,Medicines & Surgical Supplies,Madurai,KK Nagar,Tamil Nadu,625020,9.9252,78.1498,10,1450.0,24_HOURS,"POS,UPI,CARD,ONLINE",Nighttime micro card testing,0.015,37,2434.81,INR,PURCHASE,UPI,MOBILE_APP,1,0,Chennai,9.0,0,0,1,DEV-MONISHA-IPHONE-15,mobile_ios,0,BEN-CUST_MONISHA_001-TRUSTED,Trusted Household Vendor,6,0,3,20,0,0,0,None,Resolved Genuine,Standard Habitual Purchase,0
TXN-CUST_MONISHA_001-10387,2026-07-19 16:08:00,2026-07-19,16:08:00,16,6,1,0,CUST_MONISHA_001,420,Chennai,Tamil Nadu,Low Risk / 3% Fraud Rate,M023,SwiftBox Logistics,Courier / Logistics,Express Parcel & Freight Delivery,Tiruppur,Avinashi Road,Tamil Nadu,641603,11.1085,77.3411,9,4200.0,08:00-21:00,"POS,UPI,CARD,ONLINE",Interception fraud / address redirection,0.02,50,1469.17,INR,PURCHASE,POS,MOBILE_APP,1,0,Chennai,3.0,0,0,1,DEV-MONISHA-IPHONE-15,mobile_ios,0,BEN-CUST_MONISHA_001-TRUSTED,Trusted Household Vendor,15,0,4,20,0,0,0,None,Resolved Genuine,Standard Habitual Purchase,0
TXN-CUST_MONISHA_001-10388,2026-07-19 17:35:01,2026-07-19,17:35:01,17,6,1,0,CUST_MONISHA_001,420,Chennai,Tamil Nadu,Low Risk / 3% Fraud Rate,M026,GreenLeaf Wellness,Health & Wellness,Organic Nutrition & Ayurveda,Trichy,Srirangam,Tamil Nadu,620006,10.8624,78.6947,6,2100.0,08:00-21:00,"POS,UPI,ONLINE,CARD",Subscription card stuffing,0.013,32,3044.02,INR,PURCHASE,UPI,MOBILE_APP,1,0,Chennai,4.0,0,0,1,DEV-MONISHA-IPHONE-15,mobile_ios,0,BEN-CUST_MONISHA_001-TRUSTED,Trusted Household Vendor,10,0,1,11,0,0,0,None,Resolved Genuine,Standard Habitual Purchase,0
TXN-CUST_MONISHA_001-10389,2026-07-19 19:02:53,2026-07-19,19:02:53,19,6,1,0,CUST_MONISHA_001,420,Chennai,Tamil Nadu,Low Risk / 3% Fraud Rate,M008,BeanCircuit Cafe,Cafe,Specialty Coffee & Bakery,Bengaluru,Indiranagar,Karnataka,560038,12.9784,77.6408,3,650.0,07:30-23:00,"UPI,POS,CARD",QR code spoofing / fast velocity dining,0.009,22,1591.54,INR,PURCHASE,CARD,MOBILE_APP,1,0,Chennai,6.0,0,0,1,DEV-MONISHA-IPHONE-15,mobile_ios,0,BEN-CUST_MONISHA_001-TRUSTED,Trusted Household Vendor,14,1,1,11,0,0,0,None,Resolved Genuine,Standard Habitual Purchase,0
TXN-CUST_MONISHA_001-10390,2026-07-19 20:28:58,2026-07-19,20:28:58,20,6,1,0,CUST_MONISHA_001,420,Chennai,Tamil Nadu,Low Risk / 3% Fraud Rate,M009,RapidFuel Station,Fuel Station,"Petrol, Diesel & EV Fast Charge",Salem,Fairlands,Tamil Nadu,636016,11.6643,78.146,9,3100.0,24_HOURS,"POS,FLEET_CARD,UPI",Automated fleet card skimming,0.024,60,1270.66,INR,PURCHASE,POS,MOBILE_APP,1,0,Chennai,12.0,0,0,1,DEV-MONISHA-IPHONE-15,mobile_ios,0,BEN-CUST_MONISHA_001-TRUSTED,Trusted Household Vendor,15,1,3,14,0,0,0,None,Resolved Genuine,Standard Habitual Purchase,0
TXN-CUST_MONISHA_001-10391,2026-07-19 21:52:40,2026-07-19,21:52:40,21,6,1,0,CUST_MONISHA_001,420,Chennai,Tamil Nadu,Low Risk / 3% Fraud Rate,M015,HomeSphere Appliances,Home Appliances,"Refrigerators, ACs & Kitchen Tech",Coimbatore,Saibaba Colony,Tamil Nadu,641011,11.0315,76.945,9,27500.0,09:30-21:00,"POS,EMI,CARD,UPI",Carding attacks with immediate in-store pickup,0.038,95,2494.25,INR,PURCHASE,CARD,MOBILE_APP,1,0,Chennai,3.0,0,0,1,DEV-MONISHA-IPHONE-15,mobile_ios,0,BEN-CUST_MONISHA_001-TRUSTED,Trusted Household Vendor,9,0,4,26,0,0,0,None,Resolved Genuine,Standard Habitual Purchase,0
TXN-CUST_MONISHA_001-10392,2026-07-19 23:18:19,2026-07-19,23:18:19,23,6,1,1,CUST_MONISHA_001,420,Chennai,Tamil Nadu,Low Risk / 3% Fraud Rate,M027,BrickHarbor Realty,Real Estate / Property Services,Rental Escrow & Facility Management,Chennai,Porur,Tamil Nadu,600116,13.035,80.16,11,65000.0,09:00-19:00,"TRANSFER,NETBANKING,CARD",Security deposit phishing / escrow hijacking,0.039,97,1902.0,INR,PURCHASE,NETBANKING,MOBILE_APP,0,0,Chennai,14.0,0,0,1,DEV-MONISHA-IPHONE-15,mobile_ios,0,BEN-CUST_MONISHA_001-TRUSTED,Trusted Household Vendor,5,0,2,11,0,0,0,None,Resolved Genuine,Standard Habitual Purchase,0
TXN-CUST_MONISHA_001-10393,2026-07-20 00:46:30,2026-07-20,00:46:30,0,0,0,1,CUST_MONISHA_001,420,Chennai,Tamil Nadu,Low Risk / 3% Fraud Rate,M002,CircuitBay Electronics,Consumer Electronics,Laptops & Gadgets,Chennai,Velachery,Tamil Nadu,600042,12.9759,80.2212,6,32000.0,10:00-21:30,"POS,ONLINE,EMI,UPI",Stolen payment details / high-ticket electronics delivery,0.048,120,1470.09,INR,PURCHASE,EMI,MOBILE_APP,1,0,Chennai,6.0,0,0,1,DEV-MONISHA-IPHONE-15,mobile_ios,0,BEN-CUST_MONISHA_001-TRUSTED,Trusted Household Vendor,4,0,1,8,0,0,0,None,Resolved Genuine,Standard Habitual Purchase,0
TXN-CUST_MONISHA_001-10394,2026-07-20 02:15:14,2026-07-20,02:15:14,2,0,0,1,CUST_MONISHA_001,420,Chennai,Tamil Nadu,Low Risk / 3% Fraud Rate,M006,MedicoCare Pharmacy,Pharmacy,Medicines & Surgical Supplies,Madurai,KK Nagar,Tamil Nadu,625020,9.9252,78.1498,10,1450.0,24_HOURS,"POS,UPI,CARD,ONLINE",Nighttime micro card testing,0.015,37,2492.85,INR,PURCHASE,ONLINE,MOBILE_APP,1,0,Chennai,9.0,0,0,1,DEV-MONISHA-IPHONE-15,mobile_ios,0,BEN-CUST_MONISHA_001-TRUSTED,Trusted Household Vendor,8,0,1,6,0,0,0,None,Resolved Genuine,Standard Habitual Purchase,0
TXN-CUST_MONISHA_001-10395,2026-07-20 03:41:13,2026-07-20,03:41:13,3,0,0,1,CUST_MONISHA_001,420,Chennai,Tamil Nadu,Low Risk / 3% Fraud Rate,M021,GlowCraft Salon,Salon / Beauty,Spa & Grooming Studio,Chennai,Porur,Tamil Nadu,600116,13.0382,80.1565,5,2800.0,09:00-21:00,"POS,UPI,CARD",Unusual late-night transaction spikes,0.011,27,1166.09,INR,PURCHASE,UPI,MOBILE_APP,1,0,Chennai,15.0,0,0,1,DEV-MONISHA-IPHONE-15,mobile_ios,0,BEN-CUST_MONISHA_001-TRUSTED,Trusted Household Vendor,4,0,1,9,0,0,0,None,Resolved Genuine,Standard Habitual Purchase,0
TXN-CUST_MONISHA_001-10396,2026-07-20 05:10:28,2026-07-20,05:10:28,5,0,0,1,CUST_MONISHA_001,420,Chennai,Tamil Nadu,Low Risk / 3% Fraud Rate,M014,OakLine Furnishings,Furniture,Teak Wood & Modern Home Decor,Madurai,Bypass Road,Tamil Nadu,625016,9.932,78.109,12,38000.0,10:00-21:00,"POS,CARD,TRANSFER,EMI",Invoice redirection fraud / fake payment slips,0.029,72,2411.44,INR,PURCHASE,TRANSFER,MOBILE_APP,1,0,Chennai,12.0,0,0,1,DEV-MONISHA-IPHONE-15,mobile_ios,0,BEN-CUST_MONISHA_001-TRUSTED,Trusted Household Vendor,13,0,3,18,0,0,0,None,Resolved Genuine,Standard Habitual Purchase,0
TXN-CUST_MONISHA_001-10397,2026-07-20 06:35:18,2026-07-20,06:35:18,6,0,0,0,CUST_MONISHA_001,420,Chennai,Tamil Nadu,Low Risk / 3% Fraud Rate,M002,CircuitBay Electronics,Consumer Electronics,Laptops & Gadgets,Chennai,Velachery,Tamil Nadu,600042,12.9759,80.2212,6,32000.0,10:00-21:30,"POS,ONLINE,EMI,UPI",Stolen payment details / high-ticket electronics delivery,0.048,120,1699.39,INR,PURCHASE,EMI,MOBILE_APP,1,0,Chennai,9.0,0,0,1,DEV-MONISHA-IPHONE-15,mobile_ios,0,BEN-CUST_MONISHA_001-TRUSTED,Trusted Household Vendor,3,0,2,10,0,0,0,None,Resolved Genuine,Standard Habitual Purchase,0
TXN-CUST_MONISHA_001-10398,2026-07-20 08:01:16,2026-07-20,08:01:16,8,0,0,0,CUST_MONISHA_001,420,Chennai,Tamil Nadu,Low Risk / 3% Fraud Rate,M010,HarborView Residency,Hotel / Hospitality,Business & Luxury Hotel,Chennai,OMR,Tamil Nadu,600096,12.9165,80.2285,6,9500.0,24_HOURS,"ONLINE,POS,CARD,TRANSFER",Online travel booking fraud with stolen corporate credentials,0.041,102,2707.92,INR,PURCHASE,ONLINE,MOBILE_APP,1,0,Chennai,11.0,0,0,1,DEV-MONISHA-IPHONE-15,mobile_ios,0,BEN-CUST_MONISHA_001-TRUSTED,Trusted Household Vendor,4,0,2,13,0,0,0,None,Resolved Genuine,Standard Habitual Purchase,0
TXN-CUST_MONISHA_001-10399,2026-07-20 09:25:41,2026-07-20,09:25:41,9,0,0,0,CUST_MONISHA_001,420,Chennai,Tamil Nadu,Low Risk / 3% Fraud Rate,M010,HarborView Residency,Hotel / Hospitality,Business & Luxury Hotel,Chennai,OMR,Tamil Nadu,600096,12.9165,80.2285,6,9500.0,24_HOURS,"ONLINE,POS,CARD,TRANSFER",Online travel booking fraud with stolen corporate credentials,0.041,102,3066.32,INR,PURCHASE,TRANSFER,MOBILE_APP,1,0,Chennai,8.0,0,0,1,DEV-MONISHA-IPHONE-15,mobile_ios,0,BEN-CUST_MONISHA_001-TRUSTED,Trusted Household Vendor,15,0,3,21,0,0,0,None,Resolved Genuine,Standard Habitual Purchase,0
TXN-CUST_MONISHA_001-10400,2026-07-20 10:52:01,2026-07-20,10:52:01,10,0,0,0,CUST_MONISHA_001,420,Chennai,Tamil Nadu,Low Risk / 3% Fraud Rate,M022,SkillSpring Academy,Education / Training,Professional Certifications & Tech Bootcamps,Chennai,Mylapore,Tamil Nadu,600004,13.0368,80.2676,8,22000.0,08:30-19:30,"ONLINE,NETBANKING,CARD,UPI",Stolen corporate card enrollments,0.028,70,1400.11,INR,PURCHASE,UPI,MOBILE_APP,0,0,Chennai,11.0,0,0,1,DEV-MONISHA-IPHONE-15,mobile_ios,0,BEN-CUST_MONISHA_001-TRUSTED,Trusted Household Vendor,8,0,2,15,0,0,0,None,Resolved Genuine,Standard Habitual Purchase,0
TXN-CUST_MONISHA_001-10401,2026-07-20 12:16:32,2026-07-20,12:16:32,12,0,0,0,CUST_MONISHA_001,420,Chennai,Tamil Nadu,Low Risk / 3% Fraud Rate,M002,CircuitBay Electronics,Consumer Electronics,Laptops & Gadgets,Chennai,Velachery,Tamil Nadu,600042,12.9759,80.2212,6,32000.0,10:00-21:30,"POS,ONLINE,EMI,UPI",Stolen payment details / high-ticket electronics delivery,0.048,120,1396.11,INR,PURCHASE,POS,MOBILE_APP,1,0,Chennai,8.0,0,0,1,DEV-MONISHA-IPHONE-15,mobile_ios,0,BEN-CUST_MONISHA_001-TRUSTED,Trusted Household Vendor,12,0,3,16,0,0,0,None,Resolved Genuine,Standard Habitual Purchase,0
TXN-CUST_MONISHA_001-10402,2026-07-20 13:44:27,2026-07-20,13:44:27,13,0,0,0,CUST_MONISHA_001,420,Chennai,Tamil Nadu,Low Risk / 3% Fraud Rate,M022,SkillSpring Academy,Education / Training,Professional Certifications & Tech Bootcamps,Chennai,Mylapore,Tamil Nadu,600004,13.0368,80.2676,8,22000.0,08:30-19:30,"ONLINE,NETBANKING,CARD,UPI",Stolen corporate card enrollments,0.028,70,1006.28,INR,PURCHASE,NETBANKING,MOBILE_APP,0,0,Chennai,11.0,0,0,1,DEV-MONISHA-IPHONE-15,mobile_ios,0,BEN-CUST_MONISHA_001-TRUSTED,Trusted Household Vendor,15,0,4,26,0,0,0,None,Resolved Genuine,Standard Habitual Purchase,0
TXN-CUST_MONISHA_001-10403,2026-07-20 15:08:13,2026-07-20,15:08:13,15,0,0,0,CUST_MONISHA_001,420,Chennai,Tamil Nadu,Low Risk / 3% Fraud Rate,M013,CartNest Online,E-commerce,Multi-category Marketplace,Chennai,Guindy,Tamil Nadu,600032,13.0067,80.2026,5,6200.0,24_HOURS,"ONLINE,UPI,CARD,NETBANKING",Account takeover + triangulation shipping fraud,0.045,112,2695.07,INR,PURCHASE,UPI,MOBILE_APP,0,0,Chennai,7.0,0,0,1,DEV-MONISHA-IPHONE-15,mobile_ios,0,BEN-CUST_MONISHA_001-TRUSTED,Trusted Household Vendor,12,0,4,25,0,0,0,None,Resolved Genuine,Standard Habitual Purchase,0
TXN-CUST_MONISHA_001-10404,2026-07-20 16:33:25,2026-07-20,16:33:25,16,0,0,0,CUST_MONISHA_001,420,Chennai,Tamil Nadu,Low Risk / 3% Fraud Rate,M013,CartNest Online,E-commerce,Multi-category Marketplace,Chennai,Guindy,Tamil Nadu,600032,13.0067,80.2026,5,6200.0,24_HOURS,"ONLINE,UPI,CARD,NETBANKING",Account takeover + triangulation shipping fraud,0.045,112,2892.5,INR,PURCHASE,NETBANKING,MOBILE_APP,0,0,Chennai,12.0,0,0,1,DEV-MONISHA-IPHONE-15,mobile_ios,0,BEN-CUST_MONISHA_001-TRUSTED,Trusted Household Vendor,4,1,2,12,0,0,0,None,Resolved Genuine,Standard Habitual Purchase,0
TXN-CUST_MONISHA_001-10405,2026-07-20 18:02:30,2026-07-20,18:02:30,18,0,0,0,CUST_MONISHA_001,420,Chennai,Tamil Nadu,Low Risk / 3% Fraud Rate,M006,MedicoCare Pharmacy,Pharmacy,Medicines & Surgical Supplies,Madurai,KK Nagar,Tamil Nadu,625020,9.9252,78.1498,10,1450.0,24_HOURS,"POS,UPI,CARD,ONLINE",Nighttime micro card testing,0.015,37,3054.87,INR,PURCHASE,POS,MOBILE_APP,1,0,Chennai,13.0,0,0,1,DEV-MONISHA-IPHONE-15,mobile_ios,0,BEN-CUST_MONISHA_001-TRUSTED,Trusted Household Vendor,9,1,1,12,0,0,0,None,Resolved Genuine,Standard Habitual Purchase,0
TXN-CUST_MONISHA_001-10406,2026-07-20 19:27:07,2026-07-20,19:27:07,19,0,0,0,CUST_MONISHA_001,420,Chennai,Tamil Nadu,Low Risk / 3% Fraud Rate,M027,BrickHarbor Realty,Real Estate / Property Services,Rental Escrow & Facility Management,Chennai,Porur,Tamil Nadu,600116,13.035,80.16,11,65000.0,09:00-19:00,"TRANSFER,NETBANKING,CARD",Security deposit phishing / escrow hijacking,0.039,97,2247.71,INR,PURCHASE,TRANSFER,MOBILE_APP,0,0,Chennai,14.0,0,0,1,DEV-MONISHA-IPHONE-15,mobile_ios,0,BEN-CUST_MONISHA_001-TRUSTED,Trusted Household Vendor,14,0,3,15,0,0,0,None,Resolved Genuine,Standard Habitual Purchase,0
TXN-CUST_MONISHA_001-10407,2026-07-20 20:52:51,2026-07-20,20:52:51,20,0,0,0,CUST_MONISHA_001,420,Chennai,Tamil Nadu,Low Risk / 3% Fraud Rate,M013,CartNest Online,E-commerce,Multi-category Marketplace,Chennai,Guindy,Tamil Nadu,600032,13.0067,80.2026,5,6200.0,24_HOURS,"ONLINE,UPI,CARD,NETBANKING",Account takeover + triangulation shipping fraud,0.045,112,2071.81,INR,PURCHASE,NETBANKING,MOBILE_APP,0,0,Chennai,14.0,0,0,1,DEV-MONISHA-IPHONE-15,mobile_ios,0,BEN-CUST_MONISHA_001-TRUSTED,Trusted Household Vendor,3,0,4,19,0,0,0,None,Resolved Genuine,Standard Habitual Purchase,0
TXN-CUST_MONISHA_001-10408,2026-07-20 22:18:44,2026-07-20,22:18:44,22,0,0,0,CUST_MONISHA_001,420,Chennai,Tamil Nadu,Low Risk / 3% Fraud Rate,M005,UrbanThread Studio,Fashion / Apparel,Designer & Ready-to-wear,Chennai,Anna Nagar,Tamil Nadu,600040,13.085,80.2101,5,4800.0,10:30-22:00,"POS,ONLINE,UPI,CARD",Refund abuse / credential stuffing,0.022,55,12447.51,INR,P2P_TRANSFER,UPI,MOBILE_APP,0,0,Mumbai,408.0,1,0,1,DEV-MONISHA-IPHONE-15,mobile_ios,1,BEN-NEW-392,Global Flight Booking,0,4,10,48,1,0,0,Geographic Anomaly / High Ticket Spike,Review Required,Sudden location velocity jump with new merchant,1
TXN-CUST_MONISHA_001-10409,2026-07-20 23:43:43,2026-07-20,23:43:43,23,0,0,1,CUST_MONISHA_001,420,Chennai,Tamil Nadu,Low Risk / 3% Fraud Rate,M021,GlowCraft Salon,Salon / Beauty,Spa & Grooming Studio,Chennai,Porur,Tamil Nadu,600116,13.0382,80.1565,5,2800.0,09:00-21:00,"POS,UPI,CARD",Unusual late-night transaction spikes,0.011,27,1916.27,INR,PURCHASE,UPI,MOBILE_APP,1,0,Chennai,10.0,0,0,1,DEV-MONISHA-IPHONE-15,mobile_ios,0,BEN-CUST_MONISHA_001-TRUSTED,Trusted Household Vendor,7,0,2,12,0,0,0,None,Resolved Genuine,Standard Habitual Purchase,0
TXN-CUST_MONISHA_001-10410,2026-07-21 01:10:50,2026-07-21,01:10:50,1,1,0,1,CUST_MONISHA_001,420,Chennai,Tamil Nadu,Low Risk / 3% Fraud Rate,M022,SkillSpring Academy,Education / Training,Professional Certifications & Tech Bootcamps,Chennai,Mylapore,Tamil Nadu,600004,13.0368,80.2676,8,22000.0,08:30-19:30,"ONLINE,NETBANKING,CARD,UPI",Stolen corporate card enrollments,0.028,70,2403.17,INR,PURCHASE,NETBANKING,MOBILE_APP,0,0,Chennai,1.0,0,0,1,DEV-MONISHA-IPHONE-15,mobile_ios,0,BEN-CUST_MONISHA_001-TRUSTED,Trusted Household Vendor,14,0,3,14,0,0,0,None,Resolved Genuine,Standard Habitual Purchase,0
TXN-CUST_MONISHA_001-10411,2026-07-21 02:38:42,2026-07-21,02:38:42,2,1,0,1,CUST_MONISHA_001,420,Chennai,Tamil Nadu,Low Risk / 3% Fraud Rate,M009,RapidFuel Station,Fuel Station,"Petrol, Diesel & EV Fast Charge",Salem,Fairlands,Tamil Nadu,636016,11.6643,78.146,9,3100.0,24_HOURS,"POS,FLEET_CARD,UPI",Automated fleet card skimming,0.024,60,2879.05,INR,PURCHASE,FLEET_CARD,MOBILE_APP,1,0,Chennai,1.0,0,0,1,DEV-MONISHA-IPHONE-15,mobile_ios,0,BEN-CUST_MONISHA_001-TRUSTED,Trusted Household Vendor,7,0,3,21,0,0,0,None,Resolved Genuine,Standard Habitual Purchase,0
TXN-CUST_MONISHA_001-10412,2026-07-21 04:07:15,2026-07-21,04:07:15,4,1,0,1,CUST_MONISHA_001,420,Chennai,Tamil Nadu,Low Risk / 3% Fraud Rate,M022,SkillSpring Academy,Education / Training,Professional Certifications & Tech Bootcamps,Chennai,Mylapore,Tamil Nadu,600004,13.0368,80.2676,8,22000.0,08:30-19:30,"ONLINE,NETBANKING,CARD,UPI",Stolen corporate card enrollments,0.028,70,1009.83,INR,PURCHASE,UPI,MOBILE_APP,0,0,Chennai,14.0,0,0,1,DEV-MONISHA-IPHONE-15,mobile_ios,0,BEN-CUST_MONISHA_001-TRUSTED,Trusted Household Vendor,14,0,3,19,0,0,0,None,Resolved Genuine,Standard Habitual Purchase,0
TXN-CUST_MONISHA_001-10413,2026-07-21 05:32:16,2026-07-21,05:32:16,5,1,0,1,CUST_MONISHA_001,420,Chennai,Tamil Nadu,Low Risk / 3% Fraud Rate,M014,OakLine Furnishings,Furniture,Teak Wood & Modern Home Decor,Madurai,Bypass Road,Tamil Nadu,625016,9.932,78.109,12,38000.0,10:00-21:00,"POS,CARD,TRANSFER,EMI",Invoice redirection fraud / fake payment slips,0.029,72,2195.65,INR,PURCHASE,EMI,MOBILE_APP,1,0,Chennai,2.0,0,0,1,DEV-MONISHA-IPHONE-15,mobile_ios,0,BEN-CUST_MONISHA_001-TRUSTED,Trusted Household Vendor,9,1,2,18,0,0,0,None,Resolved Genuine,Standard Habitual Purchase,0
TXN-CUST_MONISHA_001-10414,2026-07-21 07:00:52,2026-07-21,07:00:52,7,1,0,0,CUST_MONISHA_001,420,Chennai,Tamil Nadu,Low Risk / 3% Fraud Rate,M027,BrickHarbor Realty,Real Estate / Property Services,Rental Escrow & Facility Management,Chennai,Porur,Tamil Nadu,600116,13.035,80.16,11,65000.0,09:00-19:00,"TRANSFER,NETBANKING,CARD",Security deposit phishing / escrow hijacking,0.039,97,911.52,INR,PURCHASE,CARD,MOBILE_APP,0,0,Chennai,13.0,0,0,1,DEV-MONISHA-IPHONE-15,mobile_ios,0,BEN-CUST_MONISHA_001-TRUSTED,Trusted Household Vendor,14,1,3,20,0,0,0,None,Resolved Genuine,Standard Habitual Purchase,0
TXN-CUST_MONISHA_001-10415,2026-07-21 08:25:05,2026-07-21,08:25:05,8,1,0,0,CUST_MONISHA_001,420,Chennai,Tamil Nadu,Low Risk / 3% Fraud Rate,M028,CraftCove Home Decor,Home Decor,Handicrafts & Art Pieces,Thanjavur,Medical College Road,Tamil Nadu,613004,10.7684,79.1245,8,7400.0,09:30-20:30,"POS,UPI,CARD,ONLINE",Cross-border tourist chargebacks,0.023,57,2006.83,INR,PURCHASE,POS,MOBILE_APP,1,0,Chennai,10.0,0,0,1,DEV-MONISHA-IPHONE-15,mobile_ios,0,BEN-CUST_MONISHA_001-TRUSTED,Trusted Household Vendor,6,1,2,13,0,0,0,None,Resolved Genuine,Standard Habitual Purchase,0
TXN-CUST_MONISHA_001-10416,2026-07-21 09:48:41,2026-07-21,09:48:41,9,1,0,0,CUST_MONISHA_001,420,Chennai,Tamil Nadu,Low Risk / 3% Fraud Rate,M002,CircuitBay Electronics,Consumer Electronics,Laptops & Gadgets,Chennai,Velachery,Tamil Nadu,600042,12.9759,80.2212,6,32000.0,10:00-21:30,"POS,ONLINE,EMI,UPI",Stolen payment details / high-ticket electronics delivery,0.048,120,2928.19,INR,PURCHASE,UPI,MOBILE_APP,1,0,Chennai,12.0,0,0,1,DEV-MONISHA-IPHONE-15,mobile_ios,0,BEN-CUST_MONISHA_001-TRUSTED,Trusted Household Vendor,10,1,3,15,0,0,0,None,Resolved Genuine,Standard Habitual Purchase,0
TXN-CUST_MONISHA_001-10417,2026-07-21 11:16:10,2026-07-21,11:16:10,11,1,0,0,CUST_MONISHA_001,420,Chennai,Tamil Nadu,Low Risk / 3% Fraud Rate,M008,BeanCircuit Cafe,Cafe,Specialty Coffee & Bakery,Bengaluru,Indiranagar,Karnataka,560038,12.9784,77.6408,3,650.0,07:30-23:00,"UPI,POS,CARD",QR code spoofing / fast velocity dining,0.009,22,1651.57,INR,PURCHASE,CARD,MOBILE_APP,1,0,Chennai,10.0,0,0,1,DEV-MONISHA-IPHONE-15,mobile_ios,0,BEN-CUST_MONISHA_001-TRUSTED,Trusted Household Vendor,12,0,4,23,0,0,0,None,Resolved Genuine,Standard Habitual Purchase,0
TXN-CUST_MONISHA_001-10418,2026-07-21 12:41:38,2026-07-21,12:41:38,12,1,0,0,CUST_MONISHA_001,420,Chennai,Tamil Nadu,Low Risk / 3% Fraud Rate,M027,BrickHarbor Realty,Real Estate / Property Services,Rental Escrow & Facility Management,Chennai,Porur,Tamil Nadu,600116,13.035,80.16,11,65000.0,09:00-19:00,"TRANSFER,NETBANKING,CARD",Security deposit phishing / escrow hijacking,0.039,97,2873.11,INR,PURCHASE,TRANSFER,MOBILE_APP,0,0,Chennai,12.0,0,0,1,DEV-MONISHA-IPHONE-15,mobile_ios,0,BEN-CUST_MONISHA_001-TRUSTED,Trusted Household Vendor,7,0,1,12,0,0,0,None,Resolved Genuine,Standard Habitual Purchase,0
TXN-CUST_MONISHA_001-10419,2026-07-21 14:05:20,2026-07-21,14:05:20,14,1,0,0,CUST_MONISHA_001,420,Chennai,Tamil Nadu,Low Risk / 3% Fraud Rate,M028,CraftCove Home Decor,Home Decor,Handicrafts & Art Pieces,Thanjavur,Medical College Road,Tamil Nadu,613004,10.7684,79.1245,8,7400.0,09:30-20:30,"POS,UPI,CARD,ONLINE",Cross-border tourist chargebacks,0.023,57,2119.08,INR,PURCHASE,UPI,MOBILE_APP,1,0,Chennai,4.0,0,0,1,DEV-MONISHA-IPHONE-15,mobile_ios,0,BEN-CUST_MONISHA_001-TRUSTED,Trusted Household Vendor,13,0,2,14,0,0,0,None,Resolved Genuine,Standard Habitual Purchase,0
TXN-CUST_MONISHA_001-10420,2026-07-21 15:32:39,2026-07-21,15:32:39,15,1,0,0,CUST_MONISHA_001,420,Chennai,Tamil Nadu,Low Risk / 3% Fraud Rate,M017,AutoForge Parts,Spare Parts,OEM Industrial & Auto Components,Hosur,Mookandapalli,Tamil Nadu,635126,12.7409,77.8253,15,16500.0,09:00-19:30,"TRANSFER,POS,CARD",Business email compromise / fake beneficiary update,0.033,82,826.92,INR,PURCHASE,TRANSFER,MOBILE_APP,1,0,Chennai,13.0,0,0,1,DEV-MONISHA-IPHONE-15,mobile_ios,0,BEN-CUST_MONISHA_001-TRUSTED,Trusted Household Vendor,10,0,1,8,0,0,0,None,Resolved Genuine,Standard Habitual Purchase,0
TXN-CUST_MONISHA_001-10421,2026-07-21 16:59:39,2026-07-21,16:59:39,16,1,0,0,CUST_MONISHA_001,420,Chennai,Tamil Nadu,Low Risk / 3% Fraud Rate,M001,NovaMart Fresh,Grocery & Supermarket,Supermarket / Hypermarket,Chennai,T Nagar,Tamil Nadu,600017,13.0418,80.2341,8,1250.0,07:00-22:30,"POS,UPI,CARD,ONLINE",Card testing / micro-burst velocity,0.012,30,1303.62,INR,PURCHASE,CARD,MOBILE_APP,1,0,Chennai,10.0,0,0,1,DEV-MONISHA-IPHONE-15,mobile_ios,0,BEN-CUST_MONISHA_001-TRUSTED,Trusted Household Vendor,14,0,3,20,0,0,0,None,Resolved Genuine,Standard Habitual Purchase,0
TXN-CUST_MONISHA_001-10422,2026-07-21 18:28:25,2026-07-21,18:28:25,18,1,0,0,CUST_MONISHA_001,420,Chennai,Tamil Nadu,Low Risk / 3% Fraud Rate,M028,CraftCove Home Decor,Home Decor,Handicrafts & Art Pieces,Thanjavur,Medical College Road,Tamil Nadu,613004,10.7684,79.1245,8,7400.0,09:30-20:30,"POS,UPI,CARD,ONLINE",Cross-border tourist chargebacks,0.023,57,1595.98,INR,PURCHASE,ONLINE,MOBILE_APP,1,0,Chennai,5.0,0,0,1,DEV-MONISHA-IPHONE-15,mobile_ios,0,BEN-CUST_MONISHA_001-TRUSTED,Trusted Household Vendor,13,0,3,15,0,0,0,None,Resolved Genuine,Standard Habitual Purchase,0
TXN-CUST_MONISHA_001-10423,2026-07-21 19:51:52,2026-07-21,19:51:52,19,1,0,0,CUST_MONISHA_001,420,Chennai,Tamil Nadu,Low Risk / 3% Fraud Rate,M022,SkillSpring Academy,Education / Training,Professional Certifications & Tech Bootcamps,Chennai,Mylapore,Tamil Nadu,600004,13.0368,80.2676,8,22000.0,08:30-19:30,"ONLINE,NETBANKING,CARD,UPI",Stolen corporate card enrollments,0.028,70,3041.58,INR,PURCHASE,ONLINE,MOBILE_APP,0,0,Chennai,14.0,0,0,1,DEV-MONISHA-IPHONE-15,mobile_ios,0,BEN-CUST_MONISHA_001-TRUSTED,Trusted Household Vendor,7,0,3,21,0,0,0,None,Resolved Genuine,Standard Habitual Purchase,0
TXN-CUST_MONISHA_001-10424,2026-07-21 21:15:39,2026-07-21,21:15:39,21,1,0,0,CUST_MONISHA_001,420,Chennai,Tamil Nadu,Low Risk / 3% Fraud Rate,M009,RapidFuel Station,Fuel Station,"Petrol, Diesel & EV Fast Charge",Salem,Fairlands,Tamil Nadu,636016,11.6643,78.146,9,3100.0,24_HOURS,"POS,FLEET_CARD,UPI",Automated fleet card skimming,0.024,60,2278.99,INR,PURCHASE,POS,MOBILE_APP,1,0,Chennai,14.0,0,0,1,DEV-MONISHA-IPHONE-15,mobile_ios,0,BEN-CUST_MONISHA_001-TRUSTED,Trusted Household Vendor,6,0,3,22,0,0,0,None,Resolved Genuine,Standard Habitual Purchase,0
TXN-CUST_MONISHA_001-10425,2026-07-21 22:43:39,2026-07-21,22:43:39,22,1,0,0,CUST_MONISHA_001,420,Chennai,Tamil Nadu,Low Risk / 3% Fraud Rate,M029,CloudDesk Digital,Software / Digital Services,Cloud Infrastructure & SaaS Tools,Bengaluru,Whitefield,Karnataka,560066,12.9698,77.7499,7,19800.0,24_HOURS,"ONLINE,CARD,TRANSFER",Cryptomining VM rental with stolen credit cards,0.058,145,912.85,INR,PURCHASE,CARD,MOBILE_APP,0,0,Chennai,14.0,0,0,1,DEV-MONISHA-IPHONE-15,mobile_ios,0,BEN-CUST_MONISHA_001-TRUSTED,Trusted Household Vendor,13,0,4,20,0,0,0,None,Resolved Genuine,Standard Habitual Purchase,0
TXN-CUST_MONISHA_001-10426,2026-07-22 00:11:22,2026-07-22,00:11:22,0,2,0,1,CUST_MONISHA_001,420,Chennai,Tamil Nadu,Low Risk / 3% Fraud Rate,M021,GlowCraft Salon,Salon / Beauty,Spa & Grooming Studio,Chennai,Porur,Tamil Nadu,600116,13.0382,80.1565,5,2800.0,09:00-21:00,"POS,UPI,CARD",Unusual late-night transaction spikes,0.011,27,1943.85,INR,PURCHASE,UPI,MOBILE_APP,1,0,Chennai,5.0,0,0,1,DEV-MONISHA-IPHONE-15,mobile_ios,0,BEN-CUST_MONISHA_001-TRUSTED,Trusted Household Vendor,9,0,4,18,0,0,0,None,Resolved Genuine,Standard Habitual Purchase,0
TXN-CUST_MONISHA_001-10427,2026-07-22 01:38:16,2026-07-22,01:38:16,1,2,0,1,CUST_MONISHA_001,420,Chennai,Tamil Nadu,Low Risk / 3% Fraud Rate,M019,ArenaSport World,Sports Retail,Fitness Equipment & Sports Wear,Chennai,Nungambakkam,Tamil Nadu,600034,13.0604,80.2405,6,5600.0,10:00-21:30,"POS,ONLINE,UPI,CARD",Stolen card chargeback on premium sports gear,0.026,65,2689.47,INR,PURCHASE,CARD,MOBILE_APP,1,0,Chennai,6.0,0,0,1,DEV-MONISHA-IPHONE-15,mobile_ios,0,BEN-CUST_MONISHA_001-TRUSTED,Trusted Household Vendor,13,0,2,15,0,0,0,None,Resolved Genuine,Standard Habitual Purchase,0
TXN-CUST_MONISHA_001-10428,2026-07-22 03:04:43,2026-07-22,03:04:43,3,2,0,1,CUST_MONISHA_001,420,Chennai,Tamil Nadu,Low Risk / 3% Fraud Rate,M028,CraftCove Home Decor,Home Decor,Handicrafts & Art Pieces,Thanjavur,Medical College Road,Tamil Nadu,613004,10.7684,79.1245,8,7400.0,09:30-20:30,"POS,UPI,CARD,ONLINE",Cross-border tourist chargebacks,0.023,57,1177.77,INR,PURCHASE,POS,MOBILE_APP,1,0,Chennai,11.0,0,0,1,DEV-MONISHA-IPHONE-15,mobile_ios,0,BEN-CUST_MONISHA_001-TRUSTED,Trusted Household Vendor,7,0,2,17,0,0,0,None,Resolved Genuine,Standard Habitual Purchase,0
TXN-CUST_MONISHA_001-10429,2026-07-22 04:28:53,2026-07-22,04:28:53,4,2,0,1,CUST_MONISHA_001,420,Chennai,Tamil Nadu,Low Risk / 3% Fraud Rate,M009,RapidFuel Station,Fuel Station,"Petrol, Diesel & EV Fast Charge",Salem,Fairlands,Tamil Nadu,636016,11.6643,78.146,9,3100.0,24_HOURS,"POS,FLEET_CARD,UPI",Automated fleet card skimming,0.024,60,2476.94,INR,PURCHASE,FLEET_CARD,MOBILE_APP,1,0,Chennai,9.0,0,0,1,DEV-MONISHA-IPHONE-15,mobile_ios,0,BEN-CUST_MONISHA_001-TRUSTED,Trusted Household Vendor,13,0,2,11,0,0,0,None,Resolved Genuine,Standard Habitual Purchase,0
TXN-CUST_MONISHA_001-10430,2026-07-22 05:53:37,2026-07-22,05:53:37,5,2,0,1,CUST_MONISHA_001,420,Chennai,Tamil Nadu,Low Risk / 3% Fraud Rate,M008,BeanCircuit Cafe,Cafe,Specialty Coffee & Bakery,Bengaluru,Indiranagar,Karnataka,560038,12.9784,77.6408,3,650.0,07:30-23:00,"UPI,POS,CARD",QR code spoofing / fast velocity dining,0.009,22,2521.45,INR,PURCHASE,POS,MOBILE_APP,1,0,Chennai,5.0,0,0,1,DEV-MONISHA-IPHONE-15,mobile_ios,0,BEN-CUST_MONISHA_001-TRUSTED,Trusted Household Vendor,8,0,3,18,0,0,0,None,Resolved Genuine,Standard Habitual Purchase,0
TXN-CUST_MONISHA_001-10431,2026-07-22 07:19:48,2026-07-22,07:19:48,7,2,0,0,CUST_MONISHA_001,420,Chennai,Tamil Nadu,Low Risk / 3% Fraud Rate,M004,Aurelia Gold House,Jewellery,Gold & Diamond Jewellery,Coimbatore,RS Puram,Tamil Nadu,641002,11.0089,76.9514,14,78000.0,10:00-20:30,"POS,CARD,TRANSFER",Account takeover / card-not-present luxury surge,0.065,162,1881.06,INR,PURCHASE,POS,MOBILE_APP,1,0,Chennai,14.0,0,0,1,DEV-MONISHA-IPHONE-15,mobile_ios,0,BEN-CUST_MONISHA_001-TRUSTED,Trusted Household Vendor,10,0,1,14,0,0,0,None,Resolved Genuine,Standard Habitual Purchase,0
TXN-CUST_MONISHA_001-10432,2026-07-22 08:43:55,2026-07-22,08:43:55,8,2,0,0,CUST_MONISHA_001,420,Chennai,Tamil Nadu,Low Risk / 3% Fraud Rate,M022,SkillSpring Academy,Education / Training,Professional Certifications & Tech Bootcamps,Chennai,Mylapore,Tamil Nadu,600004,13.0368,80.2676,8,22000.0,08:30-19:30,"ONLINE,NETBANKING,CARD,UPI",Stolen corporate card enrollments,0.028,70,1673.11,INR,PURCHASE,NETBANKING,MOBILE_APP,0,0,Chennai,5.0,0,0,1,DEV-MONISHA-IPHONE-15,mobile_ios,0,BEN-CUST_MONISHA_001-TRUSTED,Trusted Household Vendor,5,0,2,15,0,0,0,None,Resolved Genuine,Standard Habitual Purchase,0
TXN-CUST_MONISHA_001-10433,2026-07-22 10:09:46,2026-07-22,10:09:46,10,2,0,0,CUST_MONISHA_001,420,Chennai,Tamil Nadu,Low Risk / 3% Fraud Rate,M019,ArenaSport World,Sports Retail,Fitness Equipment & Sports Wear,Chennai,Nungambakkam,Tamil Nadu,600034,13.0604,80.2405,6,5600.0,10:00-21:30,"POS,ONLINE,UPI,CARD",Stolen card chargeback on premium sports gear,0.026,65,2869.26,INR,PURCHASE,POS,MOBILE_APP,1,0,Chennai,8.0,0,0,1,DEV-MONISHA-IPHONE-15,mobile_ios,0,BEN-CUST_MONISHA_001-TRUSTED,Trusted Household Vendor,15,1,2,17,0,0,0,None,Resolved Genuine,Standard Habitual Purchase,0
TXN-CUST_MONISHA_001-10434,2026-07-22 11:35:10,2026-07-22,11:35:10,11,2,0,0,CUST_MONISHA_001,420,Chennai,Tamil Nadu,Low Risk / 3% Fraud Rate,M006,MedicoCare Pharmacy,Pharmacy,Medicines & Surgical Supplies,Madurai,KK Nagar,Tamil Nadu,625020,9.9252,78.1498,10,1450.0,24_HOURS,"POS,UPI,CARD,ONLINE",Nighttime micro card testing,0.015,37,1513.39,INR,PURCHASE,UPI,MOBILE_APP,1,0,Chennai,1.0,0,0,1,DEV-MONISHA-IPHONE-15,mobile_ios,0,BEN-CUST_MONISHA_001-TRUSTED,Trusted Household Vendor,6,1,3,16,0,0,0,None,Resolved Genuine,Standard Habitual Purchase,0
TXN-CUST_MONISHA_001-10435,2026-07-22 13:01:30,2026-07-22,13:01:30,13,2,0,0,CUST_MONISHA_001,420,Chennai,Tamil Nadu,Low Risk / 3% Fraud Rate,M025,ShieldSure Services,Insurance Services,General & Health Insurance Premium,Chennai,Egmore,Tamil Nadu,600008,13.0784,80.2607,13,14000.0,09:30-18:00,"ONLINE,NETBANKING,CARD",Premium diversion / fake policy payment slips,0.019,47,2604.62,INR,PURCHASE,NETBANKING,MOBILE_APP,0,0,Chennai,3.0,0,0,1,DEV-MONISHA-IPHONE-15,mobile_ios,0,BEN-CUST_MONISHA_001-TRUSTED,Trusted Household Vendor,9,0,4,25,0,0,0,None,Resolved Genuine,Standard Habitual Purchase,0
TXN-CUST_MONISHA_001-10436,2026-07-22 14:27:12,2026-07-22,14:27:12,14,2,0,0,CUST_MONISHA_001,420,Chennai,Tamil Nadu,Low Risk / 3% Fraud Rate,M002,CircuitBay Electronics,Consumer Electronics,Laptops & Gadgets,Chennai,Velachery,Tamil Nadu,600042,12.9759,80.2212,6,32000.0,10:00-21:30,"POS,ONLINE,EMI,UPI",Stolen payment details / high-ticket electronics delivery,0.048,120,2029.05,INR,PURCHASE,ONLINE,MOBILE_APP,1,0,Chennai,12.0,0,0,1,DEV-MONISHA-IPHONE-15,mobile_ios,0,BEN-CUST_MONISHA_001-TRUSTED,Trusted Household Vendor,8,0,1,6,0,0,0,None,Resolved Genuine,Standard Habitual Purchase,0
TXN-CUST_MONISHA_001-10437,2026-07-22 15:54:40,2026-07-22,15:54:40,15,2,0,0,CUST_MONISHA_001,420,Chennai,Tamil Nadu,Low Risk / 3% Fraud Rate,M021,GlowCraft Salon,Salon / Beauty,Spa & Grooming Studio,Chennai,Porur,Tamil Nadu,600116,13.0382,80.1565,5,2800.0,09:00-21:00,"POS,UPI,CARD",Unusual late-night transaction spikes,0.011,27,2496.63,INR,PURCHASE,POS,MOBILE_APP,1,0,Chennai,4.0,0,0,1,DEV-MONISHA-IPHONE-15,mobile_ios,0,BEN-CUST_MONISHA_001-TRUSTED,Trusted Household Vendor,7,0,3,15,0,0,0,None,Resolved Genuine,Standard Habitual Purchase,0
TXN-CUST_MONISHA_001-10438,2026-07-22 17:20:22,2026-07-22,17:20:22,17,2,0,0,CUST_MONISHA_001,420,Chennai,Tamil Nadu,Low Risk / 3% Fraud Rate,M019,ArenaSport World,Sports Retail,Fitness Equipment & Sports Wear,Chennai,Nungambakkam,Tamil Nadu,600034,13.0604,80.2405,6,5600.0,10:00-21:30,"POS,ONLINE,UPI,CARD",Stolen card chargeback on premium sports gear,0.026,65,1496.31,INR,PURCHASE,CARD,MOBILE_APP,1,0,Chennai,2.0,0,0,1,DEV-MONISHA-IPHONE-15,mobile_ios,0,BEN-CUST_MONISHA_001-TRUSTED,Trusted Household Vendor,7,0,3,22,0,0,0,None,Resolved Genuine,Standard Habitual Purchase,0
TXN-CUST_MONISHA_001-10439,2026-07-22 18:47:21,2026-07-22,18:47:21,18,2,0,0,CUST_MONISHA_001,420,Chennai,Tamil Nadu,Low Risk / 3% Fraud Rate,M011,SkyTrail Travels,Travel Agency,Flight & International Tour Packages,Coimbatore,Gandhipuram,Tamil Nadu,641012,11.0183,76.9664,11,44000.0,09:00-20:00,"ONLINE,TRANSFER,CARD",Mule-account ticket arbitrage & fast cancellation fraud,0.052,130,1794.78,INR,PURCHASE,TRANSFER,MOBILE_APP,0,0,Chennai,11.0,0,0,1,DEV-MONISHA-IPHONE-15,mobile_ios,0,BEN-CUST_MONISHA_001-TRUSTED,Trusted Household Vendor,10,0,3,17,0,0,0,None,Resolved Genuine,Standard Habitual Purchase,0
TXN-CUST_MONISHA_001-10440,2026-07-22 20:11:44,2026-07-22,20:11:44,20,2,0,0,CUST_MONISHA_001,420,Chennai,Tamil Nadu,Low Risk / 3% Fraud Rate,M026,GreenLeaf Wellness,Health & Wellness,Organic Nutrition & Ayurveda,Trichy,Srirangam,Tamil Nadu,620006,10.8624,78.6947,6,2100.0,08:00-21:00,"POS,UPI,ONLINE,CARD",Subscription card stuffing,0.013,32,1723.94,INR,PURCHASE,POS,MOBILE_APP,1,0,Chennai,4.0,0,0,1,DEV-MONISHA-IPHONE-15,mobile_ios,0,BEN-CUST_MONISHA_001-TRUSTED,Trusted Household Vendor,6,0,2,18,0,0,0,None,Resolved Genuine,Standard Habitual Purchase,0
TXN-CUST_MONISHA_001-10441,2026-07-22 21:36:09,2026-07-22,21:36:09,21,2,0,0,CUST_MONISHA_001,420,Chennai,Tamil Nadu,Low Risk / 3% Fraud Rate,M012,DashDine Delivery,Food Delivery,Quick Commerce & Meal Delivery,Chennai,Sholinganallur,Tamil Nadu,600119,12.901,80.2279,4,520.0,06:00-02:00,"UPI,CARD,ONLINE,WALLET",Promo code abuse / stolen wallet balances,0.014,35,1453.69,INR,P2P_TRANSFER,UPI,MOBILE_APP,0,0,Delhi,955.0,1,0,1,DEV-MONISHA-IPHONE-15,mobile_ios,1,BEN-NEW-149,Global Flight Booking,0,3,10,43,1,0,0,Geographic Anomaly / High Ticket Spike,Review Required,Sudden location velocity jump with new merchant,1
TXN-CUST_MONISHA_001-10442,2026-07-22 23:03:28,2026-07-22,23:03:28,23,2,0,1,CUST_MONISHA_001,420,Chennai,Tamil Nadu,Low Risk / 3% Fraud Rate,M001,NovaMart Fresh,Grocery & Supermarket,Supermarket / Hypermarket,Chennai,T Nagar,Tamil Nadu,600017,13.0418,80.2341,8,1250.0,07:00-22:30,"POS,UPI,CARD,ONLINE",Card testing / micro-burst velocity,0.012,30,892.87,INR,PURCHASE,CARD,MOBILE_APP,1,0,Chennai,2.0,0,0,1,DEV-MONISHA-IPHONE-15,mobile_ios,0,BEN-CUST_MONISHA_001-TRUSTED,Trusted Household Vendor,4,0,4,25,0,0,0,None,Resolved Genuine,Standard Habitual Purchase,0
TXN-CUST_MONISHA_001-10443,2026-07-23 00:31:05,2026-07-23,00:31:05,0,3,0,1,CUST_MONISHA_001,420,Chennai,Tamil Nadu,Low Risk / 3% Fraud Rate,M007,SpiceRoute Kitchen,Restaurant,Fine Dining & Chettinad,Chennai,Adyar,Tamil Nadu,600020,13.0012,80.2565,7,2200.0,11:30-23:30,"POS,UPI,CARD",Cloned card POS terminal replay,0.018,45,2406.75,INR,PURCHASE,POS,MOBILE_APP,1,0,Chennai,11.0,0,0,1,DEV-MONISHA-IPHONE-15,mobile_ios,0,BEN-CUST_MONISHA_001-TRUSTED,Trusted Household Vendor,13,1,4,26,0,0,0,None,Resolved Genuine,Standard Habitual Purchase,0
TXN-CUST_MONISHA_001-10444,2026-07-23 01:56:06,2026-07-23,01:56:06,1,3,0,1,CUST_MONISHA_001,420,Chennai,Tamil Nadu,Low Risk / 3% Fraud Rate,M020,GameGrid Arena,Gaming,"Esports, Consoles & Virtual Credits",Bengaluru,Koramangala,Karnataka,560095,12.9352,77.6245,4,3400.0,10:00-01:00,"ONLINE,UPI,CARD,WALLET",Virtual item laundering & bot-driven micro transactions,0.055,137,2419.7,INR,PURCHASE,ONLINE,MOBILE_APP,0,0,Chennai,7.0,0,0,1,DEV-MONISHA-IPHONE-15,mobile_ios,0,BEN-CUST_MONISHA_001-TRUSTED,Trusted Household Vendor,11,0,1,10,0,0,0,None,Resolved Genuine,Standard Habitual Purchase,0
TXN-CUST_MONISHA_001-10445,2026-07-23 03:20:11,2026-07-23,03:20:11,3,3,0,1,CUST_MONISHA_001,420,Chennai,Tamil Nadu,Low Risk / 3% Fraud Rate,M004,Aurelia Gold House,Jewellery,Gold & Diamond Jewellery,Coimbatore,RS Puram,Tamil Nadu,641002,11.0089,76.9514,14,78000.0,10:00-20:30,"POS,CARD,TRANSFER",Account takeover / card-not-present luxury surge,0.065,162,1944.71,INR,PURCHASE,POS,MOBILE_APP,1,0,Chennai,10.0,0,0,1,DEV-MONISHA-IPHONE-15,mobile_ios,0,BEN-CUST_MONISHA_001-TRUSTED,Trusted Household Vendor,11,1,3,19,0,0,0,None,Resolved Genuine,Standard Habitual Purchase,0
TXN-CUST_MONISHA_001-10446,2026-07-23 04:47:48,2026-07-23,04:47:48,4,3,0,1,CUST_MONISHA_001,420,Chennai,Tamil Nadu,Low Risk / 3% Fraud Rate,M010,HarborView Residency,Hotel / Hospitality,Business & Luxury Hotel,Chennai,OMR,Tamil Nadu,600096,12.9165,80.2285,6,9500.0,24_HOURS,"ONLINE,POS,CARD,TRANSFER",Online travel booking fraud with stolen corporate credentials,0.041,102,1155.27,INR,PURCHASE,TRANSFER,MOBILE_APP,1,0,Chennai,9.0,0,0,1,DEV-MONISHA-IPHONE-15,mobile_ios,0,BEN-CUST_MONISHA_001-TRUSTED,Trusted Household Vendor,14,0,2,15,0,0,0,None,Resolved Genuine,Standard Habitual Purchase,0
TXN-CUST_MONISHA_001-10447,2026-07-23 06:12:37,2026-07-23,06:12:37,6,3,0,0,CUST_MONISHA_001,420,Chennai,Tamil Nadu,Low Risk / 3% Fraud Rate,M001,NovaMart Fresh,Grocery & Supermarket,Supermarket / Hypermarket,Chennai,T Nagar,Tamil Nadu,600017,13.0418,80.2341,8,1250.0,07:00-22:30,"POS,UPI,CARD,ONLINE",Card testing / micro-burst velocity,0.012,30,2351.62,INR,PURCHASE,POS,MOBILE_APP,1,0,Chennai,15.0,0,0,1,DEV-MONISHA-IPHONE-15,mobile_ios,0,BEN-CUST_MONISHA_001-TRUSTED,Trusted Household Vendor,5,1,4,26,0,0,0,None,Resolved Genuine,Standard Habitual Purchase,0
TXN-CUST_MONISHA_001-10448,2026-07-23 07:36:28,2026-07-23,07:36:28,7,3,0,0,CUST_MONISHA_001,420,Chennai,Tamil Nadu,Low Risk / 3% Fraud Rate,M024,LinkWave Telecom,Telecom Retail,Fiber Broadband & Postpaid Plans,Erode,Perundurai Road,Tamil Nadu,638011,11.341,77.7172,10,1950.0,09:30-20:30,"UPI,CARD,ONLINE,POS",SIM swap bill recharge surges,0.017,42,3786.52,INR,P2P_TRANSFER,CARD,WEB_PORTAL,0,0,Delhi,603.0,1,1,0,DEV-LAPTOP-CHROME-336,web_browser,1,BEN-NEW-932,Global Flight Booking,0,3,7,30,1,0,0,Geographic Anomaly / High Ticket Spike,Review Required,Sudden location velocity jump with new merchant,1
TXN-CUST_MONISHA_001-10449,2026-07-23 09:04:58,2026-07-23,09:04:58,9,3,0,0,CUST_MONISHA_001,420,Chennai,Tamil Nadu,Low Risk / 3% Fraud Rate,M012,DashDine Delivery,Food Delivery,Quick Commerce & Meal Delivery,Chennai,Sholinganallur,Tamil Nadu,600119,12.901,80.2279,4,520.0,06:00-02:00,"UPI,CARD,ONLINE,WALLET",Promo code abuse / stolen wallet balances,0.014,35,2655.73,INR,PURCHASE,UPI,MOBILE_APP,0,0,Chennai,6.0,0,0,1,DEV-MONISHA-IPHONE-15,mobile_ios,0,BEN-CUST_MONISHA_001-TRUSTED,Trusted Household Vendor,4,0,1,6,0,0,0,None,Resolved Genuine,Standard Habitual Purchase,0
TXN-CUST_MONISHA_001-10450,2026-07-23 10:33:29,2026-07-23,10:33:29,10,3,0,0,CUST_MONISHA_001,420,Chennai,Tamil Nadu,Low Risk / 3% Fraud Rate,M022,SkillSpring Academy,Education / Training,Professional Certifications & Tech Bootcamps,Chennai,Mylapore,Tamil Nadu,600004,13.0368,80.2676,8,22000.0,08:30-19:30,"ONLINE,NETBANKING,CARD,UPI",Stolen corporate card enrollments,0.028,70,2294.44,INR,PURCHASE,CARD,MOBILE_APP,0,0,Chennai,6.0,0,0,1,DEV-MONISHA-IPHONE-15,mobile_ios,0,BEN-CUST_MONISHA_001-TRUSTED,Trusted Household Vendor,12,0,4,19,0,0,0,None,Resolved Genuine,Standard Habitual Purchase,0
TXN-CUST_MONISHA_001-10451,2026-07-23 11:59:07,2026-07-23,11:59:07,11,3,0,0,CUST_MONISHA_001,420,Chennai,Tamil Nadu,Low Risk / 3% Fraud Rate,M011,SkyTrail Travels,Travel Agency,Flight & International Tour Packages,Coimbatore,Gandhipuram,Tamil Nadu,641012,11.0183,76.9664,11,44000.0,09:00-20:00,"ONLINE,TRANSFER,CARD",Mule-account ticket arbitrage & fast cancellation fraud,0.052,130,1207.91,INR,PURCHASE,TRANSFER,MOBILE_APP,0,0,Chennai,7.0,0,0,1,DEV-MONISHA-IPHONE-15,mobile_ios,0,BEN-CUST_MONISHA_001-TRUSTED,Trusted Household Vendor,7,0,4,25,0,0,0,None,Resolved Genuine,Standard Habitual Purchase,0
TXN-CUST_MONISHA_001-10452,2026-07-23 13:27:19,2026-07-23,13:27:19,13,3,0,0,CUST_MONISHA_001,420,Chennai,Tamil Nadu,Low Risk / 3% Fraud Rate,M021,GlowCraft Salon,Salon / Beauty,Spa & Grooming Studio,Chennai,Porur,Tamil Nadu,600116,13.0382,80.1565,5,2800.0,09:00-21:00,"POS,UPI,CARD",Unusual late-night transaction spikes,0.011,27,8513.61,INR,P2P_TRANSFER,CARD,WEB_PORTAL,0,0,Hyderabad,1043.0,1,1,0,DEV-LAPTOP-CHROME-235,web_browser,1,BEN-NEW-526,Global Flight Booking,0,2,10,49,1,0,0,Geographic Anomaly / High Ticket Spike,Review Required,Sudden location velocity jump with new merchant,1
TXN-CUST_MONISHA_001-10453,2026-07-23 14:55:32,2026-07-23,14:55:32,14,3,0,0,CUST_MONISHA_001,420,Chennai,Tamil Nadu,Low Risk / 3% Fraud Rate,M022,SkillSpring Academy,Education / Training,Professional Certifications & Tech Bootcamps,Chennai,Mylapore,Tamil Nadu,600004,13.0368,80.2676,8,22000.0,08:30-19:30,"ONLINE,NETBANKING,CARD,UPI",Stolen corporate card enrollments,0.028,70,1805.3,INR,PURCHASE,ONLINE,MOBILE_APP,0,0,Chennai,10.0,0,0,1,DEV-MONISHA-IPHONE-15,mobile_ios,0,BEN-CUST_MONISHA_001-TRUSTED,Trusted Household Vendor,12,0,3,16,0,0,0,None,Resolved Genuine,Standard Habitual Purchase,0
TXN-CUST_MONISHA_001-10454,2026-07-23 16:21:50,2026-07-23,16:21:50,16,3,0,0,CUST_MONISHA_001,420,Chennai,Tamil Nadu,Low Risk / 3% Fraud Rate,M016,MotoCare Garage,Auto Service,Car Service & Detailing Hub,Chennai,Pallikaranai,Tamil Nadu,600100,12.9372,80.2014,7,8900.0,08:30-20:30,"POS,UPI,CARD",Over-invoicing / synthetic card payments,0.021,52,1044.27,INR,PURCHASE,CARD,MOBILE_APP,1,0,Chennai,7.0,0,0,1,DEV-MONISHA-IPHONE-15,mobile_ios,0,BEN-CUST_MONISHA_001-TRUSTED,Trusted Household Vendor,7,0,1,11,0,0,0,None,Resolved Genuine,Standard Habitual Purchase,0
TXN-CUST_MONISHA_001-10455,2026-07-23 17:45:18,2026-07-23,17:45:18,17,3,0,0,CUST_MONISHA_001,420,Chennai,Tamil Nadu,Low Risk / 3% Fraud Rate,M028,CraftCove Home Decor,Home Decor,Handicrafts & Art Pieces,Thanjavur,Medical College Road,Tamil Nadu,613004,10.7684,79.1245,8,7400.0,09:30-20:30,"POS,UPI,CARD,ONLINE",Cross-border tourist chargebacks,0.023,57,2366.35,INR,PURCHASE,CARD,MOBILE_APP,1,0,Chennai,13.0,0,0,1,DEV-MONISHA-IPHONE-15,mobile_ios,0,BEN-CUST_MONISHA_001-TRUSTED,Trusted Household Vendor,13,0,2,18,0,0,0,None,Resolved Genuine,Standard Habitual Purchase,0
TXN-CUST_MONISHA_001-10456,2026-07-23 19:11:51,2026-07-23,19:11:51,19,3,0,0,CUST_MONISHA_001,420,Chennai,Tamil Nadu,Low Risk / 3% Fraud Rate,M023,SwiftBox Logistics,Courier / Logistics,Express Parcel & Freight Delivery,Tiruppur,Avinashi Road,Tamil Nadu,641603,11.1085,77.3411,9,4200.0,08:00-21:00,"POS,UPI,CARD,ONLINE",Interception fraud / address redirection,0.02,50,2226.68,INR,PURCHASE,CARD,MOBILE_APP,1,0,Chennai,7.0,0,0,1,DEV-MONISHA-IPHONE-15,mobile_ios,0,BEN-CUST_MONISHA_001-TRUSTED,Trusted Household Vendor,10,0,2,16,0,0,0,None,Resolved Genuine,Standard Habitual Purchase,0
TXN-CUST_MONISHA_001-10457,2026-07-23 20:36:08,2026-07-23,20:36:08,20,3,0,0,CUST_MONISHA_001,420,Chennai,Tamil Nadu,Low Risk / 3% Fraud Rate,M027,BrickHarbor Realty,Real Estate / Property Services,Rental Escrow & Facility Management,Chennai,Porur,Tamil Nadu,600116,13.035,80.16,11,65000.0,09:00-19:00,"TRANSFER,NETBANKING,CARD",Security deposit phishing / escrow hijacking,0.039,97,2086.53,INR,PURCHASE,NETBANKING,MOBILE_APP,0,0,Chennai,10.0,0,0,1,DEV-MONISHA-IPHONE-15,mobile_ios,0,BEN-CUST_MONISHA_001-TRUSTED,Trusted Household Vendor,11,1,2,17,0,0,0,None,Resolved Genuine,Standard Habitual Purchase,0
TXN-CUST_MONISHA_001-10458,2026-07-23 22:04:45,2026-07-23,22:04:45,22,3,0,0,CUST_MONISHA_001,420,Chennai,Tamil Nadu,Low Risk / 3% Fraud Rate,M003,Pulse Mobile Hub,Mobile Store,Smartphones & Accessories,Chennai,Tambaram,Tamil Nadu,600045,12.9249,80.1278,4,18500.0,09:30-21:30,"POS,UPI,CARD",New device abuse / rapid checkout surge,0.035,87,52762.04,INR,P2P_TRANSFER,UPI,WEB_PORTAL,0,0,Delhi,351.0,1,1,0,DEV-LAPTOP-CHROME-438,web_browser,1,BEN-NEW-487,Global Flight Booking,0,4,5,25,1,0,0,Geographic Anomaly / High Ticket Spike,Review Required,Sudden location velocity jump with new merchant,1
TXN-CUST_MONISHA_001-10459,2026-07-23 23:28:38,2026-07-23,23:28:38,23,3,0,1,CUST_MONISHA_001,420,Chennai,Tamil Nadu,Low Risk / 3% Fraud Rate,M015,HomeSphere Appliances,Home Appliances,"Refrigerators, ACs & Kitchen Tech",Coimbatore,Saibaba Colony,Tamil Nadu,641011,11.0315,76.945,9,27500.0,09:30-21:00,"POS,EMI,CARD,UPI",Carding attacks with immediate in-store pickup,0.038,95,2654.95,INR,PURCHASE,CARD,MOBILE_APP,1,0,Chennai,8.0,0,0,1,DEV-MONISHA-IPHONE-15,mobile_ios,0,BEN-CUST_MONISHA_001-TRUSTED,Trusted Household Vendor,10,1,4,19,0,0,0,None,Resolved Genuine,Standard Habitual Purchase,0
TXN-CUST_MONISHA_001-10460,2026-07-24 00:57:55,2026-07-24,00:57:55,0,4,0,1,CUST_MONISHA_001,420,Chennai,Tamil Nadu,Low Risk / 3% Fraud Rate,M024,LinkWave Telecom,Telecom Retail,Fiber Broadband & Postpaid Plans,Erode,Perundurai Road,Tamil Nadu,638011,11.341,77.7172,10,1950.0,09:30-20:30,"UPI,CARD,ONLINE,POS",SIM swap bill recharge surges,0.017,42,2308.89,INR,PURCHASE,UPI,MOBILE_APP,1,0,Chennai,2.0,0,0,1,DEV-MONISHA-IPHONE-15,mobile_ios,0,BEN-CUST_MONISHA_001-TRUSTED,Trusted Household Vendor,11,0,1,7,0,0,0,None,Resolved Genuine,Standard Habitual Purchase,0
TXN-CUST_MONISHA_001-10461,2026-07-24 02:26:04,2026-07-24,02:26:04,2,4,0,1,CUST_MONISHA_001,420,Chennai,Tamil Nadu,Low Risk / 3% Fraud Rate,M020,GameGrid Arena,Gaming,"Esports, Consoles & Virtual Credits",Bengaluru,Koramangala,Karnataka,560095,12.9352,77.6245,4,3400.0,10:00-01:00,"ONLINE,UPI,CARD,WALLET",Virtual item laundering & bot-driven micro transactions,0.055,137,2271.84,INR,PURCHASE,WALLET,MOBILE_APP,0,0,Chennai,15.0,0,0,1,DEV-MONISHA-IPHONE-15,mobile_ios,0,BEN-CUST_MONISHA_001-TRUSTED,Trusted Household Vendor,13,0,2,15,0,0,0,None,Resolved Genuine,Standard Habitual Purchase,0
TXN-CUST_MONISHA_001-10462,2026-07-24 03:51:39,2026-07-24,03:51:39,3,4,0,1,CUST_MONISHA_001,420,Chennai,Tamil Nadu,Low Risk / 3% Fraud Rate,M002,CircuitBay Electronics,Consumer Electronics,Laptops & Gadgets,Chennai,Velachery,Tamil Nadu,600042,12.9759,80.2212,6,32000.0,10:00-21:30,"POS,ONLINE,EMI,UPI",Stolen payment details / high-ticket electronics delivery,0.048,120,2690.82,INR,PURCHASE,EMI,MOBILE_APP,1,0,Chennai,14.0,0,0,1,DEV-MONISHA-IPHONE-15,mobile_ios,0,BEN-CUST_MONISHA_001-TRUSTED,Trusted Household Vendor,14,0,4,25,0,0,0,None,Resolved Genuine,Standard Habitual Purchase,0
TXN-CUST_MONISHA_001-10463,2026-07-24 05:15:44,2026-07-24,05:15:44,5,4,0,1,CUST_MONISHA_001,420,Chennai,Tamil Nadu,Low Risk / 3% Fraud Rate,M025,ShieldSure Services,Insurance Services,General & Health Insurance Premium,Chennai,Egmore,Tamil Nadu,600008,13.0784,80.2607,13,14000.0,09:30-18:00,"ONLINE,NETBANKING,CARD",Premium diversion / fake policy payment slips,0.019,47,2321.85,INR,PURCHASE,CARD,MOBILE_APP,0,0,Chennai,1.0,0,0,1,DEV-MONISHA-IPHONE-15,mobile_ios,0,BEN-CUST_MONISHA_001-TRUSTED,Trusted Household Vendor,11,0,3,19,0,0,0,None,Resolved Genuine,Standard Habitual Purchase,0
TXN-CUST_MONISHA_001-10464,2026-07-24 06:43:20,2026-07-24,06:43:20,6,4,0,0,CUST_MONISHA_001,420,Chennai,Tamil Nadu,Low Risk / 3% Fraud Rate,M002,CircuitBay Electronics,Consumer Electronics,Laptops & Gadgets,Chennai,Velachery,Tamil Nadu,600042,12.9759,80.2212,6,32000.0,10:00-21:30,"POS,ONLINE,EMI,UPI",Stolen payment details / high-ticket electronics delivery,0.048,120,2878.69,INR,PURCHASE,EMI,MOBILE_APP,1,0,Chennai,8.0,0,0,1,DEV-MONISHA-IPHONE-15,mobile_ios,0,BEN-CUST_MONISHA_001-TRUSTED,Trusted Household Vendor,4,1,4,21,0,0,0,None,Resolved Genuine,Standard Habitual Purchase,0
TXN-CUST_MONISHA_001-10465,2026-07-24 08:07:52,2026-07-24,08:07:52,8,4,0,0,CUST_MONISHA_001,420,Chennai,Tamil Nadu,Low Risk / 3% Fraud Rate,M028,CraftCove Home Decor,Home Decor,Handicrafts & Art Pieces,Thanjavur,Medical College Road,Tamil Nadu,613004,10.7684,79.1245,8,7400.0,09:30-20:30,"POS,UPI,CARD,ONLINE",Cross-border tourist chargebacks,0.023,57,1699.38,INR,PURCHASE,CARD,MOBILE_APP,1,0,Chennai,8.0,0,0,1,DEV-MONISHA-IPHONE-15,mobile_ios,0,BEN-CUST_MONISHA_001-TRUSTED,Trusted Household Vendor,14,0,2,11,0,0,0,None,Resolved Genuine,Standard Habitual Purchase,0
TXN-CUST_MONISHA_001-10466,2026-07-24 09:35:48,2026-07-24,09:35:48,9,4,0,0,CUST_MONISHA_001,420,Chennai,Tamil Nadu,Low Risk / 3% Fraud Rate,M002,CircuitBay Electronics,Consumer Electronics,Laptops & Gadgets,Chennai,Velachery,Tamil Nadu,600042,12.9759,80.2212,6,32000.0,10:00-21:30,"POS,ONLINE,EMI,UPI",Stolen payment details / high-ticket electronics delivery,0.048,120,2948.31,INR,PURCHASE,UPI,MOBILE_APP,1,0,Chennai,14.0,0,0,1,DEV-MONISHA-IPHONE-15,mobile_ios,0,BEN-CUST_MONISHA_001-TRUSTED,Trusted Household Vendor,15,0,1,13,0,0,0,None,Resolved Genuine,Standard Habitual Purchase,0
TXN-CUST_MONISHA_001-10467,2026-07-24 11:03:09,2026-07-24,11:03:09,11,4,0,0,CUST_MONISHA_001,420,Chennai,Tamil Nadu,Low Risk / 3% Fraud Rate,M017,AutoForge Parts,Spare Parts,OEM Industrial & Auto Components,Hosur,Mookandapalli,Tamil Nadu,635126,12.7409,77.8253,15,16500.0,09:00-19:30,"TRANSFER,POS,CARD",Business email compromise / fake beneficiary update,0.033,82,1095.05,INR,PURCHASE,POS,MOBILE_APP,1,0,Chennai,8.0,0,0,1,DEV-MONISHA-IPHONE-15,mobile_ios,0,BEN-CUST_MONISHA_001-TRUSTED,Trusted Household Vendor,11,1,1,13,0,0,0,None,Resolved Genuine,Standard Habitual Purchase,0
TXN-CUST_MONISHA_001-10468,2026-07-24 12:32:06,2026-07-24,12:32:06,12,4,0,0,CUST_MONISHA_001,420,Chennai,Tamil Nadu,Low Risk / 3% Fraud Rate,M025,ShieldSure Services,Insurance Services,General & Health Insurance Premium,Chennai,Egmore,Tamil Nadu,600008,13.0784,80.2607,13,14000.0,09:30-18:00,"ONLINE,NETBANKING,CARD",Premium diversion / fake policy payment slips,0.019,47,2935.52,INR,PURCHASE,ONLINE,MOBILE_APP,0,0,Chennai,3.0,0,0,1,DEV-MONISHA-IPHONE-15,mobile_ios,0,BEN-CUST_MONISHA_001-TRUSTED,Trusted Household Vendor,14,0,2,11,0,0,0,None,Resolved Genuine,Standard Habitual Purchase,0
TXN-CUST_MONISHA_001-10469,2026-07-24 13:57:50,2026-07-24,13:57:50,13,4,0,0,CUST_MONISHA_001,420,Chennai,Tamil Nadu,Low Risk / 3% Fraud Rate,M020,GameGrid Arena,Gaming,"Esports, Consoles & Virtual Credits",Bengaluru,Koramangala,Karnataka,560095,12.9352,77.6245,4,3400.0,10:00-01:00,"ONLINE,UPI,CARD,WALLET",Virtual item laundering & bot-driven micro transactions,0.055,137,2198.42,INR,PURCHASE,UPI,MOBILE_APP,0,0,Chennai,6.0,0,0,1,DEV-MONISHA-IPHONE-15,mobile_ios,0,BEN-CUST_MONISHA_001-TRUSTED,Trusted Household Vendor,9,0,4,22,0,0,0,None,Resolved Genuine,Standard Habitual Purchase,0
TXN-CUST_MONISHA_001-10470,2026-07-24 15:23:37,2026-07-24,15:23:37,15,4,0,0,CUST_MONISHA_001,420,Chennai,Tamil Nadu,Low Risk / 3% Fraud Rate,M011,SkyTrail Travels,Travel Agency,Flight & International Tour Packages,Coimbatore,Gandhipuram,Tamil Nadu,641012,11.0183,76.9664,11,44000.0,09:00-20:00,"ONLINE,TRANSFER,CARD",Mule-account ticket arbitrage & fast cancellation fraud,0.052,130,3050.95,INR,PURCHASE,CARD,MOBILE_APP,0,0,Chennai,8.0,0,0,1,DEV-MONISHA-IPHONE-15,mobile_ios,0,BEN-CUST_MONISHA_001-TRUSTED,Trusted Household Vendor,9,0,2,18,0,0,0,None,Resolved Genuine,Standard Habitual Purchase,0
TXN-CUST_MONISHA_001-10471,2026-07-24 16:48:49,2026-07-24,16:48:49,16,4,0,0,CUST_MONISHA_001,420,Chennai,Tamil Nadu,Low Risk / 3% Fraud Rate,M023,SwiftBox Logistics,Courier / Logistics,Express Parcel & Freight Delivery,Tiruppur,Avinashi Road,Tamil Nadu,641603,11.1085,77.3411,9,4200.0,08:00-21:00,"POS,UPI,CARD,ONLINE",Interception fraud / address redirection,0.02,50,2061.87,INR,PURCHASE,UPI,MOBILE_APP,1,0,Chennai,6.0,0,0,1,DEV-MONISHA-IPHONE-15,mobile_ios,0,BEN-CUST_MONISHA_001-TRUSTED,Trusted Household Vendor,6,0,2,14,0,0,0,None,Resolved Genuine,Standard Habitual Purchase,0
TXN-CUST_MONISHA_001-10472,2026-07-24 18:16:20,2026-07-24,18:16:20,18,4,0,0,CUST_MONISHA_001,420,Chennai,Tamil Nadu,Low Risk / 3% Fraud Rate,M022,SkillSpring Academy,Education / Training,Professional Certifications & Tech Bootcamps,Chennai,Mylapore,Tamil Nadu,600004,13.0368,80.2676,8,22000.0,08:30-19:30,"ONLINE,NETBANKING,CARD,UPI",Stolen corporate card enrollments,0.028,70,1090.45,INR,PURCHASE,CARD,MOBILE_APP,0,0,Chennai,12.0,0,0,1,DEV-MONISHA-IPHONE-15,mobile_ios,0,BEN-CUST_MONISHA_001-TRUSTED,Trusted Household Vendor,11,0,2,11,0,0,0,None,Resolved Genuine,Standard Habitual Purchase,0
TXN-CUST_MONISHA_001-10473,2026-07-24 19:44:18,2026-07-24,19:44:18,19,4,0,0,CUST_MONISHA_001,420,Chennai,Tamil Nadu,Low Risk / 3% Fraud Rate,M018,PageTurn Book House,Bookstore,"Academic, Fiction & Stationery",Trichy,Thillai Nagar,Tamil Nadu,620018,10.8282,78.6854,16,850.0,09:00-21:30,"POS,UPI,CARD,ONLINE",Low-value card testing bots,0.008,20,1904.07,INR,PURCHASE,CARD,MOBILE_APP,1,0,Chennai,10.0,0,0,1,DEV-MONISHA-IPHONE-15,mobile_ios,0,BEN-CUST_MONISHA_001-TRUSTED,Trusted Household Vendor,13,0,4,24,0,0,0,None,Resolved Genuine,Standard Habitual Purchase,0
TXN-CUST_MONISHA_001-10474,2026-07-24 21:12:33,2026-07-24,21:12:33,21,4,0,0,CUST_MONISHA_001,420,Chennai,Tamil Nadu,Low Risk / 3% Fraud Rate,M017,AutoForge Parts,Spare Parts,OEM Industrial & Auto Components,Hosur,Mookandapalli,Tamil Nadu,635126,12.7409,77.8253,15,16500.0,09:00-19:30,"TRANSFER,POS,CARD",Business email compromise / fake beneficiary update,0.033,82,1029.14,INR,PURCHASE,POS,MOBILE_APP,1,0,Chennai,7.0,0,0,1,DEV-MONISHA-IPHONE-15,mobile_ios,0,BEN-CUST_MONISHA_001-TRUSTED,Trusted Household Vendor,6,1,1,8,0,0,0,None,Resolved Genuine,Standard Habitual Purchase,0
TXN-CUST_MONISHA_001-10475,2026-07-24 22:41:51,2026-07-24,22:41:51,22,4,0,0,CUST_MONISHA_001,420,Chennai,Tamil Nadu,Low Risk / 3% Fraud Rate,M022,SkillSpring Academy,Education / Training,Professional Certifications & Tech Bootcamps,Chennai,Mylapore,Tamil Nadu,600004,13.0368,80.2676,8,22000.0,08:30-19:30,"ONLINE,NETBANKING,CARD,UPI",Stolen corporate card enrollments,0.028,70,1366.31,INR,PURCHASE,ONLINE,MOBILE_APP,0,0,Chennai,14.0,0,0,1,DEV-MONISHA-IPHONE-15,mobile_ios,0,BEN-CUST_MONISHA_001-TRUSTED,Trusted Household Vendor,6,1,3,19,0,0,0,None,Resolved Genuine,Standard Habitual Purchase,0
TXN-CUST_MONISHA_001-10476,2026-07-25 00:10:08,2026-07-25,00:10:08,0,5,1,1,CUST_MONISHA_001,420,Chennai,Tamil Nadu,Low Risk / 3% Fraud Rate,M004,Aurelia Gold House,Jewellery,Gold & Diamond Jewellery,Coimbatore,RS Puram,Tamil Nadu,641002,11.0089,76.9514,14,78000.0,10:00-20:30,"POS,CARD,TRANSFER",Account takeover / card-not-present luxury surge,0.065,162,2221.69,INR,PURCHASE,TRANSFER,MOBILE_APP,1,0,Chennai,11.0,0,0,1,DEV-MONISHA-IPHONE-15,mobile_ios,0,BEN-CUST_MONISHA_001-TRUSTED,Trusted Household Vendor,14,0,2,18,0,0,0,None,Resolved Genuine,Standard Habitual Purchase,0
TXN-CUST_MONISHA_001-10477,2026-07-25 01:35:52,2026-07-25,01:35:52,1,5,1,1,CUST_MONISHA_001,420,Chennai,Tamil Nadu,Low Risk / 3% Fraud Rate,M017,AutoForge Parts,Spare Parts,OEM Industrial & Auto Components,Hosur,Mookandapalli,Tamil Nadu,635126,12.7409,77.8253,15,16500.0,09:00-19:30,"TRANSFER,POS,CARD",Business email compromise / fake beneficiary update,0.033,82,47817.5,INR,PURCHASE,POS,MOBILE_APP,0,0,Delhi,1009.0,1,0,1,DEV-MONISHA-IPHONE-15,mobile_ios,0,BEN-CUST_MONISHA_001-01,Self Family Transfer,3,4,4,24,1,0,0,Geographic Anomaly / High Ticket Spike,Review Required,Sudden location velocity jump with new merchant,1
TXN-CUST_MONISHA_001-10478,2026-07-25 03:05:00,2026-07-25,03:05:00,3,5,1,1,CUST_MONISHA_001,420,Chennai,Tamil Nadu,Low Risk / 3% Fraud Rate,M022,SkillSpring Academy,Education / Training,Professional Certifications & Tech Bootcamps,Chennai,Mylapore,Tamil Nadu,600004,13.0368,80.2676,8,22000.0,08:30-19:30,"ONLINE,NETBANKING,CARD,UPI",Stolen corporate card enrollments,0.028,70,1511.61,INR,PURCHASE,UPI,MOBILE_APP,0,0,Chennai,9.0,0,0,1,DEV-MONISHA-IPHONE-15,mobile_ios,0,BEN-CUST_MONISHA_001-TRUSTED,Trusted Household Vendor,6,1,3,17,0,0,0,None,Resolved Genuine,Standard Habitual Purchase,0
TXN-CUST_MONISHA_001-10479,2026-07-25 04:33:52,2026-07-25,04:33:52,4,5,1,1,CUST_MONISHA_001,420,Chennai,Tamil Nadu,Low Risk / 3% Fraud Rate,M023,SwiftBox Logistics,Courier / Logistics,Express Parcel & Freight Delivery,Tiruppur,Avinashi Road,Tamil Nadu,641603,11.1085,77.3411,9,4200.0,08:00-21:00,"POS,UPI,CARD,ONLINE",Interception fraud / address redirection,0.02,50,2440.34,INR,PURCHASE,UPI,MOBILE_APP,1,0,Chennai,6.0,0,0,1,DEV-MONISHA-IPHONE-15,mobile_ios,0,BEN-CUST_MONISHA_001-TRUSTED,Trusted Household Vendor,15,0,2,14,0,0,0,None,Resolved Genuine,Standard Habitual Purchase,0
TXN-CUST_MONISHA_001-10480,2026-07-25 05:59:58,2026-07-25,05:59:58,5,5,1,1,CUST_MONISHA_001,420,Chennai,Tamil Nadu,Low Risk / 3% Fraud Rate,M022,SkillSpring Academy,Education / Training,Professional Certifications & Tech Bootcamps,Chennai,Mylapore,Tamil Nadu,600004,13.0368,80.2676,8,22000.0,08:30-19:30,"ONLINE,NETBANKING,CARD,UPI",Stolen corporate card enrollments,0.028,70,954.26,INR,PURCHASE,ONLINE,MOBILE_APP,0,0,Chennai,3.0,0,0,1,DEV-MONISHA-IPHONE-15,mobile_ios,0,BEN-CUST_MONISHA_001-TRUSTED,Trusted Household Vendor,9,0,1,12,0,0,0,None,Resolved Genuine,Standard Habitual Purchase,0
TXN-CUST_MONISHA_001-10481,2026-07-25 07:25:02,2026-07-25,07:25:02,7,5,1,0,CUST_MONISHA_001,420,Chennai,Tamil Nadu,Low Risk / 3% Fraud Rate,M009,RapidFuel Station,Fuel Station,"Petrol, Diesel & EV Fast Charge",Salem,Fairlands,Tamil Nadu,636016,11.6643,78.146,9,3100.0,24_HOURS,"POS,FLEET_CARD,UPI",Automated fleet card skimming,0.024,60,1084.36,INR,PURCHASE,FLEET_CARD,MOBILE_APP,1,0,Chennai,10.0,0,0,1,DEV-MONISHA-IPHONE-15,mobile_ios,0,BEN-CUST_MONISHA_001-TRUSTED,Trusted Household Vendor,8,0,1,8,0,0,0,None,Resolved Genuine,Standard Habitual Purchase,0
TXN-CUST_MONISHA_001-10482,2026-07-25 08:48:41,2026-07-25,08:48:41,8,5,1,0,CUST_MONISHA_001,420,Chennai,Tamil Nadu,Low Risk / 3% Fraud Rate,M011,SkyTrail Travels,Travel Agency,Flight & International Tour Packages,Coimbatore,Gandhipuram,Tamil Nadu,641012,11.0183,76.9664,11,44000.0,09:00-20:00,"ONLINE,TRANSFER,CARD",Mule-account ticket arbitrage & fast cancellation fraud,0.052,130,2176.7,INR,PURCHASE,CARD,MOBILE_APP,0,0,Chennai,13.0,0,0,1,DEV-MONISHA-IPHONE-15,mobile_ios,0,BEN-CUST_MONISHA_001-TRUSTED,Trusted Household Vendor,10,0,3,22,0,0,0,None,Resolved Genuine,Standard Habitual Purchase,0
TXN-CUST_MONISHA_001-10483,2026-07-25 10:14:14,2026-07-25,10:14:14,10,5,1,0,CUST_MONISHA_001,420,Chennai,Tamil Nadu,Low Risk / 3% Fraud Rate,M026,GreenLeaf Wellness,Health & Wellness,Organic Nutrition & Ayurveda,Trichy,Srirangam,Tamil Nadu,620006,10.8624,78.6947,6,2100.0,08:00-21:00,"POS,UPI,ONLINE,CARD",Subscription card stuffing,0.013,32,2435.97,INR,PURCHASE,POS,MOBILE_APP,1,0,Chennai,9.0,0,0,1,DEV-MONISHA-IPHONE-15,mobile_ios,0,BEN-CUST_MONISHA_001-TRUSTED,Trusted Household Vendor,11,0,2,18,0,0,0,None,Resolved Genuine,Standard Habitual Purchase,0
TXN-CUST_MONISHA_001-10484,2026-07-25 11:38:35,2026-07-25,11:38:35,11,5,1,0,CUST_MONISHA_001,420,Chennai,Tamil Nadu,Low Risk / 3% Fraud Rate,M018,PageTurn Book House,Bookstore,"Academic, Fiction & Stationery",Trichy,Thillai Nagar,Tamil Nadu,620018,10.8282,78.6854,16,850.0,09:00-21:30,"POS,UPI,CARD,ONLINE",Low-value card testing bots,0.008,20,2036.66,INR,PURCHASE,CARD,MOBILE_APP,1,0,Chennai,2.0,0,0,1,DEV-MONISHA-IPHONE-15,mobile_ios,0,BEN-CUST_MONISHA_001-TRUSTED,Trusted Household Vendor,13,0,2,15,0,0,0,None,Resolved Genuine,Standard Habitual Purchase,0
TXN-CUST_MONISHA_001-10485,2026-07-25 13:04:09,2026-07-25,13:04:09,13,5,1,0,CUST_MONISHA_001,420,Chennai,Tamil Nadu,Low Risk / 3% Fraud Rate,M007,SpiceRoute Kitchen,Restaurant,Fine Dining & Chettinad,Chennai,Adyar,Tamil Nadu,600020,13.0012,80.2565,7,2200.0,11:30-23:30,"POS,UPI,CARD",Cloned card POS terminal replay,0.018,45,3003.72,INR,PURCHASE,CARD,MOBILE_APP,1,0,Chennai,10.0,0,0,1,DEV-MONISHA-IPHONE-15,mobile_ios,0,BEN-CUST_MONISHA_001-TRUSTED,Trusted Household Vendor,4,0,1,11,0,0,0,None,Resolved Genuine,Standard Habitual Purchase,0
TXN-CUST_MONISHA_001-10486,2026-07-25 14:30:13,2026-07-25,14:30:13,14,5,1,0,CUST_MONISHA_001,420,Chennai,Tamil Nadu,Low Risk / 3% Fraud Rate,M029,CloudDesk Digital,Software / Digital Services,Cloud Infrastructure & SaaS Tools,Bengaluru,Whitefield,Karnataka,560066,12.9698,77.7499,7,19800.0,24_HOURS,"ONLINE,CARD,TRANSFER",Cryptomining VM rental with stolen credit cards,0.058,145,2282.9,INR,PURCHASE,CARD,MOBILE_APP,0,0,Chennai,15.0,0,0,1,DEV-MONISHA-IPHONE-15,mobile_ios,0,BEN-CUST_MONISHA_001-TRUSTED,Trusted Household Vendor,13,0,1,12,0,0,0,None,Resolved Genuine,Standard Habitual Purchase,0
TXN-CUST_MONISHA_001-10487,2026-07-25 15:59:07,2026-07-25,15:59:07,15,5,1,0,CUST_MONISHA_001,420,Chennai,Tamil Nadu,Low Risk / 3% Fraud Rate,M004,Aurelia Gold House,Jewellery,Gold & Diamond Jewellery,Coimbatore,RS Puram,Tamil Nadu,641002,11.0089,76.9514,14,78000.0,10:00-20:30,"POS,CARD,TRANSFER",Account takeover / card-not-present luxury surge,0.065,162,1682.95,INR,PURCHASE,CARD,MOBILE_APP,1,0,Chennai,9.0,0,0,1,DEV-MONISHA-IPHONE-15,mobile_ios,0,BEN-CUST_MONISHA_001-TRUSTED,Trusted Household Vendor,11,0,1,14,0,0,0,None,Resolved Genuine,Standard Habitual Purchase,0
TXN-CUST_MONISHA_001-10488,2026-07-25 17:27:20,2026-07-25,17:27:20,17,5,1,0,CUST_MONISHA_001,420,Chennai,Tamil Nadu,Low Risk / 3% Fraud Rate,M015,HomeSphere Appliances,Home Appliances,"Refrigerators, ACs & Kitchen Tech",Coimbatore,Saibaba Colony,Tamil Nadu,641011,11.0315,76.945,9,27500.0,09:30-21:00,"POS,EMI,CARD,UPI",Carding attacks with immediate in-store pickup,0.038,95,1919.12,INR,PURCHASE,POS,MOBILE_APP,1,0,Chennai,5.0,0,0,1,DEV-MONISHA-IPHONE-15,mobile_ios,0,BEN-CUST_MONISHA_001-TRUSTED,Trusted Household Vendor,8,0,2,11,0,0,0,None,Resolved Genuine,Standard Habitual Purchase,0
TXN-CUST_MONISHA_001-10489,2026-07-25 18:51:44,2026-07-25,18:51:44,18,5,1,0,CUST_MONISHA_001,420,Chennai,Tamil Nadu,Low Risk / 3% Fraud Rate,M025,ShieldSure Services,Insurance Services,General & Health Insurance Premium,Chennai,Egmore,Tamil Nadu,600008,13.0784,80.2607,13,14000.0,09:30-18:00,"ONLINE,NETBANKING,CARD",Premium diversion / fake policy payment slips,0.019,47,2038.86,INR,PURCHASE,CARD,MOBILE_APP,0,0,Chennai,1.0,0,0,1,DEV-MONISHA-IPHONE-15,mobile_ios,0,BEN-CUST_MONISHA_001-TRUSTED,Trusted Household Vendor,13,0,2,13,0,0,0,None,Resolved Genuine,Standard Habitual Purchase,0
TXN-CUST_MONISHA_001-10490,2026-07-25 20:20:20,2026-07-25,20:20:20,20,5,1,0,CUST_MONISHA_001,420,Chennai,Tamil Nadu,Low Risk / 3% Fraud Rate,M014,OakLine Furnishings,Furniture,Teak Wood & Modern Home Decor,Madurai,Bypass Road,Tamil Nadu,625016,9.932,78.109,12,38000.0,10:00-21:00,"POS,CARD,TRANSFER,EMI",Invoice redirection fraud / fake payment slips,0.029,72,2735.46,INR,PURCHASE,POS,MOBILE_APP,1,0,Chennai,4.0,0,0,1,DEV-MONISHA-IPHONE-15,mobile_ios,0,BEN-CUST_MONISHA_001-TRUSTED,Trusted Household Vendor,13,0,4,20,0,0,0,None,Resolved Genuine,Standard Habitual Purchase,0
TXN-CUST_MONISHA_001-10491,2026-07-25 21:43:52,2026-07-25,21:43:52,21,5,1,0,CUST_MONISHA_001,420,Chennai,Tamil Nadu,Low Risk / 3% Fraud Rate,M023,SwiftBox Logistics,Courier / Logistics,Express Parcel & Freight Delivery,Tiruppur,Avinashi Road,Tamil Nadu,641603,11.1085,77.3411,9,4200.0,08:00-21:00,"POS,UPI,CARD,ONLINE",Interception fraud / address redirection,0.02,50,1556.21,INR,PURCHASE,CARD,MOBILE_APP,1,0,Chennai,2.0,0,0,1,DEV-MONISHA-IPHONE-15,mobile_ios,0,BEN-CUST_MONISHA_001-TRUSTED,Trusted Household Vendor,15,1,2,18,0,0,0,None,Resolved Genuine,Standard Habitual Purchase,0
TXN-CUST_MONISHA_001-10492,2026-07-25 23:07:42,2026-07-25,23:07:42,23,5,1,1,CUST_MONISHA_001,420,Chennai,Tamil Nadu,Low Risk / 3% Fraud Rate,M027,BrickHarbor Realty,Real Estate / Property Services,Rental Escrow & Facility Management,Chennai,Porur,Tamil Nadu,600116,13.035,80.16,11,65000.0,09:00-19:00,"TRANSFER,NETBANKING,CARD",Security deposit phishing / escrow hijacking,0.039,97,1312.69,INR,PURCHASE,NETBANKING,MOBILE_APP,0,0,Chennai,5.0,0,0,1,DEV-MONISHA-IPHONE-15,mobile_ios,0,BEN-CUST_MONISHA_001-TRUSTED,Trusted Household Vendor,13,0,4,24,0,0,0,None,Resolved Genuine,Standard Habitual Purchase,0
TXN-CUST_MONISHA_001-10493,2026-07-26 00:33:00,2026-07-26,00:33:00,0,6,1,1,CUST_MONISHA_001,420,Chennai,Tamil Nadu,Low Risk / 3% Fraud Rate,M013,CartNest Online,E-commerce,Multi-category Marketplace,Chennai,Guindy,Tamil Nadu,600032,13.0067,80.2026,5,6200.0,24_HOURS,"ONLINE,UPI,CARD,NETBANKING",Account takeover + triangulation shipping fraud,0.045,112,2355.52,INR,PURCHASE,ONLINE,MOBILE_APP,0,0,Chennai,9.0,0,0,1,DEV-MONISHA-IPHONE-15,mobile_ios,0,BEN-CUST_MONISHA_001-TRUSTED,Trusted Household Vendor,15,1,1,7,0,0,0,None,Resolved Genuine,Standard Habitual Purchase,0
TXN-CUST_MONISHA_001-10494,2026-07-26 01:58:32,2026-07-26,01:58:32,1,6,1,1,CUST_MONISHA_001,420,Chennai,Tamil Nadu,Low Risk / 3% Fraud Rate,M017,AutoForge Parts,Spare Parts,OEM Industrial & Auto Components,Hosur,Mookandapalli,Tamil Nadu,635126,12.7409,77.8253,15,16500.0,09:00-19:30,"TRANSFER,POS,CARD",Business email compromise / fake beneficiary update,0.033,82,1028.36,INR,PURCHASE,POS,MOBILE_APP,1,0,Chennai,13.0,0,0,1,DEV-MONISHA-IPHONE-15,mobile_ios,0,BEN-CUST_MONISHA_001-TRUSTED,Trusted Household Vendor,7,0,1,12,0,0,0,None,Resolved Genuine,Standard Habitual Purchase,0
TXN-CUST_MONISHA_001-10495,2026-07-26 03:24:19,2026-07-26,03:24:19,3,6,1,1,CUST_MONISHA_001,420,Chennai,Tamil Nadu,Low Risk / 3% Fraud Rate,M022,SkillSpring Academy,Education / Training,Professional Certifications & Tech Bootcamps,Chennai,Mylapore,Tamil Nadu,600004,13.0368,80.2676,8,22000.0,08:30-19:30,"ONLINE,NETBANKING,CARD,UPI",Stolen corporate card enrollments,0.028,70,852.12,INR,PURCHASE,UPI,MOBILE_APP,0,0,Chennai,3.0,0,0,1,DEV-MONISHA-IPHONE-15,mobile_ios,0,BEN-CUST_MONISHA_001-TRUSTED,Trusted Household Vendor,14,0,2,18,0,0,0,None,Resolved Genuine,Standard Habitual Purchase,0
TXN-CUST_MONISHA_001-10496,2026-07-26 04:49:29,2026-07-26,04:49:29,4,6,1,1,CUST_MONISHA_001,420,Chennai,Tamil Nadu,Low Risk / 3% Fraud Rate,M021,GlowCraft Salon,Salon / Beauty,Spa & Grooming Studio,Chennai,Porur,Tamil Nadu,600116,13.0382,80.1565,5,2800.0,09:00-21:00,"POS,UPI,CARD",Unusual late-night transaction spikes,0.011,27,1117.14,INR,PURCHASE,CARD,MOBILE_APP,1,0,Chennai,11.0,0,0,1,DEV-MONISHA-IPHONE-15,mobile_ios,0,BEN-CUST_MONISHA_001-TRUSTED,Trusted Household Vendor,3,0,3,22,0,0,0,None,Resolved Genuine,Standard Habitual Purchase,0
TXN-CUST_MONISHA_001-10497,2026-07-26 06:13:44,2026-07-26,06:13:44,6,6,1,0,CUST_MONISHA_001,420,Chennai,Tamil Nadu,Low Risk / 3% Fraud Rate,M002,CircuitBay Electronics,Consumer Electronics,Laptops & Gadgets,Chennai,Velachery,Tamil Nadu,600042,12.9759,80.2212,6,32000.0,10:00-21:30,"POS,ONLINE,EMI,UPI",Stolen payment details / high-ticket electronics delivery,0.048,120,791.77,INR,PURCHASE,ONLINE,MOBILE_APP,1,0,Chennai,10.0,0,0,1,DEV-MONISHA-IPHONE-15,mobile_ios,0,BEN-CUST_MONISHA_001-TRUSTED,Trusted Household Vendor,7,0,1,11,0,0,0,None,Resolved Genuine,Standard Habitual Purchase,0
TXN-CUST_MONISHA_001-10498,2026-07-26 07:38:24,2026-07-26,07:38:24,7,6,1,0,CUST_MONISHA_001,420,Chennai,Tamil Nadu,Low Risk / 3% Fraud Rate,M029,CloudDesk Digital,Software / Digital Services,Cloud Infrastructure & SaaS Tools,Bengaluru,Whitefield,Karnataka,560066,12.9698,77.7499,7,19800.0,24_HOURS,"ONLINE,CARD,TRANSFER",Cryptomining VM rental with stolen credit cards,0.058,145,2291.48,INR,PURCHASE,TRANSFER,MOBILE_APP,0,0,Chennai,9.0,0,0,1,DEV-MONISHA-IPHONE-15,mobile_ios,0,BEN-CUST_MONISHA_001-TRUSTED,Trusted Household Vendor,6,1,2,14,0,0,0,None,Resolved Genuine,Standard Habitual Purchase,0
TXN-CUST_MONISHA_001-10499,2026-07-26 09:02:58,2026-07-26,09:02:58,9,6,1,0,CUST_MONISHA_001,420,Chennai,Tamil Nadu,Low Risk / 3% Fraud Rate,M006,MedicoCare Pharmacy,Pharmacy,Medicines & Surgical Supplies,Madurai,KK Nagar,Tamil Nadu,625020,9.9252,78.1498,10,1450.0,24_HOURS,"POS,UPI,CARD,ONLINE",Nighttime micro card testing,0.015,37,2350.09,INR,PURCHASE,POS,MOBILE_APP,1,0,Chennai,10.0,0,0,1,DEV-MONISHA-IPHONE-15,mobile_ios,0,BEN-CUST_MONISHA_001-TRUSTED,Trusted Household Vendor,13,0,4,22,0,0,0,None,Resolved Genuine,Standard Habitual Purchase,0
TXN-CUST_MONISHA_001-10500,2026-07-26 10:30:24,2026-07-26,10:30:24,10,6,1,0,CUST_MONISHA_001,420,Chennai,Tamil Nadu,Low Risk / 3% Fraud Rate,M009,RapidFuel Station,Fuel Station,"Petrol, Diesel & EV Fast Charge",Salem,Fairlands,Tamil Nadu,636016,11.6643,78.146,9,3100.0,24_HOURS,"POS,FLEET_CARD,UPI",Automated fleet card skimming,0.024,60,1009.79,INR,PURCHASE,POS,MOBILE_APP,1,0,Chennai,12.0,0,0,1,DEV-MONISHA-IPHONE-15,mobile_ios,0,BEN-CUST_MONISHA_001-TRUSTED,Trusted Household Vendor,8,0,3,17,0,0,0,None,Resolved Genuine,Standard Habitual Purchase,0
TXN-CUST_MONISHA_001-10501,2026-07-26 11:54:24,2026-07-26,11:54:24,11,6,1,0,CUST_MONISHA_001,420,Chennai,Tamil Nadu,Low Risk / 3% Fraud Rate,M020,GameGrid Arena,Gaming,"Esports, Consoles & Virtual Credits",Bengaluru,Koramangala,Karnataka,560095,12.9352,77.6245,4,3400.0,10:00-01:00,"ONLINE,UPI,CARD,WALLET",Virtual item laundering & bot-driven micro transactions,0.055,137,943.35,INR,PURCHASE,CARD,MOBILE_APP,0,0,Chennai,4.0,0,0,1,DEV-MONISHA-IPHONE-15,mobile_ios,0,BEN-CUST_MONISHA_001-TRUSTED,Trusted Household Vendor,8,0,4,20,0,0,0,None,Resolved Genuine,Standard Habitual Purchase,0
TXN-CUST_MONISHA_001-10502,2026-07-26 13:21:11,2026-07-26,13:21:11,13,6,1,0,CUST_MONISHA_001,420,Chennai,Tamil Nadu,Low Risk / 3% Fraud Rate,M012,DashDine Delivery,Food Delivery,Quick Commerce & Meal Delivery,Chennai,Sholinganallur,Tamil Nadu,600119,12.901,80.2279,4,520.0,06:00-02:00,"UPI,CARD,ONLINE,WALLET",Promo code abuse / stolen wallet balances,0.014,35,1524.01,INR,PURCHASE,WALLET,MOBILE_APP,0,0,Mumbai,304.0,1,0,1,DEV-MONISHA-IPHONE-15,mobile_ios,0,BEN-CUST_MONISHA_001-01,Self Family Transfer,3,3,5,26,1,0,0,Geographic Anomaly / High Ticket Spike,Review Required,Sudden location velocity jump with new merchant,1
TXN-CUST_MONISHA_001-10503,2026-07-26 14:49:38,2026-07-26,14:49:38,14,6,1,0,CUST_MONISHA_001,420,Chennai,Tamil Nadu,Low Risk / 3% Fraud Rate,M005,UrbanThread Studio,Fashion / Apparel,Designer & Ready-to-wear,Chennai,Anna Nagar,Tamil Nadu,600040,13.085,80.2101,5,4800.0,10:30-22:00,"POS,ONLINE,UPI,CARD",Refund abuse / credential stuffing,0.022,55,2370.22,INR,PURCHASE,UPI,MOBILE_APP,1,0,Chennai,6.0,0,0,1,DEV-MONISHA-IPHONE-15,mobile_ios,0,BEN-CUST_MONISHA_001-TRUSTED,Trusted Household Vendor,10,0,4,22,0,0,0,None,Resolved Genuine,Standard Habitual Purchase,0
TXN-CUST_MONISHA_001-10504,2026-07-26 16:15:57,2026-07-26,16:15:57,16,6,1,0,CUST_MONISHA_001,420,Chennai,Tamil Nadu,Low Risk / 3% Fraud Rate,M004,Aurelia Gold House,Jewellery,Gold & Diamond Jewellery,Coimbatore,RS Puram,Tamil Nadu,641002,11.0089,76.9514,14,78000.0,10:00-20:30,"POS,CARD,TRANSFER",Account takeover / card-not-present luxury surge,0.065,162,1191.3,INR,PURCHASE,TRANSFER,MOBILE_APP,1,0,Chennai,10.0,0,0,1,DEV-MONISHA-IPHONE-15,mobile_ios,0,BEN-CUST_MONISHA_001-TRUSTED,Trusted Household Vendor,5,1,3,17,0,0,0,None,Resolved Genuine,Standard Habitual Purchase,0
TXN-CUST_MONISHA_001-10505,2026-07-26 17:40:56,2026-07-26,17:40:56,17,6,1,0,CUST_MONISHA_001,420,Chennai,Tamil Nadu,Low Risk / 3% Fraud Rate,M029,CloudDesk Digital,Software / Digital Services,Cloud Infrastructure & SaaS Tools,Bengaluru,Whitefield,Karnataka,560066,12.9698,77.7499,7,19800.0,24_HOURS,"ONLINE,CARD,TRANSFER",Cryptomining VM rental with stolen credit cards,0.058,145,2246.29,INR,PURCHASE,TRANSFER,MOBILE_APP,0,0,Chennai,12.0,0,0,1,DEV-MONISHA-IPHONE-15,mobile_ios,0,BEN-CUST_MONISHA_001-TRUSTED,Trusted Household Vendor,11,1,1,6,0,0,0,None,Resolved Genuine,Standard Habitual Purchase,0
TXN-CUST_MONISHA_001-10506,2026-07-26 19:09:12,2026-07-26,19:09:12,19,6,1,0,CUST_MONISHA_001,420,Chennai,Tamil Nadu,Low Risk / 3% Fraud Rate,M019,ArenaSport World,Sports Retail,Fitness Equipment & Sports Wear,Chennai,Nungambakkam,Tamil Nadu,600034,13.0604,80.2405,6,5600.0,10:00-21:30,"POS,ONLINE,UPI,CARD",Stolen card chargeback on premium sports gear,0.026,65,1728.01,INR,PURCHASE,UPI,MOBILE_APP,1,0,Chennai,10.0,0,0,1,DEV-MONISHA-IPHONE-15,mobile_ios,0,BEN-CUST_MONISHA_001-TRUSTED,Trusted Household Vendor,11,0,1,14,0,0,0,None,Resolved Genuine,Standard Habitual Purchase,0
TXN-CUST_MONISHA_001-10507,2026-07-26 20:37:58,2026-07-26,20:37:58,20,6,1,0,CUST_MONISHA_001,420,Chennai,Tamil Nadu,Low Risk / 3% Fraud Rate,M018,PageTurn Book House,Bookstore,"Academic, Fiction & Stationery",Trichy,Thillai Nagar,Tamil Nadu,620018,10.8282,78.6854,16,850.0,09:00-21:30,"POS,UPI,CARD,ONLINE",Low-value card testing bots,0.008,20,1884.72,INR,PURCHASE,CARD,MOBILE_APP,1,0,Chennai,13.0,0,0,1,DEV-MONISHA-IPHONE-15,mobile_ios,0,BEN-CUST_MONISHA_001-TRUSTED,Trusted Household Vendor,6,1,4,20,0,0,0,None,Resolved Genuine,Standard Habitual Purchase,0
TXN-CUST_MONISHA_001-10508,2026-07-26 22:04:09,2026-07-26,22:04:09,22,6,1,0,CUST_MONISHA_001,420,Chennai,Tamil Nadu,Low Risk / 3% Fraud Rate,M017,AutoForge Parts,Spare Parts,OEM Industrial & Auto Components,Hosur,Mookandapalli,Tamil Nadu,635126,12.7409,77.8253,15,16500.0,09:00-19:30,"TRANSFER,POS,CARD",Business email compromise / fake beneficiary update,0.033,82,991.9,INR,PURCHASE,CARD,MOBILE_APP,1,0,Chennai,6.0,0,0,1,DEV-MONISHA-IPHONE-15,mobile_ios,0,BEN-CUST_MONISHA_001-TRUSTED,Trusted Household Vendor,15,0,2,12,0,0,0,None,Resolved Genuine,Standard Habitual Purchase,0
TXN-CUST_MONISHA_001-10509,2026-07-26 23:32:06,2026-07-26,23:32:06,23,6,1,1,CUST_MONISHA_001,420,Chennai,Tamil Nadu,Low Risk / 3% Fraud Rate,M005,UrbanThread Studio,Fashion / Apparel,Designer & Ready-to-wear,Chennai,Anna Nagar,Tamil Nadu,600040,13.085,80.2101,5,4800.0,10:30-22:00,"POS,ONLINE,UPI,CARD",Refund abuse / credential stuffing,0.022,55,1824.16,INR,PURCHASE,CARD,MOBILE_APP,1,0,Chennai,3.0,0,0,1,DEV-MONISHA-IPHONE-15,mobile_ios,0,BEN-CUST_MONISHA_001-TRUSTED,Trusted Household Vendor,14,0,2,15,0,0,0,None,Resolved Genuine,Standard Habitual Purchase,0
TXN-CUST_MONISHA_001-10510,2026-07-27 00:55:45,2026-07-27,00:55:45,0,0,0,1,CUST_MONISHA_001,420,Chennai,Tamil Nadu,Low Risk / 3% Fraud Rate,M025,ShieldSure Services,Insurance Services,General & Health Insurance Premium,Chennai,Egmore,Tamil Nadu,600008,13.0784,80.2607,13,14000.0,09:30-18:00,"ONLINE,NETBANKING,CARD",Premium diversion / fake policy payment slips,0.019,47,1921.08,INR,PURCHASE,CARD,MOBILE_APP,0,0,Chennai,2.0,0,0,1,DEV-MONISHA-IPHONE-15,mobile_ios,0,BEN-CUST_MONISHA_001-TRUSTED,Trusted Household Vendor,3,0,2,13,0,0,0,None,Resolved Genuine,Standard Habitual Purchase,0
TXN-CUST_MONISHA_001-10511,2026-07-27 02:22:15,2026-07-27,02:22:15,2,0,0,1,CUST_MONISHA_001,420,Chennai,Tamil Nadu,Low Risk / 3% Fraud Rate,M026,GreenLeaf Wellness,Health & Wellness,Organic Nutrition & Ayurveda,Trichy,Srirangam,Tamil Nadu,620006,10.8624,78.6947,6,2100.0,08:00-21:00,"POS,UPI,ONLINE,CARD",Subscription card stuffing,0.013,32,1625.33,INR,PURCHASE,ONLINE,MOBILE_APP,1,0,Chennai,8.0,0,0,1,DEV-MONISHA-IPHONE-15,mobile_ios,0,BEN-CUST_MONISHA_001-TRUSTED,Trusted Household Vendor,3,0,1,7,0,0,0,None,Resolved Genuine,Standard Habitual Purchase,0
TXN-CUST_MONISHA_001-10512,2026-07-27 03:49:52,2026-07-27,03:49:52,3,0,0,1,CUST_MONISHA_001,420,Chennai,Tamil Nadu,Low Risk / 3% Fraud Rate,M017,AutoForge Parts,Spare Parts,OEM Industrial & Auto Components,Hosur,Mookandapalli,Tamil Nadu,635126,12.7409,77.8253,15,16500.0,09:00-19:30,"TRANSFER,POS,CARD",Business email compromise / fake beneficiary update,0.033,82,2262.55,INR,PURCHASE,CARD,MOBILE_APP,1,0,Chennai,5.0,0,0,1,DEV-MONISHA-IPHONE-15,mobile_ios,0,BEN-CUST_MONISHA_001-TRUSTED,Trusted Household Vendor,12,0,3,16,0,0,0,None,Resolved Genuine,Standard Habitual Purchase,0
TXN-CUST_MONISHA_001-10513,2026-07-27 05:15:32,2026-07-27,05:15:32,5,0,0,1,CUST_MONISHA_001,420,Chennai,Tamil Nadu,Low Risk / 3% Fraud Rate,M013,CartNest Online,E-commerce,Multi-category Marketplace,Chennai,Guindy,Tamil Nadu,600032,13.0067,80.2026,5,6200.0,24_HOURS,"ONLINE,UPI,CARD,NETBANKING",Account takeover + triangulation shipping fraud,0.045,112,1634.79,INR,PURCHASE,CARD,MOBILE_APP,0,0,Chennai,11.0,0,0,1,DEV-MONISHA-IPHONE-15,mobile_ios,0,BEN-CUST_MONISHA_001-TRUSTED,Trusted Household Vendor,11,0,1,12,0,0,0,None,Resolved Genuine,Standard Habitual Purchase,0
TXN-CUST_MONISHA_001-10514,2026-07-27 06:44:46,2026-07-27,06:44:46,6,0,0,0,CUST_MONISHA_001,420,Chennai,Tamil Nadu,Low Risk / 3% Fraud Rate,M008,BeanCircuit Cafe,Cafe,Specialty Coffee & Bakery,Bengaluru,Indiranagar,Karnataka,560038,12.9784,77.6408,3,650.0,07:30-23:00,"UPI,POS,CARD",QR code spoofing / fast velocity dining,0.009,22,1988.31,INR,PURCHASE,POS,MOBILE_APP,1,0,Chennai,6.0,0,0,1,DEV-MONISHA-IPHONE-15,mobile_ios,0,BEN-CUST_MONISHA_001-TRUSTED,Trusted Household Vendor,10,0,3,14,0,0,0,None,Resolved Genuine,Standard Habitual Purchase,0
TXN-CUST_MONISHA_001-10515,2026-07-27 08:11:11,2026-07-27,08:11:11,8,0,0,0,CUST_MONISHA_001,420,Chennai,Tamil Nadu,Low Risk / 3% Fraud Rate,M005,UrbanThread Studio,Fashion / Apparel,Designer & Ready-to-wear,Chennai,Anna Nagar,Tamil Nadu,600040,13.085,80.2101,5,4800.0,10:30-22:00,"POS,ONLINE,UPI,CARD",Refund abuse / credential stuffing,0.022,55,1809.36,INR,PURCHASE,ONLINE,MOBILE_APP,1,0,Chennai,4.0,0,0,1,DEV-MONISHA-IPHONE-15,mobile_ios,0,BEN-CUST_MONISHA_001-TRUSTED,Trusted Household Vendor,6,1,3,16,0,0,0,None,Resolved Genuine,Standard Habitual Purchase,0
TXN-CUST_MONISHA_001-10516,2026-07-27 09:35:31,2026-07-27,09:35:31,9,0,0,0,CUST_MONISHA_001,420,Chennai,Tamil Nadu,Low Risk / 3% Fraud Rate,M020,GameGrid Arena,Gaming,"Esports, Consoles & Virtual Credits",Bengaluru,Koramangala,Karnataka,560095,12.9352,77.6245,4,3400.0,10:00-01:00,"ONLINE,UPI,CARD,WALLET",Virtual item laundering & bot-driven micro transactions,0.055,137,2458.49,INR,PURCHASE,CARD,MOBILE_APP,0,0,Chennai,2.0,0,0,1,DEV-MONISHA-IPHONE-15,mobile_ios,0,BEN-CUST_MONISHA_001-TRUSTED,Trusted Household Vendor,15,0,4,19,0,0,0,None,Resolved Genuine,Standard Habitual Purchase,0
TXN-CUST_MONISHA_001-10517,2026-07-27 11:01:49,2026-07-27,11:01:49,11,0,0,0,CUST_MONISHA_001,420,Chennai,Tamil Nadu,Low Risk / 3% Fraud Rate,M016,MotoCare Garage,Auto Service,Car Service & Detailing Hub,Chennai,Pallikaranai,Tamil Nadu,600100,12.9372,80.2014,7,8900.0,08:30-20:30,"POS,UPI,CARD",Over-invoicing / synthetic card payments,0.021,52,1900.91,INR,PURCHASE,POS,MOBILE_APP,1,0,Chennai,10.0,0,0,1,DEV-MONISHA-IPHONE-15,mobile_ios,0,BEN-CUST_MONISHA_001-TRUSTED,Trusted Household Vendor,3,1,4,18,0,0,0,None,Resolved Genuine,Standard Habitual Purchase,0
TXN-CUST_MONISHA_001-10518,2026-07-27 12:25:59,2026-07-27,12:25:59,12,0,0,0,CUST_MONISHA_001,420,Chennai,Tamil Nadu,Low Risk / 3% Fraud Rate,M019,ArenaSport World,Sports Retail,Fitness Equipment & Sports Wear,Chennai,Nungambakkam,Tamil Nadu,600034,13.0604,80.2405,6,5600.0,10:00-21:30,"POS,ONLINE,UPI,CARD",Stolen card chargeback on premium sports gear,0.026,65,1157.04,INR,PURCHASE,ONLINE,MOBILE_APP,1,0,Chennai,11.0,0,0,1,DEV-MONISHA-IPHONE-15,mobile_ios,0,BEN-CUST_MONISHA_001-TRUSTED,Trusted Household Vendor,3,0,2,14,0,0,0,None,Resolved Genuine,Standard Habitual Purchase,0
TXN-CUST_MONISHA_001-10519,2026-07-27 13:54:55,2026-07-27,13:54:55,13,0,0,0,CUST_MONISHA_001,420,Chennai,Tamil Nadu,Low Risk / 3% Fraud Rate,M017,AutoForge Parts,Spare Parts,OEM Industrial & Auto Components,Hosur,Mookandapalli,Tamil Nadu,635126,12.7409,77.8253,15,16500.0,09:00-19:30,"TRANSFER,POS,CARD",Business email compromise / fake beneficiary update,0.033,82,3022.28,INR,PURCHASE,CARD,MOBILE_APP,1,0,Chennai,10.0,0,0,1,DEV-MONISHA-IPHONE-15,mobile_ios,0,BEN-CUST_MONISHA_001-TRUSTED,Trusted Household Vendor,14,0,1,10,0,0,0,None,Resolved Genuine,Standard Habitual Purchase,0
TXN-CUST_MONISHA_001-10520,2026-07-27 15:24:00,2026-07-27,15:24:00,15,0,0,0,CUST_MONISHA_001,420,Chennai,Tamil Nadu,Low Risk / 3% Fraud Rate,M007,SpiceRoute Kitchen,Restaurant,Fine Dining & Chettinad,Chennai,Adyar,Tamil Nadu,600020,13.0012,80.2565,7,2200.0,11:30-23:30,"POS,UPI,CARD",Cloned card POS terminal replay,0.018,45,1831.14,INR,PURCHASE,UPI,MOBILE_APP,1,0,Chennai,8.0,0,0,1,DEV-MONISHA-IPHONE-15,mobile_ios,0,BEN-CUST_MONISHA_001-TRUSTED,Trusted Household Vendor,6,0,2,12,0,0,0,None,Resolved Genuine,Standard Habitual Purchase,0
TXN-CUST_MONISHA_001-10521,2026-07-27 16:52:10,2026-07-27,16:52:10,16,0,0,0,CUST_MONISHA_001,420,Chennai,Tamil Nadu,Low Risk / 3% Fraud Rate,M027,BrickHarbor Realty,Real Estate / Property Services,Rental Escrow & Facility Management,Chennai,Porur,Tamil Nadu,600116,13.035,80.16,11,65000.0,09:00-19:00,"TRANSFER,NETBANKING,CARD",Security deposit phishing / escrow hijacking,0.039,97,2575.93,INR,PURCHASE,CARD,MOBILE_APP,0,0,Chennai,10.0,0,0,1,DEV-MONISHA-IPHONE-15,mobile_ios,0,BEN-CUST_MONISHA_001-TRUSTED,Trusted Household Vendor,5,0,3,19,0,0,0,None,Resolved Genuine,Standard Habitual Purchase,0
TXN-CUST_MONISHA_001-10522,2026-07-27 18:21:06,2026-07-27,18:21:06,18,0,0,0,CUST_MONISHA_001,420,Chennai,Tamil Nadu,Low Risk / 3% Fraud Rate,M020,GameGrid Arena,Gaming,"Esports, Consoles & Virtual Credits",Bengaluru,Koramangala,Karnataka,560095,12.9352,77.6245,4,3400.0,10:00-01:00,"ONLINE,UPI,CARD,WALLET",Virtual item laundering & bot-driven micro transactions,0.055,137,2161.99,INR,PURCHASE,ONLINE,MOBILE_APP,0,0,Chennai,4.0,0,0,1,DEV-MONISHA-IPHONE-15,mobile_ios,0,BEN-CUST_MONISHA_001-TRUSTED,Trusted Household Vendor,4,0,2,13,0,0,0,None,Resolved Genuine,Standard Habitual Purchase,0
TXN-CUST_MONISHA_001-10523,2026-07-27 19:47:38,2026-07-27,19:47:38,19,0,0,0,CUST_MONISHA_001,420,Chennai,Tamil Nadu,Low Risk / 3% Fraud Rate,M017,AutoForge Parts,Spare Parts,OEM Industrial & Auto Components,Hosur,Mookandapalli,Tamil Nadu,635126,12.7409,77.8253,15,16500.0,09:00-19:30,"TRANSFER,POS,CARD",Business email compromise / fake beneficiary update,0.033,82,2381.42,INR,PURCHASE,POS,MOBILE_APP,1,0,Chennai,14.0,0,0,1,DEV-MONISHA-IPHONE-15,mobile_ios,0,BEN-CUST_MONISHA_001-TRUSTED,Trusted Household Vendor,5,1,1,6,0,0,0,None,Resolved Genuine,Standard Habitual Purchase,0
TXN-CUST_MONISHA_001-10524,2026-07-27 21:16:18,2026-07-27,21:16:18,21,0,0,0,CUST_MONISHA_001,420,Chennai,Tamil Nadu,Low Risk / 3% Fraud Rate,M018,PageTurn Book House,Bookstore,"Academic, Fiction & Stationery",Trichy,Thillai Nagar,Tamil Nadu,620018,10.8282,78.6854,16,850.0,09:00-21:30,"POS,UPI,CARD,ONLINE",Low-value card testing bots,0.008,20,1957.79,INR,PURCHASE,POS,MOBILE_APP,1,0,Chennai,2.0,0,0,1,DEV-MONISHA-IPHONE-15,mobile_ios,0,BEN-CUST_MONISHA_001-TRUSTED,Trusted Household Vendor,12,1,2,16,0,0,0,None,Resolved Genuine,Standard Habitual Purchase,0
TXN-CUST_MONISHA_001-10525,2026-07-27 22:42:50,2026-07-27,22:42:50,22,0,0,0,CUST_MONISHA_001,420,Chennai,Tamil Nadu,Low Risk / 3% Fraud Rate,M012,DashDine Delivery,Food Delivery,Quick Commerce & Meal Delivery,Chennai,Sholinganallur,Tamil Nadu,600119,12.901,80.2279,4,520.0,06:00-02:00,"UPI,CARD,ONLINE,WALLET",Promo code abuse / stolen wallet balances,0.014,35,2827.09,INR,PURCHASE,WALLET,MOBILE_APP,0,0,Chennai,12.0,0,0,1,DEV-MONISHA-IPHONE-15,mobile_ios,0,BEN-CUST_MONISHA_001-TRUSTED,Trusted Household Vendor,15,0,2,16,0,0,0,None,Resolved Genuine,Standard Habitual Purchase,0
TXN-CUST_MONISHA_001-10526,2026-07-28 00:08:20,2026-07-28,00:08:20,0,1,0,1,CUST_MONISHA_001,420,Chennai,Tamil Nadu,Low Risk / 3% Fraud Rate,M026,GreenLeaf Wellness,Health & Wellness,Organic Nutrition & Ayurveda,Trichy,Srirangam,Tamil Nadu,620006,10.8624,78.6947,6,2100.0,08:00-21:00,"POS,UPI,ONLINE,CARD",Subscription card stuffing,0.013,32,2514.86,INR,PURCHASE,UPI,MOBILE_APP,1,0,Chennai,13.0,0,0,1,DEV-MONISHA-IPHONE-15,mobile_ios,0,BEN-CUST_MONISHA_001-TRUSTED,Trusted Household Vendor,9,0,1,10,0,0,0,None,Resolved Genuine,Standard Habitual Purchase,0
TXN-CUST_MONISHA_001-10527,2026-07-28 01:34:36,2026-07-28,01:34:36,1,1,0,1,CUST_MONISHA_001,420,Chennai,Tamil Nadu,Low Risk / 3% Fraud Rate,M008,BeanCircuit Cafe,Cafe,Specialty Coffee & Bakery,Bengaluru,Indiranagar,Karnataka,560038,12.9784,77.6408,3,650.0,07:30-23:00,"UPI,POS,CARD",QR code spoofing / fast velocity dining,0.009,22,2909.6,INR,PURCHASE,UPI,MOBILE_APP,1,0,Chennai,2.0,0,0,1,DEV-MONISHA-IPHONE-15,mobile_ios,0,BEN-CUST_MONISHA_001-TRUSTED,Trusted Household Vendor,7,0,4,18,0,0,0,None,Resolved Genuine,Standard Habitual Purchase,0
TXN-CUST_MONISHA_001-10528,2026-07-28 03:02:15,2026-07-28,03:02:15,3,1,0,1,CUST_MONISHA_001,420,Chennai,Tamil Nadu,Low Risk / 3% Fraud Rate,M026,GreenLeaf Wellness,Health & Wellness,Organic Nutrition & Ayurveda,Trichy,Srirangam,Tamil Nadu,620006,10.8624,78.6947,6,2100.0,08:00-21:00,"POS,UPI,ONLINE,CARD",Subscription card stuffing,0.013,32,796.65,INR,PURCHASE,UPI,MOBILE_APP,1,0,Chennai,9.0,0,0,1,DEV-MONISHA-IPHONE-15,mobile_ios,0,BEN-CUST_MONISHA_001-TRUSTED,Trusted Household Vendor,9,1,1,11,0,0,0,None,Resolved Genuine,Standard Habitual Purchase,0
TXN-CUST_MONISHA_001-10529,2026-07-28 04:28:07,2026-07-28,04:28:07,4,1,0,1,CUST_MONISHA_001,420,Chennai,Tamil Nadu,Low Risk / 3% Fraud Rate,M004,Aurelia Gold House,Jewellery,Gold & Diamond Jewellery,Coimbatore,RS Puram,Tamil Nadu,641002,11.0089,76.9514,14,78000.0,10:00-20:30,"POS,CARD,TRANSFER",Account takeover / card-not-present luxury surge,0.065,162,1142.18,INR,PURCHASE,CARD,MOBILE_APP,1,0,Chennai,11.0,0,0,1,DEV-MONISHA-IPHONE-15,mobile_ios,0,BEN-CUST_MONISHA_001-TRUSTED,Trusted Household Vendor,11,0,3,19,0,0,0,None,Resolved Genuine,Standard Habitual Purchase,0
TXN-CUST_MONISHA_001-10530,2026-07-28 05:55:11,2026-07-28,05:55:11,5,1,0,1,CUST_MONISHA_001,420,Chennai,Tamil Nadu,Low Risk / 3% Fraud Rate,M022,SkillSpring Academy,Education / Training,Professional Certifications & Tech Bootcamps,Chennai,Mylapore,Tamil Nadu,600004,13.0368,80.2676,8,22000.0,08:30-19:30,"ONLINE,NETBANKING,CARD,UPI",Stolen corporate card enrollments,0.028,70,1710.04,INR,PURCHASE,CARD,MOBILE_APP,0,0,Chennai,4.0,0,0,1,DEV-MONISHA-IPHONE-15,mobile_ios,0,BEN-CUST_MONISHA_001-TRUSTED,Trusted Household Vendor,5,0,4,26,0,0,0,None,Resolved Genuine,Standard Habitual Purchase,0
TXN-CUST_MONISHA_001-10531,2026-07-28 07:21:55,2026-07-28,07:21:55,7,1,0,0,CUST_MONISHA_001,420,Chennai,Tamil Nadu,Low Risk / 3% Fraud Rate,M009,RapidFuel Station,Fuel Station,"Petrol, Diesel & EV Fast Charge",Salem,Fairlands,Tamil Nadu,636016,11.6643,78.146,9,3100.0,24_HOURS,"POS,FLEET_CARD,UPI",Automated fleet card skimming,0.024,60,3093.11,INR,PURCHASE,POS,MOBILE_APP,1,0,Chennai,10.0,0,0,1,DEV-MONISHA-IPHONE-15,mobile_ios,0,BEN-CUST_MONISHA_001-TRUSTED,Trusted Household Vendor,14,0,4,19,0,0,0,None,Resolved Genuine,Standard Habitual Purchase,0
TXN-CUST_MONISHA_001-10532,2026-07-28 08:49:48,2026-07-28,08:49:48,8,1,0,0,CUST_MONISHA_001,420,Chennai,Tamil Nadu,Low Risk / 3% Fraud Rate,M015,HomeSphere Appliances,Home Appliances,"Refrigerators, ACs & Kitchen Tech",Coimbatore,Saibaba Colony,Tamil Nadu,641011,11.0315,76.945,9,27500.0,09:30-21:00,"POS,EMI,CARD,UPI",Carding attacks with immediate in-store pickup,0.038,95,2612.48,INR,PURCHASE,CARD,MOBILE_APP,1,0,Chennai,3.0,0,0,1,DEV-MONISHA-IPHONE-15,mobile_ios,0,BEN-CUST_MONISHA_001-TRUSTED,Trusted Household Vendor,15,1,4,26,0,0,0,None,Resolved Genuine,Standard Habitual Purchase,0
TXN-CUST_MONISHA_001-10533,2026-07-28 10:16:53,2026-07-28,10:16:53,10,1,0,0,CUST_MONISHA_001,420,Chennai,Tamil Nadu,Low Risk / 3% Fraud Rate,M022,SkillSpring Academy,Education / Training,Professional Certifications & Tech Bootcamps,Chennai,Mylapore,Tamil Nadu,600004,13.0368,80.2676,8,22000.0,08:30-19:30,"ONLINE,NETBANKING,CARD,UPI",Stolen corporate card enrollments,0.028,70,2433.89,INR,PURCHASE,ONLINE,MOBILE_APP,0,0,Chennai,3.0,0,0,1,DEV-MONISHA-IPHONE-15,mobile_ios,0,BEN-CUST_MONISHA_001-TRUSTED,Trusted Household Vendor,15,0,1,8,0,0,0,None,Resolved Genuine,Standard Habitual Purchase,0
TXN-CUST_MONISHA_001-10534,2026-07-28 11:43:07,2026-07-28,11:43:07,11,1,0,0,CUST_MONISHA_001,420,Chennai,Tamil Nadu,Low Risk / 3% Fraud Rate,M020,GameGrid Arena,Gaming,"Esports, Consoles & Virtual Credits",Bengaluru,Koramangala,Karnataka,560095,12.9352,77.6245,4,3400.0,10:00-01:00,"ONLINE,UPI,CARD,WALLET",Virtual item laundering & bot-driven micro transactions,0.055,137,1798.78,INR,PURCHASE,ONLINE,MOBILE_APP,0,0,Chennai,2.0,0,0,1,DEV-MONISHA-IPHONE-15,mobile_ios,0,BEN-CUST_MONISHA_001-TRUSTED,Trusted Household Vendor,4,0,3,20,0,0,0,None,Resolved Genuine,Standard Habitual Purchase,0
TXN-CUST_MONISHA_001-10535,2026-07-28 13:12:06,2026-07-28,13:12:06,13,1,0,0,CUST_MONISHA_001,420,Chennai,Tamil Nadu,Low Risk / 3% Fraud Rate,M013,CartNest Online,E-commerce,Multi-category Marketplace,Chennai,Guindy,Tamil Nadu,600032,13.0067,80.2026,5,6200.0,24_HOURS,"ONLINE,UPI,CARD,NETBANKING",Account takeover + triangulation shipping fraud,0.045,112,2216.68,INR,PURCHASE,UPI,MOBILE_APP,0,0,Chennai,9.0,0,0,1,DEV-MONISHA-IPHONE-15,mobile_ios,0,BEN-CUST_MONISHA_001-TRUSTED,Trusted Household Vendor,15,0,1,13,0,0,0,None,Resolved Genuine,Standard Habitual Purchase,0
TXN-CUST_MONISHA_001-10536,2026-07-28 14:38:08,2026-07-28,14:38:08,14,1,0,0,CUST_MONISHA_001,420,Chennai,Tamil Nadu,Low Risk / 3% Fraud Rate,M007,SpiceRoute Kitchen,Restaurant,Fine Dining & Chettinad,Chennai,Adyar,Tamil Nadu,600020,13.0012,80.2565,7,2200.0,11:30-23:30,"POS,UPI,CARD",Cloned card POS terminal replay,0.018,45,2770.33,INR,PURCHASE,POS,MOBILE_APP,1,0,Chennai,15.0,0,0,1,DEV-MONISHA-IPHONE-15,mobile_ios,0,BEN-CUST_MONISHA_001-TRUSTED,Trusted Household Vendor,6,0,3,22,0,0,0,None,Resolved Genuine,Standard Habitual Purchase,0
TXN-CUST_MONISHA_001-10537,2026-07-28 16:04:37,2026-07-28,16:04:37,16,1,0,0,CUST_MONISHA_001,420,Chennai,Tamil Nadu,Low Risk / 3% Fraud Rate,M008,BeanCircuit Cafe,Cafe,Specialty Coffee & Bakery,Bengaluru,Indiranagar,Karnataka,560038,12.9784,77.6408,3,650.0,07:30-23:00,"UPI,POS,CARD",QR code spoofing / fast velocity dining,0.009,22,2219.54,INR,PURCHASE,UPI,MOBILE_APP,1,0,Chennai,11.0,0,0,1,DEV-MONISHA-IPHONE-15,mobile_ios,0,BEN-CUST_MONISHA_001-TRUSTED,Trusted Household Vendor,13,1,2,12,0,0,0,None,Resolved Genuine,Standard Habitual Purchase,0
TXN-CUST_MONISHA_001-10538,2026-07-28 17:28:33,2026-07-28,17:28:33,17,1,0,0,CUST_MONISHA_001,420,Chennai,Tamil Nadu,Low Risk / 3% Fraud Rate,M009,RapidFuel Station,Fuel Station,"Petrol, Diesel & EV Fast Charge",Salem,Fairlands,Tamil Nadu,636016,11.6643,78.146,9,3100.0,24_HOURS,"POS,FLEET_CARD,UPI",Automated fleet card skimming,0.024,60,2604.43,INR,PURCHASE,POS,MOBILE_APP,1,0,Chennai,6.0,0,0,1,DEV-MONISHA-IPHONE-15,mobile_ios,0,BEN-CUST_MONISHA_001-TRUSTED,Trusted Household Vendor,12,0,4,26,0,0,0,None,Resolved Genuine,Standard Habitual Purchase,0
TXN-CUST_MONISHA_001-10539,2026-07-28 18:52:02,2026-07-28,18:52:02,18,1,0,0,CUST_MONISHA_001,420,Chennai,Tamil Nadu,Low Risk / 3% Fraud Rate,M023,SwiftBox Logistics,Courier / Logistics,Express Parcel & Freight Delivery,Tiruppur,Avinashi Road,Tamil Nadu,641603,11.1085,77.3411,9,4200.0,08:00-21:00,"POS,UPI,CARD,ONLINE",Interception fraud / address redirection,0.02,50,940.56,INR,PURCHASE,CARD,MOBILE_APP,1,0,Chennai,2.0,0,0,1,DEV-MONISHA-IPHONE-15,mobile_ios,0,BEN-CUST_MONISHA_001-TRUSTED,Trusted Household Vendor,8,0,3,17,0,0,0,None,Resolved Genuine,Standard Habitual Purchase,0
TXN-CUST_MONISHA_001-10540,2026-07-28 20:19:05,2026-07-28,20:19:05,20,1,0,0,CUST_MONISHA_001,420,Chennai,Tamil Nadu,Low Risk / 3% Fraud Rate,M007,SpiceRoute Kitchen,Restaurant,Fine Dining & Chettinad,Chennai,Adyar,Tamil Nadu,600020,13.0012,80.2565,7,2200.0,11:30-23:30,"POS,UPI,CARD",Cloned card POS terminal replay,0.018,45,1844.14,INR,PURCHASE,UPI,MOBILE_APP,1,0,Chennai,7.0,0,0,1,DEV-MONISHA-IPHONE-15,mobile_ios,0,BEN-CUST_MONISHA_001-TRUSTED,Trusted Household Vendor,5,0,3,22,0,0,0,None,Resolved Genuine,Standard Habitual Purchase,0
TXN-CUST_MONISHA_001-10541,2026-07-28 21:43:07,2026-07-28,21:43:07,21,1,0,0,CUST_MONISHA_001,420,Chennai,Tamil Nadu,Low Risk / 3% Fraud Rate,M003,Pulse Mobile Hub,Mobile Store,Smartphones & Accessories,Chennai,Tambaram,Tamil Nadu,600045,12.9249,80.1278,4,18500.0,09:30-21:30,"POS,UPI,CARD",New device abuse / rapid checkout surge,0.035,87,1957.42,INR,PURCHASE,CARD,MOBILE_APP,1,0,Chennai,6.0,0,0,1,DEV-MONISHA-IPHONE-15,mobile_ios,0,BEN-CUST_MONISHA_001-TRUSTED,Trusted Household Vendor,11,0,3,18,0,0,0,None,Resolved Genuine,Standard Habitual Purchase,0
TXN-CUST_MONISHA_001-10542,2026-07-28 23:10:41,2026-07-28,23:10:41,23,1,0,1,CUST_MONISHA_001,420,Chennai,Tamil Nadu,Low Risk / 3% Fraud Rate,M013,CartNest Online,E-commerce,Multi-category Marketplace,Chennai,Guindy,Tamil Nadu,600032,13.0067,80.2026,5,6200.0,24_HOURS,"ONLINE,UPI,CARD,NETBANKING",Account takeover + triangulation shipping fraud,0.045,112,2097.81,INR,PURCHASE,NETBANKING,MOBILE_APP,0,0,Chennai,13.0,0,0,1,DEV-MONISHA-IPHONE-15,mobile_ios,0,BEN-CUST_MONISHA_001-TRUSTED,Trusted Household Vendor,15,0,3,21,0,0,0,None,Resolved Genuine,Standard Habitual Purchase,0
TXN-CUST_MONISHA_001-10543,2026-07-29 00:39:28,2026-07-29,00:39:28,0,2,0,1,CUST_MONISHA_001,420,Chennai,Tamil Nadu,Low Risk / 3% Fraud Rate,M028,CraftCove Home Decor,Home Decor,Handicrafts & Art Pieces,Thanjavur,Medical College Road,Tamil Nadu,613004,10.7684,79.1245,8,7400.0,09:30-20:30,"POS,UPI,CARD,ONLINE",Cross-border tourist chargebacks,0.023,57,844.0,INR,PURCHASE,UPI,MOBILE_APP,1,0,Chennai,2.0,0,0,1,DEV-MONISHA-IPHONE-15,mobile_ios,0,BEN-CUST_MONISHA_001-TRUSTED,Trusted Household Vendor,13,0,4,21,0,0,0,None,Resolved Genuine,Standard Habitual Purchase,0
TXN-CUST_MONISHA_001-10544,2026-07-29 02:07:40,2026-07-29,02:07:40,2,2,0,1,CUST_MONISHA_001,420,Chennai,Tamil Nadu,Low Risk / 3% Fraud Rate,M014,OakLine Furnishings,Furniture,Teak Wood & Modern Home Decor,Madurai,Bypass Road,Tamil Nadu,625016,9.932,78.109,12,38000.0,10:00-21:00,"POS,CARD,TRANSFER,EMI",Invoice redirection fraud / fake payment slips,0.029,72,3015.74,INR,PURCHASE,TRANSFER,MOBILE_APP,1,0,Chennai,9.0,0,0,1,DEV-MONISHA-IPHONE-15,mobile_ios,0,BEN-CUST_MONISHA_001-TRUSTED,Trusted Household Vendor,6,0,3,15,0,0,0,None,Resolved Genuine,Standard Habitual Purchase,0
TXN-CUST_MONISHA_001-10545,2026-07-29 03:33:27,2026-07-29,03:33:27,3,2,0,1,CUST_MONISHA_001,420,Chennai,Tamil Nadu,Low Risk / 3% Fraud Rate,M024,LinkWave Telecom,Telecom Retail,Fiber Broadband & Postpaid Plans,Erode,Perundurai Road,Tamil Nadu,638011,11.341,77.7172,10,1950.0,09:30-20:30,"UPI,CARD,ONLINE,POS",SIM swap bill recharge surges,0.017,42,2701.31,INR,PURCHASE,ONLINE,MOBILE_APP,1,0,Chennai,2.0,0,0,1,DEV-MONISHA-IPHONE-15,mobile_ios,0,BEN-CUST_MONISHA_001-TRUSTED,Trusted Household Vendor,10,0,2,15,0,0,0,None,Resolved Genuine,Standard Habitual Purchase,0
TXN-CUST_MONISHA_001-10546,2026-07-29 04:58:10,2026-07-29,04:58:10,4,2,0,1,CUST_MONISHA_001,420,Chennai,Tamil Nadu,Low Risk / 3% Fraud Rate,M019,ArenaSport World,Sports Retail,Fitness Equipment & Sports Wear,Chennai,Nungambakkam,Tamil Nadu,600034,13.0604,80.2405,6,5600.0,10:00-21:30,"POS,ONLINE,UPI,CARD",Stolen card chargeback on premium sports gear,0.026,65,1409.64,INR,PURCHASE,ONLINE,MOBILE_APP,1,0,Chennai,12.0,0,0,1,DEV-MONISHA-IPHONE-15,mobile_ios,0,BEN-CUST_MONISHA_001-TRUSTED,Trusted Household Vendor,10,0,2,13,0,0,0,None,Resolved Genuine,Standard Habitual Purchase,0
TXN-CUST_MONISHA_001-10547,2026-07-29 06:25:59,2026-07-29,06:25:59,6,2,0,0,CUST_MONISHA_001,420,Chennai,Tamil Nadu,Low Risk / 3% Fraud Rate,M028,CraftCove Home Decor,Home Decor,Handicrafts & Art Pieces,Thanjavur,Medical College Road,Tamil Nadu,613004,10.7684,79.1245,8,7400.0,09:30-20:30,"POS,UPI,CARD,ONLINE",Cross-border tourist chargebacks,0.023,57,1401.05,INR,PURCHASE,CARD,MOBILE_APP,1,0,Chennai,4.0,0,0,1,DEV-MONISHA-IPHONE-15,mobile_ios,0,BEN-CUST_MONISHA_001-TRUSTED,Trusted Household Vendor,12,0,2,12,0,0,0,None,Resolved Genuine,Standard Habitual Purchase,0
TXN-CUST_MONISHA_001-10548,2026-07-29 07:54:03,2026-07-29,07:54:03,7,2,0,0,CUST_MONISHA_001,420,Chennai,Tamil Nadu,Low Risk / 3% Fraud Rate,M004,Aurelia Gold House,Jewellery,Gold & Diamond Jewellery,Coimbatore,RS Puram,Tamil Nadu,641002,11.0089,76.9514,14,78000.0,10:00-20:30,"POS,CARD,TRANSFER",Account takeover / card-not-present luxury surge,0.065,162,2933.24,INR,PURCHASE,POS,MOBILE_APP,1,0,Chennai,11.0,0,0,1,DEV-MONISHA-IPHONE-15,mobile_ios,0,BEN-CUST_MONISHA_001-TRUSTED,Trusted Household Vendor,12,0,4,26,0,0,0,None,Resolved Genuine,Standard Habitual Purchase,0
TXN-CUST_MONISHA_001-10549,2026-07-29 09:23:12,2026-07-29,09:23:12,9,2,0,0,CUST_MONISHA_001,420,Chennai,Tamil Nadu,Low Risk / 3% Fraud Rate,M028,CraftCove Home Decor,Home Decor,Handicrafts & Art Pieces,Thanjavur,Medical College Road,Tamil Nadu,613004,10.7684,79.1245,8,7400.0,09:30-20:30,"POS,UPI,CARD,ONLINE",Cross-border tourist chargebacks,0.023,57,1908.56,INR,PURCHASE,UPI,MOBILE_APP,1,0,Chennai,10.0,0,0,1,DEV-MONISHA-IPHONE-15,mobile_ios,0,BEN-CUST_MONISHA_001-TRUSTED,Trusted Household Vendor,10,0,3,22,0,0,0,None,Resolved Genuine,Standard Habitual Purchase,0
TXN-CUST_MONISHA_001-10550,2026-07-29 10:48:17,2026-07-29,10:48:17,10,2,0,0,CUST_MONISHA_001,420,Chennai,Tamil Nadu,Low Risk / 3% Fraud Rate,M008,BeanCircuit Cafe,Cafe,Specialty Coffee & Bakery,Bengaluru,Indiranagar,Karnataka,560038,12.9784,77.6408,3,650.0,07:30-23:00,"UPI,POS,CARD",QR code spoofing / fast velocity dining,0.009,22,2535.4,INR,PURCHASE,CARD,MOBILE_APP,1,0,Chennai,3.0,0,0,1,DEV-MONISHA-IPHONE-15,mobile_ios,0,BEN-CUST_MONISHA_001-TRUSTED,Trusted Household Vendor,10,1,4,18,0,0,0,None,Resolved Genuine,Standard Habitual Purchase,0
TXN-CUST_MONISHA_001-10551,2026-07-29 12:14:42,2026-07-29,12:14:42,12,2,0,0,CUST_MONISHA_001,420,Chennai,Tamil Nadu,Low Risk / 3% Fraud Rate,M013,CartNest Online,E-commerce,Multi-category Marketplace,Chennai,Guindy,Tamil Nadu,600032,13.0067,80.2026,5,6200.0,24_HOURS,"ONLINE,UPI,CARD,NETBANKING",Account takeover + triangulation shipping fraud,0.045,112,2793.34,INR,PURCHASE,NETBANKING,MOBILE_APP,0,0,Chennai,13.0,0,0,1,DEV-MONISHA-IPHONE-15,mobile_ios,0,BEN-CUST_MONISHA_001-TRUSTED,Trusted Household Vendor,14,1,1,11,0,0,0,None,Resolved Genuine,Standard Habitual Purchase,0
TXN-CUST_MONISHA_001-10552,2026-07-29 13:42:14,2026-07-29,13:42:14,13,2,0,0,CUST_MONISHA_001,420,Chennai,Tamil Nadu,Low Risk / 3% Fraud Rate,M001,NovaMart Fresh,Grocery & Supermarket,Supermarket / Hypermarket,Chennai,T Nagar,Tamil Nadu,600017,13.0418,80.2341,8,1250.0,07:00-22:30,"POS,UPI,CARD,ONLINE",Card testing / micro-burst velocity,0.012,30,2357.4,INR,PURCHASE,CARD,MOBILE_APP,1,0,Chennai,7.0,0,0,1,DEV-MONISHA-IPHONE-15,mobile_ios,0,BEN-CUST_MONISHA_001-TRUSTED,Trusted Household Vendor,8,0,3,16,0,0,0,None,Resolved Genuine,Standard Habitual Purchase,0
TXN-CUST_MONISHA_001-10553,2026-07-29 15:08:55,2026-07-29,15:08:55,15,2,0,0,CUST_MONISHA_001,420,Chennai,Tamil Nadu,Low Risk / 3% Fraud Rate,M008,BeanCircuit Cafe,Cafe,Specialty Coffee & Bakery,Bengaluru,Indiranagar,Karnataka,560038,12.9784,77.6408,3,650.0,07:30-23:00,"UPI,POS,CARD",QR code spoofing / fast velocity dining,0.009,22,1410.42,INR,PURCHASE,POS,MOBILE_APP,1,0,Chennai,10.0,0,0,1,DEV-MONISHA-IPHONE-15,mobile_ios,0,BEN-CUST_MONISHA_001-TRUSTED,Trusted Household Vendor,10,0,2,13,0,0,0,None,Resolved Genuine,Standard Habitual Purchase,0
TXN-CUST_MONISHA_001-10554,2026-07-29 16:34:50,2026-07-29,16:34:50,16,2,0,0,CUST_MONISHA_001,420,Chennai,Tamil Nadu,Low Risk / 3% Fraud Rate,M025,ShieldSure Services,Insurance Services,General & Health Insurance Premium,Chennai,Egmore,Tamil Nadu,600008,13.0784,80.2607,13,14000.0,09:30-18:00,"ONLINE,NETBANKING,CARD",Premium diversion / fake policy payment slips,0.019,47,1651.2,INR,PURCHASE,CARD,MOBILE_APP,0,0,Chennai,14.0,0,0,1,DEV-MONISHA-IPHONE-15,mobile_ios,0,BEN-CUST_MONISHA_001-TRUSTED,Trusted Household Vendor,5,0,4,20,0,0,0,None,Resolved Genuine,Standard Habitual Purchase,0
TXN-CUST_MONISHA_001-10555,2026-07-29 18:04:07,2026-07-29,18:04:07,18,2,0,0,CUST_MONISHA_001,420,Chennai,Tamil Nadu,Low Risk / 3% Fraud Rate,M022,SkillSpring Academy,Education / Training,Professional Certifications & Tech Bootcamps,Chennai,Mylapore,Tamil Nadu,600004,13.0368,80.2676,8,22000.0,08:30-19:30,"ONLINE,NETBANKING,CARD,UPI",Stolen corporate card enrollments,0.028,70,1314.85,INR,PURCHASE,UPI,MOBILE_APP,0,0,Chennai,2.0,0,0,1,DEV-MONISHA-IPHONE-15,mobile_ios,0,BEN-CUST_MONISHA_001-TRUSTED,Trusted Household Vendor,11,0,2,16,0,0,0,None,Resolved Genuine,Standard Habitual Purchase,0
TXN-CUST_MONISHA_001-10556,2026-07-29 19:28:41,2026-07-29,19:28:41,19,2,0,0,CUST_MONISHA_001,420,Chennai,Tamil Nadu,Low Risk / 3% Fraud Rate,M026,GreenLeaf Wellness,Health & Wellness,Organic Nutrition & Ayurveda,Trichy,Srirangam,Tamil Nadu,620006,10.8624,78.6947,6,2100.0,08:00-21:00,"POS,UPI,ONLINE,CARD",Subscription card stuffing,0.013,32,3024.41,INR,PURCHASE,CARD,MOBILE_APP,1,0,Chennai,3.0,0,0,1,DEV-MONISHA-IPHONE-15,mobile_ios,0,BEN-CUST_MONISHA_001-TRUSTED,Trusted Household Vendor,5,0,1,13,0,0,0,None,Resolved Genuine,Standard Habitual Purchase,0
TXN-CUST_MONISHA_001-10557,2026-07-29 20:52:54,2026-07-29,20:52:54,20,2,0,0,CUST_MONISHA_001,420,Chennai,Tamil Nadu,Low Risk / 3% Fraud Rate,M029,CloudDesk Digital,Software / Digital Services,Cloud Infrastructure & SaaS Tools,Bengaluru,Whitefield,Karnataka,560066,12.9698,77.7499,7,19800.0,24_HOURS,"ONLINE,CARD,TRANSFER",Cryptomining VM rental with stolen credit cards,0.058,145,2767.57,INR,PURCHASE,CARD,MOBILE_APP,0,0,Chennai,9.0,0,0,1,DEV-MONISHA-IPHONE-15,mobile_ios,0,BEN-CUST_MONISHA_001-TRUSTED,Trusted Household Vendor,15,0,3,18,0,0,0,None,Resolved Genuine,Standard Habitual Purchase,0
TXN-CUST_MONISHA_001-10558,2026-07-29 22:17:48,2026-07-29,22:17:48,22,2,0,0,CUST_MONISHA_001,420,Chennai,Tamil Nadu,Low Risk / 3% Fraud Rate,M028,CraftCove Home Decor,Home Decor,Handicrafts & Art Pieces,Thanjavur,Medical College Road,Tamil Nadu,613004,10.7684,79.1245,8,7400.0,09:30-20:30,"POS,UPI,CARD,ONLINE",Cross-border tourist chargebacks,0.023,57,2108.73,INR,PURCHASE,UPI,MOBILE_APP,1,0,Chennai,7.0,0,0,1,DEV-MONISHA-IPHONE-15,mobile_ios,0,BEN-CUST_MONISHA_001-TRUSTED,Trusted Household Vendor,3,1,2,14,0,0,0,None,Resolved Genuine,Standard Habitual Purchase,0
TXN-CUST_MONISHA_001-10559,2026-07-29 23:44:04,2026-07-29,23:44:04,23,2,0,1,CUST_MONISHA_001,420,Chennai,Tamil Nadu,Low Risk / 3% Fraud Rate,M021,GlowCraft Salon,Salon / Beauty,Spa & Grooming Studio,Chennai,Porur,Tamil Nadu,600116,13.0382,80.1565,5,2800.0,09:00-21:00,"POS,UPI,CARD",Unusual late-night transaction spikes,0.011,27,1005.35,INR,PURCHASE,CARD,MOBILE_APP,1,0,Chennai,12.0,0,0,1,DEV-MONISHA-IPHONE-15,mobile_ios,0,BEN-CUST_MONISHA_001-TRUSTED,Trusted Household Vendor,8,0,3,22,0,0,0,None,Resolved Genuine,Standard Habitual Purchase,0
TXN-CUST_MONISHA_001-10560,2026-07-30 01:13:03,2026-07-30,01:13:03,1,3,0,1,CUST_MONISHA_001,420,Chennai,Tamil Nadu,Low Risk / 3% Fraud Rate,M009,RapidFuel Station,Fuel Station,"Petrol, Diesel & EV Fast Charge",Salem,Fairlands,Tamil Nadu,636016,11.6643,78.146,9,3100.0,24_HOURS,"POS,FLEET_CARD,UPI",Automated fleet card skimming,0.024,60,1585.29,INR,PURCHASE,UPI,MOBILE_APP,1,0,Chennai,7.0,0,0,1,DEV-MONISHA-IPHONE-15,mobile_ios,0,BEN-CUST_MONISHA_001-TRUSTED,Trusted Household Vendor,12,1,2,18,0,0,0,None,Resolved Genuine,Standard Habitual Purchase,0
TXN-CUST_MONISHA_001-10561,2026-07-30 02:37:30,2026-07-30,02:37:30,2,3,0,1,CUST_MONISHA_001,420,Chennai,Tamil Nadu,Low Risk / 3% Fraud Rate,M025,ShieldSure Services,Insurance Services,General & Health Insurance Premium,Chennai,Egmore,Tamil Nadu,600008,13.0784,80.2607,13,14000.0,09:30-18:00,"ONLINE,NETBANKING,CARD",Premium diversion / fake policy payment slips,0.019,47,1445.98,INR,PURCHASE,CARD,MOBILE_APP,0,0,Chennai,6.0,0,0,1,DEV-MONISHA-IPHONE-15,mobile_ios,0,BEN-CUST_MONISHA_001-TRUSTED,Trusted Household Vendor,15,0,4,25,0,0,0,None,Resolved Genuine,Standard Habitual Purchase,0
TXN-CUST_MONISHA_001-10562,2026-07-30 04:06:14,2026-07-30,04:06:14,4,3,0,1,CUST_MONISHA_001,420,Chennai,Tamil Nadu,Low Risk / 3% Fraud Rate,M013,CartNest Online,E-commerce,Multi-category Marketplace,Chennai,Guindy,Tamil Nadu,600032,13.0067,80.2026,5,6200.0,24_HOURS,"ONLINE,UPI,CARD,NETBANKING",Account takeover + triangulation shipping fraud,0.045,112,2215.97,INR,PURCHASE,CARD,MOBILE_APP,0,0,Chennai,8.0,0,0,1,DEV-MONISHA-IPHONE-15,mobile_ios,0,BEN-CUST_MONISHA_001-TRUSTED,Trusted Household Vendor,5,0,2,16,0,0,0,None,Resolved Genuine,Standard Habitual Purchase,0
TXN-CUST_MONISHA_001-10563,2026-07-30 05:33:25,2026-07-30,05:33:25,5,3,0,1,CUST_MONISHA_001,420,Chennai,Tamil Nadu,Low Risk / 3% Fraud Rate,M019,ArenaSport World,Sports Retail,Fitness Equipment & Sports Wear,Chennai,Nungambakkam,Tamil Nadu,600034,13.0604,80.2405,6,5600.0,10:00-21:30,"POS,ONLINE,UPI,CARD",Stolen card chargeback on premium sports gear,0.026,65,1727.17,INR,PURCHASE,ONLINE,MOBILE_APP,1,0,Chennai,15.0,0,0,1,DEV-MONISHA-IPHONE-15,mobile_ios,0,BEN-CUST_MONISHA_001-TRUSTED,Trusted Household Vendor,8,1,2,15,0,0,0,None,Resolved Genuine,Standard Habitual Purchase,0
TXN-CUST_MONISHA_001-10564,2026-07-30 06:58:44,2026-07-30,06:58:44,6,3,0,0,CUST_MONISHA_001,420,Chennai,Tamil Nadu,Low Risk / 3% Fraud Rate,M010,HarborView Residency,Hotel / Hospitality,Business & Luxury Hotel,Chennai,OMR,Tamil Nadu,600096,12.9165,80.2285,6,9500.0,24_HOURS,"ONLINE,POS,CARD,TRANSFER",Online travel booking fraud with stolen corporate credentials,0.041,102,26548.77,INR,PURCHASE,CARD,MOBILE_APP,0,0,Delhi,577.0,1,0,1,DEV-MONISHA-IPHONE-15,mobile_ios,0,BEN-CUST_MONISHA_001-01,Self Family Transfer,3,3,10,50,1,0,0,Geographic Anomaly / High Ticket Spike,Review Required,Sudden location velocity jump with new merchant,1
TXN-CUST_MONISHA_001-10565,2026-07-30 08:27:55,2026-07-30,08:27:55,8,3,0,0,CUST_MONISHA_001,420,Chennai,Tamil Nadu,Low Risk / 3% Fraud Rate,M014,OakLine Furnishings,Furniture,Teak Wood & Modern Home Decor,Madurai,Bypass Road,Tamil Nadu,625016,9.932,78.109,12,38000.0,10:00-21:00,"POS,CARD,TRANSFER,EMI",Invoice redirection fraud / fake payment slips,0.029,72,1171.52,INR,PURCHASE,TRANSFER,MOBILE_APP,1,0,Chennai,14.0,0,0,1,DEV-MONISHA-IPHONE-15,mobile_ios,0,BEN-CUST_MONISHA_001-TRUSTED,Trusted Household Vendor,13,1,2,11,0,0,0,None,Resolved Genuine,Standard Habitual Purchase,0
TXN-CUST_MONISHA_001-10566,2026-07-30 09:52:35,2026-07-30,09:52:35,9,3,0,0,CUST_MONISHA_001,420,Chennai,Tamil Nadu,Low Risk / 3% Fraud Rate,M013,CartNest Online,E-commerce,Multi-category Marketplace,Chennai,Guindy,Tamil Nadu,600032,13.0067,80.2026,5,6200.0,24_HOURS,"ONLINE,UPI,CARD,NETBANKING",Account takeover + triangulation shipping fraud,0.045,112,1021.04,INR,PURCHASE,ONLINE,MOBILE_APP,0,0,Chennai,2.0,0,0,1,DEV-MONISHA-IPHONE-15,mobile_ios,0,BEN-CUST_MONISHA_001-TRUSTED,Trusted Household Vendor,11,0,4,18,0,0,0,None,Resolved Genuine,Standard Habitual Purchase,0
TXN-CUST_MONISHA_001-10567,2026-07-30 11:20:36,2026-07-30,11:20:36,11,3,0,0,CUST_MONISHA_001,420,Chennai,Tamil Nadu,Low Risk / 3% Fraud Rate,M017,AutoForge Parts,Spare Parts,OEM Industrial & Auto Components,Hosur,Mookandapalli,Tamil Nadu,635126,12.7409,77.8253,15,16500.0,09:00-19:30,"TRANSFER,POS,CARD",Business email compromise / fake beneficiary update,0.033,82,2570.09,INR,PURCHASE,CARD,MOBILE_APP,1,0,Chennai,2.0,0,0,1,DEV-MONISHA-IPHONE-15,mobile_ios,0,BEN-CUST_MONISHA_001-TRUSTED,Trusted Household Vendor,4,1,2,16,0,0,0,None,Resolved Genuine,Standard Habitual Purchase,0
TXN-CUST_MONISHA_001-10568,2026-07-30 12:45:52,2026-07-30,12:45:52,12,3,0,0,CUST_MONISHA_001,420,Chennai,Tamil Nadu,Low Risk / 3% Fraud Rate,M008,BeanCircuit Cafe,Cafe,Specialty Coffee & Bakery,Bengaluru,Indiranagar,Karnataka,560038,12.9784,77.6408,3,650.0,07:30-23:00,"UPI,POS,CARD",QR code spoofing / fast velocity dining,0.009,22,2505.97,INR,PURCHASE,UPI,MOBILE_APP,1,0,Chennai,8.0,0,0,1,DEV-MONISHA-IPHONE-15,mobile_ios,0,BEN-CUST_MONISHA_001-TRUSTED,Trusted Household Vendor,11,0,2,10,0,0,0,None,Resolved Genuine,Standard Habitual Purchase,0
TXN-CUST_MONISHA_001-10569,2026-07-30 14:09:28,2026-07-30,14:09:28,14,3,0,0,CUST_MONISHA_001,420,Chennai,Tamil Nadu,Low Risk / 3% Fraud Rate,M012,DashDine Delivery,Food Delivery,Quick Commerce & Meal Delivery,Chennai,Sholinganallur,Tamil Nadu,600119,12.901,80.2279,4,520.0,06:00-02:00,"UPI,CARD,ONLINE,WALLET",Promo code abuse / stolen wallet balances,0.014,35,2793.26,INR,PURCHASE,ONLINE,MOBILE_APP,0,0,Chennai,6.0,0,0,1,DEV-MONISHA-IPHONE-15,mobile_ios,0,BEN-CUST_MONISHA_001-TRUSTED,Trusted Household Vendor,11,0,4,26,0,0,0,None,Resolved Genuine,Standard Habitual Purchase,0
TXN-CUST_MONISHA_001-10570,2026-07-30 15:35:33,2026-07-30,15:35:33,15,3,0,0,CUST_MONISHA_001,420,Chennai,Tamil Nadu,Low Risk / 3% Fraud Rate,M023,SwiftBox Logistics,Courier / Logistics,Express Parcel & Freight Delivery,Tiruppur,Avinashi Road,Tamil Nadu,641603,11.1085,77.3411,9,4200.0,08:00-21:00,"POS,UPI,CARD,ONLINE",Interception fraud / address redirection,0.02,50,10731.01,INR,PURCHASE,ONLINE,MOBILE_APP,0,0,Delhi,946.0,1,0,1,DEV-MONISHA-IPHONE-15,mobile_ios,0,BEN-CUST_MONISHA_001-01,Self Family Transfer,3,4,9,46,1,0,0,Geographic Anomaly / High Ticket Spike,Review Required,Sudden location velocity jump with new merchant,1
TXN-CUST_MONISHA_001-10571,2026-07-30 17:02:47,2026-07-30,17:02:47,17,3,0,0,CUST_MONISHA_001,420,Chennai,Tamil Nadu,Low Risk / 3% Fraud Rate,M018,PageTurn Book House,Bookstore,"Academic, Fiction & Stationery",Trichy,Thillai Nagar,Tamil Nadu,620018,10.8282,78.6854,16,850.0,09:00-21:30,"POS,UPI,CARD,ONLINE",Low-value card testing bots,0.008,20,1504.61,INR,PURCHASE,POS,MOBILE_APP,1,0,Chennai,6.0,0,0,1,DEV-MONISHA-IPHONE-15,mobile_ios,0,BEN-CUST_MONISHA_001-TRUSTED,Trusted Household Vendor,15,0,2,17,0,0,0,None,Resolved Genuine,Standard Habitual Purchase,0
TXN-CUST_MONISHA_001-10572,2026-07-30 18:28:02,2026-07-30,18:28:02,18,3,0,0,CUST_MONISHA_001,420,Chennai,Tamil Nadu,Low Risk / 3% Fraud Rate,M014,OakLine Furnishings,Furniture,Teak Wood & Modern Home Decor,Madurai,Bypass Road,Tamil Nadu,625016,9.932,78.109,12,38000.0,10:00-21:00,"POS,CARD,TRANSFER,EMI",Invoice redirection fraud / fake payment slips,0.029,72,1387.95,INR,PURCHASE,TRANSFER,MOBILE_APP,1,0,Chennai,5.0,0,0,1,DEV-MONISHA-IPHONE-15,mobile_ios,0,BEN-CUST_MONISHA_001-TRUSTED,Trusted Household Vendor,8,1,2,17,0,0,0,None,Resolved Genuine,Standard Habitual Purchase,0
TXN-CUST_MONISHA_001-10573,2026-07-30 19:54:38,2026-07-30,19:54:38,19,3,0,0,CUST_MONISHA_001,420,Chennai,Tamil Nadu,Low Risk / 3% Fraud Rate,M023,SwiftBox Logistics,Courier / Logistics,Express Parcel & Freight Delivery,Tiruppur,Avinashi Road,Tamil Nadu,641603,11.1085,77.3411,9,4200.0,08:00-21:00,"POS,UPI,CARD,ONLINE",Interception fraud / address redirection,0.02,50,2937.69,INR,PURCHASE,ONLINE,MOBILE_APP,1,0,Chennai,13.0,0,0,1,DEV-MONISHA-IPHONE-15,mobile_ios,0,BEN-CUST_MONISHA_001-TRUSTED,Trusted Household Vendor,15,0,1,10,0,0,0,None,Resolved Genuine,Standard Habitual Purchase,0
TXN-CUST_MONISHA_001-10574,2026-07-30 21:21:37,2026-07-30,21:21:37,21,3,0,0,CUST_MONISHA_001,420,Chennai,Tamil Nadu,Low Risk / 3% Fraud Rate,M026,GreenLeaf Wellness,Health & Wellness,Organic Nutrition & Ayurveda,Trichy,Srirangam,Tamil Nadu,620006,10.8624,78.6947,6,2100.0,08:00-21:00,"POS,UPI,ONLINE,CARD",Subscription card stuffing,0.013,32,796.89,INR,PURCHASE,UPI,MOBILE_APP,1,0,Chennai,6.0,0,0,1,DEV-MONISHA-IPHONE-15,mobile_ios,0,BEN-CUST_MONISHA_001-TRUSTED,Trusted Household Vendor,9,1,4,20,0,0,0,None,Resolved Genuine,Standard Habitual Purchase,0
TXN-CUST_MONISHA_001-10575,2026-07-30 22:49:19,2026-07-30,22:49:19,22,3,0,0,CUST_MONISHA_001,420,Chennai,Tamil Nadu,Low Risk / 3% Fraud Rate,M021,GlowCraft Salon,Salon / Beauty,Spa & Grooming Studio,Chennai,Porur,Tamil Nadu,600116,13.0382,80.1565,5,2800.0,09:00-21:00,"POS,UPI,CARD",Unusual late-night transaction spikes,0.011,27,1691.95,INR,PURCHASE,CARD,MOBILE_APP,1,0,Chennai,7.0,0,0,1,DEV-MONISHA-IPHONE-15,mobile_ios,0,BEN-CUST_MONISHA_001-TRUSTED,Trusted Household Vendor,9,0,1,9,0,0,0,None,Resolved Genuine,Standard Habitual Purchase,0
TXN-CUST_MONISHA_001-10576,2026-07-31 00:15:49,2026-07-31,00:15:49,0,4,0,1,CUST_MONISHA_001,420,Chennai,Tamil Nadu,Low Risk / 3% Fraud Rate,M026,GreenLeaf Wellness,Health & Wellness,Organic Nutrition & Ayurveda,Trichy,Srirangam,Tamil Nadu,620006,10.8624,78.6947,6,2100.0,08:00-21:00,"POS,UPI,ONLINE,CARD",Subscription card stuffing,0.013,32,2909.29,INR,PURCHASE,ONLINE,MOBILE_APP,1,0,Chennai,13.0,0,0,1,DEV-MONISHA-IPHONE-15,mobile_ios,0,BEN-CUST_MONISHA_001-TRUSTED,Trusted Household Vendor,7,0,3,20,0,0,0,None,Resolved Genuine,Standard Habitual Purchase,0
TXN-CUST_MONISHA_001-10577,2026-07-31 01:40:20,2026-07-31,01:40:20,1,4,0,1,CUST_MONISHA_001,420,Chennai,Tamil Nadu,Low Risk / 3% Fraud Rate,M003,Pulse Mobile Hub,Mobile Store,Smartphones & Accessories,Chennai,Tambaram,Tamil Nadu,600045,12.9249,80.1278,4,18500.0,09:30-21:30,"POS,UPI,CARD",New device abuse / rapid checkout surge,0.035,87,1206.83,INR,PURCHASE,UPI,MOBILE_APP,1,0,Chennai,5.0,0,0,1,DEV-MONISHA-IPHONE-15,mobile_ios,0,BEN-CUST_MONISHA_001-TRUSTED,Trusted Household Vendor,12,1,4,22,0,0,0,None,Resolved Genuine,Standard Habitual Purchase,0
TXN-CUST_MONISHA_001-10578,2026-07-31 03:07:57,2026-07-31,03:07:57,3,4,0,1,CUST_MONISHA_001,420,Chennai,Tamil Nadu,Low Risk / 3% Fraud Rate,M016,MotoCare Garage,Auto Service,Car Service & Detailing Hub,Chennai,Pallikaranai,Tamil Nadu,600100,12.9372,80.2014,7,8900.0,08:30-20:30,"POS,UPI,CARD",Over-invoicing / synthetic card payments,0.021,52,1219.43,INR,PURCHASE,POS,MOBILE_APP,1,0,Chennai,1.0,0,0,1,DEV-MONISHA-IPHONE-15,mobile_ios,0,BEN-CUST_MONISHA_001-TRUSTED,Trusted Household Vendor,5,1,1,10,0,0,0,None,Resolved Genuine,Standard Habitual Purchase,0
TXN-CUST_MONISHA_001-10579,2026-07-31 04:32:57,2026-07-31,04:32:57,4,4,0,1,CUST_MONISHA_001,420,Chennai,Tamil Nadu,Low Risk / 3% Fraud Rate,M023,SwiftBox Logistics,Courier / Logistics,Express Parcel & Freight Delivery,Tiruppur,Avinashi Road,Tamil Nadu,641603,11.1085,77.3411,9,4200.0,08:00-21:00,"POS,UPI,CARD,ONLINE",Interception fraud / address redirection,0.02,50,1805.89,INR,PURCHASE,ONLINE,MOBILE_APP,1,0,Chennai,1.0,0,0,1,DEV-MONISHA-IPHONE-15,mobile_ios,0,BEN-CUST_MONISHA_001-TRUSTED,Trusted Household Vendor,3,0,2,13,0,0,0,None,Resolved Genuine,Standard Habitual Purchase,0
TXN-CUST_MONISHA_001-10580,2026-07-31 05:58:25,2026-07-31,05:58:25,5,4,0,1,CUST_MONISHA_001,420,Chennai,Tamil Nadu,Low Risk / 3% Fraud Rate,M010,HarborView Residency,Hotel / Hospitality,Business & Luxury Hotel,Chennai,OMR,Tamil Nadu,600096,12.9165,80.2285,6,9500.0,24_HOURS,"ONLINE,POS,CARD,TRANSFER",Online travel booking fraud with stolen corporate credentials,0.041,102,2618.6,INR,PURCHASE,ONLINE,MOBILE_APP,1,0,Chennai,8.0,0,0,1,DEV-MONISHA-IPHONE-15,mobile_ios,0,BEN-CUST_MONISHA_001-TRUSTED,Trusted Household Vendor,14,0,4,23,0,0,0,None,Resolved Genuine,Standard Habitual Purchase,0
TXN-CUST_MONISHA_001-10581,2026-07-31 07:22:17,2026-07-31,07:22:17,7,4,0,0,CUST_MONISHA_001,420,Chennai,Tamil Nadu,Low Risk / 3% Fraud Rate,M025,ShieldSure Services,Insurance Services,General & Health Insurance Premium,Chennai,Egmore,Tamil Nadu,600008,13.0784,80.2607,13,14000.0,09:30-18:00,"ONLINE,NETBANKING,CARD",Premium diversion / fake policy payment slips,0.019,47,3006.85,INR,PURCHASE,CARD,MOBILE_APP,0,0,Chennai,1.0,0,0,1,DEV-MONISHA-IPHONE-15,mobile_ios,0,BEN-CUST_MONISHA_001-TRUSTED,Trusted Household Vendor,4,0,4,25,0,0,0,None,Resolved Genuine,Standard Habitual Purchase,0
TXN-CUST_MONISHA_001-10582,2026-07-31 08:46:47,2026-07-31,08:46:47,8,4,0,0,CUST_MONISHA_001,420,Chennai,Tamil Nadu,Low Risk / 3% Fraud Rate,M029,CloudDesk Digital,Software / Digital Services,Cloud Infrastructure & SaaS Tools,Bengaluru,Whitefield,Karnataka,560066,12.9698,77.7499,7,19800.0,24_HOURS,"ONLINE,CARD,TRANSFER",Cryptomining VM rental with stolen credit cards,0.058,145,2749.2,INR,PURCHASE,TRANSFER,MOBILE_APP,0,0,Chennai,14.0,0,0,1,DEV-MONISHA-IPHONE-15,mobile_ios,0,BEN-CUST_MONISHA_001-TRUSTED,Trusted Household Vendor,4,0,1,9,0,0,0,None,Resolved Genuine,Standard Habitual Purchase,0
TXN-CUST_MONISHA_001-10583,2026-07-31 10:12:29,2026-07-31,10:12:29,10,4,0,0,CUST_MONISHA_001,420,Chennai,Tamil Nadu,Low Risk / 3% Fraud Rate,M015,HomeSphere Appliances,Home Appliances,"Refrigerators, ACs & Kitchen Tech",Coimbatore,Saibaba Colony,Tamil Nadu,641011,11.0315,76.945,9,27500.0,09:30-21:00,"POS,EMI,CARD,UPI",Carding attacks with immediate in-store pickup,0.038,95,1358.36,INR,PURCHASE,EMI,MOBILE_APP,1,0,Chennai,1.0,0,0,1,DEV-MONISHA-IPHONE-15,mobile_ios,0,BEN-CUST_MONISHA_001-TRUSTED,Trusted Household Vendor,11,1,1,13,0,0,0,None,Resolved Genuine,Standard Habitual Purchase,0
TXN-CUST_MONISHA_001-10584,2026-07-31 11:38:13,2026-07-31,11:38:13,11,4,0,0,CUST_MONISHA_001,420,Chennai,Tamil Nadu,Low Risk / 3% Fraud Rate,M010,HarborView Residency,Hotel / Hospitality,Business & Luxury Hotel,Chennai,OMR,Tamil Nadu,600096,12.9165,80.2285,6,9500.0,24_HOURS,"ONLINE,POS,CARD,TRANSFER",Online travel booking fraud with stolen corporate credentials,0.041,102,2970.74,INR,PURCHASE,ONLINE,MOBILE_APP,1,0,Chennai,3.0,0,0,1,DEV-MONISHA-IPHONE-15,mobile_ios,0,BEN-CUST_MONISHA_001-TRUSTED,Trusted Household Vendor,14,0,1,10,0,0,0,None,Resolved Genuine,Standard Habitual Purchase,0
TXN-CUST_MONISHA_001-10585,2026-07-31 13:04:31,2026-07-31,13:04:31,13,4,0,0,CUST_MONISHA_001,420,Chennai,Tamil Nadu,Low Risk / 3% Fraud Rate,M010,HarborView Residency,Hotel / Hospitality,Business & Luxury Hotel,Chennai,OMR,Tamil Nadu,600096,12.9165,80.2285,6,9500.0,24_HOURS,"ONLINE,POS,CARD,TRANSFER",Online travel booking fraud with stolen corporate credentials,0.041,102,1245.01,INR,PURCHASE,POS,MOBILE_APP,1,0,Chennai,15.0,0,0,1,DEV-MONISHA-IPHONE-15,mobile_ios,0,BEN-CUST_MONISHA_001-TRUSTED,Trusted Household Vendor,4,1,2,16,0,0,0,None,Resolved Genuine,Standard Habitual Purchase,0
TXN-CUST_MONISHA_001-10586,2026-07-31 14:29:51,2026-07-31,14:29:51,14,4,0,0,CUST_MONISHA_001,420,Chennai,Tamil Nadu,Low Risk / 3% Fraud Rate,M006,MedicoCare Pharmacy,Pharmacy,Medicines & Surgical Supplies,Madurai,KK Nagar,Tamil Nadu,625020,9.9252,78.1498,10,1450.0,24_HOURS,"POS,UPI,CARD,ONLINE",Nighttime micro card testing,0.015,37,2638.87,INR,PURCHASE,POS,MOBILE_APP,1,0,Chennai,10.0,0,0,1,DEV-MONISHA-IPHONE-15,mobile_ios,0,BEN-CUST_MONISHA_001-TRUSTED,Trusted Household Vendor,3,1,2,17,0,0,0,None,Resolved Genuine,Standard Habitual Purchase,0
TXN-CUST_MONISHA_001-10587,2026-07-31 15:57:23,2026-07-31,15:57:23,15,4,0,0,CUST_MONISHA_001,420,Chennai,Tamil Nadu,Low Risk / 3% Fraud Rate,M005,UrbanThread Studio,Fashion / Apparel,Designer & Ready-to-wear,Chennai,Anna Nagar,Tamil Nadu,600040,13.085,80.2101,5,4800.0,10:30-22:00,"POS,ONLINE,UPI,CARD",Refund abuse / credential stuffing,0.022,55,1649.07,INR,PURCHASE,UPI,MOBILE_APP,1,0,Chennai,2.0,0,0,1,DEV-MONISHA-IPHONE-15,mobile_ios,0,BEN-CUST_MONISHA_001-TRUSTED,Trusted Household Vendor,4,0,4,18,0,0,0,None,Resolved Genuine,Standard Habitual Purchase,0
TXN-CUST_MONISHA_001-10588,2026-07-31 17:21:09,2026-07-31,17:21:09,17,4,0,0,CUST_MONISHA_001,420,Chennai,Tamil Nadu,Low Risk / 3% Fraud Rate,M021,GlowCraft Salon,Salon / Beauty,Spa & Grooming Studio,Chennai,Porur,Tamil Nadu,600116,13.0382,80.1565,5,2800.0,09:00-21:00,"POS,UPI,CARD",Unusual late-night transaction spikes,0.011,27,1140.17,INR,PURCHASE,POS,MOBILE_APP,1,0,Chennai,9.0,0,0,1,DEV-MONISHA-IPHONE-15,mobile_ios,0,BEN-CUST_MONISHA_001-TRUSTED,Trusted Household Vendor,10,0,2,15,0,0,0,None,Resolved Genuine,Standard Habitual Purchase,0
TXN-CUST_MONISHA_001-10589,2026-07-31 18:50:26,2026-07-31,18:50:26,18,4,0,0,CUST_MONISHA_001,420,Chennai,Tamil Nadu,Low Risk / 3% Fraud Rate,M026,GreenLeaf Wellness,Health & Wellness,Organic Nutrition & Ayurveda,Trichy,Srirangam,Tamil Nadu,620006,10.8624,78.6947,6,2100.0,08:00-21:00,"POS,UPI,ONLINE,CARD",Subscription card stuffing,0.013,32,2288.47,INR,PURCHASE,UPI,MOBILE_APP,1,0,Chennai,6.0,0,0,1,DEV-MONISHA-IPHONE-15,mobile_ios,0,BEN-CUST_MONISHA_001-TRUSTED,Trusted Household Vendor,14,0,4,18,0,0,0,None,Resolved Genuine,Standard Habitual Purchase,0
TXN-CUST_MONISHA_001-10590,2026-07-31 20:17:58,2026-07-31,20:17:58,20,4,0,0,CUST_MONISHA_001,420,Chennai,Tamil Nadu,Low Risk / 3% Fraud Rate,M012,DashDine Delivery,Food Delivery,Quick Commerce & Meal Delivery,Chennai,Sholinganallur,Tamil Nadu,600119,12.901,80.2279,4,520.0,06:00-02:00,"UPI,CARD,ONLINE,WALLET",Promo code abuse / stolen wallet balances,0.014,35,2475.09,INR,PURCHASE,WALLET,MOBILE_APP,0,0,Chennai,5.0,0,0,1,DEV-MONISHA-IPHONE-15,mobile_ios,0,BEN-CUST_MONISHA_001-TRUSTED,Trusted Household Vendor,14,0,4,26,0,0,0,None,Resolved Genuine,Standard Habitual Purchase,0
TXN-CUST_MONISHA_001-10591,2026-07-31 21:43:08,2026-07-31,21:43:08,21,4,0,0,CUST_MONISHA_001,420,Chennai,Tamil Nadu,Low Risk / 3% Fraud Rate,M023,SwiftBox Logistics,Courier / Logistics,Express Parcel & Freight Delivery,Tiruppur,Avinashi Road,Tamil Nadu,641603,11.1085,77.3411,9,4200.0,08:00-21:00,"POS,UPI,CARD,ONLINE",Interception fraud / address redirection,0.02,50,1926.82,INR,PURCHASE,ONLINE,MOBILE_APP,1,0,Chennai,10.0,0,0,1,DEV-MONISHA-IPHONE-15,mobile_ios,0,BEN-CUST_MONISHA_001-TRUSTED,Trusted Household Vendor,8,1,3,18,0,0,0,None,Resolved Genuine,Standard Habitual Purchase,0
TXN-CUST_MONISHA_001-10592,2026-07-31 23:11:45,2026-07-31,23:11:45,23,4,0,1,CUST_MONISHA_001,420,Chennai,Tamil Nadu,Low Risk / 3% Fraud Rate,M020,GameGrid Arena,Gaming,"Esports, Consoles & Virtual Credits",Bengaluru,Koramangala,Karnataka,560095,12.9352,77.6245,4,3400.0,10:00-01:00,"ONLINE,UPI,CARD,WALLET",Virtual item laundering & bot-driven micro transactions,0.055,137,2919.87,INR,PURCHASE,CARD,MOBILE_APP,0,0,Chennai,9.0,0,0,1,DEV-MONISHA-IPHONE-15,mobile_ios,0,BEN-CUST_MONISHA_001-TRUSTED,Trusted Household Vendor,10,1,2,14,0,0,0,None,Resolved Genuine,Standard Habitual Purchase,0
TXN-CUST_MONISHA_001-10593,2026-08-01 00:38:24,2026-08-01,00:38:24,0,5,1,1,CUST_MONISHA_001,420,Chennai,Tamil Nadu,Low Risk / 3% Fraud Rate,M015,HomeSphere Appliances,Home Appliances,"Refrigerators, ACs & Kitchen Tech",Coimbatore,Saibaba Colony,Tamil Nadu,641011,11.0315,76.945,9,27500.0,09:30-21:00,"POS,EMI,CARD,UPI",Carding attacks with immediate in-store pickup,0.038,95,781.68,INR,PURCHASE,CARD,MOBILE_APP,1,0,Chennai,11.0,0,0,1,DEV-MONISHA-IPHONE-15,mobile_ios,0,BEN-CUST_MONISHA_001-TRUSTED,Trusted Household Vendor,3,0,2,13,0,0,0,None,Resolved Genuine,Standard Habitual Purchase,0
TXN-CUST_MONISHA_001-10594,2026-08-01 02:03:43,2026-08-01,02:03:43,2,5,1,1,CUST_MONISHA_001,420,Chennai,Tamil Nadu,Low Risk / 3% Fraud Rate,M003,Pulse Mobile Hub,Mobile Store,Smartphones & Accessories,Chennai,Tambaram,Tamil Nadu,600045,12.9249,80.1278,4,18500.0,09:30-21:30,"POS,UPI,CARD",New device abuse / rapid checkout surge,0.035,87,2320.4,INR,PURCHASE,CARD,MOBILE_APP,1,0,Chennai,9.0,0,0,1,DEV-MONISHA-IPHONE-15,mobile_ios,0,BEN-CUST_MONISHA_001-TRUSTED,Trusted Household Vendor,11,0,2,17,0,0,0,None,Resolved Genuine,Standard Habitual Purchase,0
TXN-CUST_MONISHA_001-10595,2026-08-01 03:31:43,2026-08-01,03:31:43,3,5,1,1,CUST_MONISHA_001,420,Chennai,Tamil Nadu,Low Risk / 3% Fraud Rate,M005,UrbanThread Studio,Fashion / Apparel,Designer & Ready-to-wear,Chennai,Anna Nagar,Tamil Nadu,600040,13.085,80.2101,5,4800.0,10:30-22:00,"POS,ONLINE,UPI,CARD",Refund abuse / credential stuffing,0.022,55,2214.51,INR,PURCHASE,POS,MOBILE_APP,1,0,Chennai,6.0,0,0,1,DEV-MONISHA-IPHONE-15,mobile_ios,0,BEN-CUST_MONISHA_001-TRUSTED,Trusted Household Vendor,4,0,3,22,0,0,0,None,Resolved Genuine,Standard Habitual Purchase,0
TXN-CUST_MONISHA_001-10596,2026-08-01 04:59:04,2026-08-01,04:59:04,4,5,1,1,CUST_MONISHA_001,420,Chennai,Tamil Nadu,Low Risk / 3% Fraud Rate,M002,CircuitBay Electronics,Consumer Electronics,Laptops & Gadgets,Chennai,Velachery,Tamil Nadu,600042,12.9759,80.2212,6,32000.0,10:00-21:30,"POS,ONLINE,EMI,UPI",Stolen payment details / high-ticket electronics delivery,0.048,120,2734.35,INR,PURCHASE,POS,MOBILE_APP,1,0,Chennai,3.0,0,0,1,DEV-MONISHA-IPHONE-15,mobile_ios,0,BEN-CUST_MONISHA_001-TRUSTED,Trusted Household Vendor,6,1,1,13,0,0,0,None,Resolved Genuine,Standard Habitual Purchase,0
TXN-CUST_MONISHA_001-10597,2026-08-01 06:23:37,2026-08-01,06:23:37,6,5,1,0,CUST_MONISHA_001,420,Chennai,Tamil Nadu,Low Risk / 3% Fraud Rate,M002,CircuitBay Electronics,Consumer Electronics,Laptops & Gadgets,Chennai,Velachery,Tamil Nadu,600042,12.9759,80.2212,6,32000.0,10:00-21:30,"POS,ONLINE,EMI,UPI",Stolen payment details / high-ticket electronics delivery,0.048,120,2116.17,INR,PURCHASE,EMI,MOBILE_APP,1,0,Chennai,14.0,0,0,1,DEV-MONISHA-IPHONE-15,mobile_ios,0,BEN-CUST_MONISHA_001-TRUSTED,Trusted Household Vendor,11,0,4,18,0,0,0,None,Resolved Genuine,Standard Habitual Purchase,0
TXN-CUST_MONISHA_001-10598,2026-08-01 07:49:13,2026-08-01,07:49:13,7,5,1,0,CUST_MONISHA_001,420,Chennai,Tamil Nadu,Low Risk / 3% Fraud Rate,M020,GameGrid Arena,Gaming,"Esports, Consoles & Virtual Credits",Bengaluru,Koramangala,Karnataka,560095,12.9352,77.6245,4,3400.0,10:00-01:00,"ONLINE,UPI,CARD,WALLET",Virtual item laundering & bot-driven micro transactions,0.055,137,2459.76,INR,PURCHASE,WALLET,MOBILE_APP,0,0,Chennai,1.0,0,0,1,DEV-MONISHA-IPHONE-15,mobile_ios,0,BEN-CUST_MONISHA_001-TRUSTED,Trusted Household Vendor,13,0,2,11,0,0,0,None,Resolved Genuine,Standard Habitual Purchase,0
TXN-CUST_MONISHA_001-10599,2026-08-01 09:15:25,2026-08-01,09:15:25,9,5,1,0,CUST_MONISHA_001,420,Chennai,Tamil Nadu,Low Risk / 3% Fraud Rate,M021,GlowCraft Salon,Salon / Beauty,Spa & Grooming Studio,Chennai,Porur,Tamil Nadu,600116,13.0382,80.1565,5,2800.0,09:00-21:00,"POS,UPI,CARD",Unusual late-night transaction spikes,0.011,27,922.04,INR,PURCHASE,CARD,MOBILE_APP,1,0,Chennai,9.0,0,0,1,DEV-MONISHA-IPHONE-15,mobile_ios,0,BEN-CUST_MONISHA_001-TRUSTED,Trusted Household Vendor,8,0,4,18,0,0,0,None,Resolved Genuine,Standard Habitual Purchase,0
TXN-CUST_MONISHA_001-10600,2026-08-01 10:43:46,2026-08-01,10:43:46,10,5,1,0,CUST_MONISHA_001,420,Chennai,Tamil Nadu,Low Risk / 3% Fraud Rate,M009,RapidFuel Station,Fuel Station,"Petrol, Diesel & EV Fast Charge",Salem,Fairlands,Tamil Nadu,636016,11.6643,78.146,9,3100.0,24_HOURS,"POS,FLEET_CARD,UPI",Automated fleet card skimming,0.024,60,2017.91,INR,PURCHASE,POS,MOBILE_APP,1,0,Chennai,12.0,0,0,1,DEV-MONISHA-IPHONE-15,mobile_ios,0,BEN-CUST_MONISHA_001-TRUSTED,Trusted Household Vendor,4,1,3,22,0,0,0,None,Resolved Genuine,Standard Habitual Purchase,0
TXN-CUST_MONISHA_001-10601,2026-08-01 12:07:45,2026-08-01,12:07:45,12,5,1,0,CUST_MONISHA_001,420,Chennai,Tamil Nadu,Low Risk / 3% Fraud Rate,M024,LinkWave Telecom,Telecom Retail,Fiber Broadband & Postpaid Plans,Erode,Perundurai Road,Tamil Nadu,638011,11.341,77.7172,10,1950.0,09:30-20:30,"UPI,CARD,ONLINE,POS",SIM swap bill recharge surges,0.017,42,1320.58,INR,PURCHASE,CARD,MOBILE_APP,1,0,Chennai,7.0,0,0,1,DEV-MONISHA-IPHONE-15,mobile_ios,0,BEN-CUST_MONISHA_001-TRUSTED,Trusted Household Vendor,12,1,2,18,0,0,0,None,Resolved Genuine,Standard Habitual Purchase,0
TXN-CUST_MONISHA_001-10602,2026-08-01 13:35:39,2026-08-01,13:35:39,13,5,1,0,CUST_MONISHA_001,420,Chennai,Tamil Nadu,Low Risk / 3% Fraud Rate,M014,OakLine Furnishings,Furniture,Teak Wood & Modern Home Decor,Madurai,Bypass Road,Tamil Nadu,625016,9.932,78.109,12,38000.0,10:00-21:00,"POS,CARD,TRANSFER,EMI",Invoice redirection fraud / fake payment slips,0.029,72,2525.89,INR,PURCHASE,EMI,MOBILE_APP,1,0,Chennai,13.0,0,0,1,DEV-MONISHA-IPHONE-15,mobile_ios,0,BEN-CUST_MONISHA_001-TRUSTED,Trusted Household Vendor,13,0,3,20,0,0,0,None,Resolved Genuine,Standard Habitual Purchase,0
TXN-CUST_MONISHA_001-10603,2026-08-01 15:04:20,2026-08-01,15:04:20,15,5,1,0,CUST_MONISHA_001,420,Chennai,Tamil Nadu,Low Risk / 3% Fraud Rate,M006,MedicoCare Pharmacy,Pharmacy,Medicines & Surgical Supplies,Madurai,KK Nagar,Tamil Nadu,625020,9.9252,78.1498,10,1450.0,24_HOURS,"POS,UPI,CARD,ONLINE",Nighttime micro card testing,0.015,37,2634.36,INR,PURCHASE,UPI,MOBILE_APP,1,0,Chennai,9.0,0,0,1,DEV-MONISHA-IPHONE-15,mobile_ios,0,BEN-CUST_MONISHA_001-TRUSTED,Trusted Household Vendor,13,0,3,22,0,0,0,None,Resolved Genuine,Standard Habitual Purchase,0
TXN-CUST_MONISHA_001-10604,2026-08-01 16:33:44,2026-08-01,16:33:44,16,5,1,0,CUST_MONISHA_001,420,Chennai,Tamil Nadu,Low Risk / 3% Fraud Rate,M015,HomeSphere Appliances,Home Appliances,"Refrigerators, ACs & Kitchen Tech",Coimbatore,Saibaba Colony,Tamil Nadu,641011,11.0315,76.945,9,27500.0,09:30-21:00,"POS,EMI,CARD,UPI",Carding attacks with immediate in-store pickup,0.038,95,2964.44,INR,PURCHASE,UPI,MOBILE_APP,1,0,Chennai,15.0,0,0,1,DEV-MONISHA-IPHONE-15,mobile_ios,0,BEN-CUST_MONISHA_001-TRUSTED,Trusted Household Vendor,8,0,3,20,0,0,0,None,Resolved Genuine,Standard Habitual Purchase,0
TXN-CUST_MONISHA_001-10605,2026-08-01 18:02:05,2026-08-01,18:02:05,18,5,1,0,CUST_MONISHA_001,420,Chennai,Tamil Nadu,Low Risk / 3% Fraud Rate,M011,SkyTrail Travels,Travel Agency,Flight & International Tour Packages,Coimbatore,Gandhipuram,Tamil Nadu,641012,11.0183,76.9664,11,44000.0,09:00-20:00,"ONLINE,TRANSFER,CARD",Mule-account ticket arbitrage & fast cancellation fraud,0.052,130,2203.69,INR,PURCHASE,CARD,MOBILE_APP,0,0,Chennai,10.0,0,0,1,DEV-MONISHA-IPHONE-15,mobile_ios,0,BEN-CUST_MONISHA_001-TRUSTED,Trusted Household Vendor,15,0,4,22,0,0,0,None,Resolved Genuine,Standard Habitual Purchase,0
TXN-CUST_MONISHA_001-10606,2026-08-01 19:27:39,2026-08-01,19:27:39,19,5,1,0,CUST_MONISHA_001,420,Chennai,Tamil Nadu,Low Risk / 3% Fraud Rate,M015,HomeSphere Appliances,Home Appliances,"Refrigerators, ACs & Kitchen Tech",Coimbatore,Saibaba Colony,Tamil Nadu,641011,11.0315,76.945,9,27500.0,09:30-21:00,"POS,EMI,CARD,UPI",Carding attacks with immediate in-store pickup,0.038,95,1827.15,INR,PURCHASE,POS,MOBILE_APP,1,0,Chennai,7.0,0,0,1,DEV-MONISHA-IPHONE-15,mobile_ios,0,BEN-CUST_MONISHA_001-TRUSTED,Trusted Household Vendor,7,1,1,14,0,0,0,None,Resolved Genuine,Standard Habitual Purchase,0
TXN-CUST_MONISHA_001-10607,2026-08-01 20:51:52,2026-08-01,20:51:52,20,5,1,0,CUST_MONISHA_001,420,Chennai,Tamil Nadu,Low Risk / 3% Fraud Rate,M029,CloudDesk Digital,Software / Digital Services,Cloud Infrastructure & SaaS Tools,Bengaluru,Whitefield,Karnataka,560066,12.9698,77.7499,7,19800.0,24_HOURS,"ONLINE,CARD,TRANSFER",Cryptomining VM rental with stolen credit cards,0.058,145,1486.31,INR,PURCHASE,ONLINE,MOBILE_APP,0,0,Chennai,5.0,0,0,1,DEV-MONISHA-IPHONE-15,mobile_ios,0,BEN-CUST_MONISHA_001-TRUSTED,Trusted Household Vendor,8,0,2,14,0,0,0,None,Resolved Genuine,Standard Habitual Purchase,0
TXN-CUST_MONISHA_001-10608,2026-08-01 22:20:46,2026-08-01,22:20:46,22,5,1,0,CUST_MONISHA_001,420,Chennai,Tamil Nadu,Low Risk / 3% Fraud Rate,M017,AutoForge Parts,Spare Parts,OEM Industrial & Auto Components,Hosur,Mookandapalli,Tamil Nadu,635126,12.7409,77.8253,15,16500.0,09:00-19:30,"TRANSFER,POS,CARD",Business email compromise / fake beneficiary update,0.033,82,2081.8,INR,PURCHASE,POS,MOBILE_APP,1,0,Chennai,15.0,0,0,1,DEV-MONISHA-IPHONE-15,mobile_ios,0,BEN-CUST_MONISHA_001-TRUSTED,Trusted Household Vendor,3,0,1,11,0,0,0,None,Resolved Genuine,Standard Habitual Purchase,0
TXN-CUST_MONISHA_001-10609,2026-08-01 23:45:07,2026-08-01,23:45:07,23,5,1,1,CUST_MONISHA_001,420,Chennai,Tamil Nadu,Low Risk / 3% Fraud Rate,M009,RapidFuel Station,Fuel Station,"Petrol, Diesel & EV Fast Charge",Salem,Fairlands,Tamil Nadu,636016,11.6643,78.146,9,3100.0,24_HOURS,"POS,FLEET_CARD,UPI",Automated fleet card skimming,0.024,60,1638.97,INR,PURCHASE,FLEET_CARD,MOBILE_APP,1,0,Chennai,10.0,0,0,1,DEV-MONISHA-IPHONE-15,mobile_ios,0,BEN-CUST_MONISHA_001-TRUSTED,Trusted Household Vendor,15,0,3,15,0,0,0,None,Resolved Genuine,Standard Habitual Purchase,0
TXN-CUST_MONISHA_001-10610,2026-08-02 01:11:56,2026-08-02,01:11:56,1,6,1,1,CUST_MONISHA_001,420,Chennai,Tamil Nadu,Low Risk / 3% Fraud Rate,M019,ArenaSport World,Sports Retail,Fitness Equipment & Sports Wear,Chennai,Nungambakkam,Tamil Nadu,600034,13.0604,80.2405,6,5600.0,10:00-21:30,"POS,ONLINE,UPI,CARD",Stolen card chargeback on premium sports gear,0.026,65,2927.84,INR,PURCHASE,CARD,MOBILE_APP,1,0,Chennai,12.0,0,0,1,DEV-MONISHA-IPHONE-15,mobile_ios,0,BEN-CUST_MONISHA_001-TRUSTED,Trusted Household Vendor,15,1,3,16,0,0,0,None,Resolved Genuine,Standard Habitual Purchase,0
TXN-CUST_MONISHA_001-10611,2026-08-02 02:38:16,2026-08-02,02:38:16,2,6,1,1,CUST_MONISHA_001,420,Chennai,Tamil Nadu,Low Risk / 3% Fraud Rate,M029,CloudDesk Digital,Software / Digital Services,Cloud Infrastructure & SaaS Tools,Bengaluru,Whitefield,Karnataka,560066,12.9698,77.7499,7,19800.0,24_HOURS,"ONLINE,CARD,TRANSFER",Cryptomining VM rental with stolen credit cards,0.058,145,2393.65,INR,PURCHASE,TRANSFER,MOBILE_APP,0,0,Chennai,10.0,0,0,1,DEV-MONISHA-IPHONE-15,mobile_ios,0,BEN-CUST_MONISHA_001-TRUSTED,Trusted Household Vendor,12,0,1,10,0,0,0,None,Resolved Genuine,Standard Habitual Purchase,0
TXN-CUST_MONISHA_001-10612,2026-08-02 04:01:53,2026-08-02,04:01:53,4,6,1,1,CUST_MONISHA_001,420,Chennai,Tamil Nadu,Low Risk / 3% Fraud Rate,M026,GreenLeaf Wellness,Health & Wellness,Organic Nutrition & Ayurveda,Trichy,Srirangam,Tamil Nadu,620006,10.8624,78.6947,6,2100.0,08:00-21:00,"POS,UPI,ONLINE,CARD",Subscription card stuffing,0.013,32,2128.5,INR,PURCHASE,CARD,MOBILE_APP,1,0,Chennai,2.0,0,0,1,DEV-MONISHA-IPHONE-15,mobile_ios,0,BEN-CUST_MONISHA_001-TRUSTED,Trusted Household Vendor,8,0,3,20,0,0,0,None,Resolved Genuine,Standard Habitual Purchase,0
TXN-CUST_MONISHA_001-10613,2026-08-02 05:30:52,2026-08-02,05:30:52,5,6,1,1,CUST_MONISHA_001,420,Chennai,Tamil Nadu,Low Risk / 3% Fraud Rate,M004,Aurelia Gold House,Jewellery,Gold & Diamond Jewellery,Coimbatore,RS Puram,Tamil Nadu,641002,11.0089,76.9514,14,78000.0,10:00-20:30,"POS,CARD,TRANSFER",Account takeover / card-not-present luxury surge,0.065,162,2815.3,INR,PURCHASE,TRANSFER,MOBILE_APP,1,0,Chennai,4.0,0,0,1,DEV-MONISHA-IPHONE-15,mobile_ios,0,BEN-CUST_MONISHA_001-TRUSTED,Trusted Household Vendor,13,0,1,12,0,0,0,None,Resolved Genuine,Standard Habitual Purchase,0
TXN-CUST_MONISHA_001-10614,2026-08-02 06:54:36,2026-08-02,06:54:36,6,6,1,0,CUST_MONISHA_001,420,Chennai,Tamil Nadu,Low Risk / 3% Fraud Rate,M017,AutoForge Parts,Spare Parts,OEM Industrial & Auto Components,Hosur,Mookandapalli,Tamil Nadu,635126,12.7409,77.8253,15,16500.0,09:00-19:30,"TRANSFER,POS,CARD",Business email compromise / fake beneficiary update,0.033,82,876.37,INR,PURCHASE,CARD,MOBILE_APP,1,0,Chennai,9.0,0,0,1,DEV-MONISHA-IPHONE-15,mobile_ios,0,BEN-CUST_MONISHA_001-TRUSTED,Trusted Household Vendor,11,0,3,17,0,0,0,None,Resolved Genuine,Standard Habitual Purchase,0
TXN-CUST_MONISHA_001-10615,2026-08-02 08:18:55,2026-08-02,08:18:55,8,6,1,0,CUST_MONISHA_001,420,Chennai,Tamil Nadu,Low Risk / 3% Fraud Rate,M022,SkillSpring Academy,Education / Training,Professional Certifications & Tech Bootcamps,Chennai,Mylapore,Tamil Nadu,600004,13.0368,80.2676,8,22000.0,08:30-19:30,"ONLINE,NETBANKING,CARD,UPI",Stolen corporate card enrollments,0.028,70,2491.89,INR,PURCHASE,UPI,MOBILE_APP,0,0,Chennai,7.0,0,0,1,DEV-MONISHA-IPHONE-15,mobile_ios,0,BEN-CUST_MONISHA_001-TRUSTED,Trusted Household Vendor,6,0,1,10,0,0,0,None,Resolved Genuine,Standard Habitual Purchase,0
TXN-CUST_MONISHA_001-10616,2026-08-02 09:47:02,2026-08-02,09:47:02,9,6,1,0,CUST_MONISHA_001,420,Chennai,Tamil Nadu,Low Risk / 3% Fraud Rate,M005,UrbanThread Studio,Fashion / Apparel,Designer & Ready-to-wear,Chennai,Anna Nagar,Tamil Nadu,600040,13.085,80.2101,5,4800.0,10:30-22:00,"POS,ONLINE,UPI,CARD",Refund abuse / credential stuffing,0.022,55,1089.32,INR,PURCHASE,CARD,MOBILE_APP,1,0,Chennai,2.0,0,0,1,DEV-MONISHA-IPHONE-15,mobile_ios,0,BEN-CUST_MONISHA_001-TRUSTED,Trusted Household Vendor,11,0,1,10,0,0,0,None,Resolved Genuine,Standard Habitual Purchase,0
TXN-CUST_MONISHA_001-10617,2026-08-02 11:10:56,2026-08-02,11:10:56,11,6,1,0,CUST_MONISHA_001,420,Chennai,Tamil Nadu,Low Risk / 3% Fraud Rate,M017,AutoForge Parts,Spare Parts,OEM Industrial & Auto Components,Hosur,Mookandapalli,Tamil Nadu,635126,12.7409,77.8253,15,16500.0,09:00-19:30,"TRANSFER,POS,CARD",Business email compromise / fake beneficiary update,0.033,82,1796.71,INR,PURCHASE,CARD,MOBILE_APP,1,0,Chennai,12.0,0,0,1,DEV-MONISHA-IPHONE-15,mobile_ios,0,BEN-CUST_MONISHA_001-TRUSTED,Trusted Household Vendor,10,1,2,13,0,0,0,None,Resolved Genuine,Standard Habitual Purchase,0
TXN-CUST_MONISHA_001-10618,2026-08-02 12:37:16,2026-08-02,12:37:16,12,6,1,0,CUST_MONISHA_001,420,Chennai,Tamil Nadu,Low Risk / 3% Fraud Rate,M021,GlowCraft Salon,Salon / Beauty,Spa & Grooming Studio,Chennai,Porur,Tamil Nadu,600116,13.0382,80.1565,5,2800.0,09:00-21:00,"POS,UPI,CARD",Unusual late-night transaction spikes,0.011,27,2116.91,INR,PURCHASE,POS,MOBILE_APP,1,0,Chennai,9.0,0,0,1,DEV-MONISHA-IPHONE-15,mobile_ios,0,BEN-CUST_MONISHA_001-TRUSTED,Trusted Household Vendor,6,0,2,14,0,0,0,None,Resolved Genuine,Standard Habitual Purchase,0
TXN-CUST_MONISHA_001-10619,2026-08-02 14:05:20,2026-08-02,14:05:20,14,6,1,0,CUST_MONISHA_001,420,Chennai,Tamil Nadu,Low Risk / 3% Fraud Rate,M011,SkyTrail Travels,Travel Agency,Flight & International Tour Packages,Coimbatore,Gandhipuram,Tamil Nadu,641012,11.0183,76.9664,11,44000.0,09:00-20:00,"ONLINE,TRANSFER,CARD",Mule-account ticket arbitrage & fast cancellation fraud,0.052,130,2382.29,INR,PURCHASE,TRANSFER,MOBILE_APP,0,0,Chennai,10.0,0,0,1,DEV-MONISHA-IPHONE-15,mobile_ios,0,BEN-CUST_MONISHA_001-TRUSTED,Trusted Household Vendor,9,1,4,23,0,0,0,None,Resolved Genuine,Standard Habitual Purchase,0
TXN-CUST_MONISHA_001-10620,2026-08-02 15:29:52,2026-08-02,15:29:52,15,6,1,0,CUST_MONISHA_001,420,Chennai,Tamil Nadu,Low Risk / 3% Fraud Rate,M012,DashDine Delivery,Food Delivery,Quick Commerce & Meal Delivery,Chennai,Sholinganallur,Tamil Nadu,600119,12.901,80.2279,4,520.0,06:00-02:00,"UPI,CARD,ONLINE,WALLET",Promo code abuse / stolen wallet balances,0.014,35,2169.67,INR,PURCHASE,WALLET,MOBILE_APP,0,0,Chennai,1.0,0,0,1,DEV-MONISHA-IPHONE-15,mobile_ios,0,BEN-CUST_MONISHA_001-TRUSTED,Trusted Household Vendor,8,0,2,12,0,0,0,None,Resolved Genuine,Standard Habitual Purchase,0
TXN-CUST_MONISHA_001-10621,2026-08-02 16:55:55,2026-08-02,16:55:55,16,6,1,0,CUST_MONISHA_001,420,Chennai,Tamil Nadu,Low Risk / 3% Fraud Rate,M027,BrickHarbor Realty,Real Estate / Property Services,Rental Escrow & Facility Management,Chennai,Porur,Tamil Nadu,600116,13.035,80.16,11,65000.0,09:00-19:00,"TRANSFER,NETBANKING,CARD",Security deposit phishing / escrow hijacking,0.039,97,1326.37,INR,PURCHASE,CARD,MOBILE_APP,0,0,Chennai,11.0,0,0,1,DEV-MONISHA-IPHONE-15,mobile_ios,0,BEN-CUST_MONISHA_001-TRUSTED,Trusted Household Vendor,4,0,1,6,0,0,0,None,Resolved Genuine,Standard Habitual Purchase,0
TXN-CUST_MONISHA_001-10622,2026-08-02 18:20:46,2026-08-02,18:20:46,18,6,1,0,CUST_MONISHA_001,420,Chennai,Tamil Nadu,Low Risk / 3% Fraud Rate,M020,GameGrid Arena,Gaming,"Esports, Consoles & Virtual Credits",Bengaluru,Koramangala,Karnataka,560095,12.9352,77.6245,4,3400.0,10:00-01:00,"ONLINE,UPI,CARD,WALLET",Virtual item laundering & bot-driven micro transactions,0.055,137,2948.55,INR,PURCHASE,CARD,MOBILE_APP,0,0,Chennai,14.0,0,0,1,DEV-MONISHA-IPHONE-15,mobile_ios,0,BEN-CUST_MONISHA_001-TRUSTED,Trusted Household Vendor,3,0,3,15,0,0,0,None,Resolved Genuine,Standard Habitual Purchase,0
TXN-CUST_MONISHA_001-10623,2026-08-02 19:46:00,2026-08-02,19:46:00,19,6,1,0,CUST_MONISHA_001,420,Chennai,Tamil Nadu,Low Risk / 3% Fraud Rate,M016,MotoCare Garage,Auto Service,Car Service & Detailing Hub,Chennai,Pallikaranai,Tamil Nadu,600100,12.9372,80.2014,7,8900.0,08:30-20:30,"POS,UPI,CARD",Over-invoicing / synthetic card payments,0.021,52,833.23,INR,PURCHASE,CARD,MOBILE_APP,1,0,Chennai,4.0,0,0,1,DEV-MONISHA-IPHONE-15,mobile_ios,0,BEN-CUST_MONISHA_001-TRUSTED,Trusted Household Vendor,6,0,2,18,0,0,0,None,Resolved Genuine,Standard Habitual Purchase,0
TXN-CUST_MONISHA_001-10624,2026-08-02 21:13:54,2026-08-02,21:13:54,21,6,1,0,CUST_MONISHA_001,420,Chennai,Tamil Nadu,Low Risk / 3% Fraud Rate,M018,PageTurn Book House,Bookstore,"Academic, Fiction & Stationery",Trichy,Thillai Nagar,Tamil Nadu,620018,10.8282,78.6854,16,850.0,09:00-21:30,"POS,UPI,CARD,ONLINE",Low-value card testing bots,0.008,20,1910.28,INR,PURCHASE,POS,MOBILE_APP,1,0,Chennai,12.0,0,0,1,DEV-MONISHA-IPHONE-15,mobile_ios,0,BEN-CUST_MONISHA_001-TRUSTED,Trusted Household Vendor,9,0,1,10,0,0,0,None,Resolved Genuine,Standard Habitual Purchase,0
TXN-CUST_MONISHA_001-10625,2026-08-02 22:38:20,2026-08-02,22:38:20,22,6,1,0,CUST_MONISHA_001,420,Chennai,Tamil Nadu,Low Risk / 3% Fraud Rate,M010,HarborView Residency,Hotel / Hospitality,Business & Luxury Hotel,Chennai,OMR,Tamil Nadu,600096,12.9165,80.2285,6,9500.0,24_HOURS,"ONLINE,POS,CARD,TRANSFER",Online travel booking fraud with stolen corporate credentials,0.041,102,1249.63,INR,PURCHASE,ONLINE,MOBILE_APP,1,0,Chennai,12.0,0,0,1,DEV-MONISHA-IPHONE-15,mobile_ios,0,BEN-CUST_MONISHA_001-TRUSTED,Trusted Household Vendor,10,0,1,7,0,0,0,None,Resolved Genuine,Standard Habitual Purchase,0
TXN-CUST_MONISHA_001-10626,2026-08-03 00:04:04,2026-08-03,00:04:04,0,0,0,1,CUST_MONISHA_001,420,Chennai,Tamil Nadu,Low Risk / 3% Fraud Rate,M009,RapidFuel Station,Fuel Station,"Petrol, Diesel & EV Fast Charge",Salem,Fairlands,Tamil Nadu,636016,11.6643,78.146,9,3100.0,24_HOURS,"POS,FLEET_CARD,UPI",Automated fleet card skimming,0.024,60,2331.38,INR,PURCHASE,FLEET_CARD,MOBILE_APP,1,0,Chennai,15.0,0,0,1,DEV-MONISHA-IPHONE-15,mobile_ios,0,BEN-CUST_MONISHA_001-TRUSTED,Trusted Household Vendor,3,0,1,12,0,0,0,None,Resolved Genuine,Standard Habitual Purchase,0
TXN-CUST_MONISHA_001-10627,2026-08-03 01:28:51,2026-08-03,01:28:51,1,0,0,1,CUST_MONISHA_001,420,Chennai,Tamil Nadu,Low Risk / 3% Fraud Rate,M013,CartNest Online,E-commerce,Multi-category Marketplace,Chennai,Guindy,Tamil Nadu,600032,13.0067,80.2026,5,6200.0,24_HOURS,"ONLINE,UPI,CARD,NETBANKING",Account takeover + triangulation shipping fraud,0.045,112,1969.98,INR,PURCHASE,ONLINE,MOBILE_APP,0,0,Chennai,12.0,0,0,1,DEV-MONISHA-IPHONE-15,mobile_ios,0,BEN-CUST_MONISHA_001-TRUSTED,Trusted Household Vendor,10,1,3,16,0,0,0,None,Resolved Genuine,Standard Habitual Purchase,0
TXN-CUST_MONISHA_001-10628,2026-08-03 02:53:26,2026-08-03,02:53:26,2,0,0,1,CUST_MONISHA_001,420,Chennai,Tamil Nadu,Low Risk / 3% Fraud Rate,M015,HomeSphere Appliances,Home Appliances,"Refrigerators, ACs & Kitchen Tech",Coimbatore,Saibaba Colony,Tamil Nadu,641011,11.0315,76.945,9,27500.0,09:30-21:00,"POS,EMI,CARD,UPI",Carding attacks with immediate in-store pickup,0.038,95,2092.01,INR,PURCHASE,CARD,MOBILE_APP,1,0,Chennai,12.0,0,0,1,DEV-MONISHA-IPHONE-15,mobile_ios,0,BEN-CUST_MONISHA_001-TRUSTED,Trusted Household Vendor,11,1,2,15,0,0,0,None,Resolved Genuine,Standard Habitual Purchase,0
TXN-CUST_MONISHA_001-10629,2026-08-03 04:19:47,2026-08-03,04:19:47,4,0,0,1,CUST_MONISHA_001,420,Chennai,Tamil Nadu,Low Risk / 3% Fraud Rate,M024,LinkWave Telecom,Telecom Retail,Fiber Broadband & Postpaid Plans,Erode,Perundurai Road,Tamil Nadu,638011,11.341,77.7172,10,1950.0,09:30-20:30,"UPI,CARD,ONLINE,POS",SIM swap bill recharge surges,0.017,42,1147.39,INR,PURCHASE,ONLINE,MOBILE_APP,1,0,Chennai,6.0,0,0,1,DEV-MONISHA-IPHONE-15,mobile_ios,0,BEN-CUST_MONISHA_001-TRUSTED,Trusted Household Vendor,13,0,3,17,0,0,0,None,Resolved Genuine,Standard Habitual Purchase,0
TXN-CUST_MONISHA_001-10630,2026-08-03 05:49:09,2026-08-03,05:49:09,5,0,0,1,CUST_MONISHA_001,420,Chennai,Tamil Nadu,Low Risk / 3% Fraud Rate,M017,AutoForge Parts,Spare Parts,OEM Industrial & Auto Components,Hosur,Mookandapalli,Tamil Nadu,635126,12.7409,77.8253,15,16500.0,09:00-19:30,"TRANSFER,POS,CARD",Business email compromise / fake beneficiary update,0.033,82,1425.56,INR,PURCHASE,CARD,MOBILE_APP,1,0,Chennai,1.0,0,0,1,DEV-MONISHA-IPHONE-15,mobile_ios,0,BEN-CUST_MONISHA_001-TRUSTED,Trusted Household Vendor,3,0,4,22,0,0,0,None,Resolved Genuine,Standard Habitual Purchase,0
TXN-CUST_MONISHA_001-10631,2026-08-03 07:13:55,2026-08-03,07:13:55,7,0,0,0,CUST_MONISHA_001,420,Chennai,Tamil Nadu,Low Risk / 3% Fraud Rate,M011,SkyTrail Travels,Travel Agency,Flight & International Tour Packages,Coimbatore,Gandhipuram,Tamil Nadu,641012,11.0183,76.9664,11,44000.0,09:00-20:00,"ONLINE,TRANSFER,CARD",Mule-account ticket arbitrage & fast cancellation fraud,0.052,130,2879.39,INR,PURCHASE,CARD,MOBILE_APP,0,0,Chennai,11.0,0,0,1,DEV-MONISHA-IPHONE-15,mobile_ios,0,BEN-CUST_MONISHA_001-TRUSTED,Trusted Household Vendor,11,1,4,21,0,0,0,None,Resolved Genuine,Standard Habitual Purchase,0
TXN-CUST_MONISHA_001-10632,2026-08-03 08:39:49,2026-08-03,08:39:49,8,0,0,0,CUST_MONISHA_001,420,Chennai,Tamil Nadu,Low Risk / 3% Fraud Rate,M019,ArenaSport World,Sports Retail,Fitness Equipment & Sports Wear,Chennai,Nungambakkam,Tamil Nadu,600034,13.0604,80.2405,6,5600.0,10:00-21:30,"POS,ONLINE,UPI,CARD",Stolen card chargeback on premium sports gear,0.026,65,1137.43,INR,PURCHASE,ONLINE,MOBILE_APP,1,0,Chennai,5.0,0,0,1,DEV-MONISHA-IPHONE-15,mobile_ios,0,BEN-CUST_MONISHA_001-TRUSTED,Trusted Household Vendor,10,0,3,17,0,0,0,None,Resolved Genuine,Standard Habitual Purchase,0
TXN-CUST_MONISHA_001-10633,2026-08-03 10:07:08,2026-08-03,10:07:08,10,0,0,0,CUST_MONISHA_001,420,Chennai,Tamil Nadu,Low Risk / 3% Fraud Rate,M019,ArenaSport World,Sports Retail,Fitness Equipment & Sports Wear,Chennai,Nungambakkam,Tamil Nadu,600034,13.0604,80.2405,6,5600.0,10:00-21:30,"POS,ONLINE,UPI,CARD",Stolen card chargeback on premium sports gear,0.026,65,2046.77,INR,PURCHASE,ONLINE,MOBILE_APP,1,0,Chennai,13.0,0,0,1,DEV-MONISHA-IPHONE-15,mobile_ios,0,BEN-CUST_MONISHA_001-TRUSTED,Trusted Household Vendor,7,0,2,16,0,0,0,None,Resolved Genuine,Standard Habitual Purchase,0
TXN-CUST_MONISHA_001-10634,2026-08-03 11:36:30,2026-08-03,11:36:30,11,0,0,0,CUST_MONISHA_001,420,Chennai,Tamil Nadu,Low Risk / 3% Fraud Rate,M025,ShieldSure Services,Insurance Services,General & Health Insurance Premium,Chennai,Egmore,Tamil Nadu,600008,13.0784,80.2607,13,14000.0,09:30-18:00,"ONLINE,NETBANKING,CARD",Premium diversion / fake policy payment slips,0.019,47,1119.66,INR,PURCHASE,ONLINE,MOBILE_APP,0,0,Chennai,15.0,0,0,1,DEV-MONISHA-IPHONE-15,mobile_ios,0,BEN-CUST_MONISHA_001-TRUSTED,Trusted Household Vendor,8,0,2,18,0,0,0,None,Resolved Genuine,Standard Habitual Purchase,0
TXN-CUST_MONISHA_001-10635,2026-08-03 13:03:06,2026-08-03,13:03:06,13,0,0,0,CUST_MONISHA_001,420,Chennai,Tamil Nadu,Low Risk / 3% Fraud Rate,M024,LinkWave Telecom,Telecom Retail,Fiber Broadband & Postpaid Plans,Erode,Perundurai Road,Tamil Nadu,638011,11.341,77.7172,10,1950.0,09:30-20:30,"UPI,CARD,ONLINE,POS",SIM swap bill recharge surges,0.017,42,1057.03,INR,PURCHASE,UPI,MOBILE_APP,1,0,Chennai,6.0,0,0,1,DEV-MONISHA-IPHONE-15,mobile_ios,0,BEN-CUST_MONISHA_001-TRUSTED,Trusted Household Vendor,14,0,2,15,0,0,0,None,Resolved Genuine,Standard Habitual Purchase,0
TXN-CUST_MONISHA_001-10636,2026-08-03 14:31:47,2026-08-03,14:31:47,14,0,0,0,CUST_MONISHA_001,420,Chennai,Tamil Nadu,Low Risk / 3% Fraud Rate,M014,OakLine Furnishings,Furniture,Teak Wood & Modern Home Decor,Madurai,Bypass Road,Tamil Nadu,625016,9.932,78.109,12,38000.0,10:00-21:00,"POS,CARD,TRANSFER,EMI",Invoice redirection fraud / fake payment slips,0.029,72,3029.2,INR,PURCHASE,CARD,MOBILE_APP,1,0,Chennai,5.0,0,0,1,DEV-MONISHA-IPHONE-15,mobile_ios,0,BEN-CUST_MONISHA_001-TRUSTED,Trusted Household Vendor,5,0,3,15,0,0,0,None,Resolved Genuine,Standard Habitual Purchase,0
TXN-CUST_MONISHA_001-10637,2026-08-03 15:55:58,2026-08-03,15:55:58,15,0,0,0,CUST_MONISHA_001,420,Chennai,Tamil Nadu,Low Risk / 3% Fraud Rate,M001,NovaMart Fresh,Grocery & Supermarket,Supermarket / Hypermarket,Chennai,T Nagar,Tamil Nadu,600017,13.0418,80.2341,8,1250.0,07:00-22:30,"POS,UPI,CARD,ONLINE",Card testing / micro-burst velocity,0.012,30,2564.13,INR,PURCHASE,UPI,MOBILE_APP,1,0,Chennai,10.0,0,0,1,DEV-MONISHA-IPHONE-15,mobile_ios,0,BEN-CUST_MONISHA_001-TRUSTED,Trusted Household Vendor,12,0,2,13,0,0,0,None,Resolved Genuine,Standard Habitual Purchase,0
TXN-CUST_MONISHA_001-10638,2026-08-03 17:23:30,2026-08-03,17:23:30,17,0,0,0,CUST_MONISHA_001,420,Chennai,Tamil Nadu,Low Risk / 3% Fraud Rate,M012,DashDine Delivery,Food Delivery,Quick Commerce & Meal Delivery,Chennai,Sholinganallur,Tamil Nadu,600119,12.901,80.2279,4,520.0,06:00-02:00,"UPI,CARD,ONLINE,WALLET",Promo code abuse / stolen wallet balances,0.014,35,965.97,INR,PURCHASE,ONLINE,MOBILE_APP,0,0,Chennai,13.0,0,0,1,DEV-MONISHA-IPHONE-15,mobile_ios,0,BEN-CUST_MONISHA_001-TRUSTED,Trusted Household Vendor,14,0,4,20,0,0,0,None,Resolved Genuine,Standard Habitual Purchase,0
TXN-CUST_MONISHA_001-10639,2026-08-03 18:52:00,2026-08-03,18:52:00,18,0,0,0,CUST_MONISHA_001,420,Chennai,Tamil Nadu,Low Risk / 3% Fraud Rate,M016,MotoCare Garage,Auto Service,Car Service & Detailing Hub,Chennai,Pallikaranai,Tamil Nadu,600100,12.9372,80.2014,7,8900.0,08:30-20:30,"POS,UPI,CARD",Over-invoicing / synthetic card payments,0.021,52,1888.8,INR,PURCHASE,POS,MOBILE_APP,1,0,Chennai,3.0,0,0,1,DEV-MONISHA-IPHONE-15,mobile_ios,0,BEN-CUST_MONISHA_001-TRUSTED,Trusted Household Vendor,9,1,1,10,0,0,0,None,Resolved Genuine,Standard Habitual Purchase,0
TXN-CUST_MONISHA_001-10640,2026-08-03 20:21:07,2026-08-03,20:21:07,20,0,0,0,CUST_MONISHA_001,420,Chennai,Tamil Nadu,Low Risk / 3% Fraud Rate,M008,BeanCircuit Cafe,Cafe,Specialty Coffee & Bakery,Bengaluru,Indiranagar,Karnataka,560038,12.9784,77.6408,3,650.0,07:30-23:00,"UPI,POS,CARD",QR code spoofing / fast velocity dining,0.009,22,2517.14,INR,PURCHASE,POS,MOBILE_APP,1,0,Chennai,4.0,0,0,1,DEV-MONISHA-IPHONE-15,mobile_ios,0,BEN-CUST_MONISHA_001-TRUSTED,Trusted Household Vendor,5,0,1,13,0,0,0,None,Resolved Genuine,Standard Habitual Purchase,0
TXN-CUST_MONISHA_001-10641,2026-08-03 21:48:38,2026-08-03,21:48:38,21,0,0,0,CUST_MONISHA_001,420,Chennai,Tamil Nadu,Low Risk / 3% Fraud Rate,M028,CraftCove Home Decor,Home Decor,Handicrafts & Art Pieces,Thanjavur,Medical College Road,Tamil Nadu,613004,10.7684,79.1245,8,7400.0,09:30-20:30,"POS,UPI,CARD,ONLINE",Cross-border tourist chargebacks,0.023,57,1850.66,INR,PURCHASE,ONLINE,MOBILE_APP,1,0,Chennai,4.0,0,0,1,DEV-MONISHA-IPHONE-15,mobile_ios,0,BEN-CUST_MONISHA_001-TRUSTED,Trusted Household Vendor,12,0,1,11,0,0,0,None,Resolved Genuine,Standard Habitual Purchase,0
TXN-CUST_MONISHA_001-10642,2026-08-03 23:14:24,2026-08-03,23:14:24,23,0,0,1,CUST_MONISHA_001,420,Chennai,Tamil Nadu,Low Risk / 3% Fraud Rate,M024,LinkWave Telecom,Telecom Retail,Fiber Broadband & Postpaid Plans,Erode,Perundurai Road,Tamil Nadu,638011,11.341,77.7172,10,1950.0,09:30-20:30,"UPI,CARD,ONLINE,POS",SIM swap bill recharge surges,0.017,42,2118.33,INR,PURCHASE,UPI,MOBILE_APP,1,0,Chennai,9.0,0,0,1,DEV-MONISHA-IPHONE-15,mobile_ios,0,BEN-CUST_MONISHA_001-TRUSTED,Trusted Household Vendor,11,0,1,13,0,0,0,None,Resolved Genuine,Standard Habitual Purchase,0
TXN-CUST_MONISHA_001-10643,2026-08-04 00:40:33,2026-08-04,00:40:33,0,1,0,1,CUST_MONISHA_001,420,Chennai,Tamil Nadu,Low Risk / 3% Fraud Rate,M029,CloudDesk Digital,Software / Digital Services,Cloud Infrastructure & SaaS Tools,Bengaluru,Whitefield,Karnataka,560066,12.9698,77.7499,7,19800.0,24_HOURS,"ONLINE,CARD,TRANSFER",Cryptomining VM rental with stolen credit cards,0.058,145,879.25,INR,PURCHASE,ONLINE,MOBILE_APP,0,0,Chennai,4.0,0,0,1,DEV-MONISHA-IPHONE-15,mobile_ios,0,BEN-CUST_MONISHA_001-TRUSTED,Trusted Household Vendor,14,0,4,26,0,0,0,None,Resolved Genuine,Standard Habitual Purchase,0
TXN-CUST_MONISHA_001-10644,2026-08-04 02:06:16,2026-08-04,02:06:16,2,1,0,1,CUST_MONISHA_001,420,Chennai,Tamil Nadu,Low Risk / 3% Fraud Rate,M025,ShieldSure Services,Insurance Services,General & Health Insurance Premium,Chennai,Egmore,Tamil Nadu,600008,13.0784,80.2607,13,14000.0,09:30-18:00,"ONLINE,NETBANKING,CARD",Premium diversion / fake policy payment slips,0.019,47,2255.72,INR,PURCHASE,NETBANKING,MOBILE_APP,0,0,Chennai,1.0,0,0,1,DEV-MONISHA-IPHONE-15,mobile_ios,0,BEN-CUST_MONISHA_001-TRUSTED,Trusted Household Vendor,9,1,4,22,0,0,0,None,Resolved Genuine,Standard Habitual Purchase,0
TXN-CUST_MONISHA_001-10645,2026-08-04 03:32:26,2026-08-04,03:32:26,3,1,0,1,CUST_MONISHA_001,420,Chennai,Tamil Nadu,Low Risk / 3% Fraud Rate,M014,OakLine Furnishings,Furniture,Teak Wood & Modern Home Decor,Madurai,Bypass Road,Tamil Nadu,625016,9.932,78.109,12,38000.0,10:00-21:00,"POS,CARD,TRANSFER,EMI",Invoice redirection fraud / fake payment slips,0.029,72,1468.94,INR,PURCHASE,EMI,MOBILE_APP,1,0,Chennai,15.0,0,0,1,DEV-MONISHA-IPHONE-15,mobile_ios,0,BEN-CUST_MONISHA_001-TRUSTED,Trusted Household Vendor,10,1,2,11,0,0,0,None,Resolved Genuine,Standard Habitual Purchase,0
TXN-CUST_MONISHA_001-10646,2026-08-04 05:00:10,2026-08-04,05:00:10,5,1,0,1,CUST_MONISHA_001,420,Chennai,Tamil Nadu,Low Risk / 3% Fraud Rate,M004,Aurelia Gold House,Jewellery,Gold & Diamond Jewellery,Coimbatore,RS Puram,Tamil Nadu,641002,11.0089,76.9514,14,78000.0,10:00-20:30,"POS,CARD,TRANSFER",Account takeover / card-not-present luxury surge,0.065,162,1200.67,INR,PURCHASE,CARD,MOBILE_APP,1,0,Chennai,10.0,0,0,1,DEV-MONISHA-IPHONE-15,mobile_ios,0,BEN-CUST_MONISHA_001-TRUSTED,Trusted Household Vendor,9,0,2,15,0,0,0,None,Resolved Genuine,Standard Habitual Purchase,0
TXN-CUST_MONISHA_001-10647,2026-08-04 06:26:17,2026-08-04,06:26:17,6,1,0,0,CUST_MONISHA_001,420,Chennai,Tamil Nadu,Low Risk / 3% Fraud Rate,M006,MedicoCare Pharmacy,Pharmacy,Medicines & Surgical Supplies,Madurai,KK Nagar,Tamil Nadu,625020,9.9252,78.1498,10,1450.0,24_HOURS,"POS,UPI,CARD,ONLINE",Nighttime micro card testing,0.015,37,1841.61,INR,PURCHASE,POS,MOBILE_APP,1,0,Chennai,15.0,0,0,1,DEV-MONISHA-IPHONE-15,mobile_ios,0,BEN-CUST_MONISHA_001-TRUSTED,Trusted Household Vendor,10,0,2,14,0,0,0,None,Resolved Genuine,Standard Habitual Purchase,0
TXN-CUST_MONISHA_001-10648,2026-08-04 07:51:37,2026-08-04,07:51:37,7,1,0,0,CUST_MONISHA_001,420,Chennai,Tamil Nadu,Low Risk / 3% Fraud Rate,M021,GlowCraft Salon,Salon / Beauty,Spa & Grooming Studio,Chennai,Porur,Tamil Nadu,600116,13.0382,80.1565,5,2800.0,09:00-21:00,"POS,UPI,CARD",Unusual late-night transaction spikes,0.011,27,2902.76,INR,PURCHASE,POS,MOBILE_APP,1,0,Chennai,13.0,0,0,1,DEV-MONISHA-IPHONE-15,mobile_ios,0,BEN-CUST_MONISHA_001-TRUSTED,Trusted Household Vendor,4,1,1,13,0,0,0,None,Resolved Genuine,Standard Habitual Purchase,0
TXN-CUST_MONISHA_001-10649,2026-08-04 09:18:49,2026-08-04,09:18:49,9,1,0,0,CUST_MONISHA_001,420,Chennai,Tamil Nadu,Low Risk / 3% Fraud Rate,M003,Pulse Mobile Hub,Mobile Store,Smartphones & Accessories,Chennai,Tambaram,Tamil Nadu,600045,12.9249,80.1278,4,18500.0,09:30-21:30,"POS,UPI,CARD",New device abuse / rapid checkout surge,0.035,87,2005.73,INR,PURCHASE,CARD,MOBILE_APP,1,0,Chennai,7.0,0,0,1,DEV-MONISHA-IPHONE-15,mobile_ios,0,BEN-CUST_MONISHA_001-TRUSTED,Trusted Household Vendor,9,0,2,16,0,0,0,None,Resolved Genuine,Standard Habitual Purchase,0
TXN-CUST_MONISHA_001-10650,2026-08-04 10:42:29,2026-08-04,10:42:29,10,1,0,0,CUST_MONISHA_001,420,Chennai,Tamil Nadu,Low Risk / 3% Fraud Rate,M006,MedicoCare Pharmacy,Pharmacy,Medicines & Surgical Supplies,Madurai,KK Nagar,Tamil Nadu,625020,9.9252,78.1498,10,1450.0,24_HOURS,"POS,UPI,CARD,ONLINE",Nighttime micro card testing,0.015,37,2914.67,INR,PURCHASE,UPI,MOBILE_APP,1,0,Chennai,10.0,0,0,1,DEV-MONISHA-IPHONE-15,mobile_ios,0,BEN-CUST_MONISHA_001-TRUSTED,Trusted Household Vendor,5,0,2,12,0,0,0,None,Resolved Genuine,Standard Habitual Purchase,0
TXN-CUST_MONISHA_001-10651,2026-08-04 12:10:30,2026-08-04,12:10:30,12,1,0,0,CUST_MONISHA_001,420,Chennai,Tamil Nadu,Low Risk / 3% Fraud Rate,M002,CircuitBay Electronics,Consumer Electronics,Laptops & Gadgets,Chennai,Velachery,Tamil Nadu,600042,12.9759,80.2212,6,32000.0,10:00-21:30,"POS,ONLINE,EMI,UPI",Stolen payment details / high-ticket electronics delivery,0.048,120,1761.82,INR,PURCHASE,ONLINE,MOBILE_APP,1,0,Chennai,5.0,0,0,1,DEV-MONISHA-IPHONE-15,mobile_ios,0,BEN-CUST_MONISHA_001-TRUSTED,Trusted Household Vendor,7,0,4,19,0,0,0,None,Resolved Genuine,Standard Habitual Purchase,0
TXN-CUST_MONISHA_001-10652,2026-08-04 13:39:18,2026-08-04,13:39:18,13,1,0,0,CUST_MONISHA_001,420,Chennai,Tamil Nadu,Low Risk / 3% Fraud Rate,M007,SpiceRoute Kitchen,Restaurant,Fine Dining & Chettinad,Chennai,Adyar,Tamil Nadu,600020,13.0012,80.2565,7,2200.0,11:30-23:30,"POS,UPI,CARD",Cloned card POS terminal replay,0.018,45,788.27,INR,PURCHASE,UPI,MOBILE_APP,1,0,Chennai,13.0,0,0,1,DEV-MONISHA-IPHONE-15,mobile_ios,0,BEN-CUST_MONISHA_001-TRUSTED,Trusted Household Vendor,10,0,4,26,0,0,0,None,Resolved Genuine,Standard Habitual Purchase,0
TXN-CUST_MONISHA_001-10653,2026-08-04 15:07:32,2026-08-04,15:07:32,15,1,0,0,CUST_MONISHA_001,420,Chennai,Tamil Nadu,Low Risk / 3% Fraud Rate,M020,GameGrid Arena,Gaming,"Esports, Consoles & Virtual Credits",Bengaluru,Koramangala,Karnataka,560095,12.9352,77.6245,4,3400.0,10:00-01:00,"ONLINE,UPI,CARD,WALLET",Virtual item laundering & bot-driven micro transactions,0.055,137,2845.52,INR,PURCHASE,WALLET,MOBILE_APP,0,0,Chennai,4.0,0,0,1,DEV-MONISHA-IPHONE-15,mobile_ios,0,BEN-CUST_MONISHA_001-TRUSTED,Trusted Household Vendor,10,0,4,25,0,0,0,None,Resolved Genuine,Standard Habitual Purchase,0
TXN-CUST_MONISHA_001-10654,2026-08-04 16:31:25,2026-08-04,16:31:25,16,1,0,0,CUST_MONISHA_001,420,Chennai,Tamil Nadu,Low Risk / 3% Fraud Rate,M020,GameGrid Arena,Gaming,"Esports, Consoles & Virtual Credits",Bengaluru,Koramangala,Karnataka,560095,12.9352,77.6245,4,3400.0,10:00-01:00,"ONLINE,UPI,CARD,WALLET",Virtual item laundering & bot-driven micro transactions,0.055,137,795.38,INR,PURCHASE,UPI,MOBILE_APP,0,0,Chennai,15.0,0,0,1,DEV-MONISHA-IPHONE-15,mobile_ios,0,BEN-CUST_MONISHA_001-TRUSTED,Trusted Household Vendor,3,0,2,12,0,0,0,None,Resolved Genuine,Standard Habitual Purchase,0
TXN-CUST_MONISHA_001-10655,2026-08-04 17:55:09,2026-08-04,17:55:09,17,1,0,0,CUST_MONISHA_001,420,Chennai,Tamil Nadu,Low Risk / 3% Fraud Rate,M012,DashDine Delivery,Food Delivery,Quick Commerce & Meal Delivery,Chennai,Sholinganallur,Tamil Nadu,600119,12.901,80.2279,4,520.0,06:00-02:00,"UPI,CARD,ONLINE,WALLET",Promo code abuse / stolen wallet balances,0.014,35,865.93,INR,PURCHASE,UPI,MOBILE_APP,0,0,Chennai,14.0,0,0,1,DEV-MONISHA-IPHONE-15,mobile_ios,0,BEN-CUST_MONISHA_001-TRUSTED,Trusted Household Vendor,8,1,3,14,0,0,0,None,Resolved Genuine,Standard Habitual Purchase,0
TXN-CUST_MONISHA_001-10656,2026-08-04 19:19:12,2026-08-04,19:19:12,19,1,0,0,CUST_MONISHA_001,420,Chennai,Tamil Nadu,Low Risk / 3% Fraud Rate,M006,MedicoCare Pharmacy,Pharmacy,Medicines & Surgical Supplies,Madurai,KK Nagar,Tamil Nadu,625020,9.9252,78.1498,10,1450.0,24_HOURS,"POS,UPI,CARD,ONLINE",Nighttime micro card testing,0.015,37,1157.52,INR,PURCHASE,CARD,MOBILE_APP,1,0,Chennai,5.0,0,0,1,DEV-MONISHA-IPHONE-15,mobile_ios,0,BEN-CUST_MONISHA_001-TRUSTED,Trusted Household Vendor,10,0,2,10,0,0,0,None,Resolved Genuine,Standard Habitual Purchase,0
TXN-CUST_MONISHA_001-10657,2026-08-04 20:43:09,2026-08-04,20:43:09,20,1,0,0,CUST_MONISHA_001,420,Chennai,Tamil Nadu,Low Risk / 3% Fraud Rate,M010,HarborView Residency,Hotel / Hospitality,Business & Luxury Hotel,Chennai,OMR,Tamil Nadu,600096,12.9165,80.2285,6,9500.0,24_HOURS,"ONLINE,POS,CARD,TRANSFER",Online travel booking fraud with stolen corporate credentials,0.041,102,1535.4,INR,PURCHASE,TRANSFER,MOBILE_APP,1,0,Chennai,15.0,0,0,1,DEV-MONISHA-IPHONE-15,mobile_ios,0,BEN-CUST_MONISHA_001-TRUSTED,Trusted Household Vendor,15,0,1,14,0,0,0,None,Resolved Genuine,Standard Habitual Purchase,0
TXN-CUST_MONISHA_001-10658,2026-08-04 22:06:57,2026-08-04,22:06:57,22,1,0,0,CUST_MONISHA_001,420,Chennai,Tamil Nadu,Low Risk / 3% Fraud Rate,M016,MotoCare Garage,Auto Service,Car Service & Detailing Hub,Chennai,Pallikaranai,Tamil Nadu,600100,12.9372,80.2014,7,8900.0,08:30-20:30,"POS,UPI,CARD",Over-invoicing / synthetic card payments,0.021,52,1094.84,INR,PURCHASE,UPI,MOBILE_APP,1,0,Chennai,12.0,0,0,1,DEV-MONISHA-IPHONE-15,mobile_ios,0,BEN-CUST_MONISHA_001-TRUSTED,Trusted Household Vendor,11,0,3,22,0,0,0,None,Resolved Genuine,Standard Habitual Purchase,0
TXN-CUST_MONISHA_001-10659,2026-08-04 23:31:36,2026-08-04,23:31:36,23,1,0,1,CUST_MONISHA_001,420,Chennai,Tamil Nadu,Low Risk / 3% Fraud Rate,M007,SpiceRoute Kitchen,Restaurant,Fine Dining & Chettinad,Chennai,Adyar,Tamil Nadu,600020,13.0012,80.2565,7,2200.0,11:30-23:30,"POS,UPI,CARD",Cloned card POS terminal replay,0.018,45,2212.21,INR,PURCHASE,CARD,MOBILE_APP,1,0,Chennai,2.0,0,0,1,DEV-MONISHA-IPHONE-15,mobile_ios,0,BEN-CUST_MONISHA_001-TRUSTED,Trusted Household Vendor,10,0,1,10,0,0,0,None,Resolved Genuine,Standard Habitual Purchase,0
TXN-CUST_MONISHA_001-10660,2026-08-05 00:57:34,2026-08-05,00:57:34,0,2,0,1,CUST_MONISHA_001,420,Chennai,Tamil Nadu,Low Risk / 3% Fraud Rate,M028,CraftCove Home Decor,Home Decor,Handicrafts & Art Pieces,Thanjavur,Medical College Road,Tamil Nadu,613004,10.7684,79.1245,8,7400.0,09:30-20:30,"POS,UPI,CARD,ONLINE",Cross-border tourist chargebacks,0.023,57,1520.58,INR,PURCHASE,ONLINE,MOBILE_APP,1,0,Chennai,9.0,0,0,1,DEV-MONISHA-IPHONE-15,mobile_ios,0,BEN-CUST_MONISHA_001-TRUSTED,Trusted Household Vendor,5,0,3,22,0,0,0,None,Resolved Genuine,Standard Habitual Purchase,0
TXN-CUST_MONISHA_001-10661,2026-08-05 02:25:21,2026-08-05,02:25:21,2,2,0,1,CUST_MONISHA_001,420,Chennai,Tamil Nadu,Low Risk / 3% Fraud Rate,M016,MotoCare Garage,Auto Service,Car Service & Detailing Hub,Chennai,Pallikaranai,Tamil Nadu,600100,12.9372,80.2014,7,8900.0,08:30-20:30,"POS,UPI,CARD",Over-invoicing / synthetic card payments,0.021,52,1932.46,INR,PURCHASE,UPI,MOBILE_APP,1,0,Chennai,3.0,0,0,1,DEV-MONISHA-IPHONE-15,mobile_ios,0,BEN-CUST_MONISHA_001-TRUSTED,Trusted Household Vendor,14,0,2,13,0,0,0,None,Resolved Genuine,Standard Habitual Purchase,0
TXN-CUST_MONISHA_001-10662,2026-08-05 03:48:45,2026-08-05,03:48:45,3,2,0,1,CUST_MONISHA_001,420,Chennai,Tamil Nadu,Low Risk / 3% Fraud Rate,M001,NovaMart Fresh,Grocery & Supermarket,Supermarket / Hypermarket,Chennai,T Nagar,Tamil Nadu,600017,13.0418,80.2341,8,1250.0,07:00-22:30,"POS,UPI,CARD,ONLINE",Card testing / micro-burst velocity,0.012,30,1867.83,INR,PURCHASE,ONLINE,MOBILE_APP,1,0,Chennai,13.0,0,0,1,DEV-MONISHA-IPHONE-15,mobile_ios,0,BEN-CUST_MONISHA_001-TRUSTED,Trusted Household Vendor,15,1,2,16,0,0,0,None,Resolved Genuine,Standard Habitual Purchase,0
TXN-CUST_MONISHA_001-10663,2026-08-05 05:12:26,2026-08-05,05:12:26,5,2,0,1,CUST_MONISHA_001,420,Chennai,Tamil Nadu,Low Risk / 3% Fraud Rate,M012,DashDine Delivery,Food Delivery,Quick Commerce & Meal Delivery,Chennai,Sholinganallur,Tamil Nadu,600119,12.901,80.2279,4,520.0,06:00-02:00,"UPI,CARD,ONLINE,WALLET",Promo code abuse / stolen wallet balances,0.014,35,2091.37,INR,PURCHASE,ONLINE,MOBILE_APP,0,0,Chennai,11.0,0,0,1,DEV-MONISHA-IPHONE-15,mobile_ios,0,BEN-CUST_MONISHA_001-TRUSTED,Trusted Household Vendor,14,0,2,14,0,0,0,None,Resolved Genuine,Standard Habitual Purchase,0
TXN-CUST_MONISHA_001-10664,2026-08-05 06:40:34,2026-08-05,06:40:34,6,2,0,0,CUST_MONISHA_001,420,Chennai,Tamil Nadu,Low Risk / 3% Fraud Rate,M010,HarborView Residency,Hotel / Hospitality,Business & Luxury Hotel,Chennai,OMR,Tamil Nadu,600096,12.9165,80.2285,6,9500.0,24_HOURS,"ONLINE,POS,CARD,TRANSFER",Online travel booking fraud with stolen corporate credentials,0.041,102,1482.66,INR,PURCHASE,CARD,MOBILE_APP,1,0,Chennai,9.0,0,0,1,DEV-MONISHA-IPHONE-15,mobile_ios,0,BEN-CUST_MONISHA_001-TRUSTED,Trusted Household Vendor,4,0,1,11,0,0,0,None,Resolved Genuine,Standard Habitual Purchase,0
TXN-CUST_MONISHA_001-10665,2026-08-05 08:06:21,2026-08-05,08:06:21,8,2,0,0,CUST_MONISHA_001,420,Chennai,Tamil Nadu,Low Risk / 3% Fraud Rate,M019,ArenaSport World,Sports Retail,Fitness Equipment & Sports Wear,Chennai,Nungambakkam,Tamil Nadu,600034,13.0604,80.2405,6,5600.0,10:00-21:30,"POS,ONLINE,UPI,CARD",Stolen card chargeback on premium sports gear,0.026,65,2221.42,INR,PURCHASE,UPI,MOBILE_APP,1,0,Chennai,1.0,0,0,1,DEV-MONISHA-IPHONE-15,mobile_ios,0,BEN-CUST_MONISHA_001-TRUSTED,Trusted Household Vendor,8,0,2,17,0,0,0,None,Resolved Genuine,Standard Habitual Purchase,0
TXN-CUST_MONISHA_001-10666,2026-08-05 09:35:14,2026-08-05,09:35:14,9,2,0,0,CUST_MONISHA_001,420,Chennai,Tamil Nadu,Low Risk / 3% Fraud Rate,M026,GreenLeaf Wellness,Health & Wellness,Organic Nutrition & Ayurveda,Trichy,Srirangam,Tamil Nadu,620006,10.8624,78.6947,6,2100.0,08:00-21:00,"POS,UPI,ONLINE,CARD",Subscription card stuffing,0.013,32,863.21,INR,PURCHASE,ONLINE,MOBILE_APP,1,0,Chennai,3.0,0,0,1,DEV-MONISHA-IPHONE-15,mobile_ios,0,BEN-CUST_MONISHA_001-TRUSTED,Trusted Household Vendor,11,0,4,25,0,0,0,None,Resolved Genuine,Standard Habitual Purchase,0
TXN-CUST_MONISHA_001-10667,2026-08-05 11:03:21,2026-08-05,11:03:21,11,2,0,0,CUST_MONISHA_001,420,Chennai,Tamil Nadu,Low Risk / 3% Fraud Rate,M014,OakLine Furnishings,Furniture,Teak Wood & Modern Home Decor,Madurai,Bypass Road,Tamil Nadu,625016,9.932,78.109,12,38000.0,10:00-21:00,"POS,CARD,TRANSFER,EMI",Invoice redirection fraud / fake payment slips,0.029,72,2951.03,INR,PURCHASE,TRANSFER,MOBILE_APP,1,0,Chennai,1.0,0,0,1,DEV-MONISHA-IPHONE-15,mobile_ios,0,BEN-CUST_MONISHA_001-TRUSTED,Trusted Household Vendor,12,0,3,22,0,0,0,None,Resolved Genuine,Standard Habitual Purchase,0
TXN-CUST_MONISHA_001-10668,2026-08-05 12:29:58,2026-08-05,12:29:58,12,2,0,0,CUST_MONISHA_001,420,Chennai,Tamil Nadu,Low Risk / 3% Fraud Rate,M007,SpiceRoute Kitchen,Restaurant,Fine Dining & Chettinad,Chennai,Adyar,Tamil Nadu,600020,13.0012,80.2565,7,2200.0,11:30-23:30,"POS,UPI,CARD",Cloned card POS terminal replay,0.018,45,2131.11,INR,PURCHASE,POS,MOBILE_APP,1,0,Chennai,6.0,0,0,1,DEV-MONISHA-IPHONE-15,mobile_ios,0,BEN-CUST_MONISHA_001-TRUSTED,Trusted Household Vendor,4,0,3,18,0,0,0,None,Resolved Genuine,Standard Habitual Purchase,0
TXN-CUST_MONISHA_001-10669,2026-08-05 13:58:24,2026-08-05,13:58:24,13,2,0,0,CUST_MONISHA_001,420,Chennai,Tamil Nadu,Low Risk / 3% Fraud Rate,M011,SkyTrail Travels,Travel Agency,Flight & International Tour Packages,Coimbatore,Gandhipuram,Tamil Nadu,641012,11.0183,76.9664,11,44000.0,09:00-20:00,"ONLINE,TRANSFER,CARD",Mule-account ticket arbitrage & fast cancellation fraud,0.052,130,3081.67,INR,PURCHASE,CARD,MOBILE_APP,0,0,Chennai,11.0,0,0,1,DEV-MONISHA-IPHONE-15,mobile_ios,0,BEN-CUST_MONISHA_001-TRUSTED,Trusted Household Vendor,12,0,2,16,0,0,0,None,Resolved Genuine,Standard Habitual Purchase,0
TXN-CUST_MONISHA_001-10670,2026-08-05 15:22:56,2026-08-05,15:22:56,15,2,0,0,CUST_MONISHA_001,420,Chennai,Tamil Nadu,Low Risk / 3% Fraud Rate,M004,Aurelia Gold House,Jewellery,Gold & Diamond Jewellery,Coimbatore,RS Puram,Tamil Nadu,641002,11.0089,76.9514,14,78000.0,10:00-20:30,"POS,CARD,TRANSFER",Account takeover / card-not-present luxury surge,0.065,162,2803.15,INR,PURCHASE,POS,MOBILE_APP,1,0,Chennai,13.0,0,0,1,DEV-MONISHA-IPHONE-15,mobile_ios,0,BEN-CUST_MONISHA_001-TRUSTED,Trusted Household Vendor,14,0,3,18,0,0,0,None,Resolved Genuine,Standard Habitual Purchase,0
TXN-CUST_MONISHA_001-10671,2026-08-05 16:48:49,2026-08-05,16:48:49,16,2,0,0,CUST_MONISHA_001,420,Chennai,Tamil Nadu,Low Risk / 3% Fraud Rate,M016,MotoCare Garage,Auto Service,Car Service & Detailing Hub,Chennai,Pallikaranai,Tamil Nadu,600100,12.9372,80.2014,7,8900.0,08:30-20:30,"POS,UPI,CARD",Over-invoicing / synthetic card payments,0.021,52,2832.29,INR,PURCHASE,CARD,MOBILE_APP,1,0,Chennai,6.0,0,0,1,DEV-MONISHA-IPHONE-15,mobile_ios,0,BEN-CUST_MONISHA_001-TRUSTED,Trusted Household Vendor,6,0,3,18,0,0,0,None,Resolved Genuine,Standard Habitual Purchase,0
TXN-CUST_MONISHA_001-10672,2026-08-05 18:13:16,2026-08-05,18:13:16,18,2,0,0,CUST_MONISHA_001,420,Chennai,Tamil Nadu,Low Risk / 3% Fraud Rate,M012,DashDine Delivery,Food Delivery,Quick Commerce & Meal Delivery,Chennai,Sholinganallur,Tamil Nadu,600119,12.901,80.2279,4,520.0,06:00-02:00,"UPI,CARD,ONLINE,WALLET",Promo code abuse / stolen wallet balances,0.014,35,2616.77,INR,PURCHASE,UPI,MOBILE_APP,0,0,Chennai,13.0,0,0,1,DEV-MONISHA-IPHONE-15,mobile_ios,0,BEN-CUST_MONISHA_001-TRUSTED,Trusted Household Vendor,10,0,1,13,0,0,0,None,Resolved Genuine,Standard Habitual Purchase,0
TXN-CUST_MONISHA_001-10673,2026-08-05 19:42:05,2026-08-05,19:42:05,19,2,0,0,CUST_MONISHA_001,420,Chennai,Tamil Nadu,Low Risk / 3% Fraud Rate,M005,UrbanThread Studio,Fashion / Apparel,Designer & Ready-to-wear,Chennai,Anna Nagar,Tamil Nadu,600040,13.085,80.2101,5,4800.0,10:30-22:00,"POS,ONLINE,UPI,CARD",Refund abuse / credential stuffing,0.022,55,1225.1,INR,PURCHASE,UPI,MOBILE_APP,1,0,Chennai,15.0,0,0,1,DEV-MONISHA-IPHONE-15,mobile_ios,0,BEN-CUST_MONISHA_001-TRUSTED,Trusted Household Vendor,15,0,3,16,0,0,0,None,Resolved Genuine,Standard Habitual Purchase,0
TXN-CUST_MONISHA_001-10674,2026-08-05 21:10:07,2026-08-05,21:10:07,21,2,0,0,CUST_MONISHA_001,420,Chennai,Tamil Nadu,Low Risk / 3% Fraud Rate,M004,Aurelia Gold House,Jewellery,Gold & Diamond Jewellery,Coimbatore,RS Puram,Tamil Nadu,641002,11.0089,76.9514,14,78000.0,10:00-20:30,"POS,CARD,TRANSFER",Account takeover / card-not-present luxury surge,0.065,162,2703.8,INR,PURCHASE,TRANSFER,MOBILE_APP,1,0,Chennai,9.0,0,0,1,DEV-MONISHA-IPHONE-15,mobile_ios,0,BEN-CUST_MONISHA_001-TRUSTED,Trusted Household Vendor,6,0,2,10,0,0,0,None,Resolved Genuine,Standard Habitual Purchase,0
TXN-CUST_MONISHA_001-10675,2026-08-05 22:36:16,2026-08-05,22:36:16,22,2,0,0,CUST_MONISHA_001,420,Chennai,Tamil Nadu,Low Risk / 3% Fraud Rate,M023,SwiftBox Logistics,Courier / Logistics,Express Parcel & Freight Delivery,Tiruppur,Avinashi Road,Tamil Nadu,641603,11.1085,77.3411,9,4200.0,08:00-21:00,"POS,UPI,CARD,ONLINE",Interception fraud / address redirection,0.02,50,2803.66,INR,PURCHASE,POS,MOBILE_APP,1,0,Chennai,2.0,0,0,1,DEV-MONISHA-IPHONE-15,mobile_ios,0,BEN-CUST_MONISHA_001-TRUSTED,Trusted Household Vendor,13,1,1,11,0,0,0,None,Resolved Genuine,Standard Habitual Purchase,0
TXN-CUST_MONISHA_001-10676,2026-08-06 00:02:28,2026-08-06,00:02:28,0,3,0,1,CUST_MONISHA_001,420,Chennai,Tamil Nadu,Low Risk / 3% Fraud Rate,M002,CircuitBay Electronics,Consumer Electronics,Laptops & Gadgets,Chennai,Velachery,Tamil Nadu,600042,12.9759,80.2212,6,32000.0,10:00-21:30,"POS,ONLINE,EMI,UPI",Stolen payment details / high-ticket electronics delivery,0.048,120,1021.26,INR,PURCHASE,EMI,MOBILE_APP,1,0,Chennai,13.0,0,0,1,DEV-MONISHA-IPHONE-15,mobile_ios,0,BEN-CUST_MONISHA_001-TRUSTED,Trusted Household Vendor,3,0,3,17,0,0,0,None,Resolved Genuine,Standard Habitual Purchase,0
TXN-CUST_MONISHA_001-10677,2026-08-06 01:27:47,2026-08-06,01:27:47,1,3,0,1,CUST_MONISHA_001,420,Chennai,Tamil Nadu,Low Risk / 3% Fraud Rate,M007,SpiceRoute Kitchen,Restaurant,Fine Dining & Chettinad,Chennai,Adyar,Tamil Nadu,600020,13.0012,80.2565,7,2200.0,11:30-23:30,"POS,UPI,CARD",Cloned card POS terminal replay,0.018,45,1450.57,INR,PURCHASE,POS,MOBILE_APP,1,0,Chennai,9.0,0,0,1,DEV-MONISHA-IPHONE-15,mobile_ios,0,BEN-CUST_MONISHA_001-TRUSTED,Trusted Household Vendor,13,0,4,22,0,0,0,None,Resolved Genuine,Standard Habitual Purchase,0
TXN-CUST_MONISHA_001-10678,2026-08-06 02:52:05,2026-08-06,02:52:05,2,3,0,1,CUST_MONISHA_001,420,Chennai,Tamil Nadu,Low Risk / 3% Fraud Rate,M009,RapidFuel Station,Fuel Station,"Petrol, Diesel & EV Fast Charge",Salem,Fairlands,Tamil Nadu,636016,11.6643,78.146,9,3100.0,24_HOURS,"POS,FLEET_CARD,UPI",Automated fleet card skimming,0.024,60,1047.84,INR,PURCHASE,UPI,MOBILE_APP,1,0,Chennai,10.0,0,0,1,DEV-MONISHA-IPHONE-15,mobile_ios,0,BEN-CUST_MONISHA_001-TRUSTED,Trusted Household Vendor,6,0,1,11,0,0,0,None,Resolved Genuine,Standard Habitual Purchase,0
TXN-CUST_MONISHA_001-10679,2026-08-06 04:18:47,2026-08-06,04:18:47,4,3,0,1,CUST_MONISHA_001,420,Chennai,Tamil Nadu,Low Risk / 3% Fraud Rate,M009,RapidFuel Station,Fuel Station,"Petrol, Diesel & EV Fast Charge",Salem,Fairlands,Tamil Nadu,636016,11.6643,78.146,9,3100.0,24_HOURS,"POS,FLEET_CARD,UPI",Automated fleet card skimming,0.024,60,1111.24,INR,PURCHASE,POS,MOBILE_APP,1,0,Chennai,12.0,0,0,1,DEV-MONISHA-IPHONE-15,mobile_ios,0,BEN-CUST_MONISHA_001-TRUSTED,Trusted Household Vendor,5,0,2,14,0,0,0,None,Resolved Genuine,Standard Habitual Purchase,0
TXN-CUST_MONISHA_001-10680,2026-08-06 05:45:52,2026-08-06,05:45:52,5,3,0,1,CUST_MONISHA_001,420,Chennai,Tamil Nadu,Low Risk / 3% Fraud Rate,M011,SkyTrail Travels,Travel Agency,Flight & International Tour Packages,Coimbatore,Gandhipuram,Tamil Nadu,641012,11.0183,76.9664,11,44000.0,09:00-20:00,"ONLINE,TRANSFER,CARD",Mule-account ticket arbitrage & fast cancellation fraud,0.052,130,2044.95,INR,PURCHASE,ONLINE,MOBILE_APP,0,0,Chennai,1.0,0,0,1,DEV-MONISHA-IPHONE-15,mobile_ios,0,BEN-CUST_MONISHA_001-TRUSTED,Trusted Household Vendor,13,1,4,19,0,0,0,None,Resolved Genuine,Standard Habitual Purchase,0
TXN-CUST_MONISHA_001-10681,2026-08-06 07:11:34,2026-08-06,07:11:34,7,3,0,0,CUST_MONISHA_001,420,Chennai,Tamil Nadu,Low Risk / 3% Fraud Rate,M003,Pulse Mobile Hub,Mobile Store,Smartphones & Accessories,Chennai,Tambaram,Tamil Nadu,600045,12.9249,80.1278,4,18500.0,09:30-21:30,"POS,UPI,CARD",New device abuse / rapid checkout surge,0.035,87,1777.93,INR,PURCHASE,UPI,MOBILE_APP,1,0,Chennai,3.0,0,0,1,DEV-MONISHA-IPHONE-15,mobile_ios,0,BEN-CUST_MONISHA_001-TRUSTED,Trusted Household Vendor,12,0,4,22,0,0,0,None,Resolved Genuine,Standard Habitual Purchase,0
TXN-CUST_MONISHA_001-10682,2026-08-06 08:36:58,2026-08-06,08:36:58,8,3,0,0,CUST_MONISHA_001,420,Chennai,Tamil Nadu,Low Risk / 3% Fraud Rate,M007,SpiceRoute Kitchen,Restaurant,Fine Dining & Chettinad,Chennai,Adyar,Tamil Nadu,600020,13.0012,80.2565,7,2200.0,11:30-23:30,"POS,UPI,CARD",Cloned card POS terminal replay,0.018,45,2448.18,INR,PURCHASE,UPI,MOBILE_APP,1,0,Chennai,11.0,0,0,1,DEV-MONISHA-IPHONE-15,mobile_ios,0,BEN-CUST_MONISHA_001-TRUSTED,Trusted Household Vendor,15,0,1,8,0,0,0,None,Resolved Genuine,Standard Habitual Purchase,0
TXN-CUST_MONISHA_001-10683,2026-08-06 10:00:55,2026-08-06,10:00:55,10,3,0,0,CUST_MONISHA_001,420,Chennai,Tamil Nadu,Low Risk / 3% Fraud Rate,M026,GreenLeaf Wellness,Health & Wellness,Organic Nutrition & Ayurveda,Trichy,Srirangam,Tamil Nadu,620006,10.8624,78.6947,6,2100.0,08:00-21:00,"POS,UPI,ONLINE,CARD",Subscription card stuffing,0.013,32,2932.07,INR,PURCHASE,CARD,MOBILE_APP,1,0,Chennai,8.0,0,0,1,DEV-MONISHA-IPHONE-15,mobile_ios,0,BEN-CUST_MONISHA_001-TRUSTED,Trusted Household Vendor,13,1,3,21,0,0,0,None,Resolved Genuine,Standard Habitual Purchase,0
TXN-CUST_MONISHA_001-10684,2026-08-06 11:25:42,2026-08-06,11:25:42,11,3,0,0,CUST_MONISHA_001,420,Chennai,Tamil Nadu,Low Risk / 3% Fraud Rate,M008,BeanCircuit Cafe,Cafe,Specialty Coffee & Bakery,Bengaluru,Indiranagar,Karnataka,560038,12.9784,77.6408,3,650.0,07:30-23:00,"UPI,POS,CARD",QR code spoofing / fast velocity dining,0.009,22,1116.31,INR,PURCHASE,UPI,MOBILE_APP,1,0,Chennai,15.0,0,0,1,DEV-MONISHA-IPHONE-15,mobile_ios,0,BEN-CUST_MONISHA_001-TRUSTED,Trusted Household Vendor,9,0,3,19,0,0,0,None,Resolved Genuine,Standard Habitual Purchase,0
TXN-CUST_MONISHA_001-10685,2026-08-06 12:53:50,2026-08-06,12:53:50,12,3,0,0,CUST_MONISHA_001,420,Chennai,Tamil Nadu,Low Risk / 3% Fraud Rate,M029,CloudDesk Digital,Software / Digital Services,Cloud Infrastructure & SaaS Tools,Bengaluru,Whitefield,Karnataka,560066,12.9698,77.7499,7,19800.0,24_HOURS,"ONLINE,CARD,TRANSFER",Cryptomining VM rental with stolen credit cards,0.058,145,1539.94,INR,PURCHASE,CARD,MOBILE_APP,0,0,Chennai,8.0,0,0,1,DEV-MONISHA-IPHONE-15,mobile_ios,0,BEN-CUST_MONISHA_001-TRUSTED,Trusted Household Vendor,4,1,4,25,0,0,0,None,Resolved Genuine,Standard Habitual Purchase,0
TXN-CUST_MONISHA_001-10686,2026-08-06 14:20:00,2026-08-06,14:20:00,14,3,0,0,CUST_MONISHA_001,420,Chennai,Tamil Nadu,Low Risk / 3% Fraud Rate,M006,MedicoCare Pharmacy,Pharmacy,Medicines & Surgical Supplies,Madurai,KK Nagar,Tamil Nadu,625020,9.9252,78.1498,10,1450.0,24_HOURS,"POS,UPI,CARD,ONLINE",Nighttime micro card testing,0.015,37,1440.48,INR,PURCHASE,POS,MOBILE_APP,1,0,Chennai,6.0,0,0,1,DEV-MONISHA-IPHONE-15,mobile_ios,0,BEN-CUST_MONISHA_001-TRUSTED,Trusted Household Vendor,11,0,2,16,0,0,0,None,Resolved Genuine,Standard Habitual Purchase,0
TXN-CUST_MONISHA_001-10687,2026-08-06 15:48:19,2026-08-06,15:48:19,15,3,0,0,CUST_MONISHA_001,420,Chennai,Tamil Nadu,Low Risk / 3% Fraud Rate,M026,GreenLeaf Wellness,Health & Wellness,Organic Nutrition & Ayurveda,Trichy,Srirangam,Tamil Nadu,620006,10.8624,78.6947,6,2100.0,08:00-21:00,"POS,UPI,ONLINE,CARD",Subscription card stuffing,0.013,32,1030.34,INR,PURCHASE,CARD,MOBILE_APP,1,0,Chennai,9.0,0,0,1,DEV-MONISHA-IPHONE-15,mobile_ios,0,BEN-CUST_MONISHA_001-TRUSTED,Trusted Household Vendor,11,0,3,20,0,0,0,None,Resolved Genuine,Standard Habitual Purchase,0
TXN-CUST_MONISHA_001-10688,2026-08-06 17:15:15,2026-08-06,17:15:15,17,3,0,0,CUST_MONISHA_001,420,Chennai,Tamil Nadu,Low Risk / 3% Fraud Rate,M008,BeanCircuit Cafe,Cafe,Specialty Coffee & Bakery,Bengaluru,Indiranagar,Karnataka,560038,12.9784,77.6408,3,650.0,07:30-23:00,"UPI,POS,CARD",QR code spoofing / fast velocity dining,0.009,22,2232.85,INR,PURCHASE,UPI,MOBILE_APP,1,0,Chennai,9.0,0,0,1,DEV-MONISHA-IPHONE-15,mobile_ios,0,BEN-CUST_MONISHA_001-TRUSTED,Trusted Household Vendor,9,1,4,23,0,0,0,None,Resolved Genuine,Standard Habitual Purchase,0
TXN-CUST_MONISHA_001-10689,2026-08-06 18:39:54,2026-08-06,18:39:54,18,3,0,0,CUST_MONISHA_001,420,Chennai,Tamil Nadu,Low Risk / 3% Fraud Rate,M023,SwiftBox Logistics,Courier / Logistics,Express Parcel & Freight Delivery,Tiruppur,Avinashi Road,Tamil Nadu,641603,11.1085,77.3411,9,4200.0,08:00-21:00,"POS,UPI,CARD,ONLINE",Interception fraud / address redirection,0.02,50,2162.87,INR,PURCHASE,UPI,MOBILE_APP,1,0,Chennai,13.0,0,0,1,DEV-MONISHA-IPHONE-15,mobile_ios,0,BEN-CUST_MONISHA_001-TRUSTED,Trusted Household Vendor,11,0,3,16,0,0,0,None,Resolved Genuine,Standard Habitual Purchase,0
TXN-CUST_MONISHA_001-10690,2026-08-06 20:07:17,2026-08-06,20:07:17,20,3,0,0,CUST_MONISHA_001,420,Chennai,Tamil Nadu,Low Risk / 3% Fraud Rate,M003,Pulse Mobile Hub,Mobile Store,Smartphones & Accessories,Chennai,Tambaram,Tamil Nadu,600045,12.9249,80.1278,4,18500.0,09:30-21:30,"POS,UPI,CARD",New device abuse / rapid checkout surge,0.035,87,52449.61,INR,P2P_TRANSFER,POS,MOBILE_APP,0,0,Delhi,417.0,1,0,1,DEV-MONISHA-IPHONE-15,mobile_ios,1,BEN-NEW-668,Global Flight Booking,0,4,8,41,1,0,0,Geographic Anomaly / High Ticket Spike,Review Required,Sudden location velocity jump with new merchant,1
TXN-CUST_MONISHA_001-10691,2026-08-06 21:31:44,2026-08-06,21:31:44,21,3,0,0,CUST_MONISHA_001,420,Chennai,Tamil Nadu,Low Risk / 3% Fraud Rate,M013,CartNest Online,E-commerce,Multi-category Marketplace,Chennai,Guindy,Tamil Nadu,600032,13.0067,80.2026,5,6200.0,24_HOURS,"ONLINE,UPI,CARD,NETBANKING",Account takeover + triangulation shipping fraud,0.045,112,942.88,INR,PURCHASE,NETBANKING,MOBILE_APP,0,0,Chennai,2.0,0,0,1,DEV-MONISHA-IPHONE-15,mobile_ios,0,BEN-CUST_MONISHA_001-TRUSTED,Trusted Household Vendor,8,0,4,18,0,0,0,None,Resolved Genuine,Standard Habitual Purchase,0
TXN-CUST_MONISHA_001-10692,2026-08-06 22:55:41,2026-08-06,22:55:41,22,3,0,0,CUST_MONISHA_001,420,Chennai,Tamil Nadu,Low Risk / 3% Fraud Rate,M027,BrickHarbor Realty,Real Estate / Property Services,Rental Escrow & Facility Management,Chennai,Porur,Tamil Nadu,600116,13.035,80.16,11,65000.0,09:00-19:00,"TRANSFER,NETBANKING,CARD",Security deposit phishing / escrow hijacking,0.039,97,1105.07,INR,PURCHASE,TRANSFER,MOBILE_APP,0,0,Chennai,10.0,0,0,1,DEV-MONISHA-IPHONE-15,mobile_ios,0,BEN-CUST_MONISHA_001-TRUSTED,Trusted Household Vendor,15,0,1,8,0,0,0,None,Resolved Genuine,Standard Habitual Purchase,0
TXN-CUST_MONISHA_001-10693,2026-08-07 00:21:48,2026-08-07,00:21:48,0,4,0,1,CUST_MONISHA_001,420,Chennai,Tamil Nadu,Low Risk / 3% Fraud Rate,M010,HarborView Residency,Hotel / Hospitality,Business & Luxury Hotel,Chennai,OMR,Tamil Nadu,600096,12.9165,80.2285,6,9500.0,24_HOURS,"ONLINE,POS,CARD,TRANSFER",Online travel booking fraud with stolen corporate credentials,0.041,102,1692.56,INR,PURCHASE,CARD,MOBILE_APP,1,0,Chennai,10.0,0,0,1,DEV-MONISHA-IPHONE-15,mobile_ios,0,BEN-CUST_MONISHA_001-TRUSTED,Trusted Household Vendor,13,0,2,14,0,0,0,None,Resolved Genuine,Standard Habitual Purchase,0
TXN-CUST_MONISHA_001-10694,2026-08-07 01:48:37,2026-08-07,01:48:37,1,4,0,1,CUST_MONISHA_001,420,Chennai,Tamil Nadu,Low Risk / 3% Fraud Rate,M022,SkillSpring Academy,Education / Training,Professional Certifications & Tech Bootcamps,Chennai,Mylapore,Tamil Nadu,600004,13.0368,80.2676,8,22000.0,08:30-19:30,"ONLINE,NETBANKING,CARD,UPI",Stolen corporate card enrollments,0.028,70,1492.65,INR,PURCHASE,ONLINE,MOBILE_APP,0,0,Chennai,15.0,0,0,1,DEV-MONISHA-IPHONE-15,mobile_ios,0,BEN-CUST_MONISHA_001-TRUSTED,Trusted Household Vendor,4,0,3,22,0,0,0,None,Resolved Genuine,Standard Habitual Purchase,0
TXN-CUST_MONISHA_001-10695,2026-08-07 03:14:27,2026-08-07,03:14:27,3,4,0,1,CUST_MONISHA_001,420,Chennai,Tamil Nadu,Low Risk / 3% Fraud Rate,M005,UrbanThread Studio,Fashion / Apparel,Designer & Ready-to-wear,Chennai,Anna Nagar,Tamil Nadu,600040,13.085,80.2101,5,4800.0,10:30-22:00,"POS,ONLINE,UPI,CARD",Refund abuse / credential stuffing,0.022,55,2774.86,INR,PURCHASE,UPI,MOBILE_APP,1,0,Chennai,1.0,0,0,1,DEV-MONISHA-IPHONE-15,mobile_ios,0,BEN-CUST_MONISHA_001-TRUSTED,Trusted Household Vendor,3,0,1,7,0,0,0,None,Resolved Genuine,Standard Habitual Purchase,0
TXN-CUST_MONISHA_001-10696,2026-08-07 04:43:01,2026-08-07,04:43:01,4,4,0,1,CUST_MONISHA_001,420,Chennai,Tamil Nadu,Low Risk / 3% Fraud Rate,M028,CraftCove Home Decor,Home Decor,Handicrafts & Art Pieces,Thanjavur,Medical College Road,Tamil Nadu,613004,10.7684,79.1245,8,7400.0,09:30-20:30,"POS,UPI,CARD,ONLINE",Cross-border tourist chargebacks,0.023,57,852.97,INR,PURCHASE,CARD,MOBILE_APP,1,0,Chennai,7.0,0,0,1,DEV-MONISHA-IPHONE-15,mobile_ios,0,BEN-CUST_MONISHA_001-TRUSTED,Trusted Household Vendor,13,0,4,24,0,0,0,None,Resolved Genuine,Standard Habitual Purchase,0
TXN-CUST_MONISHA_001-10697,2026-08-07 06:08:51,2026-08-07,06:08:51,6,4,0,0,CUST_MONISHA_001,420,Chennai,Tamil Nadu,Low Risk / 3% Fraud Rate,M014,OakLine Furnishings,Furniture,Teak Wood & Modern Home Decor,Madurai,Bypass Road,Tamil Nadu,625016,9.932,78.109,12,38000.0,10:00-21:00,"POS,CARD,TRANSFER,EMI",Invoice redirection fraud / fake payment slips,0.029,72,97400.32,INR,P2P_TRANSFER,EMI,MOBILE_APP,0,0,Delhi,442.0,1,0,1,DEV-MONISHA-IPHONE-15,mobile_ios,1,BEN-NEW-468,Global Flight Booking,0,2,8,36,1,0,0,Geographic Anomaly / High Ticket Spike,Review Required,Sudden location velocity jump with new merchant,1
TXN-CUST_MONISHA_001-10698,2026-08-07 07:33:59,2026-08-07,07:33:59,7,4,0,0,CUST_MONISHA_001,420,Chennai,Tamil Nadu,Low Risk / 3% Fraud Rate,M028,CraftCove Home Decor,Home Decor,Handicrafts & Art Pieces,Thanjavur,Medical College Road,Tamil Nadu,613004,10.7684,79.1245,8,7400.0,09:30-20:30,"POS,UPI,CARD,ONLINE",Cross-border tourist chargebacks,0.023,57,2347.95,INR,PURCHASE,ONLINE,MOBILE_APP,1,0,Chennai,3.0,0,0,1,DEV-MONISHA-IPHONE-15,mobile_ios,0,BEN-CUST_MONISHA_001-TRUSTED,Trusted Household Vendor,5,1,1,12,0,0,0,None,Resolved Genuine,Standard Habitual Purchase,0
TXN-CUST_MONISHA_001-10699,2026-08-07 09:03:14,2026-08-07,09:03:14,9,4,0,0,CUST_MONISHA_001,420,Chennai,Tamil Nadu,Low Risk / 3% Fraud Rate,M005,UrbanThread Studio,Fashion / Apparel,Designer & Ready-to-wear,Chennai,Anna Nagar,Tamil Nadu,600040,13.085,80.2101,5,4800.0,10:30-22:00,"POS,ONLINE,UPI,CARD",Refund abuse / credential stuffing,0.022,55,978.11,INR,PURCHASE,CARD,MOBILE_APP,1,0,Chennai,11.0,0,0,1,DEV-MONISHA-IPHONE-15,mobile_ios,0,BEN-CUST_MONISHA_001-TRUSTED,Trusted Household Vendor,15,0,4,20,0,0,0,None,Resolved Genuine,Standard Habitual Purchase,0
TXN-CUST_MONISHA_001-10700,2026-08-07 10:29:21,2026-08-07,10:29:21,10,4,0,0,CUST_MONISHA_001,420,Chennai,Tamil Nadu,Low Risk / 3% Fraud Rate,M014,OakLine Furnishings,Furniture,Teak Wood & Modern Home Decor,Madurai,Bypass Road,Tamil Nadu,625016,9.932,78.109,12,38000.0,10:00-21:00,"POS,CARD,TRANSFER,EMI",Invoice redirection fraud / fake payment slips,0.029,72,2071.8,INR,PURCHASE,EMI,MOBILE_APP,1,0,Chennai,8.0,0,0,1,DEV-MONISHA-IPHONE-15,mobile_ios,0,BEN-CUST_MONISHA_001-TRUSTED,Trusted Household Vendor,5,0,2,10,0,0,0,None,Resolved Genuine,Standard Habitual Purchase,0
TXN-CUST_MONISHA_001-10701,2026-08-07 11:56:13,2026-08-07,11:56:13,11,4,0,0,CUST_MONISHA_001,420,Chennai,Tamil Nadu,Low Risk / 3% Fraud Rate,M028,CraftCove Home Decor,Home Decor,Handicrafts & Art Pieces,Thanjavur,Medical College Road,Tamil Nadu,613004,10.7684,79.1245,8,7400.0,09:30-20:30,"POS,UPI,CARD,ONLINE",Cross-border tourist chargebacks,0.023,57,2490.34,INR,PURCHASE,CARD,MOBILE_APP,1,0,Chennai,12.0,0,0,1,DEV-MONISHA-IPHONE-15,mobile_ios,0,BEN-CUST_MONISHA_001-TRUSTED,Trusted Household Vendor,11,0,4,18,0,0,0,None,Resolved Genuine,Standard Habitual Purchase,0
TXN-CUST_MONISHA_001-10702,2026-08-07 13:25:30,2026-08-07,13:25:30,13,4,0,0,CUST_MONISHA_001,420,Chennai,Tamil Nadu,Low Risk / 3% Fraud Rate,M019,ArenaSport World,Sports Retail,Fitness Equipment & Sports Wear,Chennai,Nungambakkam,Tamil Nadu,600034,13.0604,80.2405,6,5600.0,10:00-21:30,"POS,ONLINE,UPI,CARD",Stolen card chargeback on premium sports gear,0.026,65,1910.85,INR,PURCHASE,POS,MOBILE_APP,1,0,Chennai,6.0,0,0,1,DEV-MONISHA-IPHONE-15,mobile_ios,0,BEN-CUST_MONISHA_001-TRUSTED,Trusted Household Vendor,14,1,4,20,0,0,0,None,Resolved Genuine,Standard Habitual Purchase,0
TXN-CUST_MONISHA_001-10703,2026-08-07 14:53:16,2026-08-07,14:53:16,14,4,0,0,CUST_MONISHA_001,420,Chennai,Tamil Nadu,Low Risk / 3% Fraud Rate,M017,AutoForge Parts,Spare Parts,OEM Industrial & Auto Components,Hosur,Mookandapalli,Tamil Nadu,635126,12.7409,77.8253,15,16500.0,09:00-19:30,"TRANSFER,POS,CARD",Business email compromise / fake beneficiary update,0.033,82,3081.58,INR,PURCHASE,TRANSFER,MOBILE_APP,1,0,Chennai,13.0,0,0,1,DEV-MONISHA-IPHONE-15,mobile_ios,0,BEN-CUST_MONISHA_001-TRUSTED,Trusted Household Vendor,11,0,4,26,0,0,0,None,Resolved Genuine,Standard Habitual Purchase,0
TXN-CUST_MONISHA_001-10704,2026-08-07 16:22:01,2026-08-07,16:22:01,16,4,0,0,CUST_MONISHA_001,420,Chennai,Tamil Nadu,Low Risk / 3% Fraud Rate,M003,Pulse Mobile Hub,Mobile Store,Smartphones & Accessories,Chennai,Tambaram,Tamil Nadu,600045,12.9249,80.1278,4,18500.0,09:30-21:30,"POS,UPI,CARD",New device abuse / rapid checkout surge,0.035,87,1353.84,INR,PURCHASE,CARD,MOBILE_APP,1,0,Chennai,11.0,0,0,1,DEV-MONISHA-IPHONE-15,mobile_ios,0,BEN-CUST_MONISHA_001-TRUSTED,Trusted Household Vendor,13,0,1,14,0,0,0,None,Resolved Genuine,Standard Habitual Purchase,0
TXN-CUST_MONISHA_001-10705,2026-08-07 17:50:12,2026-08-07,17:50:12,17,4,0,0,CUST_MONISHA_001,420,Chennai,Tamil Nadu,Low Risk / 3% Fraud Rate,M010,HarborView Residency,Hotel / Hospitality,Business & Luxury Hotel,Chennai,OMR,Tamil Nadu,600096,12.9165,80.2285,6,9500.0,24_HOURS,"ONLINE,POS,CARD,TRANSFER",Online travel booking fraud with stolen corporate credentials,0.041,102,25253.42,INR,P2P_TRANSFER,CARD,MOBILE_APP,0,0,Hyderabad,1097.0,1,0,1,DEV-MONISHA-IPHONE-15,mobile_ios,1,BEN-NEW-580,Global Flight Booking,0,2,7,36,1,0,0,Geographic Anomaly / High Ticket Spike,Review Required,Sudden location velocity jump with new merchant,1
TXN-CUST_MONISHA_001-10706,2026-08-07 19:15:43,2026-08-07,19:15:43,19,4,0,0,CUST_MONISHA_001,420,Chennai,Tamil Nadu,Low Risk / 3% Fraud Rate,M026,GreenLeaf Wellness,Health & Wellness,Organic Nutrition & Ayurveda,Trichy,Srirangam,Tamil Nadu,620006,10.8624,78.6947,6,2100.0,08:00-21:00,"POS,UPI,ONLINE,CARD",Subscription card stuffing,0.013,32,1469.41,INR,PURCHASE,ONLINE,MOBILE_APP,1,0,Chennai,3.0,0,0,1,DEV-MONISHA-IPHONE-15,mobile_ios,0,BEN-CUST_MONISHA_001-TRUSTED,Trusted Household Vendor,14,1,3,14,0,0,0,None,Resolved Genuine,Standard Habitual Purchase,0
TXN-CUST_MONISHA_001-10707,2026-08-07 20:42:54,2026-08-07,20:42:54,20,4,0,0,CUST_MONISHA_001,420,Chennai,Tamil Nadu,Low Risk / 3% Fraud Rate,M019,ArenaSport World,Sports Retail,Fitness Equipment & Sports Wear,Chennai,Nungambakkam,Tamil Nadu,600034,13.0604,80.2405,6,5600.0,10:00-21:30,"POS,ONLINE,UPI,CARD",Stolen card chargeback on premium sports gear,0.026,65,1175.65,INR,PURCHASE,POS,MOBILE_APP,1,0,Chennai,1.0,0,0,1,DEV-MONISHA-IPHONE-15,mobile_ios,0,BEN-CUST_MONISHA_001-TRUSTED,Trusted Household Vendor,15,0,3,18,0,0,0,None,Resolved Genuine,Standard Habitual Purchase,0
TXN-CUST_MONISHA_001-10708,2026-08-07 22:09:12,2026-08-07,22:09:12,22,4,0,0,CUST_MONISHA_001,420,Chennai,Tamil Nadu,Low Risk / 3% Fraud Rate,M005,UrbanThread Studio,Fashion / Apparel,Designer & Ready-to-wear,Chennai,Anna Nagar,Tamil Nadu,600040,13.085,80.2101,5,4800.0,10:30-22:00,"POS,ONLINE,UPI,CARD",Refund abuse / credential stuffing,0.022,55,1963.09,INR,PURCHASE,UPI,MOBILE_APP,1,0,Chennai,14.0,0,0,1,DEV-MONISHA-IPHONE-15,mobile_ios,0,BEN-CUST_MONISHA_001-TRUSTED,Trusted Household Vendor,5,0,3,18,0,0,0,None,Resolved Genuine,Standard Habitual Purchase,0
TXN-CUST_MONISHA_001-10709,2026-08-07 23:37:45,2026-08-07,23:37:45,23,4,0,1,CUST_MONISHA_001,420,Chennai,Tamil Nadu,Low Risk / 3% Fraud Rate,M001,NovaMart Fresh,Grocery & Supermarket,Supermarket / Hypermarket,Chennai,T Nagar,Tamil Nadu,600017,13.0418,80.2341,8,1250.0,07:00-22:30,"POS,UPI,CARD,ONLINE",Card testing / micro-burst velocity,0.012,30,2514.94,INR,PURCHASE,ONLINE,MOBILE_APP,1,0,Chennai,10.0,0,0,1,DEV-MONISHA-IPHONE-15,mobile_ios,0,BEN-CUST_MONISHA_001-TRUSTED,Trusted Household Vendor,13,1,2,15,0,0,0,None,Resolved Genuine,Standard Habitual Purchase,0
TXN-CUST_MONISHA_001-10710,2026-08-08 01:06:00,2026-08-08,01:06:00,1,5,1,1,CUST_MONISHA_001,420,Chennai,Tamil Nadu,Low Risk / 3% Fraud Rate,M009,RapidFuel Station,Fuel Station,"Petrol, Diesel & EV Fast Charge",Salem,Fairlands,Tamil Nadu,636016,11.6643,78.146,9,3100.0,24_HOURS,"POS,FLEET_CARD,UPI",Automated fleet card skimming,0.024,60,2611.11,INR,PURCHASE,POS,MOBILE_APP,1,0,Chennai,4.0,0,0,1,DEV-MONISHA-IPHONE-15,mobile_ios,0,BEN-CUST_MONISHA_001-TRUSTED,Trusted Household Vendor,8,0,1,8,0,0,0,None,Resolved Genuine,Standard Habitual Purchase,0
TXN-CUST_MONISHA_001-10711,2026-08-08 02:32:58,2026-08-08,02:32:58,2,5,1,1,CUST_MONISHA_001,420,Chennai,Tamil Nadu,Low Risk / 3% Fraud Rate,M027,BrickHarbor Realty,Real Estate / Property Services,Rental Escrow & Facility Management,Chennai,Porur,Tamil Nadu,600116,13.035,80.16,11,65000.0,09:00-19:00,"TRANSFER,NETBANKING,CARD",Security deposit phishing / escrow hijacking,0.039,97,1140.71,INR,PURCHASE,NETBANKING,MOBILE_APP,0,0,Chennai,8.0,0,0,1,DEV-MONISHA-IPHONE-15,mobile_ios,0,BEN-CUST_MONISHA_001-TRUSTED,Trusted Household Vendor,15,0,4,21,0,0,0,None,Resolved Genuine,Standard Habitual Purchase,0
TXN-CUST_MONISHA_001-10712,2026-08-08 04:00:20,2026-08-08,04:00:20,4,5,1,1,CUST_MONISHA_001,420,Chennai,Tamil Nadu,Low Risk / 3% Fraud Rate,M024,LinkWave Telecom,Telecom Retail,Fiber Broadband & Postpaid Plans,Erode,Perundurai Road,Tamil Nadu,638011,11.341,77.7172,10,1950.0,09:30-20:30,"UPI,CARD,ONLINE,POS",SIM swap bill recharge surges,0.017,42,2271.92,INR,PURCHASE,ONLINE,MOBILE_APP,1,0,Chennai,4.0,0,0,1,DEV-MONISHA-IPHONE-15,mobile_ios,0,BEN-CUST_MONISHA_001-TRUSTED,Trusted Household Vendor,3,0,3,15,0,0,0,None,Resolved Genuine,Standard Habitual Purchase,0
TXN-CUST_MONISHA_001-10713,2026-08-08 05:24:03,2026-08-08,05:24:03,5,5,1,1,CUST_MONISHA_001,420,Chennai,Tamil Nadu,Low Risk / 3% Fraud Rate,M015,HomeSphere Appliances,Home Appliances,"Refrigerators, ACs & Kitchen Tech",Coimbatore,Saibaba Colony,Tamil Nadu,641011,11.0315,76.945,9,27500.0,09:30-21:00,"POS,EMI,CARD,UPI",Carding attacks with immediate in-store pickup,0.038,95,1713.06,INR,PURCHASE,UPI,MOBILE_APP,1,0,Chennai,5.0,0,0,1,DEV-MONISHA-IPHONE-15,mobile_ios,0,BEN-CUST_MONISHA_001-TRUSTED,Trusted Household Vendor,9,0,2,17,0,0,0,None,Resolved Genuine,Standard Habitual Purchase,0
TXN-CUST_MONISHA_001-10714,2026-08-08 06:49:02,2026-08-08,06:49:02,6,5,1,0,CUST_MONISHA_001,420,Chennai,Tamil Nadu,Low Risk / 3% Fraud Rate,M017,AutoForge Parts,Spare Parts,OEM Industrial & Auto Components,Hosur,Mookandapalli,Tamil Nadu,635126,12.7409,77.8253,15,16500.0,09:00-19:30,"TRANSFER,POS,CARD",Business email compromise / fake beneficiary update,0.033,82,2816.45,INR,PURCHASE,CARD,MOBILE_APP,1,0,Chennai,1.0,0,0,1,DEV-MONISHA-IPHONE-15,mobile_ios,0,BEN-CUST_MONISHA_001-TRUSTED,Trusted Household Vendor,9,0,4,23,0,0,0,None,Resolved Genuine,Standard Habitual Purchase,0
TXN-CUST_MONISHA_001-10715,2026-08-08 08:18:12,2026-08-08,08:18:12,8,5,1,0,CUST_MONISHA_001,420,Chennai,Tamil Nadu,Low Risk / 3% Fraud Rate,M022,SkillSpring Academy,Education / Training,Professional Certifications & Tech Bootcamps,Chennai,Mylapore,Tamil Nadu,600004,13.0368,80.2676,8,22000.0,08:30-19:30,"ONLINE,NETBANKING,CARD,UPI",Stolen corporate card enrollments,0.028,70,3016.74,INR,PURCHASE,CARD,MOBILE_APP,0,0,Chennai,2.0,0,0,1,DEV-MONISHA-IPHONE-15,mobile_ios,0,BEN-CUST_MONISHA_001-TRUSTED,Trusted Household Vendor,9,0,3,19,0,0,0,None,Resolved Genuine,Standard Habitual Purchase,0
TXN-CUST_MONISHA_001-10716,2026-08-08 09:43:13,2026-08-08,09:43:13,9,5,1,0,CUST_MONISHA_001,420,Chennai,Tamil Nadu,Low Risk / 3% Fraud Rate,M026,GreenLeaf Wellness,Health & Wellness,Organic Nutrition & Ayurveda,Trichy,Srirangam,Tamil Nadu,620006,10.8624,78.6947,6,2100.0,08:00-21:00,"POS,UPI,ONLINE,CARD",Subscription card stuffing,0.013,32,1009.97,INR,PURCHASE,UPI,MOBILE_APP,1,0,Chennai,11.0,0,0,1,DEV-MONISHA-IPHONE-15,mobile_ios,0,BEN-CUST_MONISHA_001-TRUSTED,Trusted Household Vendor,15,0,4,21,0,0,0,None,Resolved Genuine,Standard Habitual Purchase,0
TXN-CUST_MONISHA_001-10717,2026-08-08 11:09:44,2026-08-08,11:09:44,11,5,1,0,CUST_MONISHA_001,420,Chennai,Tamil Nadu,Low Risk / 3% Fraud Rate,M022,SkillSpring Academy,Education / Training,Professional Certifications & Tech Bootcamps,Chennai,Mylapore,Tamil Nadu,600004,13.0368,80.2676,8,22000.0,08:30-19:30,"ONLINE,NETBANKING,CARD,UPI",Stolen corporate card enrollments,0.028,70,2395.25,INR,PURCHASE,ONLINE,MOBILE_APP,0,0,Chennai,3.0,0,0,1,DEV-MONISHA-IPHONE-15,mobile_ios,0,BEN-CUST_MONISHA_001-TRUSTED,Trusted Household Vendor,13,0,1,7,0,0,0,None,Resolved Genuine,Standard Habitual Purchase,0
TXN-CUST_MONISHA_001-10718,2026-08-08 12:33:13,2026-08-08,12:33:13,12,5,1,0,CUST_MONISHA_001,420,Chennai,Tamil Nadu,Low Risk / 3% Fraud Rate,M004,Aurelia Gold House,Jewellery,Gold & Diamond Jewellery,Coimbatore,RS Puram,Tamil Nadu,641002,11.0089,76.9514,14,78000.0,10:00-20:30,"POS,CARD,TRANSFER",Account takeover / card-not-present luxury surge,0.065,162,2009.12,INR,PURCHASE,CARD,MOBILE_APP,1,0,Chennai,11.0,0,0,1,DEV-MONISHA-IPHONE-15,mobile_ios,0,BEN-CUST_MONISHA_001-TRUSTED,Trusted Household Vendor,14,0,2,14,0,0,0,None,Resolved Genuine,Standard Habitual Purchase,0
TXN-CUST_MONISHA_001-10719,2026-08-08 13:57:46,2026-08-08,13:57:46,13,5,1,0,CUST_MONISHA_001,420,Chennai,Tamil Nadu,Low Risk / 3% Fraud Rate,M001,NovaMart Fresh,Grocery & Supermarket,Supermarket / Hypermarket,Chennai,T Nagar,Tamil Nadu,600017,13.0418,80.2341,8,1250.0,07:00-22:30,"POS,UPI,CARD,ONLINE",Card testing / micro-burst velocity,0.012,30,2229.39,INR,PURCHASE,POS,MOBILE_APP,1,0,Chennai,1.0,0,0,1,DEV-MONISHA-IPHONE-15,mobile_ios,0,BEN-CUST_MONISHA_001-TRUSTED,Trusted Household Vendor,12,0,2,11,0,0,0,None,Resolved Genuine,Standard Habitual Purchase,0
TXN-CUST_MONISHA_001-10720,2026-08-08 15:21:41,2026-08-08,15:21:41,15,5,1,0,CUST_MONISHA_001,420,Chennai,Tamil Nadu,Low Risk / 3% Fraud Rate,M020,GameGrid Arena,Gaming,"Esports, Consoles & Virtual Credits",Bengaluru,Koramangala,Karnataka,560095,12.9352,77.6245,4,3400.0,10:00-01:00,"ONLINE,UPI,CARD,WALLET",Virtual item laundering & bot-driven micro transactions,0.055,137,1083.98,INR,PURCHASE,UPI,MOBILE_APP,0,0,Chennai,11.0,0,0,1,DEV-MONISHA-IPHONE-15,mobile_ios,0,BEN-CUST_MONISHA_001-TRUSTED,Trusted Household Vendor,4,0,2,14,0,0,0,None,Resolved Genuine,Standard Habitual Purchase,0
TXN-CUST_MONISHA_001-10721,2026-08-08 16:46:51,2026-08-08,16:46:51,16,5,1,0,CUST_MONISHA_001,420,Chennai,Tamil Nadu,Low Risk / 3% Fraud Rate,M022,SkillSpring Academy,Education / Training,Professional Certifications & Tech Bootcamps,Chennai,Mylapore,Tamil Nadu,600004,13.0368,80.2676,8,22000.0,08:30-19:30,"ONLINE,NETBANKING,CARD,UPI",Stolen corporate card enrollments,0.028,70,2970.67,INR,PURCHASE,UPI,MOBILE_APP,0,0,Chennai,11.0,0,0,1,DEV-MONISHA-IPHONE-15,mobile_ios,0,BEN-CUST_MONISHA_001-TRUSTED,Trusted Household Vendor,15,0,3,19,0,0,0,None,Resolved Genuine,Standard Habitual Purchase,0
TXN-CUST_MONISHA_001-10722,2026-08-08 18:11:48,2026-08-08,18:11:48,18,5,1,0,CUST_MONISHA_001,420,Chennai,Tamil Nadu,Low Risk / 3% Fraud Rate,M025,ShieldSure Services,Insurance Services,General & Health Insurance Premium,Chennai,Egmore,Tamil Nadu,600008,13.0784,80.2607,13,14000.0,09:30-18:00,"ONLINE,NETBANKING,CARD",Premium diversion / fake policy payment slips,0.019,47,953.15,INR,PURCHASE,ONLINE,MOBILE_APP,0,0,Chennai,13.0,0,0,1,DEV-MONISHA-IPHONE-15,mobile_ios,0,BEN-CUST_MONISHA_001-TRUSTED,Trusted Household Vendor,8,1,4,22,0,0,0,None,Resolved Genuine,Standard Habitual Purchase,0
TXN-CUST_MONISHA_001-10723,2026-08-08 19:40:56,2026-08-08,19:40:56,19,5,1,0,CUST_MONISHA_001,420,Chennai,Tamil Nadu,Low Risk / 3% Fraud Rate,M009,RapidFuel Station,Fuel Station,"Petrol, Diesel & EV Fast Charge",Salem,Fairlands,Tamil Nadu,636016,11.6643,78.146,9,3100.0,24_HOURS,"POS,FLEET_CARD,UPI",Automated fleet card skimming,0.024,60,1196.35,INR,PURCHASE,FLEET_CARD,MOBILE_APP,1,0,Chennai,2.0,0,0,1,DEV-MONISHA-IPHONE-15,mobile_ios,0,BEN-CUST_MONISHA_001-TRUSTED,Trusted Household Vendor,12,0,2,12,0,0,0,None,Resolved Genuine,Standard Habitual Purchase,0
TXN-CUST_MONISHA_001-10724,2026-08-08 21:08:12,2026-08-08,21:08:12,21,5,1,0,CUST_MONISHA_001,420,Chennai,Tamil Nadu,Low Risk / 3% Fraud Rate,M004,Aurelia Gold House,Jewellery,Gold & Diamond Jewellery,Coimbatore,RS Puram,Tamil Nadu,641002,11.0089,76.9514,14,78000.0,10:00-20:30,"POS,CARD,TRANSFER",Account takeover / card-not-present luxury surge,0.065,162,1116.66,INR,PURCHASE,TRANSFER,MOBILE_APP,1,0,Chennai,13.0,0,0,1,DEV-MONISHA-IPHONE-15,mobile_ios,0,BEN-CUST_MONISHA_001-TRUSTED,Trusted Household Vendor,10,0,1,10,0,0,0,None,Resolved Genuine,Standard Habitual Purchase,0
TXN-CUST_MONISHA_001-10725,2026-08-08 22:32:13,2026-08-08,22:32:13,22,5,1,0,CUST_MONISHA_001,420,Chennai,Tamil Nadu,Low Risk / 3% Fraud Rate,M003,Pulse Mobile Hub,Mobile Store,Smartphones & Accessories,Chennai,Tambaram,Tamil Nadu,600045,12.9249,80.1278,4,18500.0,09:30-21:30,"POS,UPI,CARD",New device abuse / rapid checkout surge,0.035,87,944.76,INR,PURCHASE,UPI,MOBILE_APP,1,0,Chennai,12.0,0,0,1,DEV-MONISHA-IPHONE-15,mobile_ios,0,BEN-CUST_MONISHA_001-TRUSTED,Trusted Household Vendor,3,0,4,20,0,0,0,None,Resolved Genuine,Standard Habitual Purchase,0
TXN-CUST_MONISHA_001-10726,2026-08-08 23:59:33,2026-08-08,23:59:33,23,5,1,1,CUST_MONISHA_001,420,Chennai,Tamil Nadu,Low Risk / 3% Fraud Rate,M001,NovaMart Fresh,Grocery & Supermarket,Supermarket / Hypermarket,Chennai,T Nagar,Tamil Nadu,600017,13.0418,80.2341,8,1250.0,07:00-22:30,"POS,UPI,CARD,ONLINE",Card testing / micro-burst velocity,0.012,30,2962.97,INR,PURCHASE,CARD,MOBILE_APP,1,0,Chennai,11.0,0,0,1,DEV-MONISHA-IPHONE-15,mobile_ios,0,BEN-CUST_MONISHA_001-TRUSTED,Trusted Household Vendor,14,0,2,16,0,0,0,None,Resolved Genuine,Standard Habitual Purchase,0
TXN-CUST_MONISHA_001-10727,2026-08-09 01:26:23,2026-08-09,01:26:23,1,6,1,1,CUST_MONISHA_001,420,Chennai,Tamil Nadu,Low Risk / 3% Fraud Rate,M017,AutoForge Parts,Spare Parts,OEM Industrial & Auto Components,Hosur,Mookandapalli,Tamil Nadu,635126,12.7409,77.8253,15,16500.0,09:00-19:30,"TRANSFER,POS,CARD",Business email compromise / fake beneficiary update,0.033,82,2435.8,INR,PURCHASE,CARD,MOBILE_APP,1,0,Chennai,13.0,0,0,1,DEV-MONISHA-IPHONE-15,mobile_ios,0,BEN-CUST_MONISHA_001-TRUSTED,Trusted Household Vendor,9,0,4,19,0,0,0,None,Resolved Genuine,Standard Habitual Purchase,0
TXN-CUST_MONISHA_001-10728,2026-08-09 02:53:02,2026-08-09,02:53:02,2,6,1,1,CUST_MONISHA_001,420,Chennai,Tamil Nadu,Low Risk / 3% Fraud Rate,M001,NovaMart Fresh,Grocery & Supermarket,Supermarket / Hypermarket,Chennai,T Nagar,Tamil Nadu,600017,13.0418,80.2341,8,1250.0,07:00-22:30,"POS,UPI,CARD,ONLINE",Card testing / micro-burst velocity,0.012,30,1679.55,INR,PURCHASE,CARD,MOBILE_APP,1,0,Chennai,12.0,0,0,1,DEV-MONISHA-IPHONE-15,mobile_ios,0,BEN-CUST_MONISHA_001-TRUSTED,Trusted Household Vendor,4,0,4,23,0,0,0,None,Resolved Genuine,Standard Habitual Purchase,0
TXN-CUST_MONISHA_001-10729,2026-08-09 04:20:31,2026-08-09,04:20:31,4,6,1,1,CUST_MONISHA_001,420,Chennai,Tamil Nadu,Low Risk / 3% Fraud Rate,M013,CartNest Online,E-commerce,Multi-category Marketplace,Chennai,Guindy,Tamil Nadu,600032,13.0067,80.2026,5,6200.0,24_HOURS,"ONLINE,UPI,CARD,NETBANKING",Account takeover + triangulation shipping fraud,0.045,112,909.16,INR,PURCHASE,NETBANKING,MOBILE_APP,0,0,Chennai,11.0,0,0,1,DEV-MONISHA-IPHONE-15,mobile_ios,0,BEN-CUST_MONISHA_001-TRUSTED,Trusted Household Vendor,4,1,3,18,0,0,0,None,Resolved Genuine,Standard Habitual Purchase,0
TXN-CUST_MONISHA_001-10730,2026-08-09 05:47:48,2026-08-09,05:47:48,5,6,1,1,CUST_MONISHA_001,420,Chennai,Tamil Nadu,Low Risk / 3% Fraud Rate,M006,MedicoCare Pharmacy,Pharmacy,Medicines & Surgical Supplies,Madurai,KK Nagar,Tamil Nadu,625020,9.9252,78.1498,10,1450.0,24_HOURS,"POS,UPI,CARD,ONLINE",Nighttime micro card testing,0.015,37,2077.47,INR,PURCHASE,ONLINE,MOBILE_APP,1,0,Chennai,7.0,0,0,1,DEV-MONISHA-IPHONE-15,mobile_ios,0,BEN-CUST_MONISHA_001-TRUSTED,Trusted Household Vendor,14,0,3,15,0,0,0,None,Resolved Genuine,Standard Habitual Purchase,0
TXN-CUST_MONISHA_001-10731,2026-08-09 07:15:00,2026-08-09,07:15:00,7,6,1,0,CUST_MONISHA_001,420,Chennai,Tamil Nadu,Low Risk / 3% Fraud Rate,M012,DashDine Delivery,Food Delivery,Quick Commerce & Meal Delivery,Chennai,Sholinganallur,Tamil Nadu,600119,12.901,80.2279,4,520.0,06:00-02:00,"UPI,CARD,ONLINE,WALLET",Promo code abuse / stolen wallet balances,0.014,35,1918.42,INR,PURCHASE,UPI,MOBILE_APP,0,0,Chennai,15.0,0,0,1,DEV-MONISHA-IPHONE-15,mobile_ios,0,BEN-CUST_MONISHA_001-TRUSTED,Trusted Household Vendor,5,0,2,13,0,0,0,None,Resolved Genuine,Standard Habitual Purchase,0
TXN-CUST_MONISHA_001-10732,2026-08-09 08:38:33,2026-08-09,08:38:33,8,6,1,0,CUST_MONISHA_001,420,Chennai,Tamil Nadu,Low Risk / 3% Fraud Rate,M019,ArenaSport World,Sports Retail,Fitness Equipment & Sports Wear,Chennai,Nungambakkam,Tamil Nadu,600034,13.0604,80.2405,6,5600.0,10:00-21:30,"POS,ONLINE,UPI,CARD",Stolen card chargeback on premium sports gear,0.026,65,1338.06,INR,PURCHASE,CARD,MOBILE_APP,1,0,Chennai,7.0,0,0,1,DEV-MONISHA-IPHONE-15,mobile_ios,0,BEN-CUST_MONISHA_001-TRUSTED,Trusted Household Vendor,10,1,3,14,0,0,0,None,Resolved Genuine,Standard Habitual Purchase,0
TXN-CUST_MONISHA_001-10733,2026-08-09 10:02:10,2026-08-09,10:02:10,10,6,1,0,CUST_MONISHA_001,420,Chennai,Tamil Nadu,Low Risk / 3% Fraud Rate,M002,CircuitBay Electronics,Consumer Electronics,Laptops & Gadgets,Chennai,Velachery,Tamil Nadu,600042,12.9759,80.2212,6,32000.0,10:00-21:30,"POS,ONLINE,EMI,UPI",Stolen payment details / high-ticket electronics delivery,0.048,120,1570.26,INR,PURCHASE,UPI,MOBILE_APP,1,0,Chennai,12.0,0,0,1,DEV-MONISHA-IPHONE-15,mobile_ios,0,BEN-CUST_MONISHA_001-TRUSTED,Trusted Household Vendor,6,1,1,14,0,0,0,None,Resolved Genuine,Standard Habitual Purchase,0
TXN-CUST_MONISHA_001-10734,2026-08-09 11:26:28,2026-08-09,11:26:28,11,6,1,0,CUST_MONISHA_001,420,Chennai,Tamil Nadu,Low Risk / 3% Fraud Rate,M019,ArenaSport World,Sports Retail,Fitness Equipment & Sports Wear,Chennai,Nungambakkam,Tamil Nadu,600034,13.0604,80.2405,6,5600.0,10:00-21:30,"POS,ONLINE,UPI,CARD",Stolen card chargeback on premium sports gear,0.026,65,1325.19,INR,PURCHASE,POS,MOBILE_APP,1,0,Chennai,2.0,0,0,1,DEV-MONISHA-IPHONE-15,mobile_ios,0,BEN-CUST_MONISHA_001-TRUSTED,Trusted Household Vendor,10,1,2,17,0,0,0,None,Resolved Genuine,Standard Habitual Purchase,0
TXN-CUST_MONISHA_001-10735,2026-08-09 12:55:18,2026-08-09,12:55:18,12,6,1,0,CUST_MONISHA_001,420,Chennai,Tamil Nadu,Low Risk / 3% Fraud Rate,M020,GameGrid Arena,Gaming,"Esports, Consoles & Virtual Credits",Bengaluru,Koramangala,Karnataka,560095,12.9352,77.6245,4,3400.0,10:00-01:00,"ONLINE,UPI,CARD,WALLET",Virtual item laundering & bot-driven micro transactions,0.055,137,887.18,INR,PURCHASE,ONLINE,MOBILE_APP,0,0,Chennai,12.0,0,0,1,DEV-MONISHA-IPHONE-15,mobile_ios,0,BEN-CUST_MONISHA_001-TRUSTED,Trusted Household Vendor,5,0,1,10,0,0,0,None,Resolved Genuine,Standard Habitual Purchase,0
TXN-CUST_MONISHA_001-10736,2026-08-09 14:23:38,2026-08-09,14:23:38,14,6,1,0,CUST_MONISHA_001,420,Chennai,Tamil Nadu,Low Risk / 3% Fraud Rate,M004,Aurelia Gold House,Jewellery,Gold & Diamond Jewellery,Coimbatore,RS Puram,Tamil Nadu,641002,11.0089,76.9514,14,78000.0,10:00-20:30,"POS,CARD,TRANSFER",Account takeover / card-not-present luxury surge,0.065,162,190215.36,INR,P2P_TRANSFER,POS,WEB_PORTAL,0,0,Mumbai,408.0,1,1,0,DEV-LAPTOP-CHROME-705,web_browser,1,BEN-NEW-730,Global Flight Booking,0,2,7,31,1,0,0,Geographic Anomaly / High Ticket Spike,Review Required,Sudden location velocity jump with new merchant,1
TXN-CUST_MONISHA_001-10737,2026-08-09 15:51:51,2026-08-09,15:51:51,15,6,1,0,CUST_MONISHA_001,420,Chennai,Tamil Nadu,Low Risk / 3% Fraud Rate,M014,OakLine Furnishings,Furniture,Teak Wood & Modern Home Decor,Madurai,Bypass Road,Tamil Nadu,625016,9.932,78.109,12,38000.0,10:00-21:00,"POS,CARD,TRANSFER,EMI",Invoice redirection fraud / fake payment slips,0.029,72,1569.38,INR,PURCHASE,POS,MOBILE_APP,1,0,Chennai,14.0,0,0,1,DEV-MONISHA-IPHONE-15,mobile_ios,0,BEN-CUST_MONISHA_001-TRUSTED,Trusted Household Vendor,8,0,4,26,0,0,0,None,Resolved Genuine,Standard Habitual Purchase,0
TXN-CUST_MONISHA_001-10738,2026-08-09 17:16:05,2026-08-09,17:16:05,17,6,1,0,CUST_MONISHA_001,420,Chennai,Tamil Nadu,Low Risk / 3% Fraud Rate,M027,BrickHarbor Realty,Real Estate / Property Services,Rental Escrow & Facility Management,Chennai,Porur,Tamil Nadu,600116,13.035,80.16,11,65000.0,09:00-19:00,"TRANSFER,NETBANKING,CARD",Security deposit phishing / escrow hijacking,0.039,97,3037.38,INR,PURCHASE,TRANSFER,MOBILE_APP,0,0,Chennai,4.0,0,0,1,DEV-MONISHA-IPHONE-15,mobile_ios,0,BEN-CUST_MONISHA_001-TRUSTED,Trusted Household Vendor,8,0,2,11,0,0,0,None,Resolved Genuine,Standard Habitual Purchase,0
TXN-CUST_MONISHA_001-10739,2026-08-09 18:41:07,2026-08-09,18:41:07,18,6,1,0,CUST_MONISHA_001,420,Chennai,Tamil Nadu,Low Risk / 3% Fraud Rate,M025,ShieldSure Services,Insurance Services,General & Health Insurance Premium,Chennai,Egmore,Tamil Nadu,600008,13.0784,80.2607,13,14000.0,09:30-18:00,"ONLINE,NETBANKING,CARD",Premium diversion / fake policy payment slips,0.019,47,1751.46,INR,PURCHASE,ONLINE,MOBILE_APP,0,0,Chennai,12.0,0,0,1,DEV-MONISHA-IPHONE-15,mobile_ios,0,BEN-CUST_MONISHA_001-TRUSTED,Trusted Household Vendor,10,0,2,10,0,0,0,None,Resolved Genuine,Standard Habitual Purchase,0
TXN-CUST_MONISHA_001-10740,2026-08-09 20:05:19,2026-08-09,20:05:19,20,6,1,0,CUST_MONISHA_001,420,Chennai,Tamil Nadu,Low Risk / 3% Fraud Rate,M026,GreenLeaf Wellness,Health & Wellness,Organic Nutrition & Ayurveda,Trichy,Srirangam,Tamil Nadu,620006,10.8624,78.6947,6,2100.0,08:00-21:00,"POS,UPI,ONLINE,CARD",Subscription card stuffing,0.013,32,2762.84,INR,PURCHASE,CARD,MOBILE_APP,1,0,Chennai,10.0,0,0,1,DEV-MONISHA-IPHONE-15,mobile_ios,0,BEN-CUST_MONISHA_001-TRUSTED,Trusted Household Vendor,3,0,2,11,0,0,0,None,Resolved Genuine,Standard Habitual Purchase,0
TXN-CUST_MONISHA_001-10741,2026-08-09 21:28:46,2026-08-09,21:28:46,21,6,1,0,CUST_MONISHA_001,420,Chennai,Tamil Nadu,Low Risk / 3% Fraud Rate,M006,MedicoCare Pharmacy,Pharmacy,Medicines & Surgical Supplies,Madurai,KK Nagar,Tamil Nadu,625020,9.9252,78.1498,10,1450.0,24_HOURS,"POS,UPI,CARD,ONLINE",Nighttime micro card testing,0.015,37,2947.16,INR,PURCHASE,ONLINE,MOBILE_APP,1,0,Chennai,12.0,0,0,1,DEV-MONISHA-IPHONE-15,mobile_ios,0,BEN-CUST_MONISHA_001-TRUSTED,Trusted Household Vendor,9,0,3,16,0,0,0,None,Resolved Genuine,Standard Habitual Purchase,0
TXN-CUST_MONISHA_001-10742,2026-08-09 22:53:24,2026-08-09,22:53:24,22,6,1,0,CUST_MONISHA_001,420,Chennai,Tamil Nadu,Low Risk / 3% Fraud Rate,M021,GlowCraft Salon,Salon / Beauty,Spa & Grooming Studio,Chennai,Porur,Tamil Nadu,600116,13.0382,80.1565,5,2800.0,09:00-21:00,"POS,UPI,CARD",Unusual late-night transaction spikes,0.011,27,1414.02,INR,PURCHASE,CARD,MOBILE_APP,1,0,Chennai,8.0,0,0,1,DEV-MONISHA-IPHONE-15,mobile_ios,0,BEN-CUST_MONISHA_001-TRUSTED,Trusted Household Vendor,12,0,2,10,0,0,0,None,Resolved Genuine,Standard Habitual Purchase,0
TXN-CUST_MONISHA_001-10743,2026-08-10 00:20:22,2026-08-10,00:20:22,0,0,0,1,CUST_MONISHA_001,420,Chennai,Tamil Nadu,Low Risk / 3% Fraud Rate,M023,SwiftBox Logistics,Courier / Logistics,Express Parcel & Freight Delivery,Tiruppur,Avinashi Road,Tamil Nadu,641603,11.1085,77.3411,9,4200.0,08:00-21:00,"POS,UPI,CARD,ONLINE",Interception fraud / address redirection,0.02,50,1949.74,INR,PURCHASE,ONLINE,MOBILE_APP,1,0,Chennai,2.0,0,0,1,DEV-MONISHA-IPHONE-15,mobile_ios,0,BEN-CUST_MONISHA_001-TRUSTED,Trusted Household Vendor,8,0,3,14,0,0,0,None,Resolved Genuine,Standard Habitual Purchase,0
TXN-CUST_MONISHA_001-10744,2026-08-10 01:47:07,2026-08-10,01:47:07,1,0,0,1,CUST_MONISHA_001,420,Chennai,Tamil Nadu,Low Risk / 3% Fraud Rate,M007,SpiceRoute Kitchen,Restaurant,Fine Dining & Chettinad,Chennai,Adyar,Tamil Nadu,600020,13.0012,80.2565,7,2200.0,11:30-23:30,"POS,UPI,CARD",Cloned card POS terminal replay,0.018,45,1054.97,INR,PURCHASE,CARD,MOBILE_APP,1,0,Chennai,9.0,0,0,1,DEV-MONISHA-IPHONE-15,mobile_ios,0,BEN-CUST_MONISHA_001-TRUSTED,Trusted Household Vendor,15,0,3,22,0,0,0,None,Resolved Genuine,Standard Habitual Purchase,0
TXN-CUST_MONISHA_001-10745,2026-08-10 03:11:50,2026-08-10,03:11:50,3,0,0,1,CUST_MONISHA_001,420,Chennai,Tamil Nadu,Low Risk / 3% Fraud Rate,M025,ShieldSure Services,Insurance Services,General & Health Insurance Premium,Chennai,Egmore,Tamil Nadu,600008,13.0784,80.2607,13,14000.0,09:30-18:00,"ONLINE,NETBANKING,CARD",Premium diversion / fake policy payment slips,0.019,47,2245.93,INR,PURCHASE,ONLINE,MOBILE_APP,0,0,Chennai,4.0,0,0,1,DEV-MONISHA-IPHONE-15,mobile_ios,0,BEN-CUST_MONISHA_001-TRUSTED,Trusted Household Vendor,4,0,2,17,0,0,0,None,Resolved Genuine,Standard Habitual Purchase,0
TXN-CUST_MONISHA_001-10746,2026-08-10 04:38:13,2026-08-10,04:38:13,4,0,0,1,CUST_MONISHA_001,420,Chennai,Tamil Nadu,Low Risk / 3% Fraud Rate,M006,MedicoCare Pharmacy,Pharmacy,Medicines & Surgical Supplies,Madurai,KK Nagar,Tamil Nadu,625020,9.9252,78.1498,10,1450.0,24_HOURS,"POS,UPI,CARD,ONLINE",Nighttime micro card testing,0.015,37,2348.13,INR,PURCHASE,UPI,MOBILE_APP,1,0,Chennai,1.0,0,0,1,DEV-MONISHA-IPHONE-15,mobile_ios,0,BEN-CUST_MONISHA_001-TRUSTED,Trusted Household Vendor,7,1,3,20,0,0,0,None,Resolved Genuine,Standard Habitual Purchase,0
TXN-CUST_MONISHA_001-10747,2026-08-10 06:03:08,2026-08-10,06:03:08,6,0,0,0,CUST_MONISHA_001,420,Chennai,Tamil Nadu,Low Risk / 3% Fraud Rate,M020,GameGrid Arena,Gaming,"Esports, Consoles & Virtual Credits",Bengaluru,Koramangala,Karnataka,560095,12.9352,77.6245,4,3400.0,10:00-01:00,"ONLINE,UPI,CARD,WALLET",Virtual item laundering & bot-driven micro transactions,0.055,137,2664.06,INR,PURCHASE,ONLINE,MOBILE_APP,0,0,Chennai,13.0,0,0,1,DEV-MONISHA-IPHONE-15,mobile_ios,0,BEN-CUST_MONISHA_001-TRUSTED,Trusted Household Vendor,14,0,1,14,0,0,0,None,Resolved Genuine,Standard Habitual Purchase,0
TXN-CUST_MONISHA_001-10748,2026-08-10 07:27:35,2026-08-10,07:27:35,7,0,0,0,CUST_MONISHA_001,420,Chennai,Tamil Nadu,Low Risk / 3% Fraud Rate,M026,GreenLeaf Wellness,Health & Wellness,Organic Nutrition & Ayurveda,Trichy,Srirangam,Tamil Nadu,620006,10.8624,78.6947,6,2100.0,08:00-21:00,"POS,UPI,ONLINE,CARD",Subscription card stuffing,0.013,32,848.01,INR,PURCHASE,CARD,MOBILE_APP,1,0,Chennai,9.0,0,0,1,DEV-MONISHA-IPHONE-15,mobile_ios,0,BEN-CUST_MONISHA_001-TRUSTED,Trusted Household Vendor,14,1,2,15,0,0,0,None,Resolved Genuine,Standard Habitual Purchase,0
TXN-CUST_MONISHA_001-10749,2026-08-10 08:53:30,2026-08-10,08:53:30,8,0,0,0,CUST_MONISHA_001,420,Chennai,Tamil Nadu,Low Risk / 3% Fraud Rate,M024,LinkWave Telecom,Telecom Retail,Fiber Broadband & Postpaid Plans,Erode,Perundurai Road,Tamil Nadu,638011,11.341,77.7172,10,1950.0,09:30-20:30,"UPI,CARD,ONLINE,POS",SIM swap bill recharge surges,0.017,42,2363.83,INR,PURCHASE,CARD,MOBILE_APP,1,0,Chennai,6.0,0,0,1,DEV-MONISHA-IPHONE-15,mobile_ios,0,BEN-CUST_MONISHA_001-TRUSTED,Trusted Household Vendor,8,0,1,7,0,0,0,None,Resolved Genuine,Standard Habitual Purchase,0
TXN-CUST_MONISHA_001-10750,2026-08-10 10:18:19,2026-08-10,10:18:19,10,0,0,0,CUST_MONISHA_001,420,Chennai,Tamil Nadu,Low Risk / 3% Fraud Rate,M014,OakLine Furnishings,Furniture,Teak Wood & Modern Home Decor,Madurai,Bypass Road,Tamil Nadu,625016,9.932,78.109,12,38000.0,10:00-21:00,"POS,CARD,TRANSFER,EMI",Invoice redirection fraud / fake payment slips,0.029,72,2815.53,INR,PURCHASE,EMI,MOBILE_APP,1,0,Chennai,7.0,0,0,1,DEV-MONISHA-IPHONE-15,mobile_ios,0,BEN-CUST_MONISHA_001-TRUSTED,Trusted Household Vendor,10,0,1,6,0,0,0,None,Resolved Genuine,Standard Habitual Purchase,0
TXN-CUST_MONISHA_001-10751,2026-08-10 11:47:04,2026-08-10,11:47:04,11,0,0,0,CUST_MONISHA_001,420,Chennai,Tamil Nadu,Low Risk / 3% Fraud Rate,M005,UrbanThread Studio,Fashion / Apparel,Designer & Ready-to-wear,Chennai,Anna Nagar,Tamil Nadu,600040,13.085,80.2101,5,4800.0,10:30-22:00,"POS,ONLINE,UPI,CARD",Refund abuse / credential stuffing,0.022,55,1285.83,INR,PURCHASE,ONLINE,MOBILE_APP,1,0,Chennai,10.0,0,0,1,DEV-MONISHA-IPHONE-15,mobile_ios,0,BEN-CUST_MONISHA_001-TRUSTED,Trusted Household Vendor,8,0,4,25,0,0,0,None,Resolved Genuine,Standard Habitual Purchase,0
TXN-CUST_MONISHA_001-10752,2026-08-10 13:14:47,2026-08-10,13:14:47,13,0,0,0,CUST_MONISHA_001,420,Chennai,Tamil Nadu,Low Risk / 3% Fraud Rate,M021,GlowCraft Salon,Salon / Beauty,Spa & Grooming Studio,Chennai,Porur,Tamil Nadu,600116,13.0382,80.1565,5,2800.0,09:00-21:00,"POS,UPI,CARD",Unusual late-night transaction spikes,0.011,27,1619.1,INR,PURCHASE,CARD,MOBILE_APP,1,0,Chennai,5.0,0,0,1,DEV-MONISHA-IPHONE-15,mobile_ios,0,BEN-CUST_MONISHA_001-TRUSTED,Trusted Household Vendor,3,0,2,10,0,0,0,None,Resolved Genuine,Standard Habitual Purchase,0
TXN-CUST_MONISHA_001-10753,2026-08-10 14:39:52,2026-08-10,14:39:52,14,0,0,0,CUST_MONISHA_001,420,Chennai,Tamil Nadu,Low Risk / 3% Fraud Rate,M004,Aurelia Gold House,Jewellery,Gold & Diamond Jewellery,Coimbatore,RS Puram,Tamil Nadu,641002,11.0089,76.9514,14,78000.0,10:00-20:30,"POS,CARD,TRANSFER",Account takeover / card-not-present luxury surge,0.065,162,2772.86,INR,PURCHASE,CARD,MOBILE_APP,1,0,Chennai,8.0,0,0,1,DEV-MONISHA-IPHONE-15,mobile_ios,0,BEN-CUST_MONISHA_001-TRUSTED,Trusted Household Vendor,6,0,3,16,0,0,0,None,Resolved Genuine,Standard Habitual Purchase,0
TXN-CUST_MONISHA_001-10754,2026-08-10 16:08:00,2026-08-10,16:08:00,16,0,0,0,CUST_MONISHA_001,420,Chennai,Tamil Nadu,Low Risk / 3% Fraud Rate,M021,GlowCraft Salon,Salon / Beauty,Spa & Grooming Studio,Chennai,Porur,Tamil Nadu,600116,13.0382,80.1565,5,2800.0,09:00-21:00,"POS,UPI,CARD",Unusual late-night transaction spikes,0.011,27,3009.46,INR,PURCHASE,UPI,MOBILE_APP,1,0,Chennai,15.0,0,0,1,DEV-MONISHA-IPHONE-15,mobile_ios,0,BEN-CUST_MONISHA_001-TRUSTED,Trusted Household Vendor,4,1,2,18,0,0,0,None,Resolved Genuine,Standard Habitual Purchase,0
TXN-CUST_MONISHA_001-10755,2026-08-10 17:34:20,2026-08-10,17:34:20,17,0,0,0,CUST_MONISHA_001,420,Chennai,Tamil Nadu,Low Risk / 3% Fraud Rate,M007,SpiceRoute Kitchen,Restaurant,Fine Dining & Chettinad,Chennai,Adyar,Tamil Nadu,600020,13.0012,80.2565,7,2200.0,11:30-23:30,"POS,UPI,CARD",Cloned card POS terminal replay,0.018,45,2164.3,INR,PURCHASE,UPI,MOBILE_APP,1,0,Chennai,14.0,0,0,1,DEV-MONISHA-IPHONE-15,mobile_ios,0,BEN-CUST_MONISHA_001-TRUSTED,Trusted Household Vendor,14,0,1,9,0,0,0,None,Resolved Genuine,Standard Habitual Purchase,0
TXN-CUST_MONISHA_001-10756,2026-08-10 18:59:14,2026-08-10,18:59:14,18,0,0,0,CUST_MONISHA_001,420,Chennai,Tamil Nadu,Low Risk / 3% Fraud Rate,M014,OakLine Furnishings,Furniture,Teak Wood & Modern Home Decor,Madurai,Bypass Road,Tamil Nadu,625016,9.932,78.109,12,38000.0,10:00-21:00,"POS,CARD,TRANSFER,EMI",Invoice redirection fraud / fake payment slips,0.029,72,2135.95,INR,PURCHASE,POS,MOBILE_APP,1,0,Chennai,15.0,0,0,1,DEV-MONISHA-IPHONE-15,mobile_ios,0,BEN-CUST_MONISHA_001-TRUSTED,Trusted Household Vendor,12,0,2,16,0,0,0,None,Resolved Genuine,Standard Habitual Purchase,0
TXN-CUST_MONISHA_001-10757,2026-08-10 20:28:30,2026-08-10,20:28:30,20,0,0,0,CUST_MONISHA_001,420,Chennai,Tamil Nadu,Low Risk / 3% Fraud Rate,M002,CircuitBay Electronics,Consumer Electronics,Laptops & Gadgets,Chennai,Velachery,Tamil Nadu,600042,12.9759,80.2212,6,32000.0,10:00-21:30,"POS,ONLINE,EMI,UPI",Stolen payment details / high-ticket electronics delivery,0.048,120,3099.58,INR,PURCHASE,UPI,MOBILE_APP,1,0,Chennai,12.0,0,0,1,DEV-MONISHA-IPHONE-15,mobile_ios,0,BEN-CUST_MONISHA_001-TRUSTED,Trusted Household Vendor,9,0,1,13,0,0,0,None,Resolved Genuine,Standard Habitual Purchase,0
TXN-CUST_MONISHA_001-10758,2026-08-10 21:56:46,2026-08-10,21:56:46,21,0,0,0,CUST_MONISHA_001,420,Chennai,Tamil Nadu,Low Risk / 3% Fraud Rate,M023,SwiftBox Logistics,Courier / Logistics,Express Parcel & Freight Delivery,Tiruppur,Avinashi Road,Tamil Nadu,641603,11.1085,77.3411,9,4200.0,08:00-21:00,"POS,UPI,CARD,ONLINE",Interception fraud / address redirection,0.02,50,2701.82,INR,PURCHASE,POS,MOBILE_APP,1,0,Chennai,8.0,0,0,1,DEV-MONISHA-IPHONE-15,mobile_ios,0,BEN-CUST_MONISHA_001-TRUSTED,Trusted Household Vendor,11,0,1,12,0,0,0,None,Resolved Genuine,Standard Habitual Purchase,0
TXN-CUST_MONISHA_001-10759,2026-08-10 23:25:52,2026-08-10,23:25:52,23,0,0,1,CUST_MONISHA_001,420,Chennai,Tamil Nadu,Low Risk / 3% Fraud Rate,M005,UrbanThread Studio,Fashion / Apparel,Designer & Ready-to-wear,Chennai,Anna Nagar,Tamil Nadu,600040,13.085,80.2101,5,4800.0,10:30-22:00,"POS,ONLINE,UPI,CARD",Refund abuse / credential stuffing,0.022,55,1618.67,INR,PURCHASE,CARD,MOBILE_APP,1,0,Chennai,4.0,0,0,1,DEV-MONISHA-IPHONE-15,mobile_ios,0,BEN-CUST_MONISHA_001-TRUSTED,Trusted Household Vendor,3,0,1,10,0,0,0,None,Resolved Genuine,Standard Habitual Purchase,0
TXN-CUST_MONISHA_001-10760,2026-08-11 00:50:14,2026-08-11,00:50:14,0,1,0,1,CUST_MONISHA_001,420,Chennai,Tamil Nadu,Low Risk / 3% Fraud Rate,M015,HomeSphere Appliances,Home Appliances,"Refrigerators, ACs & Kitchen Tech",Coimbatore,Saibaba Colony,Tamil Nadu,641011,11.0315,76.945,9,27500.0,09:30-21:00,"POS,EMI,CARD,UPI",Carding attacks with immediate in-store pickup,0.038,95,2787.54,INR,PURCHASE,EMI,MOBILE_APP,1,0,Chennai,12.0,0,0,1,DEV-MONISHA-IPHONE-15,mobile_ios,0,BEN-CUST_MONISHA_001-TRUSTED,Trusted Household Vendor,10,0,4,24,0,0,0,None,Resolved Genuine,Standard Habitual Purchase,0
TXN-CUST_MONISHA_001-10761,2026-08-11 02:14:45,2026-08-11,02:14:45,2,1,0,1,CUST_MONISHA_001,420,Chennai,Tamil Nadu,Low Risk / 3% Fraud Rate,M028,CraftCove Home Decor,Home Decor,Handicrafts & Art Pieces,Thanjavur,Medical College Road,Tamil Nadu,613004,10.7684,79.1245,8,7400.0,09:30-20:30,"POS,UPI,CARD,ONLINE",Cross-border tourist chargebacks,0.023,57,1646.78,INR,PURCHASE,POS,MOBILE_APP,1,0,Chennai,8.0,0,0,1,DEV-MONISHA-IPHONE-15,mobile_ios,0,BEN-CUST_MONISHA_001-TRUSTED,Trusted Household Vendor,13,0,1,12,0,0,0,None,Resolved Genuine,Standard Habitual Purchase,0
TXN-CUST_MONISHA_001-10762,2026-08-11 03:43:30,2026-08-11,03:43:30,3,1,0,1,CUST_MONISHA_001,420,Chennai,Tamil Nadu,Low Risk / 3% Fraud Rate,M011,SkyTrail Travels,Travel Agency,Flight & International Tour Packages,Coimbatore,Gandhipuram,Tamil Nadu,641012,11.0183,76.9664,11,44000.0,09:00-20:00,"ONLINE,TRANSFER,CARD",Mule-account ticket arbitrage & fast cancellation fraud,0.052,130,2022.35,INR,PURCHASE,CARD,MOBILE_APP,0,0,Chennai,5.0,0,0,1,DEV-MONISHA-IPHONE-15,mobile_ios,0,BEN-CUST_MONISHA_001-TRUSTED,Trusted Household Vendor,14,0,3,22,0,0,0,None,Resolved Genuine,Standard Habitual Purchase,0
TXN-CUST_MONISHA_001-10763,2026-08-11 05:10:22,2026-08-11,05:10:22,5,1,0,1,CUST_MONISHA_001,420,Chennai,Tamil Nadu,Low Risk / 3% Fraud Rate,M007,SpiceRoute Kitchen,Restaurant,Fine Dining & Chettinad,Chennai,Adyar,Tamil Nadu,600020,13.0012,80.2565,7,2200.0,11:30-23:30,"POS,UPI,CARD",Cloned card POS terminal replay,0.018,45,2623.2,INR,PURCHASE,POS,MOBILE_APP,1,0,Chennai,2.0,0,0,1,DEV-MONISHA-IPHONE-15,mobile_ios,0,BEN-CUST_MONISHA_001-TRUSTED,Trusted Household Vendor,14,0,3,22,0,0,0,None,Resolved Genuine,Standard Habitual Purchase,0
TXN-CUST_MONISHA_001-10764,2026-08-11 06:39:26,2026-08-11,06:39:26,6,1,0,0,CUST_MONISHA_001,420,Chennai,Tamil Nadu,Low Risk / 3% Fraud Rate,M022,SkillSpring Academy,Education / Training,Professional Certifications & Tech Bootcamps,Chennai,Mylapore,Tamil Nadu,600004,13.0368,80.2676,8,22000.0,08:30-19:30,"ONLINE,NETBANKING,CARD,UPI",Stolen corporate card enrollments,0.028,70,1631.74,INR,PURCHASE,ONLINE,MOBILE_APP,0,0,Chennai,1.0,0,0,1,DEV-MONISHA-IPHONE-15,mobile_ios,0,BEN-CUST_MONISHA_001-TRUSTED,Trusted Household Vendor,10,1,3,19,0,0,0,None,Resolved Genuine,Standard Habitual Purchase,0
TXN-CUST_MONISHA_001-10765,2026-08-11 08:05:02,2026-08-11,08:05:02,8,1,0,0,CUST_MONISHA_001,420,Chennai,Tamil Nadu,Low Risk / 3% Fraud Rate,M021,GlowCraft Salon,Salon / Beauty,Spa & Grooming Studio,Chennai,Porur,Tamil Nadu,600116,13.0382,80.1565,5,2800.0,09:00-21:00,"POS,UPI,CARD",Unusual late-night transaction spikes,0.011,27,2087.57,INR,PURCHASE,UPI,MOBILE_APP,1,0,Chennai,2.0,0,0,1,DEV-MONISHA-IPHONE-15,mobile_ios,0,BEN-CUST_MONISHA_001-TRUSTED,Trusted Household Vendor,5,0,2,13,0,0,0,None,Resolved Genuine,Standard Habitual Purchase,0
TXN-CUST_MONISHA_001-10766,2026-08-11 09:31:40,2026-08-11,09:31:40,9,1,0,0,CUST_MONISHA_001,420,Chennai,Tamil Nadu,Low Risk / 3% Fraud Rate,M021,GlowCraft Salon,Salon / Beauty,Spa & Grooming Studio,Chennai,Porur,Tamil Nadu,600116,13.0382,80.1565,5,2800.0,09:00-21:00,"POS,UPI,CARD",Unusual late-night transaction spikes,0.011,27,1899.67,INR,PURCHASE,CARD,MOBILE_APP,1,0,Chennai,13.0,0,0,1,DEV-MONISHA-IPHONE-15,mobile_ios,0,BEN-CUST_MONISHA_001-TRUSTED,Trusted Household Vendor,15,0,2,13,0,0,0,None,Resolved Genuine,Standard Habitual Purchase,0
TXN-CUST_MONISHA_001-10767,2026-08-11 10:56:59,2026-08-11,10:56:59,10,1,0,0,CUST_MONISHA_001,420,Chennai,Tamil Nadu,Low Risk / 3% Fraud Rate,M029,CloudDesk Digital,Software / Digital Services,Cloud Infrastructure & SaaS Tools,Bengaluru,Whitefield,Karnataka,560066,12.9698,77.7499,7,19800.0,24_HOURS,"ONLINE,CARD,TRANSFER",Cryptomining VM rental with stolen credit cards,0.058,145,1405.62,INR,PURCHASE,CARD,MOBILE_APP,0,0,Chennai,11.0,0,0,1,DEV-MONISHA-IPHONE-15,mobile_ios,0,BEN-CUST_MONISHA_001-TRUSTED,Trusted Household Vendor,4,0,1,11,0,0,0,None,Resolved Genuine,Standard Habitual Purchase,0
TXN-CUST_MONISHA_001-10768,2026-08-11 12:23:06,2026-08-11,12:23:06,12,1,0,0,CUST_MONISHA_001,420,Chennai,Tamil Nadu,Low Risk / 3% Fraud Rate,M017,AutoForge Parts,Spare Parts,OEM Industrial & Auto Components,Hosur,Mookandapalli,Tamil Nadu,635126,12.7409,77.8253,15,16500.0,09:00-19:30,"TRANSFER,POS,CARD",Business email compromise / fake beneficiary update,0.033,82,2012.44,INR,PURCHASE,CARD,MOBILE_APP,1,0,Chennai,2.0,0,0,1,DEV-MONISHA-IPHONE-15,mobile_ios,0,BEN-CUST_MONISHA_001-TRUSTED,Trusted Household Vendor,10,0,3,19,0,0,0,None,Resolved Genuine,Standard Habitual Purchase,0
TXN-CUST_MONISHA_001-10769,2026-08-11 13:51:18,2026-08-11,13:51:18,13,1,0,0,CUST_MONISHA_001,420,Chennai,Tamil Nadu,Low Risk / 3% Fraud Rate,M023,SwiftBox Logistics,Courier / Logistics,Express Parcel & Freight Delivery,Tiruppur,Avinashi Road,Tamil Nadu,641603,11.1085,77.3411,9,4200.0,08:00-21:00,"POS,UPI,CARD,ONLINE",Interception fraud / address redirection,0.02,50,2672.58,INR,PURCHASE,POS,MOBILE_APP,1,0,Chennai,15.0,0,0,1,DEV-MONISHA-IPHONE-15,mobile_ios,0,BEN-CUST_MONISHA_001-TRUSTED,Trusted Household Vendor,4,1,4,24,0,0,0,None,Resolved Genuine,Standard Habitual Purchase,0
TXN-CUST_MONISHA_001-10770,2026-08-11 15:20:05,2026-08-11,15:20:05,15,1,0,0,CUST_MONISHA_001,420,Chennai,Tamil Nadu,Low Risk / 3% Fraud Rate,M010,HarborView Residency,Hotel / Hospitality,Business & Luxury Hotel,Chennai,OMR,Tamil Nadu,600096,12.9165,80.2285,6,9500.0,24_HOURS,"ONLINE,POS,CARD,TRANSFER",Online travel booking fraud with stolen corporate credentials,0.041,102,3022.32,INR,PURCHASE,POS,MOBILE_APP,1,0,Chennai,2.0,0,0,1,DEV-MONISHA-IPHONE-15,mobile_ios,0,BEN-CUST_MONISHA_001-TRUSTED,Trusted Household Vendor,4,1,3,21,0,0,0,None,Resolved Genuine,Standard Habitual Purchase,0
TXN-CUST_MONISHA_001-10771,2026-08-11 16:44:24,2026-08-11,16:44:24,16,1,0,0,CUST_MONISHA_001,420,Chennai,Tamil Nadu,Low Risk / 3% Fraud Rate,M007,SpiceRoute Kitchen,Restaurant,Fine Dining & Chettinad,Chennai,Adyar,Tamil Nadu,600020,13.0012,80.2565,7,2200.0,11:30-23:30,"POS,UPI,CARD",Cloned card POS terminal replay,0.018,45,1998.41,INR,PURCHASE,CARD,MOBILE_APP,1,0,Chennai,11.0,0,0,1,DEV-MONISHA-IPHONE-15,mobile_ios,0,BEN-CUST_MONISHA_001-TRUSTED,Trusted Household Vendor,13,1,4,20,0,0,0,None,Resolved Genuine,Standard Habitual Purchase,0
TXN-CUST_MONISHA_001-10772,2026-08-11 18:10:38,2026-08-11,18:10:38,18,1,0,0,CUST_MONISHA_001,420,Chennai,Tamil Nadu,Low Risk / 3% Fraud Rate,M014,OakLine Furnishings,Furniture,Teak Wood & Modern Home Decor,Madurai,Bypass Road,Tamil Nadu,625016,9.932,78.109,12,38000.0,10:00-21:00,"POS,CARD,TRANSFER,EMI",Invoice redirection fraud / fake payment slips,0.029,72,1818.63,INR,PURCHASE,POS,MOBILE_APP,1,0,Chennai,11.0,0,0,1,DEV-MONISHA-IPHONE-15,mobile_ios,0,BEN-CUST_MONISHA_001-TRUSTED,Trusted Household Vendor,4,1,2,13,0,0,0,None,Resolved Genuine,Standard Habitual Purchase,0
TXN-CUST_MONISHA_001-10773,2026-08-11 19:39:03,2026-08-11,19:39:03,19,1,0,0,CUST_MONISHA_001,420,Chennai,Tamil Nadu,Low Risk / 3% Fraud Rate,M017,AutoForge Parts,Spare Parts,OEM Industrial & Auto Components,Hosur,Mookandapalli,Tamil Nadu,635126,12.7409,77.8253,15,16500.0,09:00-19:30,"TRANSFER,POS,CARD",Business email compromise / fake beneficiary update,0.033,82,2288.53,INR,PURCHASE,CARD,MOBILE_APP,1,0,Chennai,7.0,0,0,1,DEV-MONISHA-IPHONE-15,mobile_ios,0,BEN-CUST_MONISHA_001-TRUSTED,Trusted Household Vendor,10,0,3,22,0,0,0,None,Resolved Genuine,Standard Habitual Purchase,0
TXN-CUST_MONISHA_001-10774,2026-08-11 21:07:30,2026-08-11,21:07:30,21,1,0,0,CUST_MONISHA_001,420,Chennai,Tamil Nadu,Low Risk / 3% Fraud Rate,M015,HomeSphere Appliances,Home Appliances,"Refrigerators, ACs & Kitchen Tech",Coimbatore,Saibaba Colony,Tamil Nadu,641011,11.0315,76.945,9,27500.0,09:30-21:00,"POS,EMI,CARD,UPI",Carding attacks with immediate in-store pickup,0.038,95,1851.74,INR,PURCHASE,CARD,MOBILE_APP,1,0,Chennai,10.0,0,0,1,DEV-MONISHA-IPHONE-15,mobile_ios,0,BEN-CUST_MONISHA_001-TRUSTED,Trusted Household Vendor,5,1,3,17,0,0,0,None,Resolved Genuine,Standard Habitual Purchase,0
TXN-CUST_MONISHA_001-10775,2026-08-11 22:33:48,2026-08-11,22:33:48,22,1,0,0,CUST_MONISHA_001,420,Chennai,Tamil Nadu,Low Risk / 3% Fraud Rate,M010,HarborView Residency,Hotel / Hospitality,Business & Luxury Hotel,Chennai,OMR,Tamil Nadu,600096,12.9165,80.2285,6,9500.0,24_HOURS,"ONLINE,POS,CARD,TRANSFER",Online travel booking fraud with stolen corporate credentials,0.041,102,2581.21,INR,PURCHASE,POS,MOBILE_APP,1,0,Chennai,1.0,0,0,1,DEV-MONISHA-IPHONE-15,mobile_ios,0,BEN-CUST_MONISHA_001-TRUSTED,Trusted Household Vendor,10,1,3,16,0,0,0,None,Resolved Genuine,Standard Habitual Purchase,0
TXN-CUST_MONISHA_001-10776,2026-08-12 00:01:29,2026-08-12,00:01:29,0,2,0,1,CUST_MONISHA_001,420,Chennai,Tamil Nadu,Low Risk / 3% Fraud Rate,M010,HarborView Residency,Hotel / Hospitality,Business & Luxury Hotel,Chennai,OMR,Tamil Nadu,600096,12.9165,80.2285,6,9500.0,24_HOURS,"ONLINE,POS,CARD,TRANSFER",Online travel booking fraud with stolen corporate credentials,0.041,102,1206.54,INR,PURCHASE,POS,MOBILE_APP,1,0,Chennai,3.0,0,0,1,DEV-MONISHA-IPHONE-15,mobile_ios,0,BEN-CUST_MONISHA_001-TRUSTED,Trusted Household Vendor,5,0,2,11,0,0,0,None,Resolved Genuine,Standard Habitual Purchase,0
TXN-CUST_MONISHA_001-10777,2026-08-12 01:25:07,2026-08-12,01:25:07,1,2,0,1,CUST_MONISHA_001,420,Chennai,Tamil Nadu,Low Risk / 3% Fraud Rate,M011,SkyTrail Travels,Travel Agency,Flight & International Tour Packages,Coimbatore,Gandhipuram,Tamil Nadu,641012,11.0183,76.9664,11,44000.0,09:00-20:00,"ONLINE,TRANSFER,CARD",Mule-account ticket arbitrage & fast cancellation fraud,0.052,130,2124.39,INR,PURCHASE,CARD,MOBILE_APP,0,0,Chennai,8.0,0,0,1,DEV-MONISHA-IPHONE-15,mobile_ios,0,BEN-CUST_MONISHA_001-TRUSTED,Trusted Household Vendor,6,0,2,10,0,0,0,None,Resolved Genuine,Standard Habitual Purchase,0
TXN-CUST_MONISHA_001-10778,2026-08-12 02:52:31,2026-08-12,02:52:31,2,2,0,1,CUST_MONISHA_001,420,Chennai,Tamil Nadu,Low Risk / 3% Fraud Rate,M012,DashDine Delivery,Food Delivery,Quick Commerce & Meal Delivery,Chennai,Sholinganallur,Tamil Nadu,600119,12.901,80.2279,4,520.0,06:00-02:00,"UPI,CARD,ONLINE,WALLET",Promo code abuse / stolen wallet balances,0.014,35,1126.19,INR,PURCHASE,ONLINE,MOBILE_APP,0,0,Chennai,8.0,0,0,1,DEV-MONISHA-IPHONE-15,mobile_ios,0,BEN-CUST_MONISHA_001-TRUSTED,Trusted Household Vendor,11,0,2,11,0,0,0,None,Resolved Genuine,Standard Habitual Purchase,0
TXN-CUST_MONISHA_001-10779,2026-08-12 04:21:26,2026-08-12,04:21:26,4,2,0,1,CUST_MONISHA_001,420,Chennai,Tamil Nadu,Low Risk / 3% Fraud Rate,M013,CartNest Online,E-commerce,Multi-category Marketplace,Chennai,Guindy,Tamil Nadu,600032,13.0067,80.2026,5,6200.0,24_HOURS,"ONLINE,UPI,CARD,NETBANKING",Account takeover + triangulation shipping fraud,0.045,112,19241.68,INR,PURCHASE,CARD,MOBILE_APP,0,0,Delhi,627.0,1,0,1,DEV-MONISHA-IPHONE-15,mobile_ios,0,BEN-CUST_MONISHA_001-01,Self Family Transfer,3,2,4,22,1,0,0,Geographic Anomaly / High Ticket Spike,Review Required,Sudden location velocity jump with new merchant,1
TXN-CUST_MONISHA_001-10780,2026-08-12 05:47:41,2026-08-12,05:47:41,5,2,0,1,CUST_MONISHA_001,420,Chennai,Tamil Nadu,Low Risk / 3% Fraud Rate,M010,HarborView Residency,Hotel / Hospitality,Business & Luxury Hotel,Chennai,OMR,Tamil Nadu,600096,12.9165,80.2285,6,9500.0,24_HOURS,"ONLINE,POS,CARD,TRANSFER",Online travel booking fraud with stolen corporate credentials,0.041,102,3048.88,INR,PURCHASE,TRANSFER,MOBILE_APP,1,0,Chennai,13.0,0,0,1,DEV-MONISHA-IPHONE-15,mobile_ios,0,BEN-CUST_MONISHA_001-TRUSTED,Trusted Household Vendor,15,0,2,15,0,0,0,None,Resolved Genuine,Standard Habitual Purchase,0
TXN-CUST_MONISHA_001-10781,2026-08-12 07:15:13,2026-08-12,07:15:13,7,2,0,0,CUST_MONISHA_001,420,Chennai,Tamil Nadu,Low Risk / 3% Fraud Rate,M024,LinkWave Telecom,Telecom Retail,Fiber Broadband & Postpaid Plans,Erode,Perundurai Road,Tamil Nadu,638011,11.341,77.7172,10,1950.0,09:30-20:30,"UPI,CARD,ONLINE,POS",SIM swap bill recharge surges,0.017,42,1900.82,INR,PURCHASE,UPI,MOBILE_APP,1,0,Chennai,1.0,0,0,1,DEV-MONISHA-IPHONE-15,mobile_ios,0,BEN-CUST_MONISHA_001-TRUSTED,Trusted Household Vendor,7,1,1,12,0,0,0,None,Resolved Genuine,Standard Habitual Purchase,0
TXN-CUST_MONISHA_001-10782,2026-08-12 08:42:19,2026-08-12,08:42:19,8,2,0,0,CUST_MONISHA_001,420,Chennai,Tamil Nadu,Low Risk / 3% Fraud Rate,M008,BeanCircuit Cafe,Cafe,Specialty Coffee & Bakery,Bengaluru,Indiranagar,Karnataka,560038,12.9784,77.6408,3,650.0,07:30-23:00,"UPI,POS,CARD",QR code spoofing / fast velocity dining,0.009,22,1823.58,INR,PURCHASE,CARD,MOBILE_APP,1,0,Chennai,2.0,0,0,1,DEV-MONISHA-IPHONE-15,mobile_ios,0,BEN-CUST_MONISHA_001-TRUSTED,Trusted Household Vendor,12,0,2,13,0,0,0,None,Resolved Genuine,Standard Habitual Purchase,0
TXN-CUST_MONISHA_001-10783,2026-08-12 10:10:25,2026-08-12,10:10:25,10,2,0,0,CUST_MONISHA_001,420,Chennai,Tamil Nadu,Low Risk / 3% Fraud Rate,M025,ShieldSure Services,Insurance Services,General & Health Insurance Premium,Chennai,Egmore,Tamil Nadu,600008,13.0784,80.2607,13,14000.0,09:30-18:00,"ONLINE,NETBANKING,CARD",Premium diversion / fake policy payment slips,0.019,47,1430.35,INR,PURCHASE,CARD,MOBILE_APP,0,0,Chennai,1.0,0,0,1,DEV-MONISHA-IPHONE-15,mobile_ios,0,BEN-CUST_MONISHA_001-TRUSTED,Trusted Household Vendor,13,1,4,19,0,0,0,None,Resolved Genuine,Standard Habitual Purchase,0
TXN-CUST_MONISHA_001-10784,2026-08-12 11:39:40,2026-08-12,11:39:40,11,2,0,0,CUST_MONISHA_001,420,Chennai,Tamil Nadu,Low Risk / 3% Fraud Rate,M013,CartNest Online,E-commerce,Multi-category Marketplace,Chennai,Guindy,Tamil Nadu,600032,13.0067,80.2026,5,6200.0,24_HOURS,"ONLINE,UPI,CARD,NETBANKING",Account takeover + triangulation shipping fraud,0.045,112,1235.01,INR,PURCHASE,CARD,MOBILE_APP,0,0,Chennai,6.0,0,0,1,DEV-MONISHA-IPHONE-15,mobile_ios,0,BEN-CUST_MONISHA_001-TRUSTED,Trusted Household Vendor,13,0,1,12,0,0,0,None,Resolved Genuine,Standard Habitual Purchase,0
TXN-CUST_MONISHA_001-10785,2026-08-12 13:03:57,2026-08-12,13:03:57,13,2,0,0,CUST_MONISHA_001,420,Chennai,Tamil Nadu,Low Risk / 3% Fraud Rate,M028,CraftCove Home Decor,Home Decor,Handicrafts & Art Pieces,Thanjavur,Medical College Road,Tamil Nadu,613004,10.7684,79.1245,8,7400.0,09:30-20:30,"POS,UPI,CARD,ONLINE",Cross-border tourist chargebacks,0.023,57,1780.68,INR,PURCHASE,CARD,MOBILE_APP,1,0,Chennai,7.0,0,0,1,DEV-MONISHA-IPHONE-15,mobile_ios,0,BEN-CUST_MONISHA_001-TRUSTED,Trusted Household Vendor,8,0,3,18,0,0,0,None,Resolved Genuine,Standard Habitual Purchase,0
TXN-CUST_MONISHA_001-10786,2026-08-12 14:33:13,2026-08-12,14:33:13,14,2,0,0,CUST_MONISHA_001,420,Chennai,Tamil Nadu,Low Risk / 3% Fraud Rate,M028,CraftCove Home Decor,Home Decor,Handicrafts & Art Pieces,Thanjavur,Medical College Road,Tamil Nadu,613004,10.7684,79.1245,8,7400.0,09:30-20:30,"POS,UPI,CARD,ONLINE",Cross-border tourist chargebacks,0.023,57,2092.82,INR,PURCHASE,ONLINE,MOBILE_APP,1,0,Chennai,4.0,0,0,1,DEV-MONISHA-IPHONE-15,mobile_ios,0,BEN-CUST_MONISHA_001-TRUSTED,Trusted Household Vendor,14,0,4,25,0,0,0,None,Resolved Genuine,Standard Habitual Purchase,0
TXN-CUST_MONISHA_001-10787,2026-08-12 15:58:21,2026-08-12,15:58:21,15,2,0,0,CUST_MONISHA_001,420,Chennai,Tamil Nadu,Low Risk / 3% Fraud Rate,M026,GreenLeaf Wellness,Health & Wellness,Organic Nutrition & Ayurveda,Trichy,Srirangam,Tamil Nadu,620006,10.8624,78.6947,6,2100.0,08:00-21:00,"POS,UPI,ONLINE,CARD",Subscription card stuffing,0.013,32,2483.52,INR,PURCHASE,POS,MOBILE_APP,1,0,Chennai,15.0,0,0,1,DEV-MONISHA-IPHONE-15,mobile_ios,0,BEN-CUST_MONISHA_001-TRUSTED,Trusted Household Vendor,5,0,4,20,0,0,0,None,Resolved Genuine,Standard Habitual Purchase,0
TXN-CUST_MONISHA_001-10788,2026-08-12 17:23:00,2026-08-12,17:23:00,17,2,0,0,CUST_MONISHA_001,420,Chennai,Tamil Nadu,Low Risk / 3% Fraud Rate,M016,MotoCare Garage,Auto Service,Car Service & Detailing Hub,Chennai,Pallikaranai,Tamil Nadu,600100,12.9372,80.2014,7,8900.0,08:30-20:30,"POS,UPI,CARD",Over-invoicing / synthetic card payments,0.021,52,3092.81,INR,PURCHASE,UPI,MOBILE_APP,1,0,Chennai,9.0,0,0,1,DEV-MONISHA-IPHONE-15,mobile_ios,0,BEN-CUST_MONISHA_001-TRUSTED,Trusted Household Vendor,12,0,1,7,0,0,0,None,Resolved Genuine,Standard Habitual Purchase,0
TXN-CUST_MONISHA_001-10789,2026-08-12 18:46:26,2026-08-12,18:46:26,18,2,0,0,CUST_MONISHA_001,420,Chennai,Tamil Nadu,Low Risk / 3% Fraud Rate,M021,GlowCraft Salon,Salon / Beauty,Spa & Grooming Studio,Chennai,Porur,Tamil Nadu,600116,13.0382,80.1565,5,2800.0,09:00-21:00,"POS,UPI,CARD",Unusual late-night transaction spikes,0.011,27,2919.72,INR,PURCHASE,CARD,MOBILE_APP,1,0,Chennai,7.0,0,0,1,DEV-MONISHA-IPHONE-15,mobile_ios,0,BEN-CUST_MONISHA_001-TRUSTED,Trusted Household Vendor,14,1,4,20,0,0,0,None,Resolved Genuine,Standard Habitual Purchase,0
TXN-CUST_MONISHA_001-10790,2026-08-12 20:11:02,2026-08-12,20:11:02,20,2,0,0,CUST_MONISHA_001,420,Chennai,Tamil Nadu,Low Risk / 3% Fraud Rate,M027,BrickHarbor Realty,Real Estate / Property Services,Rental Escrow & Facility Management,Chennai,Porur,Tamil Nadu,600116,13.035,80.16,11,65000.0,09:00-19:00,"TRANSFER,NETBANKING,CARD",Security deposit phishing / escrow hijacking,0.039,97,1673.34,INR,PURCHASE,NETBANKING,MOBILE_APP,0,0,Chennai,9.0,0,0,1,DEV-MONISHA-IPHONE-15,mobile_ios,0,BEN-CUST_MONISHA_001-TRUSTED,Trusted Household Vendor,12,0,3,21,0,0,0,None,Resolved Genuine,Standard Habitual Purchase,0
TXN-CUST_MONISHA_001-10791,2026-08-12 21:37:47,2026-08-12,21:37:47,21,2,0,0,CUST_MONISHA_001,420,Chennai,Tamil Nadu,Low Risk / 3% Fraud Rate,M015,HomeSphere Appliances,Home Appliances,"Refrigerators, ACs & Kitchen Tech",Coimbatore,Saibaba Colony,Tamil Nadu,641011,11.0315,76.945,9,27500.0,09:30-21:00,"POS,EMI,CARD,UPI",Carding attacks with immediate in-store pickup,0.038,95,1305.38,INR,PURCHASE,UPI,MOBILE_APP,1,0,Chennai,13.0,0,0,1,DEV-MONISHA-IPHONE-15,mobile_ios,0,BEN-CUST_MONISHA_001-TRUSTED,Trusted Household Vendor,7,1,3,15,0,0,0,None,Resolved Genuine,Standard Habitual Purchase,0
TXN-CUST_MONISHA_001-10792,2026-08-12 23:05:07,2026-08-12,23:05:07,23,2,0,1,CUST_MONISHA_001,420,Chennai,Tamil Nadu,Low Risk / 3% Fraud Rate,M029,CloudDesk Digital,Software / Digital Services,Cloud Infrastructure & SaaS Tools,Bengaluru,Whitefield,Karnataka,560066,12.9698,77.7499,7,19800.0,24_HOURS,"ONLINE,CARD,TRANSFER",Cryptomining VM rental with stolen credit cards,0.058,145,1453.19,INR,PURCHASE,ONLINE,MOBILE_APP,0,0,Chennai,3.0,0,0,1,DEV-MONISHA-IPHONE-15,mobile_ios,0,BEN-CUST_MONISHA_001-TRUSTED,Trusted Household Vendor,3,0,2,14,0,0,0,None,Resolved Genuine,Standard Habitual Purchase,0
TXN-CUST_MONISHA_001-10793,2026-08-13 00:31:28,2026-08-13,00:31:28,0,3,0,1,CUST_MONISHA_001,420,Chennai,Tamil Nadu,Low Risk / 3% Fraud Rate,M003,Pulse Mobile Hub,Mobile Store,Smartphones & Accessories,Chennai,Tambaram,Tamil Nadu,600045,12.9249,80.1278,4,18500.0,09:30-21:30,"POS,UPI,CARD",New device abuse / rapid checkout surge,0.035,87,2181.41,INR,PURCHASE,CARD,MOBILE_APP,1,0,Chennai,6.0,0,0,1,DEV-MONISHA-IPHONE-15,mobile_ios,0,BEN-CUST_MONISHA_001-TRUSTED,Trusted Household Vendor,7,0,4,25,0,0,0,None,Resolved Genuine,Standard Habitual Purchase,0
TXN-CUST_MONISHA_001-10794,2026-08-13 02:00:43,2026-08-13,02:00:43,2,3,0,1,CUST_MONISHA_001,420,Chennai,Tamil Nadu,Low Risk / 3% Fraud Rate,M027,BrickHarbor Realty,Real Estate / Property Services,Rental Escrow & Facility Management,Chennai,Porur,Tamil Nadu,600116,13.035,80.16,11,65000.0,09:00-19:00,"TRANSFER,NETBANKING,CARD",Security deposit phishing / escrow hijacking,0.039,97,1059.83,INR,PURCHASE,TRANSFER,MOBILE_APP,0,0,Chennai,9.0,0,0,1,DEV-MONISHA-IPHONE-15,mobile_ios,0,BEN-CUST_MONISHA_001-TRUSTED,Trusted Household Vendor,7,0,1,6,0,0,0,None,Resolved Genuine,Standard Habitual Purchase,0
TXN-CUST_MONISHA_001-10795,2026-08-13 03:24:59,2026-08-13,03:24:59,3,3,0,1,CUST_MONISHA_001,420,Chennai,Tamil Nadu,Low Risk / 3% Fraud Rate,M015,HomeSphere Appliances,Home Appliances,"Refrigerators, ACs & Kitchen Tech",Coimbatore,Saibaba Colony,Tamil Nadu,641011,11.0315,76.945,9,27500.0,09:30-21:00,"POS,EMI,CARD,UPI",Carding attacks with immediate in-store pickup,0.038,95,2835.26,INR,PURCHASE,CARD,MOBILE_APP,1,0,Chennai,3.0,0,0,1,DEV-MONISHA-IPHONE-15,mobile_ios,0,BEN-CUST_MONISHA_001-TRUSTED,Trusted Household Vendor,7,0,1,12,0,0,0,None,Resolved Genuine,Standard Habitual Purchase,0
TXN-CUST_MONISHA_001-10796,2026-08-13 04:52:12,2026-08-13,04:52:12,4,3,0,1,CUST_MONISHA_001,420,Chennai,Tamil Nadu,Low Risk / 3% Fraud Rate,M012,DashDine Delivery,Food Delivery,Quick Commerce & Meal Delivery,Chennai,Sholinganallur,Tamil Nadu,600119,12.901,80.2279,4,520.0,06:00-02:00,"UPI,CARD,ONLINE,WALLET",Promo code abuse / stolen wallet balances,0.014,35,893.99,INR,PURCHASE,CARD,MOBILE_APP,0,0,Chennai,5.0,0,0,1,DEV-MONISHA-IPHONE-15,mobile_ios,0,BEN-CUST_MONISHA_001-TRUSTED,Trusted Household Vendor,11,0,1,8,0,0,0,None,Resolved Genuine,Standard Habitual Purchase,0
TXN-CUST_MONISHA_001-10797,2026-08-13 06:20:12,2026-08-13,06:20:12,6,3,0,0,CUST_MONISHA_001,420,Chennai,Tamil Nadu,Low Risk / 3% Fraud Rate,M020,GameGrid Arena,Gaming,"Esports, Consoles & Virtual Credits",Bengaluru,Koramangala,Karnataka,560095,12.9352,77.6245,4,3400.0,10:00-01:00,"ONLINE,UPI,CARD,WALLET",Virtual item laundering & bot-driven micro transactions,0.055,137,2541.15,INR,PURCHASE,CARD,MOBILE_APP,0,0,Chennai,9.0,0,0,1,DEV-MONISHA-IPHONE-15,mobile_ios,0,BEN-CUST_MONISHA_001-TRUSTED,Trusted Household Vendor,13,0,3,18,0,0,0,None,Resolved Genuine,Standard Habitual Purchase,0
TXN-CUST_MONISHA_001-10798,2026-08-13 07:47:43,2026-08-13,07:47:43,7,3,0,0,CUST_MONISHA_001,420,Chennai,Tamil Nadu,Low Risk / 3% Fraud Rate,M023,SwiftBox Logistics,Courier / Logistics,Express Parcel & Freight Delivery,Tiruppur,Avinashi Road,Tamil Nadu,641603,11.1085,77.3411,9,4200.0,08:00-21:00,"POS,UPI,CARD,ONLINE",Interception fraud / address redirection,0.02,50,1628.3,INR,PURCHASE,UPI,MOBILE_APP,1,0,Chennai,9.0,0,0,1,DEV-MONISHA-IPHONE-15,mobile_ios,0,BEN-CUST_MONISHA_001-TRUSTED,Trusted Household Vendor,3,0,2,18,0,0,0,None,Resolved Genuine,Standard Habitual Purchase,0
TXN-CUST_MONISHA_001-10799,2026-08-13 09:12:48,2026-08-13,09:12:48,9,3,0,0,CUST_MONISHA_001,420,Chennai,Tamil Nadu,Low Risk / 3% Fraud Rate,M025,ShieldSure Services,Insurance Services,General & Health Insurance Premium,Chennai,Egmore,Tamil Nadu,600008,13.0784,80.2607,13,14000.0,09:30-18:00,"ONLINE,NETBANKING,CARD",Premium diversion / fake policy payment slips,0.019,47,1914.66,INR,PURCHASE,ONLINE,MOBILE_APP,0,0,Chennai,6.0,0,0,1,DEV-MONISHA-IPHONE-15,mobile_ios,0,BEN-CUST_MONISHA_001-TRUSTED,Trusted Household Vendor,4,0,2,12,0,0,0,None,Resolved Genuine,Standard Habitual Purchase,0
TXN-CUST_MONISHA_001-10800,2026-08-13 10:39:13,2026-08-13,10:39:13,10,3,0,0,CUST_MONISHA_001,420,Chennai,Tamil Nadu,Low Risk / 3% Fraud Rate,M027,BrickHarbor Realty,Real Estate / Property Services,Rental Escrow & Facility Management,Chennai,Porur,Tamil Nadu,600116,13.035,80.16,11,65000.0,09:00-19:00,"TRANSFER,NETBANKING,CARD",Security deposit phishing / escrow hijacking,0.039,97,1220.9,INR,PURCHASE,NETBANKING,MOBILE_APP,0,0,Chennai,15.0,0,0,1,DEV-MONISHA-IPHONE-15,mobile_ios,0,BEN-CUST_MONISHA_001-TRUSTED,Trusted Household Vendor,9,0,1,7,0,0,0,None,Resolved Genuine,Standard Habitual Purchase,0
TXN-CUST_MONISHA_001-10801,2026-08-13 12:03:19,2026-08-13,12:03:19,12,3,0,0,CUST_MONISHA_001,420,Chennai,Tamil Nadu,Low Risk / 3% Fraud Rate,M005,UrbanThread Studio,Fashion / Apparel,Designer & Ready-to-wear,Chennai,Anna Nagar,Tamil Nadu,600040,13.085,80.2101,5,4800.0,10:30-22:00,"POS,ONLINE,UPI,CARD",Refund abuse / credential stuffing,0.022,55,2940.78,INR,PURCHASE,CARD,MOBILE_APP,1,0,Chennai,8.0,0,0,1,DEV-MONISHA-IPHONE-15,mobile_ios,0,BEN-CUST_MONISHA_001-TRUSTED,Trusted Household Vendor,5,0,3,22,0,0,0,None,Resolved Genuine,Standard Habitual Purchase,0
TXN-CUST_MONISHA_001-10802,2026-08-13 13:31:18,2026-08-13,13:31:18,13,3,0,0,CUST_MONISHA_001,420,Chennai,Tamil Nadu,Low Risk / 3% Fraud Rate,M011,SkyTrail Travels,Travel Agency,Flight & International Tour Packages,Coimbatore,Gandhipuram,Tamil Nadu,641012,11.0183,76.9664,11,44000.0,09:00-20:00,"ONLINE,TRANSFER,CARD",Mule-account ticket arbitrage & fast cancellation fraud,0.052,130,1182.96,INR,PURCHASE,ONLINE,MOBILE_APP,0,0,Chennai,5.0,0,0,1,DEV-MONISHA-IPHONE-15,mobile_ios,0,BEN-CUST_MONISHA_001-TRUSTED,Trusted Household Vendor,6,1,1,8,0,0,0,None,Resolved Genuine,Standard Habitual Purchase,0
TXN-CUST_MONISHA_001-10803,2026-08-13 14:58:50,2026-08-13,14:58:50,14,3,0,0,CUST_MONISHA_001,420,Chennai,Tamil Nadu,Low Risk / 3% Fraud Rate,M010,HarborView Residency,Hotel / Hospitality,Business & Luxury Hotel,Chennai,OMR,Tamil Nadu,600096,12.9165,80.2285,6,9500.0,24_HOURS,"ONLINE,POS,CARD,TRANSFER",Online travel booking fraud with stolen corporate credentials,0.041,102,1073.31,INR,PURCHASE,ONLINE,MOBILE_APP,1,0,Chennai,3.0,0,0,1,DEV-MONISHA-IPHONE-15,mobile_ios,0,BEN-CUST_MONISHA_001-TRUSTED,Trusted Household Vendor,14,0,4,19,0,0,0,None,Resolved Genuine,Standard Habitual Purchase,0
TXN-CUST_MONISHA_001-10804,2026-08-13 16:22:20,2026-08-13,16:22:20,16,3,0,0,CUST_MONISHA_001,420,Chennai,Tamil Nadu,Low Risk / 3% Fraud Rate,M016,MotoCare Garage,Auto Service,Car Service & Detailing Hub,Chennai,Pallikaranai,Tamil Nadu,600100,12.9372,80.2014,7,8900.0,08:30-20:30,"POS,UPI,CARD",Over-invoicing / synthetic card payments,0.021,52,2552.16,INR,PURCHASE,CARD,MOBILE_APP,1,0,Chennai,1.0,0,0,1,DEV-MONISHA-IPHONE-15,mobile_ios,0,BEN-CUST_MONISHA_001-TRUSTED,Trusted Household Vendor,15,1,1,14,0,0,0,None,Resolved Genuine,Standard Habitual Purchase,0
TXN-CUST_MONISHA_001-10805,2026-08-13 17:49:18,2026-08-13,17:49:18,17,3,0,0,CUST_MONISHA_001,420,Chennai,Tamil Nadu,Low Risk / 3% Fraud Rate,M016,MotoCare Garage,Auto Service,Car Service & Detailing Hub,Chennai,Pallikaranai,Tamil Nadu,600100,12.9372,80.2014,7,8900.0,08:30-20:30,"POS,UPI,CARD",Over-invoicing / synthetic card payments,0.021,52,1058.28,INR,PURCHASE,POS,MOBILE_APP,1,0,Chennai,5.0,0,0,1,DEV-MONISHA-IPHONE-15,mobile_ios,0,BEN-CUST_MONISHA_001-TRUSTED,Trusted Household Vendor,13,1,3,15,0,0,0,None,Resolved Genuine,Standard Habitual Purchase,0
TXN-CUST_MONISHA_001-10806,2026-08-13 19:17:24,2026-08-13,19:17:24,19,3,0,0,CUST_MONISHA_001,420,Chennai,Tamil Nadu,Low Risk / 3% Fraud Rate,M020,GameGrid Arena,Gaming,"Esports, Consoles & Virtual Credits",Bengaluru,Koramangala,Karnataka,560095,12.9352,77.6245,4,3400.0,10:00-01:00,"ONLINE,UPI,CARD,WALLET",Virtual item laundering & bot-driven micro transactions,0.055,137,1260.64,INR,PURCHASE,ONLINE,MOBILE_APP,0,0,Chennai,15.0,0,0,1,DEV-MONISHA-IPHONE-15,mobile_ios,0,BEN-CUST_MONISHA_001-TRUSTED,Trusted Household Vendor,3,0,3,16,0,0,0,None,Resolved Genuine,Standard Habitual Purchase,0
TXN-CUST_MONISHA_001-10807,2026-08-13 20:45:52,2026-08-13,20:45:52,20,3,0,0,CUST_MONISHA_001,420,Chennai,Tamil Nadu,Low Risk / 3% Fraud Rate,M009,RapidFuel Station,Fuel Station,"Petrol, Diesel & EV Fast Charge",Salem,Fairlands,Tamil Nadu,636016,11.6643,78.146,9,3100.0,24_HOURS,"POS,FLEET_CARD,UPI",Automated fleet card skimming,0.024,60,3000.17,INR,PURCHASE,UPI,MOBILE_APP,1,0,Chennai,6.0,0,0,1,DEV-MONISHA-IPHONE-15,mobile_ios,0,BEN-CUST_MONISHA_001-TRUSTED,Trusted Household Vendor,11,0,2,11,0,0,0,None,Resolved Genuine,Standard Habitual Purchase,0
TXN-CUST_MONISHA_001-10808,2026-08-13 22:09:52,2026-08-13,22:09:52,22,3,0,0,CUST_MONISHA_001,420,Chennai,Tamil Nadu,Low Risk / 3% Fraud Rate,M019,ArenaSport World,Sports Retail,Fitness Equipment & Sports Wear,Chennai,Nungambakkam,Tamil Nadu,600034,13.0604,80.2405,6,5600.0,10:00-21:30,"POS,ONLINE,UPI,CARD",Stolen card chargeback on premium sports gear,0.026,65,2565.99,INR,PURCHASE,ONLINE,MOBILE_APP,1,0,Chennai,9.0,0,0,1,DEV-MONISHA-IPHONE-15,mobile_ios,0,BEN-CUST_MONISHA_001-TRUSTED,Trusted Household Vendor,7,0,2,18,0,0,0,None,Resolved Genuine,Standard Habitual Purchase,0
TXN-CUST_MONISHA_001-10809,2026-08-13 23:33:17,2026-08-13,23:33:17,23,3,0,1,CUST_MONISHA_001,420,Chennai,Tamil Nadu,Low Risk / 3% Fraud Rate,M024,LinkWave Telecom,Telecom Retail,Fiber Broadband & Postpaid Plans,Erode,Perundurai Road,Tamil Nadu,638011,11.341,77.7172,10,1950.0,09:30-20:30,"UPI,CARD,ONLINE,POS",SIM swap bill recharge surges,0.017,42,1010.92,INR,PURCHASE,CARD,MOBILE_APP,1,0,Chennai,4.0,0,0,1,DEV-MONISHA-IPHONE-15,mobile_ios,0,BEN-CUST_MONISHA_001-TRUSTED,Trusted Household Vendor,8,0,4,25,0,0,0,None,Resolved Genuine,Standard Habitual Purchase,0
TXN-CUST_MONISHA_001-10810,2026-08-14 01:00:44,2026-08-14,01:00:44,1,4,0,1,CUST_MONISHA_001,420,Chennai,Tamil Nadu,Low Risk / 3% Fraud Rate,M004,Aurelia Gold House,Jewellery,Gold & Diamond Jewellery,Coimbatore,RS Puram,Tamil Nadu,641002,11.0089,76.9514,14,78000.0,10:00-20:30,"POS,CARD,TRANSFER",Account takeover / card-not-present luxury surge,0.065,162,1203.19,INR,PURCHASE,TRANSFER,MOBILE_APP,1,0,Chennai,6.0,0,0,1,DEV-MONISHA-IPHONE-15,mobile_ios,0,BEN-CUST_MONISHA_001-TRUSTED,Trusted Household Vendor,6,0,4,21,0,0,0,None,Resolved Genuine,Standard Habitual Purchase,0
TXN-CUST_MONISHA_001-10811,2026-08-14 02:26:34,2026-08-14,02:26:34,2,4,0,1,CUST_MONISHA_001,420,Chennai,Tamil Nadu,Low Risk / 3% Fraud Rate,M025,ShieldSure Services,Insurance Services,General & Health Insurance Premium,Chennai,Egmore,Tamil Nadu,600008,13.0784,80.2607,13,14000.0,09:30-18:00,"ONLINE,NETBANKING,CARD",Premium diversion / fake policy payment slips,0.019,47,3083.99,INR,PURCHASE,NETBANKING,MOBILE_APP,0,0,Chennai,2.0,0,0,1,DEV-MONISHA-IPHONE-15,mobile_ios,0,BEN-CUST_MONISHA_001-TRUSTED,Trusted Household Vendor,10,0,2,14,0,0,0,None,Resolved Genuine,Standard Habitual Purchase,0
TXN-CUST_MONISHA_001-10812,2026-08-14 03:53:19,2026-08-14,03:53:19,3,4,0,1,CUST_MONISHA_001,420,Chennai,Tamil Nadu,Low Risk / 3% Fraud Rate,M002,CircuitBay Electronics,Consumer Electronics,Laptops & Gadgets,Chennai,Velachery,Tamil Nadu,600042,12.9759,80.2212,6,32000.0,10:00-21:30,"POS,ONLINE,EMI,UPI",Stolen payment details / high-ticket electronics delivery,0.048,120,972.46,INR,PURCHASE,EMI,MOBILE_APP,1,0,Chennai,8.0,0,0,1,DEV-MONISHA-IPHONE-15,mobile_ios,0,BEN-CUST_MONISHA_001-TRUSTED,Trusted Household Vendor,10,1,3,21,0,0,0,None,Resolved Genuine,Standard Habitual Purchase,0
TXN-CUST_MONISHA_001-10813,2026-08-14 05:18:04,2026-08-14,05:18:04,5,4,0,1,CUST_MONISHA_001,420,Chennai,Tamil Nadu,Low Risk / 3% Fraud Rate,M014,OakLine Furnishings,Furniture,Teak Wood & Modern Home Decor,Madurai,Bypass Road,Tamil Nadu,625016,9.932,78.109,12,38000.0,10:00-21:00,"POS,CARD,TRANSFER,EMI",Invoice redirection fraud / fake payment slips,0.029,72,1459.98,INR,PURCHASE,EMI,MOBILE_APP,1,0,Chennai,14.0,0,0,1,DEV-MONISHA-IPHONE-15,mobile_ios,0,BEN-CUST_MONISHA_001-TRUSTED,Trusted Household Vendor,15,0,1,11,0,0,0,None,Resolved Genuine,Standard Habitual Purchase,0
TXN-CUST_MONISHA_001-10814,2026-08-14 06:42:33,2026-08-14,06:42:33,6,4,0,0,CUST_MONISHA_001,420,Chennai,Tamil Nadu,Low Risk / 3% Fraud Rate,M022,SkillSpring Academy,Education / Training,Professional Certifications & Tech Bootcamps,Chennai,Mylapore,Tamil Nadu,600004,13.0368,80.2676,8,22000.0,08:30-19:30,"ONLINE,NETBANKING,CARD,UPI",Stolen corporate card enrollments,0.028,70,1930.46,INR,PURCHASE,NETBANKING,MOBILE_APP,0,0,Chennai,2.0,0,0,1,DEV-MONISHA-IPHONE-15,mobile_ios,0,BEN-CUST_MONISHA_001-TRUSTED,Trusted Household Vendor,4,0,1,12,0,0,0,None,Resolved Genuine,Standard Habitual Purchase,0
TXN-CUST_MONISHA_001-10815,2026-08-14 08:08:21,2026-08-14,08:08:21,8,4,0,0,CUST_MONISHA_001,420,Chennai,Tamil Nadu,Low Risk / 3% Fraud Rate,M019,ArenaSport World,Sports Retail,Fitness Equipment & Sports Wear,Chennai,Nungambakkam,Tamil Nadu,600034,13.0604,80.2405,6,5600.0,10:00-21:30,"POS,ONLINE,UPI,CARD",Stolen card chargeback on premium sports gear,0.026,65,3067.52,INR,PURCHASE,UPI,MOBILE_APP,1,0,Chennai,12.0,0,0,1,DEV-MONISHA-IPHONE-15,mobile_ios,0,BEN-CUST_MONISHA_001-TRUSTED,Trusted Household Vendor,4,0,2,13,0,0,0,None,Resolved Genuine,Standard Habitual Purchase,0
TXN-CUST_MONISHA_001-10816,2026-08-14 09:33:47,2026-08-14,09:33:47,9,4,0,0,CUST_MONISHA_001,420,Chennai,Tamil Nadu,Low Risk / 3% Fraud Rate,M020,GameGrid Arena,Gaming,"Esports, Consoles & Virtual Credits",Bengaluru,Koramangala,Karnataka,560095,12.9352,77.6245,4,3400.0,10:00-01:00,"ONLINE,UPI,CARD,WALLET",Virtual item laundering & bot-driven micro transactions,0.055,137,2755.03,INR,PURCHASE,WALLET,MOBILE_APP,0,0,Chennai,7.0,0,0,1,DEV-MONISHA-IPHONE-15,mobile_ios,0,BEN-CUST_MONISHA_001-TRUSTED,Trusted Household Vendor,14,1,4,22,0,0,0,None,Resolved Genuine,Standard Habitual Purchase,0
TXN-CUST_MONISHA_001-10817,2026-08-14 11:01:46,2026-08-14,11:01:46,11,4,0,0,CUST_MONISHA_001,420,Chennai,Tamil Nadu,Low Risk / 3% Fraud Rate,M025,ShieldSure Services,Insurance Services,General & Health Insurance Premium,Chennai,Egmore,Tamil Nadu,600008,13.0784,80.2607,13,14000.0,09:30-18:00,"ONLINE,NETBANKING,CARD",Premium diversion / fake policy payment slips,0.019,47,2141.69,INR,PURCHASE,NETBANKING,MOBILE_APP,0,0,Chennai,5.0,0,0,1,DEV-MONISHA-IPHONE-15,mobile_ios,0,BEN-CUST_MONISHA_001-TRUSTED,Trusted Household Vendor,8,0,4,24,0,0,0,None,Resolved Genuine,Standard Habitual Purchase,0
TXN-CUST_MONISHA_001-10818,2026-08-14 12:31:06,2026-08-14,12:31:06,12,4,0,0,CUST_MONISHA_001,420,Chennai,Tamil Nadu,Low Risk / 3% Fraud Rate,M017,AutoForge Parts,Spare Parts,OEM Industrial & Auto Components,Hosur,Mookandapalli,Tamil Nadu,635126,12.7409,77.8253,15,16500.0,09:00-19:30,"TRANSFER,POS,CARD",Business email compromise / fake beneficiary update,0.033,82,1432.6,INR,PURCHASE,POS,MOBILE_APP,1,0,Chennai,13.0,0,0,1,DEV-MONISHA-IPHONE-15,mobile_ios,0,BEN-CUST_MONISHA_001-TRUSTED,Trusted Household Vendor,7,0,1,13,0,0,0,None,Resolved Genuine,Standard Habitual Purchase,0
TXN-CUST_MONISHA_001-10819,2026-08-14 13:55:53,2026-08-14,13:55:53,13,4,0,0,CUST_MONISHA_001,420,Chennai,Tamil Nadu,Low Risk / 3% Fraud Rate,M005,UrbanThread Studio,Fashion / Apparel,Designer & Ready-to-wear,Chennai,Anna Nagar,Tamil Nadu,600040,13.085,80.2101,5,4800.0,10:30-22:00,"POS,ONLINE,UPI,CARD",Refund abuse / credential stuffing,0.022,55,849.55,INR,PURCHASE,POS,MOBILE_APP,1,0,Chennai,12.0,0,0,1,DEV-MONISHA-IPHONE-15,mobile_ios,0,BEN-CUST_MONISHA_001-TRUSTED,Trusted Household Vendor,10,1,1,8,0,0,0,None,Resolved Genuine,Standard Habitual Purchase,0
TXN-CUST_MONISHA_001-10820,2026-08-14 15:21:35,2026-08-14,15:21:35,15,4,0,0,CUST_MONISHA_001,420,Chennai,Tamil Nadu,Low Risk / 3% Fraud Rate,M022,SkillSpring Academy,Education / Training,Professional Certifications & Tech Bootcamps,Chennai,Mylapore,Tamil Nadu,600004,13.0368,80.2676,8,22000.0,08:30-19:30,"ONLINE,NETBANKING,CARD,UPI",Stolen corporate card enrollments,0.028,70,1545.08,INR,PURCHASE,ONLINE,MOBILE_APP,0,0,Chennai,5.0,0,0,1,DEV-MONISHA-IPHONE-15,mobile_ios,0,BEN-CUST_MONISHA_001-TRUSTED,Trusted Household Vendor,15,0,1,14,0,0,0,None,Resolved Genuine,Standard Habitual Purchase,0
TXN-CUST_MONISHA_001-10821,2026-08-14 16:49:35,2026-08-14,16:49:35,16,4,0,0,CUST_MONISHA_001,420,Chennai,Tamil Nadu,Low Risk / 3% Fraud Rate,M026,GreenLeaf Wellness,Health & Wellness,Organic Nutrition & Ayurveda,Trichy,Srirangam,Tamil Nadu,620006,10.8624,78.6947,6,2100.0,08:00-21:00,"POS,UPI,ONLINE,CARD",Subscription card stuffing,0.013,32,1870.49,INR,PURCHASE,ONLINE,MOBILE_APP,1,0,Chennai,5.0,0,0,1,DEV-MONISHA-IPHONE-15,mobile_ios,0,BEN-CUST_MONISHA_001-TRUSTED,Trusted Household Vendor,11,0,4,26,0,0,0,None,Resolved Genuine,Standard Habitual Purchase,0
TXN-CUST_MONISHA_001-10822,2026-08-14 18:15:03,2026-08-14,18:15:03,18,4,0,0,CUST_MONISHA_001,420,Chennai,Tamil Nadu,Low Risk / 3% Fraud Rate,M028,CraftCove Home Decor,Home Decor,Handicrafts & Art Pieces,Thanjavur,Medical College Road,Tamil Nadu,613004,10.7684,79.1245,8,7400.0,09:30-20:30,"POS,UPI,CARD,ONLINE",Cross-border tourist chargebacks,0.023,57,2044.84,INR,PURCHASE,POS,MOBILE_APP,1,0,Chennai,1.0,0,0,1,DEV-MONISHA-IPHONE-15,mobile_ios,0,BEN-CUST_MONISHA_001-TRUSTED,Trusted Household Vendor,9,0,1,12,0,0,0,None,Resolved Genuine,Standard Habitual Purchase,0
TXN-CUST_MONISHA_001-10823,2026-08-14 19:41:09,2026-08-14,19:41:09,19,4,0,0,CUST_MONISHA_001,420,Chennai,Tamil Nadu,Low Risk / 3% Fraud Rate,M028,CraftCove Home Decor,Home Decor,Handicrafts & Art Pieces,Thanjavur,Medical College Road,Tamil Nadu,613004,10.7684,79.1245,8,7400.0,09:30-20:30,"POS,UPI,CARD,ONLINE",Cross-border tourist chargebacks,0.023,57,1660.63,INR,PURCHASE,CARD,MOBILE_APP,1,0,Chennai,8.0,0,0,1,DEV-MONISHA-IPHONE-15,mobile_ios,0,BEN-CUST_MONISHA_001-TRUSTED,Trusted Household Vendor,11,1,2,12,0,0,0,None,Resolved Genuine,Standard Habitual Purchase,0
TXN-CUST_MONISHA_001-10824,2026-08-14 21:07:30,2026-08-14,21:07:30,21,4,0,0,CUST_MONISHA_001,420,Chennai,Tamil Nadu,Low Risk / 3% Fraud Rate,M005,UrbanThread Studio,Fashion / Apparel,Designer & Ready-to-wear,Chennai,Anna Nagar,Tamil Nadu,600040,13.085,80.2101,5,4800.0,10:30-22:00,"POS,ONLINE,UPI,CARD",Refund abuse / credential stuffing,0.022,55,1511.16,INR,PURCHASE,CARD,MOBILE_APP,1,0,Chennai,7.0,0,0,1,DEV-MONISHA-IPHONE-15,mobile_ios,0,BEN-CUST_MONISHA_001-TRUSTED,Trusted Household Vendor,12,0,1,14,0,0,0,None,Resolved Genuine,Standard Habitual Purchase,0
TXN-CUST_MONISHA_001-10825,2026-08-14 22:35:00,2026-08-14,22:35:00,22,4,0,0,CUST_MONISHA_001,420,Chennai,Tamil Nadu,Low Risk / 3% Fraud Rate,M019,ArenaSport World,Sports Retail,Fitness Equipment & Sports Wear,Chennai,Nungambakkam,Tamil Nadu,600034,13.0604,80.2405,6,5600.0,10:00-21:30,"POS,ONLINE,UPI,CARD",Stolen card chargeback on premium sports gear,0.026,65,1879.38,INR,PURCHASE,UPI,MOBILE_APP,1,0,Chennai,9.0,0,0,1,DEV-MONISHA-IPHONE-15,mobile_ios,0,BEN-CUST_MONISHA_001-TRUSTED,Trusted Household Vendor,9,0,1,13,0,0,0,None,Resolved Genuine,Standard Habitual Purchase,0
TXN-CUST_MONISHA_001-10826,2026-08-15 00:01:57,2026-08-15,00:01:57,0,5,1,1,CUST_MONISHA_001,420,Chennai,Tamil Nadu,Low Risk / 3% Fraud Rate,M013,CartNest Online,E-commerce,Multi-category Marketplace,Chennai,Guindy,Tamil Nadu,600032,13.0067,80.2026,5,6200.0,24_HOURS,"ONLINE,UPI,CARD,NETBANKING",Account takeover + triangulation shipping fraud,0.045,112,2223.64,INR,PURCHASE,ONLINE,MOBILE_APP,0,0,Chennai,6.0,0,0,1,DEV-MONISHA-IPHONE-15,mobile_ios,0,BEN-CUST_MONISHA_001-TRUSTED,Trusted Household Vendor,8,0,3,14,0,0,0,None,Resolved Genuine,Standard Habitual Purchase,0
TXN-CUST_MONISHA_001-10827,2026-08-15 01:28:54,2026-08-15,01:28:54,1,5,1,1,CUST_MONISHA_001,420,Chennai,Tamil Nadu,Low Risk / 3% Fraud Rate,M005,UrbanThread Studio,Fashion / Apparel,Designer & Ready-to-wear,Chennai,Anna Nagar,Tamil Nadu,600040,13.085,80.2101,5,4800.0,10:30-22:00,"POS,ONLINE,UPI,CARD",Refund abuse / credential stuffing,0.022,55,2738.43,INR,PURCHASE,UPI,MOBILE_APP,1,0,Chennai,6.0,0,0,1,DEV-MONISHA-IPHONE-15,mobile_ios,0,BEN-CUST_MONISHA_001-TRUSTED,Trusted Household Vendor,15,0,1,12,0,0,0,None,Resolved Genuine,Standard Habitual Purchase,0
TXN-CUST_MONISHA_001-10828,2026-08-15 02:52:53,2026-08-15,02:52:53,2,5,1,1,CUST_MONISHA_001,420,Chennai,Tamil Nadu,Low Risk / 3% Fraud Rate,M012,DashDine Delivery,Food Delivery,Quick Commerce & Meal Delivery,Chennai,Sholinganallur,Tamil Nadu,600119,12.901,80.2279,4,520.0,06:00-02:00,"UPI,CARD,ONLINE,WALLET",Promo code abuse / stolen wallet balances,0.014,35,3101.15,INR,PURCHASE,CARD,MOBILE_APP,0,0,Chennai,7.0,0,0,1,DEV-MONISHA-IPHONE-15,mobile_ios,0,BEN-CUST_MONISHA_001-TRUSTED,Trusted Household Vendor,6,0,2,14,0,0,0,None,Resolved Genuine,Standard Habitual Purchase,0
TXN-CUST_MONISHA_001-10829,2026-08-15 04:19:50,2026-08-15,04:19:50,4,5,1,1,CUST_MONISHA_001,420,Chennai,Tamil Nadu,Low Risk / 3% Fraud Rate,M023,SwiftBox Logistics,Courier / Logistics,Express Parcel & Freight Delivery,Tiruppur,Avinashi Road,Tamil Nadu,641603,11.1085,77.3411,9,4200.0,08:00-21:00,"POS,UPI,CARD,ONLINE",Interception fraud / address redirection,0.02,50,933.27,INR,PURCHASE,CARD,MOBILE_APP,1,0,Chennai,5.0,0,0,1,DEV-MONISHA-IPHONE-15,mobile_ios,0,BEN-CUST_MONISHA_001-TRUSTED,Trusted Household Vendor,3,1,2,10,0,0,0,None,Resolved Genuine,Standard Habitual Purchase,0
TXN-CUST_MONISHA_001-10830,2026-08-15 05:46:00,2026-08-15,05:46:00,5,5,1,1,CUST_MONISHA_001,420,Chennai,Tamil Nadu,Low Risk / 3% Fraud Rate,M028,CraftCove Home Decor,Home Decor,Handicrafts & Art Pieces,Thanjavur,Medical College Road,Tamil Nadu,613004,10.7684,79.1245,8,7400.0,09:30-20:30,"POS,UPI,CARD,ONLINE",Cross-border tourist chargebacks,0.023,57,1768.59,INR,PURCHASE,ONLINE,MOBILE_APP,1,0,Chennai,9.0,0,0,1,DEV-MONISHA-IPHONE-15,mobile_ios,0,BEN-CUST_MONISHA_001-TRUSTED,Trusted Household Vendor,3,0,3,14,0,0,0,None,Resolved Genuine,Standard Habitual Purchase,0
TXN-CUST_MONISHA_001-10831,2026-08-15 07:15:19,2026-08-15,07:15:19,7,5,1,0,CUST_MONISHA_001,420,Chennai,Tamil Nadu,Low Risk / 3% Fraud Rate,M013,CartNest Online,E-commerce,Multi-category Marketplace,Chennai,Guindy,Tamil Nadu,600032,13.0067,80.2026,5,6200.0,24_HOURS,"ONLINE,UPI,CARD,NETBANKING",Account takeover + triangulation shipping fraud,0.045,112,2114.63,INR,PURCHASE,UPI,MOBILE_APP,0,0,Chennai,6.0,0,0,1,DEV-MONISHA-IPHONE-15,mobile_ios,0,BEN-CUST_MONISHA_001-TRUSTED,Trusted Household Vendor,4,0,4,23,0,0,0,None,Resolved Genuine,Standard Habitual Purchase,0
TXN-CUST_MONISHA_001-10832,2026-08-15 08:41:42,2026-08-15,08:41:42,8,5,1,0,CUST_MONISHA_001,420,Chennai,Tamil Nadu,Low Risk / 3% Fraud Rate,M026,GreenLeaf Wellness,Health & Wellness,Organic Nutrition & Ayurveda,Trichy,Srirangam,Tamil Nadu,620006,10.8624,78.6947,6,2100.0,08:00-21:00,"POS,UPI,ONLINE,CARD",Subscription card stuffing,0.013,32,2569.88,INR,PURCHASE,CARD,MOBILE_APP,1,0,Chennai,6.0,0,0,1,DEV-MONISHA-IPHONE-15,mobile_ios,0,BEN-CUST_MONISHA_001-TRUSTED,Trusted Household Vendor,8,1,3,17,0,0,0,None,Resolved Genuine,Standard Habitual Purchase,0
TXN-CUST_MONISHA_001-10833,2026-08-15 10:08:05,2026-08-15,10:08:05,10,5,1,0,CUST_MONISHA_001,420,Chennai,Tamil Nadu,Low Risk / 3% Fraud Rate,M028,CraftCove Home Decor,Home Decor,Handicrafts & Art Pieces,Thanjavur,Medical College Road,Tamil Nadu,613004,10.7684,79.1245,8,7400.0,09:30-20:30,"POS,UPI,CARD,ONLINE",Cross-border tourist chargebacks,0.023,57,3059.41,INR,PURCHASE,CARD,MOBILE_APP,1,0,Chennai,2.0,0,0,1,DEV-MONISHA-IPHONE-15,mobile_ios,0,BEN-CUST_MONISHA_001-TRUSTED,Trusted Household Vendor,7,0,2,10,0,0,0,None,Resolved Genuine,Standard Habitual Purchase,0
TXN-CUST_MONISHA_001-10834,2026-08-15 11:33:16,2026-08-15,11:33:16,11,5,1,0,CUST_MONISHA_001,420,Chennai,Tamil Nadu,Low Risk / 3% Fraud Rate,M019,ArenaSport World,Sports Retail,Fitness Equipment & Sports Wear,Chennai,Nungambakkam,Tamil Nadu,600034,13.0604,80.2405,6,5600.0,10:00-21:30,"POS,ONLINE,UPI,CARD",Stolen card chargeback on premium sports gear,0.026,65,1720.74,INR,PURCHASE,POS,MOBILE_APP,1,0,Chennai,4.0,0,0,1,DEV-MONISHA-IPHONE-15,mobile_ios,0,BEN-CUST_MONISHA_001-TRUSTED,Trusted Household Vendor,14,0,1,11,0,0,0,None,Resolved Genuine,Standard Habitual Purchase,0
TXN-CUST_MONISHA_001-10835,2026-08-15 12:58:18,2026-08-15,12:58:18,12,5,1,0,CUST_MONISHA_001,420,Chennai,Tamil Nadu,Low Risk / 3% Fraud Rate,M019,ArenaSport World,Sports Retail,Fitness Equipment & Sports Wear,Chennai,Nungambakkam,Tamil Nadu,600034,13.0604,80.2405,6,5600.0,10:00-21:30,"POS,ONLINE,UPI,CARD",Stolen card chargeback on premium sports gear,0.026,65,2654.77,INR,PURCHASE,POS,MOBILE_APP,1,0,Chennai,8.0,0,0,1,DEV-MONISHA-IPHONE-15,mobile_ios,0,BEN-CUST_MONISHA_001-TRUSTED,Trusted Household Vendor,15,0,3,18,0,0,0,None,Resolved Genuine,Standard Habitual Purchase,0
TXN-CUST_MONISHA_001-10836,2026-08-15 14:24:44,2026-08-15,14:24:44,14,5,1,0,CUST_MONISHA_001,420,Chennai,Tamil Nadu,Low Risk / 3% Fraud Rate,M010,HarborView Residency,Hotel / Hospitality,Business & Luxury Hotel,Chennai,OMR,Tamil Nadu,600096,12.9165,80.2285,6,9500.0,24_HOURS,"ONLINE,POS,CARD,TRANSFER",Online travel booking fraud with stolen corporate credentials,0.041,102,1793.01,INR,PURCHASE,CARD,MOBILE_APP,1,0,Chennai,9.0,0,0,1,DEV-MONISHA-IPHONE-15,mobile_ios,0,BEN-CUST_MONISHA_001-TRUSTED,Trusted Household Vendor,9,0,4,26,0,0,0,None,Resolved Genuine,Standard Habitual Purchase,0
TXN-CUST_MONISHA_001-10837,2026-08-15 15:50:51,2026-08-15,15:50:51,15,5,1,0,CUST_MONISHA_001,420,Chennai,Tamil Nadu,Low Risk / 3% Fraud Rate,M025,ShieldSure Services,Insurance Services,General & Health Insurance Premium,Chennai,Egmore,Tamil Nadu,600008,13.0784,80.2607,13,14000.0,09:30-18:00,"ONLINE,NETBANKING,CARD",Premium diversion / fake policy payment slips,0.019,47,2061.3,INR,PURCHASE,NETBANKING,MOBILE_APP,0,0,Chennai,15.0,0,0,1,DEV-MONISHA-IPHONE-15,mobile_ios,0,BEN-CUST_MONISHA_001-TRUSTED,Trusted Household Vendor,12,1,2,13,0,0,0,None,Resolved Genuine,Standard Habitual Purchase,0
TXN-CUST_MONISHA_001-10838,2026-08-15 17:18:13,2026-08-15,17:18:13,17,5,1,0,CUST_MONISHA_001,420,Chennai,Tamil Nadu,Low Risk / 3% Fraud Rate,M027,BrickHarbor Realty,Real Estate / Property Services,Rental Escrow & Facility Management,Chennai,Porur,Tamil Nadu,600116,13.035,80.16,11,65000.0,09:00-19:00,"TRANSFER,NETBANKING,CARD",Security deposit phishing / escrow hijacking,0.039,97,2516.77,INR,PURCHASE,CARD,MOBILE_APP,0,0,Chennai,8.0,0,0,1,DEV-MONISHA-IPHONE-15,mobile_ios,0,BEN-CUST_MONISHA_001-TRUSTED,Trusted Household Vendor,12,0,4,18,0,0,0,None,Resolved Genuine,Standard Habitual Purchase,0
TXN-CUST_MONISHA_001-10839,2026-08-15 18:44:45,2026-08-15,18:44:45,18,5,1,0,CUST_MONISHA_001,420,Chennai,Tamil Nadu,Low Risk / 3% Fraud Rate,M012,DashDine Delivery,Food Delivery,Quick Commerce & Meal Delivery,Chennai,Sholinganallur,Tamil Nadu,600119,12.901,80.2279,4,520.0,06:00-02:00,"UPI,CARD,ONLINE,WALLET",Promo code abuse / stolen wallet balances,0.014,35,1862.22,INR,PURCHASE,WALLET,MOBILE_APP,0,0,Chennai,4.0,0,0,1,DEV-MONISHA-IPHONE-15,mobile_ios,0,BEN-CUST_MONISHA_001-TRUSTED,Trusted Household Vendor,9,1,3,19,0,0,0,None,Resolved Genuine,Standard Habitual Purchase,0
TXN-CUST_MONISHA_001-10840,2026-08-15 20:13:19,2026-08-15,20:13:19,20,5,1,0,CUST_MONISHA_001,420,Chennai,Tamil Nadu,Low Risk / 3% Fraud Rate,M003,Pulse Mobile Hub,Mobile Store,Smartphones & Accessories,Chennai,Tambaram,Tamil Nadu,600045,12.9249,80.1278,4,18500.0,09:30-21:30,"POS,UPI,CARD",New device abuse / rapid checkout surge,0.035,87,2263.39,INR,PURCHASE,POS,MOBILE_APP,1,0,Chennai,14.0,0,0,1,DEV-MONISHA-IPHONE-15,mobile_ios,0,BEN-CUST_MONISHA_001-TRUSTED,Trusted Household Vendor,13,0,3,18,0,0,0,None,Resolved Genuine,Standard Habitual Purchase,0
TXN-CUST_MONISHA_001-10841,2026-08-15 21:40:50,2026-08-15,21:40:50,21,5,1,0,CUST_MONISHA_001,420,Chennai,Tamil Nadu,Low Risk / 3% Fraud Rate,M008,BeanCircuit Cafe,Cafe,Specialty Coffee & Bakery,Bengaluru,Indiranagar,Karnataka,560038,12.9784,77.6408,3,650.0,07:30-23:00,"UPI,POS,CARD",QR code spoofing / fast velocity dining,0.009,22,1729.73,INR,PURCHASE,POS,MOBILE_APP,1,0,Chennai,2.0,0,0,1,DEV-MONISHA-IPHONE-15,mobile_ios,0,BEN-CUST_MONISHA_001-TRUSTED,Trusted Household Vendor,6,1,1,13,0,0,0,None,Resolved Genuine,Standard Habitual Purchase,0
TXN-CUST_MONISHA_001-10842,2026-08-15 23:07:09,2026-08-15,23:07:09,23,5,1,1,CUST_MONISHA_001,420,Chennai,Tamil Nadu,Low Risk / 3% Fraud Rate,M014,OakLine Furnishings,Furniture,Teak Wood & Modern Home Decor,Madurai,Bypass Road,Tamil Nadu,625016,9.932,78.109,12,38000.0,10:00-21:00,"POS,CARD,TRANSFER,EMI",Invoice redirection fraud / fake payment slips,0.029,72,1767.52,INR,PURCHASE,CARD,MOBILE_APP,1,0,Chennai,15.0,0,0,1,DEV-MONISHA-IPHONE-15,mobile_ios,0,BEN-CUST_MONISHA_001-TRUSTED,Trusted Household Vendor,7,1,2,10,0,0,0,None,Resolved Genuine,Standard Habitual Purchase,0
TXN-CUST_MONISHA_001-10843,2026-08-16 00:32:06,2026-08-16,00:32:06,0,6,1,1,CUST_MONISHA_001,420,Chennai,Tamil Nadu,Low Risk / 3% Fraud Rate,M026,GreenLeaf Wellness,Health & Wellness,Organic Nutrition & Ayurveda,Trichy,Srirangam,Tamil Nadu,620006,10.8624,78.6947,6,2100.0,08:00-21:00,"POS,UPI,ONLINE,CARD",Subscription card stuffing,0.013,32,1429.99,INR,PURCHASE,CARD,MOBILE_APP,1,0,Chennai,9.0,0,0,1,DEV-MONISHA-IPHONE-15,mobile_ios,0,BEN-CUST_MONISHA_001-TRUSTED,Trusted Household Vendor,14,1,1,6,0,0,0,None,Resolved Genuine,Standard Habitual Purchase,0
TXN-CUST_MONISHA_001-10844,2026-08-16 01:55:50,2026-08-16,01:55:50,1,6,1,1,CUST_MONISHA_001,420,Chennai,Tamil Nadu,Low Risk / 3% Fraud Rate,M029,CloudDesk Digital,Software / Digital Services,Cloud Infrastructure & SaaS Tools,Bengaluru,Whitefield,Karnataka,560066,12.9698,77.7499,7,19800.0,24_HOURS,"ONLINE,CARD,TRANSFER",Cryptomining VM rental with stolen credit cards,0.058,145,976.4,INR,PURCHASE,CARD,MOBILE_APP,0,0,Chennai,10.0,0,0,1,DEV-MONISHA-IPHONE-15,mobile_ios,0,BEN-CUST_MONISHA_001-TRUSTED,Trusted Household Vendor,9,0,1,7,0,0,0,None,Resolved Genuine,Standard Habitual Purchase,0
TXN-CUST_MONISHA_001-10845,2026-08-16 03:21:36,2026-08-16,03:21:36,3,6,1,1,CUST_MONISHA_001,420,Chennai,Tamil Nadu,Low Risk / 3% Fraud Rate,M027,BrickHarbor Realty,Real Estate / Property Services,Rental Escrow & Facility Management,Chennai,Porur,Tamil Nadu,600116,13.035,80.16,11,65000.0,09:00-19:00,"TRANSFER,NETBANKING,CARD",Security deposit phishing / escrow hijacking,0.039,97,2474.71,INR,PURCHASE,CARD,MOBILE_APP,0,0,Chennai,3.0,0,0,1,DEV-MONISHA-IPHONE-15,mobile_ios,0,BEN-CUST_MONISHA_001-TRUSTED,Trusted Household Vendor,11,0,1,14,0,0,0,None,Resolved Genuine,Standard Habitual Purchase,0
TXN-CUST_MONISHA_001-10846,2026-08-16 04:46:31,2026-08-16,04:46:31,4,6,1,1,CUST_MONISHA_001,420,Chennai,Tamil Nadu,Low Risk / 3% Fraud Rate,M029,CloudDesk Digital,Software / Digital Services,Cloud Infrastructure & SaaS Tools,Bengaluru,Whitefield,Karnataka,560066,12.9698,77.7499,7,19800.0,24_HOURS,"ONLINE,CARD,TRANSFER",Cryptomining VM rental with stolen credit cards,0.058,145,991.18,INR,PURCHASE,TRANSFER,MOBILE_APP,0,0,Chennai,10.0,0,0,1,DEV-MONISHA-IPHONE-15,mobile_ios,0,BEN-CUST_MONISHA_001-TRUSTED,Trusted Household Vendor,8,1,3,20,0,0,0,None,Resolved Genuine,Standard Habitual Purchase,0
TXN-CUST_MONISHA_001-10847,2026-08-16 06:14:45,2026-08-16,06:14:45,6,6,1,0,CUST_MONISHA_001,420,Chennai,Tamil Nadu,Low Risk / 3% Fraud Rate,M024,LinkWave Telecom,Telecom Retail,Fiber Broadband & Postpaid Plans,Erode,Perundurai Road,Tamil Nadu,638011,11.341,77.7172,10,1950.0,09:30-20:30,"UPI,CARD,ONLINE,POS",SIM swap bill recharge surges,0.017,42,1332.1,INR,PURCHASE,CARD,MOBILE_APP,1,0,Chennai,7.0,0,0,1,DEV-MONISHA-IPHONE-15,mobile_ios,0,BEN-CUST_MONISHA_001-TRUSTED,Trusted Household Vendor,5,0,1,10,0,0,0,None,Resolved Genuine,Standard Habitual Purchase,0
TXN-CUST_MONISHA_001-10848,2026-08-16 07:40:47,2026-08-16,07:40:47,7,6,1,0,CUST_MONISHA_001,420,Chennai,Tamil Nadu,Low Risk / 3% Fraud Rate,M009,RapidFuel Station,Fuel Station,"Petrol, Diesel & EV Fast Charge",Salem,Fairlands,Tamil Nadu,636016,11.6643,78.146,9,3100.0,24_HOURS,"POS,FLEET_CARD,UPI",Automated fleet card skimming,0.024,60,2799.19,INR,PURCHASE,POS,MOBILE_APP,1,0,Chennai,1.0,0,0,1,DEV-MONISHA-IPHONE-15,mobile_ios,0,BEN-CUST_MONISHA_001-TRUSTED,Trusted Household Vendor,14,0,3,19,0,0,0,None,Resolved Genuine,Standard Habitual Purchase,0
TXN-CUST_MONISHA_001-10849,2026-08-16 09:07:28,2026-08-16,09:07:28,9,6,1,0,CUST_MONISHA_001,420,Chennai,Tamil Nadu,Low Risk / 3% Fraud Rate,M016,MotoCare Garage,Auto Service,Car Service & Detailing Hub,Chennai,Pallikaranai,Tamil Nadu,600100,12.9372,80.2014,7,8900.0,08:30-20:30,"POS,UPI,CARD",Over-invoicing / synthetic card payments,0.021,52,2377.61,INR,PURCHASE,UPI,MOBILE_APP,1,0,Chennai,5.0,0,0,1,DEV-MONISHA-IPHONE-15,mobile_ios,0,BEN-CUST_MONISHA_001-TRUSTED,Trusted Household Vendor,8,0,2,15,0,0,0,None,Resolved Genuine,Standard Habitual Purchase,0
TXN-CUST_MONISHA_001-10850,2026-08-16 10:35:48,2026-08-16,10:35:48,10,6,1,0,CUST_MONISHA_001,420,Chennai,Tamil Nadu,Low Risk / 3% Fraud Rate,M001,NovaMart Fresh,Grocery & Supermarket,Supermarket / Hypermarket,Chennai,T Nagar,Tamil Nadu,600017,13.0418,80.2341,8,1250.0,07:00-22:30,"POS,UPI,CARD,ONLINE",Card testing / micro-burst velocity,0.012,30,2290.23,INR,PURCHASE,UPI,MOBILE_APP,1,0,Chennai,15.0,0,0,1,DEV-MONISHA-IPHONE-15,mobile_ios,0,BEN-CUST_MONISHA_001-TRUSTED,Trusted Household Vendor,14,0,1,10,0,0,0,None,Resolved Genuine,Standard Habitual Purchase,0
TXN-CUST_MONISHA_001-10851,2026-08-16 12:02:30,2026-08-16,12:02:30,12,6,1,0,CUST_MONISHA_001,420,Chennai,Tamil Nadu,Low Risk / 3% Fraud Rate,M010,HarborView Residency,Hotel / Hospitality,Business & Luxury Hotel,Chennai,OMR,Tamil Nadu,600096,12.9165,80.2285,6,9500.0,24_HOURS,"ONLINE,POS,CARD,TRANSFER",Online travel booking fraud with stolen corporate credentials,0.041,102,2275.14,INR,PURCHASE,POS,MOBILE_APP,1,0,Chennai,12.0,0,0,1,DEV-MONISHA-IPHONE-15,mobile_ios,0,BEN-CUST_MONISHA_001-TRUSTED,Trusted Household Vendor,11,0,1,13,0,0,0,None,Resolved Genuine,Standard Habitual Purchase,0
TXN-CUST_MONISHA_001-10852,2026-08-16 13:28:14,2026-08-16,13:28:14,13,6,1,0,CUST_MONISHA_001,420,Chennai,Tamil Nadu,Low Risk / 3% Fraud Rate,M013,CartNest Online,E-commerce,Multi-category Marketplace,Chennai,Guindy,Tamil Nadu,600032,13.0067,80.2026,5,6200.0,24_HOURS,"ONLINE,UPI,CARD,NETBANKING",Account takeover + triangulation shipping fraud,0.045,112,2950.37,INR,PURCHASE,UPI,MOBILE_APP,0,0,Chennai,15.0,0,0,1,DEV-MONISHA-IPHONE-15,mobile_ios,0,BEN-CUST_MONISHA_001-TRUSTED,Trusted Household Vendor,15,0,1,10,0,0,0,None,Resolved Genuine,Standard Habitual Purchase,0
TXN-CUST_MONISHA_001-10853,2026-08-16 14:52:54,2026-08-16,14:52:54,14,6,1,0,CUST_MONISHA_001,420,Chennai,Tamil Nadu,Low Risk / 3% Fraud Rate,M029,CloudDesk Digital,Software / Digital Services,Cloud Infrastructure & SaaS Tools,Bengaluru,Whitefield,Karnataka,560066,12.9698,77.7499,7,19800.0,24_HOURS,"ONLINE,CARD,TRANSFER",Cryptomining VM rental with stolen credit cards,0.058,145,1154.93,INR,PURCHASE,ONLINE,MOBILE_APP,0,0,Chennai,8.0,0,0,1,DEV-MONISHA-IPHONE-15,mobile_ios,0,BEN-CUST_MONISHA_001-TRUSTED,Trusted Household Vendor,15,0,4,22,0,0,0,None,Resolved Genuine,Standard Habitual Purchase,0
TXN-CUST_MONISHA_001-10854,2026-08-16 16:21:30,2026-08-16,16:21:30,16,6,1,0,CUST_MONISHA_001,420,Chennai,Tamil Nadu,Low Risk / 3% Fraud Rate,M027,BrickHarbor Realty,Real Estate / Property Services,Rental Escrow & Facility Management,Chennai,Porur,Tamil Nadu,600116,13.035,80.16,11,65000.0,09:00-19:00,"TRANSFER,NETBANKING,CARD",Security deposit phishing / escrow hijacking,0.039,97,2603.93,INR,PURCHASE,CARD,MOBILE_APP,0,0,Chennai,8.0,0,0,1,DEV-MONISHA-IPHONE-15,mobile_ios,0,BEN-CUST_MONISHA_001-TRUSTED,Trusted Household Vendor,8,0,4,24,0,0,0,None,Resolved Genuine,Standard Habitual Purchase,0
TXN-CUST_MONISHA_001-10855,2026-08-16 17:50:10,2026-08-16,17:50:10,17,6,1,0,CUST_MONISHA_001,420,Chennai,Tamil Nadu,Low Risk / 3% Fraud Rate,M027,BrickHarbor Realty,Real Estate / Property Services,Rental Escrow & Facility Management,Chennai,Porur,Tamil Nadu,600116,13.035,80.16,11,65000.0,09:00-19:00,"TRANSFER,NETBANKING,CARD",Security deposit phishing / escrow hijacking,0.039,97,1014.93,INR,PURCHASE,NETBANKING,MOBILE_APP,0,0,Chennai,3.0,0,0,1,DEV-MONISHA-IPHONE-15,mobile_ios,0,BEN-CUST_MONISHA_001-TRUSTED,Trusted Household Vendor,8,0,1,14,0,0,0,None,Resolved Genuine,Standard Habitual Purchase,0
TXN-CUST_MONISHA_001-10856,2026-08-16 19:17:59,2026-08-16,19:17:59,19,6,1,0,CUST_MONISHA_001,420,Chennai,Tamil Nadu,Low Risk / 3% Fraud Rate,M015,HomeSphere Appliances,Home Appliances,"Refrigerators, ACs & Kitchen Tech",Coimbatore,Saibaba Colony,Tamil Nadu,641011,11.0315,76.945,9,27500.0,09:30-21:00,"POS,EMI,CARD,UPI",Carding attacks with immediate in-store pickup,0.038,95,2406.79,INR,PURCHASE,UPI,MOBILE_APP,1,0,Chennai,13.0,0,0,1,DEV-MONISHA-IPHONE-15,mobile_ios,0,BEN-CUST_MONISHA_001-TRUSTED,Trusted Household Vendor,13,1,2,12,0,0,0,None,Resolved Genuine,Standard Habitual Purchase,0
TXN-CUST_MONISHA_001-10857,2026-08-16 20:41:24,2026-08-16,20:41:24,20,6,1,0,CUST_MONISHA_001,420,Chennai,Tamil Nadu,Low Risk / 3% Fraud Rate,M007,SpiceRoute Kitchen,Restaurant,Fine Dining & Chettinad,Chennai,Adyar,Tamil Nadu,600020,13.0012,80.2565,7,2200.0,11:30-23:30,"POS,UPI,CARD",Cloned card POS terminal replay,0.018,45,2250.21,INR,PURCHASE,POS,MOBILE_APP,1,0,Chennai,6.0,0,0,1,DEV-MONISHA-IPHONE-15,mobile_ios,0,BEN-CUST_MONISHA_001-TRUSTED,Trusted Household Vendor,5,0,1,14,0,0,0,None,Resolved Genuine,Standard Habitual Purchase,0
TXN-CUST_MONISHA_001-10858,2026-08-16 22:09:05,2026-08-16,22:09:05,22,6,1,0,CUST_MONISHA_001,420,Chennai,Tamil Nadu,Low Risk / 3% Fraud Rate,M025,ShieldSure Services,Insurance Services,General & Health Insurance Premium,Chennai,Egmore,Tamil Nadu,600008,13.0784,80.2607,13,14000.0,09:30-18:00,"ONLINE,NETBANKING,CARD",Premium diversion / fake policy payment slips,0.019,47,2723.65,INR,PURCHASE,NETBANKING,MOBILE_APP,0,0,Chennai,13.0,0,0,1,DEV-MONISHA-IPHONE-15,mobile_ios,0,BEN-CUST_MONISHA_001-TRUSTED,Trusted Household Vendor,15,1,4,25,0,0,0,None,Resolved Genuine,Standard Habitual Purchase,0
TXN-CUST_MONISHA_001-10859,2026-08-16 23:35:21,2026-08-16,23:35:21,23,6,1,1,CUST_MONISHA_001,420,Chennai,Tamil Nadu,Low Risk / 3% Fraud Rate,M024,LinkWave Telecom,Telecom Retail,Fiber Broadband & Postpaid Plans,Erode,Perundurai Road,Tamil Nadu,638011,11.341,77.7172,10,1950.0,09:30-20:30,"UPI,CARD,ONLINE,POS",SIM swap bill recharge surges,0.017,42,1092.41,INR,PURCHASE,ONLINE,MOBILE_APP,1,0,Chennai,3.0,0,0,1,DEV-MONISHA-IPHONE-15,mobile_ios,0,BEN-CUST_MONISHA_001-TRUSTED,Trusted Household Vendor,15,0,3,17,0,0,0,None,Resolved Genuine,Standard Habitual Purchase,0
TXN-CUST_MONISHA_001-10860,2026-08-17 00:59:16,2026-08-17,00:59:16,0,0,0,1,CUST_MONISHA_001,420,Chennai,Tamil Nadu,Low Risk / 3% Fraud Rate,M012,DashDine Delivery,Food Delivery,Quick Commerce & Meal Delivery,Chennai,Sholinganallur,Tamil Nadu,600119,12.901,80.2279,4,520.0,06:00-02:00,"UPI,CARD,ONLINE,WALLET",Promo code abuse / stolen wallet balances,0.014,35,1068.42,INR,PURCHASE,CARD,MOBILE_APP,0,0,Hyderabad,529.0,1,0,1,DEV-MONISHA-IPHONE-15,mobile_ios,0,BEN-CUST_MONISHA_001-01,Self Family Transfer,3,2,4,19,1,0,0,Geographic Anomaly / High Ticket Spike,Review Required,Sudden location velocity jump with new merchant,1
TXN-CUST_MONISHA_001-10861,2026-08-17 02:28:31,2026-08-17,02:28:31,2,0,0,1,CUST_MONISHA_001,420,Chennai,Tamil Nadu,Low Risk / 3% Fraud Rate,M007,SpiceRoute Kitchen,Restaurant,Fine Dining & Chettinad,Chennai,Adyar,Tamil Nadu,600020,13.0012,80.2565,7,2200.0,11:30-23:30,"POS,UPI,CARD",Cloned card POS terminal replay,0.018,45,1392.57,INR,PURCHASE,UPI,MOBILE_APP,1,0,Chennai,14.0,0,0,1,DEV-MONISHA-IPHONE-15,mobile_ios,0,BEN-CUST_MONISHA_001-TRUSTED,Trusted Household Vendor,12,1,4,22,0,0,0,None,Resolved Genuine,Standard Habitual Purchase,0
TXN-CUST_MONISHA_001-10862,2026-08-17 03:52:48,2026-08-17,03:52:48,3,0,0,1,CUST_MONISHA_001,420,Chennai,Tamil Nadu,Low Risk / 3% Fraud Rate,M012,DashDine Delivery,Food Delivery,Quick Commerce & Meal Delivery,Chennai,Sholinganallur,Tamil Nadu,600119,12.901,80.2279,4,520.0,06:00-02:00,"UPI,CARD,ONLINE,WALLET",Promo code abuse / stolen wallet balances,0.014,35,1178.09,INR,PURCHASE,WALLET,MOBILE_APP,0,0,Chennai,10.0,0,0,1,DEV-MONISHA-IPHONE-15,mobile_ios,0,BEN-CUST_MONISHA_001-TRUSTED,Trusted Household Vendor,15,1,4,25,0,0,0,None,Resolved Genuine,Standard Habitual Purchase,0
TXN-CUST_MONISHA_001-10863,2026-08-17 05:16:55,2026-08-17,05:16:55,5,0,0,1,CUST_MONISHA_001,420,Chennai,Tamil Nadu,Low Risk / 3% Fraud Rate,M023,SwiftBox Logistics,Courier / Logistics,Express Parcel & Freight Delivery,Tiruppur,Avinashi Road,Tamil Nadu,641603,11.1085,77.3411,9,4200.0,08:00-21:00,"POS,UPI,CARD,ONLINE",Interception fraud / address redirection,0.02,50,1255.36,INR,PURCHASE,ONLINE,MOBILE_APP,1,0,Chennai,14.0,0,0,1,DEV-MONISHA-IPHONE-15,mobile_ios,0,BEN-CUST_MONISHA_001-TRUSTED,Trusted Household Vendor,7,0,3,20,0,0,0,None,Resolved Genuine,Standard Habitual Purchase,0
TXN-CUST_MONISHA_001-10864,2026-08-17 06:41:06,2026-08-17,06:41:06,6,0,0,0,CUST_MONISHA_001,420,Chennai,Tamil Nadu,Low Risk / 3% Fraud Rate,M028,CraftCove Home Decor,Home Decor,Handicrafts & Art Pieces,Thanjavur,Medical College Road,Tamil Nadu,613004,10.7684,79.1245,8,7400.0,09:30-20:30,"POS,UPI,CARD,ONLINE",Cross-border tourist chargebacks,0.023,57,1263.46,INR,PURCHASE,UPI,MOBILE_APP,1,0,Chennai,4.0,0,0,1,DEV-MONISHA-IPHONE-15,mobile_ios,0,BEN-CUST_MONISHA_001-TRUSTED,Trusted Household Vendor,14,0,3,20,0,0,0,None,Resolved Genuine,Standard Habitual Purchase,0
TXN-CUST_MONISHA_001-10865,2026-08-17 08:05:35,2026-08-17,08:05:35,8,0,0,0,CUST_MONISHA_001,420,Chennai,Tamil Nadu,Low Risk / 3% Fraud Rate,M026,GreenLeaf Wellness,Health & Wellness,Organic Nutrition & Ayurveda,Trichy,Srirangam,Tamil Nadu,620006,10.8624,78.6947,6,2100.0,08:00-21:00,"POS,UPI,ONLINE,CARD",Subscription card stuffing,0.013,32,4209.07,INR,P2P_TRANSFER,CARD,WEB_PORTAL,0,0,Mumbai,932.0,1,1,0,DEV-LAPTOP-CHROME-368,web_browser,1,BEN-NEW-800,Global Flight Booking,0,3,5,23,1,0,0,Geographic Anomaly / High Ticket Spike,Review Required,Sudden location velocity jump with new merchant,1
TXN-CUST_MONISHA_001-10866,2026-08-17 09:29:02,2026-08-17,09:29:02,9,0,0,0,CUST_MONISHA_001,420,Chennai,Tamil Nadu,Low Risk / 3% Fraud Rate,M005,UrbanThread Studio,Fashion / Apparel,Designer & Ready-to-wear,Chennai,Anna Nagar,Tamil Nadu,600040,13.085,80.2101,5,4800.0,10:30-22:00,"POS,ONLINE,UPI,CARD",Refund abuse / credential stuffing,0.022,55,14496.1,INR,P2P_TRANSFER,UPI,MOBILE_APP,0,0,Delhi,1003.0,1,0,1,DEV-MONISHA-IPHONE-15,mobile_ios,1,BEN-NEW-533,Global Flight Booking,0,2,9,39,1,0,0,Geographic Anomaly / High Ticket Spike,Review Required,Sudden location velocity jump with new merchant,1
TXN-CUST_MONISHA_001-10867,2026-08-17 10:53:01,2026-08-17,10:53:01,10,0,0,0,CUST_MONISHA_001,420,Chennai,Tamil Nadu,Low Risk / 3% Fraud Rate,M002,CircuitBay Electronics,Consumer Electronics,Laptops & Gadgets,Chennai,Velachery,Tamil Nadu,600042,12.9759,80.2212,6,32000.0,10:00-21:30,"POS,ONLINE,EMI,UPI",Stolen payment details / high-ticket electronics delivery,0.048,120,901.94,INR,PURCHASE,POS,MOBILE_APP,1,0,Chennai,15.0,0,0,1,DEV-MONISHA-IPHONE-15,mobile_ios,0,BEN-CUST_MONISHA_001-TRUSTED,Trusted Household Vendor,12,0,3,14,0,0,0,None,Resolved Genuine,Standard Habitual Purchase,0
TXN-CUST_MONISHA_001-10868,2026-08-17 12:17:56,2026-08-17,12:17:56,12,0,0,0,CUST_MONISHA_001,420,Chennai,Tamil Nadu,Low Risk / 3% Fraud Rate,M020,GameGrid Arena,Gaming,"Esports, Consoles & Virtual Credits",Bengaluru,Koramangala,Karnataka,560095,12.9352,77.6245,4,3400.0,10:00-01:00,"ONLINE,UPI,CARD,WALLET",Virtual item laundering & bot-driven micro transactions,0.055,137,1671.39,INR,PURCHASE,ONLINE,MOBILE_APP,0,0,Chennai,7.0,0,0,1,DEV-MONISHA-IPHONE-15,mobile_ios,0,BEN-CUST_MONISHA_001-TRUSTED,Trusted Household Vendor,11,0,2,12,0,0,0,None,Resolved Genuine,Standard Habitual Purchase,0
TXN-CUST_MONISHA_001-10869,2026-08-17 13:42:54,2026-08-17,13:42:54,13,0,0,0,CUST_MONISHA_001,420,Chennai,Tamil Nadu,Low Risk / 3% Fraud Rate,M017,AutoForge Parts,Spare Parts,OEM Industrial & Auto Components,Hosur,Mookandapalli,Tamil Nadu,635126,12.7409,77.8253,15,16500.0,09:00-19:30,"TRANSFER,POS,CARD",Business email compromise / fake beneficiary update,0.033,82,1933.25,INR,PURCHASE,POS,MOBILE_APP,1,0,Chennai,6.0,0,0,1,DEV-MONISHA-IPHONE-15,mobile_ios,0,BEN-CUST_MONISHA_001-TRUSTED,Trusted Household Vendor,4,0,2,18,0,0,0,None,Resolved Genuine,Standard Habitual Purchase,0
TXN-CUST_MONISHA_001-10870,2026-08-17 15:08:54,2026-08-17,15:08:54,15,0,0,0,CUST_MONISHA_001,420,Chennai,Tamil Nadu,Low Risk / 3% Fraud Rate,M009,RapidFuel Station,Fuel Station,"Petrol, Diesel & EV Fast Charge",Salem,Fairlands,Tamil Nadu,636016,11.6643,78.146,9,3100.0,24_HOURS,"POS,FLEET_CARD,UPI",Automated fleet card skimming,0.024,60,1053.41,INR,PURCHASE,UPI,MOBILE_APP,1,0,Chennai,1.0,0,0,1,DEV-MONISHA-IPHONE-15,mobile_ios,0,BEN-CUST_MONISHA_001-TRUSTED,Trusted Household Vendor,7,0,4,23,0,0,0,None,Resolved Genuine,Standard Habitual Purchase,0
TXN-CUST_MONISHA_001-10871,2026-08-17 16:37:51,2026-08-17,16:37:51,16,0,0,0,CUST_MONISHA_001,420,Chennai,Tamil Nadu,Low Risk / 3% Fraud Rate,M010,HarborView Residency,Hotel / Hospitality,Business & Luxury Hotel,Chennai,OMR,Tamil Nadu,600096,12.9165,80.2285,6,9500.0,24_HOURS,"ONLINE,POS,CARD,TRANSFER",Online travel booking fraud with stolen corporate credentials,0.041,102,2892.53,INR,PURCHASE,CARD,MOBILE_APP,1,0,Chennai,5.0,0,0,1,DEV-MONISHA-IPHONE-15,mobile_ios,0,BEN-CUST_MONISHA_001-TRUSTED,Trusted Household Vendor,11,0,3,20,0,0,0,None,Resolved Genuine,Standard Habitual Purchase,0
TXN-CUST_MONISHA_001-10872,2026-08-17 18:06:36,2026-08-17,18:06:36,18,0,0,0,CUST_MONISHA_001,420,Chennai,Tamil Nadu,Low Risk / 3% Fraud Rate,M011,SkyTrail Travels,Travel Agency,Flight & International Tour Packages,Coimbatore,Gandhipuram,Tamil Nadu,641012,11.0183,76.9664,11,44000.0,09:00-20:00,"ONLINE,TRANSFER,CARD",Mule-account ticket arbitrage & fast cancellation fraud,0.052,130,2504.27,INR,PURCHASE,CARD,MOBILE_APP,0,0,Chennai,8.0,0,0,1,DEV-MONISHA-IPHONE-15,mobile_ios,0,BEN-CUST_MONISHA_001-TRUSTED,Trusted Household Vendor,11,0,2,17,0,0,0,None,Resolved Genuine,Standard Habitual Purchase,0
TXN-CUST_MONISHA_001-10873,2026-08-17 19:30:20,2026-08-17,19:30:20,19,0,0,0,CUST_MONISHA_001,420,Chennai,Tamil Nadu,Low Risk / 3% Fraud Rate,M005,UrbanThread Studio,Fashion / Apparel,Designer & Ready-to-wear,Chennai,Anna Nagar,Tamil Nadu,600040,13.085,80.2101,5,4800.0,10:30-22:00,"POS,ONLINE,UPI,CARD",Refund abuse / credential stuffing,0.022,55,907.69,INR,PURCHASE,CARD,MOBILE_APP,1,0,Chennai,3.0,0,0,1,DEV-MONISHA-IPHONE-15,mobile_ios,0,BEN-CUST_MONISHA_001-TRUSTED,Trusted Household Vendor,5,1,3,20,0,0,0,None,Resolved Genuine,Standard Habitual Purchase,0
TXN-CUST_MONISHA_001-10874,2026-08-17 20:54:25,2026-08-17,20:54:25,20,0,0,0,CUST_MONISHA_001,420,Chennai,Tamil Nadu,Low Risk / 3% Fraud Rate,M029,CloudDesk Digital,Software / Digital Services,Cloud Infrastructure & SaaS Tools,Bengaluru,Whitefield,Karnataka,560066,12.9698,77.7499,7,19800.0,24_HOURS,"ONLINE,CARD,TRANSFER",Cryptomining VM rental with stolen credit cards,0.058,145,2949.66,INR,PURCHASE,CARD,MOBILE_APP,0,0,Chennai,1.0,0,0,1,DEV-MONISHA-IPHONE-15,mobile_ios,0,BEN-CUST_MONISHA_001-TRUSTED,Trusted Household Vendor,10,0,4,19,0,0,0,None,Resolved Genuine,Standard Habitual Purchase,0
TXN-CUST_MONISHA_001-10875,2026-08-17 22:22:54,2026-08-17,22:22:54,22,0,0,0,CUST_MONISHA_001,420,Chennai,Tamil Nadu,Low Risk / 3% Fraud Rate,M028,CraftCove Home Decor,Home Decor,Handicrafts & Art Pieces,Thanjavur,Medical College Road,Tamil Nadu,613004,10.7684,79.1245,8,7400.0,09:30-20:30,"POS,UPI,CARD,ONLINE",Cross-border tourist chargebacks,0.023,57,1126.45,INR,PURCHASE,UPI,MOBILE_APP,1,0,Chennai,6.0,0,0,1,DEV-MONISHA-IPHONE-15,mobile_ios,0,BEN-CUST_MONISHA_001-TRUSTED,Trusted Household Vendor,5,1,3,22,0,0,0,None,Resolved Genuine,Standard Habitual Purchase,0
TXN-CUST_MONISHA_001-10876,2026-08-17 23:51:14,2026-08-17,23:51:14,23,0,0,1,CUST_MONISHA_001,420,Chennai,Tamil Nadu,Low Risk / 3% Fraud Rate,M019,ArenaSport World,Sports Retail,Fitness Equipment & Sports Wear,Chennai,Nungambakkam,Tamil Nadu,600034,13.0604,80.2405,6,5600.0,10:00-21:30,"POS,ONLINE,UPI,CARD",Stolen card chargeback on premium sports gear,0.026,65,2864.69,INR,PURCHASE,ONLINE,MOBILE_APP,1,0,Chennai,10.0,0,0,1,DEV-MONISHA-IPHONE-15,mobile_ios,0,BEN-CUST_MONISHA_001-TRUSTED,Trusted Household Vendor,11,0,1,12,0,0,0,None,Resolved Genuine,Standard Habitual Purchase,0
TXN-CUST_MONISHA_001-10877,2026-08-18 01:20:09,2026-08-18,01:20:09,1,1,0,1,CUST_MONISHA_001,420,Chennai,Tamil Nadu,Low Risk / 3% Fraud Rate,M008,BeanCircuit Cafe,Cafe,Specialty Coffee & Bakery,Bengaluru,Indiranagar,Karnataka,560038,12.9784,77.6408,3,650.0,07:30-23:00,"UPI,POS,CARD",QR code spoofing / fast velocity dining,0.009,22,2577.71,INR,PURCHASE,POS,MOBILE_APP,1,0,Chennai,11.0,0,0,1,DEV-MONISHA-IPHONE-15,mobile_ios,0,BEN-CUST_MONISHA_001-TRUSTED,Trusted Household Vendor,3,1,3,15,0,0,0,None,Resolved Genuine,Standard Habitual Purchase,0
TXN-CUST_MONISHA_001-10878,2026-08-18 02:45:55,2026-08-18,02:45:55,2,1,0,1,CUST_MONISHA_001,420,Chennai,Tamil Nadu,Low Risk / 3% Fraud Rate,M019,ArenaSport World,Sports Retail,Fitness Equipment & Sports Wear,Chennai,Nungambakkam,Tamil Nadu,600034,13.0604,80.2405,6,5600.0,10:00-21:30,"POS,ONLINE,UPI,CARD",Stolen card chargeback on premium sports gear,0.026,65,2954.21,INR,PURCHASE,POS,MOBILE_APP,1,0,Chennai,2.0,0,0,1,DEV-MONISHA-IPHONE-15,mobile_ios,0,BEN-CUST_MONISHA_001-TRUSTED,Trusted Household Vendor,3,0,2,17,0,0,0,None,Resolved Genuine,Standard Habitual Purchase,0
TXN-CUST_MONISHA_001-10879,2026-08-18 04:14:18,2026-08-18,04:14:18,4,1,0,1,CUST_MONISHA_001,420,Chennai,Tamil Nadu,Low Risk / 3% Fraud Rate,M022,SkillSpring Academy,Education / Training,Professional Certifications & Tech Bootcamps,Chennai,Mylapore,Tamil Nadu,600004,13.0368,80.2676,8,22000.0,08:30-19:30,"ONLINE,NETBANKING,CARD,UPI",Stolen corporate card enrollments,0.028,70,1902.86,INR,PURCHASE,ONLINE,MOBILE_APP,0,0,Chennai,11.0,0,0,1,DEV-MONISHA-IPHONE-15,mobile_ios,0,BEN-CUST_MONISHA_001-TRUSTED,Trusted Household Vendor,8,0,1,13,0,0,0,None,Resolved Genuine,Standard Habitual Purchase,0
TXN-CUST_MONISHA_001-10880,2026-08-18 05:39:39,2026-08-18,05:39:39,5,1,0,1,CUST_MONISHA_001,420,Chennai,Tamil Nadu,Low Risk / 3% Fraud Rate,M024,LinkWave Telecom,Telecom Retail,Fiber Broadband & Postpaid Plans,Erode,Perundurai Road,Tamil Nadu,638011,11.341,77.7172,10,1950.0,09:30-20:30,"UPI,CARD,ONLINE,POS",SIM swap bill recharge surges,0.017,42,3119.58,INR,PURCHASE,UPI,MOBILE_APP,1,0,Chennai,15.0,0,0,1,DEV-MONISHA-IPHONE-15,mobile_ios,0,BEN-CUST_MONISHA_001-TRUSTED,Trusted Household Vendor,6,0,2,14,0,0,0,None,Resolved Genuine,Standard Habitual Purchase,0
TXN-CUST_MONISHA_001-10881,2026-08-18 07:05:00,2026-08-18,07:05:00,7,1,0,0,CUST_MONISHA_001,420,Chennai,Tamil Nadu,Low Risk / 3% Fraud Rate,M002,CircuitBay Electronics,Consumer Electronics,Laptops & Gadgets,Chennai,Velachery,Tamil Nadu,600042,12.9759,80.2212,6,32000.0,10:00-21:30,"POS,ONLINE,EMI,UPI",Stolen payment details / high-ticket electronics delivery,0.048,120,2520.49,INR,PURCHASE,UPI,MOBILE_APP,1,0,Chennai,9.0,0,0,1,DEV-MONISHA-IPHONE-15,mobile_ios,0,BEN-CUST_MONISHA_001-TRUSTED,Trusted Household Vendor,4,0,4,22,0,0,0,None,Resolved Genuine,Standard Habitual Purchase,0
TXN-CUST_MONISHA_001-10882,2026-08-18 08:29:28,2026-08-18,08:29:28,8,1,0,0,CUST_MONISHA_001,420,Chennai,Tamil Nadu,Low Risk / 3% Fraud Rate,M025,ShieldSure Services,Insurance Services,General & Health Insurance Premium,Chennai,Egmore,Tamil Nadu,600008,13.0784,80.2607,13,14000.0,09:30-18:00,"ONLINE,NETBANKING,CARD",Premium diversion / fake policy payment slips,0.019,47,2805.31,INR,PURCHASE,NETBANKING,MOBILE_APP,0,0,Chennai,2.0,0,0,1,DEV-MONISHA-IPHONE-15,mobile_ios,0,BEN-CUST_MONISHA_001-TRUSTED,Trusted Household Vendor,5,1,2,16,0,0,0,None,Resolved Genuine,Standard Habitual Purchase,0
TXN-CUST_MONISHA_001-10883,2026-08-18 09:54:34,2026-08-18,09:54:34,9,1,0,0,CUST_MONISHA_001,420,Chennai,Tamil Nadu,Low Risk / 3% Fraud Rate,M025,ShieldSure Services,Insurance Services,General & Health Insurance Premium,Chennai,Egmore,Tamil Nadu,600008,13.0784,80.2607,13,14000.0,09:30-18:00,"ONLINE,NETBANKING,CARD",Premium diversion / fake policy payment slips,0.019,47,3013.37,INR,PURCHASE,NETBANKING,MOBILE_APP,0,0,Chennai,3.0,0,0,1,DEV-MONISHA-IPHONE-15,mobile_ios,0,BEN-CUST_MONISHA_001-TRUSTED,Trusted Household Vendor,15,1,4,22,0,0,0,None,Resolved Genuine,Standard Habitual Purchase,0
TXN-CUST_MONISHA_001-10884,2026-08-18 11:23:24,2026-08-18,11:23:24,11,1,0,0,CUST_MONISHA_001,420,Chennai,Tamil Nadu,Low Risk / 3% Fraud Rate,M020,GameGrid Arena,Gaming,"Esports, Consoles & Virtual Credits",Bengaluru,Koramangala,Karnataka,560095,12.9352,77.6245,4,3400.0,10:00-01:00,"ONLINE,UPI,CARD,WALLET",Virtual item laundering & bot-driven micro transactions,0.055,137,1087.21,INR,PURCHASE,UPI,MOBILE_APP,0,0,Chennai,11.0,0,0,1,DEV-MONISHA-IPHONE-15,mobile_ios,0,BEN-CUST_MONISHA_001-TRUSTED,Trusted Household Vendor,11,1,3,21,0,0,0,None,Resolved Genuine,Standard Habitual Purchase,0
TXN-CUST_MONISHA_001-10885,2026-08-18 12:49:28,2026-08-18,12:49:28,12,1,0,0,CUST_MONISHA_001,420,Chennai,Tamil Nadu,Low Risk / 3% Fraud Rate,M013,CartNest Online,E-commerce,Multi-category Marketplace,Chennai,Guindy,Tamil Nadu,600032,13.0067,80.2026,5,6200.0,24_HOURS,"ONLINE,UPI,CARD,NETBANKING",Account takeover + triangulation shipping fraud,0.045,112,1894.87,INR,PURCHASE,NETBANKING,MOBILE_APP,0,0,Chennai,10.0,0,0,1,DEV-MONISHA-IPHONE-15,mobile_ios,0,BEN-CUST_MONISHA_001-TRUSTED,Trusted Household Vendor,15,0,1,11,0,0,0,None,Resolved Genuine,Standard Habitual Purchase,0
TXN-CUST_MONISHA_001-10886,2026-08-18 14:16:33,2026-08-18,14:16:33,14,1,0,0,CUST_MONISHA_001,420,Chennai,Tamil Nadu,Low Risk / 3% Fraud Rate,M014,OakLine Furnishings,Furniture,Teak Wood & Modern Home Decor,Madurai,Bypass Road,Tamil Nadu,625016,9.932,78.109,12,38000.0,10:00-21:00,"POS,CARD,TRANSFER,EMI",Invoice redirection fraud / fake payment slips,0.029,72,2255.81,INR,PURCHASE,CARD,MOBILE_APP,1,0,Chennai,2.0,0,0,1,DEV-MONISHA-IPHONE-15,mobile_ios,0,BEN-CUST_MONISHA_001-TRUSTED,Trusted Household Vendor,10,1,3,16,0,0,0,None,Resolved Genuine,Standard Habitual Purchase,0
TXN-CUST_MONISHA_001-10887,2026-08-18 15:45:32,2026-08-18,15:45:32,15,1,0,0,CUST_MONISHA_001,420,Chennai,Tamil Nadu,Low Risk / 3% Fraud Rate,M017,AutoForge Parts,Spare Parts,OEM Industrial & Auto Components,Hosur,Mookandapalli,Tamil Nadu,635126,12.7409,77.8253,15,16500.0,09:00-19:30,"TRANSFER,POS,CARD",Business email compromise / fake beneficiary update,0.033,82,2253.17,INR,PURCHASE,TRANSFER,MOBILE_APP,1,0,Chennai,9.0,0,0,1,DEV-MONISHA-IPHONE-15,mobile_ios,0,BEN-CUST_MONISHA_001-TRUSTED,Trusted Household Vendor,9,1,4,25,0,0,0,None,Resolved Genuine,Standard Habitual Purchase,0
TXN-CUST_MONISHA_001-10888,2026-08-18 17:10:44,2026-08-18,17:10:44,17,1,0,0,CUST_MONISHA_001,420,Chennai,Tamil Nadu,Low Risk / 3% Fraud Rate,M005,UrbanThread Studio,Fashion / Apparel,Designer & Ready-to-wear,Chennai,Anna Nagar,Tamil Nadu,600040,13.085,80.2101,5,4800.0,10:30-22:00,"POS,ONLINE,UPI,CARD",Refund abuse / credential stuffing,0.022,55,2381.29,INR,PURCHASE,POS,MOBILE_APP,1,0,Chennai,5.0,0,0,1,DEV-MONISHA-IPHONE-15,mobile_ios,0,BEN-CUST_MONISHA_001-TRUSTED,Trusted Household Vendor,7,0,4,26,0,0,0,None,Resolved Genuine,Standard Habitual Purchase,0
TXN-CUST_MONISHA_001-10889,2026-08-18 18:34:36,2026-08-18,18:34:36,18,1,0,0,CUST_MONISHA_001,420,Chennai,Tamil Nadu,Low Risk / 3% Fraud Rate,M002,CircuitBay Electronics,Consumer Electronics,Laptops & Gadgets,Chennai,Velachery,Tamil Nadu,600042,12.9759,80.2212,6,32000.0,10:00-21:30,"POS,ONLINE,EMI,UPI",Stolen payment details / high-ticket electronics delivery,0.048,120,1981.39,INR,PURCHASE,EMI,MOBILE_APP,1,0,Chennai,9.0,0,0,1,DEV-MONISHA-IPHONE-15,mobile_ios,0,BEN-CUST_MONISHA_001-TRUSTED,Trusted Household Vendor,10,0,1,11,0,0,0,None,Resolved Genuine,Standard Habitual Purchase,0
TXN-CUST_MONISHA_001-10890,2026-08-18 19:59:31,2026-08-18,19:59:31,19,1,0,0,CUST_MONISHA_001,420,Chennai,Tamil Nadu,Low Risk / 3% Fraud Rate,M003,Pulse Mobile Hub,Mobile Store,Smartphones & Accessories,Chennai,Tambaram,Tamil Nadu,600045,12.9249,80.1278,4,18500.0,09:30-21:30,"POS,UPI,CARD",New device abuse / rapid checkout surge,0.035,87,2578.63,INR,PURCHASE,POS,MOBILE_APP,1,0,Chennai,1.0,0,0,1,DEV-MONISHA-IPHONE-15,mobile_ios,0,BEN-CUST_MONISHA_001-TRUSTED,Trusted Household Vendor,5,1,4,24,0,0,0,None,Resolved Genuine,Standard Habitual Purchase,0
TXN-CUST_MONISHA_001-10891,2026-08-18 21:23:12,2026-08-18,21:23:12,21,1,0,0,CUST_MONISHA_001,420,Chennai,Tamil Nadu,Low Risk / 3% Fraud Rate,M014,OakLine Furnishings,Furniture,Teak Wood & Modern Home Decor,Madurai,Bypass Road,Tamil Nadu,625016,9.932,78.109,12,38000.0,10:00-21:00,"POS,CARD,TRANSFER,EMI",Invoice redirection fraud / fake payment slips,0.029,72,2831.61,INR,PURCHASE,EMI,MOBILE_APP,1,0,Chennai,5.0,0,0,1,DEV-MONISHA-IPHONE-15,mobile_ios,0,BEN-CUST_MONISHA_001-TRUSTED,Trusted Household Vendor,15,0,4,22,0,0,0,None,Resolved Genuine,Standard Habitual Purchase,0
TXN-CUST_MONISHA_001-10892,2026-08-18 22:48:39,2026-08-18,22:48:39,22,1,0,0,CUST_MONISHA_001,420,Chennai,Tamil Nadu,Low Risk / 3% Fraud Rate,M028,CraftCove Home Decor,Home Decor,Handicrafts & Art Pieces,Thanjavur,Medical College Road,Tamil Nadu,613004,10.7684,79.1245,8,7400.0,09:30-20:30,"POS,UPI,CARD,ONLINE",Cross-border tourist chargebacks,0.023,57,2675.41,INR,PURCHASE,POS,MOBILE_APP,1,0,Chennai,4.0,0,0,1,DEV-MONISHA-IPHONE-15,mobile_ios,0,BEN-CUST_MONISHA_001-TRUSTED,Trusted Household Vendor,13,1,3,20,0,0,0,None,Resolved Genuine,Standard Habitual Purchase,0
TXN-CUST_MONISHA_001-10893,2026-08-19 00:15:15,2026-08-19,00:15:15,0,2,0,1,CUST_MONISHA_001,420,Chennai,Tamil Nadu,Low Risk / 3% Fraud Rate,M001,NovaMart Fresh,Grocery & Supermarket,Supermarket / Hypermarket,Chennai,T Nagar,Tamil Nadu,600017,13.0418,80.2341,8,1250.0,07:00-22:30,"POS,UPI,CARD,ONLINE",Card testing / micro-burst velocity,0.012,30,1704.15,INR,PURCHASE,ONLINE,MOBILE_APP,1,0,Chennai,1.0,0,0,1,DEV-MONISHA-IPHONE-15,mobile_ios,0,BEN-CUST_MONISHA_001-TRUSTED,Trusted Household Vendor,10,1,4,25,0,0,0,None,Resolved Genuine,Standard Habitual Purchase,0
TXN-CUST_MONISHA_001-10894,2026-08-19 01:40:28,2026-08-19,01:40:28,1,2,0,1,CUST_MONISHA_001,420,Chennai,Tamil Nadu,Low Risk / 3% Fraud Rate,M027,BrickHarbor Realty,Real Estate / Property Services,Rental Escrow & Facility Management,Chennai,Porur,Tamil Nadu,600116,13.035,80.16,11,65000.0,09:00-19:00,"TRANSFER,NETBANKING,CARD",Security deposit phishing / escrow hijacking,0.039,97,3058.98,INR,PURCHASE,NETBANKING,MOBILE_APP,0,0,Chennai,6.0,0,0,1,DEV-MONISHA-IPHONE-15,mobile_ios,0,BEN-CUST_MONISHA_001-TRUSTED,Trusted Household Vendor,15,0,4,19,0,0,0,None,Resolved Genuine,Standard Habitual Purchase,0
TXN-CUST_MONISHA_001-10895,2026-08-19 03:04:37,2026-08-19,03:04:37,3,2,0,1,CUST_MONISHA_001,420,Chennai,Tamil Nadu,Low Risk / 3% Fraud Rate,M001,NovaMart Fresh,Grocery & Supermarket,Supermarket / Hypermarket,Chennai,T Nagar,Tamil Nadu,600017,13.0418,80.2341,8,1250.0,07:00-22:30,"POS,UPI,CARD,ONLINE",Card testing / micro-burst velocity,0.012,30,1226.48,INR,PURCHASE,UPI,MOBILE_APP,1,0,Chennai,14.0,0,0,1,DEV-MONISHA-IPHONE-15,mobile_ios,0,BEN-CUST_MONISHA_001-TRUSTED,Trusted Household Vendor,3,1,2,17,0,0,0,None,Resolved Genuine,Standard Habitual Purchase,0
TXN-CUST_MONISHA_001-10896,2026-08-19 04:31:55,2026-08-19,04:31:55,4,2,0,1,CUST_MONISHA_001,420,Chennai,Tamil Nadu,Low Risk / 3% Fraud Rate,M021,GlowCraft Salon,Salon / Beauty,Spa & Grooming Studio,Chennai,Porur,Tamil Nadu,600116,13.0382,80.1565,5,2800.0,09:00-21:00,"POS,UPI,CARD",Unusual late-night transaction spikes,0.011,27,1345.77,INR,PURCHASE,UPI,MOBILE_APP,1,0,Chennai,14.0,0,0,1,DEV-MONISHA-IPHONE-15,mobile_ios,0,BEN-CUST_MONISHA_001-TRUSTED,Trusted Household Vendor,4,0,2,17,0,0,0,None,Resolved Genuine,Standard Habitual Purchase,0
TXN-CUST_MONISHA_001-10897,2026-08-19 05:56:12,2026-08-19,05:56:12,5,2,0,1,CUST_MONISHA_001,420,Chennai,Tamil Nadu,Low Risk / 3% Fraud Rate,M014,OakLine Furnishings,Furniture,Teak Wood & Modern Home Decor,Madurai,Bypass Road,Tamil Nadu,625016,9.932,78.109,12,38000.0,10:00-21:00,"POS,CARD,TRANSFER,EMI",Invoice redirection fraud / fake payment slips,0.029,72,831.05,INR,PURCHASE,EMI,MOBILE_APP,1,0,Chennai,3.0,0,0,1,DEV-MONISHA-IPHONE-15,mobile_ios,0,BEN-CUST_MONISHA_001-TRUSTED,Trusted Household Vendor,10,0,4,18,0,0,0,None,Resolved Genuine,Standard Habitual Purchase,0
TXN-CUST_MONISHA_001-10898,2026-08-19 07:24:45,2026-08-19,07:24:45,7,2,0,0,CUST_MONISHA_001,420,Chennai,Tamil Nadu,Low Risk / 3% Fraud Rate,M019,ArenaSport World,Sports Retail,Fitness Equipment & Sports Wear,Chennai,Nungambakkam,Tamil Nadu,600034,13.0604,80.2405,6,5600.0,10:00-21:30,"POS,ONLINE,UPI,CARD",Stolen card chargeback on premium sports gear,0.026,65,1347.75,INR,PURCHASE,UPI,MOBILE_APP,1,0,Chennai,5.0,0,0,1,DEV-MONISHA-IPHONE-15,mobile_ios,0,BEN-CUST_MONISHA_001-TRUSTED,Trusted Household Vendor,3,0,4,18,0,0,0,None,Resolved Genuine,Standard Habitual Purchase,0
TXN-CUST_MONISHA_001-10899,2026-08-19 08:48:46,2026-08-19,08:48:46,8,2,0,0,CUST_MONISHA_001,420,Chennai,Tamil Nadu,Low Risk / 3% Fraud Rate,M028,CraftCove Home Decor,Home Decor,Handicrafts & Art Pieces,Thanjavur,Medical College Road,Tamil Nadu,613004,10.7684,79.1245,8,7400.0,09:30-20:30,"POS,UPI,CARD,ONLINE",Cross-border tourist chargebacks,0.023,57,2448.64,INR,PURCHASE,ONLINE,MOBILE_APP,1,0,Chennai,7.0,0,0,1,DEV-MONISHA-IPHONE-15,mobile_ios,0,BEN-CUST_MONISHA_001-TRUSTED,Trusted Household Vendor,3,0,3,20,0,0,0,None,Resolved Genuine,Standard Habitual Purchase,0
TXN-CUST_MONISHA_001-10900,2026-08-19 10:15:05,2026-08-19,10:15:05,10,2,0,0,CUST_MONISHA_001,420,Chennai,Tamil Nadu,Low Risk / 3% Fraud Rate,M019,ArenaSport World,Sports Retail,Fitness Equipment & Sports Wear,Chennai,Nungambakkam,Tamil Nadu,600034,13.0604,80.2405,6,5600.0,10:00-21:30,"POS,ONLINE,UPI,CARD",Stolen card chargeback on premium sports gear,0.026,65,2475.6,INR,PURCHASE,POS,MOBILE_APP,1,0,Chennai,15.0,0,0,1,DEV-MONISHA-IPHONE-15,mobile_ios,0,BEN-CUST_MONISHA_001-TRUSTED,Trusted Household Vendor,6,0,4,26,0,0,0,None,Resolved Genuine,Standard Habitual Purchase,0
TXN-CUST_MONISHA_001-10901,2026-08-19 11:38:36,2026-08-19,11:38:36,11,2,0,0,CUST_MONISHA_001,420,Chennai,Tamil Nadu,Low Risk / 3% Fraud Rate,M019,ArenaSport World,Sports Retail,Fitness Equipment & Sports Wear,Chennai,Nungambakkam,Tamil Nadu,600034,13.0604,80.2405,6,5600.0,10:00-21:30,"POS,ONLINE,UPI,CARD",Stolen card chargeback on premium sports gear,0.026,65,1519.09,INR,PURCHASE,POS,MOBILE_APP,1,0,Chennai,2.0,0,0,1,DEV-MONISHA-IPHONE-15,mobile_ios,0,BEN-CUST_MONISHA_001-TRUSTED,Trusted Household Vendor,10,0,4,25,0,0,0,None,Resolved Genuine,Standard Habitual Purchase,0
TXN-CUST_MONISHA_001-10902,2026-08-19 13:05:44,2026-08-19,13:05:44,13,2,0,0,CUST_MONISHA_001,420,Chennai,Tamil Nadu,Low Risk / 3% Fraud Rate,M021,GlowCraft Salon,Salon / Beauty,Spa & Grooming Studio,Chennai,Porur,Tamil Nadu,600116,13.0382,80.1565,5,2800.0,09:00-21:00,"POS,UPI,CARD",Unusual late-night transaction spikes,0.011,27,1591.43,INR,PURCHASE,CARD,MOBILE_APP,1,0,Chennai,12.0,0,0,1,DEV-MONISHA-IPHONE-15,mobile_ios,0,BEN-CUST_MONISHA_001-TRUSTED,Trusted Household Vendor,7,0,2,13,0,0,0,None,Resolved Genuine,Standard Habitual Purchase,0
TXN-CUST_MONISHA_001-10903,2026-08-19 14:31:57,2026-08-19,14:31:57,14,2,0,0,CUST_MONISHA_001,420,Chennai,Tamil Nadu,Low Risk / 3% Fraud Rate,M015,HomeSphere Appliances,Home Appliances,"Refrigerators, ACs & Kitchen Tech",Coimbatore,Saibaba Colony,Tamil Nadu,641011,11.0315,76.945,9,27500.0,09:30-21:00,"POS,EMI,CARD,UPI",Carding attacks with immediate in-store pickup,0.038,95,1323.12,INR,PURCHASE,UPI,MOBILE_APP,1,0,Chennai,4.0,0,0,1,DEV-MONISHA-IPHONE-15,mobile_ios,0,BEN-CUST_MONISHA_001-TRUSTED,Trusted Household Vendor,12,0,3,16,0,0,0,None,Resolved Genuine,Standard Habitual Purchase,0
TXN-CUST_MONISHA_001-10904,2026-08-19 16:00:39,2026-08-19,16:00:39,16,2,0,0,CUST_MONISHA_001,420,Chennai,Tamil Nadu,Low Risk / 3% Fraud Rate,M024,LinkWave Telecom,Telecom Retail,Fiber Broadband & Postpaid Plans,Erode,Perundurai Road,Tamil Nadu,638011,11.341,77.7172,10,1950.0,09:30-20:30,"UPI,CARD,ONLINE,POS",SIM swap bill recharge surges,0.017,42,2444.64,INR,PURCHASE,POS,MOBILE_APP,1,0,Chennai,7.0,0,0,1,DEV-MONISHA-IPHONE-15,mobile_ios,0,BEN-CUST_MONISHA_001-TRUSTED,Trusted Household Vendor,15,0,3,16,0,0,0,None,Resolved Genuine,Standard Habitual Purchase,0
TXN-CUST_MONISHA_001-10905,2026-08-19 17:27:47,2026-08-19,17:27:47,17,2,0,0,CUST_MONISHA_001,420,Chennai,Tamil Nadu,Low Risk / 3% Fraud Rate,M010,HarborView Residency,Hotel / Hospitality,Business & Luxury Hotel,Chennai,OMR,Tamil Nadu,600096,12.9165,80.2285,6,9500.0,24_HOURS,"ONLINE,POS,CARD,TRANSFER",Online travel booking fraud with stolen corporate credentials,0.041,102,2396.23,INR,PURCHASE,POS,MOBILE_APP,1,0,Chennai,2.0,0,0,1,DEV-MONISHA-IPHONE-15,mobile_ios,0,BEN-CUST_MONISHA_001-TRUSTED,Trusted Household Vendor,5,0,2,12,0,0,0,None,Resolved Genuine,Standard Habitual Purchase,0
TXN-CUST_MONISHA_001-10906,2026-08-19 18:54:49,2026-08-19,18:54:49,18,2,0,0,CUST_MONISHA_001,420,Chennai,Tamil Nadu,Low Risk / 3% Fraud Rate,M004,Aurelia Gold House,Jewellery,Gold & Diamond Jewellery,Coimbatore,RS Puram,Tamil Nadu,641002,11.0089,76.9514,14,78000.0,10:00-20:30,"POS,CARD,TRANSFER",Account takeover / card-not-present luxury surge,0.065,162,2636.75,INR,PURCHASE,POS,MOBILE_APP,1,0,Chennai,8.0,0,0,1,DEV-MONISHA-IPHONE-15,mobile_ios,0,BEN-CUST_MONISHA_001-TRUSTED,Trusted Household Vendor,11,0,2,10,0,0,0,None,Resolved Genuine,Standard Habitual Purchase,0
TXN-CUST_MONISHA_001-10907,2026-08-19 20:20:22,2026-08-19,20:20:22,20,2,0,0,CUST_MONISHA_001,420,Chennai,Tamil Nadu,Low Risk / 3% Fraud Rate,M009,RapidFuel Station,Fuel Station,"Petrol, Diesel & EV Fast Charge",Salem,Fairlands,Tamil Nadu,636016,11.6643,78.146,9,3100.0,24_HOURS,"POS,FLEET_CARD,UPI",Automated fleet card skimming,0.024,60,1615.48,INR,PURCHASE,POS,MOBILE_APP,1,0,Chennai,3.0,0,0,1,DEV-MONISHA-IPHONE-15,mobile_ios,0,BEN-CUST_MONISHA_001-TRUSTED,Trusted Household Vendor,15,1,1,11,0,0,0,None,Resolved Genuine,Standard Habitual Purchase,0
TXN-CUST_MONISHA_001-10908,2026-08-19 21:46:21,2026-08-19,21:46:21,21,2,0,0,CUST_MONISHA_001,420,Chennai,Tamil Nadu,Low Risk / 3% Fraud Rate,M020,GameGrid Arena,Gaming,"Esports, Consoles & Virtual Credits",Bengaluru,Koramangala,Karnataka,560095,12.9352,77.6245,4,3400.0,10:00-01:00,"ONLINE,UPI,CARD,WALLET",Virtual item laundering & bot-driven micro transactions,0.055,137,1310.46,INR,PURCHASE,CARD,MOBILE_APP,0,0,Chennai,9.0,0,0,1,DEV-MONISHA-IPHONE-15,mobile_ios,0,BEN-CUST_MONISHA_001-TRUSTED,Trusted Household Vendor,8,0,3,14,0,0,0,None,Resolved Genuine,Standard Habitual Purchase,0
TXN-CUST_MONISHA_001-10909,2026-08-19 23:14:23,2026-08-19,23:14:23,23,2,0,1,CUST_MONISHA_001,420,Chennai,Tamil Nadu,Low Risk / 3% Fraud Rate,M018,PageTurn Book House,Bookstore,"Academic, Fiction & Stationery",Trichy,Thillai Nagar,Tamil Nadu,620018,10.8282,78.6854,16,850.0,09:00-21:30,"POS,UPI,CARD,ONLINE",Low-value card testing bots,0.008,20,1405.93,INR,PURCHASE,POS,MOBILE_APP,1,0,Chennai,3.0,0,0,1,DEV-MONISHA-IPHONE-15,mobile_ios,0,BEN-CUST_MONISHA_001-TRUSTED,Trusted Household Vendor,14,0,1,13,0,0,0,None,Resolved Genuine,Standard Habitual Purchase,0
TXN-CUST_MONISHA_001-10910,2026-08-20 00:42:34,2026-08-20,00:42:34,0,3,0,1,CUST_MONISHA_001,420,Chennai,Tamil Nadu,Low Risk / 3% Fraud Rate,M027,BrickHarbor Realty,Real Estate / Property Services,Rental Escrow & Facility Management,Chennai,Porur,Tamil Nadu,600116,13.035,80.16,11,65000.0,09:00-19:00,"TRANSFER,NETBANKING,CARD",Security deposit phishing / escrow hijacking,0.039,97,2548.49,INR,PURCHASE,TRANSFER,MOBILE_APP,0,0,Chennai,2.0,0,0,1,DEV-MONISHA-IPHONE-15,mobile_ios,0,BEN-CUST_MONISHA_001-TRUSTED,Trusted Household Vendor,11,0,1,14,0,0,0,None,Resolved Genuine,Standard Habitual Purchase,0
TXN-CUST_MONISHA_001-10911,2026-08-20 02:06:36,2026-08-20,02:06:36,2,3,0,1,CUST_MONISHA_001,420,Chennai,Tamil Nadu,Low Risk / 3% Fraud Rate,M021,GlowCraft Salon,Salon / Beauty,Spa & Grooming Studio,Chennai,Porur,Tamil Nadu,600116,13.0382,80.1565,5,2800.0,09:00-21:00,"POS,UPI,CARD",Unusual late-night transaction spikes,0.011,27,1056.26,INR,PURCHASE,UPI,MOBILE_APP,1,0,Chennai,4.0,0,0,1,DEV-MONISHA-IPHONE-15,mobile_ios,0,BEN-CUST_MONISHA_001-TRUSTED,Trusted Household Vendor,14,0,2,17,0,0,0,None,Resolved Genuine,Standard Habitual Purchase,0
TXN-CUST_MONISHA_001-10912,2026-08-20 03:34:34,2026-08-20,03:34:34,3,3,0,1,CUST_MONISHA_001,420,Chennai,Tamil Nadu,Low Risk / 3% Fraud Rate,M016,MotoCare Garage,Auto Service,Car Service & Detailing Hub,Chennai,Pallikaranai,Tamil Nadu,600100,12.9372,80.2014,7,8900.0,08:30-20:30,"POS,UPI,CARD",Over-invoicing / synthetic card payments,0.021,52,2494.17,INR,PURCHASE,POS,MOBILE_APP,1,0,Chennai,2.0,0,0,1,DEV-MONISHA-IPHONE-15,mobile_ios,0,BEN-CUST_MONISHA_001-TRUSTED,Trusted Household Vendor,8,1,3,15,0,0,0,None,Resolved Genuine,Standard Habitual Purchase,0
TXN-CUST_MONISHA_001-10913,2026-08-20 05:03:04,2026-08-20,05:03:04,5,3,0,1,CUST_MONISHA_001,420,Chennai,Tamil Nadu,Low Risk / 3% Fraud Rate,M015,HomeSphere Appliances,Home Appliances,"Refrigerators, ACs & Kitchen Tech",Coimbatore,Saibaba Colony,Tamil Nadu,641011,11.0315,76.945,9,27500.0,09:30-21:00,"POS,EMI,CARD,UPI",Carding attacks with immediate in-store pickup,0.038,95,3048.95,INR,PURCHASE,UPI,MOBILE_APP,1,0,Chennai,13.0,0,0,1,DEV-MONISHA-IPHONE-15,mobile_ios,0,BEN-CUST_MONISHA_001-TRUSTED,Trusted Household Vendor,15,0,2,15,0,0,0,None,Resolved Genuine,Standard Habitual Purchase,0
TXN-CUST_MONISHA_001-10914,2026-08-20 06:28:11,2026-08-20,06:28:11,6,3,0,0,CUST_MONISHA_001,420,Chennai,Tamil Nadu,Low Risk / 3% Fraud Rate,M006,MedicoCare Pharmacy,Pharmacy,Medicines & Surgical Supplies,Madurai,KK Nagar,Tamil Nadu,625020,9.9252,78.1498,10,1450.0,24_HOURS,"POS,UPI,CARD,ONLINE",Nighttime micro card testing,0.015,37,979.45,INR,PURCHASE,UPI,MOBILE_APP,1,0,Chennai,6.0,0,0,1,DEV-MONISHA-IPHONE-15,mobile_ios,0,BEN-CUST_MONISHA_001-TRUSTED,Trusted Household Vendor,8,0,4,20,0,0,0,None,Resolved Genuine,Standard Habitual Purchase,0
TXN-CUST_MONISHA_001-10915,2026-08-20 07:56:06,2026-08-20,07:56:06,7,3,0,0,CUST_MONISHA_001,420,Chennai,Tamil Nadu,Low Risk / 3% Fraud Rate,M017,AutoForge Parts,Spare Parts,OEM Industrial & Auto Components,Hosur,Mookandapalli,Tamil Nadu,635126,12.7409,77.8253,15,16500.0,09:00-19:30,"TRANSFER,POS,CARD",Business email compromise / fake beneficiary update,0.033,82,1766.83,INR,PURCHASE,POS,MOBILE_APP,1,0,Chennai,4.0,0,0,1,DEV-MONISHA-IPHONE-15,mobile_ios,0,BEN-CUST_MONISHA_001-TRUSTED,Trusted Household Vendor,9,1,4,25,0,0,0,None,Resolved Genuine,Standard Habitual Purchase,0
TXN-CUST_MONISHA_001-10916,2026-08-20 09:25:13,2026-08-20,09:25:13,9,3,0,0,CUST_MONISHA_001,420,Chennai,Tamil Nadu,Low Risk / 3% Fraud Rate,M017,AutoForge Parts,Spare Parts,OEM Industrial & Auto Components,Hosur,Mookandapalli,Tamil Nadu,635126,12.7409,77.8253,15,16500.0,09:00-19:30,"TRANSFER,POS,CARD",Business email compromise / fake beneficiary update,0.033,82,2639.38,INR,PURCHASE,TRANSFER,MOBILE_APP,1,0,Chennai,6.0,0,0,1,DEV-MONISHA-IPHONE-15,mobile_ios,0,BEN-CUST_MONISHA_001-TRUSTED,Trusted Household Vendor,5,0,4,26,0,0,0,None,Resolved Genuine,Standard Habitual Purchase,0
TXN-CUST_MONISHA_001-10917,2026-08-20 10:54:17,2026-08-20,10:54:17,10,3,0,0,CUST_MONISHA_001,420,Chennai,Tamil Nadu,Low Risk / 3% Fraud Rate,M003,Pulse Mobile Hub,Mobile Store,Smartphones & Accessories,Chennai,Tambaram,Tamil Nadu,600045,12.9249,80.1278,4,18500.0,09:30-21:30,"POS,UPI,CARD",New device abuse / rapid checkout surge,0.035,87,1571.63,INR,PURCHASE,POS,MOBILE_APP,1,0,Chennai,7.0,0,0,1,DEV-MONISHA-IPHONE-15,mobile_ios,0,BEN-CUST_MONISHA_001-TRUSTED,Trusted Household Vendor,9,0,2,16,0,0,0,None,Resolved Genuine,Standard Habitual Purchase,0
TXN-CUST_MONISHA_001-10918,2026-08-20 12:22:14,2026-08-20,12:22:14,12,3,0,0,CUST_MONISHA_001,420,Chennai,Tamil Nadu,Low Risk / 3% Fraud Rate,M022,SkillSpring Academy,Education / Training,Professional Certifications & Tech Bootcamps,Chennai,Mylapore,Tamil Nadu,600004,13.0368,80.2676,8,22000.0,08:30-19:30,"ONLINE,NETBANKING,CARD,UPI",Stolen corporate card enrollments,0.028,70,2938.69,INR,PURCHASE,CARD,MOBILE_APP,0,0,Chennai,3.0,0,0,1,DEV-MONISHA-IPHONE-15,mobile_ios,0,BEN-CUST_MONISHA_001-TRUSTED,Trusted Household Vendor,13,0,1,12,0,0,0,None,Resolved Genuine,Standard Habitual Purchase,0
TXN-CUST_MONISHA_001-10919,2026-08-20 13:48:03,2026-08-20,13:48:03,13,3,0,0,CUST_MONISHA_001,420,Chennai,Tamil Nadu,Low Risk / 3% Fraud Rate,M022,SkillSpring Academy,Education / Training,Professional Certifications & Tech Bootcamps,Chennai,Mylapore,Tamil Nadu,600004,13.0368,80.2676,8,22000.0,08:30-19:30,"ONLINE,NETBANKING,CARD,UPI",Stolen corporate card enrollments,0.028,70,2419.85,INR,PURCHASE,ONLINE,MOBILE_APP,0,0,Chennai,14.0,0,0,1,DEV-MONISHA-IPHONE-15,mobile_ios,0,BEN-CUST_MONISHA_001-TRUSTED,Trusted Household Vendor,8,0,3,18,0,0,0,None,Resolved Genuine,Standard Habitual Purchase,0
TXN-CUST_MONISHA_001-10920,2026-08-20 15:16:51,2026-08-20,15:16:51,15,3,0,0,CUST_MONISHA_001,420,Chennai,Tamil Nadu,Low Risk / 3% Fraud Rate,M020,GameGrid Arena,Gaming,"Esports, Consoles & Virtual Credits",Bengaluru,Koramangala,Karnataka,560095,12.9352,77.6245,4,3400.0,10:00-01:00,"ONLINE,UPI,CARD,WALLET",Virtual item laundering & bot-driven micro transactions,0.055,137,10501.34,INR,PURCHASE,WALLET,MOBILE_APP,0,0,Delhi,959.0,1,0,1,DEV-MONISHA-IPHONE-15,mobile_ios,0,BEN-CUST_MONISHA_001-01,Self Family Transfer,3,2,8,39,1,0,0,Geographic Anomaly / High Ticket Spike,Review Required,Sudden location velocity jump with new merchant,1
TXN-CUST_MONISHA_001-10921,2026-08-20 16:45:34,2026-08-20,16:45:34,16,3,0,0,CUST_MONISHA_001,420,Chennai,Tamil Nadu,Low Risk / 3% Fraud Rate,M026,GreenLeaf Wellness,Health & Wellness,Organic Nutrition & Ayurveda,Trichy,Srirangam,Tamil Nadu,620006,10.8624,78.6947,6,2100.0,08:00-21:00,"POS,UPI,ONLINE,CARD",Subscription card stuffing,0.013,32,2298.09,INR,PURCHASE,POS,MOBILE_APP,1,0,Chennai,13.0,0,0,1,DEV-MONISHA-IPHONE-15,mobile_ios,0,BEN-CUST_MONISHA_001-TRUSTED,Trusted Household Vendor,4,1,3,22,0,0,0,None,Resolved Genuine,Standard Habitual Purchase,0
TXN-CUST_MONISHA_001-10922,2026-08-20 18:10:59,2026-08-20,18:10:59,18,3,0,0,CUST_MONISHA_001,420,Chennai,Tamil Nadu,Low Risk / 3% Fraud Rate,M024,LinkWave Telecom,Telecom Retail,Fiber Broadband & Postpaid Plans,Erode,Perundurai Road,Tamil Nadu,638011,11.341,77.7172,10,1950.0,09:30-20:30,"UPI,CARD,ONLINE,POS",SIM swap bill recharge surges,0.017,42,2462.18,INR,PURCHASE,UPI,MOBILE_APP,1,0,Chennai,15.0,0,0,1,DEV-MONISHA-IPHONE-15,mobile_ios,0,BEN-CUST_MONISHA_001-TRUSTED,Trusted Household Vendor,6,1,3,22,0,0,0,None,Resolved Genuine,Standard Habitual Purchase,0
TXN-CUST_MONISHA_001-10923,2026-08-20 19:37:41,2026-08-20,19:37:41,19,3,0,0,CUST_MONISHA_001,420,Chennai,Tamil Nadu,Low Risk / 3% Fraud Rate,M017,AutoForge Parts,Spare Parts,OEM Industrial & Auto Components,Hosur,Mookandapalli,Tamil Nadu,635126,12.7409,77.8253,15,16500.0,09:00-19:30,"TRANSFER,POS,CARD",Business email compromise / fake beneficiary update,0.033,82,1577.26,INR,PURCHASE,CARD,MOBILE_APP,1,0,Chennai,11.0,0,0,1,DEV-MONISHA-IPHONE-15,mobile_ios,0,BEN-CUST_MONISHA_001-TRUSTED,Trusted Household Vendor,15,1,1,10,0,0,0,None,Resolved Genuine,Standard Habitual Purchase,0
TXN-CUST_MONISHA_001-10924,2026-08-20 21:02:32,2026-08-20,21:02:32,21,3,0,0,CUST_MONISHA_001,420,Chennai,Tamil Nadu,Low Risk / 3% Fraud Rate,M025,ShieldSure Services,Insurance Services,General & Health Insurance Premium,Chennai,Egmore,Tamil Nadu,600008,13.0784,80.2607,13,14000.0,09:30-18:00,"ONLINE,NETBANKING,CARD",Premium diversion / fake policy payment slips,0.019,47,1491.22,INR,PURCHASE,ONLINE,MOBILE_APP,0,0,Chennai,7.0,0,0,1,DEV-MONISHA-IPHONE-15,mobile_ios,0,BEN-CUST_MONISHA_001-TRUSTED,Trusted Household Vendor,14,0,1,11,0,0,0,None,Resolved Genuine,Standard Habitual Purchase,0
TXN-CUST_MONISHA_001-10925,2026-08-20 22:27:30,2026-08-20,22:27:30,22,3,0,0,CUST_MONISHA_001,420,Chennai,Tamil Nadu,Low Risk / 3% Fraud Rate,M017,AutoForge Parts,Spare Parts,OEM Industrial & Auto Components,Hosur,Mookandapalli,Tamil Nadu,635126,12.7409,77.8253,15,16500.0,09:00-19:30,"TRANSFER,POS,CARD",Business email compromise / fake beneficiary update,0.033,82,1609.47,INR,PURCHASE,POS,MOBILE_APP,1,0,Chennai,1.0,0,0,1,DEV-MONISHA-IPHONE-15,mobile_ios,0,BEN-CUST_MONISHA_001-TRUSTED,Trusted Household Vendor,10,0,1,6,0,0,0,None,Resolved Genuine,Standard Habitual Purchase,0
TXN-CUST_MONISHA_001-10926,2026-08-20 23:53:37,2026-08-20,23:53:37,23,3,0,1,CUST_MONISHA_001,420,Chennai,Tamil Nadu,Low Risk / 3% Fraud Rate,M008,BeanCircuit Cafe,Cafe,Specialty Coffee & Bakery,Bengaluru,Indiranagar,Karnataka,560038,12.9784,77.6408,3,650.0,07:30-23:00,"UPI,POS,CARD",QR code spoofing / fast velocity dining,0.009,22,2664.61,INR,PURCHASE,POS,MOBILE_APP,1,0,Chennai,10.0,0,0,1,DEV-MONISHA-IPHONE-15,mobile_ios,0,BEN-CUST_MONISHA_001-TRUSTED,Trusted Household Vendor,8,0,2,14,0,0,0,None,Resolved Genuine,Standard Habitual Purchase,0
TXN-CUST_MONISHA_001-10927,2026-08-21 01:21:01,2026-08-21,01:21:01,1,4,0,1,CUST_MONISHA_001,420,Chennai,Tamil Nadu,Low Risk / 3% Fraud Rate,M027,BrickHarbor Realty,Real Estate / Property Services,Rental Escrow & Facility Management,Chennai,Porur,Tamil Nadu,600116,13.035,80.16,11,65000.0,09:00-19:00,"TRANSFER,NETBANKING,CARD",Security deposit phishing / escrow hijacking,0.039,97,2452.76,INR,PURCHASE,CARD,MOBILE_APP,0,0,Chennai,11.0,0,0,1,DEV-MONISHA-IPHONE-15,mobile_ios,0,BEN-CUST_MONISHA_001-TRUSTED,Trusted Household Vendor,11,1,4,21,0,0,0,None,Resolved Genuine,Standard Habitual Purchase,0
TXN-CUST_MONISHA_001-10928,2026-08-21 02:45:03,2026-08-21,02:45:03,2,4,0,1,CUST_MONISHA_001,420,Chennai,Tamil Nadu,Low Risk / 3% Fraud Rate,M017,AutoForge Parts,Spare Parts,OEM Industrial & Auto Components,Hosur,Mookandapalli,Tamil Nadu,635126,12.7409,77.8253,15,16500.0,09:00-19:30,"TRANSFER,POS,CARD",Business email compromise / fake beneficiary update,0.033,82,2142.74,INR,PURCHASE,TRANSFER,MOBILE_APP,1,0,Chennai,14.0,0,0,1,DEV-MONISHA-IPHONE-15,mobile_ios,0,BEN-CUST_MONISHA_001-TRUSTED,Trusted Household Vendor,4,0,4,24,0,0,0,None,Resolved Genuine,Standard Habitual Purchase,0
TXN-CUST_MONISHA_001-10929,2026-08-21 04:13:25,2026-08-21,04:13:25,4,4,0,1,CUST_MONISHA_001,420,Chennai,Tamil Nadu,Low Risk / 3% Fraud Rate,M003,Pulse Mobile Hub,Mobile Store,Smartphones & Accessories,Chennai,Tambaram,Tamil Nadu,600045,12.9249,80.1278,4,18500.0,09:30-21:30,"POS,UPI,CARD",New device abuse / rapid checkout surge,0.035,87,995.86,INR,PURCHASE,UPI,MOBILE_APP,1,0,Chennai,7.0,0,0,1,DEV-MONISHA-IPHONE-15,mobile_ios,0,BEN-CUST_MONISHA_001-TRUSTED,Trusted Household Vendor,6,0,4,19,0,0,0,None,Resolved Genuine,Standard Habitual Purchase,0
TXN-CUST_MONISHA_001-10930,2026-08-21 05:39:02,2026-08-21,05:39:02,5,4,0,1,CUST_MONISHA_001,420,Chennai,Tamil Nadu,Low Risk / 3% Fraud Rate,M017,AutoForge Parts,Spare Parts,OEM Industrial & Auto Components,Hosur,Mookandapalli,Tamil Nadu,635126,12.7409,77.8253,15,16500.0,09:00-19:30,"TRANSFER,POS,CARD",Business email compromise / fake beneficiary update,0.033,82,1722.44,INR,PURCHASE,CARD,MOBILE_APP,1,0,Chennai,9.0,0,0,1,DEV-MONISHA-IPHONE-15,mobile_ios,0,BEN-CUST_MONISHA_001-TRUSTED,Trusted Household Vendor,7,0,4,25,0,0,0,None,Resolved Genuine,Standard Habitual Purchase,0
TXN-CUST_MONISHA_001-10931,2026-08-21 07:06:15,2026-08-21,07:06:15,7,4,0,0,CUST_MONISHA_001,420,Chennai,Tamil Nadu,Low Risk / 3% Fraud Rate,M015,HomeSphere Appliances,Home Appliances,"Refrigerators, ACs & Kitchen Tech",Coimbatore,Saibaba Colony,Tamil Nadu,641011,11.0315,76.945,9,27500.0,09:30-21:00,"POS,EMI,CARD,UPI",Carding attacks with immediate in-store pickup,0.038,95,2392.3,INR,PURCHASE,EMI,MOBILE_APP,1,0,Chennai,8.0,0,0,1,DEV-MONISHA-IPHONE-15,mobile_ios,0,BEN-CUST_MONISHA_001-TRUSTED,Trusted Household Vendor,5,0,4,26,0,0,0,None,Resolved Genuine,Standard Habitual Purchase,0
TXN-CUST_MONISHA_001-10932,2026-08-21 08:30:25,2026-08-21,08:30:25,8,4,0,0,CUST_MONISHA_001,420,Chennai,Tamil Nadu,Low Risk / 3% Fraud Rate,M023,SwiftBox Logistics,Courier / Logistics,Express Parcel & Freight Delivery,Tiruppur,Avinashi Road,Tamil Nadu,641603,11.1085,77.3411,9,4200.0,08:00-21:00,"POS,UPI,CARD,ONLINE",Interception fraud / address redirection,0.02,50,1851.05,INR,PURCHASE,UPI,MOBILE_APP,1,0,Chennai,12.0,0,0,1,DEV-MONISHA-IPHONE-15,mobile_ios,0,BEN-CUST_MONISHA_001-TRUSTED,Trusted Household Vendor,14,0,1,13,0,0,0,None,Resolved Genuine,Standard Habitual Purchase,0
TXN-CUST_MONISHA_001-10933,2026-08-21 09:56:39,2026-08-21,09:56:39,9,4,0,0,CUST_MONISHA_001,420,Chennai,Tamil Nadu,Low Risk / 3% Fraud Rate,M024,LinkWave Telecom,Telecom Retail,Fiber Broadband & Postpaid Plans,Erode,Perundurai Road,Tamil Nadu,638011,11.341,77.7172,10,1950.0,09:30-20:30,"UPI,CARD,ONLINE,POS",SIM swap bill recharge surges,0.017,42,1147.0,INR,PURCHASE,POS,MOBILE_APP,1,0,Chennai,9.0,0,0,1,DEV-MONISHA-IPHONE-15,mobile_ios,0,BEN-CUST_MONISHA_001-TRUSTED,Trusted Household Vendor,12,0,1,7,0,0,0,None,Resolved Genuine,Standard Habitual Purchase,0
TXN-CUST_MONISHA_001-10934,2026-08-21 11:20:47,2026-08-21,11:20:47,11,4,0,0,CUST_MONISHA_001,420,Chennai,Tamil Nadu,Low Risk / 3% Fraud Rate,M019,ArenaSport World,Sports Retail,Fitness Equipment & Sports Wear,Chennai,Nungambakkam,Tamil Nadu,600034,13.0604,80.2405,6,5600.0,10:00-21:30,"POS,ONLINE,UPI,CARD",Stolen card chargeback on premium sports gear,0.026,65,1457.64,INR,PURCHASE,UPI,MOBILE_APP,1,0,Chennai,9.0,0,0,1,DEV-MONISHA-IPHONE-15,mobile_ios,0,BEN-CUST_MONISHA_001-TRUSTED,Trusted Household Vendor,7,1,3,18,0,0,0,None,Resolved Genuine,Standard Habitual Purchase,0
TXN-CUST_MONISHA_001-10935,2026-08-21 12:45:57,2026-08-21,12:45:57,12,4,0,0,CUST_MONISHA_001,420,Chennai,Tamil Nadu,Low Risk / 3% Fraud Rate,M001,NovaMart Fresh,Grocery & Supermarket,Supermarket / Hypermarket,Chennai,T Nagar,Tamil Nadu,600017,13.0418,80.2341,8,1250.0,07:00-22:30,"POS,UPI,CARD,ONLINE",Card testing / micro-burst velocity,0.012,30,2631.42,INR,PURCHASE,CARD,MOBILE_APP,1,0,Chennai,3.0,0,0,1,DEV-MONISHA-IPHONE-15,mobile_ios,0,BEN-CUST_MONISHA_001-TRUSTED,Trusted Household Vendor,3,0,4,22,0,0,0,None,Resolved Genuine,Standard Habitual Purchase,0
TXN-CUST_MONISHA_001-10936,2026-08-21 14:10:38,2026-08-21,14:10:38,14,4,0,0,CUST_MONISHA_001,420,Chennai,Tamil Nadu,Low Risk / 3% Fraud Rate,M027,BrickHarbor Realty,Real Estate / Property Services,Rental Escrow & Facility Management,Chennai,Porur,Tamil Nadu,600116,13.035,80.16,11,65000.0,09:00-19:00,"TRANSFER,NETBANKING,CARD",Security deposit phishing / escrow hijacking,0.039,97,2510.81,INR,PURCHASE,TRANSFER,MOBILE_APP,0,0,Chennai,1.0,0,0,1,DEV-MONISHA-IPHONE-15,mobile_ios,0,BEN-CUST_MONISHA_001-TRUSTED,Trusted Household Vendor,4,1,3,20,0,0,0,None,Resolved Genuine,Standard Habitual Purchase,0
TXN-CUST_MONISHA_001-10937,2026-08-21 15:36:56,2026-08-21,15:36:56,15,4,0,0,CUST_MONISHA_001,420,Chennai,Tamil Nadu,Low Risk / 3% Fraud Rate,M010,HarborView Residency,Hotel / Hospitality,Business & Luxury Hotel,Chennai,OMR,Tamil Nadu,600096,12.9165,80.2285,6,9500.0,24_HOURS,"ONLINE,POS,CARD,TRANSFER",Online travel booking fraud with stolen corporate credentials,0.041,102,2103.89,INR,PURCHASE,POS,MOBILE_APP,1,0,Chennai,15.0,0,0,1,DEV-MONISHA-IPHONE-15,mobile_ios,0,BEN-CUST_MONISHA_001-TRUSTED,Trusted Household Vendor,10,0,4,20,0,0,0,None,Resolved Genuine,Standard Habitual Purchase,0
TXN-CUST_MONISHA_001-10938,2026-08-21 17:03:21,2026-08-21,17:03:21,17,4,0,0,CUST_MONISHA_001,420,Chennai,Tamil Nadu,Low Risk / 3% Fraud Rate,M015,HomeSphere Appliances,Home Appliances,"Refrigerators, ACs & Kitchen Tech",Coimbatore,Saibaba Colony,Tamil Nadu,641011,11.0315,76.945,9,27500.0,09:30-21:00,"POS,EMI,CARD,UPI",Carding attacks with immediate in-store pickup,0.038,95,2562.33,INR,PURCHASE,UPI,MOBILE_APP,1,0,Chennai,11.0,0,0,1,DEV-MONISHA-IPHONE-15,mobile_ios,0,BEN-CUST_MONISHA_001-TRUSTED,Trusted Household Vendor,4,0,3,20,0,0,0,None,Resolved Genuine,Standard Habitual Purchase,0
TXN-CUST_MONISHA_001-10939,2026-08-21 18:28:09,2026-08-21,18:28:09,18,4,0,0,CUST_MONISHA_001,420,Chennai,Tamil Nadu,Low Risk / 3% Fraud Rate,M013,CartNest Online,E-commerce,Multi-category Marketplace,Chennai,Guindy,Tamil Nadu,600032,13.0067,80.2026,5,6200.0,24_HOURS,"ONLINE,UPI,CARD,NETBANKING",Account takeover + triangulation shipping fraud,0.045,112,1573.26,INR,PURCHASE,CARD,MOBILE_APP,0,0,Chennai,1.0,0,0,1,DEV-MONISHA-IPHONE-15,mobile_ios,0,BEN-CUST_MONISHA_001-TRUSTED,Trusted Household Vendor,14,0,4,19,0,0,0,None,Resolved Genuine,Standard Habitual Purchase,0
TXN-CUST_MONISHA_001-10940,2026-08-21 19:56:45,2026-08-21,19:56:45,19,4,0,0,CUST_MONISHA_001,420,Chennai,Tamil Nadu,Low Risk / 3% Fraud Rate,M023,SwiftBox Logistics,Courier / Logistics,Express Parcel & Freight Delivery,Tiruppur,Avinashi Road,Tamil Nadu,641603,11.1085,77.3411,9,4200.0,08:00-21:00,"POS,UPI,CARD,ONLINE",Interception fraud / address redirection,0.02,50,838.04,INR,PURCHASE,POS,MOBILE_APP,1,0,Chennai,11.0,0,0,1,DEV-MONISHA-IPHONE-15,mobile_ios,0,BEN-CUST_MONISHA_001-TRUSTED,Trusted Household Vendor,11,0,3,22,0,0,0,None,Resolved Genuine,Standard Habitual Purchase,0
TXN-CUST_MONISHA_001-10941,2026-08-21 21:20:40,2026-08-21,21:20:40,21,4,0,0,CUST_MONISHA_001,420,Chennai,Tamil Nadu,Low Risk / 3% Fraud Rate,M020,GameGrid Arena,Gaming,"Esports, Consoles & Virtual Credits",Bengaluru,Koramangala,Karnataka,560095,12.9352,77.6245,4,3400.0,10:00-01:00,"ONLINE,UPI,CARD,WALLET",Virtual item laundering & bot-driven micro transactions,0.055,137,2047.89,INR,PURCHASE,WALLET,MOBILE_APP,0,0,Chennai,13.0,0,0,1,DEV-MONISHA-IPHONE-15,mobile_ios,0,BEN-CUST_MONISHA_001-TRUSTED,Trusted Household Vendor,15,1,2,18,0,0,0,None,Resolved Genuine,Standard Habitual Purchase,0
TXN-CUST_MONISHA_001-10942,2026-08-21 22:49:26,2026-08-21,22:49:26,22,4,0,0,CUST_MONISHA_001,420,Chennai,Tamil Nadu,Low Risk / 3% Fraud Rate,M004,Aurelia Gold House,Jewellery,Gold & Diamond Jewellery,Coimbatore,RS Puram,Tamil Nadu,641002,11.0089,76.9514,14,78000.0,10:00-20:30,"POS,CARD,TRANSFER",Account takeover / card-not-present luxury surge,0.065,162,2320.32,INR,PURCHASE,POS,MOBILE_APP,1,0,Chennai,9.0,0,0,1,DEV-MONISHA-IPHONE-15,mobile_ios,0,BEN-CUST_MONISHA_001-TRUSTED,Trusted Household Vendor,7,1,1,9,0,0,0,None,Resolved Genuine,Standard Habitual Purchase,0
TXN-CUST_MONISHA_001-10943,2026-08-22 00:17:49,2026-08-22,00:17:49,0,5,1,1,CUST_MONISHA_001,420,Chennai,Tamil Nadu,Low Risk / 3% Fraud Rate,M027,BrickHarbor Realty,Real Estate / Property Services,Rental Escrow & Facility Management,Chennai,Porur,Tamil Nadu,600116,13.035,80.16,11,65000.0,09:00-19:00,"TRANSFER,NETBANKING,CARD",Security deposit phishing / escrow hijacking,0.039,97,2857.11,INR,PURCHASE,CARD,MOBILE_APP,0,0,Chennai,8.0,0,0,1,DEV-MONISHA-IPHONE-15,mobile_ios,0,BEN-CUST_MONISHA_001-TRUSTED,Trusted Household Vendor,9,1,3,14,0,0,0,None,Resolved Genuine,Standard Habitual Purchase,0
TXN-CUST_MONISHA_001-10944,2026-08-22 01:44:10,2026-08-22,01:44:10,1,5,1,1,CUST_MONISHA_001,420,Chennai,Tamil Nadu,Low Risk / 3% Fraud Rate,M001,NovaMart Fresh,Grocery & Supermarket,Supermarket / Hypermarket,Chennai,T Nagar,Tamil Nadu,600017,13.0418,80.2341,8,1250.0,07:00-22:30,"POS,UPI,CARD,ONLINE",Card testing / micro-burst velocity,0.012,30,1575.5,INR,PURCHASE,CARD,MOBILE_APP,1,0,Chennai,3.0,0,0,1,DEV-MONISHA-IPHONE-15,mobile_ios,0,BEN-CUST_MONISHA_001-TRUSTED,Trusted Household Vendor,9,0,3,15,0,0,0,None,Resolved Genuine,Standard Habitual Purchase,0
TXN-CUST_MONISHA_001-10945,2026-08-22 03:08:15,2026-08-22,03:08:15,3,5,1,1,CUST_MONISHA_001,420,Chennai,Tamil Nadu,Low Risk / 3% Fraud Rate,M004,Aurelia Gold House,Jewellery,Gold & Diamond Jewellery,Coimbatore,RS Puram,Tamil Nadu,641002,11.0089,76.9514,14,78000.0,10:00-20:30,"POS,CARD,TRANSFER",Account takeover / card-not-present luxury surge,0.065,162,2047.76,INR,PURCHASE,POS,MOBILE_APP,1,0,Chennai,5.0,0,0,1,DEV-MONISHA-IPHONE-15,mobile_ios,0,BEN-CUST_MONISHA_001-TRUSTED,Trusted Household Vendor,15,1,3,16,0,0,0,None,Resolved Genuine,Standard Habitual Purchase,0
TXN-CUST_MONISHA_001-10946,2026-08-22 04:33:30,2026-08-22,04:33:30,4,5,1,1,CUST_MONISHA_001,420,Chennai,Tamil Nadu,Low Risk / 3% Fraud Rate,M014,OakLine Furnishings,Furniture,Teak Wood & Modern Home Decor,Madurai,Bypass Road,Tamil Nadu,625016,9.932,78.109,12,38000.0,10:00-21:00,"POS,CARD,TRANSFER,EMI",Invoice redirection fraud / fake payment slips,0.029,72,2367.94,INR,PURCHASE,POS,MOBILE_APP,1,0,Chennai,1.0,0,0,1,DEV-MONISHA-IPHONE-15,mobile_ios,0,BEN-CUST_MONISHA_001-TRUSTED,Trusted Household Vendor,5,0,3,14,0,0,0,None,Resolved Genuine,Standard Habitual Purchase,0
TXN-CUST_MONISHA_001-10947,2026-08-22 05:58:41,2026-08-22,05:58:41,5,5,1,1,CUST_MONISHA_001,420,Chennai,Tamil Nadu,Low Risk / 3% Fraud Rate,M004,Aurelia Gold House,Jewellery,Gold & Diamond Jewellery,Coimbatore,RS Puram,Tamil Nadu,641002,11.0089,76.9514,14,78000.0,10:00-20:30,"POS,CARD,TRANSFER",Account takeover / card-not-present luxury surge,0.065,162,1528.9,INR,PURCHASE,POS,MOBILE_APP,1,0,Chennai,7.0,0,0,1,DEV-MONISHA-IPHONE-15,mobile_ios,0,BEN-CUST_MONISHA_001-TRUSTED,Trusted Household Vendor,9,0,3,14,0,0,0,None,Resolved Genuine,Standard Habitual Purchase,0
TXN-CUST_MONISHA_001-10948,2026-08-22 07:23:18,2026-08-22,07:23:18,7,5,1,0,CUST_MONISHA_001,420,Chennai,Tamil Nadu,Low Risk / 3% Fraud Rate,M025,ShieldSure Services,Insurance Services,General & Health Insurance Premium,Chennai,Egmore,Tamil Nadu,600008,13.0784,80.2607,13,14000.0,09:30-18:00,"ONLINE,NETBANKING,CARD",Premium diversion / fake policy payment slips,0.019,47,2176.99,INR,PURCHASE,NETBANKING,MOBILE_APP,0,0,Chennai,4.0,0,0,1,DEV-MONISHA-IPHONE-15,mobile_ios,0,BEN-CUST_MONISHA_001-TRUSTED,Trusted Household Vendor,4,0,4,18,0,0,0,None,Resolved Genuine,Standard Habitual Purchase,0
TXN-CUST_MONISHA_001-10949,2026-08-22 08:48:37,2026-08-22,08:48:37,8,5,1,0,CUST_MONISHA_001,420,Chennai,Tamil Nadu,Low Risk / 3% Fraud Rate,M018,PageTurn Book House,Bookstore,"Academic, Fiction & Stationery",Trichy,Thillai Nagar,Tamil Nadu,620018,10.8282,78.6854,16,850.0,09:00-21:30,"POS,UPI,CARD,ONLINE",Low-value card testing bots,0.008,20,1732.56,INR,PURCHASE,CARD,MOBILE_APP,1,0,Chennai,8.0,0,0,1,DEV-MONISHA-IPHONE-15,mobile_ios,0,BEN-CUST_MONISHA_001-TRUSTED,Trusted Household Vendor,3,1,2,18,0,0,0,None,Resolved Genuine,Standard Habitual Purchase,0
TXN-CUST_MONISHA_001-10950,2026-08-22 10:17:47,2026-08-22,10:17:47,10,5,1,0,CUST_MONISHA_001,420,Chennai,Tamil Nadu,Low Risk / 3% Fraud Rate,M022,SkillSpring Academy,Education / Training,Professional Certifications & Tech Bootcamps,Chennai,Mylapore,Tamil Nadu,600004,13.0368,80.2676,8,22000.0,08:30-19:30,"ONLINE,NETBANKING,CARD,UPI",Stolen corporate card enrollments,0.028,70,1017.53,INR,PURCHASE,UPI,MOBILE_APP,0,0,Chennai,13.0,0,0,1,DEV-MONISHA-IPHONE-15,mobile_ios,0,BEN-CUST_MONISHA_001-TRUSTED,Trusted Household Vendor,7,0,2,17,0,0,0,None,Resolved Genuine,Standard Habitual Purchase,0
TXN-CUST_MONISHA_001-10951,2026-08-22 11:41:42,2026-08-22,11:41:42,11,5,1,0,CUST_MONISHA_001,420,Chennai,Tamil Nadu,Low Risk / 3% Fraud Rate,M021,GlowCraft Salon,Salon / Beauty,Spa & Grooming Studio,Chennai,Porur,Tamil Nadu,600116,13.0382,80.1565,5,2800.0,09:00-21:00,"POS,UPI,CARD",Unusual late-night transaction spikes,0.011,27,1951.01,INR,PURCHASE,POS,MOBILE_APP,1,0,Chennai,13.0,0,0,1,DEV-MONISHA-IPHONE-15,mobile_ios,0,BEN-CUST_MONISHA_001-TRUSTED,Trusted Household Vendor,11,0,3,17,0,0,0,None,Resolved Genuine,Standard Habitual Purchase,0
TXN-CUST_MONISHA_001-10952,2026-08-22 13:08:19,2026-08-22,13:08:19,13,5,1,0,CUST_MONISHA_001,420,Chennai,Tamil Nadu,Low Risk / 3% Fraud Rate,M014,OakLine Furnishings,Furniture,Teak Wood & Modern Home Decor,Madurai,Bypass Road,Tamil Nadu,625016,9.932,78.109,12,38000.0,10:00-21:00,"POS,CARD,TRANSFER,EMI",Invoice redirection fraud / fake payment slips,0.029,72,3029.56,INR,PURCHASE,TRANSFER,MOBILE_APP,1,0,Chennai,9.0,0,0,1,DEV-MONISHA-IPHONE-15,mobile_ios,0,BEN-CUST_MONISHA_001-TRUSTED,Trusted Household Vendor,10,0,1,8,0,0,0,None,Resolved Genuine,Standard Habitual Purchase,0
TXN-CUST_MONISHA_001-10953,2026-08-22 14:31:43,2026-08-22,14:31:43,14,5,1,0,CUST_MONISHA_001,420,Chennai,Tamil Nadu,Low Risk / 3% Fraud Rate,M016,MotoCare Garage,Auto Service,Car Service & Detailing Hub,Chennai,Pallikaranai,Tamil Nadu,600100,12.9372,80.2014,7,8900.0,08:30-20:30,"POS,UPI,CARD",Over-invoicing / synthetic card payments,0.021,52,1419.53,INR,PURCHASE,CARD,MOBILE_APP,1,0,Chennai,5.0,0,0,1,DEV-MONISHA-IPHONE-15,mobile_ios,0,BEN-CUST_MONISHA_001-TRUSTED,Trusted Household Vendor,8,0,4,21,0,0,0,None,Resolved Genuine,Standard Habitual Purchase,0
TXN-CUST_MONISHA_001-10954,2026-08-22 15:58:38,2026-08-22,15:58:38,15,5,1,0,CUST_MONISHA_001,420,Chennai,Tamil Nadu,Low Risk / 3% Fraud Rate,M017,AutoForge Parts,Spare Parts,OEM Industrial & Auto Components,Hosur,Mookandapalli,Tamil Nadu,635126,12.7409,77.8253,15,16500.0,09:00-19:30,"TRANSFER,POS,CARD",Business email compromise / fake beneficiary update,0.033,82,1438.27,INR,PURCHASE,TRANSFER,MOBILE_APP,1,0,Chennai,3.0,0,0,1,DEV-MONISHA-IPHONE-15,mobile_ios,0,BEN-CUST_MONISHA_001-TRUSTED,Trusted Household Vendor,7,0,1,12,0,0,0,None,Resolved Genuine,Standard Habitual Purchase,0
TXN-CUST_MONISHA_001-10955,2026-08-22 17:26:13,2026-08-22,17:26:13,17,5,1,0,CUST_MONISHA_001,420,Chennai,Tamil Nadu,Low Risk / 3% Fraud Rate,M027,BrickHarbor Realty,Real Estate / Property Services,Rental Escrow & Facility Management,Chennai,Porur,Tamil Nadu,600116,13.035,80.16,11,65000.0,09:00-19:00,"TRANSFER,NETBANKING,CARD",Security deposit phishing / escrow hijacking,0.039,97,1106.78,INR,PURCHASE,CARD,MOBILE_APP,0,0,Chennai,9.0,0,0,1,DEV-MONISHA-IPHONE-15,mobile_ios,0,BEN-CUST_MONISHA_001-TRUSTED,Trusted Household Vendor,6,0,4,26,0,0,0,None,Resolved Genuine,Standard Habitual Purchase,0
TXN-CUST_MONISHA_001-10956,2026-08-22 18:55:22,2026-08-22,18:55:22,18,5,1,0,CUST_MONISHA_001,420,Chennai,Tamil Nadu,Low Risk / 3% Fraud Rate,M011,SkyTrail Travels,Travel Agency,Flight & International Tour Packages,Coimbatore,Gandhipuram,Tamil Nadu,641012,11.0183,76.9664,11,44000.0,09:00-20:00,"ONLINE,TRANSFER,CARD",Mule-account ticket arbitrage & fast cancellation fraud,0.052,130,2848.4,INR,PURCHASE,ONLINE,MOBILE_APP,0,0,Chennai,6.0,0,0,1,DEV-MONISHA-IPHONE-15,mobile_ios,0,BEN-CUST_MONISHA_001-TRUSTED,Trusted Household Vendor,7,0,4,23,0,0,0,None,Resolved Genuine,Standard Habitual Purchase,0
TXN-CUST_MONISHA_001-10957,2026-08-22 20:20:49,2026-08-22,20:20:49,20,5,1,0,CUST_MONISHA_001,420,Chennai,Tamil Nadu,Low Risk / 3% Fraud Rate,M015,HomeSphere Appliances,Home Appliances,"Refrigerators, ACs & Kitchen Tech",Coimbatore,Saibaba Colony,Tamil Nadu,641011,11.0315,76.945,9,27500.0,09:30-21:00,"POS,EMI,CARD,UPI",Carding attacks with immediate in-store pickup,0.038,95,3024.04,INR,PURCHASE,POS,MOBILE_APP,1,0,Chennai,6.0,0,0,1,DEV-MONISHA-IPHONE-15,mobile_ios,0,BEN-CUST_MONISHA_001-TRUSTED,Trusted Household Vendor,13,1,2,17,0,0,0,None,Resolved Genuine,Standard Habitual Purchase,0
TXN-CUST_MONISHA_001-10958,2026-08-22 21:44:15,2026-08-22,21:44:15,21,5,1,0,CUST_MONISHA_001,420,Chennai,Tamil Nadu,Low Risk / 3% Fraud Rate,M001,NovaMart Fresh,Grocery & Supermarket,Supermarket / Hypermarket,Chennai,T Nagar,Tamil Nadu,600017,13.0418,80.2341,8,1250.0,07:00-22:30,"POS,UPI,CARD,ONLINE",Card testing / micro-burst velocity,0.012,30,2354.13,INR,PURCHASE,ONLINE,MOBILE_APP,1,0,Chennai,7.0,0,0,1,DEV-MONISHA-IPHONE-15,mobile_ios,0,BEN-CUST_MONISHA_001-TRUSTED,Trusted Household Vendor,15,0,4,26,0,0,0,None,Resolved Genuine,Standard Habitual Purchase,0
TXN-CUST_MONISHA_001-10959,2026-08-22 23:08:08,2026-08-22,23:08:08,23,5,1,1,CUST_MONISHA_001,420,Chennai,Tamil Nadu,Low Risk / 3% Fraud Rate,M029,CloudDesk Digital,Software / Digital Services,Cloud Infrastructure & SaaS Tools,Bengaluru,Whitefield,Karnataka,560066,12.9698,77.7499,7,19800.0,24_HOURS,"ONLINE,CARD,TRANSFER",Cryptomining VM rental with stolen credit cards,0.058,145,2298.89,INR,PURCHASE,ONLINE,MOBILE_APP,0,0,Chennai,2.0,0,0,1,DEV-MONISHA-IPHONE-15,mobile_ios,0,BEN-CUST_MONISHA_001-TRUSTED,Trusted Household Vendor,13,0,4,23,0,0,0,None,Resolved Genuine,Standard Habitual Purchase,0
TXN-CUST_MONISHA_001-10960,2026-08-23 00:37:22,2026-08-23,00:37:22,0,6,1,1,CUST_MONISHA_001,420,Chennai,Tamil Nadu,Low Risk / 3% Fraud Rate,M013,CartNest Online,E-commerce,Multi-category Marketplace,Chennai,Guindy,Tamil Nadu,600032,13.0067,80.2026,5,6200.0,24_HOURS,"ONLINE,UPI,CARD,NETBANKING",Account takeover + triangulation shipping fraud,0.045,112,2716.27,INR,PURCHASE,NETBANKING,MOBILE_APP,0,0,Chennai,6.0,0,0,1,DEV-MONISHA-IPHONE-15,mobile_ios,0,BEN-CUST_MONISHA_001-TRUSTED,Trusted Household Vendor,4,0,1,11,0,0,0,None,Resolved Genuine,Standard Habitual Purchase,0
TXN-CUST_MONISHA_001-10961,2026-08-23 02:06:23,2026-08-23,02:06:23,2,6,1,1,CUST_MONISHA_001,420,Chennai,Tamil Nadu,Low Risk / 3% Fraud Rate,M015,HomeSphere Appliances,Home Appliances,"Refrigerators, ACs & Kitchen Tech",Coimbatore,Saibaba Colony,Tamil Nadu,641011,11.0315,76.945,9,27500.0,09:30-21:00,"POS,EMI,CARD,UPI",Carding attacks with immediate in-store pickup,0.038,95,801.91,INR,PURCHASE,CARD,MOBILE_APP,1,0,Chennai,12.0,0,0,1,DEV-MONISHA-IPHONE-15,mobile_ios,0,BEN-CUST_MONISHA_001-TRUSTED,Trusted Household Vendor,13,1,3,17,0,0,0,None,Resolved Genuine,Standard Habitual Purchase,0
TXN-CUST_MONISHA_001-10962,2026-08-23 03:30:19,2026-08-23,03:30:19,3,6,1,1,CUST_MONISHA_001,420,Chennai,Tamil Nadu,Low Risk / 3% Fraud Rate,M020,GameGrid Arena,Gaming,"Esports, Consoles & Virtual Credits",Bengaluru,Koramangala,Karnataka,560095,12.9352,77.6245,4,3400.0,10:00-01:00,"ONLINE,UPI,CARD,WALLET",Virtual item laundering & bot-driven micro transactions,0.055,137,2243.05,INR,PURCHASE,CARD,MOBILE_APP,0,0,Chennai,13.0,0,0,1,DEV-MONISHA-IPHONE-15,mobile_ios,0,BEN-CUST_MONISHA_001-TRUSTED,Trusted Household Vendor,10,0,2,10,0,0,0,None,Resolved Genuine,Standard Habitual Purchase,0
TXN-CUST_MONISHA_001-10963,2026-08-23 04:55:24,2026-08-23,04:55:24,4,6,1,1,CUST_MONISHA_001,420,Chennai,Tamil Nadu,Low Risk / 3% Fraud Rate,M029,CloudDesk Digital,Software / Digital Services,Cloud Infrastructure & SaaS Tools,Bengaluru,Whitefield,Karnataka,560066,12.9698,77.7499,7,19800.0,24_HOURS,"ONLINE,CARD,TRANSFER",Cryptomining VM rental with stolen credit cards,0.058,145,2427.47,INR,PURCHASE,CARD,MOBILE_APP,0,0,Chennai,10.0,0,0,1,DEV-MONISHA-IPHONE-15,mobile_ios,0,BEN-CUST_MONISHA_001-TRUSTED,Trusted Household Vendor,13,0,2,11,0,0,0,None,Resolved Genuine,Standard Habitual Purchase,0
TXN-CUST_MONISHA_001-10964,2026-08-23 06:24:01,2026-08-23,06:24:01,6,6,1,0,CUST_MONISHA_001,420,Chennai,Tamil Nadu,Low Risk / 3% Fraud Rate,M019,ArenaSport World,Sports Retail,Fitness Equipment & Sports Wear,Chennai,Nungambakkam,Tamil Nadu,600034,13.0604,80.2405,6,5600.0,10:00-21:30,"POS,ONLINE,UPI,CARD",Stolen card chargeback on premium sports gear,0.026,65,1950.76,INR,PURCHASE,ONLINE,MOBILE_APP,1,0,Chennai,3.0,0,0,1,DEV-MONISHA-IPHONE-15,mobile_ios,0,BEN-CUST_MONISHA_001-TRUSTED,Trusted Household Vendor,4,0,2,11,0,0,0,None,Resolved Genuine,Standard Habitual Purchase,0
TXN-CUST_MONISHA_001-10965,2026-08-23 07:48:11,2026-08-23,07:48:11,7,6,1,0,CUST_MONISHA_001,420,Chennai,Tamil Nadu,Low Risk / 3% Fraud Rate,M019,ArenaSport World,Sports Retail,Fitness Equipment & Sports Wear,Chennai,Nungambakkam,Tamil Nadu,600034,13.0604,80.2405,6,5600.0,10:00-21:30,"POS,ONLINE,UPI,CARD",Stolen card chargeback on premium sports gear,0.026,65,2781.82,INR,PURCHASE,POS,MOBILE_APP,1,0,Chennai,15.0,0,0,1,DEV-MONISHA-IPHONE-15,mobile_ios,0,BEN-CUST_MONISHA_001-TRUSTED,Trusted Household Vendor,6,0,3,22,0,0,0,None,Resolved Genuine,Standard Habitual Purchase,0
TXN-CUST_MONISHA_001-10966,2026-08-23 09:15:17,2026-08-23,09:15:17,9,6,1,0,CUST_MONISHA_001,420,Chennai,Tamil Nadu,Low Risk / 3% Fraud Rate,M022,SkillSpring Academy,Education / Training,Professional Certifications & Tech Bootcamps,Chennai,Mylapore,Tamil Nadu,600004,13.0368,80.2676,8,22000.0,08:30-19:30,"ONLINE,NETBANKING,CARD,UPI",Stolen corporate card enrollments,0.028,70,2090.67,INR,PURCHASE,ONLINE,MOBILE_APP,0,0,Chennai,8.0,0,0,1,DEV-MONISHA-IPHONE-15,mobile_ios,0,BEN-CUST_MONISHA_001-TRUSTED,Trusted Household Vendor,13,1,4,23,0,0,0,None,Resolved Genuine,Standard Habitual Purchase,0
TXN-CUST_MONISHA_001-10967,2026-08-23 10:41:16,2026-08-23,10:41:16,10,6,1,0,CUST_MONISHA_001,420,Chennai,Tamil Nadu,Low Risk / 3% Fraud Rate,M014,OakLine Furnishings,Furniture,Teak Wood & Modern Home Decor,Madurai,Bypass Road,Tamil Nadu,625016,9.932,78.109,12,38000.0,10:00-21:00,"POS,CARD,TRANSFER,EMI",Invoice redirection fraud / fake payment slips,0.029,72,1421.24,INR,PURCHASE,POS,MOBILE_APP,1,0,Chennai,11.0,0,0,1,DEV-MONISHA-IPHONE-15,mobile_ios,0,BEN-CUST_MONISHA_001-TRUSTED,Trusted Household Vendor,8,0,4,21,0,0,0,None,Resolved Genuine,Standard Habitual Purchase,0
TXN-CUST_MONISHA_001-10968,2026-08-23 12:04:57,2026-08-23,12:04:57,12,6,1,0,CUST_MONISHA_001,420,Chennai,Tamil Nadu,Low Risk / 3% Fraud Rate,M014,OakLine Furnishings,Furniture,Teak Wood & Modern Home Decor,Madurai,Bypass Road,Tamil Nadu,625016,9.932,78.109,12,38000.0,10:00-21:00,"POS,CARD,TRANSFER,EMI",Invoice redirection fraud / fake payment slips,0.029,72,2025.84,INR,PURCHASE,POS,MOBILE_APP,1,0,Chennai,6.0,0,0,1,DEV-MONISHA-IPHONE-15,mobile_ios,0,BEN-CUST_MONISHA_001-TRUSTED,Trusted Household Vendor,8,1,2,10,0,0,0,None,Resolved Genuine,Standard Habitual Purchase,0
TXN-CUST_MONISHA_001-10969,2026-08-23 13:34:18,2026-08-23,13:34:18,13,6,1,0,CUST_MONISHA_001,420,Chennai,Tamil Nadu,Low Risk / 3% Fraud Rate,M008,BeanCircuit Cafe,Cafe,Specialty Coffee & Bakery,Bengaluru,Indiranagar,Karnataka,560038,12.9784,77.6408,3,650.0,07:30-23:00,"UPI,POS,CARD",QR code spoofing / fast velocity dining,0.009,22,3068.74,INR,PURCHASE,UPI,MOBILE_APP,1,0,Chennai,7.0,0,0,1,DEV-MONISHA-IPHONE-15,mobile_ios,0,BEN-CUST_MONISHA_001-TRUSTED,Trusted Household Vendor,6,0,2,15,0,0,0,None,Resolved Genuine,Standard Habitual Purchase,0
TXN-CUST_MONISHA_001-10970,2026-08-23 14:59:34,2026-08-23,14:59:34,14,6,1,0,CUST_MONISHA_001,420,Chennai,Tamil Nadu,Low Risk / 3% Fraud Rate,M021,GlowCraft Salon,Salon / Beauty,Spa & Grooming Studio,Chennai,Porur,Tamil Nadu,600116,13.0382,80.1565,5,2800.0,09:00-21:00,"POS,UPI,CARD",Unusual late-night transaction spikes,0.011,27,2243.19,INR,PURCHASE,CARD,MOBILE_APP,1,0,Chennai,1.0,0,0,1,DEV-MONISHA-IPHONE-15,mobile_ios,0,BEN-CUST_MONISHA_001-TRUSTED,Trusted Household Vendor,12,0,1,11,0,0,0,None,Resolved Genuine,Standard Habitual Purchase,0
TXN-CUST_MONISHA_001-10971,2026-08-23 16:28:00,2026-08-23,16:28:00,16,6,1,0,CUST_MONISHA_001,420,Chennai,Tamil Nadu,Low Risk / 3% Fraud Rate,M008,BeanCircuit Cafe,Cafe,Specialty Coffee & Bakery,Bengaluru,Indiranagar,Karnataka,560038,12.9784,77.6408,3,650.0,07:30-23:00,"UPI,POS,CARD",QR code spoofing / fast velocity dining,0.009,22,1032.35,INR,PURCHASE,CARD,MOBILE_APP,1,0,Chennai,4.0,0,0,1,DEV-MONISHA-IPHONE-15,mobile_ios,0,BEN-CUST_MONISHA_001-TRUSTED,Trusted Household Vendor,8,0,1,9,0,0,0,None,Resolved Genuine,Standard Habitual Purchase,0
TXN-CUST_MONISHA_001-10972,2026-08-23 17:57:04,2026-08-23,17:57:04,17,6,1,0,CUST_MONISHA_001,420,Chennai,Tamil Nadu,Low Risk / 3% Fraud Rate,M025,ShieldSure Services,Insurance Services,General & Health Insurance Premium,Chennai,Egmore,Tamil Nadu,600008,13.0784,80.2607,13,14000.0,09:30-18:00,"ONLINE,NETBANKING,CARD",Premium diversion / fake policy payment slips,0.019,47,2183.92,INR,PURCHASE,ONLINE,MOBILE_APP,0,0,Chennai,8.0,0,0,1,DEV-MONISHA-IPHONE-15,mobile_ios,0,BEN-CUST_MONISHA_001-TRUSTED,Trusted Household Vendor,12,0,4,19,0,0,0,None,Resolved Genuine,Standard Habitual Purchase,0
TXN-CUST_MONISHA_001-10973,2026-08-23 19:26:19,2026-08-23,19:26:19,19,6,1,0,CUST_MONISHA_001,420,Chennai,Tamil Nadu,Low Risk / 3% Fraud Rate,M002,CircuitBay Electronics,Consumer Electronics,Laptops & Gadgets,Chennai,Velachery,Tamil Nadu,600042,12.9759,80.2212,6,32000.0,10:00-21:30,"POS,ONLINE,EMI,UPI",Stolen payment details / high-ticket electronics delivery,0.048,120,1663.1,INR,PURCHASE,ONLINE,MOBILE_APP,1,0,Chennai,15.0,0,0,1,DEV-MONISHA-IPHONE-15,mobile_ios,0,BEN-CUST_MONISHA_001-TRUSTED,Trusted Household Vendor,15,0,1,6,0,0,0,None,Resolved Genuine,Standard Habitual Purchase,0
TXN-CUST_MONISHA_001-10974,2026-08-23 20:55:14,2026-08-23,20:55:14,20,6,1,0,CUST_MONISHA_001,420,Chennai,Tamil Nadu,Low Risk / 3% Fraud Rate,M015,HomeSphere Appliances,Home Appliances,"Refrigerators, ACs & Kitchen Tech",Coimbatore,Saibaba Colony,Tamil Nadu,641011,11.0315,76.945,9,27500.0,09:30-21:00,"POS,EMI,CARD,UPI",Carding attacks with immediate in-store pickup,0.038,95,908.21,INR,PURCHASE,POS,MOBILE_APP,1,0,Chennai,10.0,0,0,1,DEV-MONISHA-IPHONE-15,mobile_ios,0,BEN-CUST_MONISHA_001-TRUSTED,Trusted Household Vendor,4,0,1,14,0,0,0,None,Resolved Genuine,Standard Habitual Purchase,0
TXN-CUST_MONISHA_001-10975,2026-08-23 22:18:56,2026-08-23,22:18:56,22,6,1,0,CUST_MONISHA_001,420,Chennai,Tamil Nadu,Low Risk / 3% Fraud Rate,M028,CraftCove Home Decor,Home Decor,Handicrafts & Art Pieces,Thanjavur,Medical College Road,Tamil Nadu,613004,10.7684,79.1245,8,7400.0,09:30-20:30,"POS,UPI,CARD,ONLINE",Cross-border tourist chargebacks,0.023,57,1672.61,INR,PURCHASE,POS,MOBILE_APP,1,0,Chennai,2.0,0,0,1,DEV-MONISHA-IPHONE-15,mobile_ios,0,BEN-CUST_MONISHA_001-TRUSTED,Trusted Household Vendor,6,0,4,25,0,0,0,None,Resolved Genuine,Standard Habitual Purchase,0
TXN-CUST_MONISHA_001-10976,2026-08-23 23:44:39,2026-08-23,23:44:39,23,6,1,1,CUST_MONISHA_001,420,Chennai,Tamil Nadu,Low Risk / 3% Fraud Rate,M026,GreenLeaf Wellness,Health & Wellness,Organic Nutrition & Ayurveda,Trichy,Srirangam,Tamil Nadu,620006,10.8624,78.6947,6,2100.0,08:00-21:00,"POS,UPI,ONLINE,CARD",Subscription card stuffing,0.013,32,1781.77,INR,PURCHASE,POS,MOBILE_APP,1,0,Chennai,10.0,0,0,1,DEV-MONISHA-IPHONE-15,mobile_ios,0,BEN-CUST_MONISHA_001-TRUSTED,Trusted Household Vendor,13,0,3,21,0,0,0,None,Resolved Genuine,Standard Habitual Purchase,0
TXN-CUST_MONISHA_001-10977,2026-08-24 01:11:09,2026-08-24,01:11:09,1,0,0,1,CUST_MONISHA_001,420,Chennai,Tamil Nadu,Low Risk / 3% Fraud Rate,M019,ArenaSport World,Sports Retail,Fitness Equipment & Sports Wear,Chennai,Nungambakkam,Tamil Nadu,600034,13.0604,80.2405,6,5600.0,10:00-21:30,"POS,ONLINE,UPI,CARD",Stolen card chargeback on premium sports gear,0.026,65,1230.41,INR,PURCHASE,ONLINE,MOBILE_APP,1,0,Chennai,2.0,0,0,1,DEV-MONISHA-IPHONE-15,mobile_ios,0,BEN-CUST_MONISHA_001-TRUSTED,Trusted Household Vendor,12,1,1,8,0,0,0,None,Resolved Genuine,Standard Habitual Purchase,0
TXN-CUST_MONISHA_001-10978,2026-08-24 02:38:22,2026-08-24,02:38:22,2,0,0,1,CUST_MONISHA_001,420,Chennai,Tamil Nadu,Low Risk / 3% Fraud Rate,M009,RapidFuel Station,Fuel Station,"Petrol, Diesel & EV Fast Charge",Salem,Fairlands,Tamil Nadu,636016,11.6643,78.146,9,3100.0,24_HOURS,"POS,FLEET_CARD,UPI",Automated fleet card skimming,0.024,60,1611.62,INR,PURCHASE,POS,MOBILE_APP,1,0,Chennai,8.0,0,0,1,DEV-MONISHA-IPHONE-15,mobile_ios,0,BEN-CUST_MONISHA_001-TRUSTED,Trusted Household Vendor,5,0,4,20,0,0,0,None,Resolved Genuine,Standard Habitual Purchase,0
TXN-CUST_MONISHA_001-10979,2026-08-24 04:06:33,2026-08-24,04:06:33,4,0,0,1,CUST_MONISHA_001,420,Chennai,Tamil Nadu,Low Risk / 3% Fraud Rate,M002,CircuitBay Electronics,Consumer Electronics,Laptops & Gadgets,Chennai,Velachery,Tamil Nadu,600042,12.9759,80.2212,6,32000.0,10:00-21:30,"POS,ONLINE,EMI,UPI",Stolen payment details / high-ticket electronics delivery,0.048,120,1078.77,INR,PURCHASE,ONLINE,MOBILE_APP,1,0,Chennai,10.0,0,0,1,DEV-MONISHA-IPHONE-15,mobile_ios,0,BEN-CUST_MONISHA_001-TRUSTED,Trusted Household Vendor,7,0,3,16,0,0,0,None,Resolved Genuine,Standard Habitual Purchase,0
TXN-CUST_MONISHA_001-10980,2026-08-24 05:32:46,2026-08-24,05:32:46,5,0,0,1,CUST_MONISHA_001,420,Chennai,Tamil Nadu,Low Risk / 3% Fraud Rate,M020,GameGrid Arena,Gaming,"Esports, Consoles & Virtual Credits",Bengaluru,Koramangala,Karnataka,560095,12.9352,77.6245,4,3400.0,10:00-01:00,"ONLINE,UPI,CARD,WALLET",Virtual item laundering & bot-driven micro transactions,0.055,137,1582.39,INR,PURCHASE,UPI,MOBILE_APP,0,0,Chennai,6.0,0,0,1,DEV-MONISHA-IPHONE-15,mobile_ios,0,BEN-CUST_MONISHA_001-TRUSTED,Trusted Household Vendor,3,0,2,18,0,0,0,None,Resolved Genuine,Standard Habitual Purchase,0
TXN-CUST_MONISHA_001-10981,2026-08-24 07:01:05,2026-08-24,07:01:05,7,0,0,0,CUST_MONISHA_001,420,Chennai,Tamil Nadu,Low Risk / 3% Fraud Rate,M018,PageTurn Book House,Bookstore,"Academic, Fiction & Stationery",Trichy,Thillai Nagar,Tamil Nadu,620018,10.8282,78.6854,16,850.0,09:00-21:30,"POS,UPI,CARD,ONLINE",Low-value card testing bots,0.008,20,2789.36,INR,PURCHASE,UPI,MOBILE_APP,1,0,Chennai,7.0,0,0,1,DEV-MONISHA-IPHONE-15,mobile_ios,0,BEN-CUST_MONISHA_001-TRUSTED,Trusted Household Vendor,13,0,2,11,0,0,0,None,Resolved Genuine,Standard Habitual Purchase,0
TXN-CUST_MONISHA_001-10982,2026-08-24 08:26:32,2026-08-24,08:26:32,8,0,0,0,CUST_MONISHA_001,420,Chennai,Tamil Nadu,Low Risk / 3% Fraud Rate,M022,SkillSpring Academy,Education / Training,Professional Certifications & Tech Bootcamps,Chennai,Mylapore,Tamil Nadu,600004,13.0368,80.2676,8,22000.0,08:30-19:30,"ONLINE,NETBANKING,CARD,UPI",Stolen corporate card enrollments,0.028,70,1893.2,INR,PURCHASE,CARD,MOBILE_APP,0,0,Chennai,12.0,0,0,1,DEV-MONISHA-IPHONE-15,mobile_ios,0,BEN-CUST_MONISHA_001-TRUSTED,Trusted Household Vendor,12,0,3,18,0,0,0,None,Resolved Genuine,Standard Habitual Purchase,0
TXN-CUST_MONISHA_001-10983,2026-08-24 09:52:27,2026-08-24,09:52:27,9,0,0,0,CUST_MONISHA_001,420,Chennai,Tamil Nadu,Low Risk / 3% Fraud Rate,M006,MedicoCare Pharmacy,Pharmacy,Medicines & Surgical Supplies,Madurai,KK Nagar,Tamil Nadu,625020,9.9252,78.1498,10,1450.0,24_HOURS,"POS,UPI,CARD,ONLINE",Nighttime micro card testing,0.015,37,1025.34,INR,PURCHASE,UPI,MOBILE_APP,1,0,Chennai,15.0,0,0,1,DEV-MONISHA-IPHONE-15,mobile_ios,0,BEN-CUST_MONISHA_001-TRUSTED,Trusted Household Vendor,10,0,1,6,0,0,0,None,Resolved Genuine,Standard Habitual Purchase,0
TXN-CUST_MONISHA_001-10984,2026-08-24 11:19:41,2026-08-24,11:19:41,11,0,0,0,CUST_MONISHA_001,420,Chennai,Tamil Nadu,Low Risk / 3% Fraud Rate,M023,SwiftBox Logistics,Courier / Logistics,Express Parcel & Freight Delivery,Tiruppur,Avinashi Road,Tamil Nadu,641603,11.1085,77.3411,9,4200.0,08:00-21:00,"POS,UPI,CARD,ONLINE",Interception fraud / address redirection,0.02,50,1318.84,INR,PURCHASE,CARD,MOBILE_APP,1,0,Chennai,10.0,0,0,1,DEV-MONISHA-IPHONE-15,mobile_ios,0,BEN-CUST_MONISHA_001-TRUSTED,Trusted Household Vendor,14,0,4,24,0,0,0,None,Resolved Genuine,Standard Habitual Purchase,0
TXN-CUST_MONISHA_001-10985,2026-08-24 12:44:19,2026-08-24,12:44:19,12,0,0,0,CUST_MONISHA_001,420,Chennai,Tamil Nadu,Low Risk / 3% Fraud Rate,M006,MedicoCare Pharmacy,Pharmacy,Medicines & Surgical Supplies,Madurai,KK Nagar,Tamil Nadu,625020,9.9252,78.1498,10,1450.0,24_HOURS,"POS,UPI,CARD,ONLINE",Nighttime micro card testing,0.015,37,2713.04,INR,PURCHASE,POS,MOBILE_APP,1,0,Chennai,1.0,0,0,1,DEV-MONISHA-IPHONE-15,mobile_ios,0,BEN-CUST_MONISHA_001-TRUSTED,Trusted Household Vendor,8,0,1,14,0,0,0,None,Resolved Genuine,Standard Habitual Purchase,0
TXN-CUST_MONISHA_001-10986,2026-08-24 14:08:24,2026-08-24,14:08:24,14,0,0,0,CUST_MONISHA_001,420,Chennai,Tamil Nadu,Low Risk / 3% Fraud Rate,M010,HarborView Residency,Hotel / Hospitality,Business & Luxury Hotel,Chennai,OMR,Tamil Nadu,600096,12.9165,80.2285,6,9500.0,24_HOURS,"ONLINE,POS,CARD,TRANSFER",Online travel booking fraud with stolen corporate credentials,0.041,102,1810.55,INR,PURCHASE,ONLINE,MOBILE_APP,1,0,Chennai,11.0,0,0,1,DEV-MONISHA-IPHONE-15,mobile_ios,0,BEN-CUST_MONISHA_001-TRUSTED,Trusted Household Vendor,3,0,3,17,0,0,0,None,Resolved Genuine,Standard Habitual Purchase,0
TXN-CUST_MONISHA_001-10987,2026-08-24 15:32:59,2026-08-24,15:32:59,15,0,0,0,CUST_MONISHA_001,420,Chennai,Tamil Nadu,Low Risk / 3% Fraud Rate,M006,MedicoCare Pharmacy,Pharmacy,Medicines & Surgical Supplies,Madurai,KK Nagar,Tamil Nadu,625020,9.9252,78.1498,10,1450.0,24_HOURS,"POS,UPI,CARD,ONLINE",Nighttime micro card testing,0.015,37,1292.33,INR,PURCHASE,UPI,MOBILE_APP,1,0,Chennai,5.0,0,0,1,DEV-MONISHA-IPHONE-15,mobile_ios,0,BEN-CUST_MONISHA_001-TRUSTED,Trusted Household Vendor,11,0,3,16,0,0,0,None,Resolved Genuine,Standard Habitual Purchase,0
TXN-CUST_MONISHA_001-10988,2026-08-24 16:57:34,2026-08-24,16:57:34,16,0,0,0,CUST_MONISHA_001,420,Chennai,Tamil Nadu,Low Risk / 3% Fraud Rate,M006,MedicoCare Pharmacy,Pharmacy,Medicines & Surgical Supplies,Madurai,KK Nagar,Tamil Nadu,625020,9.9252,78.1498,10,1450.0,24_HOURS,"POS,UPI,CARD,ONLINE",Nighttime micro card testing,0.015,37,2752.34,INR,PURCHASE,POS,MOBILE_APP,1,0,Chennai,15.0,0,0,1,DEV-MONISHA-IPHONE-15,mobile_ios,0,BEN-CUST_MONISHA_001-TRUSTED,Trusted Household Vendor,9,1,2,15,0,0,0,None,Resolved Genuine,Standard Habitual Purchase,0
TXN-CUST_MONISHA_001-10989,2026-08-24 18:26:35,2026-08-24,18:26:35,18,0,0,0,CUST_MONISHA_001,420,Chennai,Tamil Nadu,Low Risk / 3% Fraud Rate,M010,HarborView Residency,Hotel / Hospitality,Business & Luxury Hotel,Chennai,OMR,Tamil Nadu,600096,12.9165,80.2285,6,9500.0,24_HOURS,"ONLINE,POS,CARD,TRANSFER",Online travel booking fraud with stolen corporate credentials,0.041,102,1847.52,INR,PURCHASE,TRANSFER,MOBILE_APP,1,0,Chennai,6.0,0,0,1,DEV-MONISHA-IPHONE-15,mobile_ios,0,BEN-CUST_MONISHA_001-TRUSTED,Trusted Household Vendor,11,0,2,11,0,0,0,None,Resolved Genuine,Standard Habitual Purchase,0
TXN-CUST_MONISHA_001-10990,2026-08-24 19:50:41,2026-08-24,19:50:41,19,0,0,0,CUST_MONISHA_001,420,Chennai,Tamil Nadu,Low Risk / 3% Fraud Rate,M029,CloudDesk Digital,Software / Digital Services,Cloud Infrastructure & SaaS Tools,Bengaluru,Whitefield,Karnataka,560066,12.9698,77.7499,7,19800.0,24_HOURS,"ONLINE,CARD,TRANSFER",Cryptomining VM rental with stolen credit cards,0.058,145,2942.52,INR,PURCHASE,CARD,MOBILE_APP,0,0,Chennai,13.0,0,0,1,DEV-MONISHA-IPHONE-15,mobile_ios,0,BEN-CUST_MONISHA_001-TRUSTED,Trusted Household Vendor,14,1,4,23,0,0,0,None,Resolved Genuine,Standard Habitual Purchase,0
TXN-CUST_MONISHA_001-10991,2026-08-24 21:17:41,2026-08-24,21:17:41,21,0,0,0,CUST_MONISHA_001,420,Chennai,Tamil Nadu,Low Risk / 3% Fraud Rate,M021,GlowCraft Salon,Salon / Beauty,Spa & Grooming Studio,Chennai,Porur,Tamil Nadu,600116,13.0382,80.1565,5,2800.0,09:00-21:00,"POS,UPI,CARD",Unusual late-night transaction spikes,0.011,27,1352.25,INR,PURCHASE,UPI,MOBILE_APP,1,0,Chennai,1.0,0,0,1,DEV-MONISHA-IPHONE-15,mobile_ios,0,BEN-CUST_MONISHA_001-TRUSTED,Trusted Household Vendor,11,0,2,12,0,0,0,None,Resolved Genuine,Standard Habitual Purchase,0
TXN-CUST_MONISHA_001-10992,2026-08-24 22:43:03,2026-08-24,22:43:03,22,0,0,0,CUST_MONISHA_001,420,Chennai,Tamil Nadu,Low Risk / 3% Fraud Rate,M002,CircuitBay Electronics,Consumer Electronics,Laptops & Gadgets,Chennai,Velachery,Tamil Nadu,600042,12.9759,80.2212,6,32000.0,10:00-21:30,"POS,ONLINE,EMI,UPI",Stolen payment details / high-ticket electronics delivery,0.048,120,2252.93,INR,PURCHASE,POS,MOBILE_APP,1,0,Chennai,5.0,0,0,1,DEV-MONISHA-IPHONE-15,mobile_ios,0,BEN-CUST_MONISHA_001-TRUSTED,Trusted Household Vendor,6,0,4,25,0,0,0,None,Resolved Genuine,Standard Habitual Purchase,0
TXN-CUST_MONISHA_001-10993,2026-08-25 00:11:12,2026-08-25,00:11:12,0,1,0,1,CUST_MONISHA_001,420,Chennai,Tamil Nadu,Low Risk / 3% Fraud Rate,M020,GameGrid Arena,Gaming,"Esports, Consoles & Virtual Credits",Bengaluru,Koramangala,Karnataka,560095,12.9352,77.6245,4,3400.0,10:00-01:00,"ONLINE,UPI,CARD,WALLET",Virtual item laundering & bot-driven micro transactions,0.055,137,931.8,INR,PURCHASE,WALLET,MOBILE_APP,0,0,Chennai,9.0,0,0,1,DEV-MONISHA-IPHONE-15,mobile_ios,0,BEN-CUST_MONISHA_001-TRUSTED,Trusted Household Vendor,10,0,3,16,0,0,0,None,Resolved Genuine,Standard Habitual Purchase,0
TXN-CUST_MONISHA_001-10994,2026-08-25 01:36:32,2026-08-25,01:36:32,1,1,0,1,CUST_MONISHA_001,420,Chennai,Tamil Nadu,Low Risk / 3% Fraud Rate,M012,DashDine Delivery,Food Delivery,Quick Commerce & Meal Delivery,Chennai,Sholinganallur,Tamil Nadu,600119,12.901,80.2279,4,520.0,06:00-02:00,"UPI,CARD,ONLINE,WALLET",Promo code abuse / stolen wallet balances,0.014,35,2009.61,INR,PURCHASE,ONLINE,MOBILE_APP,0,0,Chennai,8.0,0,0,1,DEV-MONISHA-IPHONE-15,mobile_ios,0,BEN-CUST_MONISHA_001-TRUSTED,Trusted Household Vendor,10,0,4,24,0,0,0,None,Resolved Genuine,Standard Habitual Purchase,0
TXN-CUST_MONISHA_001-10995,2026-08-25 03:03:46,2026-08-25,03:03:46,3,1,0,1,CUST_MONISHA_001,420,Chennai,Tamil Nadu,Low Risk / 3% Fraud Rate,M026,GreenLeaf Wellness,Health & Wellness,Organic Nutrition & Ayurveda,Trichy,Srirangam,Tamil Nadu,620006,10.8624,78.6947,6,2100.0,08:00-21:00,"POS,UPI,ONLINE,CARD",Subscription card stuffing,0.013,32,2146.52,INR,PURCHASE,UPI,MOBILE_APP,1,0,Chennai,1.0,0,0,1,DEV-MONISHA-IPHONE-15,mobile_ios,0,BEN-CUST_MONISHA_001-TRUSTED,Trusted Household Vendor,10,0,2,16,0,0,0,None,Resolved Genuine,Standard Habitual Purchase,0
TXN-CUST_MONISHA_001-10996,2026-08-25 04:28:28,2026-08-25,04:28:28,4,1,0,1,CUST_MONISHA_001,420,Chennai,Tamil Nadu,Low Risk / 3% Fraud Rate,M014,OakLine Furnishings,Furniture,Teak Wood & Modern Home Decor,Madurai,Bypass Road,Tamil Nadu,625016,9.932,78.109,12,38000.0,10:00-21:00,"POS,CARD,TRANSFER,EMI",Invoice redirection fraud / fake payment slips,0.029,72,2859.58,INR,PURCHASE,POS,MOBILE_APP,1,0,Chennai,10.0,0,0,1,DEV-MONISHA-IPHONE-15,mobile_ios,0,BEN-CUST_MONISHA_001-TRUSTED,Trusted Household Vendor,7,1,3,16,0,0,0,None,Resolved Genuine,Standard Habitual Purchase,0
TXN-CUST_MONISHA_001-10997,2026-08-25 05:56:23,2026-08-25,05:56:23,5,1,0,1,CUST_MONISHA_001,420,Chennai,Tamil Nadu,Low Risk / 3% Fraud Rate,M010,HarborView Residency,Hotel / Hospitality,Business & Luxury Hotel,Chennai,OMR,Tamil Nadu,600096,12.9165,80.2285,6,9500.0,24_HOURS,"ONLINE,POS,CARD,TRANSFER",Online travel booking fraud with stolen corporate credentials,0.041,102,1820.14,INR,PURCHASE,CARD,MOBILE_APP,1,0,Chennai,6.0,0,0,1,DEV-MONISHA-IPHONE-15,mobile_ios,0,BEN-CUST_MONISHA_001-TRUSTED,Trusted Household Vendor,10,0,1,12,0,0,0,None,Resolved Genuine,Standard Habitual Purchase,0
TXN-CUST_MONISHA_001-10998,2026-08-25 07:22:29,2026-08-25,07:22:29,7,1,0,0,CUST_MONISHA_001,420,Chennai,Tamil Nadu,Low Risk / 3% Fraud Rate,M014,OakLine Furnishings,Furniture,Teak Wood & Modern Home Decor,Madurai,Bypass Road,Tamil Nadu,625016,9.932,78.109,12,38000.0,10:00-21:00,"POS,CARD,TRANSFER,EMI",Invoice redirection fraud / fake payment slips,0.029,72,1736.95,INR,PURCHASE,POS,MOBILE_APP,1,0,Chennai,13.0,0,0,1,DEV-MONISHA-IPHONE-15,mobile_ios,0,BEN-CUST_MONISHA_001-TRUSTED,Trusted Household Vendor,9,0,3,16,0,0,0,None,Resolved Genuine,Standard Habitual Purchase,0
TXN-CUST_MONISHA_001-10999,2026-08-25 08:48:32,2026-08-25,08:48:32,8,1,0,0,CUST_MONISHA_001,420,Chennai,Tamil Nadu,Low Risk / 3% Fraud Rate,M009,RapidFuel Station,Fuel Station,"Petrol, Diesel & EV Fast Charge",Salem,Fairlands,Tamil Nadu,636016,11.6643,78.146,9,3100.0,24_HOURS,"POS,FLEET_CARD,UPI",Automated fleet card skimming,0.024,60,2290.13,INR,PURCHASE,UPI,MOBILE_APP,1,0,Chennai,6.0,0,0,1,DEV-MONISHA-IPHONE-15,mobile_ios,0,BEN-CUST_MONISHA_001-TRUSTED,Trusted Household Vendor,11,0,3,22,0,0,0,None,Resolved Genuine,Standard Habitual Purchase,0
TXN-CUST_MONISHA_001-11000,2026-08-25 10:15:48,2026-08-25,10:15:48,10,1,0,0,CUST_MONISHA_001,420,Chennai,Tamil Nadu,Low Risk / 3% Fraud Rate,M026,GreenLeaf Wellness,Health & Wellness,Organic Nutrition & Ayurveda,Trichy,Srirangam,Tamil Nadu,620006,10.8624,78.6947,6,2100.0,08:00-21:00,"POS,UPI,ONLINE,CARD",Subscription card stuffing,0.013,32,1426.83,INR,PURCHASE,POS,MOBILE_APP,1,0,Chennai,4.0,0,0,1,DEV-MONISHA-IPHONE-15,mobile_ios,0,BEN-CUST_MONISHA_001-TRUSTED,Trusted Household Vendor,8,1,1,14,0,0,0,None,Resolved Genuine,Standard Habitual Purchase,0
TXN-CUST_MONISHA_001-11001,2026-08-25 11:40:24,2026-08-25,11:40:24,11,1,0,0,CUST_MONISHA_001,420,Chennai,Tamil Nadu,Low Risk / 3% Fraud Rate,M007,SpiceRoute Kitchen,Restaurant,Fine Dining & Chettinad,Chennai,Adyar,Tamil Nadu,600020,13.0012,80.2565,7,2200.0,11:30-23:30,"POS,UPI,CARD",Cloned card POS terminal replay,0.018,45,2359.75,INR,PURCHASE,CARD,MOBILE_APP,1,0,Chennai,5.0,0,0,1,DEV-MONISHA-IPHONE-15,mobile_ios,0,BEN-CUST_MONISHA_001-TRUSTED,Trusted Household Vendor,6,0,3,16,0,0,0,None,Resolved Genuine,Standard Habitual Purchase,0
TXN-CUST_MONISHA_001-11002,2026-08-25 13:09:48,2026-08-25,13:09:48,13,1,0,0,CUST_MONISHA_001,420,Chennai,Tamil Nadu,Low Risk / 3% Fraud Rate,M025,ShieldSure Services,Insurance Services,General & Health Insurance Premium,Chennai,Egmore,Tamil Nadu,600008,13.0784,80.2607,13,14000.0,09:30-18:00,"ONLINE,NETBANKING,CARD",Premium diversion / fake policy payment slips,0.019,47,2455.87,INR,PURCHASE,NETBANKING,MOBILE_APP,0,0,Chennai,9.0,0,0,1,DEV-MONISHA-IPHONE-15,mobile_ios,0,BEN-CUST_MONISHA_001-TRUSTED,Trusted Household Vendor,15,0,1,10,0,0,0,None,Resolved Genuine,Standard Habitual Purchase,0
TXN-CUST_MONISHA_001-11003,2026-08-25 14:38:08,2026-08-25,14:38:08,14,1,0,0,CUST_MONISHA_001,420,Chennai,Tamil Nadu,Low Risk / 3% Fraud Rate,M026,GreenLeaf Wellness,Health & Wellness,Organic Nutrition & Ayurveda,Trichy,Srirangam,Tamil Nadu,620006,10.8624,78.6947,6,2100.0,08:00-21:00,"POS,UPI,ONLINE,CARD",Subscription card stuffing,0.013,32,3112.61,INR,PURCHASE,UPI,MOBILE_APP,1,0,Chennai,7.0,0,0,1,DEV-MONISHA-IPHONE-15,mobile_ios,0,BEN-CUST_MONISHA_001-TRUSTED,Trusted Household Vendor,10,0,1,12,0,0,0,None,Resolved Genuine,Standard Habitual Purchase,0
TXN-CUST_MONISHA_001-11004,2026-08-25 16:02:54,2026-08-25,16:02:54,16,1,0,0,CUST_MONISHA_001,420,Chennai,Tamil Nadu,Low Risk / 3% Fraud Rate,M024,LinkWave Telecom,Telecom Retail,Fiber Broadband & Postpaid Plans,Erode,Perundurai Road,Tamil Nadu,638011,11.341,77.7172,10,1950.0,09:30-20:30,"UPI,CARD,ONLINE,POS",SIM swap bill recharge surges,0.017,42,2532.98,INR,PURCHASE,POS,MOBILE_APP,1,0,Chennai,8.0,0,0,1,DEV-MONISHA-IPHONE-15,mobile_ios,0,BEN-CUST_MONISHA_001-TRUSTED,Trusted Household Vendor,14,0,4,23,0,0,0,None,Resolved Genuine,Standard Habitual Purchase,0
TXN-CUST_MONISHA_001-11005,2026-08-25 17:31:03,2026-08-25,17:31:03,17,1,0,0,CUST_MONISHA_001,420,Chennai,Tamil Nadu,Low Risk / 3% Fraud Rate,M011,SkyTrail Travels,Travel Agency,Flight & International Tour Packages,Coimbatore,Gandhipuram,Tamil Nadu,641012,11.0183,76.9664,11,44000.0,09:00-20:00,"ONLINE,TRANSFER,CARD",Mule-account ticket arbitrage & fast cancellation fraud,0.052,130,2759.18,INR,PURCHASE,TRANSFER,MOBILE_APP,0,0,Chennai,7.0,0,0,1,DEV-MONISHA-IPHONE-15,mobile_ios,0,BEN-CUST_MONISHA_001-TRUSTED,Trusted Household Vendor,6,0,4,25,0,0,0,None,Resolved Genuine,Standard Habitual Purchase,0
TXN-CUST_MONISHA_001-11006,2026-08-25 18:59:34,2026-08-25,18:59:34,18,1,0,0,CUST_MONISHA_001,420,Chennai,Tamil Nadu,Low Risk / 3% Fraud Rate,M001,NovaMart Fresh,Grocery & Supermarket,Supermarket / Hypermarket,Chennai,T Nagar,Tamil Nadu,600017,13.0418,80.2341,8,1250.0,07:00-22:30,"POS,UPI,CARD,ONLINE",Card testing / micro-burst velocity,0.012,30,1656.8,INR,PURCHASE,POS,MOBILE_APP,1,0,Chennai,10.0,0,0,1,DEV-MONISHA-IPHONE-15,mobile_ios,0,BEN-CUST_MONISHA_001-TRUSTED,Trusted Household Vendor,14,0,3,21,0,0,0,None,Resolved Genuine,Standard Habitual Purchase,0
TXN-CUST_MONISHA_001-11007,2026-08-25 20:27:49,2026-08-25,20:27:49,20,1,0,0,CUST_MONISHA_001,420,Chennai,Tamil Nadu,Low Risk / 3% Fraud Rate,M027,BrickHarbor Realty,Real Estate / Property Services,Rental Escrow & Facility Management,Chennai,Porur,Tamil Nadu,600116,13.035,80.16,11,65000.0,09:00-19:00,"TRANSFER,NETBANKING,CARD",Security deposit phishing / escrow hijacking,0.039,97,1609.91,INR,PURCHASE,CARD,MOBILE_APP,0,0,Chennai,4.0,0,0,1,DEV-MONISHA-IPHONE-15,mobile_ios,0,BEN-CUST_MONISHA_001-TRUSTED,Trusted Household Vendor,15,0,4,26,0,0,0,None,Resolved Genuine,Standard Habitual Purchase,0
TXN-CUST_MONISHA_001-11008,2026-08-25 21:53:01,2026-08-25,21:53:01,21,1,0,0,CUST_MONISHA_001,420,Chennai,Tamil Nadu,Low Risk / 3% Fraud Rate,M019,ArenaSport World,Sports Retail,Fitness Equipment & Sports Wear,Chennai,Nungambakkam,Tamil Nadu,600034,13.0604,80.2405,6,5600.0,10:00-21:30,"POS,ONLINE,UPI,CARD",Stolen card chargeback on premium sports gear,0.026,65,834.38,INR,PURCHASE,UPI,MOBILE_APP,1,0,Chennai,13.0,0,0,1,DEV-MONISHA-IPHONE-15,mobile_ios,0,BEN-CUST_MONISHA_001-TRUSTED,Trusted Household Vendor,5,1,2,16,0,0,0,None,Resolved Genuine,Standard Habitual Purchase,0
TXN-CUST_MONISHA_001-11009,2026-08-25 23:22:18,2026-08-25,23:22:18,23,1,0,1,CUST_MONISHA_001,420,Chennai,Tamil Nadu,Low Risk / 3% Fraud Rate,M007,SpiceRoute Kitchen,Restaurant,Fine Dining & Chettinad,Chennai,Adyar,Tamil Nadu,600020,13.0012,80.2565,7,2200.0,11:30-23:30,"POS,UPI,CARD",Cloned card POS terminal replay,0.018,45,2999.94,INR,PURCHASE,POS,MOBILE_APP,1,0,Chennai,2.0,0,0,1,DEV-MONISHA-IPHONE-15,mobile_ios,0,BEN-CUST_MONISHA_001-TRUSTED,Trusted Household Vendor,10,0,2,15,0,0,0,None,Resolved Genuine,Standard Habitual Purchase,0
TXN-CUST_MONISHA_001-11010,2026-08-26 00:49:07,2026-08-26,00:49:07,0,2,0,1,CUST_MONISHA_001,420,Chennai,Tamil Nadu,Low Risk / 3% Fraud Rate,M015,HomeSphere Appliances,Home Appliances,"Refrigerators, ACs & Kitchen Tech",Coimbatore,Saibaba Colony,Tamil Nadu,641011,11.0315,76.945,9,27500.0,09:30-21:00,"POS,EMI,CARD,UPI",Carding attacks with immediate in-store pickup,0.038,95,2275.27,INR,PURCHASE,EMI,MOBILE_APP,1,0,Chennai,5.0,0,0,1,DEV-MONISHA-IPHONE-15,mobile_ios,0,BEN-CUST_MONISHA_001-TRUSTED,Trusted Household Vendor,13,1,1,6,0,0,0,None,Resolved Genuine,Standard Habitual Purchase,0
TXN-CUST_MONISHA_001-11011,2026-08-26 02:17:29,2026-08-26,02:17:29,2,2,0,1,CUST_MONISHA_001,420,Chennai,Tamil Nadu,Low Risk / 3% Fraud Rate,M020,GameGrid Arena,Gaming,"Esports, Consoles & Virtual Credits",Bengaluru,Koramangala,Karnataka,560095,12.9352,77.6245,4,3400.0,10:00-01:00,"ONLINE,UPI,CARD,WALLET",Virtual item laundering & bot-driven micro transactions,0.055,137,1923.36,INR,PURCHASE,UPI,MOBILE_APP,0,0,Chennai,3.0,0,0,1,DEV-MONISHA-IPHONE-15,mobile_ios,0,BEN-CUST_MONISHA_001-TRUSTED,Trusted Household Vendor,7,1,4,21,0,0,0,None,Resolved Genuine,Standard Habitual Purchase,0
TXN-CUST_MONISHA_001-11012,2026-08-26 03:42:38,2026-08-26,03:42:38,3,2,0,1,CUST_MONISHA_001,420,Chennai,Tamil Nadu,Low Risk / 3% Fraud Rate,M017,AutoForge Parts,Spare Parts,OEM Industrial & Auto Components,Hosur,Mookandapalli,Tamil Nadu,635126,12.7409,77.8253,15,16500.0,09:00-19:30,"TRANSFER,POS,CARD",Business email compromise / fake beneficiary update,0.033,82,943.75,INR,PURCHASE,POS,MOBILE_APP,1,0,Chennai,1.0,0,0,1,DEV-MONISHA-IPHONE-15,mobile_ios,0,BEN-CUST_MONISHA_001-TRUSTED,Trusted Household Vendor,5,0,1,12,0,0,0,None,Resolved Genuine,Standard Habitual Purchase,0
TXN-CUST_MONISHA_001-11013,2026-08-26 05:08:22,2026-08-26,05:08:22,5,2,0,1,CUST_MONISHA_001,420,Chennai,Tamil Nadu,Low Risk / 3% Fraud Rate,M004,Aurelia Gold House,Jewellery,Gold & Diamond Jewellery,Coimbatore,RS Puram,Tamil Nadu,641002,11.0089,76.9514,14,78000.0,10:00-20:30,"POS,CARD,TRANSFER",Account takeover / card-not-present luxury surge,0.065,162,1082.18,INR,PURCHASE,POS,MOBILE_APP,1,0,Chennai,7.0,0,0,1,DEV-MONISHA-IPHONE-15,mobile_ios,0,BEN-CUST_MONISHA_001-TRUSTED,Trusted Household Vendor,9,0,1,8,0,0,0,None,Resolved Genuine,Standard Habitual Purchase,0
TXN-CUST_MONISHA_001-11014,2026-08-26 06:37:00,2026-08-26,06:37:00,6,2,0,0,CUST_MONISHA_001,420,Chennai,Tamil Nadu,Low Risk / 3% Fraud Rate,M010,HarborView Residency,Hotel / Hospitality,Business & Luxury Hotel,Chennai,OMR,Tamil Nadu,600096,12.9165,80.2285,6,9500.0,24_HOURS,"ONLINE,POS,CARD,TRANSFER",Online travel booking fraud with stolen corporate credentials,0.041,102,1791.35,INR,PURCHASE,CARD,MOBILE_APP,1,0,Chennai,12.0,0,0,1,DEV-MONISHA-IPHONE-15,mobile_ios,0,BEN-CUST_MONISHA_001-TRUSTED,Trusted Household Vendor,12,0,2,13,0,0,0,None,Resolved Genuine,Standard Habitual Purchase,0
TXN-CUST_MONISHA_001-11015,2026-08-26 08:03:25,2026-08-26,08:03:25,8,2,0,0,CUST_MONISHA_001,420,Chennai,Tamil Nadu,Low Risk / 3% Fraud Rate,M022,SkillSpring Academy,Education / Training,Professional Certifications & Tech Bootcamps,Chennai,Mylapore,Tamil Nadu,600004,13.0368,80.2676,8,22000.0,08:30-19:30,"ONLINE,NETBANKING,CARD,UPI",Stolen corporate card enrollments,0.028,70,1853.96,INR,PURCHASE,ONLINE,MOBILE_APP,0,0,Chennai,4.0,0,0,1,DEV-MONISHA-IPHONE-15,mobile_ios,0,BEN-CUST_MONISHA_001-TRUSTED,Trusted Household Vendor,10,1,2,16,0,0,0,None,Resolved Genuine,Standard Habitual Purchase,0
TXN-CUST_MONISHA_001-11016,2026-08-26 09:30:26,2026-08-26,09:30:26,9,2,0,0,CUST_MONISHA_001,420,Chennai,Tamil Nadu,Low Risk / 3% Fraud Rate,M008,BeanCircuit Cafe,Cafe,Specialty Coffee & Bakery,Bengaluru,Indiranagar,Karnataka,560038,12.9784,77.6408,3,650.0,07:30-23:00,"UPI,POS,CARD",QR code spoofing / fast velocity dining,0.009,22,2010.5,INR,PURCHASE,POS,MOBILE_APP,1,0,Chennai,15.0,0,0,1,DEV-MONISHA-IPHONE-15,mobile_ios,0,BEN-CUST_MONISHA_001-TRUSTED,Trusted Household Vendor,10,0,4,18,0,0,0,None,Resolved Genuine,Standard Habitual Purchase,0
TXN-CUST_MONISHA_001-11017,2026-08-26 10:58:16,2026-08-26,10:58:16,10,2,0,0,CUST_MONISHA_001,420,Chennai,Tamil Nadu,Low Risk / 3% Fraud Rate,M010,HarborView Residency,Hotel / Hospitality,Business & Luxury Hotel,Chennai,OMR,Tamil Nadu,600096,12.9165,80.2285,6,9500.0,24_HOURS,"ONLINE,POS,CARD,TRANSFER",Online travel booking fraud with stolen corporate credentials,0.041,102,2292.34,INR,PURCHASE,POS,MOBILE_APP,1,0,Chennai,15.0,0,0,1,DEV-MONISHA-IPHONE-15,mobile_ios,0,BEN-CUST_MONISHA_001-TRUSTED,Trusted Household Vendor,9,0,3,20,0,0,0,None,Resolved Genuine,Standard Habitual Purchase,0
TXN-CUST_MONISHA_001-11018,2026-08-26 12:23:09,2026-08-26,12:23:09,12,2,0,0,CUST_MONISHA_001,420,Chennai,Tamil Nadu,Low Risk / 3% Fraud Rate,M029,CloudDesk Digital,Software / Digital Services,Cloud Infrastructure & SaaS Tools,Bengaluru,Whitefield,Karnataka,560066,12.9698,77.7499,7,19800.0,24_HOURS,"ONLINE,CARD,TRANSFER",Cryptomining VM rental with stolen credit cards,0.058,145,2225.5,INR,PURCHASE,TRANSFER,MOBILE_APP,0,0,Chennai,7.0,0,0,1,DEV-MONISHA-IPHONE-15,mobile_ios,0,BEN-CUST_MONISHA_001-TRUSTED,Trusted Household Vendor,14,0,2,11,0,0,0,None,Resolved Genuine,Standard Habitual Purchase,0
TXN-CUST_MONISHA_001-11019,2026-08-26 13:48:55,2026-08-26,13:48:55,13,2,0,0,CUST_MONISHA_001,420,Chennai,Tamil Nadu,Low Risk / 3% Fraud Rate,M002,CircuitBay Electronics,Consumer Electronics,Laptops & Gadgets,Chennai,Velachery,Tamil Nadu,600042,12.9759,80.2212,6,32000.0,10:00-21:30,"POS,ONLINE,EMI,UPI",Stolen payment details / high-ticket electronics delivery,0.048,120,1340.89,INR,PURCHASE,POS,MOBILE_APP,1,0,Chennai,14.0,0,0,1,DEV-MONISHA-IPHONE-15,mobile_ios,0,BEN-CUST_MONISHA_001-TRUSTED,Trusted Household Vendor,13,1,3,17,0,0,0,None,Resolved Genuine,Standard Habitual Purchase,0
TXN-CUST_MONISHA_001-11020,2026-08-26 15:17:46,2026-08-26,15:17:46,15,2,0,0,CUST_MONISHA_001,420,Chennai,Tamil Nadu,Low Risk / 3% Fraud Rate,M014,OakLine Furnishings,Furniture,Teak Wood & Modern Home Decor,Madurai,Bypass Road,Tamil Nadu,625016,9.932,78.109,12,38000.0,10:00-21:00,"POS,CARD,TRANSFER,EMI",Invoice redirection fraud / fake payment slips,0.029,72,3102.19,INR,PURCHASE,POS,MOBILE_APP,1,0,Chennai,9.0,0,0,1,DEV-MONISHA-IPHONE-15,mobile_ios,0,BEN-CUST_MONISHA_001-TRUSTED,Trusted Household Vendor,4,1,3,22,0,0,0,None,Resolved Genuine,Standard Habitual Purchase,0
TXN-CUST_MONISHA_001-11021,2026-08-26 16:45:46,2026-08-26,16:45:46,16,2,0,0,CUST_MONISHA_001,420,Chennai,Tamil Nadu,Low Risk / 3% Fraud Rate,M011,SkyTrail Travels,Travel Agency,Flight & International Tour Packages,Coimbatore,Gandhipuram,Tamil Nadu,641012,11.0183,76.9664,11,44000.0,09:00-20:00,"ONLINE,TRANSFER,CARD",Mule-account ticket arbitrage & fast cancellation fraud,0.052,130,1739.62,INR,PURCHASE,ONLINE,MOBILE_APP,0,0,Chennai,3.0,0,0,1,DEV-MONISHA-IPHONE-15,mobile_ios,0,BEN-CUST_MONISHA_001-TRUSTED,Trusted Household Vendor,10,0,1,7,0,0,0,None,Resolved Genuine,Standard Habitual Purchase,0
TXN-CUST_MONISHA_001-11022,2026-08-26 18:13:00,2026-08-26,18:13:00,18,2,0,0,CUST_MONISHA_001,420,Chennai,Tamil Nadu,Low Risk / 3% Fraud Rate,M022,SkillSpring Academy,Education / Training,Professional Certifications & Tech Bootcamps,Chennai,Mylapore,Tamil Nadu,600004,13.0368,80.2676,8,22000.0,08:30-19:30,"ONLINE,NETBANKING,CARD,UPI",Stolen corporate card enrollments,0.028,70,2534.38,INR,PURCHASE,UPI,MOBILE_APP,0,0,Chennai,7.0,0,0,1,DEV-MONISHA-IPHONE-15,mobile_ios,0,BEN-CUST_MONISHA_001-TRUSTED,Trusted Household Vendor,6,0,4,18,0,0,0,None,Resolved Genuine,Standard Habitual Purchase,0
TXN-CUST_MONISHA_001-11023,2026-08-26 19:36:28,2026-08-26,19:36:28,19,2,0,0,CUST_MONISHA_001,420,Chennai,Tamil Nadu,Low Risk / 3% Fraud Rate,M004,Aurelia Gold House,Jewellery,Gold & Diamond Jewellery,Coimbatore,RS Puram,Tamil Nadu,641002,11.0089,76.9514,14,78000.0,10:00-20:30,"POS,CARD,TRANSFER",Account takeover / card-not-present luxury surge,0.065,162,2439.29,INR,PURCHASE,CARD,MOBILE_APP,1,0,Chennai,3.0,0,0,1,DEV-MONISHA-IPHONE-15,mobile_ios,0,BEN-CUST_MONISHA_001-TRUSTED,Trusted Household Vendor,10,0,4,19,0,0,0,None,Resolved Genuine,Standard Habitual Purchase,0
TXN-CUST_MONISHA_001-11024,2026-08-26 21:00:22,2026-08-26,21:00:22,21,2,0,0,CUST_MONISHA_001,420,Chennai,Tamil Nadu,Low Risk / 3% Fraud Rate,M022,SkillSpring Academy,Education / Training,Professional Certifications & Tech Bootcamps,Chennai,Mylapore,Tamil Nadu,600004,13.0368,80.2676,8,22000.0,08:30-19:30,"ONLINE,NETBANKING,CARD,UPI",Stolen corporate card enrollments,0.028,70,1346.97,INR,PURCHASE,NETBANKING,MOBILE_APP,0,0,Chennai,8.0,0,0,1,DEV-MONISHA-IPHONE-15,mobile_ios,0,BEN-CUST_MONISHA_001-TRUSTED,Trusted Household Vendor,5,1,3,14,0,0,0,None,Resolved Genuine,Standard Habitual Purchase,0
TXN-CUST_MONISHA_001-11025,2026-08-26 22:27:24,2026-08-26,22:27:24,22,2,0,0,CUST_MONISHA_001,420,Chennai,Tamil Nadu,Low Risk / 3% Fraud Rate,M006,MedicoCare Pharmacy,Pharmacy,Medicines & Surgical Supplies,Madurai,KK Nagar,Tamil Nadu,625020,9.9252,78.1498,10,1450.0,24_HOURS,"POS,UPI,CARD,ONLINE",Nighttime micro card testing,0.015,37,1468.3,INR,PURCHASE,POS,MOBILE_APP,1,0,Chennai,9.0,0,0,1,DEV-MONISHA-IPHONE-15,mobile_ios,0,BEN-CUST_MONISHA_001-TRUSTED,Trusted Household Vendor,4,0,2,14,0,0,0,None,Resolved Genuine,Standard Habitual Purchase,0
TXN-CUST_MONISHA_001-11026,2026-08-26 23:51:44,2026-08-26,23:51:44,23,2,0,1,CUST_MONISHA_001,420,Chennai,Tamil Nadu,Low Risk / 3% Fraud Rate,M012,DashDine Delivery,Food Delivery,Quick Commerce & Meal Delivery,Chennai,Sholinganallur,Tamil Nadu,600119,12.901,80.2279,4,520.0,06:00-02:00,"UPI,CARD,ONLINE,WALLET",Promo code abuse / stolen wallet balances,0.014,35,1196.38,INR,PURCHASE,UPI,MOBILE_APP,0,0,Chennai,12.0,0,0,1,DEV-MONISHA-IPHONE-15,mobile_ios,0,BEN-CUST_MONISHA_001-TRUSTED,Trusted Household Vendor,10,1,2,18,0,0,0,None,Resolved Genuine,Standard Habitual Purchase,0
TXN-CUST_MONISHA_001-11027,2026-08-27 01:18:58,2026-08-27,01:18:58,1,3,0,1,CUST_MONISHA_001,420,Chennai,Tamil Nadu,Low Risk / 3% Fraud Rate,M023,SwiftBox Logistics,Courier / Logistics,Express Parcel & Freight Delivery,Tiruppur,Avinashi Road,Tamil Nadu,641603,11.1085,77.3411,9,4200.0,08:00-21:00,"POS,UPI,CARD,ONLINE",Interception fraud / address redirection,0.02,50,2324.49,INR,PURCHASE,POS,MOBILE_APP,1,0,Chennai,2.0,0,0,1,DEV-MONISHA-IPHONE-15,mobile_ios,0,BEN-CUST_MONISHA_001-TRUSTED,Trusted Household Vendor,10,0,3,14,0,0,0,None,Resolved Genuine,Standard Habitual Purchase,0
TXN-CUST_MONISHA_001-11028,2026-08-27 02:42:40,2026-08-27,02:42:40,2,3,0,1,CUST_MONISHA_001,420,Chennai,Tamil Nadu,Low Risk / 3% Fraud Rate,M013,CartNest Online,E-commerce,Multi-category Marketplace,Chennai,Guindy,Tamil Nadu,600032,13.0067,80.2026,5,6200.0,24_HOURS,"ONLINE,UPI,CARD,NETBANKING",Account takeover + triangulation shipping fraud,0.045,112,2575.05,INR,PURCHASE,ONLINE,MOBILE_APP,0,0,Chennai,15.0,0,0,1,DEV-MONISHA-IPHONE-15,mobile_ios,0,BEN-CUST_MONISHA_001-TRUSTED,Trusted Household Vendor,6,0,2,10,0,0,0,None,Resolved Genuine,Standard Habitual Purchase,0
TXN-CUST_MONISHA_001-11029,2026-08-27 04:08:36,2026-08-27,04:08:36,4,3,0,1,CUST_MONISHA_001,420,Chennai,Tamil Nadu,Low Risk / 3% Fraud Rate,M001,NovaMart Fresh,Grocery & Supermarket,Supermarket / Hypermarket,Chennai,T Nagar,Tamil Nadu,600017,13.0418,80.2341,8,1250.0,07:00-22:30,"POS,UPI,CARD,ONLINE",Card testing / micro-burst velocity,0.012,30,1568.85,INR,PURCHASE,POS,MOBILE_APP,1,0,Chennai,4.0,0,0,1,DEV-MONISHA-IPHONE-15,mobile_ios,0,BEN-CUST_MONISHA_001-TRUSTED,Trusted Household Vendor,6,0,1,8,0,0,0,None,Resolved Genuine,Standard Habitual Purchase,0
TXN-CUST_MONISHA_001-11030,2026-08-27 05:36:20,2026-08-27,05:36:20,5,3,0,1,CUST_MONISHA_001,420,Chennai,Tamil Nadu,Low Risk / 3% Fraud Rate,M002,CircuitBay Electronics,Consumer Electronics,Laptops & Gadgets,Chennai,Velachery,Tamil Nadu,600042,12.9759,80.2212,6,32000.0,10:00-21:30,"POS,ONLINE,EMI,UPI",Stolen payment details / high-ticket electronics delivery,0.048,120,1752.69,INR,PURCHASE,ONLINE,MOBILE_APP,1,0,Chennai,2.0,0,0,1,DEV-MONISHA-IPHONE-15,mobile_ios,0,BEN-CUST_MONISHA_001-TRUSTED,Trusted Household Vendor,11,0,3,17,0,0,0,None,Resolved Genuine,Standard Habitual Purchase,0
TXN-CUST_MONISHA_001-11031,2026-08-27 07:05:21,2026-08-27,07:05:21,7,3,0,0,CUST_MONISHA_001,420,Chennai,Tamil Nadu,Low Risk / 3% Fraud Rate,M013,CartNest Online,E-commerce,Multi-category Marketplace,Chennai,Guindy,Tamil Nadu,600032,13.0067,80.2026,5,6200.0,24_HOURS,"ONLINE,UPI,CARD,NETBANKING",Account takeover + triangulation shipping fraud,0.045,112,2977.08,INR,PURCHASE,CARD,MOBILE_APP,0,0,Chennai,2.0,0,0,1,DEV-MONISHA-IPHONE-15,mobile_ios,0,BEN-CUST_MONISHA_001-TRUSTED,Trusted Household Vendor,8,0,1,8,0,0,0,None,Resolved Genuine,Standard Habitual Purchase,0
TXN-CUST_MONISHA_001-11032,2026-08-27 08:28:50,2026-08-27,08:28:50,8,3,0,0,CUST_MONISHA_001,420,Chennai,Tamil Nadu,Low Risk / 3% Fraud Rate,M021,GlowCraft Salon,Salon / Beauty,Spa & Grooming Studio,Chennai,Porur,Tamil Nadu,600116,13.0382,80.1565,5,2800.0,09:00-21:00,"POS,UPI,CARD",Unusual late-night transaction spikes,0.011,27,1520.0,INR,PURCHASE,CARD,MOBILE_APP,1,0,Chennai,7.0,0,0,1,DEV-MONISHA-IPHONE-15,mobile_ios,0,BEN-CUST_MONISHA_001-TRUSTED,Trusted Household Vendor,4,0,2,14,0,0,0,None,Resolved Genuine,Standard Habitual Purchase,0
TXN-CUST_MONISHA_001-11033,2026-08-27 09:56:08,2026-08-27,09:56:08,9,3,0,0,CUST_MONISHA_001,420,Chennai,Tamil Nadu,Low Risk / 3% Fraud Rate,M012,DashDine Delivery,Food Delivery,Quick Commerce & Meal Delivery,Chennai,Sholinganallur,Tamil Nadu,600119,12.901,80.2279,4,520.0,06:00-02:00,"UPI,CARD,ONLINE,WALLET",Promo code abuse / stolen wallet balances,0.014,35,882.82,INR,PURCHASE,WALLET,MOBILE_APP,0,0,Chennai,15.0,0,0,1,DEV-MONISHA-IPHONE-15,mobile_ios,0,BEN-CUST_MONISHA_001-TRUSTED,Trusted Household Vendor,15,0,3,15,0,0,0,None,Resolved Genuine,Standard Habitual Purchase,0
TXN-CUST_MONISHA_001-11034,2026-08-27 11:23:49,2026-08-27,11:23:49,11,3,0,0,CUST_MONISHA_001,420,Chennai,Tamil Nadu,Low Risk / 3% Fraud Rate,M026,GreenLeaf Wellness,Health & Wellness,Organic Nutrition & Ayurveda,Trichy,Srirangam,Tamil Nadu,620006,10.8624,78.6947,6,2100.0,08:00-21:00,"POS,UPI,ONLINE,CARD",Subscription card stuffing,0.013,32,3097.84,INR,PURCHASE,ONLINE,MOBILE_APP,1,0,Chennai,14.0,0,0,1,DEV-MONISHA-IPHONE-15,mobile_ios,0,BEN-CUST_MONISHA_001-TRUSTED,Trusted Household Vendor,4,0,3,20,0,0,0,None,Resolved Genuine,Standard Habitual Purchase,0
TXN-CUST_MONISHA_001-11035,2026-08-27 12:51:17,2026-08-27,12:51:17,12,3,0,0,CUST_MONISHA_001,420,Chennai,Tamil Nadu,Low Risk / 3% Fraud Rate,M025,ShieldSure Services,Insurance Services,General & Health Insurance Premium,Chennai,Egmore,Tamil Nadu,600008,13.0784,80.2607,13,14000.0,09:30-18:00,"ONLINE,NETBANKING,CARD",Premium diversion / fake policy payment slips,0.019,47,38796.93,INR,P2P_TRANSFER,CARD,WEB_PORTAL,0,0,Hyderabad,625.0,1,1,0,DEV-LAPTOP-CHROME-750,web_browser,1,BEN-NEW-118,Global Flight Booking,0,4,7,37,1,0,0,Geographic Anomaly / High Ticket Spike,Review Required,Sudden location velocity jump with new merchant,1
TXN-CUST_MONISHA_001-11036,2026-08-27 14:16:58,2026-08-27,14:16:58,14,3,0,0,CUST_MONISHA_001,420,Chennai,Tamil Nadu,Low Risk / 3% Fraud Rate,M021,GlowCraft Salon,Salon / Beauty,Spa & Grooming Studio,Chennai,Porur,Tamil Nadu,600116,13.0382,80.1565,5,2800.0,09:00-21:00,"POS,UPI,CARD",Unusual late-night transaction spikes,0.011,27,2515.84,INR,PURCHASE,POS,MOBILE_APP,1,0,Chennai,9.0,0,0,1,DEV-MONISHA-IPHONE-15,mobile_ios,0,BEN-CUST_MONISHA_001-TRUSTED,Trusted Household Vendor,6,0,1,7,0,0,0,None,Resolved Genuine,Standard Habitual Purchase,0
TXN-CUST_MONISHA_001-11037,2026-08-27 15:42:13,2026-08-27,15:42:13,15,3,0,0,CUST_MONISHA_001,420,Chennai,Tamil Nadu,Low Risk / 3% Fraud Rate,M024,LinkWave Telecom,Telecom Retail,Fiber Broadband & Postpaid Plans,Erode,Perundurai Road,Tamil Nadu,638011,11.341,77.7172,10,1950.0,09:30-20:30,"UPI,CARD,ONLINE,POS",SIM swap bill recharge surges,0.017,42,1782.69,INR,PURCHASE,ONLINE,MOBILE_APP,1,0,Chennai,4.0,0,0,1,DEV-MONISHA-IPHONE-15,mobile_ios,0,BEN-CUST_MONISHA_001-TRUSTED,Trusted Household Vendor,5,0,1,13,0,0,0,None,Resolved Genuine,Standard Habitual Purchase,0
TXN-CUST_MONISHA_001-11038,2026-08-27 17:07:24,2026-08-27,17:07:24,17,3,0,0,CUST_MONISHA_001,420,Chennai,Tamil Nadu,Low Risk / 3% Fraud Rate,M005,UrbanThread Studio,Fashion / Apparel,Designer & Ready-to-wear,Chennai,Anna Nagar,Tamil Nadu,600040,13.085,80.2101,5,4800.0,10:30-22:00,"POS,ONLINE,UPI,CARD",Refund abuse / credential stuffing,0.022,55,1659.25,INR,PURCHASE,UPI,MOBILE_APP,1,0,Chennai,11.0,0,0,1,DEV-MONISHA-IPHONE-15,mobile_ios,0,BEN-CUST_MONISHA_001-TRUSTED,Trusted Household Vendor,14,1,4,20,0,0,0,None,Resolved Genuine,Standard Habitual Purchase,0
TXN-CUST_MONISHA_001-11039,2026-08-27 18:32:28,2026-08-27,18:32:28,18,3,0,0,CUST_MONISHA_001,420,Chennai,Tamil Nadu,Low Risk / 3% Fraud Rate,M021,GlowCraft Salon,Salon / Beauty,Spa & Grooming Studio,Chennai,Porur,Tamil Nadu,600116,13.0382,80.1565,5,2800.0,09:00-21:00,"POS,UPI,CARD",Unusual late-night transaction spikes,0.011,27,2621.51,INR,PURCHASE,UPI,MOBILE_APP,1,0,Chennai,1.0,0,0,1,DEV-MONISHA-IPHONE-15,mobile_ios,0,BEN-CUST_MONISHA_001-TRUSTED,Trusted Household Vendor,13,0,4,18,0,0,0,None,Resolved Genuine,Standard Habitual Purchase,0
TXN-CUST_MONISHA_001-11040,2026-08-27 19:57:15,2026-08-27,19:57:15,19,3,0,0,CUST_MONISHA_001,420,Chennai,Tamil Nadu,Low Risk / 3% Fraud Rate,M024,LinkWave Telecom,Telecom Retail,Fiber Broadband & Postpaid Plans,Erode,Perundurai Road,Tamil Nadu,638011,11.341,77.7172,10,1950.0,09:30-20:30,"UPI,CARD,ONLINE,POS",SIM swap bill recharge surges,0.017,42,1555.17,INR,PURCHASE,CARD,MOBILE_APP,1,0,Chennai,4.0,0,0,1,DEV-MONISHA-IPHONE-15,mobile_ios,0,BEN-CUST_MONISHA_001-TRUSTED,Trusted Household Vendor,13,0,1,9,0,0,0,None,Resolved Genuine,Standard Habitual Purchase,0
TXN-CUST_MONISHA_001-11041,2026-08-27 21:24:18,2026-08-27,21:24:18,21,3,0,0,CUST_MONISHA_001,420,Chennai,Tamil Nadu,Low Risk / 3% Fraud Rate,M013,CartNest Online,E-commerce,Multi-category Marketplace,Chennai,Guindy,Tamil Nadu,600032,13.0067,80.2026,5,6200.0,24_HOURS,"ONLINE,UPI,CARD,NETBANKING",Account takeover + triangulation shipping fraud,0.045,112,2000.24,INR,PURCHASE,NETBANKING,MOBILE_APP,0,0,Chennai,3.0,0,0,1,DEV-MONISHA-IPHONE-15,mobile_ios,0,BEN-CUST_MONISHA_001-TRUSTED,Trusted Household Vendor,4,0,1,7,0,0,0,None,Resolved Genuine,Standard Habitual Purchase,0
TXN-CUST_MONISHA_001-11042,2026-08-27 22:53:25,2026-08-27,22:53:25,22,3,0,0,CUST_MONISHA_001,420,Chennai,Tamil Nadu,Low Risk / 3% Fraud Rate,M002,CircuitBay Electronics,Consumer Electronics,Laptops & Gadgets,Chennai,Velachery,Tamil Nadu,600042,12.9759,80.2212,6,32000.0,10:00-21:30,"POS,ONLINE,EMI,UPI",Stolen payment details / high-ticket electronics delivery,0.048,120,2264.42,INR,PURCHASE,ONLINE,MOBILE_APP,1,0,Chennai,3.0,0,0,1,DEV-MONISHA-IPHONE-15,mobile_ios,0,BEN-CUST_MONISHA_001-TRUSTED,Trusted Household Vendor,4,0,2,18,0,0,0,None,Resolved Genuine,Standard Habitual Purchase,0
TXN-CUST_MONISHA_001-11043,2026-08-28 00:21:48,2026-08-28,00:21:48,0,4,0,1,CUST_MONISHA_001,420,Chennai,Tamil Nadu,Low Risk / 3% Fraud Rate,M007,SpiceRoute Kitchen,Restaurant,Fine Dining & Chettinad,Chennai,Adyar,Tamil Nadu,600020,13.0012,80.2565,7,2200.0,11:30-23:30,"POS,UPI,CARD",Cloned card POS terminal replay,0.018,45,1332.97,INR,PURCHASE,POS,MOBILE_APP,1,0,Chennai,2.0,0,0,1,DEV-MONISHA-IPHONE-15,mobile_ios,0,BEN-CUST_MONISHA_001-TRUSTED,Trusted Household Vendor,7,0,4,21,0,0,0,None,Resolved Genuine,Standard Habitual Purchase,0
TXN-CUST_MONISHA_001-11044,2026-08-28 01:46:40,2026-08-28,01:46:40,1,4,0,1,CUST_MONISHA_001,420,Chennai,Tamil Nadu,Low Risk / 3% Fraud Rate,M006,MedicoCare Pharmacy,Pharmacy,Medicines & Surgical Supplies,Madurai,KK Nagar,Tamil Nadu,625020,9.9252,78.1498,10,1450.0,24_HOURS,"POS,UPI,CARD,ONLINE",Nighttime micro card testing,0.015,37,2197.69,INR,PURCHASE,UPI,MOBILE_APP,1,0,Chennai,5.0,0,0,1,DEV-MONISHA-IPHONE-15,mobile_ios,0,BEN-CUST_MONISHA_001-TRUSTED,Trusted Household Vendor,13,0,4,22,0,0,0,None,Resolved Genuine,Standard Habitual Purchase,0
TXN-CUST_MONISHA_001-11045,2026-08-28 03:15:15,2026-08-28,03:15:15,3,4,0,1,CUST_MONISHA_001,420,Chennai,Tamil Nadu,Low Risk / 3% Fraud Rate,M016,MotoCare Garage,Auto Service,Car Service & Detailing Hub,Chennai,Pallikaranai,Tamil Nadu,600100,12.9372,80.2014,7,8900.0,08:30-20:30,"POS,UPI,CARD",Over-invoicing / synthetic card payments,0.021,52,967.24,INR,PURCHASE,UPI,MOBILE_APP,1,0,Chennai,6.0,0,0,1,DEV-MONISHA-IPHONE-15,mobile_ios,0,BEN-CUST_MONISHA_001-TRUSTED,Trusted Household Vendor,10,0,2,16,0,0,0,None,Resolved Genuine,Standard Habitual Purchase,0
TXN-CUST_MONISHA_001-11046,2026-08-28 04:41:41,2026-08-28,04:41:41,4,4,0,1,CUST_MONISHA_001,420,Chennai,Tamil Nadu,Low Risk / 3% Fraud Rate,M024,LinkWave Telecom,Telecom Retail,Fiber Broadband & Postpaid Plans,Erode,Perundurai Road,Tamil Nadu,638011,11.341,77.7172,10,1950.0,09:30-20:30,"UPI,CARD,ONLINE,POS",SIM swap bill recharge surges,0.017,42,1794.23,INR,PURCHASE,POS,MOBILE_APP,1,0,Chennai,3.0,0,0,1,DEV-MONISHA-IPHONE-15,mobile_ios,0,BEN-CUST_MONISHA_001-TRUSTED,Trusted Household Vendor,3,0,4,24,0,0,0,None,Resolved Genuine,Standard Habitual Purchase,0
TXN-CUST_MONISHA_001-11047,2026-08-28 06:10:12,2026-08-28,06:10:12,6,4,0,0,CUST_MONISHA_001,420,Chennai,Tamil Nadu,Low Risk / 3% Fraud Rate,M025,ShieldSure Services,Insurance Services,General & Health Insurance Premium,Chennai,Egmore,Tamil Nadu,600008,13.0784,80.2607,13,14000.0,09:30-18:00,"ONLINE,NETBANKING,CARD",Premium diversion / fake policy payment slips,0.019,47,2901.11,INR,PURCHASE,CARD,MOBILE_APP,0,0,Chennai,5.0,0,0,1,DEV-MONISHA-IPHONE-15,mobile_ios,0,BEN-CUST_MONISHA_001-TRUSTED,Trusted Household Vendor,11,0,2,12,0,0,0,None,Resolved Genuine,Standard Habitual Purchase,0
TXN-CUST_MONISHA_001-11048,2026-08-28 07:35:09,2026-08-28,07:35:09,7,4,0,0,CUST_MONISHA_001,420,Chennai,Tamil Nadu,Low Risk / 3% Fraud Rate,M015,HomeSphere Appliances,Home Appliances,"Refrigerators, ACs & Kitchen Tech",Coimbatore,Saibaba Colony,Tamil Nadu,641011,11.0315,76.945,9,27500.0,09:30-21:00,"POS,EMI,CARD,UPI",Carding attacks with immediate in-store pickup,0.038,95,1495.68,INR,PURCHASE,CARD,MOBILE_APP,1,0,Chennai,5.0,0,0,1,DEV-MONISHA-IPHONE-15,mobile_ios,0,BEN-CUST_MONISHA_001-TRUSTED,Trusted Household Vendor,4,0,4,20,0,0,0,None,Resolved Genuine,Standard Habitual Purchase,0
TXN-CUST_MONISHA_001-11049,2026-08-28 09:02:50,2026-08-28,09:02:50,9,4,0,0,CUST_MONISHA_001,420,Chennai,Tamil Nadu,Low Risk / 3% Fraud Rate,M007,SpiceRoute Kitchen,Restaurant,Fine Dining & Chettinad,Chennai,Adyar,Tamil Nadu,600020,13.0012,80.2565,7,2200.0,11:30-23:30,"POS,UPI,CARD",Cloned card POS terminal replay,0.018,45,1142.06,INR,PURCHASE,UPI,MOBILE_APP,1,0,Chennai,4.0,0,0,1,DEV-MONISHA-IPHONE-15,mobile_ios,0,BEN-CUST_MONISHA_001-TRUSTED,Trusted Household Vendor,10,1,3,20,0,0,0,None,Resolved Genuine,Standard Habitual Purchase,0
TXN-CUST_MONISHA_001-11050,2026-08-28 10:31:53,2026-08-28,10:31:53,10,4,0,0,CUST_MONISHA_001,420,Chennai,Tamil Nadu,Low Risk / 3% Fraud Rate,M024,LinkWave Telecom,Telecom Retail,Fiber Broadband & Postpaid Plans,Erode,Perundurai Road,Tamil Nadu,638011,11.341,77.7172,10,1950.0,09:30-20:30,"UPI,CARD,ONLINE,POS",SIM swap bill recharge surges,0.017,42,1653.16,INR,PURCHASE,UPI,MOBILE_APP,1,0,Chennai,8.0,0,0,1,DEV-MONISHA-IPHONE-15,mobile_ios,0,BEN-CUST_MONISHA_001-TRUSTED,Trusted Household Vendor,9,0,1,7,0,0,0,None,Resolved Genuine,Standard Habitual Purchase,0
TXN-CUST_MONISHA_001-11051,2026-08-28 11:57:35,2026-08-28,11:57:35,11,4,0,0,CUST_MONISHA_001,420,Chennai,Tamil Nadu,Low Risk / 3% Fraud Rate,M019,ArenaSport World,Sports Retail,Fitness Equipment & Sports Wear,Chennai,Nungambakkam,Tamil Nadu,600034,13.0604,80.2405,6,5600.0,10:00-21:30,"POS,ONLINE,UPI,CARD",Stolen card chargeback on premium sports gear,0.026,65,1159.93,INR,PURCHASE,UPI,MOBILE_APP,1,0,Chennai,13.0,0,0,1,DEV-MONISHA-IPHONE-15,mobile_ios,0,BEN-CUST_MONISHA_001-TRUSTED,Trusted Household Vendor,15,0,3,22,0,0,0,None,Resolved Genuine,Standard Habitual Purchase,0
TXN-CUST_MONISHA_001-11052,2026-08-28 13:25:15,2026-08-28,13:25:15,13,4,0,0,CUST_MONISHA_001,420,Chennai,Tamil Nadu,Low Risk / 3% Fraud Rate,M021,GlowCraft Salon,Salon / Beauty,Spa & Grooming Studio,Chennai,Porur,Tamil Nadu,600116,13.0382,80.1565,5,2800.0,09:00-21:00,"POS,UPI,CARD",Unusual late-night transaction spikes,0.011,27,2391.07,INR,PURCHASE,CARD,MOBILE_APP,1,0,Chennai,12.0,0,0,1,DEV-MONISHA-IPHONE-15,mobile_ios,0,BEN-CUST_MONISHA_001-TRUSTED,Trusted Household Vendor,9,1,4,21,0,0,0,None,Resolved Genuine,Standard Habitual Purchase,0
TXN-CUST_MONISHA_001-11053,2026-08-28 14:50:06,2026-08-28,14:50:06,14,4,0,0,CUST_MONISHA_001,420,Chennai,Tamil Nadu,Low Risk / 3% Fraud Rate,M002,CircuitBay Electronics,Consumer Electronics,Laptops & Gadgets,Chennai,Velachery,Tamil Nadu,600042,12.9759,80.2212,6,32000.0,10:00-21:30,"POS,ONLINE,EMI,UPI",Stolen payment details / high-ticket electronics delivery,0.048,120,2936.24,INR,PURCHASE,ONLINE,MOBILE_APP,1,0,Chennai,6.0,0,0,1,DEV-MONISHA-IPHONE-15,mobile_ios,0,BEN-CUST_MONISHA_001-TRUSTED,Trusted Household Vendor,14,0,1,10,0,0,0,None,Resolved Genuine,Standard Habitual Purchase,0
TXN-CUST_MONISHA_001-11054,2026-08-28 16:17:08,2026-08-28,16:17:08,16,4,0,0,CUST_MONISHA_001,420,Chennai,Tamil Nadu,Low Risk / 3% Fraud Rate,M022,SkillSpring Academy,Education / Training,Professional Certifications & Tech Bootcamps,Chennai,Mylapore,Tamil Nadu,600004,13.0368,80.2676,8,22000.0,08:30-19:30,"ONLINE,NETBANKING,CARD,UPI",Stolen corporate card enrollments,0.028,70,1124.84,INR,PURCHASE,ONLINE,MOBILE_APP,0,0,Chennai,4.0,0,0,1,DEV-MONISHA-IPHONE-15,mobile_ios,0,BEN-CUST_MONISHA_001-TRUSTED,Trusted Household Vendor,3,0,2,11,0,0,0,None,Resolved Genuine,Standard Habitual Purchase,0
TXN-CUST_MONISHA_001-11055,2026-08-28 17:44:24,2026-08-28,17:44:24,17,4,0,0,CUST_MONISHA_001,420,Chennai,Tamil Nadu,Low Risk / 3% Fraud Rate,M013,CartNest Online,E-commerce,Multi-category Marketplace,Chennai,Guindy,Tamil Nadu,600032,13.0067,80.2026,5,6200.0,24_HOURS,"ONLINE,UPI,CARD,NETBANKING",Account takeover + triangulation shipping fraud,0.045,112,1710.54,INR,PURCHASE,UPI,MOBILE_APP,0,0,Chennai,10.0,0,0,1,DEV-MONISHA-IPHONE-15,mobile_ios,0,BEN-CUST_MONISHA_001-TRUSTED,Trusted Household Vendor,11,0,1,12,0,0,0,None,Resolved Genuine,Standard Habitual Purchase,0
TXN-CUST_MONISHA_001-11056,2026-08-28 19:08:47,2026-08-28,19:08:47,19,4,0,0,CUST_MONISHA_001,420,Chennai,Tamil Nadu,Low Risk / 3% Fraud Rate,M014,OakLine Furnishings,Furniture,Teak Wood & Modern Home Decor,Madurai,Bypass Road,Tamil Nadu,625016,9.932,78.109,12,38000.0,10:00-21:00,"POS,CARD,TRANSFER,EMI",Invoice redirection fraud / fake payment slips,0.029,72,1371.72,INR,PURCHASE,TRANSFER,MOBILE_APP,1,0,Chennai,5.0,0,0,1,DEV-MONISHA-IPHONE-15,mobile_ios,0,BEN-CUST_MONISHA_001-TRUSTED,Trusted Household Vendor,12,0,4,24,0,0,0,None,Resolved Genuine,Standard Habitual Purchase,0
TXN-CUST_MONISHA_001-11057,2026-08-28 20:36:42,2026-08-28,20:36:42,20,4,0,0,CUST_MONISHA_001,420,Chennai,Tamil Nadu,Low Risk / 3% Fraud Rate,M024,LinkWave Telecom,Telecom Retail,Fiber Broadband & Postpaid Plans,Erode,Perundurai Road,Tamil Nadu,638011,11.341,77.7172,10,1950.0,09:30-20:30,"UPI,CARD,ONLINE,POS",SIM swap bill recharge surges,0.017,42,2814.44,INR,PURCHASE,ONLINE,MOBILE_APP,1,0,Chennai,2.0,0,0,1,DEV-MONISHA-IPHONE-15,mobile_ios,0,BEN-CUST_MONISHA_001-TRUSTED,Trusted Household Vendor,5,0,3,17,0,0,0,None,Resolved Genuine,Standard Habitual Purchase,0
TXN-CUST_MONISHA_001-11058,2026-08-28 22:05:41,2026-08-28,22:05:41,22,4,0,0,CUST_MONISHA_001,420,Chennai,Tamil Nadu,Low Risk / 3% Fraud Rate,M013,CartNest Online,E-commerce,Multi-category Marketplace,Chennai,Guindy,Tamil Nadu,600032,13.0067,80.2026,5,6200.0,24_HOURS,"ONLINE,UPI,CARD,NETBANKING",Account takeover + triangulation shipping fraud,0.045,112,2415.68,INR,PURCHASE,ONLINE,MOBILE_APP,0,0,Chennai,1.0,0,0,1,DEV-MONISHA-IPHONE-15,mobile_ios,0,BEN-CUST_MONISHA_001-TRUSTED,Trusted Household Vendor,3,0,4,19,0,0,0,None,Resolved Genuine,Standard Habitual Purchase,0
TXN-CUST_MONISHA_001-11059,2026-08-28 23:33:44,2026-08-28,23:33:44,23,4,0,1,CUST_MONISHA_001,420,Chennai,Tamil Nadu,Low Risk / 3% Fraud Rate,M014,OakLine Furnishings,Furniture,Teak Wood & Modern Home Decor,Madurai,Bypass Road,Tamil Nadu,625016,9.932,78.109,12,38000.0,10:00-21:00,"POS,CARD,TRANSFER,EMI",Invoice redirection fraud / fake payment slips,0.029,72,2008.41,INR,PURCHASE,CARD,MOBILE_APP,1,0,Chennai,11.0,0,0,1,DEV-MONISHA-IPHONE-15,mobile_ios,0,BEN-CUST_MONISHA_001-TRUSTED,Trusted Household Vendor,5,0,4,23,0,0,0,None,Resolved Genuine,Standard Habitual Purchase,0
TXN-CUST_MONISHA_001-11060,2026-08-29 00:58:15,2026-08-29,00:58:15,0,5,1,1,CUST_MONISHA_001,420,Chennai,Tamil Nadu,Low Risk / 3% Fraud Rate,M005,UrbanThread Studio,Fashion / Apparel,Designer & Ready-to-wear,Chennai,Anna Nagar,Tamil Nadu,600040,13.085,80.2101,5,4800.0,10:30-22:00,"POS,ONLINE,UPI,CARD",Refund abuse / credential stuffing,0.022,55,1243.37,INR,PURCHASE,ONLINE,MOBILE_APP,1,0,Chennai,3.0,0,0,1,DEV-MONISHA-IPHONE-15,mobile_ios,0,BEN-CUST_MONISHA_001-TRUSTED,Trusted Household Vendor,10,0,1,8,0,0,0,None,Resolved Genuine,Standard Habitual Purchase,0
TXN-CUST_MONISHA_001-11061,2026-08-29 02:22:51,2026-08-29,02:22:51,2,5,1,1,CUST_MONISHA_001,420,Chennai,Tamil Nadu,Low Risk / 3% Fraud Rate,M024,LinkWave Telecom,Telecom Retail,Fiber Broadband & Postpaid Plans,Erode,Perundurai Road,Tamil Nadu,638011,11.341,77.7172,10,1950.0,09:30-20:30,"UPI,CARD,ONLINE,POS",SIM swap bill recharge surges,0.017,42,1207.59,INR,PURCHASE,UPI,MOBILE_APP,1,0,Chennai,13.0,0,0,1,DEV-MONISHA-IPHONE-15,mobile_ios,0,BEN-CUST_MONISHA_001-TRUSTED,Trusted Household Vendor,10,1,4,20,0,0,0,None,Resolved Genuine,Standard Habitual Purchase,0
TXN-CUST_MONISHA_001-11062,2026-08-29 03:46:44,2026-08-29,03:46:44,3,5,1,1,CUST_MONISHA_001,420,Chennai,Tamil Nadu,Low Risk / 3% Fraud Rate,M003,Pulse Mobile Hub,Mobile Store,Smartphones & Accessories,Chennai,Tambaram,Tamil Nadu,600045,12.9249,80.1278,4,18500.0,09:30-21:30,"POS,UPI,CARD",New device abuse / rapid checkout surge,0.035,87,1663.88,INR,PURCHASE,POS,MOBILE_APP,1,0,Chennai,5.0,0,0,1,DEV-MONISHA-IPHONE-15,mobile_ios,0,BEN-CUST_MONISHA_001-TRUSTED,Trusted Household Vendor,12,1,1,13,0,0,0,None,Resolved Genuine,Standard Habitual Purchase,0
TXN-CUST_MONISHA_001-11063,2026-08-29 05:13:02,2026-08-29,05:13:02,5,5,1,1,CUST_MONISHA_001,420,Chennai,Tamil Nadu,Low Risk / 3% Fraud Rate,M025,ShieldSure Services,Insurance Services,General & Health Insurance Premium,Chennai,Egmore,Tamil Nadu,600008,13.0784,80.2607,13,14000.0,09:30-18:00,"ONLINE,NETBANKING,CARD",Premium diversion / fake policy payment slips,0.019,47,1015.89,INR,PURCHASE,CARD,MOBILE_APP,0,0,Chennai,1.0,0,0,1,DEV-MONISHA-IPHONE-15,mobile_ios,0,BEN-CUST_MONISHA_001-TRUSTED,Trusted Household Vendor,13,0,1,6,0,0,0,None,Resolved Genuine,Standard Habitual Purchase,0
TXN-CUST_MONISHA_001-11064,2026-08-29 06:37:01,2026-08-29,06:37:01,6,5,1,0,CUST_MONISHA_001,420,Chennai,Tamil Nadu,Low Risk / 3% Fraud Rate,M017,AutoForge Parts,Spare Parts,OEM Industrial & Auto Components,Hosur,Mookandapalli,Tamil Nadu,635126,12.7409,77.8253,15,16500.0,09:00-19:30,"TRANSFER,POS,CARD",Business email compromise / fake beneficiary update,0.033,82,2632.78,INR,PURCHASE,POS,MOBILE_APP,1,0,Chennai,7.0,0,0,1,DEV-MONISHA-IPHONE-15,mobile_ios,0,BEN-CUST_MONISHA_001-TRUSTED,Trusted Household Vendor,10,0,3,19,0,0,0,None,Resolved Genuine,Standard Habitual Purchase,0
TXN-CUST_MONISHA_001-11065,2026-08-29 08:04:03,2026-08-29,08:04:03,8,5,1,0,CUST_MONISHA_001,420,Chennai,Tamil Nadu,Low Risk / 3% Fraud Rate,M011,SkyTrail Travels,Travel Agency,Flight & International Tour Packages,Coimbatore,Gandhipuram,Tamil Nadu,641012,11.0183,76.9664,11,44000.0,09:00-20:00,"ONLINE,TRANSFER,CARD",Mule-account ticket arbitrage & fast cancellation fraud,0.052,130,1647.64,INR,PURCHASE,TRANSFER,MOBILE_APP,0,0,Chennai,15.0,0,0,1,DEV-MONISHA-IPHONE-15,mobile_ios,0,BEN-CUST_MONISHA_001-TRUSTED,Trusted Household Vendor,6,0,3,20,0,0,0,None,Resolved Genuine,Standard Habitual Purchase,0
TXN-CUST_MONISHA_001-11066,2026-08-29 09:29:43,2026-08-29,09:29:43,9,5,1,0,CUST_MONISHA_001,420,Chennai,Tamil Nadu,Low Risk / 3% Fraud Rate,M002,CircuitBay Electronics,Consumer Electronics,Laptops & Gadgets,Chennai,Velachery,Tamil Nadu,600042,12.9759,80.2212,6,32000.0,10:00-21:30,"POS,ONLINE,EMI,UPI",Stolen payment details / high-ticket electronics delivery,0.048,120,3062.21,INR,PURCHASE,UPI,MOBILE_APP,1,0,Chennai,14.0,0,0,1,DEV-MONISHA-IPHONE-15,mobile_ios,0,BEN-CUST_MONISHA_001-TRUSTED,Trusted Household Vendor,3,0,1,12,0,0,0,None,Resolved Genuine,Standard Habitual Purchase,0
TXN-CUST_MONISHA_001-11067,2026-08-29 10:57:28,2026-08-29,10:57:28,10,5,1,0,CUST_MONISHA_001,420,Chennai,Tamil Nadu,Low Risk / 3% Fraud Rate,M029,CloudDesk Digital,Software / Digital Services,Cloud Infrastructure & SaaS Tools,Bengaluru,Whitefield,Karnataka,560066,12.9698,77.7499,7,19800.0,24_HOURS,"ONLINE,CARD,TRANSFER",Cryptomining VM rental with stolen credit cards,0.058,145,2944.59,INR,PURCHASE,ONLINE,MOBILE_APP,0,0,Chennai,1.0,0,0,1,DEV-MONISHA-IPHONE-15,mobile_ios,0,BEN-CUST_MONISHA_001-TRUSTED,Trusted Household Vendor,14,0,3,19,0,0,0,None,Resolved Genuine,Standard Habitual Purchase,0
TXN-CUST_MONISHA_001-11068,2026-08-29 12:23:35,2026-08-29,12:23:35,12,5,1,0,CUST_MONISHA_001,420,Chennai,Tamil Nadu,Low Risk / 3% Fraud Rate,M022,SkillSpring Academy,Education / Training,Professional Certifications & Tech Bootcamps,Chennai,Mylapore,Tamil Nadu,600004,13.0368,80.2676,8,22000.0,08:30-19:30,"ONLINE,NETBANKING,CARD,UPI",Stolen corporate card enrollments,0.028,70,2321.77,INR,PURCHASE,CARD,MOBILE_APP,0,0,Chennai,8.0,0,0,1,DEV-MONISHA-IPHONE-15,mobile_ios,0,BEN-CUST_MONISHA_001-TRUSTED,Trusted Household Vendor,3,0,2,10,0,0,0,None,Resolved Genuine,Standard Habitual Purchase,0
TXN-CUST_MONISHA_001-11069,2026-08-29 13:50:47,2026-08-29,13:50:47,13,5,1,0,CUST_MONISHA_001,420,Chennai,Tamil Nadu,Low Risk / 3% Fraud Rate,M028,CraftCove Home Decor,Home Decor,Handicrafts & Art Pieces,Thanjavur,Medical College Road,Tamil Nadu,613004,10.7684,79.1245,8,7400.0,09:30-20:30,"POS,UPI,CARD,ONLINE",Cross-border tourist chargebacks,0.023,57,887.07,INR,PURCHASE,ONLINE,MOBILE_APP,1,0,Chennai,13.0,0,0,1,DEV-MONISHA-IPHONE-15,mobile_ios,0,BEN-CUST_MONISHA_001-TRUSTED,Trusted Household Vendor,6,0,4,24,0,0,0,None,Resolved Genuine,Standard Habitual Purchase,0
TXN-CUST_MONISHA_001-11070,2026-08-29 15:18:37,2026-08-29,15:18:37,15,5,1,0,CUST_MONISHA_001,420,Chennai,Tamil Nadu,Low Risk / 3% Fraud Rate,M026,GreenLeaf Wellness,Health & Wellness,Organic Nutrition & Ayurveda,Trichy,Srirangam,Tamil Nadu,620006,10.8624,78.6947,6,2100.0,08:00-21:00,"POS,UPI,ONLINE,CARD",Subscription card stuffing,0.013,32,970.4,INR,PURCHASE,POS,MOBILE_APP,1,0,Chennai,7.0,0,0,1,DEV-MONISHA-IPHONE-15,mobile_ios,0,BEN-CUST_MONISHA_001-TRUSTED,Trusted Household Vendor,13,0,4,24,0,0,0,None,Resolved Genuine,Standard Habitual Purchase,0
TXN-CUST_MONISHA_001-11071,2026-08-29 16:43:47,2026-08-29,16:43:47,16,5,1,0,CUST_MONISHA_001,420,Chennai,Tamil Nadu,Low Risk / 3% Fraud Rate,M007,SpiceRoute Kitchen,Restaurant,Fine Dining & Chettinad,Chennai,Adyar,Tamil Nadu,600020,13.0012,80.2565,7,2200.0,11:30-23:30,"POS,UPI,CARD",Cloned card POS terminal replay,0.018,45,2445.94,INR,PURCHASE,UPI,MOBILE_APP,1,0,Chennai,14.0,0,0,1,DEV-MONISHA-IPHONE-15,mobile_ios,0,BEN-CUST_MONISHA_001-TRUSTED,Trusted Household Vendor,5,0,1,7,0,0,0,None,Resolved Genuine,Standard Habitual Purchase,0
TXN-CUST_MONISHA_001-11072,2026-08-29 18:08:59,2026-08-29,18:08:59,18,5,1,0,CUST_MONISHA_001,420,Chennai,Tamil Nadu,Low Risk / 3% Fraud Rate,M022,SkillSpring Academy,Education / Training,Professional Certifications & Tech Bootcamps,Chennai,Mylapore,Tamil Nadu,600004,13.0368,80.2676,8,22000.0,08:30-19:30,"ONLINE,NETBANKING,CARD,UPI",Stolen corporate card enrollments,0.028,70,3111.35,INR,PURCHASE,UPI,MOBILE_APP,0,0,Chennai,14.0,0,0,1,DEV-MONISHA-IPHONE-15,mobile_ios,0,BEN-CUST_MONISHA_001-TRUSTED,Trusted Household Vendor,4,0,4,26,0,0,0,None,Resolved Genuine,Standard Habitual Purchase,0
TXN-CUST_MONISHA_001-11073,2026-08-29 19:33:50,2026-08-29,19:33:50,19,5,1,0,CUST_MONISHA_001,420,Chennai,Tamil Nadu,Low Risk / 3% Fraud Rate,M007,SpiceRoute Kitchen,Restaurant,Fine Dining & Chettinad,Chennai,Adyar,Tamil Nadu,600020,13.0012,80.2565,7,2200.0,11:30-23:30,"POS,UPI,CARD",Cloned card POS terminal replay,0.018,45,1178.81,INR,PURCHASE,CARD,MOBILE_APP,1,0,Chennai,11.0,0,0,1,DEV-MONISHA-IPHONE-15,mobile_ios,0,BEN-CUST_MONISHA_001-TRUSTED,Trusted Household Vendor,9,0,1,6,0,0,0,None,Resolved Genuine,Standard Habitual Purchase,0
TXN-CUST_MONISHA_001-11074,2026-08-29 20:58:12,2026-08-29,20:58:12,20,5,1,0,CUST_MONISHA_001,420,Chennai,Tamil Nadu,Low Risk / 3% Fraud Rate,M011,SkyTrail Travels,Travel Agency,Flight & International Tour Packages,Coimbatore,Gandhipuram,Tamil Nadu,641012,11.0183,76.9664,11,44000.0,09:00-20:00,"ONLINE,TRANSFER,CARD",Mule-account ticket arbitrage & fast cancellation fraud,0.052,130,2892.2,INR,PURCHASE,TRANSFER,MOBILE_APP,0,0,Chennai,13.0,0,0,1,DEV-MONISHA-IPHONE-15,mobile_ios,0,BEN-CUST_MONISHA_001-TRUSTED,Trusted Household Vendor,13,0,3,15,0,0,0,None,Resolved Genuine,Standard Habitual Purchase,0
TXN-CUST_MONISHA_001-11075,2026-08-29 22:25:35,2026-08-29,22:25:35,22,5,1,0,CUST_MONISHA_001,420,Chennai,Tamil Nadu,Low Risk / 3% Fraud Rate,M018,PageTurn Book House,Bookstore,"Academic, Fiction & Stationery",Trichy,Thillai Nagar,Tamil Nadu,620018,10.8282,78.6854,16,850.0,09:00-21:30,"POS,UPI,CARD,ONLINE",Low-value card testing bots,0.008,20,2262.5,INR,PURCHASE,POS,MOBILE_APP,1,0,Chennai,8.0,0,0,1,DEV-MONISHA-IPHONE-15,mobile_ios,0,BEN-CUST_MONISHA_001-TRUSTED,Trusted Household Vendor,6,1,3,19,0,0,0,None,Resolved Genuine,Standard Habitual Purchase,0
TXN-CUST_MONISHA_001-11076,2026-08-29 23:51:15,2026-08-29,23:51:15,23,5,1,1,CUST_MONISHA_001,420,Chennai,Tamil Nadu,Low Risk / 3% Fraud Rate,M023,SwiftBox Logistics,Courier / Logistics,Express Parcel & Freight Delivery,Tiruppur,Avinashi Road,Tamil Nadu,641603,11.1085,77.3411,9,4200.0,08:00-21:00,"POS,UPI,CARD,ONLINE",Interception fraud / address redirection,0.02,50,2518.54,INR,PURCHASE,UPI,MOBILE_APP,1,0,Chennai,12.0,0,0,1,DEV-MONISHA-IPHONE-15,mobile_ios,0,BEN-CUST_MONISHA_001-TRUSTED,Trusted Household Vendor,15,0,4,21,0,0,0,None,Resolved Genuine,Standard Habitual Purchase,0
TXN-CUST_MONISHA_001-11077,2026-08-30 01:16:12,2026-08-30,01:16:12,1,6,1,1,CUST_MONISHA_001,420,Chennai,Tamil Nadu,Low Risk / 3% Fraud Rate,M010,HarborView Residency,Hotel / Hospitality,Business & Luxury Hotel,Chennai,OMR,Tamil Nadu,600096,12.9165,80.2285,6,9500.0,24_HOURS,"ONLINE,POS,CARD,TRANSFER",Online travel booking fraud with stolen corporate credentials,0.041,102,985.17,INR,PURCHASE,ONLINE,MOBILE_APP,1,0,Chennai,2.0,0,0,1,DEV-MONISHA-IPHONE-15,mobile_ios,0,BEN-CUST_MONISHA_001-TRUSTED,Trusted Household Vendor,14,0,2,15,0,0,0,None,Resolved Genuine,Standard Habitual Purchase,0
TXN-CUST_MONISHA_001-11078,2026-08-30 02:40:22,2026-08-30,02:40:22,2,6,1,1,CUST_MONISHA_001,420,Chennai,Tamil Nadu,Low Risk / 3% Fraud Rate,M011,SkyTrail Travels,Travel Agency,Flight & International Tour Packages,Coimbatore,Gandhipuram,Tamil Nadu,641012,11.0183,76.9664,11,44000.0,09:00-20:00,"ONLINE,TRANSFER,CARD",Mule-account ticket arbitrage & fast cancellation fraud,0.052,130,3012.52,INR,PURCHASE,CARD,MOBILE_APP,0,0,Chennai,10.0,0,0,1,DEV-MONISHA-IPHONE-15,mobile_ios,0,BEN-CUST_MONISHA_001-TRUSTED,Trusted Household Vendor,3,0,3,22,0,0,0,None,Resolved Genuine,Standard Habitual Purchase,0
TXN-CUST_MONISHA_001-11079,2026-08-30 04:04:55,2026-08-30,04:04:55,4,6,1,1,CUST_MONISHA_001,420,Chennai,Tamil Nadu,Low Risk / 3% Fraud Rate,M013,CartNest Online,E-commerce,Multi-category Marketplace,Chennai,Guindy,Tamil Nadu,600032,13.0067,80.2026,5,6200.0,24_HOURS,"ONLINE,UPI,CARD,NETBANKING",Account takeover + triangulation shipping fraud,0.045,112,3072.85,INR,PURCHASE,UPI,MOBILE_APP,0,0,Chennai,6.0,0,0,1,DEV-MONISHA-IPHONE-15,mobile_ios,0,BEN-CUST_MONISHA_001-TRUSTED,Trusted Household Vendor,11,0,2,11,0,0,0,None,Resolved Genuine,Standard Habitual Purchase,0
TXN-CUST_MONISHA_001-11080,2026-08-30 05:30:41,2026-08-30,05:30:41,5,6,1,1,CUST_MONISHA_001,420,Chennai,Tamil Nadu,Low Risk / 3% Fraud Rate,M018,PageTurn Book House,Bookstore,"Academic, Fiction & Stationery",Trichy,Thillai Nagar,Tamil Nadu,620018,10.8282,78.6854,16,850.0,09:00-21:30,"POS,UPI,CARD,ONLINE",Low-value card testing bots,0.008,20,2774.53,INR,PURCHASE,ONLINE,MOBILE_APP,1,0,Chennai,6.0,0,0,1,DEV-MONISHA-IPHONE-15,mobile_ios,0,BEN-CUST_MONISHA_001-TRUSTED,Trusted Household Vendor,6,1,3,21,0,0,0,None,Resolved Genuine,Standard Habitual Purchase,0
TXN-CUST_MONISHA_001-11081,2026-08-30 06:54:58,2026-08-30,06:54:58,6,6,1,0,CUST_MONISHA_001,420,Chennai,Tamil Nadu,Low Risk / 3% Fraud Rate,M010,HarborView Residency,Hotel / Hospitality,Business & Luxury Hotel,Chennai,OMR,Tamil Nadu,600096,12.9165,80.2285,6,9500.0,24_HOURS,"ONLINE,POS,CARD,TRANSFER",Online travel booking fraud with stolen corporate credentials,0.041,102,1121.34,INR,PURCHASE,CARD,MOBILE_APP,1,0,Chennai,11.0,0,0,1,DEV-MONISHA-IPHONE-15,mobile_ios,0,BEN-CUST_MONISHA_001-TRUSTED,Trusted Household Vendor,12,0,1,10,0,0,0,None,Resolved Genuine,Standard Habitual Purchase,0
TXN-CUST_MONISHA_001-11082,2026-08-30 08:21:23,2026-08-30,08:21:23,8,6,1,0,CUST_MONISHA_001,420,Chennai,Tamil Nadu,Low Risk / 3% Fraud Rate,M023,SwiftBox Logistics,Courier / Logistics,Express Parcel & Freight Delivery,Tiruppur,Avinashi Road,Tamil Nadu,641603,11.1085,77.3411,9,4200.0,08:00-21:00,"POS,UPI,CARD,ONLINE",Interception fraud / address redirection,0.02,50,1068.91,INR,PURCHASE,UPI,MOBILE_APP,1,0,Chennai,14.0,0,0,1,DEV-MONISHA-IPHONE-15,mobile_ios,0,BEN-CUST_MONISHA_001-TRUSTED,Trusted Household Vendor,13,0,4,25,0,0,0,None,Resolved Genuine,Standard Habitual Purchase,0
TXN-CUST_MONISHA_001-11083,2026-08-30 09:46:32,2026-08-30,09:46:32,9,6,1,0,CUST_MONISHA_001,420,Chennai,Tamil Nadu,Low Risk / 3% Fraud Rate,M013,CartNest Online,E-commerce,Multi-category Marketplace,Chennai,Guindy,Tamil Nadu,600032,13.0067,80.2026,5,6200.0,24_HOURS,"ONLINE,UPI,CARD,NETBANKING",Account takeover + triangulation shipping fraud,0.045,112,917.62,INR,PURCHASE,UPI,MOBILE_APP,0,0,Chennai,13.0,0,0,1,DEV-MONISHA-IPHONE-15,mobile_ios,0,BEN-CUST_MONISHA_001-TRUSTED,Trusted Household Vendor,14,0,2,10,0,0,0,None,Resolved Genuine,Standard Habitual Purchase,0
TXN-CUST_MONISHA_001-11084,2026-08-30 11:15:28,2026-08-30,11:15:28,11,6,1,0,CUST_MONISHA_001,420,Chennai,Tamil Nadu,Low Risk / 3% Fraud Rate,M025,ShieldSure Services,Insurance Services,General & Health Insurance Premium,Chennai,Egmore,Tamil Nadu,600008,13.0784,80.2607,13,14000.0,09:30-18:00,"ONLINE,NETBANKING,CARD",Premium diversion / fake policy payment slips,0.019,47,1198.91,INR,PURCHASE,ONLINE,MOBILE_APP,0,0,Chennai,8.0,0,0,1,DEV-MONISHA-IPHONE-15,mobile_ios,0,BEN-CUST_MONISHA_001-TRUSTED,Trusted Household Vendor,13,0,3,14,0,0,0,None,Resolved Genuine,Standard Habitual Purchase,0
TXN-CUST_MONISHA_001-11085,2026-08-30 12:42:09,2026-08-30,12:42:09,12,6,1,0,CUST_MONISHA_001,420,Chennai,Tamil Nadu,Low Risk / 3% Fraud Rate,M011,SkyTrail Travels,Travel Agency,Flight & International Tour Packages,Coimbatore,Gandhipuram,Tamil Nadu,641012,11.0183,76.9664,11,44000.0,09:00-20:00,"ONLINE,TRANSFER,CARD",Mule-account ticket arbitrage & fast cancellation fraud,0.052,130,1768.5,INR,PURCHASE,ONLINE,MOBILE_APP,0,0,Chennai,8.0,0,0,1,DEV-MONISHA-IPHONE-15,mobile_ios,0,BEN-CUST_MONISHA_001-TRUSTED,Trusted Household Vendor,9,0,4,26,0,0,0,None,Resolved Genuine,Standard Habitual Purchase,0
TXN-CUST_MONISHA_001-11086,2026-08-30 14:09:55,2026-08-30,14:09:55,14,6,1,0,CUST_MONISHA_001,420,Chennai,Tamil Nadu,Low Risk / 3% Fraud Rate,M010,HarborView Residency,Hotel / Hospitality,Business & Luxury Hotel,Chennai,OMR,Tamil Nadu,600096,12.9165,80.2285,6,9500.0,24_HOURS,"ONLINE,POS,CARD,TRANSFER",Online travel booking fraud with stolen corporate credentials,0.041,102,2409.52,INR,PURCHASE,POS,MOBILE_APP,1,0,Chennai,4.0,0,0,1,DEV-MONISHA-IPHONE-15,mobile_ios,0,BEN-CUST_MONISHA_001-TRUSTED,Trusted Household Vendor,4,0,4,23,0,0,0,None,Resolved Genuine,Standard Habitual Purchase,0
TXN-CUST_MONISHA_001-11087,2026-08-30 15:37:50,2026-08-30,15:37:50,15,6,1,0,CUST_MONISHA_001,420,Chennai,Tamil Nadu,Low Risk / 3% Fraud Rate,M019,ArenaSport World,Sports Retail,Fitness Equipment & Sports Wear,Chennai,Nungambakkam,Tamil Nadu,600034,13.0604,80.2405,6,5600.0,10:00-21:30,"POS,ONLINE,UPI,CARD",Stolen card chargeback on premium sports gear,0.026,65,2806.1,INR,PURCHASE,ONLINE,MOBILE_APP,1,0,Chennai,1.0,0,0,1,DEV-MONISHA-IPHONE-15,mobile_ios,0,BEN-CUST_MONISHA_001-TRUSTED,Trusted Household Vendor,10,0,3,16,0,0,0,None,Resolved Genuine,Standard Habitual Purchase,0
TXN-CUST_MONISHA_001-11088,2026-08-30 17:03:53,2026-08-30,17:03:53,17,6,1,0,CUST_MONISHA_001,420,Chennai,Tamil Nadu,Low Risk / 3% Fraud Rate,M016,MotoCare Garage,Auto Service,Car Service & Detailing Hub,Chennai,Pallikaranai,Tamil Nadu,600100,12.9372,80.2014,7,8900.0,08:30-20:30,"POS,UPI,CARD",Over-invoicing / synthetic card payments,0.021,52,1461.13,INR,PURCHASE,CARD,MOBILE_APP,1,0,Chennai,3.0,0,0,1,DEV-MONISHA-IPHONE-15,mobile_ios,0,BEN-CUST_MONISHA_001-TRUSTED,Trusted Household Vendor,14,0,2,10,0,0,0,None,Resolved Genuine,Standard Habitual Purchase,0
TXN-CUST_MONISHA_001-11089,2026-08-30 18:29:27,2026-08-30,18:29:27,18,6,1,0,CUST_MONISHA_001,420,Chennai,Tamil Nadu,Low Risk / 3% Fraud Rate,M028,CraftCove Home Decor,Home Decor,Handicrafts & Art Pieces,Thanjavur,Medical College Road,Tamil Nadu,613004,10.7684,79.1245,8,7400.0,09:30-20:30,"POS,UPI,CARD,ONLINE",Cross-border tourist chargebacks,0.023,57,2127.1,INR,PURCHASE,ONLINE,MOBILE_APP,1,0,Chennai,11.0,0,0,1,DEV-MONISHA-IPHONE-15,mobile_ios,0,BEN-CUST_MONISHA_001-TRUSTED,Trusted Household Vendor,9,0,2,12,0,0,0,None,Resolved Genuine,Standard Habitual Purchase,0
TXN-CUST_MONISHA_001-11090,2026-08-30 19:58:25,2026-08-30,19:58:25,19,6,1,0,CUST_MONISHA_001,420,Chennai,Tamil Nadu,Low Risk / 3% Fraud Rate,M004,Aurelia Gold House,Jewellery,Gold & Diamond Jewellery,Coimbatore,RS Puram,Tamil Nadu,641002,11.0089,76.9514,14,78000.0,10:00-20:30,"POS,CARD,TRANSFER",Account takeover / card-not-present luxury surge,0.065,162,1612.07,INR,PURCHASE,TRANSFER,MOBILE_APP,1,0,Chennai,8.0,0,0,1,DEV-MONISHA-IPHONE-15,mobile_ios,0,BEN-CUST_MONISHA_001-TRUSTED,Trusted Household Vendor,4,1,1,11,0,0,0,None,Resolved Genuine,Standard Habitual Purchase,0
TXN-CUST_MONISHA_001-11091,2026-08-30 21:25:22,2026-08-30,21:25:22,21,6,1,0,CUST_MONISHA_001,420,Chennai,Tamil Nadu,Low Risk / 3% Fraud Rate,M005,UrbanThread Studio,Fashion / Apparel,Designer & Ready-to-wear,Chennai,Anna Nagar,Tamil Nadu,600040,13.085,80.2101,5,4800.0,10:30-22:00,"POS,ONLINE,UPI,CARD",Refund abuse / credential stuffing,0.022,55,2247.12,INR,PURCHASE,CARD,MOBILE_APP,1,0,Chennai,7.0,0,0,1,DEV-MONISHA-IPHONE-15,mobile_ios,0,BEN-CUST_MONISHA_001-TRUSTED,Trusted Household Vendor,6,0,1,13,0,0,0,None,Resolved Genuine,Standard Habitual Purchase,0
TXN-CUST_MONISHA_001-11092,2026-08-30 22:50:35,2026-08-30,22:50:35,22,6,1,0,CUST_MONISHA_001,420,Chennai,Tamil Nadu,Low Risk / 3% Fraud Rate,M020,GameGrid Arena,Gaming,"Esports, Consoles & Virtual Credits",Bengaluru,Koramangala,Karnataka,560095,12.9352,77.6245,4,3400.0,10:00-01:00,"ONLINE,UPI,CARD,WALLET",Virtual item laundering & bot-driven micro transactions,0.055,137,3013.66,INR,PURCHASE,WALLET,MOBILE_APP,0,0,Chennai,11.0,0,0,1,DEV-MONISHA-IPHONE-15,mobile_ios,0,BEN-CUST_MONISHA_001-TRUSTED,Trusted Household Vendor,15,0,1,12,0,0,0,None,Resolved Genuine,Standard Habitual Purchase,0
TXN-CUST_MONISHA_001-11093,2026-08-31 00:15:38,2026-08-31,00:15:38,0,0,0,1,CUST_MONISHA_001,420,Chennai,Tamil Nadu,Low Risk / 3% Fraud Rate,M021,GlowCraft Salon,Salon / Beauty,Spa & Grooming Studio,Chennai,Porur,Tamil Nadu,600116,13.0382,80.1565,5,2800.0,09:00-21:00,"POS,UPI,CARD",Unusual late-night transaction spikes,0.011,27,1821.58,INR,PURCHASE,UPI,MOBILE_APP,1,0,Chennai,1.0,0,0,1,DEV-MONISHA-IPHONE-15,mobile_ios,0,BEN-CUST_MONISHA_001-TRUSTED,Trusted Household Vendor,4,1,1,14,0,0,0,None,Resolved Genuine,Standard Habitual Purchase,0
TXN-CUST_MONISHA_001-11094,2026-08-31 01:40:23,2026-08-31,01:40:23,1,0,0,1,CUST_MONISHA_001,420,Chennai,Tamil Nadu,Low Risk / 3% Fraud Rate,M019,ArenaSport World,Sports Retail,Fitness Equipment & Sports Wear,Chennai,Nungambakkam,Tamil Nadu,600034,13.0604,80.2405,6,5600.0,10:00-21:30,"POS,ONLINE,UPI,CARD",Stolen card chargeback on premium sports gear,0.026,65,2120.78,INR,PURCHASE,ONLINE,MOBILE_APP,1,0,Chennai,10.0,0,0,1,DEV-MONISHA-IPHONE-15,mobile_ios,0,BEN-CUST_MONISHA_001-TRUSTED,Trusted Household Vendor,15,0,1,12,0,0,0,None,Resolved Genuine,Standard Habitual Purchase,0
TXN-CUST_MONISHA_001-11095,2026-08-31 03:06:42,2026-08-31,03:06:42,3,0,0,1,CUST_MONISHA_001,420,Chennai,Tamil Nadu,Low Risk / 3% Fraud Rate,M021,GlowCraft Salon,Salon / Beauty,Spa & Grooming Studio,Chennai,Porur,Tamil Nadu,600116,13.0382,80.1565,5,2800.0,09:00-21:00,"POS,UPI,CARD",Unusual late-night transaction spikes,0.011,27,2424.4,INR,PURCHASE,POS,MOBILE_APP,1,0,Chennai,5.0,0,0,1,DEV-MONISHA-IPHONE-15,mobile_ios,0,BEN-CUST_MONISHA_001-TRUSTED,Trusted Household Vendor,8,0,1,14,0,0,0,None,Resolved Genuine,Standard Habitual Purchase,0
TXN-CUST_MONISHA_001-11096,2026-08-31 04:31:12,2026-08-31,04:31:12,4,0,0,1,CUST_MONISHA_001,420,Chennai,Tamil Nadu,Low Risk / 3% Fraud Rate,M027,BrickHarbor Realty,Real Estate / Property Services,Rental Escrow & Facility Management,Chennai,Porur,Tamil Nadu,600116,13.035,80.16,11,65000.0,09:00-19:00,"TRANSFER,NETBANKING,CARD",Security deposit phishing / escrow hijacking,0.039,97,2419.74,INR,PURCHASE,CARD,MOBILE_APP,0,0,Chennai,7.0,0,0,1,DEV-MONISHA-IPHONE-15,mobile_ios,0,BEN-CUST_MONISHA_001-TRUSTED,Trusted Household Vendor,4,0,4,26,0,0,0,None,Resolved Genuine,Standard Habitual Purchase,0
TXN-CUST_MONISHA_001-11097,2026-08-31 05:58:53,2026-08-31,05:58:53,5,0,0,1,CUST_MONISHA_001,420,Chennai,Tamil Nadu,Low Risk / 3% Fraud Rate,M026,GreenLeaf Wellness,Health & Wellness,Organic Nutrition & Ayurveda,Trichy,Srirangam,Tamil Nadu,620006,10.8624,78.6947,6,2100.0,08:00-21:00,"POS,UPI,ONLINE,CARD",Subscription card stuffing,0.013,32,2304.98,INR,PURCHASE,UPI,MOBILE_APP,1,0,Chennai,13.0,0,0,1,DEV-MONISHA-IPHONE-15,mobile_ios,0,BEN-CUST_MONISHA_001-TRUSTED,Trusted Household Vendor,5,0,1,6,0,0,0,None,Resolved Genuine,Standard Habitual Purchase,0
TXN-CUST_MONISHA_001-11098,2026-08-31 07:25:37,2026-08-31,07:25:37,7,0,0,0,CUST_MONISHA_001,420,Chennai,Tamil Nadu,Low Risk / 3% Fraud Rate,M026,GreenLeaf Wellness,Health & Wellness,Organic Nutrition & Ayurveda,Trichy,Srirangam,Tamil Nadu,620006,10.8624,78.6947,6,2100.0,08:00-21:00,"POS,UPI,ONLINE,CARD",Subscription card stuffing,0.013,32,1515.45,INR,PURCHASE,UPI,MOBILE_APP,1,0,Chennai,1.0,0,0,1,DEV-MONISHA-IPHONE-15,mobile_ios,0,BEN-CUST_MONISHA_001-TRUSTED,Trusted Household Vendor,13,1,2,11,0,0,0,None,Resolved Genuine,Standard Habitual Purchase,0
TXN-CUST_MONISHA_001-11099,2026-08-31 08:52:23,2026-08-31,08:52:23,8,0,0,0,CUST_MONISHA_001,420,Chennai,Tamil Nadu,Low Risk / 3% Fraud Rate,M028,CraftCove Home Decor,Home Decor,Handicrafts & Art Pieces,Thanjavur,Medical College Road,Tamil Nadu,613004,10.7684,79.1245,8,7400.0,09:30-20:30,"POS,UPI,CARD,ONLINE",Cross-border tourist chargebacks,0.023,57,2542.18,INR,PURCHASE,UPI,MOBILE_APP,1,0,Chennai,2.0,0,0,1,DEV-MONISHA-IPHONE-15,mobile_ios,0,BEN-CUST_MONISHA_001-TRUSTED,Trusted Household Vendor,8,0,3,20,0,0,0,None,Resolved Genuine,Standard Habitual Purchase,0
TXN-CUST_MONISHA_001-11100,2026-08-31 10:21:39,2026-08-31,10:21:39,10,0,0,0,CUST_MONISHA_001,420,Chennai,Tamil Nadu,Low Risk / 3% Fraud Rate,M022,SkillSpring Academy,Education / Training,Professional Certifications & Tech Bootcamps,Chennai,Mylapore,Tamil Nadu,600004,13.0368,80.2676,8,22000.0,08:30-19:30,"ONLINE,NETBANKING,CARD,UPI",Stolen corporate card enrollments,0.028,70,780.2,INR,PURCHASE,UPI,MOBILE_APP,0,0,Chennai,5.0,0,0,1,DEV-MONISHA-IPHONE-15,mobile_ios,0,BEN-CUST_MONISHA_001-TRUSTED,Trusted Household Vendor,13,1,3,16,0,0,0,None,Resolved Genuine,Standard Habitual Purchase,0
TXN-CUST_MONISHA_001-11101,2026-08-31 11:48:31,2026-08-31,11:48:31,11,0,0,0,CUST_MONISHA_001,420,Chennai,Tamil Nadu,Low Risk / 3% Fraud Rate,M023,SwiftBox Logistics,Courier / Logistics,Express Parcel & Freight Delivery,Tiruppur,Avinashi Road,Tamil Nadu,641603,11.1085,77.3411,9,4200.0,08:00-21:00,"POS,UPI,CARD,ONLINE",Interception fraud / address redirection,0.02,50,1512.27,INR,PURCHASE,UPI,MOBILE_APP,1,0,Chennai,15.0,0,0,1,DEV-MONISHA-IPHONE-15,mobile_ios,0,BEN-CUST_MONISHA_001-TRUSTED,Trusted Household Vendor,12,0,3,15,0,0,0,None,Resolved Genuine,Standard Habitual Purchase,0
TXN-CUST_MONISHA_001-11102,2026-08-31 13:15:53,2026-08-31,13:15:53,13,0,0,0,CUST_MONISHA_001,420,Chennai,Tamil Nadu,Low Risk / 3% Fraud Rate,M002,CircuitBay Electronics,Consumer Electronics,Laptops & Gadgets,Chennai,Velachery,Tamil Nadu,600042,12.9759,80.2212,6,32000.0,10:00-21:30,"POS,ONLINE,EMI,UPI",Stolen payment details / high-ticket electronics delivery,0.048,120,1334.81,INR,PURCHASE,ONLINE,MOBILE_APP,1,0,Chennai,4.0,0,0,1,DEV-MONISHA-IPHONE-15,mobile_ios,0,BEN-CUST_MONISHA_001-TRUSTED,Trusted Household Vendor,5,1,2,15,0,0,0,None,Resolved Genuine,Standard Habitual Purchase,0
TXN-CUST_MONISHA_001-11103,2026-08-31 14:40:57,2026-08-31,14:40:57,14,0,0,0,CUST_MONISHA_001,420,Chennai,Tamil Nadu,Low Risk / 3% Fraud Rate,M024,LinkWave Telecom,Telecom Retail,Fiber Broadband & Postpaid Plans,Erode,Perundurai Road,Tamil Nadu,638011,11.341,77.7172,10,1950.0,09:30-20:30,"UPI,CARD,ONLINE,POS",SIM swap bill recharge surges,0.017,42,2236.21,INR,PURCHASE,CARD,MOBILE_APP,1,0,Chennai,2.0,0,0,1,DEV-MONISHA-IPHONE-15,mobile_ios,0,BEN-CUST_MONISHA_001-TRUSTED,Trusted Household Vendor,9,0,3,20,0,0,0,None,Resolved Genuine,Standard Habitual Purchase,0
TXN-CUST_MONISHA_001-11104,2026-08-31 16:07:05,2026-08-31,16:07:05,16,0,0,0,CUST_MONISHA_001,420,Chennai,Tamil Nadu,Low Risk / 3% Fraud Rate,M009,RapidFuel Station,Fuel Station,"Petrol, Diesel & EV Fast Charge",Salem,Fairlands,Tamil Nadu,636016,11.6643,78.146,9,3100.0,24_HOURS,"POS,FLEET_CARD,UPI",Automated fleet card skimming,0.024,60,2363.07,INR,PURCHASE,UPI,MOBILE_APP,1,0,Chennai,12.0,0,0,1,DEV-MONISHA-IPHONE-15,mobile_ios,0,BEN-CUST_MONISHA_001-TRUSTED,Trusted Household Vendor,4,1,2,14,0,0,0,None,Resolved Genuine,Standard Habitual Purchase,0
TXN-CUST_MONISHA_001-11105,2026-08-31 17:36:28,2026-08-31,17:36:28,17,0,0,0,CUST_MONISHA_001,420,Chennai,Tamil Nadu,Low Risk / 3% Fraud Rate,M023,SwiftBox Logistics,Courier / Logistics,Express Parcel & Freight Delivery,Tiruppur,Avinashi Road,Tamil Nadu,641603,11.1085,77.3411,9,4200.0,08:00-21:00,"POS,UPI,CARD,ONLINE",Interception fraud / address redirection,0.02,50,2290.64,INR,PURCHASE,UPI,MOBILE_APP,1,0,Chennai,12.0,0,0,1,DEV-MONISHA-IPHONE-15,mobile_ios,0,BEN-CUST_MONISHA_001-TRUSTED,Trusted Household Vendor,9,0,2,15,0,0,0,None,Resolved Genuine,Standard Habitual Purchase,0
TXN-CUST_MONISHA_001-11106,2026-08-31 19:05:49,2026-08-31,19:05:49,19,0,0,0,CUST_MONISHA_001,420,Chennai,Tamil Nadu,Low Risk / 3% Fraud Rate,M014,OakLine Furnishings,Furniture,Teak Wood & Modern Home Decor,Madurai,Bypass Road,Tamil Nadu,625016,9.932,78.109,12,38000.0,10:00-21:00,"POS,CARD,TRANSFER,EMI",Invoice redirection fraud / fake payment slips,0.029,72,1666.72,INR,PURCHASE,POS,MOBILE_APP,1,0,Chennai,10.0,0,0,1,DEV-MONISHA-IPHONE-15,mobile_ios,0,BEN-CUST_MONISHA_001-TRUSTED,Trusted Household Vendor,4,0,3,22,0,0,0,None,Resolved Genuine,Standard Habitual Purchase,0
TXN-CUST_MONISHA_001-11107,2026-08-31 20:31:40,2026-08-31,20:31:40,20,0,0,0,CUST_MONISHA_001,420,Chennai,Tamil Nadu,Low Risk / 3% Fraud Rate,M011,SkyTrail Travels,Travel Agency,Flight & International Tour Packages,Coimbatore,Gandhipuram,Tamil Nadu,641012,11.0183,76.9664,11,44000.0,09:00-20:00,"ONLINE,TRANSFER,CARD",Mule-account ticket arbitrage & fast cancellation fraud,0.052,130,2278.02,INR,PURCHASE,ONLINE,MOBILE_APP,0,0,Chennai,6.0,0,0,1,DEV-MONISHA-IPHONE-15,mobile_ios,0,BEN-CUST_MONISHA_001-TRUSTED,Trusted Household Vendor,5,0,3,18,0,0,0,None,Resolved Genuine,Standard Habitual Purchase,0
TXN-CUST_MONISHA_001-11108,2026-08-31 21:55:07,2026-08-31,21:55:07,21,0,0,0,CUST_MONISHA_001,420,Chennai,Tamil Nadu,Low Risk / 3% Fraud Rate,M013,CartNest Online,E-commerce,Multi-category Marketplace,Chennai,Guindy,Tamil Nadu,600032,13.0067,80.2026,5,6200.0,24_HOURS,"ONLINE,UPI,CARD,NETBANKING",Account takeover + triangulation shipping fraud,0.045,112,3072.0,INR,PURCHASE,ONLINE,MOBILE_APP,0,0,Chennai,4.0,0,0,1,DEV-MONISHA-IPHONE-15,mobile_ios,0,BEN-CUST_MONISHA_001-TRUSTED,Trusted Household Vendor,15,0,1,8,0,0,0,None,Resolved Genuine,Standard Habitual Purchase,0
TXN-CUST_MONISHA_001-11109,2026-08-31 23:21:41,2026-08-31,23:21:41,23,0,0,1,CUST_MONISHA_001,420,Chennai,Tamil Nadu,Low Risk / 3% Fraud Rate,M029,CloudDesk Digital,Software / Digital Services,Cloud Infrastructure & SaaS Tools,Bengaluru,Whitefield,Karnataka,560066,12.9698,77.7499,7,19800.0,24_HOURS,"ONLINE,CARD,TRANSFER",Cryptomining VM rental with stolen credit cards,0.058,145,1497.33,INR,PURCHASE,CARD,MOBILE_APP,0,0,Chennai,14.0,0,0,1,DEV-MONISHA-IPHONE-15,mobile_ios,0,BEN-CUST_MONISHA_001-TRUSTED,Trusted Household Vendor,11,0,1,10,0,0,0,None,Resolved Genuine,Standard Habitual Purchase,0
TXN-CUST_MONISHA_001-11110,2026-09-01 00:48:23,2026-09-01,00:48:23,0,1,0,1,CUST_MONISHA_001,420,Chennai,Tamil Nadu,Low Risk / 3% Fraud Rate,M020,GameGrid Arena,Gaming,"Esports, Consoles & Virtual Credits",Bengaluru,Koramangala,Karnataka,560095,12.9352,77.6245,4,3400.0,10:00-01:00,"ONLINE,UPI,CARD,WALLET",Virtual item laundering & bot-driven micro transactions,0.055,137,1011.81,INR,PURCHASE,CARD,MOBILE_APP,0,0,Chennai,1.0,0,0,1,DEV-MONISHA-IPHONE-15,mobile_ios,0,BEN-CUST_MONISHA_001-TRUSTED,Trusted Household Vendor,5,1,4,26,0,0,0,None,Resolved Genuine,Standard Habitual Purchase,0
TXN-CUST_MONISHA_001-11111,2026-09-01 02:15:06,2026-09-01,02:15:06,2,1,0,1,CUST_MONISHA_001,420,Chennai,Tamil Nadu,Low Risk / 3% Fraud Rate,M029,CloudDesk Digital,Software / Digital Services,Cloud Infrastructure & SaaS Tools,Bengaluru,Whitefield,Karnataka,560066,12.9698,77.7499,7,19800.0,24_HOURS,"ONLINE,CARD,TRANSFER",Cryptomining VM rental with stolen credit cards,0.058,145,2768.13,INR,PURCHASE,TRANSFER,MOBILE_APP,0,0,Chennai,8.0,0,0,1,DEV-MONISHA-IPHONE-15,mobile_ios,0,BEN-CUST_MONISHA_001-TRUSTED,Trusted Household Vendor,3,0,3,22,0,0,0,None,Resolved Genuine,Standard Habitual Purchase,0
TXN-CUST_MONISHA_001-11112,2026-09-01 03:42:47,2026-09-01,03:42:47,3,1,0,1,CUST_MONISHA_001,420,Chennai,Tamil Nadu,Low Risk / 3% Fraud Rate,M022,SkillSpring Academy,Education / Training,Professional Certifications & Tech Bootcamps,Chennai,Mylapore,Tamil Nadu,600004,13.0368,80.2676,8,22000.0,08:30-19:30,"ONLINE,NETBANKING,CARD,UPI",Stolen corporate card enrollments,0.028,70,1075.7,INR,PURCHASE,CARD,MOBILE_APP,0,0,Chennai,7.0,0,0,1,DEV-MONISHA-IPHONE-15,mobile_ios,0,BEN-CUST_MONISHA_001-TRUSTED,Trusted Household Vendor,3,0,3,17,0,0,0,None,Resolved Genuine,Standard Habitual Purchase,0
TXN-CUST_MONISHA_001-11113,2026-09-01 05:10:15,2026-09-01,05:10:15,5,1,0,1,CUST_MONISHA_001,420,Chennai,Tamil Nadu,Low Risk / 3% Fraud Rate,M014,OakLine Furnishings,Furniture,Teak Wood & Modern Home Decor,Madurai,Bypass Road,Tamil Nadu,625016,9.932,78.109,12,38000.0,10:00-21:00,"POS,CARD,TRANSFER,EMI",Invoice redirection fraud / fake payment slips,0.029,72,2433.88,INR,PURCHASE,EMI,MOBILE_APP,1,0,Chennai,3.0,0,0,1,DEV-MONISHA-IPHONE-15,mobile_ios,0,BEN-CUST_MONISHA_001-TRUSTED,Trusted Household Vendor,15,0,3,22,0,0,0,None,Resolved Genuine,Standard Habitual Purchase,0
TXN-CUST_MONISHA_001-11114,2026-09-01 06:35:22,2026-09-01,06:35:22,6,1,0,0,CUST_MONISHA_001,420,Chennai,Tamil Nadu,Low Risk / 3% Fraud Rate,M014,OakLine Furnishings,Furniture,Teak Wood & Modern Home Decor,Madurai,Bypass Road,Tamil Nadu,625016,9.932,78.109,12,38000.0,10:00-21:00,"POS,CARD,TRANSFER,EMI",Invoice redirection fraud / fake payment slips,0.029,72,1998.19,INR,PURCHASE,POS,MOBILE_APP,1,0,Chennai,12.0,0,0,1,DEV-MONISHA-IPHONE-15,mobile_ios,0,BEN-CUST_MONISHA_001-TRUSTED,Trusted Household Vendor,7,0,2,14,0,0,0,None,Resolved Genuine,Standard Habitual Purchase,0
TXN-CUST_MONISHA_001-11115,2026-09-01 08:01:12,2026-09-01,08:01:12,8,1,0,0,CUST_MONISHA_001,420,Chennai,Tamil Nadu,Low Risk / 3% Fraud Rate,M011,SkyTrail Travels,Travel Agency,Flight & International Tour Packages,Coimbatore,Gandhipuram,Tamil Nadu,641012,11.0183,76.9664,11,44000.0,09:00-20:00,"ONLINE,TRANSFER,CARD",Mule-account ticket arbitrage & fast cancellation fraud,0.052,130,2757.87,INR,PURCHASE,ONLINE,MOBILE_APP,0,0,Chennai,11.0,0,0,1,DEV-MONISHA-IPHONE-15,mobile_ios,0,BEN-CUST_MONISHA_001-TRUSTED,Trusted Household Vendor,4,1,2,10,0,0,0,None,Resolved Genuine,Standard Habitual Purchase,0
TXN-CUST_MONISHA_001-11116,2026-09-01 09:25:07,2026-09-01,09:25:07,9,1,0,0,CUST_MONISHA_001,420,Chennai,Tamil Nadu,Low Risk / 3% Fraud Rate,M010,HarborView Residency,Hotel / Hospitality,Business & Luxury Hotel,Chennai,OMR,Tamil Nadu,600096,12.9165,80.2285,6,9500.0,24_HOURS,"ONLINE,POS,CARD,TRANSFER",Online travel booking fraud with stolen corporate credentials,0.041,102,2076.73,INR,PURCHASE,POS,MOBILE_APP,1,0,Chennai,8.0,0,0,1,DEV-MONISHA-IPHONE-15,mobile_ios,0,BEN-CUST_MONISHA_001-TRUSTED,Trusted Household Vendor,9,0,1,13,0,0,0,None,Resolved Genuine,Standard Habitual Purchase,0
TXN-CUST_MONISHA_001-11117,2026-09-01 10:51:30,2026-09-01,10:51:30,10,1,0,0,CUST_MONISHA_001,420,Chennai,Tamil Nadu,Low Risk / 3% Fraud Rate,M022,SkillSpring Academy,Education / Training,Professional Certifications & Tech Bootcamps,Chennai,Mylapore,Tamil Nadu,600004,13.0368,80.2676,8,22000.0,08:30-19:30,"ONLINE,NETBANKING,CARD,UPI",Stolen corporate card enrollments,0.028,70,70337.0,INR,PURCHASE,ONLINE,MOBILE_APP,0,0,Hyderabad,427.0,1,0,1,DEV-MONISHA-IPHONE-15,mobile_ios,0,BEN-CUST_MONISHA_001-01,Self Family Transfer,3,3,4,24,1,0,0,Geographic Anomaly / High Ticket Spike,Review Required,Sudden location velocity jump with new merchant,1
TXN-CUST_MONISHA_001-11118,2026-09-01 12:19:07,2026-09-01,12:19:07,12,1,0,0,CUST_MONISHA_001,420,Chennai,Tamil Nadu,Low Risk / 3% Fraud Rate,M024,LinkWave Telecom,Telecom Retail,Fiber Broadband & Postpaid Plans,Erode,Perundurai Road,Tamil Nadu,638011,11.341,77.7172,10,1950.0,09:30-20:30,"UPI,CARD,ONLINE,POS",SIM swap bill recharge surges,0.017,42,1587.44,INR,PURCHASE,POS,MOBILE_APP,1,0,Chennai,12.0,0,0,1,DEV-MONISHA-IPHONE-15,mobile_ios,0,BEN-CUST_MONISHA_001-TRUSTED,Trusted Household Vendor,12,0,1,8,0,0,0,None,Resolved Genuine,Standard Habitual Purchase,0
TXN-CUST_MONISHA_001-11119,2026-09-01 13:46:34,2026-09-01,13:46:34,13,1,0,0,CUST_MONISHA_001,420,Chennai,Tamil Nadu,Low Risk / 3% Fraud Rate,M029,CloudDesk Digital,Software / Digital Services,Cloud Infrastructure & SaaS Tools,Bengaluru,Whitefield,Karnataka,560066,12.9698,77.7499,7,19800.0,24_HOURS,"ONLINE,CARD,TRANSFER",Cryptomining VM rental with stolen credit cards,0.058,145,2567.08,INR,PURCHASE,ONLINE,MOBILE_APP,0,0,Chennai,15.0,0,0,1,DEV-MONISHA-IPHONE-15,mobile_ios,0,BEN-CUST_MONISHA_001-TRUSTED,Trusted Household Vendor,8,0,1,14,0,0,0,None,Resolved Genuine,Standard Habitual Purchase,0
TXN-CUST_MONISHA_001-11120,2026-09-01 15:12:05,2026-09-01,15:12:05,15,1,0,0,CUST_MONISHA_001,420,Chennai,Tamil Nadu,Low Risk / 3% Fraud Rate,M002,CircuitBay Electronics,Consumer Electronics,Laptops & Gadgets,Chennai,Velachery,Tamil Nadu,600042,12.9759,80.2212,6,32000.0,10:00-21:30,"POS,ONLINE,EMI,UPI",Stolen payment details / high-ticket electronics delivery,0.048,120,1769.17,INR,PURCHASE,ONLINE,MOBILE_APP,1,0,Chennai,7.0,0,0,1,DEV-MONISHA-IPHONE-15,mobile_ios,0,BEN-CUST_MONISHA_001-TRUSTED,Trusted Household Vendor,8,1,1,14,0,0,0,None,Resolved Genuine,Standard Habitual Purchase,0
TXN-CUST_MONISHA_001-11121,2026-09-01 16:40:35,2026-09-01,16:40:35,16,1,0,0,CUST_MONISHA_001,420,Chennai,Tamil Nadu,Low Risk / 3% Fraud Rate,M028,CraftCove Home Decor,Home Decor,Handicrafts & Art Pieces,Thanjavur,Medical College Road,Tamil Nadu,613004,10.7684,79.1245,8,7400.0,09:30-20:30,"POS,UPI,CARD,ONLINE",Cross-border tourist chargebacks,0.023,57,1055.81,INR,PURCHASE,POS,MOBILE_APP,1,0,Chennai,5.0,0,0,1,DEV-MONISHA-IPHONE-15,mobile_ios,0,BEN-CUST_MONISHA_001-TRUSTED,Trusted Household Vendor,6,0,3,20,0,0,0,None,Resolved Genuine,Standard Habitual Purchase,0
TXN-CUST_MONISHA_001-11122,2026-09-01 18:05:17,2026-09-01,18:05:17,18,1,0,0,CUST_MONISHA_001,420,Chennai,Tamil Nadu,Low Risk / 3% Fraud Rate,M010,HarborView Residency,Hotel / Hospitality,Business & Luxury Hotel,Chennai,OMR,Tamil Nadu,600096,12.9165,80.2285,6,9500.0,24_HOURS,"ONLINE,POS,CARD,TRANSFER",Online travel booking fraud with stolen corporate credentials,0.041,102,2954.12,INR,PURCHASE,TRANSFER,MOBILE_APP,1,0,Chennai,11.0,0,0,1,DEV-MONISHA-IPHONE-15,mobile_ios,0,BEN-CUST_MONISHA_001-TRUSTED,Trusted Household Vendor,10,0,1,6,0,0,0,None,Resolved Genuine,Standard Habitual Purchase,0
TXN-CUST_MONISHA_001-11123,2026-09-01 19:30:50,2026-09-01,19:30:50,19,1,0,0,CUST_MONISHA_001,420,Chennai,Tamil Nadu,Low Risk / 3% Fraud Rate,M020,GameGrid Arena,Gaming,"Esports, Consoles & Virtual Credits",Bengaluru,Koramangala,Karnataka,560095,12.9352,77.6245,4,3400.0,10:00-01:00,"ONLINE,UPI,CARD,WALLET",Virtual item laundering & bot-driven micro transactions,0.055,137,1857.23,INR,PURCHASE,UPI,MOBILE_APP,0,0,Chennai,5.0,0,0,1,DEV-MONISHA-IPHONE-15,mobile_ios,0,BEN-CUST_MONISHA_001-TRUSTED,Trusted Household Vendor,8,0,1,12,0,0,0,None,Resolved Genuine,Standard Habitual Purchase,0
TXN-CUST_MONISHA_001-11124,2026-09-01 20:56:21,2026-09-01,20:56:21,20,1,0,0,CUST_MONISHA_001,420,Chennai,Tamil Nadu,Low Risk / 3% Fraud Rate,M004,Aurelia Gold House,Jewellery,Gold & Diamond Jewellery,Coimbatore,RS Puram,Tamil Nadu,641002,11.0089,76.9514,14,78000.0,10:00-20:30,"POS,CARD,TRANSFER",Account takeover / card-not-present luxury surge,0.065,162,1788.08,INR,PURCHASE,POS,MOBILE_APP,1,0,Chennai,4.0,0,0,1,DEV-MONISHA-IPHONE-15,mobile_ios,0,BEN-CUST_MONISHA_001-TRUSTED,Trusted Household Vendor,9,1,2,17,0,0,0,None,Resolved Genuine,Standard Habitual Purchase,0
TXN-CUST_MONISHA_001-11125,2026-09-01 22:19:48,2026-09-01,22:19:48,22,1,0,0,CUST_MONISHA_001,420,Chennai,Tamil Nadu,Low Risk / 3% Fraud Rate,M025,ShieldSure Services,Insurance Services,General & Health Insurance Premium,Chennai,Egmore,Tamil Nadu,600008,13.0784,80.2607,13,14000.0,09:30-18:00,"ONLINE,NETBANKING,CARD",Premium diversion / fake policy payment slips,0.019,47,2316.52,INR,PURCHASE,NETBANKING,MOBILE_APP,0,0,Chennai,4.0,0,0,1,DEV-MONISHA-IPHONE-15,mobile_ios,0,BEN-CUST_MONISHA_001-TRUSTED,Trusted Household Vendor,7,0,3,20,0,0,0,None,Resolved Genuine,Standard Habitual Purchase,0
TXN-CUST_MONISHA_001-11126,2026-09-01 23:48:33,2026-09-01,23:48:33,23,1,0,1,CUST_MONISHA_001,420,Chennai,Tamil Nadu,Low Risk / 3% Fraud Rate,M018,PageTurn Book House,Bookstore,"Academic, Fiction & Stationery",Trichy,Thillai Nagar,Tamil Nadu,620018,10.8282,78.6854,16,850.0,09:00-21:30,"POS,UPI,CARD,ONLINE",Low-value card testing bots,0.008,20,2679.01,INR,PURCHASE,UPI,MOBILE_APP,1,0,Chennai,2.0,0,0,1,DEV-MONISHA-IPHONE-15,mobile_ios,0,BEN-CUST_MONISHA_001-TRUSTED,Trusted Household Vendor,5,0,4,23,0,0,0,None,Resolved Genuine,Standard Habitual Purchase,0
TXN-CUST_MONISHA_001-11127,2026-09-02 01:16:26,2026-09-02,01:16:26,1,2,0,1,CUST_MONISHA_001,420,Chennai,Tamil Nadu,Low Risk / 3% Fraud Rate,M001,NovaMart Fresh,Grocery & Supermarket,Supermarket / Hypermarket,Chennai,T Nagar,Tamil Nadu,600017,13.0418,80.2341,8,1250.0,07:00-22:30,"POS,UPI,CARD,ONLINE",Card testing / micro-burst velocity,0.012,30,1620.61,INR,PURCHASE,CARD,MOBILE_APP,1,0,Chennai,14.0,0,0,1,DEV-MONISHA-IPHONE-15,mobile_ios,0,BEN-CUST_MONISHA_001-TRUSTED,Trusted Household Vendor,6,0,1,6,0,0,0,None,Resolved Genuine,Standard Habitual Purchase,0
TXN-CUST_MONISHA_001-11128,2026-09-02 02:40:38,2026-09-02,02:40:38,2,2,0,1,CUST_MONISHA_001,420,Chennai,Tamil Nadu,Low Risk / 3% Fraud Rate,M014,OakLine Furnishings,Furniture,Teak Wood & Modern Home Decor,Madurai,Bypass Road,Tamil Nadu,625016,9.932,78.109,12,38000.0,10:00-21:00,"POS,CARD,TRANSFER,EMI",Invoice redirection fraud / fake payment slips,0.029,72,2520.78,INR,PURCHASE,TRANSFER,MOBILE_APP,1,0,Chennai,15.0,0,0,1,DEV-MONISHA-IPHONE-15,mobile_ios,0,BEN-CUST_MONISHA_001-TRUSTED,Trusted Household Vendor,10,1,2,11,0,0,0,None,Resolved Genuine,Standard Habitual Purchase,0
TXN-CUST_MONISHA_001-11129,2026-09-02 04:06:34,2026-09-02,04:06:34,4,2,0,1,CUST_MONISHA_001,420,Chennai,Tamil Nadu,Low Risk / 3% Fraud Rate,M018,PageTurn Book House,Bookstore,"Academic, Fiction & Stationery",Trichy,Thillai Nagar,Tamil Nadu,620018,10.8282,78.6854,16,850.0,09:00-21:30,"POS,UPI,CARD,ONLINE",Low-value card testing bots,0.008,20,1939.63,INR,PURCHASE,ONLINE,MOBILE_APP,1,0,Chennai,11.0,0,0,1,DEV-MONISHA-IPHONE-15,mobile_ios,0,BEN-CUST_MONISHA_001-TRUSTED,Trusted Household Vendor,15,0,3,22,0,0,0,None,Resolved Genuine,Standard Habitual Purchase,0
TXN-CUST_MONISHA_001-11130,2026-09-02 05:34:19,2026-09-02,05:34:19,5,2,0,1,CUST_MONISHA_001,420,Chennai,Tamil Nadu,Low Risk / 3% Fraud Rate,M024,LinkWave Telecom,Telecom Retail,Fiber Broadband & Postpaid Plans,Erode,Perundurai Road,Tamil Nadu,638011,11.341,77.7172,10,1950.0,09:30-20:30,"UPI,CARD,ONLINE,POS",SIM swap bill recharge surges,0.017,42,2752.77,INR,PURCHASE,UPI,MOBILE_APP,1,0,Chennai,7.0,0,0,1,DEV-MONISHA-IPHONE-15,mobile_ios,0,BEN-CUST_MONISHA_001-TRUSTED,Trusted Household Vendor,15,1,1,8,0,0,0,None,Resolved Genuine,Standard Habitual Purchase,0
TXN-CUST_MONISHA_001-11131,2026-09-02 06:58:39,2026-09-02,06:58:39,6,2,0,0,CUST_MONISHA_001,420,Chennai,Tamil Nadu,Low Risk / 3% Fraud Rate,M017,AutoForge Parts,Spare Parts,OEM Industrial & Auto Components,Hosur,Mookandapalli,Tamil Nadu,635126,12.7409,77.8253,15,16500.0,09:00-19:30,"TRANSFER,POS,CARD",Business email compromise / fake beneficiary update,0.033,82,811.94,INR,PURCHASE,CARD,MOBILE_APP,1,0,Chennai,11.0,0,0,1,DEV-MONISHA-IPHONE-15,mobile_ios,0,BEN-CUST_MONISHA_001-TRUSTED,Trusted Household Vendor,9,0,3,14,0,0,0,None,Resolved Genuine,Standard Habitual Purchase,0
TXN-CUST_MONISHA_001-11132,2026-09-02 08:24:39,2026-09-02,08:24:39,8,2,0,0,CUST_MONISHA_001,420,Chennai,Tamil Nadu,Low Risk / 3% Fraud Rate,M010,HarborView Residency,Hotel / Hospitality,Business & Luxury Hotel,Chennai,OMR,Tamil Nadu,600096,12.9165,80.2285,6,9500.0,24_HOURS,"ONLINE,POS,CARD,TRANSFER",Online travel booking fraud with stolen corporate credentials,0.041,102,1440.4,INR,PURCHASE,POS,MOBILE_APP,1,0,Chennai,2.0,0,0,1,DEV-MONISHA-IPHONE-15,mobile_ios,0,BEN-CUST_MONISHA_001-TRUSTED,Trusted Household Vendor,12,0,2,18,0,0,0,None,Resolved Genuine,Standard Habitual Purchase,0
TXN-CUST_MONISHA_001-11133,2026-09-02 09:49:11,2026-09-02,09:49:11,9,2,0,0,CUST_MONISHA_001,420,Chennai,Tamil Nadu,Low Risk / 3% Fraud Rate,M009,RapidFuel Station,Fuel Station,"Petrol, Diesel & EV Fast Charge",Salem,Fairlands,Tamil Nadu,636016,11.6643,78.146,9,3100.0,24_HOURS,"POS,FLEET_CARD,UPI",Automated fleet card skimming,0.024,60,2574.14,INR,PURCHASE,FLEET_CARD,MOBILE_APP,1,0,Chennai,14.0,0,0,1,DEV-MONISHA-IPHONE-15,mobile_ios,0,BEN-CUST_MONISHA_001-TRUSTED,Trusted Household Vendor,13,0,2,13,0,0,0,None,Resolved Genuine,Standard Habitual Purchase,0
TXN-CUST_MONISHA_001-11134,2026-09-02 11:15:25,2026-09-02,11:15:25,11,2,0,0,CUST_MONISHA_001,420,Chennai,Tamil Nadu,Low Risk / 3% Fraud Rate,M026,GreenLeaf Wellness,Health & Wellness,Organic Nutrition & Ayurveda,Trichy,Srirangam,Tamil Nadu,620006,10.8624,78.6947,6,2100.0,08:00-21:00,"POS,UPI,ONLINE,CARD",Subscription card stuffing,0.013,32,2675.29,INR,PURCHASE,UPI,MOBILE_APP,1,0,Chennai,12.0,0,0,1,DEV-MONISHA-IPHONE-15,mobile_ios,0,BEN-CUST_MONISHA_001-TRUSTED,Trusted Household Vendor,6,0,2,13,0,0,0,None,Resolved Genuine,Standard Habitual Purchase,0
TXN-CUST_MONISHA_001-11135,2026-09-02 12:39:32,2026-09-02,12:39:32,12,2,0,0,CUST_MONISHA_001,420,Chennai,Tamil Nadu,Low Risk / 3% Fraud Rate,M013,CartNest Online,E-commerce,Multi-category Marketplace,Chennai,Guindy,Tamil Nadu,600032,13.0067,80.2026,5,6200.0,24_HOURS,"ONLINE,UPI,CARD,NETBANKING",Account takeover + triangulation shipping fraud,0.045,112,869.78,INR,PURCHASE,UPI,MOBILE_APP,0,0,Chennai,4.0,0,0,1,DEV-MONISHA-IPHONE-15,mobile_ios,0,BEN-CUST_MONISHA_001-TRUSTED,Trusted Household Vendor,3,0,4,19,0,0,0,None,Resolved Genuine,Standard Habitual Purchase,0
TXN-CUST_MONISHA_001-11136,2026-09-02 14:08:08,2026-09-02,14:08:08,14,2,0,0,CUST_MONISHA_001,420,Chennai,Tamil Nadu,Low Risk / 3% Fraud Rate,M013,CartNest Online,E-commerce,Multi-category Marketplace,Chennai,Guindy,Tamil Nadu,600032,13.0067,80.2026,5,6200.0,24_HOURS,"ONLINE,UPI,CARD,NETBANKING",Account takeover + triangulation shipping fraud,0.045,112,1733.08,INR,PURCHASE,CARD,MOBILE_APP,0,0,Chennai,5.0,0,0,1,DEV-MONISHA-IPHONE-15,mobile_ios,0,BEN-CUST_MONISHA_001-TRUSTED,Trusted Household Vendor,6,0,2,16,0,0,0,None,Resolved Genuine,Standard Habitual Purchase,0
TXN-CUST_MONISHA_001-11137,2026-09-02 15:34:24,2026-09-02,15:34:24,15,2,0,0,CUST_MONISHA_001,420,Chennai,Tamil Nadu,Low Risk / 3% Fraud Rate,M017,AutoForge Parts,Spare Parts,OEM Industrial & Auto Components,Hosur,Mookandapalli,Tamil Nadu,635126,12.7409,77.8253,15,16500.0,09:00-19:30,"TRANSFER,POS,CARD",Business email compromise / fake beneficiary update,0.033,82,1779.35,INR,PURCHASE,POS,MOBILE_APP,1,0,Chennai,1.0,0,0,1,DEV-MONISHA-IPHONE-15,mobile_ios,0,BEN-CUST_MONISHA_001-TRUSTED,Trusted Household Vendor,8,0,3,19,0,0,0,None,Resolved Genuine,Standard Habitual Purchase,0
TXN-CUST_MONISHA_001-11138,2026-09-02 17:02:04,2026-09-02,17:02:04,17,2,0,0,CUST_MONISHA_001,420,Chennai,Tamil Nadu,Low Risk / 3% Fraud Rate,M008,BeanCircuit Cafe,Cafe,Specialty Coffee & Bakery,Bengaluru,Indiranagar,Karnataka,560038,12.9784,77.6408,3,650.0,07:30-23:00,"UPI,POS,CARD",QR code spoofing / fast velocity dining,0.009,22,1528.43,INR,PURCHASE,CARD,MOBILE_APP,1,0,Chennai,1.0,0,0,1,DEV-MONISHA-IPHONE-15,mobile_ios,0,BEN-CUST_MONISHA_001-TRUSTED,Trusted Household Vendor,3,1,1,11,0,0,0,None,Resolved Genuine,Standard Habitual Purchase,0
TXN-CUST_MONISHA_001-11139,2026-09-02 18:26:45,2026-09-02,18:26:45,18,2,0,0,CUST_MONISHA_001,420,Chennai,Tamil Nadu,Low Risk / 3% Fraud Rate,M016,MotoCare Garage,Auto Service,Car Service & Detailing Hub,Chennai,Pallikaranai,Tamil Nadu,600100,12.9372,80.2014,7,8900.0,08:30-20:30,"POS,UPI,CARD",Over-invoicing / synthetic card payments,0.021,52,1435.57,INR,PURCHASE,UPI,MOBILE_APP,1,0,Chennai,10.0,0,0,1,DEV-MONISHA-IPHONE-15,mobile_ios,0,BEN-CUST_MONISHA_001-TRUSTED,Trusted Household Vendor,7,1,2,15,0,0,0,None,Resolved Genuine,Standard Habitual Purchase,0
TXN-CUST_MONISHA_001-11140,2026-09-02 19:52:09,2026-09-02,19:52:09,19,2,0,0,CUST_MONISHA_001,420,Chennai,Tamil Nadu,Low Risk / 3% Fraud Rate,M004,Aurelia Gold House,Jewellery,Gold & Diamond Jewellery,Coimbatore,RS Puram,Tamil Nadu,641002,11.0089,76.9514,14,78000.0,10:00-20:30,"POS,CARD,TRANSFER",Account takeover / card-not-present luxury surge,0.065,162,1006.72,INR,PURCHASE,CARD,MOBILE_APP,1,0,Chennai,1.0,0,0,1,DEV-MONISHA-IPHONE-15,mobile_ios,0,BEN-CUST_MONISHA_001-TRUSTED,Trusted Household Vendor,8,0,2,15,0,0,0,None,Resolved Genuine,Standard Habitual Purchase,0
TXN-CUST_MONISHA_001-11141,2026-09-02 21:20:00,2026-09-02,21:20:00,21,2,0,0,CUST_MONISHA_001,420,Chennai,Tamil Nadu,Low Risk / 3% Fraud Rate,M019,ArenaSport World,Sports Retail,Fitness Equipment & Sports Wear,Chennai,Nungambakkam,Tamil Nadu,600034,13.0604,80.2405,6,5600.0,10:00-21:30,"POS,ONLINE,UPI,CARD",Stolen card chargeback on premium sports gear,0.026,65,2017.54,INR,PURCHASE,CARD,MOBILE_APP,1,0,Chennai,6.0,0,0,1,DEV-MONISHA-IPHONE-15,mobile_ios,0,BEN-CUST_MONISHA_001-TRUSTED,Trusted Household Vendor,6,0,3,15,0,0,0,None,Resolved Genuine,Standard Habitual Purchase,0
TXN-CUST_MONISHA_001-11142,2026-09-02 22:48:44,2026-09-02,22:48:44,22,2,0,0,CUST_MONISHA_001,420,Chennai,Tamil Nadu,Low Risk / 3% Fraud Rate,M005,UrbanThread Studio,Fashion / Apparel,Designer & Ready-to-wear,Chennai,Anna Nagar,Tamil Nadu,600040,13.085,80.2101,5,4800.0,10:30-22:00,"POS,ONLINE,UPI,CARD",Refund abuse / credential stuffing,0.022,55,2253.17,INR,PURCHASE,CARD,MOBILE_APP,1,0,Chennai,10.0,0,0,1,DEV-MONISHA-IPHONE-15,mobile_ios,0,BEN-CUST_MONISHA_001-TRUSTED,Trusted Household Vendor,6,1,2,11,0,0,0,None,Resolved Genuine,Standard Habitual Purchase,0
TXN-CUST_MONISHA_001-11143,2026-09-03 00:12:35,2026-09-03,00:12:35,0,3,0,1,CUST_MONISHA_001,420,Chennai,Tamil Nadu,Low Risk / 3% Fraud Rate,M018,PageTurn Book House,Bookstore,"Academic, Fiction & Stationery",Trichy,Thillai Nagar,Tamil Nadu,620018,10.8282,78.6854,16,850.0,09:00-21:30,"POS,UPI,CARD,ONLINE",Low-value card testing bots,0.008,20,2228.48,INR,PURCHASE,UPI,MOBILE_APP,1,0,Chennai,5.0,0,0,1,DEV-MONISHA-IPHONE-15,mobile_ios,0,BEN-CUST_MONISHA_001-TRUSTED,Trusted Household Vendor,11,0,2,10,0,0,0,None,Resolved Genuine,Standard Habitual Purchase,0
TXN-CUST_MONISHA_001-11144,2026-09-03 01:36:45,2026-09-03,01:36:45,1,3,0,1,CUST_MONISHA_001,420,Chennai,Tamil Nadu,Low Risk / 3% Fraud Rate,M014,OakLine Furnishings,Furniture,Teak Wood & Modern Home Decor,Madurai,Bypass Road,Tamil Nadu,625016,9.932,78.109,12,38000.0,10:00-21:00,"POS,CARD,TRANSFER,EMI",Invoice redirection fraud / fake payment slips,0.029,72,2068.16,INR,PURCHASE,EMI,MOBILE_APP,1,0,Chennai,5.0,0,0,1,DEV-MONISHA-IPHONE-15,mobile_ios,0,BEN-CUST_MONISHA_001-TRUSTED,Trusted Household Vendor,8,0,3,15,0,0,0,None,Resolved Genuine,Standard Habitual Purchase,0
TXN-CUST_MONISHA_001-11145,2026-09-03 03:05:37,2026-09-03,03:05:37,3,3,0,1,CUST_MONISHA_001,420,Chennai,Tamil Nadu,Low Risk / 3% Fraud Rate,M003,Pulse Mobile Hub,Mobile Store,Smartphones & Accessories,Chennai,Tambaram,Tamil Nadu,600045,12.9249,80.1278,4,18500.0,09:30-21:30,"POS,UPI,CARD",New device abuse / rapid checkout surge,0.035,87,1909.8,INR,PURCHASE,CARD,MOBILE_APP,1,0,Chennai,9.0,0,0,1,DEV-MONISHA-IPHONE-15,mobile_ios,0,BEN-CUST_MONISHA_001-TRUSTED,Trusted Household Vendor,5,0,1,10,0,0,0,None,Resolved Genuine,Standard Habitual Purchase,0
TXN-CUST_MONISHA_001-11146,2026-09-03 04:33:12,2026-09-03,04:33:12,4,3,0,1,CUST_MONISHA_001,420,Chennai,Tamil Nadu,Low Risk / 3% Fraud Rate,M005,UrbanThread Studio,Fashion / Apparel,Designer & Ready-to-wear,Chennai,Anna Nagar,Tamil Nadu,600040,13.085,80.2101,5,4800.0,10:30-22:00,"POS,ONLINE,UPI,CARD",Refund abuse / credential stuffing,0.022,55,1457.8,INR,PURCHASE,CARD,MOBILE_APP,1,0,Chennai,10.0,0,0,1,DEV-MONISHA-IPHONE-15,mobile_ios,0,BEN-CUST_MONISHA_001-TRUSTED,Trusted Household Vendor,14,1,2,17,0,0,0,None,Resolved Genuine,Standard Habitual Purchase,0
TXN-CUST_MONISHA_001-11147,2026-09-03 06:00:42,2026-09-03,06:00:42,6,3,0,0,CUST_MONISHA_001,420,Chennai,Tamil Nadu,Low Risk / 3% Fraud Rate,M028,CraftCove Home Decor,Home Decor,Handicrafts & Art Pieces,Thanjavur,Medical College Road,Tamil Nadu,613004,10.7684,79.1245,8,7400.0,09:30-20:30,"POS,UPI,CARD,ONLINE",Cross-border tourist chargebacks,0.023,57,1981.56,INR,PURCHASE,ONLINE,MOBILE_APP,1,0,Chennai,2.0,0,0,1,DEV-MONISHA-IPHONE-15,mobile_ios,0,BEN-CUST_MONISHA_001-TRUSTED,Trusted Household Vendor,11,1,4,24,0,0,0,None,Resolved Genuine,Standard Habitual Purchase,0
TXN-CUST_MONISHA_001-11148,2026-09-03 07:27:45,2026-09-03,07:27:45,7,3,0,0,CUST_MONISHA_001,420,Chennai,Tamil Nadu,Low Risk / 3% Fraud Rate,M007,SpiceRoute Kitchen,Restaurant,Fine Dining & Chettinad,Chennai,Adyar,Tamil Nadu,600020,13.0012,80.2565,7,2200.0,11:30-23:30,"POS,UPI,CARD",Cloned card POS terminal replay,0.018,45,1210.72,INR,PURCHASE,CARD,MOBILE_APP,1,0,Chennai,3.0,0,0,1,DEV-MONISHA-IPHONE-15,mobile_ios,0,BEN-CUST_MONISHA_001-TRUSTED,Trusted Household Vendor,15,0,1,13,0,0,0,None,Resolved Genuine,Standard Habitual Purchase,0
TXN-CUST_MONISHA_001-11149,2026-09-03 08:54:10,2026-09-03,08:54:10,8,3,0,0,CUST_MONISHA_001,420,Chennai,Tamil Nadu,Low Risk / 3% Fraud Rate,M024,LinkWave Telecom,Telecom Retail,Fiber Broadband & Postpaid Plans,Erode,Perundurai Road,Tamil Nadu,638011,11.341,77.7172,10,1950.0,09:30-20:30,"UPI,CARD,ONLINE,POS",SIM swap bill recharge surges,0.017,42,2008.67,INR,PURCHASE,ONLINE,MOBILE_APP,1,0,Chennai,5.0,0,0,1,DEV-MONISHA-IPHONE-15,mobile_ios,0,BEN-CUST_MONISHA_001-TRUSTED,Trusted Household Vendor,14,0,3,22,0,0,0,None,Resolved Genuine,Standard Habitual Purchase,0
TXN-CUST_MONISHA_001-11150,2026-09-03 10:18:17,2026-09-03,10:18:17,10,3,0,0,CUST_MONISHA_001,420,Chennai,Tamil Nadu,Low Risk / 3% Fraud Rate,M008,BeanCircuit Cafe,Cafe,Specialty Coffee & Bakery,Bengaluru,Indiranagar,Karnataka,560038,12.9784,77.6408,3,650.0,07:30-23:00,"UPI,POS,CARD",QR code spoofing / fast velocity dining,0.009,22,1211.51,INR,P2P_TRANSFER,UPI,WEB_PORTAL,0,0,Hyderabad,451.0,1,1,0,DEV-LAPTOP-CHROME-140,web_browser,1,BEN-NEW-909,Global Flight Booking,0,3,5,25,1,0,0,Geographic Anomaly / High Ticket Spike,Review Required,Sudden location velocity jump with new merchant,1
TXN-CUST_MONISHA_001-11151,2026-09-03 11:47:37,2026-09-03,11:47:37,11,3,0,0,CUST_MONISHA_001,420,Chennai,Tamil Nadu,Low Risk / 3% Fraud Rate,M007,SpiceRoute Kitchen,Restaurant,Fine Dining & Chettinad,Chennai,Adyar,Tamil Nadu,600020,13.0012,80.2565,7,2200.0,11:30-23:30,"POS,UPI,CARD",Cloned card POS terminal replay,0.018,45,2030.95,INR,PURCHASE,POS,MOBILE_APP,1,0,Chennai,1.0,0,0,1,DEV-MONISHA-IPHONE-15,mobile_ios,0,BEN-CUST_MONISHA_001-TRUSTED,Trusted Household Vendor,8,0,3,22,0,0,0,None,Resolved Genuine,Standard Habitual Purchase,0
TXN-CUST_MONISHA_001-11152,2026-09-03 13:12:36,2026-09-03,13:12:36,13,3,0,0,CUST_MONISHA_001,420,Chennai,Tamil Nadu,Low Risk / 3% Fraud Rate,M005,UrbanThread Studio,Fashion / Apparel,Designer & Ready-to-wear,Chennai,Anna Nagar,Tamil Nadu,600040,13.085,80.2101,5,4800.0,10:30-22:00,"POS,ONLINE,UPI,CARD",Refund abuse / credential stuffing,0.022,55,1735.52,INR,PURCHASE,POS,MOBILE_APP,1,0,Chennai,10.0,0,0,1,DEV-MONISHA-IPHONE-15,mobile_ios,0,BEN-CUST_MONISHA_001-TRUSTED,Trusted Household Vendor,13,0,1,11,0,0,0,None,Resolved Genuine,Standard Habitual Purchase,0
TXN-CUST_MONISHA_001-11153,2026-09-03 14:37:19,2026-09-03,14:37:19,14,3,0,0,CUST_MONISHA_001,420,Chennai,Tamil Nadu,Low Risk / 3% Fraud Rate,M009,RapidFuel Station,Fuel Station,"Petrol, Diesel & EV Fast Charge",Salem,Fairlands,Tamil Nadu,636016,11.6643,78.146,9,3100.0,24_HOURS,"POS,FLEET_CARD,UPI",Automated fleet card skimming,0.024,60,1193.56,INR,PURCHASE,UPI,MOBILE_APP,1,0,Chennai,1.0,0,0,1,DEV-MONISHA-IPHONE-15,mobile_ios,0,BEN-CUST_MONISHA_001-TRUSTED,Trusted Household Vendor,14,0,1,12,0,0,0,None,Resolved Genuine,Standard Habitual Purchase,0
TXN-CUST_MONISHA_001-11154,2026-09-03 16:06:24,2026-09-03,16:06:24,16,3,0,0,CUST_MONISHA_001,420,Chennai,Tamil Nadu,Low Risk / 3% Fraud Rate,M009,RapidFuel Station,Fuel Station,"Petrol, Diesel & EV Fast Charge",Salem,Fairlands,Tamil Nadu,636016,11.6643,78.146,9,3100.0,24_HOURS,"POS,FLEET_CARD,UPI",Automated fleet card skimming,0.024,60,2815.86,INR,PURCHASE,POS,MOBILE_APP,1,0,Chennai,11.0,0,0,1,DEV-MONISHA-IPHONE-15,mobile_ios,0,BEN-CUST_MONISHA_001-TRUSTED,Trusted Household Vendor,10,0,2,15,0,0,0,None,Resolved Genuine,Standard Habitual Purchase,0
TXN-CUST_MONISHA_001-11155,2026-09-03 17:31:24,2026-09-03,17:31:24,17,3,0,0,CUST_MONISHA_001,420,Chennai,Tamil Nadu,Low Risk / 3% Fraud Rate,M019,ArenaSport World,Sports Retail,Fitness Equipment & Sports Wear,Chennai,Nungambakkam,Tamil Nadu,600034,13.0604,80.2405,6,5600.0,10:00-21:30,"POS,ONLINE,UPI,CARD",Stolen card chargeback on premium sports gear,0.026,65,2253.73,INR,PURCHASE,ONLINE,MOBILE_APP,1,0,Chennai,14.0,0,0,1,DEV-MONISHA-IPHONE-15,mobile_ios,0,BEN-CUST_MONISHA_001-TRUSTED,Trusted Household Vendor,10,0,2,16,0,0,0,None,Resolved Genuine,Standard Habitual Purchase,0
TXN-CUST_MONISHA_001-11156,2026-09-03 18:57:01,2026-09-03,18:57:01,18,3,0,0,CUST_MONISHA_001,420,Chennai,Tamil Nadu,Low Risk / 3% Fraud Rate,M029,CloudDesk Digital,Software / Digital Services,Cloud Infrastructure & SaaS Tools,Bengaluru,Whitefield,Karnataka,560066,12.9698,77.7499,7,19800.0,24_HOURS,"ONLINE,CARD,TRANSFER",Cryptomining VM rental with stolen credit cards,0.058,145,1900.88,INR,PURCHASE,ONLINE,MOBILE_APP,0,0,Chennai,8.0,0,0,1,DEV-MONISHA-IPHONE-15,mobile_ios,0,BEN-CUST_MONISHA_001-TRUSTED,Trusted Household Vendor,5,1,2,17,0,0,0,None,Resolved Genuine,Standard Habitual Purchase,0
TXN-CUST_MONISHA_001-11157,2026-09-03 20:26:05,2026-09-03,20:26:05,20,3,0,0,CUST_MONISHA_001,420,Chennai,Tamil Nadu,Low Risk / 3% Fraud Rate,M006,MedicoCare Pharmacy,Pharmacy,Medicines & Surgical Supplies,Madurai,KK Nagar,Tamil Nadu,625020,9.9252,78.1498,10,1450.0,24_HOURS,"POS,UPI,CARD,ONLINE",Nighttime micro card testing,0.015,37,2295.3,INR,PURCHASE,UPI,MOBILE_APP,1,0,Chennai,1.0,0,0,1,DEV-MONISHA-IPHONE-15,mobile_ios,0,BEN-CUST_MONISHA_001-TRUSTED,Trusted Household Vendor,9,0,2,11,0,0,0,None,Resolved Genuine,Standard Habitual Purchase,0
TXN-CUST_MONISHA_001-11158,2026-09-03 21:50:20,2026-09-03,21:50:20,21,3,0,0,CUST_MONISHA_001,420,Chennai,Tamil Nadu,Low Risk / 3% Fraud Rate,M014,OakLine Furnishings,Furniture,Teak Wood & Modern Home Decor,Madurai,Bypass Road,Tamil Nadu,625016,9.932,78.109,12,38000.0,10:00-21:00,"POS,CARD,TRANSFER,EMI",Invoice redirection fraud / fake payment slips,0.029,72,1353.89,INR,PURCHASE,CARD,MOBILE_APP,1,0,Chennai,15.0,0,0,1,DEV-MONISHA-IPHONE-15,mobile_ios,0,BEN-CUST_MONISHA_001-TRUSTED,Trusted Household Vendor,4,0,4,18,0,0,0,None,Resolved Genuine,Standard Habitual Purchase,0
TXN-CUST_MONISHA_001-11159,2026-09-03 23:17:21,2026-09-03,23:17:21,23,3,0,1,CUST_MONISHA_001,420,Chennai,Tamil Nadu,Low Risk / 3% Fraud Rate,M013,CartNest Online,E-commerce,Multi-category Marketplace,Chennai,Guindy,Tamil Nadu,600032,13.0067,80.2026,5,6200.0,24_HOURS,"ONLINE,UPI,CARD,NETBANKING",Account takeover + triangulation shipping fraud,0.045,112,1678.54,INR,PURCHASE,UPI,MOBILE_APP,0,0,Chennai,2.0,0,0,1,DEV-MONISHA-IPHONE-15,mobile_ios,0,BEN-CUST_MONISHA_001-TRUSTED,Trusted Household Vendor,5,0,1,7,0,0,0,None,Resolved Genuine,Standard Habitual Purchase,0
TXN-CUST_MONISHA_001-11160,2026-09-04 00:42:22,2026-09-04,00:42:22,0,4,0,1,CUST_MONISHA_001,420,Chennai,Tamil Nadu,Low Risk / 3% Fraud Rate,M021,GlowCraft Salon,Salon / Beauty,Spa & Grooming Studio,Chennai,Porur,Tamil Nadu,600116,13.0382,80.1565,5,2800.0,09:00-21:00,"POS,UPI,CARD",Unusual late-night transaction spikes,0.011,27,2183.15,INR,PURCHASE,CARD,MOBILE_APP,1,0,Chennai,13.0,0,0,1,DEV-MONISHA-IPHONE-15,mobile_ios,0,BEN-CUST_MONISHA_001-TRUSTED,Trusted Household Vendor,11,0,1,11,0,0,0,None,Resolved Genuine,Standard Habitual Purchase,0
TXN-CUST_MONISHA_001-11161,2026-09-04 02:10:53,2026-09-04,02:10:53,2,4,0,1,CUST_MONISHA_001,420,Chennai,Tamil Nadu,Low Risk / 3% Fraud Rate,M003,Pulse Mobile Hub,Mobile Store,Smartphones & Accessories,Chennai,Tambaram,Tamil Nadu,600045,12.9249,80.1278,4,18500.0,09:30-21:30,"POS,UPI,CARD",New device abuse / rapid checkout surge,0.035,87,1253.43,INR,PURCHASE,UPI,MOBILE_APP,1,0,Chennai,8.0,0,0,1,DEV-MONISHA-IPHONE-15,mobile_ios,0,BEN-CUST_MONISHA_001-TRUSTED,Trusted Household Vendor,5,0,4,23,0,0,0,None,Resolved Genuine,Standard Habitual Purchase,0
TXN-CUST_MONISHA_001-11162,2026-09-04 03:37:09,2026-09-04,03:37:09,3,4,0,1,CUST_MONISHA_001,420,Chennai,Tamil Nadu,Low Risk / 3% Fraud Rate,M008,BeanCircuit Cafe,Cafe,Specialty Coffee & Bakery,Bengaluru,Indiranagar,Karnataka,560038,12.9784,77.6408,3,650.0,07:30-23:00,"UPI,POS,CARD",QR code spoofing / fast velocity dining,0.009,22,910.75,INR,PURCHASE,UPI,MOBILE_APP,1,0,Chennai,12.0,0,0,1,DEV-MONISHA-IPHONE-15,mobile_ios,0,BEN-CUST_MONISHA_001-TRUSTED,Trusted Household Vendor,3,0,1,7,0,0,0,None,Resolved Genuine,Standard Habitual Purchase,0
TXN-CUST_MONISHA_001-11163,2026-09-04 05:03:49,2026-09-04,05:03:49,5,4,0,1,CUST_MONISHA_001,420,Chennai,Tamil Nadu,Low Risk / 3% Fraud Rate,M004,Aurelia Gold House,Jewellery,Gold & Diamond Jewellery,Coimbatore,RS Puram,Tamil Nadu,641002,11.0089,76.9514,14,78000.0,10:00-20:30,"POS,CARD,TRANSFER",Account takeover / card-not-present luxury surge,0.065,162,1977.01,INR,PURCHASE,POS,MOBILE_APP,1,0,Chennai,14.0,0,0,1,DEV-MONISHA-IPHONE-15,mobile_ios,0,BEN-CUST_MONISHA_001-TRUSTED,Trusted Household Vendor,6,0,1,9,0,0,0,None,Resolved Genuine,Standard Habitual Purchase,0
TXN-CUST_MONISHA_001-11164,2026-09-04 06:29:47,2026-09-04,06:29:47,6,4,0,0,CUST_MONISHA_001,420,Chennai,Tamil Nadu,Low Risk / 3% Fraud Rate,M005,UrbanThread Studio,Fashion / Apparel,Designer & Ready-to-wear,Chennai,Anna Nagar,Tamil Nadu,600040,13.085,80.2101,5,4800.0,10:30-22:00,"POS,ONLINE,UPI,CARD",Refund abuse / credential stuffing,0.022,55,1606.75,INR,PURCHASE,POS,MOBILE_APP,1,0,Chennai,5.0,0,0,1,DEV-MONISHA-IPHONE-15,mobile_ios,0,BEN-CUST_MONISHA_001-TRUSTED,Trusted Household Vendor,13,0,4,25,0,0,0,None,Resolved Genuine,Standard Habitual Purchase,0
TXN-CUST_MONISHA_001-11165,2026-09-04 07:54:12,2026-09-04,07:54:12,7,4,0,0,CUST_MONISHA_001,420,Chennai,Tamil Nadu,Low Risk / 3% Fraud Rate,M004,Aurelia Gold House,Jewellery,Gold & Diamond Jewellery,Coimbatore,RS Puram,Tamil Nadu,641002,11.0089,76.9514,14,78000.0,10:00-20:30,"POS,CARD,TRANSFER",Account takeover / card-not-present luxury surge,0.065,162,1305.38,INR,PURCHASE,CARD,MOBILE_APP,1,0,Chennai,5.0,0,0,1,DEV-MONISHA-IPHONE-15,mobile_ios,0,BEN-CUST_MONISHA_001-TRUSTED,Trusted Household Vendor,4,0,3,15,0,0,0,None,Resolved Genuine,Standard Habitual Purchase,0
TXN-CUST_MONISHA_001-11166,2026-09-04 09:22:58,2026-09-04,09:22:58,9,4,0,0,CUST_MONISHA_001,420,Chennai,Tamil Nadu,Low Risk / 3% Fraud Rate,M020,GameGrid Arena,Gaming,"Esports, Consoles & Virtual Credits",Bengaluru,Koramangala,Karnataka,560095,12.9352,77.6245,4,3400.0,10:00-01:00,"ONLINE,UPI,CARD,WALLET",Virtual item laundering & bot-driven micro transactions,0.055,137,1133.58,INR,PURCHASE,WALLET,MOBILE_APP,0,0,Chennai,7.0,0,0,1,DEV-MONISHA-IPHONE-15,mobile_ios,0,BEN-CUST_MONISHA_001-TRUSTED,Trusted Household Vendor,13,0,2,12,0,0,0,None,Resolved Genuine,Standard Habitual Purchase,0
TXN-CUST_MONISHA_001-11167,2026-09-04 10:51:44,2026-09-04,10:51:44,10,4,0,0,CUST_MONISHA_001,420,Chennai,Tamil Nadu,Low Risk / 3% Fraud Rate,M022,SkillSpring Academy,Education / Training,Professional Certifications & Tech Bootcamps,Chennai,Mylapore,Tamil Nadu,600004,13.0368,80.2676,8,22000.0,08:30-19:30,"ONLINE,NETBANKING,CARD,UPI",Stolen corporate card enrollments,0.028,70,1485.66,INR,PURCHASE,UPI,MOBILE_APP,0,0,Chennai,14.0,0,0,1,DEV-MONISHA-IPHONE-15,mobile_ios,0,BEN-CUST_MONISHA_001-TRUSTED,Trusted Household Vendor,7,0,1,11,0,0,0,None,Resolved Genuine,Standard Habitual Purchase,0
TXN-CUST_MONISHA_001-11168,2026-09-04 12:20:44,2026-09-04,12:20:44,12,4,0,0,CUST_MONISHA_001,420,Chennai,Tamil Nadu,Low Risk / 3% Fraud Rate,M026,GreenLeaf Wellness,Health & Wellness,Organic Nutrition & Ayurveda,Trichy,Srirangam,Tamil Nadu,620006,10.8624,78.6947,6,2100.0,08:00-21:00,"POS,UPI,ONLINE,CARD",Subscription card stuffing,0.013,32,2902.34,INR,PURCHASE,UPI,MOBILE_APP,1,0,Chennai,13.0,0,0,1,DEV-MONISHA-IPHONE-15,mobile_ios,0,BEN-CUST_MONISHA_001-TRUSTED,Trusted Household Vendor,5,1,1,11,0,0,0,None,Resolved Genuine,Standard Habitual Purchase,0
TXN-CUST_MONISHA_001-11169,2026-09-04 13:45:01,2026-09-04,13:45:01,13,4,0,0,CUST_MONISHA_001,420,Chennai,Tamil Nadu,Low Risk / 3% Fraud Rate,M015,HomeSphere Appliances,Home Appliances,"Refrigerators, ACs & Kitchen Tech",Coimbatore,Saibaba Colony,Tamil Nadu,641011,11.0315,76.945,9,27500.0,09:30-21:00,"POS,EMI,CARD,UPI",Carding attacks with immediate in-store pickup,0.038,95,2467.94,INR,PURCHASE,UPI,MOBILE_APP,1,0,Chennai,13.0,0,0,1,DEV-MONISHA-IPHONE-15,mobile_ios,0,BEN-CUST_MONISHA_001-TRUSTED,Trusted Household Vendor,4,0,1,10,0,0,0,None,Resolved Genuine,Standard Habitual Purchase,0
TXN-CUST_MONISHA_001-11170,2026-09-04 15:09:17,2026-09-04,15:09:17,15,4,0,0,CUST_MONISHA_001,420,Chennai,Tamil Nadu,Low Risk / 3% Fraud Rate,M011,SkyTrail Travels,Travel Agency,Flight & International Tour Packages,Coimbatore,Gandhipuram,Tamil Nadu,641012,11.0183,76.9664,11,44000.0,09:00-20:00,"ONLINE,TRANSFER,CARD",Mule-account ticket arbitrage & fast cancellation fraud,0.052,130,3107.77,INR,PURCHASE,TRANSFER,MOBILE_APP,0,0,Chennai,3.0,0,0,1,DEV-MONISHA-IPHONE-15,mobile_ios,0,BEN-CUST_MONISHA_001-TRUSTED,Trusted Household Vendor,8,0,3,20,0,0,0,None,Resolved Genuine,Standard Habitual Purchase,0
TXN-CUST_MONISHA_001-11171,2026-09-04 16:35:34,2026-09-04,16:35:34,16,4,0,0,CUST_MONISHA_001,420,Chennai,Tamil Nadu,Low Risk / 3% Fraud Rate,M014,OakLine Furnishings,Furniture,Teak Wood & Modern Home Decor,Madurai,Bypass Road,Tamil Nadu,625016,9.932,78.109,12,38000.0,10:00-21:00,"POS,CARD,TRANSFER,EMI",Invoice redirection fraud / fake payment slips,0.029,72,2188.08,INR,PURCHASE,EMI,MOBILE_APP,1,0,Chennai,11.0,0,0,1,DEV-MONISHA-IPHONE-15,mobile_ios,0,BEN-CUST_MONISHA_001-TRUSTED,Trusted Household Vendor,9,0,2,18,0,0,0,None,Resolved Genuine,Standard Habitual Purchase,0
TXN-CUST_MONISHA_001-11172,2026-09-04 18:01:57,2026-09-04,18:01:57,18,4,0,0,CUST_MONISHA_001,420,Chennai,Tamil Nadu,Low Risk / 3% Fraud Rate,M018,PageTurn Book House,Bookstore,"Academic, Fiction & Stationery",Trichy,Thillai Nagar,Tamil Nadu,620018,10.8282,78.6854,16,850.0,09:00-21:30,"POS,UPI,CARD,ONLINE",Low-value card testing bots,0.008,20,1932.69,INR,PURCHASE,ONLINE,MOBILE_APP,1,0,Chennai,9.0,0,0,1,DEV-MONISHA-IPHONE-15,mobile_ios,0,BEN-CUST_MONISHA_001-TRUSTED,Trusted Household Vendor,4,0,4,26,0,0,0,None,Resolved Genuine,Standard Habitual Purchase,0
TXN-CUST_MONISHA_001-11173,2026-09-04 19:28:49,2026-09-04,19:28:49,19,4,0,0,CUST_MONISHA_001,420,Chennai,Tamil Nadu,Low Risk / 3% Fraud Rate,M023,SwiftBox Logistics,Courier / Logistics,Express Parcel & Freight Delivery,Tiruppur,Avinashi Road,Tamil Nadu,641603,11.1085,77.3411,9,4200.0,08:00-21:00,"POS,UPI,CARD,ONLINE",Interception fraud / address redirection,0.02,50,2678.42,INR,PURCHASE,POS,MOBILE_APP,1,0,Chennai,4.0,0,0,1,DEV-MONISHA-IPHONE-15,mobile_ios,0,BEN-CUST_MONISHA_001-TRUSTED,Trusted Household Vendor,8,0,2,13,0,0,0,None,Resolved Genuine,Standard Habitual Purchase,0
TXN-CUST_MONISHA_001-11174,2026-09-04 20:58:11,2026-09-04,20:58:11,20,4,0,0,CUST_MONISHA_001,420,Chennai,Tamil Nadu,Low Risk / 3% Fraud Rate,M001,NovaMart Fresh,Grocery & Supermarket,Supermarket / Hypermarket,Chennai,T Nagar,Tamil Nadu,600017,13.0418,80.2341,8,1250.0,07:00-22:30,"POS,UPI,CARD,ONLINE",Card testing / micro-burst velocity,0.012,30,1628.01,INR,PURCHASE,CARD,MOBILE_APP,1,0,Chennai,8.0,0,0,1,DEV-MONISHA-IPHONE-15,mobile_ios,0,BEN-CUST_MONISHA_001-TRUSTED,Trusted Household Vendor,3,0,1,11,0,0,0,None,Resolved Genuine,Standard Habitual Purchase,0
TXN-CUST_MONISHA_001-11175,2026-09-04 22:26:41,2026-09-04,22:26:41,22,4,0,0,CUST_MONISHA_001,420,Chennai,Tamil Nadu,Low Risk / 3% Fraud Rate,M028,CraftCove Home Decor,Home Decor,Handicrafts & Art Pieces,Thanjavur,Medical College Road,Tamil Nadu,613004,10.7684,79.1245,8,7400.0,09:30-20:30,"POS,UPI,CARD,ONLINE",Cross-border tourist chargebacks,0.023,57,2602.03,INR,PURCHASE,ONLINE,MOBILE_APP,1,0,Chennai,3.0,0,0,1,DEV-MONISHA-IPHONE-15,mobile_ios,0,BEN-CUST_MONISHA_001-TRUSTED,Trusted Household Vendor,11,0,2,13,0,0,0,None,Resolved Genuine,Standard Habitual Purchase,0
TXN-CUST_MONISHA_001-11176,2026-09-04 23:51:21,2026-09-04,23:51:21,23,4,0,1,CUST_MONISHA_001,420,Chennai,Tamil Nadu,Low Risk / 3% Fraud Rate,M008,BeanCircuit Cafe,Cafe,Specialty Coffee & Bakery,Bengaluru,Indiranagar,Karnataka,560038,12.9784,77.6408,3,650.0,07:30-23:00,"UPI,POS,CARD",QR code spoofing / fast velocity dining,0.009,22,910.73,INR,PURCHASE,CARD,MOBILE_APP,1,0,Chennai,3.0,0,0,1,DEV-MONISHA-IPHONE-15,mobile_ios,0,BEN-CUST_MONISHA_001-TRUSTED,Trusted Household Vendor,9,1,2,10,0,0,0,None,Resolved Genuine,Standard Habitual Purchase,0
TXN-CUST_MONISHA_001-11177,2026-09-05 01:18:55,2026-09-05,01:18:55,1,5,1,1,CUST_MONISHA_001,420,Chennai,Tamil Nadu,Low Risk / 3% Fraud Rate,M014,OakLine Furnishings,Furniture,Teak Wood & Modern Home Decor,Madurai,Bypass Road,Tamil Nadu,625016,9.932,78.109,12,38000.0,10:00-21:00,"POS,CARD,TRANSFER,EMI",Invoice redirection fraud / fake payment slips,0.029,72,1649.74,INR,PURCHASE,CARD,MOBILE_APP,1,0,Chennai,12.0,0,0,1,DEV-MONISHA-IPHONE-15,mobile_ios,0,BEN-CUST_MONISHA_001-TRUSTED,Trusted Household Vendor,10,1,1,6,0,0,0,None,Resolved Genuine,Standard Habitual Purchase,0
TXN-CUST_MONISHA_001-11178,2026-09-05 02:43:12,2026-09-05,02:43:12,2,5,1,1,CUST_MONISHA_001,420,Chennai,Tamil Nadu,Low Risk / 3% Fraud Rate,M005,UrbanThread Studio,Fashion / Apparel,Designer & Ready-to-wear,Chennai,Anna Nagar,Tamil Nadu,600040,13.085,80.2101,5,4800.0,10:30-22:00,"POS,ONLINE,UPI,CARD",Refund abuse / credential stuffing,0.022,55,964.84,INR,PURCHASE,ONLINE,MOBILE_APP,1,0,Chennai,2.0,0,0,1,DEV-MONISHA-IPHONE-15,mobile_ios,0,BEN-CUST_MONISHA_001-TRUSTED,Trusted Household Vendor,5,1,4,25,0,0,0,None,Resolved Genuine,Standard Habitual Purchase,0
TXN-CUST_MONISHA_001-11179,2026-09-05 04:11:04,2026-09-05,04:11:04,4,5,1,1,CUST_MONISHA_001,420,Chennai,Tamil Nadu,Low Risk / 3% Fraud Rate,M024,LinkWave Telecom,Telecom Retail,Fiber Broadband & Postpaid Plans,Erode,Perundurai Road,Tamil Nadu,638011,11.341,77.7172,10,1950.0,09:30-20:30,"UPI,CARD,ONLINE,POS",SIM swap bill recharge surges,0.017,42,2014.23,INR,PURCHASE,UPI,MOBILE_APP,1,0,Chennai,5.0,0,0,1,DEV-MONISHA-IPHONE-15,mobile_ios,0,BEN-CUST_MONISHA_001-TRUSTED,Trusted Household Vendor,10,0,3,18,0,0,0,None,Resolved Genuine,Standard Habitual Purchase,0
TXN-CUST_MONISHA_001-11180,2026-09-05 05:35:08,2026-09-05,05:35:08,5,5,1,1,CUST_MONISHA_001,420,Chennai,Tamil Nadu,Low Risk / 3% Fraud Rate,M002,CircuitBay Electronics,Consumer Electronics,Laptops & Gadgets,Chennai,Velachery,Tamil Nadu,600042,12.9759,80.2212,6,32000.0,10:00-21:30,"POS,ONLINE,EMI,UPI",Stolen payment details / high-ticket electronics delivery,0.048,120,2841.91,INR,PURCHASE,ONLINE,MOBILE_APP,1,0,Chennai,1.0,0,0,1,DEV-MONISHA-IPHONE-15,mobile_ios,0,BEN-CUST_MONISHA_001-TRUSTED,Trusted Household Vendor,11,0,2,10,0,0,0,None,Resolved Genuine,Standard Habitual Purchase,0
TXN-CUST_MONISHA_001-11181,2026-09-05 07:00:55,2026-09-05,07:00:55,7,5,1,0,CUST_MONISHA_001,420,Chennai,Tamil Nadu,Low Risk / 3% Fraud Rate,M014,OakLine Furnishings,Furniture,Teak Wood & Modern Home Decor,Madurai,Bypass Road,Tamil Nadu,625016,9.932,78.109,12,38000.0,10:00-21:00,"POS,CARD,TRANSFER,EMI",Invoice redirection fraud / fake payment slips,0.029,72,2370.97,INR,PURCHASE,TRANSFER,MOBILE_APP,1,0,Chennai,15.0,0,0,1,DEV-MONISHA-IPHONE-15,mobile_ios,0,BEN-CUST_MONISHA_001-TRUSTED,Trusted Household Vendor,12,0,3,17,0,0,0,None,Resolved Genuine,Standard Habitual Purchase,0
TXN-CUST_MONISHA_001-11182,2026-09-05 08:26:51,2026-09-05,08:26:51,8,5,1,0,CUST_MONISHA_001,420,Chennai,Tamil Nadu,Low Risk / 3% Fraud Rate,M006,MedicoCare Pharmacy,Pharmacy,Medicines & Surgical Supplies,Madurai,KK Nagar,Tamil Nadu,625020,9.9252,78.1498,10,1450.0,24_HOURS,"POS,UPI,CARD,ONLINE",Nighttime micro card testing,0.015,37,1416.08,INR,PURCHASE,UPI,MOBILE_APP,1,0,Chennai,2.0,0,0,1,DEV-MONISHA-IPHONE-15,mobile_ios,0,BEN-CUST_MONISHA_001-TRUSTED,Trusted Household Vendor,14,0,2,16,0,0,0,None,Resolved Genuine,Standard Habitual Purchase,0
TXN-CUST_MONISHA_001-11183,2026-09-05 09:53:58,2026-09-05,09:53:58,9,5,1,0,CUST_MONISHA_001,420,Chennai,Tamil Nadu,Low Risk / 3% Fraud Rate,M008,BeanCircuit Cafe,Cafe,Specialty Coffee & Bakery,Bengaluru,Indiranagar,Karnataka,560038,12.9784,77.6408,3,650.0,07:30-23:00,"UPI,POS,CARD",QR code spoofing / fast velocity dining,0.009,22,1697.96,INR,PURCHASE,POS,MOBILE_APP,1,0,Chennai,14.0,0,0,1,DEV-MONISHA-IPHONE-15,mobile_ios,0,BEN-CUST_MONISHA_001-TRUSTED,Trusted Household Vendor,14,0,1,13,0,0,0,None,Resolved Genuine,Standard Habitual Purchase,0
TXN-CUST_MONISHA_001-11184,2026-09-05 11:19:15,2026-09-05,11:19:15,11,5,1,0,CUST_MONISHA_001,420,Chennai,Tamil Nadu,Low Risk / 3% Fraud Rate,M021,GlowCraft Salon,Salon / Beauty,Spa & Grooming Studio,Chennai,Porur,Tamil Nadu,600116,13.0382,80.1565,5,2800.0,09:00-21:00,"POS,UPI,CARD",Unusual late-night transaction spikes,0.011,27,1727.93,INR,PURCHASE,UPI,MOBILE_APP,1,0,Chennai,7.0,0,0,1,DEV-MONISHA-IPHONE-15,mobile_ios,0,BEN-CUST_MONISHA_001-TRUSTED,Trusted Household Vendor,13,1,3,17,0,0,0,None,Resolved Genuine,Standard Habitual Purchase,0
TXN-CUST_MONISHA_001-11185,2026-09-05 12:44:16,2026-09-05,12:44:16,12,5,1,0,CUST_MONISHA_001,420,Chennai,Tamil Nadu,Low Risk / 3% Fraud Rate,M004,Aurelia Gold House,Jewellery,Gold & Diamond Jewellery,Coimbatore,RS Puram,Tamil Nadu,641002,11.0089,76.9514,14,78000.0,10:00-20:30,"POS,CARD,TRANSFER",Account takeover / card-not-present luxury surge,0.065,162,962.07,INR,PURCHASE,POS,MOBILE_APP,1,0,Chennai,10.0,0,0,1,DEV-MONISHA-IPHONE-15,mobile_ios,0,BEN-CUST_MONISHA_001-TRUSTED,Trusted Household Vendor,3,0,3,18,0,0,0,None,Resolved Genuine,Standard Habitual Purchase,0
TXN-CUST_MONISHA_001-11186,2026-09-05 14:08:38,2026-09-05,14:08:38,14,5,1,0,CUST_MONISHA_001,420,Chennai,Tamil Nadu,Low Risk / 3% Fraud Rate,M004,Aurelia Gold House,Jewellery,Gold & Diamond Jewellery,Coimbatore,RS Puram,Tamil Nadu,641002,11.0089,76.9514,14,78000.0,10:00-20:30,"POS,CARD,TRANSFER",Account takeover / card-not-present luxury surge,0.065,162,932.85,INR,PURCHASE,TRANSFER,MOBILE_APP,1,0,Chennai,10.0,0,0,1,DEV-MONISHA-IPHONE-15,mobile_ios,0,BEN-CUST_MONISHA_001-TRUSTED,Trusted Household Vendor,6,1,3,17,0,0,0,None,Resolved Genuine,Standard Habitual Purchase,0
TXN-CUST_MONISHA_001-11187,2026-09-05 15:35:52,2026-09-05,15:35:52,15,5,1,0,CUST_MONISHA_001,420,Chennai,Tamil Nadu,Low Risk / 3% Fraud Rate,M002,CircuitBay Electronics,Consumer Electronics,Laptops & Gadgets,Chennai,Velachery,Tamil Nadu,600042,12.9759,80.2212,6,32000.0,10:00-21:30,"POS,ONLINE,EMI,UPI",Stolen payment details / high-ticket electronics delivery,0.048,120,1342.38,INR,PURCHASE,UPI,MOBILE_APP,1,0,Chennai,2.0,0,0,1,DEV-MONISHA-IPHONE-15,mobile_ios,0,BEN-CUST_MONISHA_001-TRUSTED,Trusted Household Vendor,12,0,1,6,0,0,0,None,Resolved Genuine,Standard Habitual Purchase,0
TXN-CUST_MONISHA_001-11188,2026-09-05 16:59:34,2026-09-05,16:59:34,16,5,1,0,CUST_MONISHA_001,420,Chennai,Tamil Nadu,Low Risk / 3% Fraud Rate,M003,Pulse Mobile Hub,Mobile Store,Smartphones & Accessories,Chennai,Tambaram,Tamil Nadu,600045,12.9249,80.1278,4,18500.0,09:30-21:30,"POS,UPI,CARD",New device abuse / rapid checkout surge,0.035,87,2987.81,INR,PURCHASE,CARD,MOBILE_APP,1,0,Chennai,1.0,0,0,1,DEV-MONISHA-IPHONE-15,mobile_ios,0,BEN-CUST_MONISHA_001-TRUSTED,Trusted Household Vendor,9,0,3,17,0,0,0,None,Resolved Genuine,Standard Habitual Purchase,0
TXN-CUST_MONISHA_001-11189,2026-09-05 18:24:51,2026-09-05,18:24:51,18,5,1,0,CUST_MONISHA_001,420,Chennai,Tamil Nadu,Low Risk / 3% Fraud Rate,M013,CartNest Online,E-commerce,Multi-category Marketplace,Chennai,Guindy,Tamil Nadu,600032,13.0067,80.2026,5,6200.0,24_HOURS,"ONLINE,UPI,CARD,NETBANKING",Account takeover + triangulation shipping fraud,0.045,112,2478.11,INR,PURCHASE,NETBANKING,MOBILE_APP,0,0,Chennai,3.0,0,0,1,DEV-MONISHA-IPHONE-15,mobile_ios,0,BEN-CUST_MONISHA_001-TRUSTED,Trusted Household Vendor,8,0,1,14,0,0,0,None,Resolved Genuine,Standard Habitual Purchase,0
TXN-CUST_MONISHA_001-11190,2026-09-05 19:48:51,2026-09-05,19:48:51,19,5,1,0,CUST_MONISHA_001,420,Chennai,Tamil Nadu,Low Risk / 3% Fraud Rate,M026,GreenLeaf Wellness,Health & Wellness,Organic Nutrition & Ayurveda,Trichy,Srirangam,Tamil Nadu,620006,10.8624,78.6947,6,2100.0,08:00-21:00,"POS,UPI,ONLINE,CARD",Subscription card stuffing,0.013,32,2593.64,INR,PURCHASE,POS,MOBILE_APP,1,0,Chennai,1.0,0,0,1,DEV-MONISHA-IPHONE-15,mobile_ios,0,BEN-CUST_MONISHA_001-TRUSTED,Trusted Household Vendor,10,0,4,22,0,0,0,None,Resolved Genuine,Standard Habitual Purchase,0
TXN-CUST_MONISHA_001-11191,2026-09-05 21:13:13,2026-09-05,21:13:13,21,5,1,0,CUST_MONISHA_001,420,Chennai,Tamil Nadu,Low Risk / 3% Fraud Rate,M022,SkillSpring Academy,Education / Training,Professional Certifications & Tech Bootcamps,Chennai,Mylapore,Tamil Nadu,600004,13.0368,80.2676,8,22000.0,08:30-19:30,"ONLINE,NETBANKING,CARD,UPI",Stolen corporate card enrollments,0.028,70,1863.67,INR,PURCHASE,NETBANKING,MOBILE_APP,0,0,Chennai,15.0,0,0,1,DEV-MONISHA-IPHONE-15,mobile_ios,0,BEN-CUST_MONISHA_001-TRUSTED,Trusted Household Vendor,6,0,2,12,0,0,0,None,Resolved Genuine,Standard Habitual Purchase,0
TXN-CUST_MONISHA_001-11192,2026-09-05 22:42:35,2026-09-05,22:42:35,22,5,1,0,CUST_MONISHA_001,420,Chennai,Tamil Nadu,Low Risk / 3% Fraud Rate,M017,AutoForge Parts,Spare Parts,OEM Industrial & Auto Components,Hosur,Mookandapalli,Tamil Nadu,635126,12.7409,77.8253,15,16500.0,09:00-19:30,"TRANSFER,POS,CARD",Business email compromise / fake beneficiary update,0.033,82,1988.14,INR,PURCHASE,TRANSFER,MOBILE_APP,1,0,Chennai,12.0,0,0,1,DEV-MONISHA-IPHONE-15,mobile_ios,0,BEN-CUST_MONISHA_001-TRUSTED,Trusted Household Vendor,10,0,3,19,0,0,0,None,Resolved Genuine,Standard Habitual Purchase,0
TXN-CUST_MONISHA_001-11193,2026-09-06 00:07:43,2026-09-06,00:07:43,0,6,1,1,CUST_MONISHA_001,420,Chennai,Tamil Nadu,Low Risk / 3% Fraud Rate,M020,GameGrid Arena,Gaming,"Esports, Consoles & Virtual Credits",Bengaluru,Koramangala,Karnataka,560095,12.9352,77.6245,4,3400.0,10:00-01:00,"ONLINE,UPI,CARD,WALLET",Virtual item laundering & bot-driven micro transactions,0.055,137,2782.93,INR,PURCHASE,UPI,MOBILE_APP,0,0,Chennai,7.0,0,0,1,DEV-MONISHA-IPHONE-15,mobile_ios,0,BEN-CUST_MONISHA_001-TRUSTED,Trusted Household Vendor,6,1,4,19,0,0,0,None,Resolved Genuine,Standard Habitual Purchase,0
TXN-CUST_MONISHA_001-11194,2026-09-06 01:36:52,2026-09-06,01:36:52,1,6,1,1,CUST_MONISHA_001,420,Chennai,Tamil Nadu,Low Risk / 3% Fraud Rate,M019,ArenaSport World,Sports Retail,Fitness Equipment & Sports Wear,Chennai,Nungambakkam,Tamil Nadu,600034,13.0604,80.2405,6,5600.0,10:00-21:30,"POS,ONLINE,UPI,CARD",Stolen card chargeback on premium sports gear,0.026,65,2249.03,INR,PURCHASE,UPI,MOBILE_APP,1,0,Chennai,8.0,0,0,1,DEV-MONISHA-IPHONE-15,mobile_ios,0,BEN-CUST_MONISHA_001-TRUSTED,Trusted Household Vendor,5,1,1,14,0,0,0,None,Resolved Genuine,Standard Habitual Purchase,0
TXN-CUST_MONISHA_001-11195,2026-09-06 03:05:29,2026-09-06,03:05:29,3,6,1,1,CUST_MONISHA_001,420,Chennai,Tamil Nadu,Low Risk / 3% Fraud Rate,M026,GreenLeaf Wellness,Health & Wellness,Organic Nutrition & Ayurveda,Trichy,Srirangam,Tamil Nadu,620006,10.8624,78.6947,6,2100.0,08:00-21:00,"POS,UPI,ONLINE,CARD",Subscription card stuffing,0.013,32,2608.58,INR,PURCHASE,UPI,MOBILE_APP,1,0,Chennai,2.0,0,0,1,DEV-MONISHA-IPHONE-15,mobile_ios,0,BEN-CUST_MONISHA_001-TRUSTED,Trusted Household Vendor,8,0,4,22,0,0,0,None,Resolved Genuine,Standard Habitual Purchase,0
TXN-CUST_MONISHA_001-11196,2026-09-06 04:29:51,2026-09-06,04:29:51,4,6,1,1,CUST_MONISHA_001,420,Chennai,Tamil Nadu,Low Risk / 3% Fraud Rate,M009,RapidFuel Station,Fuel Station,"Petrol, Diesel & EV Fast Charge",Salem,Fairlands,Tamil Nadu,636016,11.6643,78.146,9,3100.0,24_HOURS,"POS,FLEET_CARD,UPI",Automated fleet card skimming,0.024,60,2129.04,INR,PURCHASE,FLEET_CARD,MOBILE_APP,1,0,Chennai,6.0,0,0,1,DEV-MONISHA-IPHONE-15,mobile_ios,0,BEN-CUST_MONISHA_001-TRUSTED,Trusted Household Vendor,14,1,2,14,0,0,0,None,Resolved Genuine,Standard Habitual Purchase,0
TXN-CUST_MONISHA_001-11197,2026-09-06 05:59:10,2026-09-06,05:59:10,5,6,1,1,CUST_MONISHA_001,420,Chennai,Tamil Nadu,Low Risk / 3% Fraud Rate,M009,RapidFuel Station,Fuel Station,"Petrol, Diesel & EV Fast Charge",Salem,Fairlands,Tamil Nadu,636016,11.6643,78.146,9,3100.0,24_HOURS,"POS,FLEET_CARD,UPI",Automated fleet card skimming,0.024,60,2565.76,INR,PURCHASE,UPI,MOBILE_APP,1,0,Chennai,8.0,0,0,1,DEV-MONISHA-IPHONE-15,mobile_ios,0,BEN-CUST_MONISHA_001-TRUSTED,Trusted Household Vendor,4,0,2,17,0,0,0,None,Resolved Genuine,Standard Habitual Purchase,0
TXN-CUST_MONISHA_001-11198,2026-09-06 07:22:48,2026-09-06,07:22:48,7,6,1,0,CUST_MONISHA_001,420,Chennai,Tamil Nadu,Low Risk / 3% Fraud Rate,M028,CraftCove Home Decor,Home Decor,Handicrafts & Art Pieces,Thanjavur,Medical College Road,Tamil Nadu,613004,10.7684,79.1245,8,7400.0,09:30-20:30,"POS,UPI,CARD,ONLINE",Cross-border tourist chargebacks,0.023,57,1450.7,INR,PURCHASE,CARD,MOBILE_APP,1,0,Chennai,7.0,0,0,1,DEV-MONISHA-IPHONE-15,mobile_ios,0,BEN-CUST_MONISHA_001-TRUSTED,Trusted Household Vendor,10,0,2,18,0,0,0,None,Resolved Genuine,Standard Habitual Purchase,0
TXN-CUST_MONISHA_001-11199,2026-09-06 08:51:16,2026-09-06,08:51:16,8,6,1,0,CUST_MONISHA_001,420,Chennai,Tamil Nadu,Low Risk / 3% Fraud Rate,M011,SkyTrail Travels,Travel Agency,Flight & International Tour Packages,Coimbatore,Gandhipuram,Tamil Nadu,641012,11.0183,76.9664,11,44000.0,09:00-20:00,"ONLINE,TRANSFER,CARD",Mule-account ticket arbitrage & fast cancellation fraud,0.052,130,1654.42,INR,PURCHASE,CARD,MOBILE_APP,0,0,Chennai,11.0,0,0,1,DEV-MONISHA-IPHONE-15,mobile_ios,0,BEN-CUST_MONISHA_001-TRUSTED,Trusted Household Vendor,7,0,4,18,0,0,0,None,Resolved Genuine,Standard Habitual Purchase,0
TXN-CUST_MONISHA_001-11200,2026-09-06 10:18:24,2026-09-06,10:18:24,10,6,1,0,CUST_MONISHA_001,420,Chennai,Tamil Nadu,Low Risk / 3% Fraud Rate,M021,GlowCraft Salon,Salon / Beauty,Spa & Grooming Studio,Chennai,Porur,Tamil Nadu,600116,13.0382,80.1565,5,2800.0,09:00-21:00,"POS,UPI,CARD",Unusual late-night transaction spikes,0.011,27,913.52,INR,PURCHASE,POS,MOBILE_APP,1,0,Chennai,13.0,0,0,1,DEV-MONISHA-IPHONE-15,mobile_ios,0,BEN-CUST_MONISHA_001-TRUSTED,Trusted Household Vendor,5,0,1,10,0,0,0,None,Resolved Genuine,Standard Habitual Purchase,0
TXN-CUST_MONISHA_001-11201,2026-09-06 11:44:03,2026-09-06,11:44:03,11,6,1,0,CUST_MONISHA_001,420,Chennai,Tamil Nadu,Low Risk / 3% Fraud Rate,M019,ArenaSport World,Sports Retail,Fitness Equipment & Sports Wear,Chennai,Nungambakkam,Tamil Nadu,600034,13.0604,80.2405,6,5600.0,10:00-21:30,"POS,ONLINE,UPI,CARD",Stolen card chargeback on premium sports gear,0.026,65,1714.32,INR,PURCHASE,POS,MOBILE_APP,1,0,Chennai,2.0,0,0,1,DEV-MONISHA-IPHONE-15,mobile_ios,0,BEN-CUST_MONISHA_001-TRUSTED,Trusted Household Vendor,13,0,4,23,0,0,0,None,Resolved Genuine,Standard Habitual Purchase,0
TXN-CUST_MONISHA_001-11202,2026-09-06 13:10:15,2026-09-06,13:10:15,13,6,1,0,CUST_MONISHA_001,420,Chennai,Tamil Nadu,Low Risk / 3% Fraud Rate,M021,GlowCraft Salon,Salon / Beauty,Spa & Grooming Studio,Chennai,Porur,Tamil Nadu,600116,13.0382,80.1565,5,2800.0,09:00-21:00,"POS,UPI,CARD",Unusual late-night transaction spikes,0.011,27,2032.17,INR,PURCHASE,CARD,MOBILE_APP,1,0,Chennai,14.0,0,0,1,DEV-MONISHA-IPHONE-15,mobile_ios,0,BEN-CUST_MONISHA_001-TRUSTED,Trusted Household Vendor,5,0,1,7,0,0,0,None,Resolved Genuine,Standard Habitual Purchase,0
TXN-CUST_MONISHA_001-11203,2026-09-06 14:39:09,2026-09-06,14:39:09,14,6,1,0,CUST_MONISHA_001,420,Chennai,Tamil Nadu,Low Risk / 3% Fraud Rate,M013,CartNest Online,E-commerce,Multi-category Marketplace,Chennai,Guindy,Tamil Nadu,600032,13.0067,80.2026,5,6200.0,24_HOURS,"ONLINE,UPI,CARD,NETBANKING",Account takeover + triangulation shipping fraud,0.045,112,2577.63,INR,PURCHASE,CARD,MOBILE_APP,0,0,Chennai,4.0,0,0,1,DEV-MONISHA-IPHONE-15,mobile_ios,0,BEN-CUST_MONISHA_001-TRUSTED,Trusted Household Vendor,8,0,1,13,0,0,0,None,Resolved Genuine,Standard Habitual Purchase,0
TXN-CUST_MONISHA_001-11204,2026-09-06 16:03:49,2026-09-06,16:03:49,16,6,1,0,CUST_MONISHA_001,420,Chennai,Tamil Nadu,Low Risk / 3% Fraud Rate,M024,LinkWave Telecom,Telecom Retail,Fiber Broadband & Postpaid Plans,Erode,Perundurai Road,Tamil Nadu,638011,11.341,77.7172,10,1950.0,09:30-20:30,"UPI,CARD,ONLINE,POS",SIM swap bill recharge surges,0.017,42,1894.35,INR,PURCHASE,CARD,MOBILE_APP,1,0,Chennai,5.0,0,0,1,DEV-MONISHA-IPHONE-15,mobile_ios,0,BEN-CUST_MONISHA_001-TRUSTED,Trusted Household Vendor,10,0,2,13,0,0,0,None,Resolved Genuine,Standard Habitual Purchase,0
TXN-CUST_MONISHA_001-11205,2026-09-06 17:29:09,2026-09-06,17:29:09,17,6,1,0,CUST_MONISHA_001,420,Chennai,Tamil Nadu,Low Risk / 3% Fraud Rate,M002,CircuitBay Electronics,Consumer Electronics,Laptops & Gadgets,Chennai,Velachery,Tamil Nadu,600042,12.9759,80.2212,6,32000.0,10:00-21:30,"POS,ONLINE,EMI,UPI",Stolen payment details / high-ticket electronics delivery,0.048,120,3091.48,INR,PURCHASE,UPI,MOBILE_APP,1,0,Chennai,13.0,0,0,1,DEV-MONISHA-IPHONE-15,mobile_ios,0,BEN-CUST_MONISHA_001-TRUSTED,Trusted Household Vendor,15,0,3,21,0,0,0,None,Resolved Genuine,Standard Habitual Purchase,0
TXN-CUST_MONISHA_001-11206,2026-09-06 18:53:50,2026-09-06,18:53:50,18,6,1,0,CUST_MONISHA_001,420,Chennai,Tamil Nadu,Low Risk / 3% Fraud Rate,M007,SpiceRoute Kitchen,Restaurant,Fine Dining & Chettinad,Chennai,Adyar,Tamil Nadu,600020,13.0012,80.2565,7,2200.0,11:30-23:30,"POS,UPI,CARD",Cloned card POS terminal replay,0.018,45,2811.17,INR,PURCHASE,CARD,MOBILE_APP,1,0,Chennai,13.0,0,0,1,DEV-MONISHA-IPHONE-15,mobile_ios,0,BEN-CUST_MONISHA_001-TRUSTED,Trusted Household Vendor,7,0,3,16,0,0,0,None,Resolved Genuine,Standard Habitual Purchase,0
TXN-CUST_MONISHA_001-11207,2026-09-06 20:17:44,2026-09-06,20:17:44,20,6,1,0,CUST_MONISHA_001,420,Chennai,Tamil Nadu,Low Risk / 3% Fraud Rate,M003,Pulse Mobile Hub,Mobile Store,Smartphones & Accessories,Chennai,Tambaram,Tamil Nadu,600045,12.9249,80.1278,4,18500.0,09:30-21:30,"POS,UPI,CARD",New device abuse / rapid checkout surge,0.035,87,40394.15,INR,P2P_TRANSFER,POS,WEB_PORTAL,0,0,Hyderabad,762.0,1,1,0,DEV-LAPTOP-CHROME-994,web_browser,1,BEN-NEW-365,Global Flight Booking,0,3,8,34,1,0,0,Geographic Anomaly / High Ticket Spike,Review Required,Sudden location velocity jump with new merchant,1
TXN-CUST_MONISHA_001-11208,2026-09-06 21:41:41,2026-09-06,21:41:41,21,6,1,0,CUST_MONISHA_001,420,Chennai,Tamil Nadu,Low Risk / 3% Fraud Rate,M029,CloudDesk Digital,Software / Digital Services,Cloud Infrastructure & SaaS Tools,Bengaluru,Whitefield,Karnataka,560066,12.9698,77.7499,7,19800.0,24_HOURS,"ONLINE,CARD,TRANSFER",Cryptomining VM rental with stolen credit cards,0.058,145,1782.77,INR,PURCHASE,CARD,MOBILE_APP,0,0,Chennai,13.0,0,0,1,DEV-MONISHA-IPHONE-15,mobile_ios,0,BEN-CUST_MONISHA_001-TRUSTED,Trusted Household Vendor,8,0,2,17,0,0,0,None,Resolved Genuine,Standard Habitual Purchase,0
TXN-CUST_MONISHA_001-11209,2026-09-06 23:07:56,2026-09-06,23:07:56,23,6,1,1,CUST_MONISHA_001,420,Chennai,Tamil Nadu,Low Risk / 3% Fraud Rate,M023,SwiftBox Logistics,Courier / Logistics,Express Parcel & Freight Delivery,Tiruppur,Avinashi Road,Tamil Nadu,641603,11.1085,77.3411,9,4200.0,08:00-21:00,"POS,UPI,CARD,ONLINE",Interception fraud / address redirection,0.02,50,2614.23,INR,PURCHASE,UPI,MOBILE_APP,1,0,Chennai,12.0,0,0,1,DEV-MONISHA-IPHONE-15,mobile_ios,0,BEN-CUST_MONISHA_001-TRUSTED,Trusted Household Vendor,3,0,4,19,0,0,0,None,Resolved Genuine,Standard Habitual Purchase,0
TXN-CUST_MONISHA_001-11210,2026-09-07 00:35:40,2026-09-07,00:35:40,0,0,0,1,CUST_MONISHA_001,420,Chennai,Tamil Nadu,Low Risk / 3% Fraud Rate,M019,ArenaSport World,Sports Retail,Fitness Equipment & Sports Wear,Chennai,Nungambakkam,Tamil Nadu,600034,13.0604,80.2405,6,5600.0,10:00-21:30,"POS,ONLINE,UPI,CARD",Stolen card chargeback on premium sports gear,0.026,65,14913.46,INR,P2P_TRANSFER,CARD,WEB_PORTAL,0,0,Hyderabad,1060.0,1,1,0,DEV-LAPTOP-CHROME-943,web_browser,1,BEN-NEW-254,Global Flight Booking,0,4,9,40,1,0,0,Geographic Anomaly / High Ticket Spike,Review Required,Sudden location velocity jump with new merchant,1
TXN-CUST_MONISHA_001-11211,2026-09-07 02:02:04,2026-09-07,02:02:04,2,0,0,1,CUST_MONISHA_001,420,Chennai,Tamil Nadu,Low Risk / 3% Fraud Rate,M011,SkyTrail Travels,Travel Agency,Flight & International Tour Packages,Coimbatore,Gandhipuram,Tamil Nadu,641012,11.0183,76.9664,11,44000.0,09:00-20:00,"ONLINE,TRANSFER,CARD",Mule-account ticket arbitrage & fast cancellation fraud,0.052,130,1045.84,INR,PURCHASE,ONLINE,MOBILE_APP,0,0,Chennai,11.0,0,0,1,DEV-MONISHA-IPHONE-15,mobile_ios,0,BEN-CUST_MONISHA_001-TRUSTED,Trusted Household Vendor,10,0,1,13,0,0,0,None,Resolved Genuine,Standard Habitual Purchase,0
TXN-CUST_MONISHA_001-11212,2026-09-07 03:29:18,2026-09-07,03:29:18,3,0,0,1,CUST_MONISHA_001,420,Chennai,Tamil Nadu,Low Risk / 3% Fraud Rate,M019,ArenaSport World,Sports Retail,Fitness Equipment & Sports Wear,Chennai,Nungambakkam,Tamil Nadu,600034,13.0604,80.2405,6,5600.0,10:00-21:30,"POS,ONLINE,UPI,CARD",Stolen card chargeback on premium sports gear,0.026,65,1008.02,INR,PURCHASE,ONLINE,MOBILE_APP,1,0,Chennai,4.0,0,0,1,DEV-MONISHA-IPHONE-15,mobile_ios,0,BEN-CUST_MONISHA_001-TRUSTED,Trusted Household Vendor,9,0,2,16,0,0,0,None,Resolved Genuine,Standard Habitual Purchase,0
TXN-CUST_MONISHA_001-11213,2026-09-07 04:54:00,2026-09-07,04:54:00,4,0,0,1,CUST_MONISHA_001,420,Chennai,Tamil Nadu,Low Risk / 3% Fraud Rate,M007,SpiceRoute Kitchen,Restaurant,Fine Dining & Chettinad,Chennai,Adyar,Tamil Nadu,600020,13.0012,80.2565,7,2200.0,11:30-23:30,"POS,UPI,CARD",Cloned card POS terminal replay,0.018,45,3008.56,INR,PURCHASE,UPI,MOBILE_APP,1,0,Chennai,11.0,0,0,1,DEV-MONISHA-IPHONE-15,mobile_ios,0,BEN-CUST_MONISHA_001-TRUSTED,Trusted Household Vendor,8,0,1,6,0,0,0,None,Resolved Genuine,Standard Habitual Purchase,0
TXN-CUST_MONISHA_001-11214,2026-09-07 06:19:13,2026-09-07,06:19:13,6,0,0,0,CUST_MONISHA_001,420,Chennai,Tamil Nadu,Low Risk / 3% Fraud Rate,M010,HarborView Residency,Hotel / Hospitality,Business & Luxury Hotel,Chennai,OMR,Tamil Nadu,600096,12.9165,80.2285,6,9500.0,24_HOURS,"ONLINE,POS,CARD,TRANSFER",Online travel booking fraud with stolen corporate credentials,0.041,102,1954.88,INR,PURCHASE,TRANSFER,MOBILE_APP,1,0,Chennai,14.0,0,0,1,DEV-MONISHA-IPHONE-15,mobile_ios,0,BEN-CUST_MONISHA_001-TRUSTED,Trusted Household Vendor,13,1,4,24,0,0,0,None,Resolved Genuine,Standard Habitual Purchase,0
TXN-CUST_MONISHA_001-11215,2026-09-07 07:45:04,2026-09-07,07:45:04,7,0,0,0,CUST_MONISHA_001,420,Chennai,Tamil Nadu,Low Risk / 3% Fraud Rate,M012,DashDine Delivery,Food Delivery,Quick Commerce & Meal Delivery,Chennai,Sholinganallur,Tamil Nadu,600119,12.901,80.2279,4,520.0,06:00-02:00,"UPI,CARD,ONLINE,WALLET",Promo code abuse / stolen wallet balances,0.014,35,2717.95,INR,PURCHASE,CARD,MOBILE_APP,0,0,Chennai,7.0,0,0,1,DEV-MONISHA-IPHONE-15,mobile_ios,0,BEN-CUST_MONISHA_001-TRUSTED,Trusted Household Vendor,4,0,3,21,0,0,0,None,Resolved Genuine,Standard Habitual Purchase,0
TXN-CUST_MONISHA_001-11216,2026-09-07 09:11:03,2026-09-07,09:11:03,9,0,0,0,CUST_MONISHA_001,420,Chennai,Tamil Nadu,Low Risk / 3% Fraud Rate,M006,MedicoCare Pharmacy,Pharmacy,Medicines & Surgical Supplies,Madurai,KK Nagar,Tamil Nadu,625020,9.9252,78.1498,10,1450.0,24_HOURS,"POS,UPI,CARD,ONLINE",Nighttime micro card testing,0.015,37,2073.44,INR,PURCHASE,ONLINE,MOBILE_APP,1,0,Chennai,3.0,0,0,1,DEV-MONISHA-IPHONE-15,mobile_ios,0,BEN-CUST_MONISHA_001-TRUSTED,Trusted Household Vendor,7,0,4,22,0,0,0,None,Resolved Genuine,Standard Habitual Purchase,0
TXN-CUST_MONISHA_001-11217,2026-09-07 10:38:39,2026-09-07,10:38:39,10,0,0,0,CUST_MONISHA_001,420,Chennai,Tamil Nadu,Low Risk / 3% Fraud Rate,M029,CloudDesk Digital,Software / Digital Services,Cloud Infrastructure & SaaS Tools,Bengaluru,Whitefield,Karnataka,560066,12.9698,77.7499,7,19800.0,24_HOURS,"ONLINE,CARD,TRANSFER",Cryptomining VM rental with stolen credit cards,0.058,145,2785.37,INR,PURCHASE,TRANSFER,MOBILE_APP,0,0,Chennai,2.0,0,0,1,DEV-MONISHA-IPHONE-15,mobile_ios,0,BEN-CUST_MONISHA_001-TRUSTED,Trusted Household Vendor,4,0,1,6,0,0,0,None,Resolved Genuine,Standard Habitual Purchase,0
TXN-CUST_MONISHA_001-11218,2026-09-07 12:05:45,2026-09-07,12:05:45,12,0,0,0,CUST_MONISHA_001,420,Chennai,Tamil Nadu,Low Risk / 3% Fraud Rate,M014,OakLine Furnishings,Furniture,Teak Wood & Modern Home Decor,Madurai,Bypass Road,Tamil Nadu,625016,9.932,78.109,12,38000.0,10:00-21:00,"POS,CARD,TRANSFER,EMI",Invoice redirection fraud / fake payment slips,0.029,72,1022.6,INR,PURCHASE,EMI,MOBILE_APP,1,0,Chennai,12.0,0,0,1,DEV-MONISHA-IPHONE-15,mobile_ios,0,BEN-CUST_MONISHA_001-TRUSTED,Trusted Household Vendor,13,0,1,14,0,0,0,None,Resolved Genuine,Standard Habitual Purchase,0
TXN-CUST_MONISHA_001-11219,2026-09-07 13:32:38,2026-09-07,13:32:38,13,0,0,0,CUST_MONISHA_001,420,Chennai,Tamil Nadu,Low Risk / 3% Fraud Rate,M002,CircuitBay Electronics,Consumer Electronics,Laptops & Gadgets,Chennai,Velachery,Tamil Nadu,600042,12.9759,80.2212,6,32000.0,10:00-21:30,"POS,ONLINE,EMI,UPI",Stolen payment details / high-ticket electronics delivery,0.048,120,2342.44,INR,PURCHASE,UPI,MOBILE_APP,1,0,Chennai,14.0,0,0,1,DEV-MONISHA-IPHONE-15,mobile_ios,0,BEN-CUST_MONISHA_001-TRUSTED,Trusted Household Vendor,15,0,2,18,0,0,0,None,Resolved Genuine,Standard Habitual Purchase,0
TXN-CUST_MONISHA_001-11220,2026-09-07 14:58:20,2026-09-07,14:58:20,14,0,0,0,CUST_MONISHA_001,420,Chennai,Tamil Nadu,Low Risk / 3% Fraud Rate,M007,SpiceRoute Kitchen,Restaurant,Fine Dining & Chettinad,Chennai,Adyar,Tamil Nadu,600020,13.0012,80.2565,7,2200.0,11:30-23:30,"POS,UPI,CARD",Cloned card POS terminal replay,0.018,45,2783.84,INR,PURCHASE,CARD,MOBILE_APP,1,0,Chennai,2.0,0,0,1,DEV-MONISHA-IPHONE-15,mobile_ios,0,BEN-CUST_MONISHA_001-TRUSTED,Trusted Household Vendor,9,0,4,24,0,0,0,None,Resolved Genuine,Standard Habitual Purchase,0
TXN-CUST_MONISHA_001-11221,2026-09-07 16:21:46,2026-09-07,16:21:46,16,0,0,0,CUST_MONISHA_001,420,Chennai,Tamil Nadu,Low Risk / 3% Fraud Rate,M012,DashDine Delivery,Food Delivery,Quick Commerce & Meal Delivery,Chennai,Sholinganallur,Tamil Nadu,600119,12.901,80.2279,4,520.0,06:00-02:00,"UPI,CARD,ONLINE,WALLET",Promo code abuse / stolen wallet balances,0.014,35,2610.34,INR,PURCHASE,WALLET,MOBILE_APP,0,0,Chennai,9.0,0,0,1,DEV-MONISHA-IPHONE-15,mobile_ios,0,BEN-CUST_MONISHA_001-TRUSTED,Trusted Household Vendor,7,0,3,17,0,0,0,None,Resolved Genuine,Standard Habitual Purchase,0
TXN-CUST_MONISHA_001-11222,2026-09-07 17:45:12,2026-09-07,17:45:12,17,0,0,0,CUST_MONISHA_001,420,Chennai,Tamil Nadu,Low Risk / 3% Fraud Rate,M014,OakLine Furnishings,Furniture,Teak Wood & Modern Home Decor,Madurai,Bypass Road,Tamil Nadu,625016,9.932,78.109,12,38000.0,10:00-21:00,"POS,CARD,TRANSFER,EMI",Invoice redirection fraud / fake payment slips,0.029,72,856.46,INR,PURCHASE,TRANSFER,MOBILE_APP,1,0,Chennai,1.0,0,0,1,DEV-MONISHA-IPHONE-15,mobile_ios,0,BEN-CUST_MONISHA_001-TRUSTED,Trusted Household Vendor,11,1,3,19,0,0,0,None,Resolved Genuine,Standard Habitual Purchase,0
TXN-CUST_MONISHA_001-11223,2026-09-07 19:09:37,2026-09-07,19:09:37,19,0,0,0,CUST_MONISHA_001,420,Chennai,Tamil Nadu,Low Risk / 3% Fraud Rate,M019,ArenaSport World,Sports Retail,Fitness Equipment & Sports Wear,Chennai,Nungambakkam,Tamil Nadu,600034,13.0604,80.2405,6,5600.0,10:00-21:30,"POS,ONLINE,UPI,CARD",Stolen card chargeback on premium sports gear,0.026,65,3103.22,INR,PURCHASE,CARD,MOBILE_APP,1,0,Chennai,4.0,0,0,1,DEV-MONISHA-IPHONE-15,mobile_ios,0,BEN-CUST_MONISHA_001-TRUSTED,Trusted Household Vendor,6,0,4,18,0,0,0,None,Resolved Genuine,Standard Habitual Purchase,0
TXN-CUST_MONISHA_001-11224,2026-09-07 20:37:50,2026-09-07,20:37:50,20,0,0,0,CUST_MONISHA_001,420,Chennai,Tamil Nadu,Low Risk / 3% Fraud Rate,M019,ArenaSport World,Sports Retail,Fitness Equipment & Sports Wear,Chennai,Nungambakkam,Tamil Nadu,600034,13.0604,80.2405,6,5600.0,10:00-21:30,"POS,ONLINE,UPI,CARD",Stolen card chargeback on premium sports gear,0.026,65,1784.1,INR,PURCHASE,UPI,MOBILE_APP,1,0,Chennai,11.0,0,0,1,DEV-MONISHA-IPHONE-15,mobile_ios,0,BEN-CUST_MONISHA_001-TRUSTED,Trusted Household Vendor,9,0,2,18,0,0,0,None,Resolved Genuine,Standard Habitual Purchase,0
TXN-CUST_MONISHA_001-11225,2026-09-07 22:02:11,2026-09-07,22:02:11,22,0,0,0,CUST_MONISHA_001,420,Chennai,Tamil Nadu,Low Risk / 3% Fraud Rate,M008,BeanCircuit Cafe,Cafe,Specialty Coffee & Bakery,Bengaluru,Indiranagar,Karnataka,560038,12.9784,77.6408,3,650.0,07:30-23:00,"UPI,POS,CARD",QR code spoofing / fast velocity dining,0.009,22,1013.01,INR,PURCHASE,CARD,MOBILE_APP,1,0,Chennai,13.0,0,0,1,DEV-MONISHA-IPHONE-15,mobile_ios,0,BEN-CUST_MONISHA_001-TRUSTED,Trusted Household Vendor,13,1,1,12,0,0,0,None,Resolved Genuine,Standard Habitual Purchase,0
TXN-CUST_MONISHA_001-11226,2026-09-07 23:30:38,2026-09-07,23:30:38,23,0,0,1,CUST_MONISHA_001,420,Chennai,Tamil Nadu,Low Risk / 3% Fraud Rate,M021,GlowCraft Salon,Salon / Beauty,Spa & Grooming Studio,Chennai,Porur,Tamil Nadu,600116,13.0382,80.1565,5,2800.0,09:00-21:00,"POS,UPI,CARD",Unusual late-night transaction spikes,0.011,27,2925.0,INR,PURCHASE,POS,MOBILE_APP,1,0,Chennai,14.0,0,0,1,DEV-MONISHA-IPHONE-15,mobile_ios,0,BEN-CUST_MONISHA_001-TRUSTED,Trusted Household Vendor,6,0,3,15,0,0,0,None,Resolved Genuine,Standard Habitual Purchase,0
TXN-CUST_MONISHA_001-11227,2026-09-08 00:54:11,2026-09-08,00:54:11,0,1,0,1,CUST_MONISHA_001,420,Chennai,Tamil Nadu,Low Risk / 3% Fraud Rate,M001,NovaMart Fresh,Grocery & Supermarket,Supermarket / Hypermarket,Chennai,T Nagar,Tamil Nadu,600017,13.0418,80.2341,8,1250.0,07:00-22:30,"POS,UPI,CARD,ONLINE",Card testing / micro-burst velocity,0.012,30,2251.61,INR,PURCHASE,ONLINE,MOBILE_APP,1,0,Chennai,10.0,0,0,1,DEV-MONISHA-IPHONE-15,mobile_ios,0,BEN-CUST_MONISHA_001-TRUSTED,Trusted Household Vendor,12,1,1,6,0,0,0,None,Resolved Genuine,Standard Habitual Purchase,0
TXN-CUST_MONISHA_001-11228,2026-09-08 02:22:03,2026-09-08,02:22:03,2,1,0,1,CUST_MONISHA_001,420,Chennai,Tamil Nadu,Low Risk / 3% Fraud Rate,M005,UrbanThread Studio,Fashion / Apparel,Designer & Ready-to-wear,Chennai,Anna Nagar,Tamil Nadu,600040,13.085,80.2101,5,4800.0,10:30-22:00,"POS,ONLINE,UPI,CARD",Refund abuse / credential stuffing,0.022,55,3081.19,INR,PURCHASE,ONLINE,MOBILE_APP,1,0,Chennai,11.0,0,0,1,DEV-MONISHA-IPHONE-15,mobile_ios,0,BEN-CUST_MONISHA_001-TRUSTED,Trusted Household Vendor,5,0,3,17,0,0,0,None,Resolved Genuine,Standard Habitual Purchase,0
TXN-CUST_MONISHA_001-11229,2026-09-08 03:47:14,2026-09-08,03:47:14,3,1,0,1,CUST_MONISHA_001,420,Chennai,Tamil Nadu,Low Risk / 3% Fraud Rate,M018,PageTurn Book House,Bookstore,"Academic, Fiction & Stationery",Trichy,Thillai Nagar,Tamil Nadu,620018,10.8282,78.6854,16,850.0,09:00-21:30,"POS,UPI,CARD,ONLINE",Low-value card testing bots,0.008,20,2746.67,INR,PURCHASE,CARD,MOBILE_APP,1,0,Chennai,12.0,0,0,1,DEV-MONISHA-IPHONE-15,mobile_ios,0,BEN-CUST_MONISHA_001-TRUSTED,Trusted Household Vendor,15,0,4,18,0,0,0,None,Resolved Genuine,Standard Habitual Purchase,0
TXN-CUST_MONISHA_001-11230,2026-09-08 05:12:17,2026-09-08,05:12:17,5,1,0,1,CUST_MONISHA_001,420,Chennai,Tamil Nadu,Low Risk / 3% Fraud Rate,M005,UrbanThread Studio,Fashion / Apparel,Designer & Ready-to-wear,Chennai,Anna Nagar,Tamil Nadu,600040,13.085,80.2101,5,4800.0,10:30-22:00,"POS,ONLINE,UPI,CARD",Refund abuse / credential stuffing,0.022,55,2248.2,INR,PURCHASE,CARD,MOBILE_APP,1,0,Chennai,11.0,0,0,1,DEV-MONISHA-IPHONE-15,mobile_ios,0,BEN-CUST_MONISHA_001-TRUSTED,Trusted Household Vendor,4,0,1,7,0,0,0,None,Resolved Genuine,Standard Habitual Purchase,0
TXN-CUST_MONISHA_001-11231,2026-09-08 06:36:19,2026-09-08,06:36:19,6,1,0,0,CUST_MONISHA_001,420,Chennai,Tamil Nadu,Low Risk / 3% Fraud Rate,M010,HarborView Residency,Hotel / Hospitality,Business & Luxury Hotel,Chennai,OMR,Tamil Nadu,600096,12.9165,80.2285,6,9500.0,24_HOURS,"ONLINE,POS,CARD,TRANSFER",Online travel booking fraud with stolen corporate credentials,0.041,102,1393.07,INR,PURCHASE,POS,MOBILE_APP,1,0,Chennai,3.0,0,0,1,DEV-MONISHA-IPHONE-15,mobile_ios,0,BEN-CUST_MONISHA_001-TRUSTED,Trusted Household Vendor,8,1,4,24,0,0,0,None,Resolved Genuine,Standard Habitual Purchase,0
TXN-CUST_MONISHA_001-11232,2026-09-08 08:00:19,2026-09-08,08:00:19,8,1,0,0,CUST_MONISHA_001,420,Chennai,Tamil Nadu,Low Risk / 3% Fraud Rate,M026,GreenLeaf Wellness,Health & Wellness,Organic Nutrition & Ayurveda,Trichy,Srirangam,Tamil Nadu,620006,10.8624,78.6947,6,2100.0,08:00-21:00,"POS,UPI,ONLINE,CARD",Subscription card stuffing,0.013,32,831.38,INR,PURCHASE,CARD,MOBILE_APP,1,0,Chennai,2.0,0,0,1,DEV-MONISHA-IPHONE-15,mobile_ios,0,BEN-CUST_MONISHA_001-TRUSTED,Trusted Household Vendor,6,0,1,12,0,0,0,None,Resolved Genuine,Standard Habitual Purchase,0
TXN-CUST_MONISHA_001-11233,2026-09-08 09:29:04,2026-09-08,09:29:04,9,1,0,0,CUST_MONISHA_001,420,Chennai,Tamil Nadu,Low Risk / 3% Fraud Rate,M021,GlowCraft Salon,Salon / Beauty,Spa & Grooming Studio,Chennai,Porur,Tamil Nadu,600116,13.0382,80.1565,5,2800.0,09:00-21:00,"POS,UPI,CARD",Unusual late-night transaction spikes,0.011,27,8600.55,INR,PURCHASE,CARD,MOBILE_APP,0,0,Mumbai,605.0,1,0,1,DEV-MONISHA-IPHONE-15,mobile_ios,0,BEN-CUST_MONISHA_001-01,Self Family Transfer,3,2,5,22,1,0,0,Geographic Anomaly / High Ticket Spike,Review Required,Sudden location velocity jump with new merchant,1
TXN-CUST_MONISHA_001-11234,2026-09-08 10:53:10,2026-09-08,10:53:10,10,1,0,0,CUST_MONISHA_001,420,Chennai,Tamil Nadu,Low Risk / 3% Fraud Rate,M011,SkyTrail Travels,Travel Agency,Flight & International Tour Packages,Coimbatore,Gandhipuram,Tamil Nadu,641012,11.0183,76.9664,11,44000.0,09:00-20:00,"ONLINE,TRANSFER,CARD",Mule-account ticket arbitrage & fast cancellation fraud,0.052,130,3105.35,INR,PURCHASE,CARD,MOBILE_APP,0,0,Chennai,8.0,0,0,1,DEV-MONISHA-IPHONE-15,mobile_ios,0,BEN-CUST_MONISHA_001-TRUSTED,Trusted Household Vendor,5,0,1,10,0,0,0,None,Resolved Genuine,Standard Habitual Purchase,0
TXN-CUST_MONISHA_001-11235,2026-09-08 12:22:07,2026-09-08,12:22:07,12,1,0,0,CUST_MONISHA_001,420,Chennai,Tamil Nadu,Low Risk / 3% Fraud Rate,M007,SpiceRoute Kitchen,Restaurant,Fine Dining & Chettinad,Chennai,Adyar,Tamil Nadu,600020,13.0012,80.2565,7,2200.0,11:30-23:30,"POS,UPI,CARD",Cloned card POS terminal replay,0.018,45,2198.3,INR,PURCHASE,UPI,MOBILE_APP,1,0,Chennai,9.0,0,0,1,DEV-MONISHA-IPHONE-15,mobile_ios,0,BEN-CUST_MONISHA_001-TRUSTED,Trusted Household Vendor,6,1,2,11,0,0,0,None,Resolved Genuine,Standard Habitual Purchase,0
TXN-CUST_MONISHA_001-11236,2026-09-08 13:50:55,2026-09-08,13:50:55,13,1,0,0,CUST_MONISHA_001,420,Chennai,Tamil Nadu,Low Risk / 3% Fraud Rate,M001,NovaMart Fresh,Grocery & Supermarket,Supermarket / Hypermarket,Chennai,T Nagar,Tamil Nadu,600017,13.0418,80.2341,8,1250.0,07:00-22:30,"POS,UPI,CARD,ONLINE",Card testing / micro-burst velocity,0.012,30,1546.44,INR,PURCHASE,CARD,MOBILE_APP,1,0,Chennai,4.0,0,0,1,DEV-MONISHA-IPHONE-15,mobile_ios,0,BEN-CUST_MONISHA_001-TRUSTED,Trusted Household Vendor,7,1,2,17,0,0,0,None,Resolved Genuine,Standard Habitual Purchase,0
TXN-CUST_MONISHA_001-11237,2026-09-08 15:15:31,2026-09-08,15:15:31,15,1,0,0,CUST_MONISHA_001,420,Chennai,Tamil Nadu,Low Risk / 3% Fraud Rate,M003,Pulse Mobile Hub,Mobile Store,Smartphones & Accessories,Chennai,Tambaram,Tamil Nadu,600045,12.9249,80.1278,4,18500.0,09:30-21:30,"POS,UPI,CARD",New device abuse / rapid checkout surge,0.035,87,42327.53,INR,P2P_TRANSFER,UPI,MOBILE_APP,0,0,Delhi,778.0,1,0,1,DEV-MONISHA-IPHONE-15,mobile_ios,1,BEN-NEW-624,Global Flight Booking,0,4,10,45,1,0,0,Geographic Anomaly / High Ticket Spike,Review Required,Sudden location velocity jump with new merchant,1
TXN-CUST_MONISHA_001-11238,2026-09-08 16:40:25,2026-09-08,16:40:25,16,1,0,0,CUST_MONISHA_001,420,Chennai,Tamil Nadu,Low Risk / 3% Fraud Rate,M007,SpiceRoute Kitchen,Restaurant,Fine Dining & Chettinad,Chennai,Adyar,Tamil Nadu,600020,13.0012,80.2565,7,2200.0,11:30-23:30,"POS,UPI,CARD",Cloned card POS terminal replay,0.018,45,2387.71,INR,PURCHASE,CARD,MOBILE_APP,1,0,Chennai,15.0,0,0,1,DEV-MONISHA-IPHONE-15,mobile_ios,0,BEN-CUST_MONISHA_001-TRUSTED,Trusted Household Vendor,4,0,4,22,0,0,0,None,Resolved Genuine,Standard Habitual Purchase,0
TXN-CUST_MONISHA_001-11239,2026-09-08 18:04:48,2026-09-08,18:04:48,18,1,0,0,CUST_MONISHA_001,420,Chennai,Tamil Nadu,Low Risk / 3% Fraud Rate,M007,SpiceRoute Kitchen,Restaurant,Fine Dining & Chettinad,Chennai,Adyar,Tamil Nadu,600020,13.0012,80.2565,7,2200.0,11:30-23:30,"POS,UPI,CARD",Cloned card POS terminal replay,0.018,45,3011.8,INR,PURCHASE,CARD,MOBILE_APP,1,0,Chennai,8.0,0,0,1,DEV-MONISHA-IPHONE-15,mobile_ios,0,BEN-CUST_MONISHA_001-TRUSTED,Trusted Household Vendor,9,0,4,22,0,0,0,None,Resolved Genuine,Standard Habitual Purchase,0
TXN-CUST_MONISHA_001-11240,2026-09-08 19:33:06,2026-09-08,19:33:06,19,1,0,0,CUST_MONISHA_001,420,Chennai,Tamil Nadu,Low Risk / 3% Fraud Rate,M020,GameGrid Arena,Gaming,"Esports, Consoles & Virtual Credits",Bengaluru,Koramangala,Karnataka,560095,12.9352,77.6245,4,3400.0,10:00-01:00,"ONLINE,UPI,CARD,WALLET",Virtual item laundering & bot-driven micro transactions,0.055,137,1031.69,INR,PURCHASE,ONLINE,MOBILE_APP,0,0,Chennai,7.0,0,0,1,DEV-MONISHA-IPHONE-15,mobile_ios,0,BEN-CUST_MONISHA_001-TRUSTED,Trusted Household Vendor,8,0,3,21,0,0,0,None,Resolved Genuine,Standard Habitual Purchase,0
TXN-CUST_MONISHA_001-11241,2026-09-08 20:57:30,2026-09-08,20:57:30,20,1,0,0,CUST_MONISHA_001,420,Chennai,Tamil Nadu,Low Risk / 3% Fraud Rate,M002,CircuitBay Electronics,Consumer Electronics,Laptops & Gadgets,Chennai,Velachery,Tamil Nadu,600042,12.9759,80.2212,6,32000.0,10:00-21:30,"POS,ONLINE,EMI,UPI",Stolen payment details / high-ticket electronics delivery,0.048,120,3021.95,INR,PURCHASE,EMI,MOBILE_APP,1,0,Chennai,5.0,0,0,1,DEV-MONISHA-IPHONE-15,mobile_ios,0,BEN-CUST_MONISHA_001-TRUSTED,Trusted Household Vendor,12,0,3,20,0,0,0,None,Resolved Genuine,Standard Habitual Purchase,0
TXN-CUST_MONISHA_001-11242,2026-09-08 22:21:05,2026-09-08,22:21:05,22,1,0,0,CUST_MONISHA_001,420,Chennai,Tamil Nadu,Low Risk / 3% Fraud Rate,M006,MedicoCare Pharmacy,Pharmacy,Medicines & Surgical Supplies,Madurai,KK Nagar,Tamil Nadu,625020,9.9252,78.1498,10,1450.0,24_HOURS,"POS,UPI,CARD,ONLINE",Nighttime micro card testing,0.015,37,2673.15,INR,PURCHASE,POS,MOBILE_APP,1,0,Chennai,7.0,0,0,1,DEV-MONISHA-IPHONE-15,mobile_ios,0,BEN-CUST_MONISHA_001-TRUSTED,Trusted Household Vendor,6,0,3,17,0,0,0,None,Resolved Genuine,Standard Habitual Purchase,0
TXN-CUST_MONISHA_001-11243,2026-09-08 23:48:26,2026-09-08,23:48:26,23,1,0,1,CUST_MONISHA_001,420,Chennai,Tamil Nadu,Low Risk / 3% Fraud Rate,M012,DashDine Delivery,Food Delivery,Quick Commerce & Meal Delivery,Chennai,Sholinganallur,Tamil Nadu,600119,12.901,80.2279,4,520.0,06:00-02:00,"UPI,CARD,ONLINE,WALLET",Promo code abuse / stolen wallet balances,0.014,35,1119.39,INR,PURCHASE,UPI,MOBILE_APP,0,0,Chennai,6.0,0,0,1,DEV-MONISHA-IPHONE-15,mobile_ios,0,BEN-CUST_MONISHA_001-TRUSTED,Trusted Household Vendor,14,1,3,19,0,0,0,None,Resolved Genuine,Standard Habitual Purchase,0
TXN-CUST_MONISHA_001-11244,2026-09-09 01:13:06,2026-09-09,01:13:06,1,2,0,1,CUST_MONISHA_001,420,Chennai,Tamil Nadu,Low Risk / 3% Fraud Rate,M019,ArenaSport World,Sports Retail,Fitness Equipment & Sports Wear,Chennai,Nungambakkam,Tamil Nadu,600034,13.0604,80.2405,6,5600.0,10:00-21:30,"POS,ONLINE,UPI,CARD",Stolen card chargeback on premium sports gear,0.026,65,2640.86,INR,PURCHASE,UPI,MOBILE_APP,1,0,Chennai,15.0,0,0,1,DEV-MONISHA-IPHONE-15,mobile_ios,0,BEN-CUST_MONISHA_001-TRUSTED,Trusted Household Vendor,9,0,1,9,0,0,0,None,Resolved Genuine,Standard Habitual Purchase,0
TXN-CUST_MONISHA_001-11245,2026-09-09 02:39:40,2026-09-09,02:39:40,2,2,0,1,CUST_MONISHA_001,420,Chennai,Tamil Nadu,Low Risk / 3% Fraud Rate,M004,Aurelia Gold House,Jewellery,Gold & Diamond Jewellery,Coimbatore,RS Puram,Tamil Nadu,641002,11.0089,76.9514,14,78000.0,10:00-20:30,"POS,CARD,TRANSFER",Account takeover / card-not-present luxury surge,0.065,162,2092.64,INR,PURCHASE,TRANSFER,MOBILE_APP,1,0,Chennai,12.0,0,0,1,DEV-MONISHA-IPHONE-15,mobile_ios,0,BEN-CUST_MONISHA_001-TRUSTED,Trusted Household Vendor,12,0,1,12,0,0,0,None,Resolved Genuine,Standard Habitual Purchase,0
TXN-CUST_MONISHA_001-11246,2026-09-09 04:07:10,2026-09-09,04:07:10,4,2,0,1,CUST_MONISHA_001,420,Chennai,Tamil Nadu,Low Risk / 3% Fraud Rate,M014,OakLine Furnishings,Furniture,Teak Wood & Modern Home Decor,Madurai,Bypass Road,Tamil Nadu,625016,9.932,78.109,12,38000.0,10:00-21:00,"POS,CARD,TRANSFER,EMI",Invoice redirection fraud / fake payment slips,0.029,72,1523.61,INR,PURCHASE,EMI,MOBILE_APP,1,0,Chennai,6.0,0,0,1,DEV-MONISHA-IPHONE-15,mobile_ios,0,BEN-CUST_MONISHA_001-TRUSTED,Trusted Household Vendor,15,1,1,13,0,0,0,None,Resolved Genuine,Standard Habitual Purchase,0
TXN-CUST_MONISHA_001-11247,2026-09-09 05:30:51,2026-09-09,05:30:51,5,2,0,1,CUST_MONISHA_001,420,Chennai,Tamil Nadu,Low Risk / 3% Fraud Rate,M009,RapidFuel Station,Fuel Station,"Petrol, Diesel & EV Fast Charge",Salem,Fairlands,Tamil Nadu,636016,11.6643,78.146,9,3100.0,24_HOURS,"POS,FLEET_CARD,UPI",Automated fleet card skimming,0.024,60,1765.7,INR,PURCHASE,FLEET_CARD,MOBILE_APP,1,0,Chennai,2.0,0,0,1,DEV-MONISHA-IPHONE-15,mobile_ios,0,BEN-CUST_MONISHA_001-TRUSTED,Trusted Household Vendor,12,0,3,17,0,0,0,None,Resolved Genuine,Standard Habitual Purchase,0
TXN-CUST_MONISHA_001-11248,2026-09-09 06:57:42,2026-09-09,06:57:42,6,2,0,0,CUST_MONISHA_001,420,Chennai,Tamil Nadu,Low Risk / 3% Fraud Rate,M010,HarborView Residency,Hotel / Hospitality,Business & Luxury Hotel,Chennai,OMR,Tamil Nadu,600096,12.9165,80.2285,6,9500.0,24_HOURS,"ONLINE,POS,CARD,TRANSFER",Online travel booking fraud with stolen corporate credentials,0.041,102,821.74,INR,PURCHASE,CARD,MOBILE_APP,1,0,Chennai,13.0,0,0,1,DEV-MONISHA-IPHONE-15,mobile_ios,0,BEN-CUST_MONISHA_001-TRUSTED,Trusted Household Vendor,10,0,1,8,0,0,0,None,Resolved Genuine,Standard Habitual Purchase,0
TXN-CUST_MONISHA_001-11249,2026-09-09 08:26:09,2026-09-09,08:26:09,8,2,0,0,CUST_MONISHA_001,420,Chennai,Tamil Nadu,Low Risk / 3% Fraud Rate,M013,CartNest Online,E-commerce,Multi-category Marketplace,Chennai,Guindy,Tamil Nadu,600032,13.0067,80.2026,5,6200.0,24_HOURS,"ONLINE,UPI,CARD,NETBANKING",Account takeover + triangulation shipping fraud,0.045,112,866.6,INR,PURCHASE,ONLINE,MOBILE_APP,0,0,Chennai,9.0,0,0,1,DEV-MONISHA-IPHONE-15,mobile_ios,0,BEN-CUST_MONISHA_001-TRUSTED,Trusted Household Vendor,8,0,1,7,0,0,0,None,Resolved Genuine,Standard Habitual Purchase,0
TXN-CUST_MONISHA_001-11250,2026-09-09 09:52:22,2026-09-09,09:52:22,9,2,0,0,CUST_MONISHA_001,420,Chennai,Tamil Nadu,Low Risk / 3% Fraud Rate,M027,BrickHarbor Realty,Real Estate / Property Services,Rental Escrow & Facility Management,Chennai,Porur,Tamil Nadu,600116,13.035,80.16,11,65000.0,09:00-19:00,"TRANSFER,NETBANKING,CARD",Security deposit phishing / escrow hijacking,0.039,97,2657.88,INR,PURCHASE,NETBANKING,MOBILE_APP,0,0,Chennai,12.0,0,0,1,DEV-MONISHA-IPHONE-15,mobile_ios,0,BEN-CUST_MONISHA_001-TRUSTED,Trusted Household Vendor,15,0,3,20,0,0,0,None,Resolved Genuine,Standard Habitual Purchase,0
TXN-CUST_MONISHA_001-11251,2026-09-09 11:16:15,2026-09-09,11:16:15,11,2,0,0,CUST_MONISHA_001,420,Chennai,Tamil Nadu,Low Risk / 3% Fraud Rate,M025,ShieldSure Services,Insurance Services,General & Health Insurance Premium,Chennai,Egmore,Tamil Nadu,600008,13.0784,80.2607,13,14000.0,09:30-18:00,"ONLINE,NETBANKING,CARD",Premium diversion / fake policy payment slips,0.019,47,1512.83,INR,PURCHASE,NETBANKING,MOBILE_APP,0,0,Chennai,10.0,0,0,1,DEV-MONISHA-IPHONE-15,mobile_ios,0,BEN-CUST_MONISHA_001-TRUSTED,Trusted Household Vendor,14,1,3,21,0,0,0,None,Resolved Genuine,Standard Habitual Purchase,0
TXN-CUST_MONISHA_001-11252,2026-09-09 12:44:45,2026-09-09,12:44:45,12,2,0,0,CUST_MONISHA_001,420,Chennai,Tamil Nadu,Low Risk / 3% Fraud Rate,M004,Aurelia Gold House,Jewellery,Gold & Diamond Jewellery,Coimbatore,RS Puram,Tamil Nadu,641002,11.0089,76.9514,14,78000.0,10:00-20:30,"POS,CARD,TRANSFER",Account takeover / card-not-present luxury surge,0.065,162,2752.8,INR,PURCHASE,POS,MOBILE_APP,1,0,Chennai,10.0,0,0,1,DEV-MONISHA-IPHONE-15,mobile_ios,0,BEN-CUST_MONISHA_001-TRUSTED,Trusted Household Vendor,3,1,2,12,0,0,0,None,Resolved Genuine,Standard Habitual Purchase,0
TXN-CUST_MONISHA_001-11253,2026-09-09 14:08:46,2026-09-09,14:08:46,14,2,0,0,CUST_MONISHA_001,420,Chennai,Tamil Nadu,Low Risk / 3% Fraud Rate,M011,SkyTrail Travels,Travel Agency,Flight & International Tour Packages,Coimbatore,Gandhipuram,Tamil Nadu,641012,11.0183,76.9664,11,44000.0,09:00-20:00,"ONLINE,TRANSFER,CARD",Mule-account ticket arbitrage & fast cancellation fraud,0.052,130,2795.65,INR,PURCHASE,ONLINE,MOBILE_APP,0,0,Chennai,12.0,0,0,1,DEV-MONISHA-IPHONE-15,mobile_ios,0,BEN-CUST_MONISHA_001-TRUSTED,Trusted Household Vendor,4,0,2,15,0,0,0,None,Resolved Genuine,Standard Habitual Purchase,0
TXN-CUST_MONISHA_001-11254,2026-09-09 15:37:04,2026-09-09,15:37:04,15,2,0,0,CUST_MONISHA_001,420,Chennai,Tamil Nadu,Low Risk / 3% Fraud Rate,M018,PageTurn Book House,Bookstore,"Academic, Fiction & Stationery",Trichy,Thillai Nagar,Tamil Nadu,620018,10.8282,78.6854,16,850.0,09:00-21:30,"POS,UPI,CARD,ONLINE",Low-value card testing bots,0.008,20,3095.58,INR,PURCHASE,POS,MOBILE_APP,1,0,Chennai,15.0,0,0,1,DEV-MONISHA-IPHONE-15,mobile_ios,0,BEN-CUST_MONISHA_001-TRUSTED,Trusted Household Vendor,7,0,1,7,0,0,0,None,Resolved Genuine,Standard Habitual Purchase,0
TXN-CUST_MONISHA_001-11255,2026-09-09 17:00:46,2026-09-09,17:00:46,17,2,0,0,CUST_MONISHA_001,420,Chennai,Tamil Nadu,Low Risk / 3% Fraud Rate,M010,HarborView Residency,Hotel / Hospitality,Business & Luxury Hotel,Chennai,OMR,Tamil Nadu,600096,12.9165,80.2285,6,9500.0,24_HOURS,"ONLINE,POS,CARD,TRANSFER",Online travel booking fraud with stolen corporate credentials,0.041,102,955.6,INR,PURCHASE,POS,MOBILE_APP,1,0,Chennai,6.0,0,0,1,DEV-MONISHA-IPHONE-15,mobile_ios,0,BEN-CUST_MONISHA_001-TRUSTED,Trusted Household Vendor,7,0,4,20,0,0,0,None,Resolved Genuine,Standard Habitual Purchase,0
TXN-CUST_MONISHA_001-11256,2026-09-09 18:27:40,2026-09-09,18:27:40,18,2,0,0,CUST_MONISHA_001,420,Chennai,Tamil Nadu,Low Risk / 3% Fraud Rate,M004,Aurelia Gold House,Jewellery,Gold & Diamond Jewellery,Coimbatore,RS Puram,Tamil Nadu,641002,11.0089,76.9514,14,78000.0,10:00-20:30,"POS,CARD,TRANSFER",Account takeover / card-not-present luxury surge,0.065,162,1075.52,INR,PURCHASE,CARD,MOBILE_APP,1,0,Chennai,14.0,0,0,1,DEV-MONISHA-IPHONE-15,mobile_ios,0,BEN-CUST_MONISHA_001-TRUSTED,Trusted Household Vendor,13,1,4,19,0,0,0,None,Resolved Genuine,Standard Habitual Purchase,0
TXN-CUST_MONISHA_001-11257,2026-09-09 19:54:11,2026-09-09,19:54:11,19,2,0,0,CUST_MONISHA_001,420,Chennai,Tamil Nadu,Low Risk / 3% Fraud Rate,M008,BeanCircuit Cafe,Cafe,Specialty Coffee & Bakery,Bengaluru,Indiranagar,Karnataka,560038,12.9784,77.6408,3,650.0,07:30-23:00,"UPI,POS,CARD",QR code spoofing / fast velocity dining,0.009,22,2132.25,INR,PURCHASE,CARD,MOBILE_APP,1,0,Chennai,11.0,0,0,1,DEV-MONISHA-IPHONE-15,mobile_ios,0,BEN-CUST_MONISHA_001-TRUSTED,Trusted Household Vendor,8,0,3,21,0,0,0,None,Resolved Genuine,Standard Habitual Purchase,0
TXN-CUST_MONISHA_001-11258,2026-09-09 21:18:57,2026-09-09,21:18:57,21,2,0,0,CUST_MONISHA_001,420,Chennai,Tamil Nadu,Low Risk / 3% Fraud Rate,M009,RapidFuel Station,Fuel Station,"Petrol, Diesel & EV Fast Charge",Salem,Fairlands,Tamil Nadu,636016,11.6643,78.146,9,3100.0,24_HOURS,"POS,FLEET_CARD,UPI",Automated fleet card skimming,0.024,60,2572.91,INR,PURCHASE,UPI,MOBILE_APP,1,0,Chennai,12.0,0,0,1,DEV-MONISHA-IPHONE-15,mobile_ios,0,BEN-CUST_MONISHA_001-TRUSTED,Trusted Household Vendor,13,1,2,13,0,0,0,None,Resolved Genuine,Standard Habitual Purchase,0
TXN-CUST_MONISHA_001-11259,2026-09-09 22:46:31,2026-09-09,22:46:31,22,2,0,0,CUST_MONISHA_001,420,Chennai,Tamil Nadu,Low Risk / 3% Fraud Rate,M003,Pulse Mobile Hub,Mobile Store,Smartphones & Accessories,Chennai,Tambaram,Tamil Nadu,600045,12.9249,80.1278,4,18500.0,09:30-21:30,"POS,UPI,CARD",New device abuse / rapid checkout surge,0.035,87,3053.93,INR,PURCHASE,UPI,MOBILE_APP,1,0,Chennai,1.0,0,0,1,DEV-MONISHA-IPHONE-15,mobile_ios,0,BEN-CUST_MONISHA_001-TRUSTED,Trusted Household Vendor,10,0,2,13,0,0,0,None,Resolved Genuine,Standard Habitual Purchase,0
TXN-CUST_MONISHA_001-11260,2026-09-10 00:12:50,2026-09-10,00:12:50,0,3,0,1,CUST_MONISHA_001,420,Chennai,Tamil Nadu,Low Risk / 3% Fraud Rate,M011,SkyTrail Travels,Travel Agency,Flight & International Tour Packages,Coimbatore,Gandhipuram,Tamil Nadu,641012,11.0183,76.9664,11,44000.0,09:00-20:00,"ONLINE,TRANSFER,CARD",Mule-account ticket arbitrage & fast cancellation fraud,0.052,130,1268.27,INR,PURCHASE,TRANSFER,MOBILE_APP,0,0,Chennai,10.0,0,0,1,DEV-MONISHA-IPHONE-15,mobile_ios,0,BEN-CUST_MONISHA_001-TRUSTED,Trusted Household Vendor,15,0,3,21,0,0,0,None,Resolved Genuine,Standard Habitual Purchase,0
TXN-CUST_MONISHA_001-11261,2026-09-10 01:40:10,2026-09-10,01:40:10,1,3,0,1,CUST_MONISHA_001,420,Chennai,Tamil Nadu,Low Risk / 3% Fraud Rate,M028,CraftCove Home Decor,Home Decor,Handicrafts & Art Pieces,Thanjavur,Medical College Road,Tamil Nadu,613004,10.7684,79.1245,8,7400.0,09:30-20:30,"POS,UPI,CARD,ONLINE",Cross-border tourist chargebacks,0.023,57,1960.56,INR,PURCHASE,ONLINE,MOBILE_APP,1,0,Chennai,15.0,0,0,1,DEV-MONISHA-IPHONE-15,mobile_ios,0,BEN-CUST_MONISHA_001-TRUSTED,Trusted Household Vendor,9,1,3,22,0,0,0,None,Resolved Genuine,Standard Habitual Purchase,0
TXN-CUST_MONISHA_001-11262,2026-09-10 03:04:47,2026-09-10,03:04:47,3,3,0,1,CUST_MONISHA_001,420,Chennai,Tamil Nadu,Low Risk / 3% Fraud Rate,M013,CartNest Online,E-commerce,Multi-category Marketplace,Chennai,Guindy,Tamil Nadu,600032,13.0067,80.2026,5,6200.0,24_HOURS,"ONLINE,UPI,CARD,NETBANKING",Account takeover + triangulation shipping fraud,0.045,112,1219.81,INR,PURCHASE,ONLINE,MOBILE_APP,0,0,Chennai,5.0,0,0,1,DEV-MONISHA-IPHONE-15,mobile_ios,0,BEN-CUST_MONISHA_001-TRUSTED,Trusted Household Vendor,12,0,3,16,0,0,0,None,Resolved Genuine,Standard Habitual Purchase,0
TXN-CUST_MONISHA_001-11263,2026-09-10 04:30:57,2026-09-10,04:30:57,4,3,0,1,CUST_MONISHA_001,420,Chennai,Tamil Nadu,Low Risk / 3% Fraud Rate,M004,Aurelia Gold House,Jewellery,Gold & Diamond Jewellery,Coimbatore,RS Puram,Tamil Nadu,641002,11.0089,76.9514,14,78000.0,10:00-20:30,"POS,CARD,TRANSFER",Account takeover / card-not-present luxury surge,0.065,162,2523.36,INR,PURCHASE,CARD,MOBILE_APP,1,0,Chennai,4.0,0,0,1,DEV-MONISHA-IPHONE-15,mobile_ios,0,BEN-CUST_MONISHA_001-TRUSTED,Trusted Household Vendor,5,1,4,18,0,0,0,None,Resolved Genuine,Standard Habitual Purchase,0
TXN-CUST_MONISHA_001-11264,2026-09-10 05:57:13,2026-09-10,05:57:13,5,3,0,1,CUST_MONISHA_001,420,Chennai,Tamil Nadu,Low Risk / 3% Fraud Rate,M017,AutoForge Parts,Spare Parts,OEM Industrial & Auto Components,Hosur,Mookandapalli,Tamil Nadu,635126,12.7409,77.8253,15,16500.0,09:00-19:30,"TRANSFER,POS,CARD",Business email compromise / fake beneficiary update,0.033,82,1839.18,INR,PURCHASE,POS,MOBILE_APP,1,0,Chennai,5.0,0,0,1,DEV-MONISHA-IPHONE-15,mobile_ios,0,BEN-CUST_MONISHA_001-TRUSTED,Trusted Household Vendor,8,1,1,9,0,0,0,None,Resolved Genuine,Standard Habitual Purchase,0
TXN-CUST_MONISHA_001-11265,2026-09-10 07:21:31,2026-09-10,07:21:31,7,3,0,0,CUST_MONISHA_001,420,Chennai,Tamil Nadu,Low Risk / 3% Fraud Rate,M017,AutoForge Parts,Spare Parts,OEM Industrial & Auto Components,Hosur,Mookandapalli,Tamil Nadu,635126,12.7409,77.8253,15,16500.0,09:00-19:30,"TRANSFER,POS,CARD",Business email compromise / fake beneficiary update,0.033,82,1788.19,INR,PURCHASE,TRANSFER,MOBILE_APP,1,0,Chennai,6.0,0,0,1,DEV-MONISHA-IPHONE-15,mobile_ios,0,BEN-CUST_MONISHA_001-TRUSTED,Trusted Household Vendor,8,1,3,14,0,0,0,None,Resolved Genuine,Standard Habitual Purchase,0
TXN-CUST_MONISHA_001-11266,2026-09-10 08:48:49,2026-09-10,08:48:49,8,3,0,0,CUST_MONISHA_001,420,Chennai,Tamil Nadu,Low Risk / 3% Fraud Rate,M024,LinkWave Telecom,Telecom Retail,Fiber Broadband & Postpaid Plans,Erode,Perundurai Road,Tamil Nadu,638011,11.341,77.7172,10,1950.0,09:30-20:30,"UPI,CARD,ONLINE,POS",SIM swap bill recharge surges,0.017,42,2951.57,INR,PURCHASE,ONLINE,MOBILE_APP,1,0,Chennai,4.0,0,0,1,DEV-MONISHA-IPHONE-15,mobile_ios,0,BEN-CUST_MONISHA_001-TRUSTED,Trusted Household Vendor,5,0,4,26,0,0,0,None,Resolved Genuine,Standard Habitual Purchase,0
TXN-CUST_MONISHA_001-11267,2026-09-10 10:15:51,2026-09-10,10:15:51,10,3,0,0,CUST_MONISHA_001,420,Chennai,Tamil Nadu,Low Risk / 3% Fraud Rate,M017,AutoForge Parts,Spare Parts,OEM Industrial & Auto Components,Hosur,Mookandapalli,Tamil Nadu,635126,12.7409,77.8253,15,16500.0,09:00-19:30,"TRANSFER,POS,CARD",Business email compromise / fake beneficiary update,0.033,82,1794.54,INR,PURCHASE,TRANSFER,MOBILE_APP,1,0,Chennai,11.0,0,0,1,DEV-MONISHA-IPHONE-15,mobile_ios,0,BEN-CUST_MONISHA_001-TRUSTED,Trusted Household Vendor,4,1,2,11,0,0,0,None,Resolved Genuine,Standard Habitual Purchase,0
TXN-CUST_MONISHA_001-11268,2026-09-10 11:39:34,2026-09-10,11:39:34,11,3,0,0,CUST_MONISHA_001,420,Chennai,Tamil Nadu,Low Risk / 3% Fraud Rate,M002,CircuitBay Electronics,Consumer Electronics,Laptops & Gadgets,Chennai,Velachery,Tamil Nadu,600042,12.9759,80.2212,6,32000.0,10:00-21:30,"POS,ONLINE,EMI,UPI",Stolen payment details / high-ticket electronics delivery,0.048,120,2126.04,INR,PURCHASE,ONLINE,MOBILE_APP,1,0,Chennai,4.0,0,0,1,DEV-MONISHA-IPHONE-15,mobile_ios,0,BEN-CUST_MONISHA_001-TRUSTED,Trusted Household Vendor,7,1,1,12,0,0,0,None,Resolved Genuine,Standard Habitual Purchase,0
TXN-CUST_MONISHA_001-11269,2026-09-10 13:05:19,2026-09-10,13:05:19,13,3,0,0,CUST_MONISHA_001,420,Chennai,Tamil Nadu,Low Risk / 3% Fraud Rate,M004,Aurelia Gold House,Jewellery,Gold & Diamond Jewellery,Coimbatore,RS Puram,Tamil Nadu,641002,11.0089,76.9514,14,78000.0,10:00-20:30,"POS,CARD,TRANSFER",Account takeover / card-not-present luxury surge,0.065,162,1294.54,INR,PURCHASE,POS,MOBILE_APP,1,0,Chennai,14.0,0,0,1,DEV-MONISHA-IPHONE-15,mobile_ios,0,BEN-CUST_MONISHA_001-TRUSTED,Trusted Household Vendor,10,0,3,16,0,0,0,None,Resolved Genuine,Standard Habitual Purchase,0
TXN-CUST_MONISHA_001-11270,2026-09-10 14:33:26,2026-09-10,14:33:26,14,3,0,0,CUST_MONISHA_001,420,Chennai,Tamil Nadu,Low Risk / 3% Fraud Rate,M012,DashDine Delivery,Food Delivery,Quick Commerce & Meal Delivery,Chennai,Sholinganallur,Tamil Nadu,600119,12.901,80.2279,4,520.0,06:00-02:00,"UPI,CARD,ONLINE,WALLET",Promo code abuse / stolen wallet balances,0.014,35,2270.34,INR,PURCHASE,CARD,MOBILE_APP,0,0,Chennai,12.0,0,0,1,DEV-MONISHA-IPHONE-15,mobile_ios,0,BEN-CUST_MONISHA_001-TRUSTED,Trusted Household Vendor,4,0,1,14,0,0,0,None,Resolved Genuine,Standard Habitual Purchase,0
TXN-CUST_MONISHA_001-11271,2026-09-10 16:02:17,2026-09-10,16:02:17,16,3,0,0,CUST_MONISHA_001,420,Chennai,Tamil Nadu,Low Risk / 3% Fraud Rate,M020,GameGrid Arena,Gaming,"Esports, Consoles & Virtual Credits",Bengaluru,Koramangala,Karnataka,560095,12.9352,77.6245,4,3400.0,10:00-01:00,"ONLINE,UPI,CARD,WALLET",Virtual item laundering & bot-driven micro transactions,0.055,137,1895.61,INR,PURCHASE,CARD,MOBILE_APP,0,0,Chennai,5.0,0,0,1,DEV-MONISHA-IPHONE-15,mobile_ios,0,BEN-CUST_MONISHA_001-TRUSTED,Trusted Household Vendor,5,0,2,11,0,0,0,None,Resolved Genuine,Standard Habitual Purchase,0
TXN-CUST_MONISHA_001-11272,2026-09-10 17:26:41,2026-09-10,17:26:41,17,3,0,0,CUST_MONISHA_001,420,Chennai,Tamil Nadu,Low Risk / 3% Fraud Rate,M011,SkyTrail Travels,Travel Agency,Flight & International Tour Packages,Coimbatore,Gandhipuram,Tamil Nadu,641012,11.0183,76.9664,11,44000.0,09:00-20:00,"ONLINE,TRANSFER,CARD",Mule-account ticket arbitrage & fast cancellation fraud,0.052,130,2885.69,INR,PURCHASE,TRANSFER,MOBILE_APP,0,0,Chennai,3.0,0,0,1,DEV-MONISHA-IPHONE-15,mobile_ios,0,BEN-CUST_MONISHA_001-TRUSTED,Trusted Household Vendor,9,0,4,18,0,0,0,None,Resolved Genuine,Standard Habitual Purchase,0
TXN-CUST_MONISHA_001-11273,2026-09-10 18:51:09,2026-09-10,18:51:09,18,3,0,0,CUST_MONISHA_001,420,Chennai,Tamil Nadu,Low Risk / 3% Fraud Rate,M009,RapidFuel Station,Fuel Station,"Petrol, Diesel & EV Fast Charge",Salem,Fairlands,Tamil Nadu,636016,11.6643,78.146,9,3100.0,24_HOURS,"POS,FLEET_CARD,UPI",Automated fleet card skimming,0.024,60,2842.14,INR,PURCHASE,FLEET_CARD,MOBILE_APP,1,0,Chennai,3.0,0,0,1,DEV-MONISHA-IPHONE-15,mobile_ios,0,BEN-CUST_MONISHA_001-TRUSTED,Trusted Household Vendor,12,0,1,13,0,0,0,None,Resolved Genuine,Standard Habitual Purchase,0
TXN-CUST_MONISHA_001-11274,2026-09-10 20:18:03,2026-09-10,20:18:03,20,3,0,0,CUST_MONISHA_001,420,Chennai,Tamil Nadu,Low Risk / 3% Fraud Rate,M016,MotoCare Garage,Auto Service,Car Service & Detailing Hub,Chennai,Pallikaranai,Tamil Nadu,600100,12.9372,80.2014,7,8900.0,08:30-20:30,"POS,UPI,CARD",Over-invoicing / synthetic card payments,0.021,52,2823.33,INR,PURCHASE,CARD,MOBILE_APP,1,0,Chennai,8.0,0,0,1,DEV-MONISHA-IPHONE-15,mobile_ios,0,BEN-CUST_MONISHA_001-TRUSTED,Trusted Household Vendor,12,1,1,10,0,0,0,None,Resolved Genuine,Standard Habitual Purchase,0
TXN-CUST_MONISHA_001-11275,2026-09-10 21:46:28,2026-09-10,21:46:28,21,3,0,0,CUST_MONISHA_001,420,Chennai,Tamil Nadu,Low Risk / 3% Fraud Rate,M017,AutoForge Parts,Spare Parts,OEM Industrial & Auto Components,Hosur,Mookandapalli,Tamil Nadu,635126,12.7409,77.8253,15,16500.0,09:00-19:30,"TRANSFER,POS,CARD",Business email compromise / fake beneficiary update,0.033,82,1957.36,INR,PURCHASE,POS,MOBILE_APP,1,0,Chennai,13.0,0,0,1,DEV-MONISHA-IPHONE-15,mobile_ios,0,BEN-CUST_MONISHA_001-TRUSTED,Trusted Household Vendor,4,1,1,11,0,0,0,None,Resolved Genuine,Standard Habitual Purchase,0
TXN-CUST_MONISHA_001-11276,2026-09-10 23:12:35,2026-09-10,23:12:35,23,3,0,1,CUST_MONISHA_001,420,Chennai,Tamil Nadu,Low Risk / 3% Fraud Rate,M024,LinkWave Telecom,Telecom Retail,Fiber Broadband & Postpaid Plans,Erode,Perundurai Road,Tamil Nadu,638011,11.341,77.7172,10,1950.0,09:30-20:30,"UPI,CARD,ONLINE,POS",SIM swap bill recharge surges,0.017,42,1600.83,INR,PURCHASE,ONLINE,MOBILE_APP,1,0,Chennai,9.0,0,0,1,DEV-MONISHA-IPHONE-15,mobile_ios,0,BEN-CUST_MONISHA_001-TRUSTED,Trusted Household Vendor,7,0,4,25,0,0,0,None,Resolved Genuine,Standard Habitual Purchase,0
TXN-CUST_MONISHA_001-11277,2026-09-11 00:36:04,2026-09-11,00:36:04,0,4,0,1,CUST_MONISHA_001,420,Chennai,Tamil Nadu,Low Risk / 3% Fraud Rate,M012,DashDine Delivery,Food Delivery,Quick Commerce & Meal Delivery,Chennai,Sholinganallur,Tamil Nadu,600119,12.901,80.2279,4,520.0,06:00-02:00,"UPI,CARD,ONLINE,WALLET",Promo code abuse / stolen wallet balances,0.014,35,1484.65,INR,PURCHASE,ONLINE,MOBILE_APP,0,0,Chennai,6.0,0,0,1,DEV-MONISHA-IPHONE-15,mobile_ios,0,BEN-CUST_MONISHA_001-TRUSTED,Trusted Household Vendor,4,0,4,26,0,0,0,None,Resolved Genuine,Standard Habitual Purchase,0
TXN-CUST_MONISHA_001-11278,2026-09-11 02:03:50,2026-09-11,02:03:50,2,4,0,1,CUST_MONISHA_001,420,Chennai,Tamil Nadu,Low Risk / 3% Fraud Rate,M001,NovaMart Fresh,Grocery & Supermarket,Supermarket / Hypermarket,Chennai,T Nagar,Tamil Nadu,600017,13.0418,80.2341,8,1250.0,07:00-22:30,"POS,UPI,CARD,ONLINE",Card testing / micro-burst velocity,0.012,30,1126.09,INR,PURCHASE,ONLINE,MOBILE_APP,1,0,Chennai,7.0,0,0,1,DEV-MONISHA-IPHONE-15,mobile_ios,0,BEN-CUST_MONISHA_001-TRUSTED,Trusted Household Vendor,8,0,2,10,0,0,0,None,Resolved Genuine,Standard Habitual Purchase,0
TXN-CUST_MONISHA_001-11279,2026-09-11 03:28:42,2026-09-11,03:28:42,3,4,0,1,CUST_MONISHA_001,420,Chennai,Tamil Nadu,Low Risk / 3% Fraud Rate,M024,LinkWave Telecom,Telecom Retail,Fiber Broadband & Postpaid Plans,Erode,Perundurai Road,Tamil Nadu,638011,11.341,77.7172,10,1950.0,09:30-20:30,"UPI,CARD,ONLINE,POS",SIM swap bill recharge surges,0.017,42,2408.19,INR,PURCHASE,POS,MOBILE_APP,1,0,Chennai,7.0,0,0,1,DEV-MONISHA-IPHONE-15,mobile_ios,0,BEN-CUST_MONISHA_001-TRUSTED,Trusted Household Vendor,6,0,1,7,0,0,0,None,Resolved Genuine,Standard Habitual Purchase,0
TXN-CUST_MONISHA_001-11280,2026-09-11 04:57:53,2026-09-11,04:57:53,4,4,0,1,CUST_MONISHA_001,420,Chennai,Tamil Nadu,Low Risk / 3% Fraud Rate,M029,CloudDesk Digital,Software / Digital Services,Cloud Infrastructure & SaaS Tools,Bengaluru,Whitefield,Karnataka,560066,12.9698,77.7499,7,19800.0,24_HOURS,"ONLINE,CARD,TRANSFER",Cryptomining VM rental with stolen credit cards,0.058,145,2246.93,INR,PURCHASE,ONLINE,MOBILE_APP,0,0,Chennai,9.0,0,0,1,DEV-MONISHA-IPHONE-15,mobile_ios,0,BEN-CUST_MONISHA_001-TRUSTED,Trusted Household Vendor,11,0,4,22,0,0,0,None,Resolved Genuine,Standard Habitual Purchase,0
TXN-CUST_MONISHA_001-11281,2026-09-11 06:26:45,2026-09-11,06:26:45,6,4,0,0,CUST_MONISHA_001,420,Chennai,Tamil Nadu,Low Risk / 3% Fraud Rate,M012,DashDine Delivery,Food Delivery,Quick Commerce & Meal Delivery,Chennai,Sholinganallur,Tamil Nadu,600119,12.901,80.2279,4,520.0,06:00-02:00,"UPI,CARD,ONLINE,WALLET",Promo code abuse / stolen wallet balances,0.014,35,2857.91,INR,PURCHASE,CARD,MOBILE_APP,0,0,Chennai,7.0,0,0,1,DEV-MONISHA-IPHONE-15,mobile_ios,0,BEN-CUST_MONISHA_001-TRUSTED,Trusted Household Vendor,7,0,3,14,0,0,0,None,Resolved Genuine,Standard Habitual Purchase,0
TXN-CUST_MONISHA_001-11282,2026-09-11 07:53:38,2026-09-11,07:53:38,7,4,0,0,CUST_MONISHA_001,420,Chennai,Tamil Nadu,Low Risk / 3% Fraud Rate,M023,SwiftBox Logistics,Courier / Logistics,Express Parcel & Freight Delivery,Tiruppur,Avinashi Road,Tamil Nadu,641603,11.1085,77.3411,9,4200.0,08:00-21:00,"POS,UPI,CARD,ONLINE",Interception fraud / address redirection,0.02,50,1583.26,INR,PURCHASE,CARD,MOBILE_APP,1,0,Chennai,10.0,0,0,1,DEV-MONISHA-IPHONE-15,mobile_ios,0,BEN-CUST_MONISHA_001-TRUSTED,Trusted Household Vendor,12,1,4,22,0,0,0,None,Resolved Genuine,Standard Habitual Purchase,0
TXN-CUST_MONISHA_001-11283,2026-09-11 09:17:41,2026-09-11,09:17:41,9,4,0,0,CUST_MONISHA_001,420,Chennai,Tamil Nadu,Low Risk / 3% Fraud Rate,M001,NovaMart Fresh,Grocery & Supermarket,Supermarket / Hypermarket,Chennai,T Nagar,Tamil Nadu,600017,13.0418,80.2341,8,1250.0,07:00-22:30,"POS,UPI,CARD,ONLINE",Card testing / micro-burst velocity,0.012,30,1947.49,INR,PURCHASE,CARD,MOBILE_APP,1,0,Chennai,11.0,0,0,1,DEV-MONISHA-IPHONE-15,mobile_ios,0,BEN-CUST_MONISHA_001-TRUSTED,Trusted Household Vendor,11,1,2,18,0,0,0,None,Resolved Genuine,Standard Habitual Purchase,0
TXN-CUST_MONISHA_001-11284,2026-09-11 10:45:04,2026-09-11,10:45:04,10,4,0,0,CUST_MONISHA_001,420,Chennai,Tamil Nadu,Low Risk / 3% Fraud Rate,M010,HarborView Residency,Hotel / Hospitality,Business & Luxury Hotel,Chennai,OMR,Tamil Nadu,600096,12.9165,80.2285,6,9500.0,24_HOURS,"ONLINE,POS,CARD,TRANSFER",Online travel booking fraud with stolen corporate credentials,0.041,102,1919.17,INR,PURCHASE,ONLINE,MOBILE_APP,1,0,Chennai,2.0,0,0,1,DEV-MONISHA-IPHONE-15,mobile_ios,0,BEN-CUST_MONISHA_001-TRUSTED,Trusted Household Vendor,10,0,1,9,0,0,0,None,Resolved Genuine,Standard Habitual Purchase,0
TXN-CUST_MONISHA_001-11285,2026-09-11 12:10:10,2026-09-11,12:10:10,12,4,0,0,CUST_MONISHA_001,420,Chennai,Tamil Nadu,Low Risk / 3% Fraud Rate,M019,ArenaSport World,Sports Retail,Fitness Equipment & Sports Wear,Chennai,Nungambakkam,Tamil Nadu,600034,13.0604,80.2405,6,5600.0,10:00-21:30,"POS,ONLINE,UPI,CARD",Stolen card chargeback on premium sports gear,0.026,65,1068.84,INR,PURCHASE,POS,MOBILE_APP,1,0,Chennai,8.0,0,0,1,DEV-MONISHA-IPHONE-15,mobile_ios,0,BEN-CUST_MONISHA_001-TRUSTED,Trusted Household Vendor,8,0,4,18,0,0,0,None,Resolved Genuine,Standard Habitual Purchase,0
TXN-CUST_MONISHA_001-11286,2026-09-11 13:35:05,2026-09-11,13:35:05,13,4,0,0,CUST_MONISHA_001,420,Chennai,Tamil Nadu,Low Risk / 3% Fraud Rate,M012,DashDine Delivery,Food Delivery,Quick Commerce & Meal Delivery,Chennai,Sholinganallur,Tamil Nadu,600119,12.901,80.2279,4,520.0,06:00-02:00,"UPI,CARD,ONLINE,WALLET",Promo code abuse / stolen wallet balances,0.014,35,2836.21,INR,PURCHASE,ONLINE,MOBILE_APP,0,0,Chennai,13.0,0,0,1,DEV-MONISHA-IPHONE-15,mobile_ios,0,BEN-CUST_MONISHA_001-TRUSTED,Trusted Household Vendor,4,0,2,12,0,0,0,None,Resolved Genuine,Standard Habitual Purchase,0
TXN-CUST_MONISHA_001-11287,2026-09-11 15:04:27,2026-09-11,15:04:27,15,4,0,0,CUST_MONISHA_001,420,Chennai,Tamil Nadu,Low Risk / 3% Fraud Rate,M007,SpiceRoute Kitchen,Restaurant,Fine Dining & Chettinad,Chennai,Adyar,Tamil Nadu,600020,13.0012,80.2565,7,2200.0,11:30-23:30,"POS,UPI,CARD",Cloned card POS terminal replay,0.018,45,1791.0,INR,PURCHASE,UPI,MOBILE_APP,1,0,Chennai,15.0,0,0,1,DEV-MONISHA-IPHONE-15,mobile_ios,0,BEN-CUST_MONISHA_001-TRUSTED,Trusted Household Vendor,3,1,2,15,0,0,0,None,Resolved Genuine,Standard Habitual Purchase,0
TXN-CUST_MONISHA_001-11288,2026-09-11 16:29:21,2026-09-11,16:29:21,16,4,0,0,CUST_MONISHA_001,420,Chennai,Tamil Nadu,Low Risk / 3% Fraud Rate,M022,SkillSpring Academy,Education / Training,Professional Certifications & Tech Bootcamps,Chennai,Mylapore,Tamil Nadu,600004,13.0368,80.2676,8,22000.0,08:30-19:30,"ONLINE,NETBANKING,CARD,UPI",Stolen corporate card enrollments,0.028,70,2270.68,INR,PURCHASE,CARD,MOBILE_APP,0,0,Chennai,7.0,0,0,1,DEV-MONISHA-IPHONE-15,mobile_ios,0,BEN-CUST_MONISHA_001-TRUSTED,Trusted Household Vendor,7,0,1,10,0,0,0,None,Resolved Genuine,Standard Habitual Purchase,0
TXN-CUST_MONISHA_001-11289,2026-09-11 17:53:47,2026-09-11,17:53:47,17,4,0,0,CUST_MONISHA_001,420,Chennai,Tamil Nadu,Low Risk / 3% Fraud Rate,M014,OakLine Furnishings,Furniture,Teak Wood & Modern Home Decor,Madurai,Bypass Road,Tamil Nadu,625016,9.932,78.109,12,38000.0,10:00-21:00,"POS,CARD,TRANSFER,EMI",Invoice redirection fraud / fake payment slips,0.029,72,2368.68,INR,PURCHASE,CARD,MOBILE_APP,1,0,Chennai,6.0,0,0,1,DEV-MONISHA-IPHONE-15,mobile_ios,0,BEN-CUST_MONISHA_001-TRUSTED,Trusted Household Vendor,13,0,2,14,0,0,0,None,Resolved Genuine,Standard Habitual Purchase,0
TXN-CUST_MONISHA_001-11290,2026-09-11 19:18:00,2026-09-11,19:18:00,19,4,0,0,CUST_MONISHA_001,420,Chennai,Tamil Nadu,Low Risk / 3% Fraud Rate,M018,PageTurn Book House,Bookstore,"Academic, Fiction & Stationery",Trichy,Thillai Nagar,Tamil Nadu,620018,10.8282,78.6854,16,850.0,09:00-21:30,"POS,UPI,CARD,ONLINE",Low-value card testing bots,0.008,20,1246.88,INR,PURCHASE,UPI,MOBILE_APP,1,0,Chennai,5.0,0,0,1,DEV-MONISHA-IPHONE-15,mobile_ios,0,BEN-CUST_MONISHA_001-TRUSTED,Trusted Household Vendor,11,1,4,24,0,0,0,None,Resolved Genuine,Standard Habitual Purchase,0
TXN-CUST_MONISHA_001-11291,2026-09-11 20:46:06,2026-09-11,20:46:06,20,4,0,0,CUST_MONISHA_001,420,Chennai,Tamil Nadu,Low Risk / 3% Fraud Rate,M027,BrickHarbor Realty,Real Estate / Property Services,Rental Escrow & Facility Management,Chennai,Porur,Tamil Nadu,600116,13.035,80.16,11,65000.0,09:00-19:00,"TRANSFER,NETBANKING,CARD",Security deposit phishing / escrow hijacking,0.039,97,1802.33,INR,PURCHASE,CARD,MOBILE_APP,0,0,Chennai,3.0,0,0,1,DEV-MONISHA-IPHONE-15,mobile_ios,0,BEN-CUST_MONISHA_001-TRUSTED,Trusted Household Vendor,11,0,3,19,0,0,0,None,Resolved Genuine,Standard Habitual Purchase,0
TXN-CUST_MONISHA_001-11292,2026-09-11 22:12:18,2026-09-11,22:12:18,22,4,0,0,CUST_MONISHA_001,420,Chennai,Tamil Nadu,Low Risk / 3% Fraud Rate,M014,OakLine Furnishings,Furniture,Teak Wood & Modern Home Decor,Madurai,Bypass Road,Tamil Nadu,625016,9.932,78.109,12,38000.0,10:00-21:00,"POS,CARD,TRANSFER,EMI",Invoice redirection fraud / fake payment slips,0.029,72,1871.73,INR,PURCHASE,EMI,MOBILE_APP,1,0,Chennai,7.0,0,0,1,DEV-MONISHA-IPHONE-15,mobile_ios,0,BEN-CUST_MONISHA_001-TRUSTED,Trusted Household Vendor,15,0,1,7,0,0,0,None,Resolved Genuine,Standard Habitual Purchase,0
TXN-CUST_MONISHA_001-11293,2026-09-11 23:40:14,2026-09-11,23:40:14,23,4,0,1,CUST_MONISHA_001,420,Chennai,Tamil Nadu,Low Risk / 3% Fraud Rate,M020,GameGrid Arena,Gaming,"Esports, Consoles & Virtual Credits",Bengaluru,Koramangala,Karnataka,560095,12.9352,77.6245,4,3400.0,10:00-01:00,"ONLINE,UPI,CARD,WALLET",Virtual item laundering & bot-driven micro transactions,0.055,137,2902.03,INR,PURCHASE,CARD,MOBILE_APP,0,0,Chennai,13.0,0,0,1,DEV-MONISHA-IPHONE-15,mobile_ios,0,BEN-CUST_MONISHA_001-TRUSTED,Trusted Household Vendor,5,0,3,14,0,0,0,None,Resolved Genuine,Standard Habitual Purchase,0
TXN-CUST_MONISHA_001-11294,2026-09-12 01:08:10,2026-09-12,01:08:10,1,5,1,1,CUST_MONISHA_001,420,Chennai,Tamil Nadu,Low Risk / 3% Fraud Rate,M013,CartNest Online,E-commerce,Multi-category Marketplace,Chennai,Guindy,Tamil Nadu,600032,13.0067,80.2026,5,6200.0,24_HOURS,"ONLINE,UPI,CARD,NETBANKING",Account takeover + triangulation shipping fraud,0.045,112,1074.69,INR,PURCHASE,ONLINE,MOBILE_APP,0,0,Chennai,11.0,0,0,1,DEV-MONISHA-IPHONE-15,mobile_ios,0,BEN-CUST_MONISHA_001-TRUSTED,Trusted Household Vendor,3,1,4,18,0,0,0,None,Resolved Genuine,Standard Habitual Purchase,0
TXN-CUST_MONISHA_001-11295,2026-09-12 02:33:12,2026-09-12,02:33:12,2,5,1,1,CUST_MONISHA_001,420,Chennai,Tamil Nadu,Low Risk / 3% Fraud Rate,M021,GlowCraft Salon,Salon / Beauty,Spa & Grooming Studio,Chennai,Porur,Tamil Nadu,600116,13.0382,80.1565,5,2800.0,09:00-21:00,"POS,UPI,CARD",Unusual late-night transaction spikes,0.011,27,1030.49,INR,PURCHASE,UPI,MOBILE_APP,1,0,Chennai,10.0,0,0,1,DEV-MONISHA-IPHONE-15,mobile_ios,0,BEN-CUST_MONISHA_001-TRUSTED,Trusted Household Vendor,12,1,3,19,0,0,0,None,Resolved Genuine,Standard Habitual Purchase,0
TXN-CUST_MONISHA_001-11296,2026-09-12 04:01:47,2026-09-12,04:01:47,4,5,1,1,CUST_MONISHA_001,420,Chennai,Tamil Nadu,Low Risk / 3% Fraud Rate,M004,Aurelia Gold House,Jewellery,Gold & Diamond Jewellery,Coimbatore,RS Puram,Tamil Nadu,641002,11.0089,76.9514,14,78000.0,10:00-20:30,"POS,CARD,TRANSFER",Account takeover / card-not-present luxury surge,0.065,162,2512.71,INR,PURCHASE,POS,MOBILE_APP,1,0,Chennai,11.0,0,0,1,DEV-MONISHA-IPHONE-15,mobile_ios,0,BEN-CUST_MONISHA_001-TRUSTED,Trusted Household Vendor,14,0,1,14,0,0,0,None,Resolved Genuine,Standard Habitual Purchase,0
TXN-CUST_MONISHA_001-11297,2026-09-12 05:26:03,2026-09-12,05:26:03,5,5,1,1,CUST_MONISHA_001,420,Chennai,Tamil Nadu,Low Risk / 3% Fraud Rate,M024,LinkWave Telecom,Telecom Retail,Fiber Broadband & Postpaid Plans,Erode,Perundurai Road,Tamil Nadu,638011,11.341,77.7172,10,1950.0,09:30-20:30,"UPI,CARD,ONLINE,POS",SIM swap bill recharge surges,0.017,42,3043.43,INR,PURCHASE,ONLINE,MOBILE_APP,1,0,Chennai,3.0,0,0,1,DEV-MONISHA-IPHONE-15,mobile_ios,0,BEN-CUST_MONISHA_001-TRUSTED,Trusted Household Vendor,7,0,2,10,0,0,0,None,Resolved Genuine,Standard Habitual Purchase,0
TXN-CUST_MONISHA_001-11298,2026-09-12 06:54:17,2026-09-12,06:54:17,6,5,1,0,CUST_MONISHA_001,420,Chennai,Tamil Nadu,Low Risk / 3% Fraud Rate,M020,GameGrid Arena,Gaming,"Esports, Consoles & Virtual Credits",Bengaluru,Koramangala,Karnataka,560095,12.9352,77.6245,4,3400.0,10:00-01:00,"ONLINE,UPI,CARD,WALLET",Virtual item laundering & bot-driven micro transactions,0.055,137,2389.39,INR,PURCHASE,ONLINE,MOBILE_APP,0,0,Chennai,2.0,0,0,1,DEV-MONISHA-IPHONE-15,mobile_ios,0,BEN-CUST_MONISHA_001-TRUSTED,Trusted Household Vendor,12,1,2,18,0,0,0,None,Resolved Genuine,Standard Habitual Purchase,0
TXN-CUST_MONISHA_001-11299,2026-09-12 08:18:16,2026-09-12,08:18:16,8,5,1,0,CUST_MONISHA_001,420,Chennai,Tamil Nadu,Low Risk / 3% Fraud Rate,M007,SpiceRoute Kitchen,Restaurant,Fine Dining & Chettinad,Chennai,Adyar,Tamil Nadu,600020,13.0012,80.2565,7,2200.0,11:30-23:30,"POS,UPI,CARD",Cloned card POS terminal replay,0.018,45,1022.44,INR,PURCHASE,POS,MOBILE_APP,1,0,Chennai,1.0,0,0,1,DEV-MONISHA-IPHONE-15,mobile_ios,0,BEN-CUST_MONISHA_001-TRUSTED,Trusted Household Vendor,9,0,4,19,0,0,0,None,Resolved Genuine,Standard Habitual Purchase,0
TXN-CUST_MONISHA_001-11300,2026-09-12 09:43:28,2026-09-12,09:43:28,9,5,1,0,CUST_MONISHA_001,420,Chennai,Tamil Nadu,Low Risk / 3% Fraud Rate,M016,MotoCare Garage,Auto Service,Car Service & Detailing Hub,Chennai,Pallikaranai,Tamil Nadu,600100,12.9372,80.2014,7,8900.0,08:30-20:30,"POS,UPI,CARD",Over-invoicing / synthetic card payments,0.021,52,3079.51,INR,PURCHASE,CARD,MOBILE_APP,1,0,Chennai,14.0,0,0,1,DEV-MONISHA-IPHONE-15,mobile_ios,0,BEN-CUST_MONISHA_001-TRUSTED,Trusted Household Vendor,12,0,3,21,0,0,0,None,Resolved Genuine,Standard Habitual Purchase,0
TXN-CUST_MONISHA_001-11301,2026-09-12 11:12:01,2026-09-12,11:12:01,11,5,1,0,CUST_MONISHA_001,420,Chennai,Tamil Nadu,Low Risk / 3% Fraud Rate,M020,GameGrid Arena,Gaming,"Esports, Consoles & Virtual Credits",Bengaluru,Koramangala,Karnataka,560095,12.9352,77.6245,4,3400.0,10:00-01:00,"ONLINE,UPI,CARD,WALLET",Virtual item laundering & bot-driven micro transactions,0.055,137,1068.28,INR,PURCHASE,UPI,MOBILE_APP,0,0,Chennai,3.0,0,0,1,DEV-MONISHA-IPHONE-15,mobile_ios,0,BEN-CUST_MONISHA_001-TRUSTED,Trusted Household Vendor,5,0,2,12,0,0,0,None,Resolved Genuine,Standard Habitual Purchase,0
TXN-CUST_MONISHA_001-11302,2026-09-12 12:38:29,2026-09-12,12:38:29,12,5,1,0,CUST_MONISHA_001,420,Chennai,Tamil Nadu,Low Risk / 3% Fraud Rate,M023,SwiftBox Logistics,Courier / Logistics,Express Parcel & Freight Delivery,Tiruppur,Avinashi Road,Tamil Nadu,641603,11.1085,77.3411,9,4200.0,08:00-21:00,"POS,UPI,CARD,ONLINE",Interception fraud / address redirection,0.02,50,2059.23,INR,PURCHASE,POS,MOBILE_APP,1,0,Chennai,8.0,0,0,1,DEV-MONISHA-IPHONE-15,mobile_ios,0,BEN-CUST_MONISHA_001-TRUSTED,Trusted Household Vendor,13,0,3,21,0,0,0,None,Resolved Genuine,Standard Habitual Purchase,0
TXN-CUST_MONISHA_001-11303,2026-09-12 14:04:05,2026-09-12,14:04:05,14,5,1,0,CUST_MONISHA_001,420,Chennai,Tamil Nadu,Low Risk / 3% Fraud Rate,M009,RapidFuel Station,Fuel Station,"Petrol, Diesel & EV Fast Charge",Salem,Fairlands,Tamil Nadu,636016,11.6643,78.146,9,3100.0,24_HOURS,"POS,FLEET_CARD,UPI",Automated fleet card skimming,0.024,60,1695.38,INR,PURCHASE,FLEET_CARD,MOBILE_APP,1,0,Chennai,12.0,0,0,1,DEV-MONISHA-IPHONE-15,mobile_ios,0,BEN-CUST_MONISHA_001-TRUSTED,Trusted Household Vendor,9,0,4,20,0,0,0,None,Resolved Genuine,Standard Habitual Purchase,0
TXN-CUST_MONISHA_001-11304,2026-09-12 15:27:39,2026-09-12,15:27:39,15,5,1,0,CUST_MONISHA_001,420,Chennai,Tamil Nadu,Low Risk / 3% Fraud Rate,M015,HomeSphere Appliances,Home Appliances,"Refrigerators, ACs & Kitchen Tech",Coimbatore,Saibaba Colony,Tamil Nadu,641011,11.0315,76.945,9,27500.0,09:30-21:00,"POS,EMI,CARD,UPI",Carding attacks with immediate in-store pickup,0.038,95,1061.1,INR,PURCHASE,UPI,MOBILE_APP,1,0,Chennai,7.0,0,0,1,DEV-MONISHA-IPHONE-15,mobile_ios,0,BEN-CUST_MONISHA_001-TRUSTED,Trusted Household Vendor,3,1,3,14,0,0,0,None,Resolved Genuine,Standard Habitual Purchase,0
TXN-CUST_MONISHA_001-11305,2026-09-12 16:56:30,2026-09-12,16:56:30,16,5,1,0,CUST_MONISHA_001,420,Chennai,Tamil Nadu,Low Risk / 3% Fraud Rate,M012,DashDine Delivery,Food Delivery,Quick Commerce & Meal Delivery,Chennai,Sholinganallur,Tamil Nadu,600119,12.901,80.2279,4,520.0,06:00-02:00,"UPI,CARD,ONLINE,WALLET",Promo code abuse / stolen wallet balances,0.014,35,3032.94,INR,PURCHASE,UPI,MOBILE_APP,0,0,Chennai,8.0,0,0,1,DEV-MONISHA-IPHONE-15,mobile_ios,0,BEN-CUST_MONISHA_001-TRUSTED,Trusted Household Vendor,7,0,4,20,0,0,0,None,Resolved Genuine,Standard Habitual Purchase,0
TXN-CUST_MONISHA_001-11306,2026-09-12 18:22:03,2026-09-12,18:22:03,18,5,1,0,CUST_MONISHA_001,420,Chennai,Tamil Nadu,Low Risk / 3% Fraud Rate,M028,CraftCove Home Decor,Home Decor,Handicrafts & Art Pieces,Thanjavur,Medical College Road,Tamil Nadu,613004,10.7684,79.1245,8,7400.0,09:30-20:30,"POS,UPI,CARD,ONLINE",Cross-border tourist chargebacks,0.023,57,2794.79,INR,PURCHASE,POS,MOBILE_APP,1,0,Chennai,4.0,0,0,1,DEV-MONISHA-IPHONE-15,mobile_ios,0,BEN-CUST_MONISHA_001-TRUSTED,Trusted Household Vendor,11,0,4,20,0,0,0,None,Resolved Genuine,Standard Habitual Purchase,0
TXN-CUST_MONISHA_001-11307,2026-09-12 19:49:23,2026-09-12,19:49:23,19,5,1,0,CUST_MONISHA_001,420,Chennai,Tamil Nadu,Low Risk / 3% Fraud Rate,M012,DashDine Delivery,Food Delivery,Quick Commerce & Meal Delivery,Chennai,Sholinganallur,Tamil Nadu,600119,12.901,80.2279,4,520.0,06:00-02:00,"UPI,CARD,ONLINE,WALLET",Promo code abuse / stolen wallet balances,0.014,35,2314.88,INR,PURCHASE,ONLINE,MOBILE_APP,0,0,Chennai,10.0,0,0,1,DEV-MONISHA-IPHONE-15,mobile_ios,0,BEN-CUST_MONISHA_001-TRUSTED,Trusted Household Vendor,7,0,2,16,0,0,0,None,Resolved Genuine,Standard Habitual Purchase,0
TXN-CUST_MONISHA_001-11308,2026-09-12 21:13:12,2026-09-12,21:13:12,21,5,1,0,CUST_MONISHA_001,420,Chennai,Tamil Nadu,Low Risk / 3% Fraud Rate,M027,BrickHarbor Realty,Real Estate / Property Services,Rental Escrow & Facility Management,Chennai,Porur,Tamil Nadu,600116,13.035,80.16,11,65000.0,09:00-19:00,"TRANSFER,NETBANKING,CARD",Security deposit phishing / escrow hijacking,0.039,97,2289.61,INR,PURCHASE,CARD,MOBILE_APP,0,0,Chennai,7.0,0,0,1,DEV-MONISHA-IPHONE-15,mobile_ios,0,BEN-CUST_MONISHA_001-TRUSTED,Trusted Household Vendor,12,0,2,18,0,0,0,None,Resolved Genuine,Standard Habitual Purchase,0
TXN-CUST_MONISHA_001-11309,2026-09-12 22:41:15,2026-09-12,22:41:15,22,5,1,0,CUST_MONISHA_001,420,Chennai,Tamil Nadu,Low Risk / 3% Fraud Rate,M017,AutoForge Parts,Spare Parts,OEM Industrial & Auto Components,Hosur,Mookandapalli,Tamil Nadu,635126,12.7409,77.8253,15,16500.0,09:00-19:30,"TRANSFER,POS,CARD",Business email compromise / fake beneficiary update,0.033,82,1386.59,INR,PURCHASE,CARD,MOBILE_APP,1,0,Chennai,12.0,0,0,1,DEV-MONISHA-IPHONE-15,mobile_ios,0,BEN-CUST_MONISHA_001-TRUSTED,Trusted Household Vendor,12,0,3,20,0,0,0,None,Resolved Genuine,Standard Habitual Purchase,0
TXN-CUST_MONISHA_001-11310,2026-09-13 00:05:03,2026-09-13,00:05:03,0,6,1,1,CUST_MONISHA_001,420,Chennai,Tamil Nadu,Low Risk / 3% Fraud Rate,M001,NovaMart Fresh,Grocery & Supermarket,Supermarket / Hypermarket,Chennai,T Nagar,Tamil Nadu,600017,13.0418,80.2341,8,1250.0,07:00-22:30,"POS,UPI,CARD,ONLINE",Card testing / micro-burst velocity,0.012,30,3741.05,INR,P2P_TRANSFER,UPI,WEB_PORTAL,0,0,Hyderabad,408.0,1,1,0,DEV-LAPTOP-CHROME-198,web_browser,1,BEN-NEW-878,Global Flight Booking,0,3,9,41,1,0,0,Geographic Anomaly / High Ticket Spike,Review Required,Sudden location velocity jump with new merchant,1
TXN-CUST_MONISHA_001-11311,2026-09-13 01:29:05,2026-09-13,01:29:05,1,6,1,1,CUST_MONISHA_001,420,Chennai,Tamil Nadu,Low Risk / 3% Fraud Rate,M029,CloudDesk Digital,Software / Digital Services,Cloud Infrastructure & SaaS Tools,Bengaluru,Whitefield,Karnataka,560066,12.9698,77.7499,7,19800.0,24_HOURS,"ONLINE,CARD,TRANSFER",Cryptomining VM rental with stolen credit cards,0.058,145,1187.16,INR,PURCHASE,ONLINE,MOBILE_APP,0,0,Chennai,15.0,0,0,1,DEV-MONISHA-IPHONE-15,mobile_ios,0,BEN-CUST_MONISHA_001-TRUSTED,Trusted Household Vendor,4,0,4,22,0,0,0,None,Resolved Genuine,Standard Habitual Purchase,0
TXN-CUST_MONISHA_001-11312,2026-09-13 02:53:10,2026-09-13,02:53:10,2,6,1,1,CUST_MONISHA_001,420,Chennai,Tamil Nadu,Low Risk / 3% Fraud Rate,M028,CraftCove Home Decor,Home Decor,Handicrafts & Art Pieces,Thanjavur,Medical College Road,Tamil Nadu,613004,10.7684,79.1245,8,7400.0,09:30-20:30,"POS,UPI,CARD,ONLINE",Cross-border tourist chargebacks,0.023,57,2534.85,INR,PURCHASE,CARD,MOBILE_APP,1,0,Chennai,8.0,0,0,1,DEV-MONISHA-IPHONE-15,mobile_ios,0,BEN-CUST_MONISHA_001-TRUSTED,Trusted Household Vendor,5,0,1,7,0,0,0,None,Resolved Genuine,Standard Habitual Purchase,0
TXN-CUST_MONISHA_001-11313,2026-09-13 04:20:46,2026-09-13,04:20:46,4,6,1,1,CUST_MONISHA_001,420,Chennai,Tamil Nadu,Low Risk / 3% Fraud Rate,M013,CartNest Online,E-commerce,Multi-category Marketplace,Chennai,Guindy,Tamil Nadu,600032,13.0067,80.2026,5,6200.0,24_HOURS,"ONLINE,UPI,CARD,NETBANKING",Account takeover + triangulation shipping fraud,0.045,112,1091.73,INR,PURCHASE,CARD,MOBILE_APP,0,0,Chennai,11.0,0,0,1,DEV-MONISHA-IPHONE-15,mobile_ios,0,BEN-CUST_MONISHA_001-TRUSTED,Trusted Household Vendor,6,0,2,17,0,0,0,None,Resolved Genuine,Standard Habitual Purchase,0
TXN-CUST_MONISHA_001-11314,2026-09-13 05:46:47,2026-09-13,05:46:47,5,6,1,1,CUST_MONISHA_001,420,Chennai,Tamil Nadu,Low Risk / 3% Fraud Rate,M010,HarborView Residency,Hotel / Hospitality,Business & Luxury Hotel,Chennai,OMR,Tamil Nadu,600096,12.9165,80.2285,6,9500.0,24_HOURS,"ONLINE,POS,CARD,TRANSFER",Online travel booking fraud with stolen corporate credentials,0.041,102,1307.66,INR,PURCHASE,ONLINE,MOBILE_APP,1,0,Chennai,12.0,0,0,1,DEV-MONISHA-IPHONE-15,mobile_ios,0,BEN-CUST_MONISHA_001-TRUSTED,Trusted Household Vendor,4,1,2,11,0,0,0,None,Resolved Genuine,Standard Habitual Purchase,0
TXN-CUST_MONISHA_001-11315,2026-09-13 07:11:25,2026-09-13,07:11:25,7,6,1,0,CUST_MONISHA_001,420,Chennai,Tamil Nadu,Low Risk / 3% Fraud Rate,M026,GreenLeaf Wellness,Health & Wellness,Organic Nutrition & Ayurveda,Trichy,Srirangam,Tamil Nadu,620006,10.8624,78.6947,6,2100.0,08:00-21:00,"POS,UPI,ONLINE,CARD",Subscription card stuffing,0.013,32,1108.92,INR,PURCHASE,POS,MOBILE_APP,1,0,Chennai,1.0,0,0,1,DEV-MONISHA-IPHONE-15,mobile_ios,0,BEN-CUST_MONISHA_001-TRUSTED,Trusted Household Vendor,12,0,4,23,0,0,0,None,Resolved Genuine,Standard Habitual Purchase,0
TXN-CUST_MONISHA_001-11316,2026-09-13 08:35:55,2026-09-13,08:35:55,8,6,1,0,CUST_MONISHA_001,420,Chennai,Tamil Nadu,Low Risk / 3% Fraud Rate,M024,LinkWave Telecom,Telecom Retail,Fiber Broadband & Postpaid Plans,Erode,Perundurai Road,Tamil Nadu,638011,11.341,77.7172,10,1950.0,09:30-20:30,"UPI,CARD,ONLINE,POS",SIM swap bill recharge surges,0.017,42,3021.12,INR,PURCHASE,CARD,MOBILE_APP,1,0,Chennai,12.0,0,0,1,DEV-MONISHA-IPHONE-15,mobile_ios,0,BEN-CUST_MONISHA_001-TRUSTED,Trusted Household Vendor,6,0,4,25,0,0,0,None,Resolved Genuine,Standard Habitual Purchase,0
TXN-CUST_MONISHA_001-11317,2026-09-13 10:02:20,2026-09-13,10:02:20,10,6,1,0,CUST_MONISHA_001,420,Chennai,Tamil Nadu,Low Risk / 3% Fraud Rate,M012,DashDine Delivery,Food Delivery,Quick Commerce & Meal Delivery,Chennai,Sholinganallur,Tamil Nadu,600119,12.901,80.2279,4,520.0,06:00-02:00,"UPI,CARD,ONLINE,WALLET",Promo code abuse / stolen wallet balances,0.014,35,2227.24,INR,PURCHASE,WALLET,MOBILE_APP,0,0,Chennai,9.0,0,0,1,DEV-MONISHA-IPHONE-15,mobile_ios,0,BEN-CUST_MONISHA_001-TRUSTED,Trusted Household Vendor,10,0,1,12,0,0,0,None,Resolved Genuine,Standard Habitual Purchase,0
TXN-CUST_MONISHA_001-11318,2026-09-13 11:30:58,2026-09-13,11:30:58,11,6,1,0,CUST_MONISHA_001,420,Chennai,Tamil Nadu,Low Risk / 3% Fraud Rate,M019,ArenaSport World,Sports Retail,Fitness Equipment & Sports Wear,Chennai,Nungambakkam,Tamil Nadu,600034,13.0604,80.2405,6,5600.0,10:00-21:30,"POS,ONLINE,UPI,CARD",Stolen card chargeback on premium sports gear,0.026,65,962.86,INR,PURCHASE,CARD,MOBILE_APP,1,0,Chennai,13.0,0,0,1,DEV-MONISHA-IPHONE-15,mobile_ios,0,BEN-CUST_MONISHA_001-TRUSTED,Trusted Household Vendor,4,0,1,9,0,0,0,None,Resolved Genuine,Standard Habitual Purchase,0
TXN-CUST_MONISHA_001-11319,2026-09-13 12:54:41,2026-09-13,12:54:41,12,6,1,0,CUST_MONISHA_001,420,Chennai,Tamil Nadu,Low Risk / 3% Fraud Rate,M018,PageTurn Book House,Bookstore,"Academic, Fiction & Stationery",Trichy,Thillai Nagar,Tamil Nadu,620018,10.8282,78.6854,16,850.0,09:00-21:30,"POS,UPI,CARD,ONLINE",Low-value card testing bots,0.008,20,1554.35,INR,PURCHASE,ONLINE,MOBILE_APP,1,0,Chennai,4.0,0,0,1,DEV-MONISHA-IPHONE-15,mobile_ios,0,BEN-CUST_MONISHA_001-TRUSTED,Trusted Household Vendor,7,0,3,19,0,0,0,None,Resolved Genuine,Standard Habitual Purchase,0
TXN-CUST_MONISHA_001-11320,2026-09-13 14:18:29,2026-09-13,14:18:29,14,6,1,0,CUST_MONISHA_001,420,Chennai,Tamil Nadu,Low Risk / 3% Fraud Rate,M028,CraftCove Home Decor,Home Decor,Handicrafts & Art Pieces,Thanjavur,Medical College Road,Tamil Nadu,613004,10.7684,79.1245,8,7400.0,09:30-20:30,"POS,UPI,CARD,ONLINE",Cross-border tourist chargebacks,0.023,57,1149.4,INR,PURCHASE,CARD,MOBILE_APP,1,0,Chennai,5.0,0,0,1,DEV-MONISHA-IPHONE-15,mobile_ios,0,BEN-CUST_MONISHA_001-TRUSTED,Trusted Household Vendor,11,1,2,16,0,0,0,None,Resolved Genuine,Standard Habitual Purchase,0
TXN-CUST_MONISHA_001-11321,2026-09-13 15:45:36,2026-09-13,15:45:36,15,6,1,0,CUST_MONISHA_001,420,Chennai,Tamil Nadu,Low Risk / 3% Fraud Rate,M018,PageTurn Book House,Bookstore,"Academic, Fiction & Stationery",Trichy,Thillai Nagar,Tamil Nadu,620018,10.8282,78.6854,16,850.0,09:00-21:30,"POS,UPI,CARD,ONLINE",Low-value card testing bots,0.008,20,2412.19,INR,PURCHASE,POS,MOBILE_APP,1,0,Chennai,2.0,0,0,1,DEV-MONISHA-IPHONE-15,mobile_ios,0,BEN-CUST_MONISHA_001-TRUSTED,Trusted Household Vendor,13,0,3,14,0,0,0,None,Resolved Genuine,Standard Habitual Purchase,0
TXN-CUST_MONISHA_001-11322,2026-09-13 17:11:02,2026-09-13,17:11:02,17,6,1,0,CUST_MONISHA_001,420,Chennai,Tamil Nadu,Low Risk / 3% Fraud Rate,M009,RapidFuel Station,Fuel Station,"Petrol, Diesel & EV Fast Charge",Salem,Fairlands,Tamil Nadu,636016,11.6643,78.146,9,3100.0,24_HOURS,"POS,FLEET_CARD,UPI",Automated fleet card skimming,0.024,60,1249.2,INR,PURCHASE,UPI,MOBILE_APP,1,0,Chennai,15.0,0,0,1,DEV-MONISHA-IPHONE-15,mobile_ios,0,BEN-CUST_MONISHA_001-TRUSTED,Trusted Household Vendor,6,0,2,15,0,0,0,None,Resolved Genuine,Standard Habitual Purchase,0
TXN-CUST_MONISHA_001-11323,2026-09-13 18:39:59,2026-09-13,18:39:59,18,6,1,0,CUST_MONISHA_001,420,Chennai,Tamil Nadu,Low Risk / 3% Fraud Rate,M022,SkillSpring Academy,Education / Training,Professional Certifications & Tech Bootcamps,Chennai,Mylapore,Tamil Nadu,600004,13.0368,80.2676,8,22000.0,08:30-19:30,"ONLINE,NETBANKING,CARD,UPI",Stolen corporate card enrollments,0.028,70,2914.83,INR,PURCHASE,ONLINE,MOBILE_APP,0,0,Chennai,1.0,0,0,1,DEV-MONISHA-IPHONE-15,mobile_ios,0,BEN-CUST_MONISHA_001-TRUSTED,Trusted Household Vendor,15,0,1,11,0,0,0,None,Resolved Genuine,Standard Habitual Purchase,0
TXN-CUST_MONISHA_001-11324,2026-09-13 20:09:16,2026-09-13,20:09:16,20,6,1,0,CUST_MONISHA_001,420,Chennai,Tamil Nadu,Low Risk / 3% Fraud Rate,M014,OakLine Furnishings,Furniture,Teak Wood & Modern Home Decor,Madurai,Bypass Road,Tamil Nadu,625016,9.932,78.109,12,38000.0,10:00-21:00,"POS,CARD,TRANSFER,EMI",Invoice redirection fraud / fake payment slips,0.029,72,2179.67,INR,PURCHASE,TRANSFER,MOBILE_APP,1,0,Chennai,10.0,0,0,1,DEV-MONISHA-IPHONE-15,mobile_ios,0,BEN-CUST_MONISHA_001-TRUSTED,Trusted Household Vendor,5,0,4,18,0,0,0,None,Resolved Genuine,Standard Habitual Purchase,0
TXN-CUST_MONISHA_001-11325,2026-09-13 21:33:17,2026-09-13,21:33:17,21,6,1,0,CUST_MONISHA_001,420,Chennai,Tamil Nadu,Low Risk / 3% Fraud Rate,M016,MotoCare Garage,Auto Service,Car Service & Detailing Hub,Chennai,Pallikaranai,Tamil Nadu,600100,12.9372,80.2014,7,8900.0,08:30-20:30,"POS,UPI,CARD",Over-invoicing / synthetic card payments,0.021,52,1967.79,INR,PURCHASE,POS,MOBILE_APP,1,0,Chennai,11.0,0,0,1,DEV-MONISHA-IPHONE-15,mobile_ios,0,BEN-CUST_MONISHA_001-TRUSTED,Trusted Household Vendor,7,0,4,18,0,0,0,None,Resolved Genuine,Standard Habitual Purchase,0
TXN-CUST_MONISHA_001-11326,2026-09-13 23:02:16,2026-09-13,23:02:16,23,6,1,1,CUST_MONISHA_001,420,Chennai,Tamil Nadu,Low Risk / 3% Fraud Rate,M001,NovaMart Fresh,Grocery & Supermarket,Supermarket / Hypermarket,Chennai,T Nagar,Tamil Nadu,600017,13.0418,80.2341,8,1250.0,07:00-22:30,"POS,UPI,CARD,ONLINE",Card testing / micro-burst velocity,0.012,30,2590.25,INR,PURCHASE,POS,MOBILE_APP,1,0,Chennai,13.0,0,0,1,DEV-MONISHA-IPHONE-15,mobile_ios,0,BEN-CUST_MONISHA_001-TRUSTED,Trusted Household Vendor,13,1,4,26,0,0,0,None,Resolved Genuine,Standard Habitual Purchase,0
TXN-CUST_MONISHA_001-11327,2026-09-14 00:28:34,2026-09-14,00:28:34,0,0,0,1,CUST_MONISHA_001,420,Chennai,Tamil Nadu,Low Risk / 3% Fraud Rate,M013,CartNest Online,E-commerce,Multi-category Marketplace,Chennai,Guindy,Tamil Nadu,600032,13.0067,80.2026,5,6200.0,24_HOURS,"ONLINE,UPI,CARD,NETBANKING",Account takeover + triangulation shipping fraud,0.045,112,2571.69,INR,PURCHASE,UPI,MOBILE_APP,0,0,Chennai,12.0,0,0,1,DEV-MONISHA-IPHONE-15,mobile_ios,0,BEN-CUST_MONISHA_001-TRUSTED,Trusted Household Vendor,11,1,4,19,0,0,0,None,Resolved Genuine,Standard Habitual Purchase,0
TXN-CUST_MONISHA_001-11328,2026-09-14 01:54:36,2026-09-14,01:54:36,1,0,0,1,CUST_MONISHA_001,420,Chennai,Tamil Nadu,Low Risk / 3% Fraud Rate,M029,CloudDesk Digital,Software / Digital Services,Cloud Infrastructure & SaaS Tools,Bengaluru,Whitefield,Karnataka,560066,12.9698,77.7499,7,19800.0,24_HOURS,"ONLINE,CARD,TRANSFER",Cryptomining VM rental with stolen credit cards,0.058,145,2220.63,INR,PURCHASE,CARD,MOBILE_APP,0,0,Chennai,15.0,0,0,1,DEV-MONISHA-IPHONE-15,mobile_ios,0,BEN-CUST_MONISHA_001-TRUSTED,Trusted Household Vendor,8,0,2,10,0,0,0,None,Resolved Genuine,Standard Habitual Purchase,0
TXN-CUST_MONISHA_001-11329,2026-09-14 03:19:25,2026-09-14,03:19:25,3,0,0,1,CUST_MONISHA_001,420,Chennai,Tamil Nadu,Low Risk / 3% Fraud Rate,M003,Pulse Mobile Hub,Mobile Store,Smartphones & Accessories,Chennai,Tambaram,Tamil Nadu,600045,12.9249,80.1278,4,18500.0,09:30-21:30,"POS,UPI,CARD",New device abuse / rapid checkout surge,0.035,87,2157.36,INR,PURCHASE,POS,MOBILE_APP,1,0,Chennai,4.0,0,0,1,DEV-MONISHA-IPHONE-15,mobile_ios,0,BEN-CUST_MONISHA_001-TRUSTED,Trusted Household Vendor,15,0,1,9,0,0,0,None,Resolved Genuine,Standard Habitual Purchase,0
TXN-CUST_MONISHA_001-11330,2026-09-14 04:47:42,2026-09-14,04:47:42,4,0,0,1,CUST_MONISHA_001,420,Chennai,Tamil Nadu,Low Risk / 3% Fraud Rate,M003,Pulse Mobile Hub,Mobile Store,Smartphones & Accessories,Chennai,Tambaram,Tamil Nadu,600045,12.9249,80.1278,4,18500.0,09:30-21:30,"POS,UPI,CARD",New device abuse / rapid checkout surge,0.035,87,912.57,INR,PURCHASE,UPI,MOBILE_APP,1,0,Chennai,8.0,0,0,1,DEV-MONISHA-IPHONE-15,mobile_ios,0,BEN-CUST_MONISHA_001-TRUSTED,Trusted Household Vendor,8,1,1,9,0,0,0,None,Resolved Genuine,Standard Habitual Purchase,0
TXN-CUST_MONISHA_001-11331,2026-09-14 06:17:05,2026-09-14,06:17:05,6,0,0,0,CUST_MONISHA_001,420,Chennai,Tamil Nadu,Low Risk / 3% Fraud Rate,M005,UrbanThread Studio,Fashion / Apparel,Designer & Ready-to-wear,Chennai,Anna Nagar,Tamil Nadu,600040,13.085,80.2101,5,4800.0,10:30-22:00,"POS,ONLINE,UPI,CARD",Refund abuse / credential stuffing,0.022,55,12713.15,INR,PURCHASE,ONLINE,WEB_PORTAL,0,0,Hyderabad,378.0,1,1,0,DEV-LAPTOP-CHROME-225,web_browser,0,BEN-CUST_MONISHA_001-01,Self Family Transfer,3,2,6,33,1,0,0,Geographic Anomaly / High Ticket Spike,Review Required,Sudden location velocity jump with new merchant,1
TXN-CUST_MONISHA_001-11332,2026-09-14 07:44:43,2026-09-14,07:44:43,7,0,0,0,CUST_MONISHA_001,420,Chennai,Tamil Nadu,Low Risk / 3% Fraud Rate,M027,BrickHarbor Realty,Real Estate / Property Services,Rental Escrow & Facility Management,Chennai,Porur,Tamil Nadu,600116,13.035,80.16,11,65000.0,09:00-19:00,"TRANSFER,NETBANKING,CARD",Security deposit phishing / escrow hijacking,0.039,97,1615.28,INR,PURCHASE,NETBANKING,MOBILE_APP,0,0,Chennai,15.0,0,0,1,DEV-MONISHA-IPHONE-15,mobile_ios,0,BEN-CUST_MONISHA_001-TRUSTED,Trusted Household Vendor,14,0,4,23,0,0,0,None,Resolved Genuine,Standard Habitual Purchase,0
TXN-CUST_MONISHA_001-11333,2026-09-14 09:12:48,2026-09-14,09:12:48,9,0,0,0,CUST_MONISHA_001,420,Chennai,Tamil Nadu,Low Risk / 3% Fraud Rate,M010,HarborView Residency,Hotel / Hospitality,Business & Luxury Hotel,Chennai,OMR,Tamil Nadu,600096,12.9165,80.2285,6,9500.0,24_HOURS,"ONLINE,POS,CARD,TRANSFER",Online travel booking fraud with stolen corporate credentials,0.041,102,2813.39,INR,PURCHASE,ONLINE,MOBILE_APP,1,0,Chennai,4.0,0,0,1,DEV-MONISHA-IPHONE-15,mobile_ios,0,BEN-CUST_MONISHA_001-TRUSTED,Trusted Household Vendor,8,0,3,14,0,0,0,None,Resolved Genuine,Standard Habitual Purchase,0
TXN-CUST_MONISHA_001-11334,2026-09-14 10:38:17,2026-09-14,10:38:17,10,0,0,0,CUST_MONISHA_001,420,Chennai,Tamil Nadu,Low Risk / 3% Fraud Rate,M014,OakLine Furnishings,Furniture,Teak Wood & Modern Home Decor,Madurai,Bypass Road,Tamil Nadu,625016,9.932,78.109,12,38000.0,10:00-21:00,"POS,CARD,TRANSFER,EMI",Invoice redirection fraud / fake payment slips,0.029,72,2430.87,INR,PURCHASE,CARD,MOBILE_APP,1,0,Chennai,10.0,0,0,1,DEV-MONISHA-IPHONE-15,mobile_ios,0,BEN-CUST_MONISHA_001-TRUSTED,Trusted Household Vendor,6,0,1,14,0,0,0,None,Resolved Genuine,Standard Habitual Purchase,0
TXN-CUST_MONISHA_001-11335,2026-09-14 12:03:04,2026-09-14,12:03:04,12,0,0,0,CUST_MONISHA_001,420,Chennai,Tamil Nadu,Low Risk / 3% Fraud Rate,M024,LinkWave Telecom,Telecom Retail,Fiber Broadband & Postpaid Plans,Erode,Perundurai Road,Tamil Nadu,638011,11.341,77.7172,10,1950.0,09:30-20:30,"UPI,CARD,ONLINE,POS",SIM swap bill recharge surges,0.017,42,2073.94,INR,PURCHASE,CARD,MOBILE_APP,1,0,Chennai,2.0,0,0,1,DEV-MONISHA-IPHONE-15,mobile_ios,0,BEN-CUST_MONISHA_001-TRUSTED,Trusted Household Vendor,3,0,2,17,0,0,0,None,Resolved Genuine,Standard Habitual Purchase,0
TXN-CUST_MONISHA_001-11336,2026-09-14 13:30:22,2026-09-14,13:30:22,13,0,0,0,CUST_MONISHA_001,420,Chennai,Tamil Nadu,Low Risk / 3% Fraud Rate,M015,HomeSphere Appliances,Home Appliances,"Refrigerators, ACs & Kitchen Tech",Coimbatore,Saibaba Colony,Tamil Nadu,641011,11.0315,76.945,9,27500.0,09:30-21:00,"POS,EMI,CARD,UPI",Carding attacks with immediate in-store pickup,0.038,95,3010.13,INR,PURCHASE,CARD,MOBILE_APP,1,0,Chennai,1.0,0,0,1,DEV-MONISHA-IPHONE-15,mobile_ios,0,BEN-CUST_MONISHA_001-TRUSTED,Trusted Household Vendor,7,0,1,12,0,0,0,None,Resolved Genuine,Standard Habitual Purchase,0
TXN-CUST_MONISHA_001-11337,2026-09-14 14:55:34,2026-09-14,14:55:34,14,0,0,0,CUST_MONISHA_001,420,Chennai,Tamil Nadu,Low Risk / 3% Fraud Rate,M003,Pulse Mobile Hub,Mobile Store,Smartphones & Accessories,Chennai,Tambaram,Tamil Nadu,600045,12.9249,80.1278,4,18500.0,09:30-21:30,"POS,UPI,CARD",New device abuse / rapid checkout surge,0.035,87,919.74,INR,PURCHASE,UPI,MOBILE_APP,1,0,Chennai,14.0,0,0,1,DEV-MONISHA-IPHONE-15,mobile_ios,0,BEN-CUST_MONISHA_001-TRUSTED,Trusted Household Vendor,3,0,4,24,0,0,0,None,Resolved Genuine,Standard Habitual Purchase,0
TXN-CUST_MONISHA_001-11338,2026-09-14 16:21:38,2026-09-14,16:21:38,16,0,0,0,CUST_MONISHA_001,420,Chennai,Tamil Nadu,Low Risk / 3% Fraud Rate,M008,BeanCircuit Cafe,Cafe,Specialty Coffee & Bakery,Bengaluru,Indiranagar,Karnataka,560038,12.9784,77.6408,3,650.0,07:30-23:00,"UPI,POS,CARD",QR code spoofing / fast velocity dining,0.009,22,1261.41,INR,PURCHASE,POS,MOBILE_APP,1,0,Chennai,3.0,0,0,1,DEV-MONISHA-IPHONE-15,mobile_ios,0,BEN-CUST_MONISHA_001-TRUSTED,Trusted Household Vendor,13,0,1,6,0,0,0,None,Resolved Genuine,Standard Habitual Purchase,0
TXN-CUST_MONISHA_001-11339,2026-09-14 17:48:17,2026-09-14,17:48:17,17,0,0,0,CUST_MONISHA_001,420,Chennai,Tamil Nadu,Low Risk / 3% Fraud Rate,M012,DashDine Delivery,Food Delivery,Quick Commerce & Meal Delivery,Chennai,Sholinganallur,Tamil Nadu,600119,12.901,80.2279,4,520.0,06:00-02:00,"UPI,CARD,ONLINE,WALLET",Promo code abuse / stolen wallet balances,0.014,35,2973.1,INR,PURCHASE,CARD,MOBILE_APP,0,0,Chennai,15.0,0,0,1,DEV-MONISHA-IPHONE-15,mobile_ios,0,BEN-CUST_MONISHA_001-TRUSTED,Trusted Household Vendor,7,0,3,14,0,0,0,None,Resolved Genuine,Standard Habitual Purchase,0
TXN-CUST_MONISHA_001-11340,2026-09-14 19:13:43,2026-09-14,19:13:43,19,0,0,0,CUST_MONISHA_001,420,Chennai,Tamil Nadu,Low Risk / 3% Fraud Rate,M027,BrickHarbor Realty,Real Estate / Property Services,Rental Escrow & Facility Management,Chennai,Porur,Tamil Nadu,600116,13.035,80.16,11,65000.0,09:00-19:00,"TRANSFER,NETBANKING,CARD",Security deposit phishing / escrow hijacking,0.039,97,2234.38,INR,PURCHASE,TRANSFER,MOBILE_APP,0,0,Chennai,14.0,0,0,1,DEV-MONISHA-IPHONE-15,mobile_ios,0,BEN-CUST_MONISHA_001-TRUSTED,Trusted Household Vendor,15,0,1,14,0,0,0,None,Resolved Genuine,Standard Habitual Purchase,0
TXN-CUST_MONISHA_001-11341,2026-09-14 20:39:27,2026-09-14,20:39:27,20,0,0,0,CUST_MONISHA_001,420,Chennai,Tamil Nadu,Low Risk / 3% Fraud Rate,M024,LinkWave Telecom,Telecom Retail,Fiber Broadband & Postpaid Plans,Erode,Perundurai Road,Tamil Nadu,638011,11.341,77.7172,10,1950.0,09:30-20:30,"UPI,CARD,ONLINE,POS",SIM swap bill recharge surges,0.017,42,2961.99,INR,PURCHASE,ONLINE,MOBILE_APP,1,0,Chennai,5.0,0,0,1,DEV-MONISHA-IPHONE-15,mobile_ios,0,BEN-CUST_MONISHA_001-TRUSTED,Trusted Household Vendor,9,0,4,20,0,0,0,None,Resolved Genuine,Standard Habitual Purchase,0
TXN-CUST_MONISHA_001-11342,2026-09-14 22:08:37,2026-09-14,22:08:37,22,0,0,0,CUST_MONISHA_001,420,Chennai,Tamil Nadu,Low Risk / 3% Fraud Rate,M015,HomeSphere Appliances,Home Appliances,"Refrigerators, ACs & Kitchen Tech",Coimbatore,Saibaba Colony,Tamil Nadu,641011,11.0315,76.945,9,27500.0,09:30-21:00,"POS,EMI,CARD,UPI",Carding attacks with immediate in-store pickup,0.038,95,2524.78,INR,PURCHASE,CARD,MOBILE_APP,1,0,Chennai,15.0,0,0,1,DEV-MONISHA-IPHONE-15,mobile_ios,0,BEN-CUST_MONISHA_001-TRUSTED,Trusted Household Vendor,7,0,1,7,0,0,0,None,Resolved Genuine,Standard Habitual Purchase,0
TXN-CUST_MONISHA_001-11343,2026-09-14 23:38:00,2026-09-14,23:38:00,23,0,0,1,CUST_MONISHA_001,420,Chennai,Tamil Nadu,Low Risk / 3% Fraud Rate,M025,ShieldSure Services,Insurance Services,General & Health Insurance Premium,Chennai,Egmore,Tamil Nadu,600008,13.0784,80.2607,13,14000.0,09:30-18:00,"ONLINE,NETBANKING,CARD",Premium diversion / fake policy payment slips,0.019,47,2050.16,INR,PURCHASE,NETBANKING,MOBILE_APP,0,0,Chennai,6.0,0,0,1,DEV-MONISHA-IPHONE-15,mobile_ios,0,BEN-CUST_MONISHA_001-TRUSTED,Trusted Household Vendor,12,0,1,11,0,0,0,None,Resolved Genuine,Standard Habitual Purchase,0
TXN-CUST_MONISHA_001-11344,2026-09-15 01:03:01,2026-09-15,01:03:01,1,1,0,1,CUST_MONISHA_001,420,Chennai,Tamil Nadu,Low Risk / 3% Fraud Rate,M009,RapidFuel Station,Fuel Station,"Petrol, Diesel & EV Fast Charge",Salem,Fairlands,Tamil Nadu,636016,11.6643,78.146,9,3100.0,24_HOURS,"POS,FLEET_CARD,UPI",Automated fleet card skimming,0.024,60,2610.88,INR,PURCHASE,FLEET_CARD,MOBILE_APP,1,0,Chennai,13.0,0,0,1,DEV-MONISHA-IPHONE-15,mobile_ios,0,BEN-CUST_MONISHA_001-TRUSTED,Trusted Household Vendor,4,0,1,11,0,0,0,None,Resolved Genuine,Standard Habitual Purchase,0
TXN-CUST_MONISHA_001-11345,2026-09-15 02:31:26,2026-09-15,02:31:26,2,1,0,1,CUST_MONISHA_001,420,Chennai,Tamil Nadu,Low Risk / 3% Fraud Rate,M028,CraftCove Home Decor,Home Decor,Handicrafts & Art Pieces,Thanjavur,Medical College Road,Tamil Nadu,613004,10.7684,79.1245,8,7400.0,09:30-20:30,"POS,UPI,CARD,ONLINE",Cross-border tourist chargebacks,0.023,57,1198.36,INR,PURCHASE,POS,MOBILE_APP,1,0,Chennai,8.0,0,0,1,DEV-MONISHA-IPHONE-15,mobile_ios,0,BEN-CUST_MONISHA_001-TRUSTED,Trusted Household Vendor,10,1,1,11,0,0,0,None,Resolved Genuine,Standard Habitual Purchase,0
TXN-CUST_MONISHA_001-11346,2026-09-15 03:57:43,2026-09-15,03:57:43,3,1,0,1,CUST_MONISHA_001,420,Chennai,Tamil Nadu,Low Risk / 3% Fraud Rate,M028,CraftCove Home Decor,Home Decor,Handicrafts & Art Pieces,Thanjavur,Medical College Road,Tamil Nadu,613004,10.7684,79.1245,8,7400.0,09:30-20:30,"POS,UPI,CARD,ONLINE",Cross-border tourist chargebacks,0.023,57,2082.46,INR,PURCHASE,CARD,MOBILE_APP,1,0,Chennai,7.0,0,0,1,DEV-MONISHA-IPHONE-15,mobile_ios,0,BEN-CUST_MONISHA_001-TRUSTED,Trusted Household Vendor,7,1,1,7,0,0,0,None,Resolved Genuine,Standard Habitual Purchase,0
TXN-CUST_MONISHA_001-11347,2026-09-15 05:23:46,2026-09-15,05:23:46,5,1,0,1,CUST_MONISHA_001,420,Chennai,Tamil Nadu,Low Risk / 3% Fraud Rate,M009,RapidFuel Station,Fuel Station,"Petrol, Diesel & EV Fast Charge",Salem,Fairlands,Tamil Nadu,636016,11.6643,78.146,9,3100.0,24_HOURS,"POS,FLEET_CARD,UPI",Automated fleet card skimming,0.024,60,2572.39,INR,PURCHASE,POS,MOBILE_APP,1,0,Chennai,5.0,0,0,1,DEV-MONISHA-IPHONE-15,mobile_ios,0,BEN-CUST_MONISHA_001-TRUSTED,Trusted Household Vendor,5,0,4,20,0,0,0,None,Resolved Genuine,Standard Habitual Purchase,0
TXN-CUST_MONISHA_001-11348,2026-09-15 06:48:02,2026-09-15,06:48:02,6,1,0,0,CUST_MONISHA_001,420,Chennai,Tamil Nadu,Low Risk / 3% Fraud Rate,M020,GameGrid Arena,Gaming,"Esports, Consoles & Virtual Credits",Bengaluru,Koramangala,Karnataka,560095,12.9352,77.6245,4,3400.0,10:00-01:00,"ONLINE,UPI,CARD,WALLET",Virtual item laundering & bot-driven micro transactions,0.055,137,2314.99,INR,PURCHASE,WALLET,MOBILE_APP,0,0,Chennai,4.0,0,0,1,DEV-MONISHA-IPHONE-15,mobile_ios,0,BEN-CUST_MONISHA_001-TRUSTED,Trusted Household Vendor,5,1,1,11,0,0,0,None,Resolved Genuine,Standard Habitual Purchase,0
TXN-CUST_MONISHA_001-11349,2026-09-15 08:11:42,2026-09-15,08:11:42,8,1,0,0,CUST_MONISHA_001,420,Chennai,Tamil Nadu,Low Risk / 3% Fraud Rate,M023,SwiftBox Logistics,Courier / Logistics,Express Parcel & Freight Delivery,Tiruppur,Avinashi Road,Tamil Nadu,641603,11.1085,77.3411,9,4200.0,08:00-21:00,"POS,UPI,CARD,ONLINE",Interception fraud / address redirection,0.02,50,1313.41,INR,PURCHASE,CARD,MOBILE_APP,1,0,Chennai,12.0,0,0,1,DEV-MONISHA-IPHONE-15,mobile_ios,0,BEN-CUST_MONISHA_001-TRUSTED,Trusted Household Vendor,3,0,3,22,0,0,0,None,Resolved Genuine,Standard Habitual Purchase,0
TXN-CUST_MONISHA_001-11350,2026-09-15 09:39:24,2026-09-15,09:39:24,9,1,0,0,CUST_MONISHA_001,420,Chennai,Tamil Nadu,Low Risk / 3% Fraud Rate,M020,GameGrid Arena,Gaming,"Esports, Consoles & Virtual Credits",Bengaluru,Koramangala,Karnataka,560095,12.9352,77.6245,4,3400.0,10:00-01:00,"ONLINE,UPI,CARD,WALLET",Virtual item laundering & bot-driven micro transactions,0.055,137,1329.19,INR,PURCHASE,ONLINE,MOBILE_APP,0,0,Chennai,2.0,0,0,1,DEV-MONISHA-IPHONE-15,mobile_ios,0,BEN-CUST_MONISHA_001-TRUSTED,Trusted Household Vendor,4,1,4,21,0,0,0,None,Resolved Genuine,Standard Habitual Purchase,0
TXN-CUST_MONISHA_001-11351,2026-09-15 11:04:02,2026-09-15,11:04:02,11,1,0,0,CUST_MONISHA_001,420,Chennai,Tamil Nadu,Low Risk / 3% Fraud Rate,M019,ArenaSport World,Sports Retail,Fitness Equipment & Sports Wear,Chennai,Nungambakkam,Tamil Nadu,600034,13.0604,80.2405,6,5600.0,10:00-21:30,"POS,ONLINE,UPI,CARD",Stolen card chargeback on premium sports gear,0.026,65,1648.98,INR,PURCHASE,CARD,MOBILE_APP,1,0,Chennai,14.0,0,0,1,DEV-MONISHA-IPHONE-15,mobile_ios,0,BEN-CUST_MONISHA_001-TRUSTED,Trusted Household Vendor,13,0,1,10,0,0,0,None,Resolved Genuine,Standard Habitual Purchase,0
TXN-CUST_MONISHA_001-11352,2026-09-15 12:28:17,2026-09-15,12:28:17,12,1,0,0,CUST_MONISHA_001,420,Chennai,Tamil Nadu,Low Risk / 3% Fraud Rate,M011,SkyTrail Travels,Travel Agency,Flight & International Tour Packages,Coimbatore,Gandhipuram,Tamil Nadu,641012,11.0183,76.9664,11,44000.0,09:00-20:00,"ONLINE,TRANSFER,CARD",Mule-account ticket arbitrage & fast cancellation fraud,0.052,130,2200.3,INR,PURCHASE,TRANSFER,MOBILE_APP,0,0,Chennai,6.0,0,0,1,DEV-MONISHA-IPHONE-15,mobile_ios,0,BEN-CUST_MONISHA_001-TRUSTED,Trusted Household Vendor,13,0,4,25,0,0,0,None,Resolved Genuine,Standard Habitual Purchase,0
TXN-CUST_MONISHA_001-11353,2026-09-15 13:57:20,2026-09-15,13:57:20,13,1,0,0,CUST_MONISHA_001,420,Chennai,Tamil Nadu,Low Risk / 3% Fraud Rate,M010,HarborView Residency,Hotel / Hospitality,Business & Luxury Hotel,Chennai,OMR,Tamil Nadu,600096,12.9165,80.2285,6,9500.0,24_HOURS,"ONLINE,POS,CARD,TRANSFER",Online travel booking fraud with stolen corporate credentials,0.041,102,2235.28,INR,PURCHASE,ONLINE,MOBILE_APP,1,0,Chennai,3.0,0,0,1,DEV-MONISHA-IPHONE-15,mobile_ios,0,BEN-CUST_MONISHA_001-TRUSTED,Trusted Household Vendor,5,0,3,15,0,0,0,None,Resolved Genuine,Standard Habitual Purchase,0
TXN-CUST_MONISHA_001-11354,2026-09-15 15:24:24,2026-09-15,15:24:24,15,1,0,0,CUST_MONISHA_001,420,Chennai,Tamil Nadu,Low Risk / 3% Fraud Rate,M026,GreenLeaf Wellness,Health & Wellness,Organic Nutrition & Ayurveda,Trichy,Srirangam,Tamil Nadu,620006,10.8624,78.6947,6,2100.0,08:00-21:00,"POS,UPI,ONLINE,CARD",Subscription card stuffing,0.013,32,1512.67,INR,PURCHASE,CARD,MOBILE_APP,1,0,Chennai,12.0,0,0,1,DEV-MONISHA-IPHONE-15,mobile_ios,0,BEN-CUST_MONISHA_001-TRUSTED,Trusted Household Vendor,6,0,3,14,0,0,0,None,Resolved Genuine,Standard Habitual Purchase,0
TXN-CUST_MONISHA_001-11355,2026-09-15 16:51:44,2026-09-15,16:51:44,16,1,0,0,CUST_MONISHA_001,420,Chennai,Tamil Nadu,Low Risk / 3% Fraud Rate,M005,UrbanThread Studio,Fashion / Apparel,Designer & Ready-to-wear,Chennai,Anna Nagar,Tamil Nadu,600040,13.085,80.2101,5,4800.0,10:30-22:00,"POS,ONLINE,UPI,CARD",Refund abuse / credential stuffing,0.022,55,1671.75,INR,PURCHASE,CARD,MOBILE_APP,1,0,Chennai,11.0,0,0,1,DEV-MONISHA-IPHONE-15,mobile_ios,0,BEN-CUST_MONISHA_001-TRUSTED,Trusted Household Vendor,6,1,1,14,0,0,0,None,Resolved Genuine,Standard Habitual Purchase,0
TXN-CUST_MONISHA_001-11356,2026-09-15 18:19:32,2026-09-15,18:19:32,18,1,0,0,CUST_MONISHA_001,420,Chennai,Tamil Nadu,Low Risk / 3% Fraud Rate,M028,CraftCove Home Decor,Home Decor,Handicrafts & Art Pieces,Thanjavur,Medical College Road,Tamil Nadu,613004,10.7684,79.1245,8,7400.0,09:30-20:30,"POS,UPI,CARD,ONLINE",Cross-border tourist chargebacks,0.023,57,2835.64,INR,PURCHASE,ONLINE,MOBILE_APP,1,0,Chennai,13.0,0,0,1,DEV-MONISHA-IPHONE-15,mobile_ios,0,BEN-CUST_MONISHA_001-TRUSTED,Trusted Household Vendor,13,1,4,23,0,0,0,None,Resolved Genuine,Standard Habitual Purchase,0
TXN-CUST_MONISHA_001-11357,2026-09-15 19:44:33,2026-09-15,19:44:33,19,1,0,0,CUST_MONISHA_001,420,Chennai,Tamil Nadu,Low Risk / 3% Fraud Rate,M027,BrickHarbor Realty,Real Estate / Property Services,Rental Escrow & Facility Management,Chennai,Porur,Tamil Nadu,600116,13.035,80.16,11,65000.0,09:00-19:00,"TRANSFER,NETBANKING,CARD",Security deposit phishing / escrow hijacking,0.039,97,2126.07,INR,PURCHASE,NETBANKING,MOBILE_APP,0,0,Chennai,15.0,0,0,1,DEV-MONISHA-IPHONE-15,mobile_ios,0,BEN-CUST_MONISHA_001-TRUSTED,Trusted Household Vendor,15,0,2,13,0,0,0,None,Resolved Genuine,Standard Habitual Purchase,0
TXN-CUST_MONISHA_001-11358,2026-09-15 21:10:41,2026-09-15,21:10:41,21,1,0,0,CUST_MONISHA_001,420,Chennai,Tamil Nadu,Low Risk / 3% Fraud Rate,M024,LinkWave Telecom,Telecom Retail,Fiber Broadband & Postpaid Plans,Erode,Perundurai Road,Tamil Nadu,638011,11.341,77.7172,10,1950.0,09:30-20:30,"UPI,CARD,ONLINE,POS",SIM swap bill recharge surges,0.017,42,3055.41,INR,PURCHASE,UPI,MOBILE_APP,1,0,Chennai,12.0,0,0,1,DEV-MONISHA-IPHONE-15,mobile_ios,0,BEN-CUST_MONISHA_001-TRUSTED,Trusted Household Vendor,8,0,4,23,0,0,0,None,Resolved Genuine,Standard Habitual Purchase,0
TXN-CUST_MONISHA_001-11359,2026-09-15 22:37:27,2026-09-15,22:37:27,22,1,0,0,CUST_MONISHA_001,420,Chennai,Tamil Nadu,Low Risk / 3% Fraud Rate,M003,Pulse Mobile Hub,Mobile Store,Smartphones & Accessories,Chennai,Tambaram,Tamil Nadu,600045,12.9249,80.1278,4,18500.0,09:30-21:30,"POS,UPI,CARD",New device abuse / rapid checkout surge,0.035,87,2920.25,INR,PURCHASE,UPI,MOBILE_APP,1,0,Chennai,11.0,0,0,1,DEV-MONISHA-IPHONE-15,mobile_ios,0,BEN-CUST_MONISHA_001-TRUSTED,Trusted Household Vendor,10,0,2,13,0,0,0,None,Resolved Genuine,Standard Habitual Purchase,0
TXN-CUST_MONISHA_001-11360,2026-09-16 00:04:16,2026-09-16,00:04:16,0,2,0,1,CUST_MONISHA_001,420,Chennai,Tamil Nadu,Low Risk / 3% Fraud Rate,M027,BrickHarbor Realty,Real Estate / Property Services,Rental Escrow & Facility Management,Chennai,Porur,Tamil Nadu,600116,13.035,80.16,11,65000.0,09:00-19:00,"TRANSFER,NETBANKING,CARD",Security deposit phishing / escrow hijacking,0.039,97,3088.98,INR,PURCHASE,CARD,MOBILE_APP,0,0,Chennai,15.0,0,0,1,DEV-MONISHA-IPHONE-15,mobile_ios,0,BEN-CUST_MONISHA_001-TRUSTED,Trusted Household Vendor,13,0,4,20,0,0,0,None,Resolved Genuine,Standard Habitual Purchase,0
TXN-CUST_MONISHA_001-11361,2026-09-16 01:31:18,2026-09-16,01:31:18,1,2,0,1,CUST_MONISHA_001,420,Chennai,Tamil Nadu,Low Risk / 3% Fraud Rate,M026,GreenLeaf Wellness,Health & Wellness,Organic Nutrition & Ayurveda,Trichy,Srirangam,Tamil Nadu,620006,10.8624,78.6947,6,2100.0,08:00-21:00,"POS,UPI,ONLINE,CARD",Subscription card stuffing,0.013,32,1451.31,INR,PURCHASE,UPI,MOBILE_APP,1,0,Chennai,6.0,0,0,1,DEV-MONISHA-IPHONE-15,mobile_ios,0,BEN-CUST_MONISHA_001-TRUSTED,Trusted Household Vendor,9,1,4,25,0,0,0,None,Resolved Genuine,Standard Habitual Purchase,0
TXN-CUST_MONISHA_001-11362,2026-09-16 02:58:30,2026-09-16,02:58:30,2,2,0,1,CUST_MONISHA_001,420,Chennai,Tamil Nadu,Low Risk / 3% Fraud Rate,M025,ShieldSure Services,Insurance Services,General & Health Insurance Premium,Chennai,Egmore,Tamil Nadu,600008,13.0784,80.2607,13,14000.0,09:30-18:00,"ONLINE,NETBANKING,CARD",Premium diversion / fake policy payment slips,0.019,47,1243.56,INR,PURCHASE,ONLINE,MOBILE_APP,0,0,Chennai,3.0,0,0,1,DEV-MONISHA-IPHONE-15,mobile_ios,0,BEN-CUST_MONISHA_001-TRUSTED,Trusted Household Vendor,5,0,1,12,0,0,0,None,Resolved Genuine,Standard Habitual Purchase,0
TXN-CUST_MONISHA_001-11363,2026-09-16 04:23:28,2026-09-16,04:23:28,4,2,0,1,CUST_MONISHA_001,420,Chennai,Tamil Nadu,Low Risk / 3% Fraud Rate,M018,PageTurn Book House,Bookstore,"Academic, Fiction & Stationery",Trichy,Thillai Nagar,Tamil Nadu,620018,10.8282,78.6854,16,850.0,09:00-21:30,"POS,UPI,CARD,ONLINE",Low-value card testing bots,0.008,20,2444.63,INR,PURCHASE,ONLINE,MOBILE_APP,1,0,Chennai,8.0,0,0,1,DEV-MONISHA-IPHONE-15,mobile_ios,0,BEN-CUST_MONISHA_001-TRUSTED,Trusted Household Vendor,3,0,2,10,0,0,0,None,Resolved Genuine,Standard Habitual Purchase,0
TXN-CUST_MONISHA_001-11364,2026-09-16 05:51:01,2026-09-16,05:51:01,5,2,0,1,CUST_MONISHA_001,420,Chennai,Tamil Nadu,Low Risk / 3% Fraud Rate,M003,Pulse Mobile Hub,Mobile Store,Smartphones & Accessories,Chennai,Tambaram,Tamil Nadu,600045,12.9249,80.1278,4,18500.0,09:30-21:30,"POS,UPI,CARD",New device abuse / rapid checkout surge,0.035,87,1089.76,INR,PURCHASE,UPI,MOBILE_APP,1,0,Chennai,14.0,0,0,1,DEV-MONISHA-IPHONE-15,mobile_ios,0,BEN-CUST_MONISHA_001-TRUSTED,Trusted Household Vendor,9,0,4,20,0,0,0,None,Resolved Genuine,Standard Habitual Purchase,0
TXN-CUST_MONISHA_001-11365,2026-09-16 07:16:50,2026-09-16,07:16:50,7,2,0,0,CUST_MONISHA_001,420,Chennai,Tamil Nadu,Low Risk / 3% Fraud Rate,M018,PageTurn Book House,Bookstore,"Academic, Fiction & Stationery",Trichy,Thillai Nagar,Tamil Nadu,620018,10.8282,78.6854,16,850.0,09:00-21:30,"POS,UPI,CARD,ONLINE",Low-value card testing bots,0.008,20,1344.96,INR,PURCHASE,POS,MOBILE_APP,1,0,Chennai,5.0,0,0,1,DEV-MONISHA-IPHONE-15,mobile_ios,0,BEN-CUST_MONISHA_001-TRUSTED,Trusted Household Vendor,12,1,3,14,0,0,0,None,Resolved Genuine,Standard Habitual Purchase,0
TXN-CUST_MONISHA_001-11366,2026-09-16 08:40:40,2026-09-16,08:40:40,8,2,0,0,CUST_MONISHA_001,420,Chennai,Tamil Nadu,Low Risk / 3% Fraud Rate,M012,DashDine Delivery,Food Delivery,Quick Commerce & Meal Delivery,Chennai,Sholinganallur,Tamil Nadu,600119,12.901,80.2279,4,520.0,06:00-02:00,"UPI,CARD,ONLINE,WALLET",Promo code abuse / stolen wallet balances,0.014,35,3002.81,INR,PURCHASE,WALLET,MOBILE_APP,0,0,Chennai,15.0,0,0,1,DEV-MONISHA-IPHONE-15,mobile_ios,0,BEN-CUST_MONISHA_001-TRUSTED,Trusted Household Vendor,14,0,4,22,0,0,0,None,Resolved Genuine,Standard Habitual Purchase,0
TXN-CUST_MONISHA_001-11367,2026-09-16 10:08:37,2026-09-16,10:08:37,10,2,0,0,CUST_MONISHA_001,420,Chennai,Tamil Nadu,Low Risk / 3% Fraud Rate,M023,SwiftBox Logistics,Courier / Logistics,Express Parcel & Freight Delivery,Tiruppur,Avinashi Road,Tamil Nadu,641603,11.1085,77.3411,9,4200.0,08:00-21:00,"POS,UPI,CARD,ONLINE",Interception fraud / address redirection,0.02,50,1094.98,INR,PURCHASE,POS,MOBILE_APP,1,0,Chennai,3.0,0,0,1,DEV-MONISHA-IPHONE-15,mobile_ios,0,BEN-CUST_MONISHA_001-TRUSTED,Trusted Household Vendor,5,0,1,11,0,0,0,None,Resolved Genuine,Standard Habitual Purchase,0
TXN-CUST_MONISHA_001-11368,2026-09-16 11:36:04,2026-09-16,11:36:04,11,2,0,0,CUST_MONISHA_001,420,Chennai,Tamil Nadu,Low Risk / 3% Fraud Rate,M015,HomeSphere Appliances,Home Appliances,"Refrigerators, ACs & Kitchen Tech",Coimbatore,Saibaba Colony,Tamil Nadu,641011,11.0315,76.945,9,27500.0,09:30-21:00,"POS,EMI,CARD,UPI",Carding attacks with immediate in-store pickup,0.038,95,1667.74,INR,PURCHASE,POS,MOBILE_APP,1,0,Chennai,8.0,0,0,1,DEV-MONISHA-IPHONE-15,mobile_ios,0,BEN-CUST_MONISHA_001-TRUSTED,Trusted Household Vendor,15,1,3,17,0,0,0,None,Resolved Genuine,Standard Habitual Purchase,0
TXN-CUST_MONISHA_001-11369,2026-09-16 13:01:15,2026-09-16,13:01:15,13,2,0,0,CUST_MONISHA_001,420,Chennai,Tamil Nadu,Low Risk / 3% Fraud Rate,M011,SkyTrail Travels,Travel Agency,Flight & International Tour Packages,Coimbatore,Gandhipuram,Tamil Nadu,641012,11.0183,76.9664,11,44000.0,09:00-20:00,"ONLINE,TRANSFER,CARD",Mule-account ticket arbitrage & fast cancellation fraud,0.052,130,892.99,INR,PURCHASE,TRANSFER,MOBILE_APP,0,0,Chennai,9.0,0,0,1,DEV-MONISHA-IPHONE-15,mobile_ios,0,BEN-CUST_MONISHA_001-TRUSTED,Trusted Household Vendor,7,0,4,24,0,0,0,None,Resolved Genuine,Standard Habitual Purchase,0
TXN-CUST_MONISHA_001-11370,2026-09-16 14:26:33,2026-09-16,14:26:33,14,2,0,0,CUST_MONISHA_001,420,Chennai,Tamil Nadu,Low Risk / 3% Fraud Rate,M006,MedicoCare Pharmacy,Pharmacy,Medicines & Surgical Supplies,Madurai,KK Nagar,Tamil Nadu,625020,9.9252,78.1498,10,1450.0,24_HOURS,"POS,UPI,CARD,ONLINE",Nighttime micro card testing,0.015,37,3011.22,INR,PURCHASE,CARD,MOBILE_APP,1,0,Chennai,1.0,0,0,1,DEV-MONISHA-IPHONE-15,mobile_ios,0,BEN-CUST_MONISHA_001-TRUSTED,Trusted Household Vendor,9,0,2,15,0,0,0,None,Resolved Genuine,Standard Habitual Purchase,0
TXN-CUST_MONISHA_001-11371,2026-09-16 15:50:33,2026-09-16,15:50:33,15,2,0,0,CUST_MONISHA_001,420,Chennai,Tamil Nadu,Low Risk / 3% Fraud Rate,M010,HarborView Residency,Hotel / Hospitality,Business & Luxury Hotel,Chennai,OMR,Tamil Nadu,600096,12.9165,80.2285,6,9500.0,24_HOURS,"ONLINE,POS,CARD,TRANSFER",Online travel booking fraud with stolen corporate credentials,0.041,102,1167.49,INR,PURCHASE,POS,MOBILE_APP,1,0,Chennai,5.0,0,0,1,DEV-MONISHA-IPHONE-15,mobile_ios,0,BEN-CUST_MONISHA_001-TRUSTED,Trusted Household Vendor,6,0,4,22,0,0,0,None,Resolved Genuine,Standard Habitual Purchase,0
TXN-CUST_MONISHA_001-11372,2026-09-16 17:19:35,2026-09-16,17:19:35,17,2,0,0,CUST_MONISHA_001,420,Chennai,Tamil Nadu,Low Risk / 3% Fraud Rate,M009,RapidFuel Station,Fuel Station,"Petrol, Diesel & EV Fast Charge",Salem,Fairlands,Tamil Nadu,636016,11.6643,78.146,9,3100.0,24_HOURS,"POS,FLEET_CARD,UPI",Automated fleet card skimming,0.024,60,3093.81,INR,PURCHASE,FLEET_CARD,MOBILE_APP,1,0,Chennai,13.0,0,0,1,DEV-MONISHA-IPHONE-15,mobile_ios,0,BEN-CUST_MONISHA_001-TRUSTED,Trusted Household Vendor,13,1,2,12,0,0,0,None,Resolved Genuine,Standard Habitual Purchase,0
TXN-CUST_MONISHA_001-11373,2026-09-16 18:43:34,2026-09-16,18:43:34,18,2,0,0,CUST_MONISHA_001,420,Chennai,Tamil Nadu,Low Risk / 3% Fraud Rate,M018,PageTurn Book House,Bookstore,"Academic, Fiction & Stationery",Trichy,Thillai Nagar,Tamil Nadu,620018,10.8282,78.6854,16,850.0,09:00-21:30,"POS,UPI,CARD,ONLINE",Low-value card testing bots,0.008,20,2742.77,INR,PURCHASE,UPI,MOBILE_APP,1,0,Chennai,13.0,0,0,1,DEV-MONISHA-IPHONE-15,mobile_ios,0,BEN-CUST_MONISHA_001-TRUSTED,Trusted Household Vendor,11,1,1,6,0,0,0,None,Resolved Genuine,Standard Habitual Purchase,0
TXN-CUST_MONISHA_001-11374,2026-09-16 20:09:54,2026-09-16,20:09:54,20,2,0,0,CUST_MONISHA_001,420,Chennai,Tamil Nadu,Low Risk / 3% Fraud Rate,M027,BrickHarbor Realty,Real Estate / Property Services,Rental Escrow & Facility Management,Chennai,Porur,Tamil Nadu,600116,13.035,80.16,11,65000.0,09:00-19:00,"TRANSFER,NETBANKING,CARD",Security deposit phishing / escrow hijacking,0.039,97,840.32,INR,PURCHASE,NETBANKING,MOBILE_APP,0,0,Chennai,4.0,0,0,1,DEV-MONISHA-IPHONE-15,mobile_ios,0,BEN-CUST_MONISHA_001-TRUSTED,Trusted Household Vendor,14,0,4,26,0,0,0,None,Resolved Genuine,Standard Habitual Purchase,0
TXN-CUST_MONISHA_001-11375,2026-09-16 21:34:03,2026-09-16,21:34:03,21,2,0,0,CUST_MONISHA_001,420,Chennai,Tamil Nadu,Low Risk / 3% Fraud Rate,M015,HomeSphere Appliances,Home Appliances,"Refrigerators, ACs & Kitchen Tech",Coimbatore,Saibaba Colony,Tamil Nadu,641011,11.0315,76.945,9,27500.0,09:30-21:00,"POS,EMI,CARD,UPI",Carding attacks with immediate in-store pickup,0.038,95,1470.16,INR,PURCHASE,UPI,MOBILE_APP,1,0,Chennai,2.0,0,0,1,DEV-MONISHA-IPHONE-15,mobile_ios,0,BEN-CUST_MONISHA_001-TRUSTED,Trusted Household Vendor,10,0,1,13,0,0,0,None,Resolved Genuine,Standard Habitual Purchase,0
TXN-CUST_MONISHA_001-11376,2026-09-16 22:59:02,2026-09-16,22:59:02,22,2,0,0,CUST_MONISHA_001,420,Chennai,Tamil Nadu,Low Risk / 3% Fraud Rate,M028,CraftCove Home Decor,Home Decor,Handicrafts & Art Pieces,Thanjavur,Medical College Road,Tamil Nadu,613004,10.7684,79.1245,8,7400.0,09:30-20:30,"POS,UPI,CARD,ONLINE",Cross-border tourist chargebacks,0.023,57,1100.15,INR,PURCHASE,POS,MOBILE_APP,1,0,Chennai,5.0,0,0,1,DEV-MONISHA-IPHONE-15,mobile_ios,0,BEN-CUST_MONISHA_001-TRUSTED,Trusted Household Vendor,8,0,1,9,0,0,0,None,Resolved Genuine,Standard Habitual Purchase,0
TXN-CUST_MONISHA_001-11377,2026-09-17 00:26:48,2026-09-17,00:26:48,0,3,0,1,CUST_MONISHA_001,420,Chennai,Tamil Nadu,Low Risk / 3% Fraud Rate,M011,SkyTrail Travels,Travel Agency,Flight & International Tour Packages,Coimbatore,Gandhipuram,Tamil Nadu,641012,11.0183,76.9664,11,44000.0,09:00-20:00,"ONLINE,TRANSFER,CARD",Mule-account ticket arbitrage & fast cancellation fraud,0.052,130,1146.74,INR,PURCHASE,CARD,MOBILE_APP,0,0,Chennai,6.0,0,0,1,DEV-MONISHA-IPHONE-15,mobile_ios,0,BEN-CUST_MONISHA_001-TRUSTED,Trusted Household Vendor,14,0,1,11,0,0,0,None,Resolved Genuine,Standard Habitual Purchase,0
TXN-CUST_MONISHA_001-11378,2026-09-17 01:55:33,2026-09-17,01:55:33,1,3,0,1,CUST_MONISHA_001,420,Chennai,Tamil Nadu,Low Risk / 3% Fraud Rate,M002,CircuitBay Electronics,Consumer Electronics,Laptops & Gadgets,Chennai,Velachery,Tamil Nadu,600042,12.9759,80.2212,6,32000.0,10:00-21:30,"POS,ONLINE,EMI,UPI",Stolen payment details / high-ticket electronics delivery,0.048,120,1794.1,INR,PURCHASE,POS,MOBILE_APP,1,0,Chennai,15.0,0,0,1,DEV-MONISHA-IPHONE-15,mobile_ios,0,BEN-CUST_MONISHA_001-TRUSTED,Trusted Household Vendor,6,0,3,14,0,0,0,None,Resolved Genuine,Standard Habitual Purchase,0
TXN-CUST_MONISHA_001-11379,2026-09-17 03:20:25,2026-09-17,03:20:25,3,3,0,1,CUST_MONISHA_001,420,Chennai,Tamil Nadu,Low Risk / 3% Fraud Rate,M019,ArenaSport World,Sports Retail,Fitness Equipment & Sports Wear,Chennai,Nungambakkam,Tamil Nadu,600034,13.0604,80.2405,6,5600.0,10:00-21:30,"POS,ONLINE,UPI,CARD",Stolen card chargeback on premium sports gear,0.026,65,1660.33,INR,PURCHASE,ONLINE,MOBILE_APP,1,0,Chennai,4.0,0,0,1,DEV-MONISHA-IPHONE-15,mobile_ios,0,BEN-CUST_MONISHA_001-TRUSTED,Trusted Household Vendor,10,0,3,21,0,0,0,None,Resolved Genuine,Standard Habitual Purchase,0
TXN-CUST_MONISHA_001-11380,2026-09-17 04:48:42,2026-09-17,04:48:42,4,3,0,1,CUST_MONISHA_001,420,Chennai,Tamil Nadu,Low Risk / 3% Fraud Rate,M024,LinkWave Telecom,Telecom Retail,Fiber Broadband & Postpaid Plans,Erode,Perundurai Road,Tamil Nadu,638011,11.341,77.7172,10,1950.0,09:30-20:30,"UPI,CARD,ONLINE,POS",SIM swap bill recharge surges,0.017,42,1942.34,INR,PURCHASE,CARD,MOBILE_APP,1,0,Chennai,3.0,0,0,1,DEV-MONISHA-IPHONE-15,mobile_ios,0,BEN-CUST_MONISHA_001-TRUSTED,Trusted Household Vendor,11,1,1,6,0,0,0,None,Resolved Genuine,Standard Habitual Purchase,0
TXN-CUST_MONISHA_001-11381,2026-09-17 06:14:43,2026-09-17,06:14:43,6,3,0,0,CUST_MONISHA_001,420,Chennai,Tamil Nadu,Low Risk / 3% Fraud Rate,M016,MotoCare Garage,Auto Service,Car Service & Detailing Hub,Chennai,Pallikaranai,Tamil Nadu,600100,12.9372,80.2014,7,8900.0,08:30-20:30,"POS,UPI,CARD",Over-invoicing / synthetic card payments,0.021,52,2085.1,INR,PURCHASE,CARD,MOBILE_APP,1,0,Chennai,4.0,0,0,1,DEV-MONISHA-IPHONE-15,mobile_ios,0,BEN-CUST_MONISHA_001-TRUSTED,Trusted Household Vendor,9,0,1,10,0,0,0,None,Resolved Genuine,Standard Habitual Purchase,0
TXN-CUST_MONISHA_001-11382,2026-09-17 07:41:47,2026-09-17,07:41:47,7,3,0,0,CUST_MONISHA_001,420,Chennai,Tamil Nadu,Low Risk / 3% Fraud Rate,M021,GlowCraft Salon,Salon / Beauty,Spa & Grooming Studio,Chennai,Porur,Tamil Nadu,600116,13.0382,80.1565,5,2800.0,09:00-21:00,"POS,UPI,CARD",Unusual late-night transaction spikes,0.011,27,2146.32,INR,PURCHASE,POS,MOBILE_APP,1,0,Chennai,11.0,0,0,1,DEV-MONISHA-IPHONE-15,mobile_ios,0,BEN-CUST_MONISHA_001-TRUSTED,Trusted Household Vendor,7,0,2,14,0,0,0,None,Resolved Genuine,Standard Habitual Purchase,0
TXN-CUST_MONISHA_001-11383,2026-09-17 09:09:12,2026-09-17,09:09:12,9,3,0,0,CUST_MONISHA_001,420,Chennai,Tamil Nadu,Low Risk / 3% Fraud Rate,M016,MotoCare Garage,Auto Service,Car Service & Detailing Hub,Chennai,Pallikaranai,Tamil Nadu,600100,12.9372,80.2014,7,8900.0,08:30-20:30,"POS,UPI,CARD",Over-invoicing / synthetic card payments,0.021,52,2644.39,INR,PURCHASE,POS,MOBILE_APP,1,0,Chennai,7.0,0,0,1,DEV-MONISHA-IPHONE-15,mobile_ios,0,BEN-CUST_MONISHA_001-TRUSTED,Trusted Household Vendor,7,0,4,21,0,0,0,None,Resolved Genuine,Standard Habitual Purchase,0
TXN-CUST_MONISHA_001-11384,2026-09-17 10:33:16,2026-09-17,10:33:16,10,3,0,0,CUST_MONISHA_001,420,Chennai,Tamil Nadu,Low Risk / 3% Fraud Rate,M029,CloudDesk Digital,Software / Digital Services,Cloud Infrastructure & SaaS Tools,Bengaluru,Whitefield,Karnataka,560066,12.9698,77.7499,7,19800.0,24_HOURS,"ONLINE,CARD,TRANSFER",Cryptomining VM rental with stolen credit cards,0.058,145,2878.56,INR,PURCHASE,ONLINE,MOBILE_APP,0,0,Chennai,13.0,0,0,1,DEV-MONISHA-IPHONE-15,mobile_ios,0,BEN-CUST_MONISHA_001-TRUSTED,Trusted Household Vendor,8,0,4,24,0,0,0,None,Resolved Genuine,Standard Habitual Purchase,0
TXN-CUST_MONISHA_001-11385,2026-09-17 11:57:22,2026-09-17,11:57:22,11,3,0,0,CUST_MONISHA_001,420,Chennai,Tamil Nadu,Low Risk / 3% Fraud Rate,M015,HomeSphere Appliances,Home Appliances,"Refrigerators, ACs & Kitchen Tech",Coimbatore,Saibaba Colony,Tamil Nadu,641011,11.0315,76.945,9,27500.0,09:30-21:00,"POS,EMI,CARD,UPI",Carding attacks with immediate in-store pickup,0.038,95,3017.78,INR,PURCHASE,EMI,MOBILE_APP,1,0,Chennai,11.0,0,0,1,DEV-MONISHA-IPHONE-15,mobile_ios,0,BEN-CUST_MONISHA_001-TRUSTED,Trusted Household Vendor,14,1,4,25,0,0,0,None,Resolved Genuine,Standard Habitual Purchase,0
TXN-CUST_MONISHA_001-11386,2026-09-17 13:25:49,2026-09-17,13:25:49,13,3,0,0,CUST_MONISHA_001,420,Chennai,Tamil Nadu,Low Risk / 3% Fraud Rate,M028,CraftCove Home Decor,Home Decor,Handicrafts & Art Pieces,Thanjavur,Medical College Road,Tamil Nadu,613004,10.7684,79.1245,8,7400.0,09:30-20:30,"POS,UPI,CARD,ONLINE",Cross-border tourist chargebacks,0.023,57,18387.85,INR,P2P_TRANSFER,ONLINE,WEB_PORTAL,0,0,Mumbai,597.0,1,1,0,DEV-LAPTOP-CHROME-340,web_browser,1,BEN-NEW-971,Global Flight Booking,0,3,8,34,1,0,0,Geographic Anomaly / High Ticket Spike,Review Required,Sudden location velocity jump with new merchant,1
TXN-CUST_MONISHA_001-11387,2026-09-17 14:52:35,2026-09-17,14:52:35,14,3,0,0,CUST_MONISHA_001,420,Chennai,Tamil Nadu,Low Risk / 3% Fraud Rate,M011,SkyTrail Travels,Travel Agency,Flight & International Tour Packages,Coimbatore,Gandhipuram,Tamil Nadu,641012,11.0183,76.9664,11,44000.0,09:00-20:00,"ONLINE,TRANSFER,CARD",Mule-account ticket arbitrage & fast cancellation fraud,0.052,130,1392.16,INR,PURCHASE,TRANSFER,MOBILE_APP,0,0,Chennai,6.0,0,0,1,DEV-MONISHA-IPHONE-15,mobile_ios,0,BEN-CUST_MONISHA_001-TRUSTED,Trusted Household Vendor,9,0,4,22,0,0,0,None,Resolved Genuine,Standard Habitual Purchase,0
TXN-CUST_MONISHA_001-11388,2026-09-17 16:21:27,2026-09-17,16:21:27,16,3,0,0,CUST_MONISHA_001,420,Chennai,Tamil Nadu,Low Risk / 3% Fraud Rate,M009,RapidFuel Station,Fuel Station,"Petrol, Diesel & EV Fast Charge",Salem,Fairlands,Tamil Nadu,636016,11.6643,78.146,9,3100.0,24_HOURS,"POS,FLEET_CARD,UPI",Automated fleet card skimming,0.024,60,1916.08,INR,PURCHASE,FLEET_CARD,MOBILE_APP,1,0,Chennai,4.0,0,0,1,DEV-MONISHA-IPHONE-15,mobile_ios,0,BEN-CUST_MONISHA_001-TRUSTED,Trusted Household Vendor,7,0,1,12,0,0,0,None,Resolved Genuine,Standard Habitual Purchase,0
TXN-CUST_MONISHA_001-11389,2026-09-17 17:46:11,2026-09-17,17:46:11,17,3,0,0,CUST_MONISHA_001,420,Chennai,Tamil Nadu,Low Risk / 3% Fraud Rate,M029,CloudDesk Digital,Software / Digital Services,Cloud Infrastructure & SaaS Tools,Bengaluru,Whitefield,Karnataka,560066,12.9698,77.7499,7,19800.0,24_HOURS,"ONLINE,CARD,TRANSFER",Cryptomining VM rental with stolen credit cards,0.058,145,1169.69,INR,PURCHASE,TRANSFER,MOBILE_APP,0,0,Chennai,4.0,0,0,1,DEV-MONISHA-IPHONE-15,mobile_ios,0,BEN-CUST_MONISHA_001-TRUSTED,Trusted Household Vendor,12,0,1,11,0,0,0,None,Resolved Genuine,Standard Habitual Purchase,0
TXN-CUST_MONISHA_001-11390,2026-09-17 19:10:22,2026-09-17,19:10:22,19,3,0,0,CUST_MONISHA_001,420,Chennai,Tamil Nadu,Low Risk / 3% Fraud Rate,M018,PageTurn Book House,Bookstore,"Academic, Fiction & Stationery",Trichy,Thillai Nagar,Tamil Nadu,620018,10.8282,78.6854,16,850.0,09:00-21:30,"POS,UPI,CARD,ONLINE",Low-value card testing bots,0.008,20,826.61,INR,PURCHASE,CARD,MOBILE_APP,1,0,Chennai,12.0,0,0,1,DEV-MONISHA-IPHONE-15,mobile_ios,0,BEN-CUST_MONISHA_001-TRUSTED,Trusted Household Vendor,4,1,4,23,0,0,0,None,Resolved Genuine,Standard Habitual Purchase,0
TXN-CUST_MONISHA_001-11391,2026-09-17 20:38:22,2026-09-17,20:38:22,20,3,0,0,CUST_MONISHA_001,420,Chennai,Tamil Nadu,Low Risk / 3% Fraud Rate,M018,PageTurn Book House,Bookstore,"Academic, Fiction & Stationery",Trichy,Thillai Nagar,Tamil Nadu,620018,10.8282,78.6854,16,850.0,09:00-21:30,"POS,UPI,CARD,ONLINE",Low-value card testing bots,0.008,20,928.51,INR,PURCHASE,UPI,MOBILE_APP,1,0,Chennai,1.0,0,0,1,DEV-MONISHA-IPHONE-15,mobile_ios,0,BEN-CUST_MONISHA_001-TRUSTED,Trusted Household Vendor,11,0,3,16,0,0,0,None,Resolved Genuine,Standard Habitual Purchase,0
TXN-CUST_MONISHA_001-11392,2026-09-17 22:06:47,2026-09-17,22:06:47,22,3,0,0,CUST_MONISHA_001,420,Chennai,Tamil Nadu,Low Risk / 3% Fraud Rate,M013,CartNest Online,E-commerce,Multi-category Marketplace,Chennai,Guindy,Tamil Nadu,600032,13.0067,80.2026,5,6200.0,24_HOURS,"ONLINE,UPI,CARD,NETBANKING",Account takeover + triangulation shipping fraud,0.045,112,2791.75,INR,PURCHASE,CARD,MOBILE_APP,0,0,Chennai,4.0,0,0,1,DEV-MONISHA-IPHONE-15,mobile_ios,0,BEN-CUST_MONISHA_001-TRUSTED,Trusted Household Vendor,8,0,2,16,0,0,0,None,Resolved Genuine,Standard Habitual Purchase,0
TXN-CUST_MONISHA_001-11393,2026-09-17 23:31:29,2026-09-17,23:31:29,23,3,0,1,CUST_MONISHA_001,420,Chennai,Tamil Nadu,Low Risk / 3% Fraud Rate,M024,LinkWave Telecom,Telecom Retail,Fiber Broadband & Postpaid Plans,Erode,Perundurai Road,Tamil Nadu,638011,11.341,77.7172,10,1950.0,09:30-20:30,"UPI,CARD,ONLINE,POS",SIM swap bill recharge surges,0.017,42,1361.97,INR,PURCHASE,UPI,MOBILE_APP,1,0,Chennai,1.0,0,0,1,DEV-MONISHA-IPHONE-15,mobile_ios,0,BEN-CUST_MONISHA_001-TRUSTED,Trusted Household Vendor,15,1,1,14,0,0,0,None,Resolved Genuine,Standard Habitual Purchase,0
TXN-CUST_MONISHA_001-11394,2026-09-18 00:57:16,2026-09-18,00:57:16,0,4,0,1,CUST_MONISHA_001,420,Chennai,Tamil Nadu,Low Risk / 3% Fraud Rate,M016,MotoCare Garage,Auto Service,Car Service & Detailing Hub,Chennai,Pallikaranai,Tamil Nadu,600100,12.9372,80.2014,7,8900.0,08:30-20:30,"POS,UPI,CARD",Over-invoicing / synthetic card payments,0.021,52,878.95,INR,PURCHASE,CARD,MOBILE_APP,1,0,Chennai,5.0,0,0,1,DEV-MONISHA-IPHONE-15,mobile_ios,0,BEN-CUST_MONISHA_001-TRUSTED,Trusted Household Vendor,13,0,2,13,0,0,0,None,Resolved Genuine,Standard Habitual Purchase,0
TXN-CUST_MONISHA_001-11395,2026-09-18 02:20:52,2026-09-18,02:20:52,2,4,0,1,CUST_MONISHA_001,420,Chennai,Tamil Nadu,Low Risk / 3% Fraud Rate,M024,LinkWave Telecom,Telecom Retail,Fiber Broadband & Postpaid Plans,Erode,Perundurai Road,Tamil Nadu,638011,11.341,77.7172,10,1950.0,09:30-20:30,"UPI,CARD,ONLINE,POS",SIM swap bill recharge surges,0.017,42,1069.32,INR,PURCHASE,ONLINE,MOBILE_APP,1,0,Chennai,13.0,0,0,1,DEV-MONISHA-IPHONE-15,mobile_ios,0,BEN-CUST_MONISHA_001-TRUSTED,Trusted Household Vendor,5,0,4,19,0,0,0,None,Resolved Genuine,Standard Habitual Purchase,0
TXN-CUST_MONISHA_001-11396,2026-09-18 03:44:44,2026-09-18,03:44:44,3,4,0,1,CUST_MONISHA_001,420,Chennai,Tamil Nadu,Low Risk / 3% Fraud Rate,M017,AutoForge Parts,Spare Parts,OEM Industrial & Auto Components,Hosur,Mookandapalli,Tamil Nadu,635126,12.7409,77.8253,15,16500.0,09:00-19:30,"TRANSFER,POS,CARD",Business email compromise / fake beneficiary update,0.033,82,2469.74,INR,PURCHASE,CARD,MOBILE_APP,1,0,Chennai,13.0,0,0,1,DEV-MONISHA-IPHONE-15,mobile_ios,0,BEN-CUST_MONISHA_001-TRUSTED,Trusted Household Vendor,3,0,1,14,0,0,0,None,Resolved Genuine,Standard Habitual Purchase,0
TXN-CUST_MONISHA_001-11397,2026-09-18 05:11:46,2026-09-18,05:11:46,5,4,0,1,CUST_MONISHA_001,420,Chennai,Tamil Nadu,Low Risk / 3% Fraud Rate,M005,UrbanThread Studio,Fashion / Apparel,Designer & Ready-to-wear,Chennai,Anna Nagar,Tamil Nadu,600040,13.085,80.2101,5,4800.0,10:30-22:00,"POS,ONLINE,UPI,CARD",Refund abuse / credential stuffing,0.022,55,1003.6,INR,PURCHASE,UPI,MOBILE_APP,1,0,Chennai,10.0,0,0,1,DEV-MONISHA-IPHONE-15,mobile_ios,0,BEN-CUST_MONISHA_001-TRUSTED,Trusted Household Vendor,12,0,2,15,0,0,0,None,Resolved Genuine,Standard Habitual Purchase,0
TXN-CUST_MONISHA_001-11398,2026-09-18 06:37:43,2026-09-18,06:37:43,6,4,0,0,CUST_MONISHA_001,420,Chennai,Tamil Nadu,Low Risk / 3% Fraud Rate,M024,LinkWave Telecom,Telecom Retail,Fiber Broadband & Postpaid Plans,Erode,Perundurai Road,Tamil Nadu,638011,11.341,77.7172,10,1950.0,09:30-20:30,"UPI,CARD,ONLINE,POS",SIM swap bill recharge surges,0.017,42,834.83,INR,PURCHASE,POS,MOBILE_APP,1,0,Chennai,5.0,0,0,1,DEV-MONISHA-IPHONE-15,mobile_ios,0,BEN-CUST_MONISHA_001-TRUSTED,Trusted Household Vendor,7,0,1,12,0,0,0,None,Resolved Genuine,Standard Habitual Purchase,0
TXN-CUST_MONISHA_001-11399,2026-09-18 08:02:52,2026-09-18,08:02:52,8,4,0,0,CUST_MONISHA_001,420,Chennai,Tamil Nadu,Low Risk / 3% Fraud Rate,M003,Pulse Mobile Hub,Mobile Store,Smartphones & Accessories,Chennai,Tambaram,Tamil Nadu,600045,12.9249,80.1278,4,18500.0,09:30-21:30,"POS,UPI,CARD",New device abuse / rapid checkout surge,0.035,87,1300.07,INR,PURCHASE,CARD,MOBILE_APP,1,0,Chennai,7.0,0,0,1,DEV-MONISHA-IPHONE-15,mobile_ios,0,BEN-CUST_MONISHA_001-TRUSTED,Trusted Household Vendor,7,0,4,26,0,0,0,None,Resolved Genuine,Standard Habitual Purchase,0
TXN-CUST_MONISHA_001-11400,2026-09-18 09:29:18,2026-09-18,09:29:18,9,4,0,0,CUST_MONISHA_001,420,Chennai,Tamil Nadu,Low Risk / 3% Fraud Rate,M013,CartNest Online,E-commerce,Multi-category Marketplace,Chennai,Guindy,Tamil Nadu,600032,13.0067,80.2026,5,6200.0,24_HOURS,"ONLINE,UPI,CARD,NETBANKING",Account takeover + triangulation shipping fraud,0.045,112,820.28,INR,PURCHASE,ONLINE,MOBILE_APP,0,0,Chennai,8.0,0,0,1,DEV-MONISHA-IPHONE-15,mobile_ios,0,BEN-CUST_MONISHA_001-TRUSTED,Trusted Household Vendor,15,0,3,21,0,0,0,None,Resolved Genuine,Standard Habitual Purchase,0
TXN-CUST_MONISHA_001-11401,2026-09-18 10:54:03,2026-09-18,10:54:03,10,4,0,0,CUST_MONISHA_001,420,Chennai,Tamil Nadu,Low Risk / 3% Fraud Rate,M001,NovaMart Fresh,Grocery & Supermarket,Supermarket / Hypermarket,Chennai,T Nagar,Tamil Nadu,600017,13.0418,80.2341,8,1250.0,07:00-22:30,"POS,UPI,CARD,ONLINE",Card testing / micro-burst velocity,0.012,30,1709.8,INR,PURCHASE,POS,MOBILE_APP,1,0,Chennai,4.0,0,0,1,DEV-MONISHA-IPHONE-15,mobile_ios,0,BEN-CUST_MONISHA_001-TRUSTED,Trusted Household Vendor,12,0,4,22,0,0,0,None,Resolved Genuine,Standard Habitual Purchase,0
TXN-CUST_MONISHA_001-11402,2026-09-18 12:19:26,2026-09-18,12:19:26,12,4,0,0,CUST_MONISHA_001,420,Chennai,Tamil Nadu,Low Risk / 3% Fraud Rate,M026,GreenLeaf Wellness,Health & Wellness,Organic Nutrition & Ayurveda,Trichy,Srirangam,Tamil Nadu,620006,10.8624,78.6947,6,2100.0,08:00-21:00,"POS,UPI,ONLINE,CARD",Subscription card stuffing,0.013,32,2254.0,INR,PURCHASE,CARD,MOBILE_APP,1,0,Chennai,2.0,0,0,1,DEV-MONISHA-IPHONE-15,mobile_ios,0,BEN-CUST_MONISHA_001-TRUSTED,Trusted Household Vendor,6,1,2,13,0,0,0,None,Resolved Genuine,Standard Habitual Purchase,0
TXN-CUST_MONISHA_001-11403,2026-09-18 13:43:21,2026-09-18,13:43:21,13,4,0,0,CUST_MONISHA_001,420,Chennai,Tamil Nadu,Low Risk / 3% Fraud Rate,M013,CartNest Online,E-commerce,Multi-category Marketplace,Chennai,Guindy,Tamil Nadu,600032,13.0067,80.2026,5,6200.0,24_HOURS,"ONLINE,UPI,CARD,NETBANKING",Account takeover + triangulation shipping fraud,0.045,112,2222.58,INR,PURCHASE,NETBANKING,MOBILE_APP,0,0,Chennai,8.0,0,0,1,DEV-MONISHA-IPHONE-15,mobile_ios,0,BEN-CUST_MONISHA_001-TRUSTED,Trusted Household Vendor,3,0,2,14,0,0,0,None,Resolved Genuine,Standard Habitual Purchase,0
TXN-CUST_MONISHA_001-11404,2026-09-18 15:09:13,2026-09-18,15:09:13,15,4,0,0,CUST_MONISHA_001,420,Chennai,Tamil Nadu,Low Risk / 3% Fraud Rate,M024,LinkWave Telecom,Telecom Retail,Fiber Broadband & Postpaid Plans,Erode,Perundurai Road,Tamil Nadu,638011,11.341,77.7172,10,1950.0,09:30-20:30,"UPI,CARD,ONLINE,POS",SIM swap bill recharge surges,0.017,42,1570.61,INR,PURCHASE,ONLINE,MOBILE_APP,1,0,Chennai,3.0,0,0,1,DEV-MONISHA-IPHONE-15,mobile_ios,0,BEN-CUST_MONISHA_001-TRUSTED,Trusted Household Vendor,3,1,4,21,0,0,0,None,Resolved Genuine,Standard Habitual Purchase,0
TXN-CUST_MONISHA_001-11405,2026-09-18 16:37:09,2026-09-18,16:37:09,16,4,0,0,CUST_MONISHA_001,420,Chennai,Tamil Nadu,Low Risk / 3% Fraud Rate,M026,GreenLeaf Wellness,Health & Wellness,Organic Nutrition & Ayurveda,Trichy,Srirangam,Tamil Nadu,620006,10.8624,78.6947,6,2100.0,08:00-21:00,"POS,UPI,ONLINE,CARD",Subscription card stuffing,0.013,32,1923.62,INR,PURCHASE,CARD,MOBILE_APP,1,0,Chennai,8.0,0,0,1,DEV-MONISHA-IPHONE-15,mobile_ios,0,BEN-CUST_MONISHA_001-TRUSTED,Trusted Household Vendor,8,0,2,17,0,0,0,None,Resolved Genuine,Standard Habitual Purchase,0
TXN-CUST_MONISHA_001-11406,2026-09-18 18:03:38,2026-09-18,18:03:38,18,4,0,0,CUST_MONISHA_001,420,Chennai,Tamil Nadu,Low Risk / 3% Fraud Rate,M028,CraftCove Home Decor,Home Decor,Handicrafts & Art Pieces,Thanjavur,Medical College Road,Tamil Nadu,613004,10.7684,79.1245,8,7400.0,09:30-20:30,"POS,UPI,CARD,ONLINE",Cross-border tourist chargebacks,0.023,57,2510.86,INR,PURCHASE,POS,MOBILE_APP,1,0,Chennai,12.0,0,0,1,DEV-MONISHA-IPHONE-15,mobile_ios,0,BEN-CUST_MONISHA_001-TRUSTED,Trusted Household Vendor,9,1,1,12,0,0,0,None,Resolved Genuine,Standard Habitual Purchase,0
TXN-CUST_MONISHA_001-11407,2026-09-18 19:27:48,2026-09-18,19:27:48,19,4,0,0,CUST_MONISHA_001,420,Chennai,Tamil Nadu,Low Risk / 3% Fraud Rate,M001,NovaMart Fresh,Grocery & Supermarket,Supermarket / Hypermarket,Chennai,T Nagar,Tamil Nadu,600017,13.0418,80.2341,8,1250.0,07:00-22:30,"POS,UPI,CARD,ONLINE",Card testing / micro-burst velocity,0.012,30,1159.3,INR,PURCHASE,POS,MOBILE_APP,1,0,Chennai,12.0,0,0,1,DEV-MONISHA-IPHONE-15,mobile_ios,0,BEN-CUST_MONISHA_001-TRUSTED,Trusted Household Vendor,10,1,2,10,0,0,0,None,Resolved Genuine,Standard Habitual Purchase,0
TXN-CUST_MONISHA_001-11408,2026-09-18 20:56:30,2026-09-18,20:56:30,20,4,0,0,CUST_MONISHA_001,420,Chennai,Tamil Nadu,Low Risk / 3% Fraud Rate,M016,MotoCare Garage,Auto Service,Car Service & Detailing Hub,Chennai,Pallikaranai,Tamil Nadu,600100,12.9372,80.2014,7,8900.0,08:30-20:30,"POS,UPI,CARD",Over-invoicing / synthetic card payments,0.021,52,1179.49,INR,PURCHASE,CARD,MOBILE_APP,1,0,Chennai,13.0,0,0,1,DEV-MONISHA-IPHONE-15,mobile_ios,0,BEN-CUST_MONISHA_001-TRUSTED,Trusted Household Vendor,14,0,2,16,0,0,0,None,Resolved Genuine,Standard Habitual Purchase,0
TXN-CUST_MONISHA_001-11409,2026-09-18 22:22:18,2026-09-18,22:22:18,22,4,0,0,CUST_MONISHA_001,420,Chennai,Tamil Nadu,Low Risk / 3% Fraud Rate,M010,HarborView Residency,Hotel / Hospitality,Business & Luxury Hotel,Chennai,OMR,Tamil Nadu,600096,12.9165,80.2285,6,9500.0,24_HOURS,"ONLINE,POS,CARD,TRANSFER",Online travel booking fraud with stolen corporate credentials,0.041,102,1055.14,INR,PURCHASE,CARD,MOBILE_APP,1,0,Chennai,5.0,0,0,1,DEV-MONISHA-IPHONE-15,mobile_ios,0,BEN-CUST_MONISHA_001-TRUSTED,Trusted Household Vendor,11,0,3,19,0,0,0,None,Resolved Genuine,Standard Habitual Purchase,0
TXN-CUST_MONISHA_001-11410,2026-09-18 23:49:05,2026-09-18,23:49:05,23,4,0,1,CUST_MONISHA_001,420,Chennai,Tamil Nadu,Low Risk / 3% Fraud Rate,M006,MedicoCare Pharmacy,Pharmacy,Medicines & Surgical Supplies,Madurai,KK Nagar,Tamil Nadu,625020,9.9252,78.1498,10,1450.0,24_HOURS,"POS,UPI,CARD,ONLINE",Nighttime micro card testing,0.015,37,1111.15,INR,PURCHASE,CARD,MOBILE_APP,1,0,Chennai,9.0,0,0,1,DEV-MONISHA-IPHONE-15,mobile_ios,0,BEN-CUST_MONISHA_001-TRUSTED,Trusted Household Vendor,11,0,3,21,0,0,0,None,Resolved Genuine,Standard Habitual Purchase,0
TXN-CUST_MONISHA_001-11411,2026-09-19 01:15:16,2026-09-19,01:15:16,1,5,1,1,CUST_MONISHA_001,420,Chennai,Tamil Nadu,Low Risk / 3% Fraud Rate,M011,SkyTrail Travels,Travel Agency,Flight & International Tour Packages,Coimbatore,Gandhipuram,Tamil Nadu,641012,11.0183,76.9664,11,44000.0,09:00-20:00,"ONLINE,TRANSFER,CARD",Mule-account ticket arbitrage & fast cancellation fraud,0.052,130,2949.37,INR,PURCHASE,CARD,MOBILE_APP,0,0,Chennai,12.0,0,0,1,DEV-MONISHA-IPHONE-15,mobile_ios,0,BEN-CUST_MONISHA_001-TRUSTED,Trusted Household Vendor,5,0,2,17,0,0,0,None,Resolved Genuine,Standard Habitual Purchase,0
TXN-CUST_MONISHA_001-11412,2026-09-19 02:38:43,2026-09-19,02:38:43,2,5,1,1,CUST_MONISHA_001,420,Chennai,Tamil Nadu,Low Risk / 3% Fraud Rate,M014,OakLine Furnishings,Furniture,Teak Wood & Modern Home Decor,Madurai,Bypass Road,Tamil Nadu,625016,9.932,78.109,12,38000.0,10:00-21:00,"POS,CARD,TRANSFER,EMI",Invoice redirection fraud / fake payment slips,0.029,72,1199.39,INR,PURCHASE,CARD,MOBILE_APP,1,0,Chennai,8.0,0,0,1,DEV-MONISHA-IPHONE-15,mobile_ios,0,BEN-CUST_MONISHA_001-TRUSTED,Trusted Household Vendor,7,1,1,9,0,0,0,None,Resolved Genuine,Standard Habitual Purchase,0
TXN-CUST_MONISHA_001-11413,2026-09-19 04:06:17,2026-09-19,04:06:17,4,5,1,1,CUST_MONISHA_001,420,Chennai,Tamil Nadu,Low Risk / 3% Fraud Rate,M018,PageTurn Book House,Bookstore,"Academic, Fiction & Stationery",Trichy,Thillai Nagar,Tamil Nadu,620018,10.8282,78.6854,16,850.0,09:00-21:30,"POS,UPI,CARD,ONLINE",Low-value card testing bots,0.008,20,1853.11,INR,PURCHASE,UPI,MOBILE_APP,1,0,Chennai,2.0,0,0,1,DEV-MONISHA-IPHONE-15,mobile_ios,0,BEN-CUST_MONISHA_001-TRUSTED,Trusted Household Vendor,12,1,4,19,0,0,0,None,Resolved Genuine,Standard Habitual Purchase,0
TXN-CUST_MONISHA_001-11414,2026-09-19 05:31:47,2026-09-19,05:31:47,5,5,1,1,CUST_MONISHA_001,420,Chennai,Tamil Nadu,Low Risk / 3% Fraud Rate,M018,PageTurn Book House,Bookstore,"Academic, Fiction & Stationery",Trichy,Thillai Nagar,Tamil Nadu,620018,10.8282,78.6854,16,850.0,09:00-21:30,"POS,UPI,CARD,ONLINE",Low-value card testing bots,0.008,20,2847.02,INR,PURCHASE,CARD,MOBILE_APP,1,0,Chennai,6.0,0,0,1,DEV-MONISHA-IPHONE-15,mobile_ios,0,BEN-CUST_MONISHA_001-TRUSTED,Trusted Household Vendor,7,0,2,16,0,0,0,None,Resolved Genuine,Standard Habitual Purchase,0
TXN-CUST_MONISHA_001-11415,2026-09-19 06:58:42,2026-09-19,06:58:42,6,5,1,0,CUST_MONISHA_001,420,Chennai,Tamil Nadu,Low Risk / 3% Fraud Rate,M010,HarborView Residency,Hotel / Hospitality,Business & Luxury Hotel,Chennai,OMR,Tamil Nadu,600096,12.9165,80.2285,6,9500.0,24_HOURS,"ONLINE,POS,CARD,TRANSFER",Online travel booking fraud with stolen corporate credentials,0.041,102,1639.42,INR,PURCHASE,POS,MOBILE_APP,1,0,Chennai,13.0,0,0,1,DEV-MONISHA-IPHONE-15,mobile_ios,0,BEN-CUST_MONISHA_001-TRUSTED,Trusted Household Vendor,11,0,3,15,0,0,0,None,Resolved Genuine,Standard Habitual Purchase,0
TXN-CUST_MONISHA_001-11416,2026-09-19 08:25:39,2026-09-19,08:25:39,8,5,1,0,CUST_MONISHA_001,420,Chennai,Tamil Nadu,Low Risk / 3% Fraud Rate,M004,Aurelia Gold House,Jewellery,Gold & Diamond Jewellery,Coimbatore,RS Puram,Tamil Nadu,641002,11.0089,76.9514,14,78000.0,10:00-20:30,"POS,CARD,TRANSFER",Account takeover / card-not-present luxury surge,0.065,162,2489.74,INR,PURCHASE,TRANSFER,MOBILE_APP,1,0,Chennai,5.0,0,0,1,DEV-MONISHA-IPHONE-15,mobile_ios,0,BEN-CUST_MONISHA_001-TRUSTED,Trusted Household Vendor,5,1,1,12,0,0,0,None,Resolved Genuine,Standard Habitual Purchase,0
TXN-CUST_MONISHA_001-11417,2026-09-19 09:51:02,2026-09-19,09:51:02,9,5,1,0,CUST_MONISHA_001,420,Chennai,Tamil Nadu,Low Risk / 3% Fraud Rate,M025,ShieldSure Services,Insurance Services,General & Health Insurance Premium,Chennai,Egmore,Tamil Nadu,600008,13.0784,80.2607,13,14000.0,09:30-18:00,"ONLINE,NETBANKING,CARD",Premium diversion / fake policy payment slips,0.019,47,2776.96,INR,PURCHASE,ONLINE,MOBILE_APP,0,0,Chennai,10.0,0,0,1,DEV-MONISHA-IPHONE-15,mobile_ios,0,BEN-CUST_MONISHA_001-TRUSTED,Trusted Household Vendor,6,0,4,18,0,0,0,None,Resolved Genuine,Standard Habitual Purchase,0
TXN-CUST_MONISHA_001-11418,2026-09-19 11:19:08,2026-09-19,11:19:08,11,5,1,0,CUST_MONISHA_001,420,Chennai,Tamil Nadu,Low Risk / 3% Fraud Rate,M007,SpiceRoute Kitchen,Restaurant,Fine Dining & Chettinad,Chennai,Adyar,Tamil Nadu,600020,13.0012,80.2565,7,2200.0,11:30-23:30,"POS,UPI,CARD",Cloned card POS terminal replay,0.018,45,993.73,INR,PURCHASE,UPI,MOBILE_APP,1,0,Chennai,13.0,0,0,1,DEV-MONISHA-IPHONE-15,mobile_ios,0,BEN-CUST_MONISHA_001-TRUSTED,Trusted Household Vendor,5,0,2,10,0,0,0,None,Resolved Genuine,Standard Habitual Purchase,0
TXN-CUST_MONISHA_001-11419,2026-09-19 12:44:28,2026-09-19,12:44:28,12,5,1,0,CUST_MONISHA_001,420,Chennai,Tamil Nadu,Low Risk / 3% Fraud Rate,M029,CloudDesk Digital,Software / Digital Services,Cloud Infrastructure & SaaS Tools,Bengaluru,Whitefield,Karnataka,560066,12.9698,77.7499,7,19800.0,24_HOURS,"ONLINE,CARD,TRANSFER",Cryptomining VM rental with stolen credit cards,0.058,145,3049.43,INR,PURCHASE,TRANSFER,MOBILE_APP,0,0,Chennai,3.0,0,0,1,DEV-MONISHA-IPHONE-15,mobile_ios,0,BEN-CUST_MONISHA_001-TRUSTED,Trusted Household Vendor,9,0,4,25,0,0,0,None,Resolved Genuine,Standard Habitual Purchase,0
TXN-CUST_MONISHA_001-11420,2026-09-19 14:09:50,2026-09-19,14:09:50,14,5,1,0,CUST_MONISHA_001,420,Chennai,Tamil Nadu,Low Risk / 3% Fraud Rate,M017,AutoForge Parts,Spare Parts,OEM Industrial & Auto Components,Hosur,Mookandapalli,Tamil Nadu,635126,12.7409,77.8253,15,16500.0,09:00-19:30,"TRANSFER,POS,CARD",Business email compromise / fake beneficiary update,0.033,82,2558.42,INR,PURCHASE,POS,MOBILE_APP,1,0,Chennai,4.0,0,0,1,DEV-MONISHA-IPHONE-15,mobile_ios,0,BEN-CUST_MONISHA_001-TRUSTED,Trusted Household Vendor,15,0,4,25,0,0,0,None,Resolved Genuine,Standard Habitual Purchase,0
TXN-CUST_MONISHA_001-11421,2026-09-19 15:35:22,2026-09-19,15:35:22,15,5,1,0,CUST_MONISHA_001,420,Chennai,Tamil Nadu,Low Risk / 3% Fraud Rate,M027,BrickHarbor Realty,Real Estate / Property Services,Rental Escrow & Facility Management,Chennai,Porur,Tamil Nadu,600116,13.035,80.16,11,65000.0,09:00-19:00,"TRANSFER,NETBANKING,CARD",Security deposit phishing / escrow hijacking,0.039,97,2001.45,INR,PURCHASE,CARD,MOBILE_APP,0,0,Chennai,9.0,0,0,1,DEV-MONISHA-IPHONE-15,mobile_ios,0,BEN-CUST_MONISHA_001-TRUSTED,Trusted Household Vendor,5,1,2,14,0,0,0,None,Resolved Genuine,Standard Habitual Purchase,0
TXN-CUST_MONISHA_001-11422,2026-09-19 17:03:02,2026-09-19,17:03:02,17,5,1,0,CUST_MONISHA_001,420,Chennai,Tamil Nadu,Low Risk / 3% Fraud Rate,M027,BrickHarbor Realty,Real Estate / Property Services,Rental Escrow & Facility Management,Chennai,Porur,Tamil Nadu,600116,13.035,80.16,11,65000.0,09:00-19:00,"TRANSFER,NETBANKING,CARD",Security deposit phishing / escrow hijacking,0.039,97,1803.15,INR,PURCHASE,TRANSFER,MOBILE_APP,0,0,Chennai,8.0,0,0,1,DEV-MONISHA-IPHONE-15,mobile_ios,0,BEN-CUST_MONISHA_001-TRUSTED,Trusted Household Vendor,13,0,3,22,0,0,0,None,Resolved Genuine,Standard Habitual Purchase,0
TXN-CUST_MONISHA_001-11423,2026-09-19 18:31:50,2026-09-19,18:31:50,18,5,1,0,CUST_MONISHA_001,420,Chennai,Tamil Nadu,Low Risk / 3% Fraud Rate,M021,GlowCraft Salon,Salon / Beauty,Spa & Grooming Studio,Chennai,Porur,Tamil Nadu,600116,13.0382,80.1565,5,2800.0,09:00-21:00,"POS,UPI,CARD",Unusual late-night transaction spikes,0.011,27,1594.74,INR,PURCHASE,CARD,MOBILE_APP,1,0,Chennai,1.0,0,0,1,DEV-MONISHA-IPHONE-15,mobile_ios,0,BEN-CUST_MONISHA_001-TRUSTED,Trusted Household Vendor,15,0,4,23,0,0,0,None,Resolved Genuine,Standard Habitual Purchase,0
TXN-CUST_MONISHA_001-11424,2026-09-19 19:59:36,2026-09-19,19:59:36,19,5,1,0,CUST_MONISHA_001,420,Chennai,Tamil Nadu,Low Risk / 3% Fraud Rate,M007,SpiceRoute Kitchen,Restaurant,Fine Dining & Chettinad,Chennai,Adyar,Tamil Nadu,600020,13.0012,80.2565,7,2200.0,11:30-23:30,"POS,UPI,CARD",Cloned card POS terminal replay,0.018,45,2223.72,INR,PURCHASE,UPI,MOBILE_APP,1,0,Chennai,15.0,0,0,1,DEV-MONISHA-IPHONE-15,mobile_ios,0,BEN-CUST_MONISHA_001-TRUSTED,Trusted Household Vendor,9,0,2,12,0,0,0,None,Resolved Genuine,Standard Habitual Purchase,0
TXN-CUST_MONISHA_001-11425,2026-09-19 21:28:36,2026-09-19,21:28:36,21,5,1,0,CUST_MONISHA_001,420,Chennai,Tamil Nadu,Low Risk / 3% Fraud Rate,M001,NovaMart Fresh,Grocery & Supermarket,Supermarket / Hypermarket,Chennai,T Nagar,Tamil Nadu,600017,13.0418,80.2341,8,1250.0,07:00-22:30,"POS,UPI,CARD,ONLINE",Card testing / micro-burst velocity,0.012,30,1238.26,INR,PURCHASE,CARD,MOBILE_APP,1,0,Chennai,6.0,0,0,1,DEV-MONISHA-IPHONE-15,mobile_ios,0,BEN-CUST_MONISHA_001-TRUSTED,Trusted Household Vendor,12,0,1,11,0,0,0,None,Resolved Genuine,Standard Habitual Purchase,0
TXN-CUST_MONISHA_001-11426,2026-09-19 22:52:34,2026-09-19,22:52:34,22,5,1,0,CUST_MONISHA_001,420,Chennai,Tamil Nadu,Low Risk / 3% Fraud Rate,M012,DashDine Delivery,Food Delivery,Quick Commerce & Meal Delivery,Chennai,Sholinganallur,Tamil Nadu,600119,12.901,80.2279,4,520.0,06:00-02:00,"UPI,CARD,ONLINE,WALLET",Promo code abuse / stolen wallet balances,0.014,35,2922.99,INR,PURCHASE,ONLINE,MOBILE_APP,0,0,Chennai,9.0,0,0,1,DEV-MONISHA-IPHONE-15,mobile_ios,0,BEN-CUST_MONISHA_001-TRUSTED,Trusted Household Vendor,3,0,3,21,0,0,0,None,Resolved Genuine,Standard Habitual Purchase,0
TXN-CUST_MONISHA_001-11427,2026-09-20 00:18:21,2026-09-20,00:18:21,0,6,1,1,CUST_MONISHA_001,420,Chennai,Tamil Nadu,Low Risk / 3% Fraud Rate,M023,SwiftBox Logistics,Courier / Logistics,Express Parcel & Freight Delivery,Tiruppur,Avinashi Road,Tamil Nadu,641603,11.1085,77.3411,9,4200.0,08:00-21:00,"POS,UPI,CARD,ONLINE",Interception fraud / address redirection,0.02,50,2427.98,INR,PURCHASE,ONLINE,MOBILE_APP,1,0,Chennai,5.0,0,0,1,DEV-MONISHA-IPHONE-15,mobile_ios,0,BEN-CUST_MONISHA_001-TRUSTED,Trusted Household Vendor,14,0,1,13,0,0,0,None,Resolved Genuine,Standard Habitual Purchase,0
TXN-CUST_MONISHA_001-11428,2026-09-20 01:44:42,2026-09-20,01:44:42,1,6,1,1,CUST_MONISHA_001,420,Chennai,Tamil Nadu,Low Risk / 3% Fraud Rate,M016,MotoCare Garage,Auto Service,Car Service & Detailing Hub,Chennai,Pallikaranai,Tamil Nadu,600100,12.9372,80.2014,7,8900.0,08:30-20:30,"POS,UPI,CARD",Over-invoicing / synthetic card payments,0.021,52,2534.85,INR,PURCHASE,UPI,MOBILE_APP,1,0,Chennai,11.0,0,0,1,DEV-MONISHA-IPHONE-15,mobile_ios,0,BEN-CUST_MONISHA_001-TRUSTED,Trusted Household Vendor,3,0,1,6,0,0,0,None,Resolved Genuine,Standard Habitual Purchase,0
TXN-CUST_MONISHA_001-11429,2026-09-20 03:11:47,2026-09-20,03:11:47,3,6,1,1,CUST_MONISHA_001,420,Chennai,Tamil Nadu,Low Risk / 3% Fraud Rate,M023,SwiftBox Logistics,Courier / Logistics,Express Parcel & Freight Delivery,Tiruppur,Avinashi Road,Tamil Nadu,641603,11.1085,77.3411,9,4200.0,08:00-21:00,"POS,UPI,CARD,ONLINE",Interception fraud / address redirection,0.02,50,1138.47,INR,PURCHASE,ONLINE,MOBILE_APP,1,0,Chennai,12.0,0,0,1,DEV-MONISHA-IPHONE-15,mobile_ios,0,BEN-CUST_MONISHA_001-TRUSTED,Trusted Household Vendor,4,1,2,11,0,0,0,None,Resolved Genuine,Standard Habitual Purchase,0
TXN-CUST_MONISHA_001-11430,2026-09-20 04:35:31,2026-09-20,04:35:31,4,6,1,1,CUST_MONISHA_001,420,Chennai,Tamil Nadu,Low Risk / 3% Fraud Rate,M021,GlowCraft Salon,Salon / Beauty,Spa & Grooming Studio,Chennai,Porur,Tamil Nadu,600116,13.0382,80.1565,5,2800.0,09:00-21:00,"POS,UPI,CARD",Unusual late-night transaction spikes,0.011,27,7825.52,INR,PURCHASE,POS,WEB_PORTAL,0,0,Hyderabad,584.0,1,1,0,DEV-LAPTOP-CHROME-978,web_browser,0,BEN-CUST_MONISHA_001-01,Self Family Transfer,3,2,9,43,1,0,0,Geographic Anomaly / High Ticket Spike,Review Required,Sudden location velocity jump with new merchant,1
TXN-CUST_MONISHA_001-11431,2026-09-20 06:03:56,2026-09-20,06:03:56,6,6,1,0,CUST_MONISHA_001,420,Chennai,Tamil Nadu,Low Risk / 3% Fraud Rate,M028,CraftCove Home Decor,Home Decor,Handicrafts & Art Pieces,Thanjavur,Medical College Road,Tamil Nadu,613004,10.7684,79.1245,8,7400.0,09:30-20:30,"POS,UPI,CARD,ONLINE",Cross-border tourist chargebacks,0.023,57,2885.22,INR,PURCHASE,POS,MOBILE_APP,1,0,Chennai,15.0,0,0,1,DEV-MONISHA-IPHONE-15,mobile_ios,0,BEN-CUST_MONISHA_001-TRUSTED,Trusted Household Vendor,11,0,3,20,0,0,0,None,Resolved Genuine,Standard Habitual Purchase,0
TXN-CUST_MONISHA_001-11432,2026-09-20 07:29:50,2026-09-20,07:29:50,7,6,1,0,CUST_MONISHA_001,420,Chennai,Tamil Nadu,Low Risk / 3% Fraud Rate,M022,SkillSpring Academy,Education / Training,Professional Certifications & Tech Bootcamps,Chennai,Mylapore,Tamil Nadu,600004,13.0368,80.2676,8,22000.0,08:30-19:30,"ONLINE,NETBANKING,CARD,UPI",Stolen corporate card enrollments,0.028,70,2346.96,INR,PURCHASE,CARD,MOBILE_APP,0,0,Chennai,2.0,0,0,1,DEV-MONISHA-IPHONE-15,mobile_ios,0,BEN-CUST_MONISHA_001-TRUSTED,Trusted Household Vendor,14,1,2,11,0,0,0,None,Resolved Genuine,Standard Habitual Purchase,0
TXN-CUST_MONISHA_001-11433,2026-09-20 08:54:16,2026-09-20,08:54:16,8,6,1,0,CUST_MONISHA_001,420,Chennai,Tamil Nadu,Low Risk / 3% Fraud Rate,M002,CircuitBay Electronics,Consumer Electronics,Laptops & Gadgets,Chennai,Velachery,Tamil Nadu,600042,12.9759,80.2212,6,32000.0,10:00-21:30,"POS,ONLINE,EMI,UPI",Stolen payment details / high-ticket electronics delivery,0.048,120,1424.73,INR,PURCHASE,POS,MOBILE_APP,1,0,Chennai,4.0,0,0,1,DEV-MONISHA-IPHONE-15,mobile_ios,0,BEN-CUST_MONISHA_001-TRUSTED,Trusted Household Vendor,5,0,4,22,0,0,0,None,Resolved Genuine,Standard Habitual Purchase,0
TXN-CUST_MONISHA_001-11434,2026-09-20 10:19:19,2026-09-20,10:19:19,10,6,1,0,CUST_MONISHA_001,420,Chennai,Tamil Nadu,Low Risk / 3% Fraud Rate,M012,DashDine Delivery,Food Delivery,Quick Commerce & Meal Delivery,Chennai,Sholinganallur,Tamil Nadu,600119,12.901,80.2279,4,520.0,06:00-02:00,"UPI,CARD,ONLINE,WALLET",Promo code abuse / stolen wallet balances,0.014,35,1055.45,INR,PURCHASE,WALLET,MOBILE_APP,0,0,Chennai,8.0,0,0,1,DEV-MONISHA-IPHONE-15,mobile_ios,0,BEN-CUST_MONISHA_001-TRUSTED,Trusted Household Vendor,12,0,1,7,0,0,0,None,Resolved Genuine,Standard Habitual Purchase,0
TXN-CUST_MONISHA_001-11435,2026-09-20 11:43:25,2026-09-20,11:43:25,11,6,1,0,CUST_MONISHA_001,420,Chennai,Tamil Nadu,Low Risk / 3% Fraud Rate,M003,Pulse Mobile Hub,Mobile Store,Smartphones & Accessories,Chennai,Tambaram,Tamil Nadu,600045,12.9249,80.1278,4,18500.0,09:30-21:30,"POS,UPI,CARD",New device abuse / rapid checkout surge,0.035,87,1207.05,INR,PURCHASE,POS,MOBILE_APP,1,0,Chennai,2.0,0,0,1,DEV-MONISHA-IPHONE-15,mobile_ios,0,BEN-CUST_MONISHA_001-TRUSTED,Trusted Household Vendor,15,1,1,6,0,0,0,None,Resolved Genuine,Standard Habitual Purchase,0
TXN-CUST_MONISHA_001-11436,2026-09-20 13:08:07,2026-09-20,13:08:07,13,6,1,0,CUST_MONISHA_001,420,Chennai,Tamil Nadu,Low Risk / 3% Fraud Rate,M012,DashDine Delivery,Food Delivery,Quick Commerce & Meal Delivery,Chennai,Sholinganallur,Tamil Nadu,600119,12.901,80.2279,4,520.0,06:00-02:00,"UPI,CARD,ONLINE,WALLET",Promo code abuse / stolen wallet balances,0.014,35,1857.22,INR,PURCHASE,CARD,MOBILE_APP,0,0,Chennai,15.0,0,0,1,DEV-MONISHA-IPHONE-15,mobile_ios,0,BEN-CUST_MONISHA_001-TRUSTED,Trusted Household Vendor,7,0,2,12,0,0,0,None,Resolved Genuine,Standard Habitual Purchase,0
TXN-CUST_MONISHA_001-11437,2026-09-20 14:33:23,2026-09-20,14:33:23,14,6,1,0,CUST_MONISHA_001,420,Chennai,Tamil Nadu,Low Risk / 3% Fraud Rate,M013,CartNest Online,E-commerce,Multi-category Marketplace,Chennai,Guindy,Tamil Nadu,600032,13.0067,80.2026,5,6200.0,24_HOURS,"ONLINE,UPI,CARD,NETBANKING",Account takeover + triangulation shipping fraud,0.045,112,17287.33,INR,PURCHASE,CARD,WEB_PORTAL,0,0,Hyderabad,623.0,1,1,0,DEV-LAPTOP-CHROME-243,web_browser,0,BEN-CUST_MONISHA_001-01,Self Family Transfer,3,3,5,25,1,0,0,Geographic Anomaly / High Ticket Spike,Review Required,Sudden location velocity jump with new merchant,1
TXN-CUST_MONISHA_001-11438,2026-09-20 15:57:50,2026-09-20,15:57:50,15,6,1,0,CUST_MONISHA_001,420,Chennai,Tamil Nadu,Low Risk / 3% Fraud Rate,M010,HarborView Residency,Hotel / Hospitality,Business & Luxury Hotel,Chennai,OMR,Tamil Nadu,600096,12.9165,80.2285,6,9500.0,24_HOURS,"ONLINE,POS,CARD,TRANSFER",Online travel booking fraud with stolen corporate credentials,0.041,102,1386.89,INR,PURCHASE,CARD,MOBILE_APP,1,0,Chennai,8.0,0,0,1,DEV-MONISHA-IPHONE-15,mobile_ios,0,BEN-CUST_MONISHA_001-TRUSTED,Trusted Household Vendor,8,0,4,23,0,0,0,None,Resolved Genuine,Standard Habitual Purchase,0
TXN-CUST_MONISHA_001-11439,2026-09-20 17:25:53,2026-09-20,17:25:53,17,6,1,0,CUST_MONISHA_001,420,Chennai,Tamil Nadu,Low Risk / 3% Fraud Rate,M017,AutoForge Parts,Spare Parts,OEM Industrial & Auto Components,Hosur,Mookandapalli,Tamil Nadu,635126,12.7409,77.8253,15,16500.0,09:00-19:30,"TRANSFER,POS,CARD",Business email compromise / fake beneficiary update,0.033,82,1832.24,INR,PURCHASE,CARD,MOBILE_APP,1,0,Chennai,11.0,0,0,1,DEV-MONISHA-IPHONE-15,mobile_ios,0,BEN-CUST_MONISHA_001-TRUSTED,Trusted Household Vendor,3,0,2,16,0,0,0,None,Resolved Genuine,Standard Habitual Purchase,0
TXN-CUST_MONISHA_001-11440,2026-09-20 18:50:13,2026-09-20,18:50:13,18,6,1,0,CUST_MONISHA_001,420,Chennai,Tamil Nadu,Low Risk / 3% Fraud Rate,M019,ArenaSport World,Sports Retail,Fitness Equipment & Sports Wear,Chennai,Nungambakkam,Tamil Nadu,600034,13.0604,80.2405,6,5600.0,10:00-21:30,"POS,ONLINE,UPI,CARD",Stolen card chargeback on premium sports gear,0.026,65,1272.95,INR,PURCHASE,UPI,MOBILE_APP,1,0,Chennai,12.0,0,0,1,DEV-MONISHA-IPHONE-15,mobile_ios,0,BEN-CUST_MONISHA_001-TRUSTED,Trusted Household Vendor,6,0,3,22,0,0,0,None,Resolved Genuine,Standard Habitual Purchase,0
TXN-CUST_MONISHA_001-11441,2026-09-20 20:16:55,2026-09-20,20:16:55,20,6,1,0,CUST_MONISHA_001,420,Chennai,Tamil Nadu,Low Risk / 3% Fraud Rate,M024,LinkWave Telecom,Telecom Retail,Fiber Broadband & Postpaid Plans,Erode,Perundurai Road,Tamil Nadu,638011,11.341,77.7172,10,1950.0,09:30-20:30,"UPI,CARD,ONLINE,POS",SIM swap bill recharge surges,0.017,42,2638.65,INR,PURCHASE,CARD,MOBILE_APP,1,0,Chennai,2.0,0,0,1,DEV-MONISHA-IPHONE-15,mobile_ios,0,BEN-CUST_MONISHA_001-TRUSTED,Trusted Household Vendor,7,0,2,17,0,0,0,None,Resolved Genuine,Standard Habitual Purchase,0
TXN-CUST_MONISHA_001-11442,2026-09-20 21:41:53,2026-09-20,21:41:53,21,6,1,0,CUST_MONISHA_001,420,Chennai,Tamil Nadu,Low Risk / 3% Fraud Rate,M004,Aurelia Gold House,Jewellery,Gold & Diamond Jewellery,Coimbatore,RS Puram,Tamil Nadu,641002,11.0089,76.9514,14,78000.0,10:00-20:30,"POS,CARD,TRANSFER",Account takeover / card-not-present luxury surge,0.065,162,1989.85,INR,PURCHASE,TRANSFER,MOBILE_APP,1,0,Chennai,11.0,0,0,1,DEV-MONISHA-IPHONE-15,mobile_ios,0,BEN-CUST_MONISHA_001-TRUSTED,Trusted Household Vendor,10,1,2,15,0,0,0,None,Resolved Genuine,Standard Habitual Purchase,0
TXN-CUST_MONISHA_001-11443,2026-09-20 23:07:31,2026-09-20,23:07:31,23,6,1,1,CUST_MONISHA_001,420,Chennai,Tamil Nadu,Low Risk / 3% Fraud Rate,M013,CartNest Online,E-commerce,Multi-category Marketplace,Chennai,Guindy,Tamil Nadu,600032,13.0067,80.2026,5,6200.0,24_HOURS,"ONLINE,UPI,CARD,NETBANKING",Account takeover + triangulation shipping fraud,0.045,112,2320.43,INR,PURCHASE,CARD,MOBILE_APP,0,0,Chennai,15.0,0,0,1,DEV-MONISHA-IPHONE-15,mobile_ios,0,BEN-CUST_MONISHA_001-TRUSTED,Trusted Household Vendor,13,1,1,6,0,0,0,None,Resolved Genuine,Standard Habitual Purchase,0
TXN-CUST_MONISHA_001-11444,2026-09-21 00:31:52,2026-09-21,00:31:52,0,0,0,1,CUST_MONISHA_001,420,Chennai,Tamil Nadu,Low Risk / 3% Fraud Rate,M016,MotoCare Garage,Auto Service,Car Service & Detailing Hub,Chennai,Pallikaranai,Tamil Nadu,600100,12.9372,80.2014,7,8900.0,08:30-20:30,"POS,UPI,CARD",Over-invoicing / synthetic card payments,0.021,52,1563.23,INR,PURCHASE,UPI,MOBILE_APP,1,0,Chennai,11.0,0,0,1,DEV-MONISHA-IPHONE-15,mobile_ios,0,BEN-CUST_MONISHA_001-TRUSTED,Trusted Household Vendor,8,0,2,12,0,0,0,None,Resolved Genuine,Standard Habitual Purchase,0
TXN-CUST_MONISHA_001-11445,2026-09-21 01:58:04,2026-09-21,01:58:04,1,0,0,1,CUST_MONISHA_001,420,Chennai,Tamil Nadu,Low Risk / 3% Fraud Rate,M006,MedicoCare Pharmacy,Pharmacy,Medicines & Surgical Supplies,Madurai,KK Nagar,Tamil Nadu,625020,9.9252,78.1498,10,1450.0,24_HOURS,"POS,UPI,CARD,ONLINE",Nighttime micro card testing,0.015,37,2539.79,INR,PURCHASE,ONLINE,MOBILE_APP,1,0,Chennai,8.0,0,0,1,DEV-MONISHA-IPHONE-15,mobile_ios,0,BEN-CUST_MONISHA_001-TRUSTED,Trusted Household Vendor,12,0,4,24,0,0,0,None,Resolved Genuine,Standard Habitual Purchase,0
TXN-CUST_MONISHA_001-11446,2026-09-21 03:24:19,2026-09-21,03:24:19,3,0,0,1,CUST_MONISHA_001,420,Chennai,Tamil Nadu,Low Risk / 3% Fraud Rate,M008,BeanCircuit Cafe,Cafe,Specialty Coffee & Bakery,Bengaluru,Indiranagar,Karnataka,560038,12.9784,77.6408,3,650.0,07:30-23:00,"UPI,POS,CARD",QR code spoofing / fast velocity dining,0.009,22,1371.02,INR,PURCHASE,POS,MOBILE_APP,1,0,Chennai,6.0,0,0,1,DEV-MONISHA-IPHONE-15,mobile_ios,0,BEN-CUST_MONISHA_001-TRUSTED,Trusted Household Vendor,13,0,4,22,0,0,0,None,Resolved Genuine,Standard Habitual Purchase,0
TXN-CUST_MONISHA_001-11447,2026-09-21 04:47:57,2026-09-21,04:47:57,4,0,0,1,CUST_MONISHA_001,420,Chennai,Tamil Nadu,Low Risk / 3% Fraud Rate,M029,CloudDesk Digital,Software / Digital Services,Cloud Infrastructure & SaaS Tools,Bengaluru,Whitefield,Karnataka,560066,12.9698,77.7499,7,19800.0,24_HOURS,"ONLINE,CARD,TRANSFER",Cryptomining VM rental with stolen credit cards,0.058,145,1328.27,INR,PURCHASE,CARD,MOBILE_APP,0,0,Chennai,15.0,0,0,1,DEV-MONISHA-IPHONE-15,mobile_ios,0,BEN-CUST_MONISHA_001-TRUSTED,Trusted Household Vendor,9,0,1,10,0,0,0,None,Resolved Genuine,Standard Habitual Purchase,0
TXN-CUST_MONISHA_001-11448,2026-09-21 06:17:05,2026-09-21,06:17:05,6,0,0,0,CUST_MONISHA_001,420,Chennai,Tamil Nadu,Low Risk / 3% Fraud Rate,M013,CartNest Online,E-commerce,Multi-category Marketplace,Chennai,Guindy,Tamil Nadu,600032,13.0067,80.2026,5,6200.0,24_HOURS,"ONLINE,UPI,CARD,NETBANKING",Account takeover + triangulation shipping fraud,0.045,112,2167.8,INR,PURCHASE,UPI,MOBILE_APP,0,0,Chennai,3.0,0,0,1,DEV-MONISHA-IPHONE-15,mobile_ios,0,BEN-CUST_MONISHA_001-TRUSTED,Trusted Household Vendor,12,0,3,16,0,0,0,None,Resolved Genuine,Standard Habitual Purchase,0
TXN-CUST_MONISHA_001-11449,2026-09-21 07:41:15,2026-09-21,07:41:15,7,0,0,0,CUST_MONISHA_001,420,Chennai,Tamil Nadu,Low Risk / 3% Fraud Rate,M011,SkyTrail Travels,Travel Agency,Flight & International Tour Packages,Coimbatore,Gandhipuram,Tamil Nadu,641012,11.0183,76.9664,11,44000.0,09:00-20:00,"ONLINE,TRANSFER,CARD",Mule-account ticket arbitrage & fast cancellation fraud,0.052,130,2625.25,INR,PURCHASE,ONLINE,MOBILE_APP,0,0,Chennai,1.0,0,0,1,DEV-MONISHA-IPHONE-15,mobile_ios,0,BEN-CUST_MONISHA_001-TRUSTED,Trusted Household Vendor,15,0,3,19,0,0,0,None,Resolved Genuine,Standard Habitual Purchase,0
TXN-CUST_MONISHA_001-11450,2026-09-21 09:07:25,2026-09-21,09:07:25,9,0,0,0,CUST_MONISHA_001,420,Chennai,Tamil Nadu,Low Risk / 3% Fraud Rate,M006,MedicoCare Pharmacy,Pharmacy,Medicines & Surgical Supplies,Madurai,KK Nagar,Tamil Nadu,625020,9.9252,78.1498,10,1450.0,24_HOURS,"POS,UPI,CARD,ONLINE",Nighttime micro card testing,0.015,37,1857.78,INR,PURCHASE,CARD,MOBILE_APP,1,0,Chennai,11.0,0,0,1,DEV-MONISHA-IPHONE-15,mobile_ios,0,BEN-CUST_MONISHA_001-TRUSTED,Trusted Household Vendor,7,1,2,11,0,0,0,None,Resolved Genuine,Standard Habitual Purchase,0
TXN-CUST_MONISHA_001-11451,2026-09-21 10:31:55,2026-09-21,10:31:55,10,0,0,0,CUST_MONISHA_001,420,Chennai,Tamil Nadu,Low Risk / 3% Fraud Rate,M028,CraftCove Home Decor,Home Decor,Handicrafts & Art Pieces,Thanjavur,Medical College Road,Tamil Nadu,613004,10.7684,79.1245,8,7400.0,09:30-20:30,"POS,UPI,CARD,ONLINE",Cross-border tourist chargebacks,0.023,57,1255.77,INR,PURCHASE,CARD,MOBILE_APP,1,0,Chennai,2.0,0,0,1,DEV-MONISHA-IPHONE-15,mobile_ios,0,BEN-CUST_MONISHA_001-TRUSTED,Trusted Household Vendor,13,0,2,10,0,0,0,None,Resolved Genuine,Standard Habitual Purchase,0
TXN-CUST_MONISHA_001-11452,2026-09-21 11:58:11,2026-09-21,11:58:11,11,0,0,0,CUST_MONISHA_001,420,Chennai,Tamil Nadu,Low Risk / 3% Fraud Rate,M012,DashDine Delivery,Food Delivery,Quick Commerce & Meal Delivery,Chennai,Sholinganallur,Tamil Nadu,600119,12.901,80.2279,4,520.0,06:00-02:00,"UPI,CARD,ONLINE,WALLET",Promo code abuse / stolen wallet balances,0.014,35,1013.8,INR,PURCHASE,WALLET,MOBILE_APP,0,0,Chennai,9.0,0,0,1,DEV-MONISHA-IPHONE-15,mobile_ios,0,BEN-CUST_MONISHA_001-TRUSTED,Trusted Household Vendor,10,0,2,17,0,0,0,None,Resolved Genuine,Standard Habitual Purchase,0
TXN-CUST_MONISHA_001-11453,2026-09-21 13:25:49,2026-09-21,13:25:49,13,0,0,0,CUST_MONISHA_001,420,Chennai,Tamil Nadu,Low Risk / 3% Fraud Rate,M025,ShieldSure Services,Insurance Services,General & Health Insurance Premium,Chennai,Egmore,Tamil Nadu,600008,13.0784,80.2607,13,14000.0,09:30-18:00,"ONLINE,NETBANKING,CARD",Premium diversion / fake policy payment slips,0.019,47,2925.66,INR,PURCHASE,NETBANKING,MOBILE_APP,0,0,Chennai,7.0,0,0,1,DEV-MONISHA-IPHONE-15,mobile_ios,0,BEN-CUST_MONISHA_001-TRUSTED,Trusted Household Vendor,9,1,2,14,0,0,0,None,Resolved Genuine,Standard Habitual Purchase,0
TXN-CUST_MONISHA_001-11454,2026-09-21 14:54:08,2026-09-21,14:54:08,14,0,0,0,CUST_MONISHA_001,420,Chennai,Tamil Nadu,Low Risk / 3% Fraud Rate,M024,LinkWave Telecom,Telecom Retail,Fiber Broadband & Postpaid Plans,Erode,Perundurai Road,Tamil Nadu,638011,11.341,77.7172,10,1950.0,09:30-20:30,"UPI,CARD,ONLINE,POS",SIM swap bill recharge surges,0.017,42,2822.08,INR,PURCHASE,POS,MOBILE_APP,1,0,Chennai,10.0,0,0,1,DEV-MONISHA-IPHONE-15,mobile_ios,0,BEN-CUST_MONISHA_001-TRUSTED,Trusted Household Vendor,8,0,1,6,0,0,0,None,Resolved Genuine,Standard Habitual Purchase,0
TXN-CUST_MONISHA_001-11455,2026-09-21 16:18:52,2026-09-21,16:18:52,16,0,0,0,CUST_MONISHA_001,420,Chennai,Tamil Nadu,Low Risk / 3% Fraud Rate,M020,GameGrid Arena,Gaming,"Esports, Consoles & Virtual Credits",Bengaluru,Koramangala,Karnataka,560095,12.9352,77.6245,4,3400.0,10:00-01:00,"ONLINE,UPI,CARD,WALLET",Virtual item laundering & bot-driven micro transactions,0.055,137,1196.89,INR,PURCHASE,ONLINE,MOBILE_APP,0,0,Chennai,4.0,0,0,1,DEV-MONISHA-IPHONE-15,mobile_ios,0,BEN-CUST_MONISHA_001-TRUSTED,Trusted Household Vendor,11,0,3,20,0,0,0,None,Resolved Genuine,Standard Habitual Purchase,0
TXN-CUST_MONISHA_001-11456,2026-09-21 17:47:45,2026-09-21,17:47:45,17,0,0,0,CUST_MONISHA_001,420,Chennai,Tamil Nadu,Low Risk / 3% Fraud Rate,M021,GlowCraft Salon,Salon / Beauty,Spa & Grooming Studio,Chennai,Porur,Tamil Nadu,600116,13.0382,80.1565,5,2800.0,09:00-21:00,"POS,UPI,CARD",Unusual late-night transaction spikes,0.011,27,1318.37,INR,PURCHASE,UPI,MOBILE_APP,1,0,Chennai,8.0,0,0,1,DEV-MONISHA-IPHONE-15,mobile_ios,0,BEN-CUST_MONISHA_001-TRUSTED,Trusted Household Vendor,7,1,2,11,0,0,0,None,Resolved Genuine,Standard Habitual Purchase,0
TXN-CUST_MONISHA_001-11457,2026-09-21 19:13:12,2026-09-21,19:13:12,19,0,0,0,CUST_MONISHA_001,420,Chennai,Tamil Nadu,Low Risk / 3% Fraud Rate,M021,GlowCraft Salon,Salon / Beauty,Spa & Grooming Studio,Chennai,Porur,Tamil Nadu,600116,13.0382,80.1565,5,2800.0,09:00-21:00,"POS,UPI,CARD",Unusual late-night transaction spikes,0.011,27,1200.91,INR,PURCHASE,UPI,MOBILE_APP,1,0,Chennai,3.0,0,0,1,DEV-MONISHA-IPHONE-15,mobile_ios,0,BEN-CUST_MONISHA_001-TRUSTED,Trusted Household Vendor,13,0,4,18,0,0,0,None,Resolved Genuine,Standard Habitual Purchase,0
TXN-CUST_MONISHA_001-11458,2026-09-21 20:38:09,2026-09-21,20:38:09,20,0,0,0,CUST_MONISHA_001,420,Chennai,Tamil Nadu,Low Risk / 3% Fraud Rate,M014,OakLine Furnishings,Furniture,Teak Wood & Modern Home Decor,Madurai,Bypass Road,Tamil Nadu,625016,9.932,78.109,12,38000.0,10:00-21:00,"POS,CARD,TRANSFER,EMI",Invoice redirection fraud / fake payment slips,0.029,72,1200.07,INR,PURCHASE,POS,MOBILE_APP,1,0,Chennai,7.0,0,0,1,DEV-MONISHA-IPHONE-15,mobile_ios,0,BEN-CUST_MONISHA_001-TRUSTED,Trusted Household Vendor,10,0,1,11,0,0,0,None,Resolved Genuine,Standard Habitual Purchase,0
TXN-CUST_MONISHA_001-11459,2026-09-21 22:05:40,2026-09-21,22:05:40,22,0,0,0,CUST_MONISHA_001,420,Chennai,Tamil Nadu,Low Risk / 3% Fraud Rate,M004,Aurelia Gold House,Jewellery,Gold & Diamond Jewellery,Coimbatore,RS Puram,Tamil Nadu,641002,11.0089,76.9514,14,78000.0,10:00-20:30,"POS,CARD,TRANSFER",Account takeover / card-not-present luxury surge,0.065,162,2314.73,INR,PURCHASE,CARD,MOBILE_APP,1,0,Chennai,7.0,0,0,1,DEV-MONISHA-IPHONE-15,mobile_ios,0,BEN-CUST_MONISHA_001-TRUSTED,Trusted Household Vendor,5,0,1,8,0,0,0,None,Resolved Genuine,Standard Habitual Purchase,0
TXN-CUST_MONISHA_001-11460,2026-09-21 23:32:31,2026-09-21,23:32:31,23,0,0,1,CUST_MONISHA_001,420,Chennai,Tamil Nadu,Low Risk / 3% Fraud Rate,M013,CartNest Online,E-commerce,Multi-category Marketplace,Chennai,Guindy,Tamil Nadu,600032,13.0067,80.2026,5,6200.0,24_HOURS,"ONLINE,UPI,CARD,NETBANKING",Account takeover + triangulation shipping fraud,0.045,112,2385.94,INR,PURCHASE,ONLINE,MOBILE_APP,0,0,Chennai,1.0,0,0,1,DEV-MONISHA-IPHONE-15,mobile_ios,0,BEN-CUST_MONISHA_001-TRUSTED,Trusted Household Vendor,9,0,4,22,0,0,0,None,Resolved Genuine,Standard Habitual Purchase,0
TXN-CUST_MONISHA_001-11461,2026-09-22 00:58:28,2026-09-22,00:58:28,0,1,0,1,CUST_MONISHA_001,420,Chennai,Tamil Nadu,Low Risk / 3% Fraud Rate,M024,LinkWave Telecom,Telecom Retail,Fiber Broadband & Postpaid Plans,Erode,Perundurai Road,Tamil Nadu,638011,11.341,77.7172,10,1950.0,09:30-20:30,"UPI,CARD,ONLINE,POS",SIM swap bill recharge surges,0.017,42,2263.83,INR,PURCHASE,ONLINE,MOBILE_APP,1,0,Chennai,10.0,0,0,1,DEV-MONISHA-IPHONE-15,mobile_ios,0,BEN-CUST_MONISHA_001-TRUSTED,Trusted Household Vendor,11,0,4,25,0,0,0,None,Resolved Genuine,Standard Habitual Purchase,0
TXN-CUST_MONISHA_001-11462,2026-09-22 02:26:09,2026-09-22,02:26:09,2,1,0,1,CUST_MONISHA_001,420,Chennai,Tamil Nadu,Low Risk / 3% Fraud Rate,M028,CraftCove Home Decor,Home Decor,Handicrafts & Art Pieces,Thanjavur,Medical College Road,Tamil Nadu,613004,10.7684,79.1245,8,7400.0,09:30-20:30,"POS,UPI,CARD,ONLINE",Cross-border tourist chargebacks,0.023,57,2031.96,INR,PURCHASE,ONLINE,MOBILE_APP,1,0,Chennai,6.0,0,0,1,DEV-MONISHA-IPHONE-15,mobile_ios,0,BEN-CUST_MONISHA_001-TRUSTED,Trusted Household Vendor,9,1,2,11,0,0,0,None,Resolved Genuine,Standard Habitual Purchase,0
TXN-CUST_MONISHA_001-11463,2026-09-22 03:50:27,2026-09-22,03:50:27,3,1,0,1,CUST_MONISHA_001,420,Chennai,Tamil Nadu,Low Risk / 3% Fraud Rate,M011,SkyTrail Travels,Travel Agency,Flight & International Tour Packages,Coimbatore,Gandhipuram,Tamil Nadu,641012,11.0183,76.9664,11,44000.0,09:00-20:00,"ONLINE,TRANSFER,CARD",Mule-account ticket arbitrage & fast cancellation fraud,0.052,130,2998.79,INR,PURCHASE,CARD,MOBILE_APP,0,0,Chennai,12.0,0,0,1,DEV-MONISHA-IPHONE-15,mobile_ios,0,BEN-CUST_MONISHA_001-TRUSTED,Trusted Household Vendor,11,0,2,17,0,0,0,None,Resolved Genuine,Standard Habitual Purchase,0
TXN-CUST_MONISHA_001-11464,2026-09-22 05:16:27,2026-09-22,05:16:27,5,1,0,1,CUST_MONISHA_001,420,Chennai,Tamil Nadu,Low Risk / 3% Fraud Rate,M015,HomeSphere Appliances,Home Appliances,"Refrigerators, ACs & Kitchen Tech",Coimbatore,Saibaba Colony,Tamil Nadu,641011,11.0315,76.945,9,27500.0,09:30-21:00,"POS,EMI,CARD,UPI",Carding attacks with immediate in-store pickup,0.038,95,1439.21,INR,PURCHASE,POS,MOBILE_APP,1,0,Chennai,2.0,0,0,1,DEV-MONISHA-IPHONE-15,mobile_ios,0,BEN-CUST_MONISHA_001-TRUSTED,Trusted Household Vendor,8,0,4,23,0,0,0,None,Resolved Genuine,Standard Habitual Purchase,0
TXN-CUST_MONISHA_001-11465,2026-09-22 06:41:22,2026-09-22,06:41:22,6,1,0,0,CUST_MONISHA_001,420,Chennai,Tamil Nadu,Low Risk / 3% Fraud Rate,M011,SkyTrail Travels,Travel Agency,Flight & International Tour Packages,Coimbatore,Gandhipuram,Tamil Nadu,641012,11.0183,76.9664,11,44000.0,09:00-20:00,"ONLINE,TRANSFER,CARD",Mule-account ticket arbitrage & fast cancellation fraud,0.052,130,2359.49,INR,PURCHASE,TRANSFER,MOBILE_APP,0,0,Chennai,13.0,0,0,1,DEV-MONISHA-IPHONE-15,mobile_ios,0,BEN-CUST_MONISHA_001-TRUSTED,Trusted Household Vendor,5,0,3,19,0,0,0,None,Resolved Genuine,Standard Habitual Purchase,0
TXN-CUST_MONISHA_001-11466,2026-09-22 08:07:16,2026-09-22,08:07:16,8,1,0,0,CUST_MONISHA_001,420,Chennai,Tamil Nadu,Low Risk / 3% Fraud Rate,M015,HomeSphere Appliances,Home Appliances,"Refrigerators, ACs & Kitchen Tech",Coimbatore,Saibaba Colony,Tamil Nadu,641011,11.0315,76.945,9,27500.0,09:30-21:00,"POS,EMI,CARD,UPI",Carding attacks with immediate in-store pickup,0.038,95,1539.64,INR,PURCHASE,POS,MOBILE_APP,1,0,Chennai,11.0,0,0,1,DEV-MONISHA-IPHONE-15,mobile_ios,0,BEN-CUST_MONISHA_001-TRUSTED,Trusted Household Vendor,8,1,1,14,0,0,0,None,Resolved Genuine,Standard Habitual Purchase,0
TXN-CUST_MONISHA_001-11467,2026-09-22 09:35:06,2026-09-22,09:35:06,9,1,0,0,CUST_MONISHA_001,420,Chennai,Tamil Nadu,Low Risk / 3% Fraud Rate,M008,BeanCircuit Cafe,Cafe,Specialty Coffee & Bakery,Bengaluru,Indiranagar,Karnataka,560038,12.9784,77.6408,3,650.0,07:30-23:00,"UPI,POS,CARD",QR code spoofing / fast velocity dining,0.009,22,1329.46,INR,P2P_TRANSFER,POS,MOBILE_APP,0,0,Mumbai,1044.0,1,0,1,DEV-MONISHA-IPHONE-15,mobile_ios,1,BEN-NEW-381,Global Flight Booking,0,2,9,45,1,0,0,Geographic Anomaly / High Ticket Spike,Review Required,Sudden location velocity jump with new merchant,1
TXN-CUST_MONISHA_001-11468,2026-09-22 11:02:38,2026-09-22,11:02:38,11,1,0,0,CUST_MONISHA_001,420,Chennai,Tamil Nadu,Low Risk / 3% Fraud Rate,M008,BeanCircuit Cafe,Cafe,Specialty Coffee & Bakery,Bengaluru,Indiranagar,Karnataka,560038,12.9784,77.6408,3,650.0,07:30-23:00,"UPI,POS,CARD",QR code spoofing / fast velocity dining,0.009,22,2929.93,INR,PURCHASE,UPI,MOBILE_APP,1,0,Chennai,15.0,0,0,1,DEV-MONISHA-IPHONE-15,mobile_ios,0,BEN-CUST_MONISHA_001-TRUSTED,Trusted Household Vendor,3,0,4,23,0,0,0,None,Resolved Genuine,Standard Habitual Purchase,0
TXN-CUST_MONISHA_001-11469,2026-09-22 12:28:17,2026-09-22,12:28:17,12,1,0,0,CUST_MONISHA_001,420,Chennai,Tamil Nadu,Low Risk / 3% Fraud Rate,M005,UrbanThread Studio,Fashion / Apparel,Designer & Ready-to-wear,Chennai,Anna Nagar,Tamil Nadu,600040,13.085,80.2101,5,4800.0,10:30-22:00,"POS,ONLINE,UPI,CARD",Refund abuse / credential stuffing,0.022,55,2205.89,INR,PURCHASE,POS,MOBILE_APP,1,0,Chennai,12.0,0,0,1,DEV-MONISHA-IPHONE-15,mobile_ios,0,BEN-CUST_MONISHA_001-TRUSTED,Trusted Household Vendor,9,0,1,11,0,0,0,None,Resolved Genuine,Standard Habitual Purchase,0
TXN-CUST_MONISHA_001-11470,2026-09-22 13:57:14,2026-09-22,13:57:14,13,1,0,0,CUST_MONISHA_001,420,Chennai,Tamil Nadu,Low Risk / 3% Fraud Rate,M024,LinkWave Telecom,Telecom Retail,Fiber Broadband & Postpaid Plans,Erode,Perundurai Road,Tamil Nadu,638011,11.341,77.7172,10,1950.0,09:30-20:30,"UPI,CARD,ONLINE,POS",SIM swap bill recharge surges,0.017,42,1486.65,INR,PURCHASE,UPI,MOBILE_APP,1,0,Chennai,7.0,0,0,1,DEV-MONISHA-IPHONE-15,mobile_ios,0,BEN-CUST_MONISHA_001-TRUSTED,Trusted Household Vendor,14,1,3,20,0,0,0,None,Resolved Genuine,Standard Habitual Purchase,0
TXN-CUST_MONISHA_001-11471,2026-09-22 15:26:26,2026-09-22,15:26:26,15,1,0,0,CUST_MONISHA_001,420,Chennai,Tamil Nadu,Low Risk / 3% Fraud Rate,M026,GreenLeaf Wellness,Health & Wellness,Organic Nutrition & Ayurveda,Trichy,Srirangam,Tamil Nadu,620006,10.8624,78.6947,6,2100.0,08:00-21:00,"POS,UPI,ONLINE,CARD",Subscription card stuffing,0.013,32,1228.45,INR,PURCHASE,POS,MOBILE_APP,1,0,Chennai,5.0,0,0,1,DEV-MONISHA-IPHONE-15,mobile_ios,0,BEN-CUST_MONISHA_001-TRUSTED,Trusted Household Vendor,14,0,2,15,0,0,0,None,Resolved Genuine,Standard Habitual Purchase,0
TXN-CUST_MONISHA_001-11472,2026-09-22 16:53:16,2026-09-22,16:53:16,16,1,0,0,CUST_MONISHA_001,420,Chennai,Tamil Nadu,Low Risk / 3% Fraud Rate,M007,SpiceRoute Kitchen,Restaurant,Fine Dining & Chettinad,Chennai,Adyar,Tamil Nadu,600020,13.0012,80.2565,7,2200.0,11:30-23:30,"POS,UPI,CARD",Cloned card POS terminal replay,0.018,45,2560.08,INR,PURCHASE,CARD,MOBILE_APP,1,0,Chennai,7.0,0,0,1,DEV-MONISHA-IPHONE-15,mobile_ios,0,BEN-CUST_MONISHA_001-TRUSTED,Trusted Household Vendor,7,0,2,10,0,0,0,None,Resolved Genuine,Standard Habitual Purchase,0
TXN-CUST_MONISHA_001-11473,2026-09-22 18:20:18,2026-09-22,18:20:18,18,1,0,0,CUST_MONISHA_001,420,Chennai,Tamil Nadu,Low Risk / 3% Fraud Rate,M006,MedicoCare Pharmacy,Pharmacy,Medicines & Surgical Supplies,Madurai,KK Nagar,Tamil Nadu,625020,9.9252,78.1498,10,1450.0,24_HOURS,"POS,UPI,CARD,ONLINE",Nighttime micro card testing,0.015,37,2367.01,INR,PURCHASE,ONLINE,MOBILE_APP,1,0,Chennai,5.0,0,0,1,DEV-MONISHA-IPHONE-15,mobile_ios,0,BEN-CUST_MONISHA_001-TRUSTED,Trusted Household Vendor,3,1,2,12,0,0,0,None,Resolved Genuine,Standard Habitual Purchase,0
TXN-CUST_MONISHA_001-11474,2026-09-22 19:45:21,2026-09-22,19:45:21,19,1,0,0,CUST_MONISHA_001,420,Chennai,Tamil Nadu,Low Risk / 3% Fraud Rate,M015,HomeSphere Appliances,Home Appliances,"Refrigerators, ACs & Kitchen Tech",Coimbatore,Saibaba Colony,Tamil Nadu,641011,11.0315,76.945,9,27500.0,09:30-21:00,"POS,EMI,CARD,UPI",Carding attacks with immediate in-store pickup,0.038,95,2181.85,INR,PURCHASE,POS,MOBILE_APP,1,0,Chennai,11.0,0,0,1,DEV-MONISHA-IPHONE-15,mobile_ios,0,BEN-CUST_MONISHA_001-TRUSTED,Trusted Household Vendor,6,0,2,15,0,0,0,None,Resolved Genuine,Standard Habitual Purchase,0
TXN-CUST_MONISHA_001-11475,2026-09-22 21:10:04,2026-09-22,21:10:04,21,1,0,0,CUST_MONISHA_001,420,Chennai,Tamil Nadu,Low Risk / 3% Fraud Rate,M020,GameGrid Arena,Gaming,"Esports, Consoles & Virtual Credits",Bengaluru,Koramangala,Karnataka,560095,12.9352,77.6245,4,3400.0,10:00-01:00,"ONLINE,UPI,CARD,WALLET",Virtual item laundering & bot-driven micro transactions,0.055,137,1453.53,INR,PURCHASE,WALLET,MOBILE_APP,0,0,Chennai,12.0,0,0,1,DEV-MONISHA-IPHONE-15,mobile_ios,0,BEN-CUST_MONISHA_001-TRUSTED,Trusted Household Vendor,12,0,4,23,0,0,0,None,Resolved Genuine,Standard Habitual Purchase,0
TXN-CUST_MONISHA_001-11476,2026-09-22 22:36:43,2026-09-22,22:36:43,22,1,0,0,CUST_MONISHA_001,420,Chennai,Tamil Nadu,Low Risk / 3% Fraud Rate,M016,MotoCare Garage,Auto Service,Car Service & Detailing Hub,Chennai,Pallikaranai,Tamil Nadu,600100,12.9372,80.2014,7,8900.0,08:30-20:30,"POS,UPI,CARD",Over-invoicing / synthetic card payments,0.021,52,2955.9,INR,PURCHASE,UPI,MOBILE_APP,1,0,Chennai,1.0,0,0,1,DEV-MONISHA-IPHONE-15,mobile_ios,0,BEN-CUST_MONISHA_001-TRUSTED,Trusted Household Vendor,8,0,3,16,0,0,0,None,Resolved Genuine,Standard Habitual Purchase,0
TXN-CUST_MONISHA_001-11477,2026-09-23 00:02:54,2026-09-23,00:02:54,0,2,0,1,CUST_MONISHA_001,420,Chennai,Tamil Nadu,Low Risk / 3% Fraud Rate,M024,LinkWave Telecom,Telecom Retail,Fiber Broadband & Postpaid Plans,Erode,Perundurai Road,Tamil Nadu,638011,11.341,77.7172,10,1950.0,09:30-20:30,"UPI,CARD,ONLINE,POS",SIM swap bill recharge surges,0.017,42,1947.6,INR,PURCHASE,POS,MOBILE_APP,1,0,Chennai,9.0,0,0,1,DEV-MONISHA-IPHONE-15,mobile_ios,0,BEN-CUST_MONISHA_001-TRUSTED,Trusted Household Vendor,7,0,4,18,0,0,0,None,Resolved Genuine,Standard Habitual Purchase,0
TXN-CUST_MONISHA_001-11478,2026-09-23 01:30:16,2026-09-23,01:30:16,1,2,0,1,CUST_MONISHA_001,420,Chennai,Tamil Nadu,Low Risk / 3% Fraud Rate,M019,ArenaSport World,Sports Retail,Fitness Equipment & Sports Wear,Chennai,Nungambakkam,Tamil Nadu,600034,13.0604,80.2405,6,5600.0,10:00-21:30,"POS,ONLINE,UPI,CARD",Stolen card chargeback on premium sports gear,0.026,65,3044.47,INR,PURCHASE,ONLINE,MOBILE_APP,1,0,Chennai,11.0,0,0,1,DEV-MONISHA-IPHONE-15,mobile_ios,0,BEN-CUST_MONISHA_001-TRUSTED,Trusted Household Vendor,4,0,3,22,0,0,0,None,Resolved Genuine,Standard Habitual Purchase,0
TXN-CUST_MONISHA_001-11479,2026-09-23 02:55:52,2026-09-23,02:55:52,2,2,0,1,CUST_MONISHA_001,420,Chennai,Tamil Nadu,Low Risk / 3% Fraud Rate,M010,HarborView Residency,Hotel / Hospitality,Business & Luxury Hotel,Chennai,OMR,Tamil Nadu,600096,12.9165,80.2285,6,9500.0,24_HOURS,"ONLINE,POS,CARD,TRANSFER",Online travel booking fraud with stolen corporate credentials,0.041,102,2537.01,INR,PURCHASE,POS,MOBILE_APP,1,0,Chennai,8.0,0,0,1,DEV-MONISHA-IPHONE-15,mobile_ios,0,BEN-CUST_MONISHA_001-TRUSTED,Trusted Household Vendor,5,0,1,11,0,0,0,None,Resolved Genuine,Standard Habitual Purchase,0
TXN-CUST_MONISHA_001-11480,2026-09-23 04:22:40,2026-09-23,04:22:40,4,2,0,1,CUST_MONISHA_001,420,Chennai,Tamil Nadu,Low Risk / 3% Fraud Rate,M014,OakLine Furnishings,Furniture,Teak Wood & Modern Home Decor,Madurai,Bypass Road,Tamil Nadu,625016,9.932,78.109,12,38000.0,10:00-21:00,"POS,CARD,TRANSFER,EMI",Invoice redirection fraud / fake payment slips,0.029,72,3110.23,INR,PURCHASE,EMI,MOBILE_APP,1,0,Chennai,1.0,0,0,1,DEV-MONISHA-IPHONE-15,mobile_ios,0,BEN-CUST_MONISHA_001-TRUSTED,Trusted Household Vendor,11,0,3,17,0,0,0,None,Resolved Genuine,Standard Habitual Purchase,0
TXN-CUST_MONISHA_001-11481,2026-09-23 05:48:19,2026-09-23,05:48:19,5,2,0,1,CUST_MONISHA_001,420,Chennai,Tamil Nadu,Low Risk / 3% Fraud Rate,M018,PageTurn Book House,Bookstore,"Academic, Fiction & Stationery",Trichy,Thillai Nagar,Tamil Nadu,620018,10.8282,78.6854,16,850.0,09:00-21:30,"POS,UPI,CARD,ONLINE",Low-value card testing bots,0.008,20,1088.17,INR,PURCHASE,ONLINE,MOBILE_APP,1,0,Chennai,10.0,0,0,1,DEV-MONISHA-IPHONE-15,mobile_ios,0,BEN-CUST_MONISHA_001-TRUSTED,Trusted Household Vendor,4,0,1,9,0,0,0,None,Resolved Genuine,Standard Habitual Purchase,0
TXN-CUST_MONISHA_001-11482,2026-09-23 07:12:59,2026-09-23,07:12:59,7,2,0,0,CUST_MONISHA_001,420,Chennai,Tamil Nadu,Low Risk / 3% Fraud Rate,M004,Aurelia Gold House,Jewellery,Gold & Diamond Jewellery,Coimbatore,RS Puram,Tamil Nadu,641002,11.0089,76.9514,14,78000.0,10:00-20:30,"POS,CARD,TRANSFER",Account takeover / card-not-present luxury surge,0.065,162,2115.54,INR,PURCHASE,CARD,MOBILE_APP,1,0,Chennai,3.0,0,0,1,DEV-MONISHA-IPHONE-15,mobile_ios,0,BEN-CUST_MONISHA_001-TRUSTED,Trusted Household Vendor,11,0,4,23,0,0,0,None,Resolved Genuine,Standard Habitual Purchase,0
TXN-CUST_MONISHA_001-11483,2026-09-23 08:40:53,2026-09-23,08:40:53,8,2,0,0,CUST_MONISHA_001,420,Chennai,Tamil Nadu,Low Risk / 3% Fraud Rate,M014,OakLine Furnishings,Furniture,Teak Wood & Modern Home Decor,Madurai,Bypass Road,Tamil Nadu,625016,9.932,78.109,12,38000.0,10:00-21:00,"POS,CARD,TRANSFER,EMI",Invoice redirection fraud / fake payment slips,0.029,72,2887.07,INR,PURCHASE,POS,MOBILE_APP,1,0,Chennai,5.0,0,0,1,DEV-MONISHA-IPHONE-15,mobile_ios,0,BEN-CUST_MONISHA_001-TRUSTED,Trusted Household Vendor,13,0,3,19,0,0,0,None,Resolved Genuine,Standard Habitual Purchase,0
TXN-CUST_MONISHA_001-11484,2026-09-23 10:07:18,2026-09-23,10:07:18,10,2,0,0,CUST_MONISHA_001,420,Chennai,Tamil Nadu,Low Risk / 3% Fraud Rate,M018,PageTurn Book House,Bookstore,"Academic, Fiction & Stationery",Trichy,Thillai Nagar,Tamil Nadu,620018,10.8282,78.6854,16,850.0,09:00-21:30,"POS,UPI,CARD,ONLINE",Low-value card testing bots,0.008,20,1697.69,INR,PURCHASE,ONLINE,MOBILE_APP,1,0,Chennai,14.0,0,0,1,DEV-MONISHA-IPHONE-15,mobile_ios,0,BEN-CUST_MONISHA_001-TRUSTED,Trusted Household Vendor,7,0,4,20,0,0,0,None,Resolved Genuine,Standard Habitual Purchase,0
TXN-CUST_MONISHA_001-11485,2026-09-23 11:36:15,2026-09-23,11:36:15,11,2,0,0,CUST_MONISHA_001,420,Chennai,Tamil Nadu,Low Risk / 3% Fraud Rate,M006,MedicoCare Pharmacy,Pharmacy,Medicines & Surgical Supplies,Madurai,KK Nagar,Tamil Nadu,625020,9.9252,78.1498,10,1450.0,24_HOURS,"POS,UPI,CARD,ONLINE",Nighttime micro card testing,0.015,37,1716.13,INR,PURCHASE,ONLINE,MOBILE_APP,1,0,Chennai,1.0,0,0,1,DEV-MONISHA-IPHONE-15,mobile_ios,0,BEN-CUST_MONISHA_001-TRUSTED,Trusted Household Vendor,15,0,3,16,0,0,0,None,Resolved Genuine,Standard Habitual Purchase,0
TXN-CUST_MONISHA_001-11486,2026-09-23 13:03:45,2026-09-23,13:03:45,13,2,0,0,CUST_MONISHA_001,420,Chennai,Tamil Nadu,Low Risk / 3% Fraud Rate,M004,Aurelia Gold House,Jewellery,Gold & Diamond Jewellery,Coimbatore,RS Puram,Tamil Nadu,641002,11.0089,76.9514,14,78000.0,10:00-20:30,"POS,CARD,TRANSFER",Account takeover / card-not-present luxury surge,0.065,162,1677.05,INR,PURCHASE,POS,MOBILE_APP,1,0,Chennai,11.0,0,0,1,DEV-MONISHA-IPHONE-15,mobile_ios,0,BEN-CUST_MONISHA_001-TRUSTED,Trusted Household Vendor,9,0,4,18,0,0,0,None,Resolved Genuine,Standard Habitual Purchase,0
TXN-CUST_MONISHA_001-11487,2026-09-23 14:30:52,2026-09-23,14:30:52,14,2,0,0,CUST_MONISHA_001,420,Chennai,Tamil Nadu,Low Risk / 3% Fraud Rate,M005,UrbanThread Studio,Fashion / Apparel,Designer & Ready-to-wear,Chennai,Anna Nagar,Tamil Nadu,600040,13.085,80.2101,5,4800.0,10:30-22:00,"POS,ONLINE,UPI,CARD",Refund abuse / credential stuffing,0.022,55,2206.71,INR,PURCHASE,UPI,MOBILE_APP,1,0,Chennai,9.0,0,0,1,DEV-MONISHA-IPHONE-15,mobile_ios,0,BEN-CUST_MONISHA_001-TRUSTED,Trusted Household Vendor,3,0,4,21,0,0,0,None,Resolved Genuine,Standard Habitual Purchase,0
TXN-CUST_MONISHA_001-11488,2026-09-23 15:55:16,2026-09-23,15:55:16,15,2,0,0,CUST_MONISHA_001,420,Chennai,Tamil Nadu,Low Risk / 3% Fraud Rate,M021,GlowCraft Salon,Salon / Beauty,Spa & Grooming Studio,Chennai,Porur,Tamil Nadu,600116,13.0382,80.1565,5,2800.0,09:00-21:00,"POS,UPI,CARD",Unusual late-night transaction spikes,0.011,27,1884.28,INR,PURCHASE,CARD,MOBILE_APP,1,0,Chennai,2.0,0,0,1,DEV-MONISHA-IPHONE-15,mobile_ios,0,BEN-CUST_MONISHA_001-TRUSTED,Trusted Household Vendor,14,0,1,12,0,0,0,None,Resolved Genuine,Standard Habitual Purchase,0
TXN-CUST_MONISHA_001-11489,2026-09-23 17:21:58,2026-09-23,17:21:58,17,2,0,0,CUST_MONISHA_001,420,Chennai,Tamil Nadu,Low Risk / 3% Fraud Rate,M028,CraftCove Home Decor,Home Decor,Handicrafts & Art Pieces,Thanjavur,Medical College Road,Tamil Nadu,613004,10.7684,79.1245,8,7400.0,09:30-20:30,"POS,UPI,CARD,ONLINE",Cross-border tourist chargebacks,0.023,57,1231.69,INR,PURCHASE,UPI,MOBILE_APP,1,0,Chennai,15.0,0,0,1,DEV-MONISHA-IPHONE-15,mobile_ios,0,BEN-CUST_MONISHA_001-TRUSTED,Trusted Household Vendor,14,1,3,16,0,0,0,None,Resolved Genuine,Standard Habitual Purchase,0
TXN-CUST_MONISHA_001-11490,2026-09-23 18:48:12,2026-09-23,18:48:12,18,2,0,0,CUST_MONISHA_001,420,Chennai,Tamil Nadu,Low Risk / 3% Fraud Rate,M023,SwiftBox Logistics,Courier / Logistics,Express Parcel & Freight Delivery,Tiruppur,Avinashi Road,Tamil Nadu,641603,11.1085,77.3411,9,4200.0,08:00-21:00,"POS,UPI,CARD,ONLINE",Interception fraud / address redirection,0.02,50,2936.04,INR,PURCHASE,UPI,MOBILE_APP,1,0,Chennai,6.0,0,0,1,DEV-MONISHA-IPHONE-15,mobile_ios,0,BEN-CUST_MONISHA_001-TRUSTED,Trusted Household Vendor,3,1,1,13,0,0,0,None,Resolved Genuine,Standard Habitual Purchase,0
TXN-CUST_MONISHA_001-11491,2026-09-23 20:14:22,2026-09-23,20:14:22,20,2,0,0,CUST_MONISHA_001,420,Chennai,Tamil Nadu,Low Risk / 3% Fraud Rate,M022,SkillSpring Academy,Education / Training,Professional Certifications & Tech Bootcamps,Chennai,Mylapore,Tamil Nadu,600004,13.0368,80.2676,8,22000.0,08:30-19:30,"ONLINE,NETBANKING,CARD,UPI",Stolen corporate card enrollments,0.028,70,2191.6,INR,PURCHASE,ONLINE,MOBILE_APP,0,0,Chennai,4.0,0,0,1,DEV-MONISHA-IPHONE-15,mobile_ios,0,BEN-CUST_MONISHA_001-TRUSTED,Trusted Household Vendor,11,0,4,23,0,0,0,None,Resolved Genuine,Standard Habitual Purchase,0
TXN-CUST_MONISHA_001-11492,2026-09-23 21:43:00,2026-09-23,21:43:00,21,2,0,0,CUST_MONISHA_001,420,Chennai,Tamil Nadu,Low Risk / 3% Fraud Rate,M006,MedicoCare Pharmacy,Pharmacy,Medicines & Surgical Supplies,Madurai,KK Nagar,Tamil Nadu,625020,9.9252,78.1498,10,1450.0,24_HOURS,"POS,UPI,CARD,ONLINE",Nighttime micro card testing,0.015,37,1352.98,INR,PURCHASE,POS,MOBILE_APP,1,0,Chennai,12.0,0,0,1,DEV-MONISHA-IPHONE-15,mobile_ios,0,BEN-CUST_MONISHA_001-TRUSTED,Trusted Household Vendor,14,0,1,12,0,0,0,None,Resolved Genuine,Standard Habitual Purchase,0
TXN-CUST_MONISHA_001-11493,2026-09-23 23:11:36,2026-09-23,23:11:36,23,2,0,1,CUST_MONISHA_001,420,Chennai,Tamil Nadu,Low Risk / 3% Fraud Rate,M016,MotoCare Garage,Auto Service,Car Service & Detailing Hub,Chennai,Pallikaranai,Tamil Nadu,600100,12.9372,80.2014,7,8900.0,08:30-20:30,"POS,UPI,CARD",Over-invoicing / synthetic card payments,0.021,52,2797.48,INR,PURCHASE,CARD,MOBILE_APP,1,0,Chennai,2.0,0,0,1,DEV-MONISHA-IPHONE-15,mobile_ios,0,BEN-CUST_MONISHA_001-TRUSTED,Trusted Household Vendor,14,0,3,15,0,0,0,None,Resolved Genuine,Standard Habitual Purchase,0
TXN-CUST_MONISHA_001-11494,2026-09-24 00:39:17,2026-09-24,00:39:17,0,3,0,1,CUST_MONISHA_001,420,Chennai,Tamil Nadu,Low Risk / 3% Fraud Rate,M020,GameGrid Arena,Gaming,"Esports, Consoles & Virtual Credits",Bengaluru,Koramangala,Karnataka,560095,12.9352,77.6245,4,3400.0,10:00-01:00,"ONLINE,UPI,CARD,WALLET",Virtual item laundering & bot-driven micro transactions,0.055,137,2294.19,INR,PURCHASE,ONLINE,MOBILE_APP,0,0,Chennai,9.0,0,0,1,DEV-MONISHA-IPHONE-15,mobile_ios,0,BEN-CUST_MONISHA_001-TRUSTED,Trusted Household Vendor,10,0,4,22,0,0,0,None,Resolved Genuine,Standard Habitual Purchase,0
TXN-CUST_MONISHA_001-11495,2026-09-24 02:07:34,2026-09-24,02:07:34,2,3,0,1,CUST_MONISHA_001,420,Chennai,Tamil Nadu,Low Risk / 3% Fraud Rate,M027,BrickHarbor Realty,Real Estate / Property Services,Rental Escrow & Facility Management,Chennai,Porur,Tamil Nadu,600116,13.035,80.16,11,65000.0,09:00-19:00,"TRANSFER,NETBANKING,CARD",Security deposit phishing / escrow hijacking,0.039,97,2704.22,INR,PURCHASE,CARD,MOBILE_APP,0,0,Chennai,13.0,0,0,1,DEV-MONISHA-IPHONE-15,mobile_ios,0,BEN-CUST_MONISHA_001-TRUSTED,Trusted Household Vendor,14,1,4,25,0,0,0,None,Resolved Genuine,Standard Habitual Purchase,0
TXN-CUST_MONISHA_001-11496,2026-09-24 03:33:32,2026-09-24,03:33:32,3,3,0,1,CUST_MONISHA_001,420,Chennai,Tamil Nadu,Low Risk / 3% Fraud Rate,M004,Aurelia Gold House,Jewellery,Gold & Diamond Jewellery,Coimbatore,RS Puram,Tamil Nadu,641002,11.0089,76.9514,14,78000.0,10:00-20:30,"POS,CARD,TRANSFER",Account takeover / card-not-present luxury surge,0.065,162,1022.48,INR,PURCHASE,POS,MOBILE_APP,1,0,Chennai,14.0,0,0,1,DEV-MONISHA-IPHONE-15,mobile_ios,0,BEN-CUST_MONISHA_001-TRUSTED,Trusted Household Vendor,14,0,1,11,0,0,0,None,Resolved Genuine,Standard Habitual Purchase,0
TXN-CUST_MONISHA_001-11497,2026-09-24 04:59:25,2026-09-24,04:59:25,4,3,0,1,CUST_MONISHA_001,420,Chennai,Tamil Nadu,Low Risk / 3% Fraud Rate,M011,SkyTrail Travels,Travel Agency,Flight & International Tour Packages,Coimbatore,Gandhipuram,Tamil Nadu,641012,11.0183,76.9664,11,44000.0,09:00-20:00,"ONLINE,TRANSFER,CARD",Mule-account ticket arbitrage & fast cancellation fraud,0.052,130,1112.16,INR,PURCHASE,ONLINE,MOBILE_APP,0,0,Chennai,4.0,0,0,1,DEV-MONISHA-IPHONE-15,mobile_ios,0,BEN-CUST_MONISHA_001-TRUSTED,Trusted Household Vendor,7,0,2,15,0,0,0,None,Resolved Genuine,Standard Habitual Purchase,0
TXN-CUST_MONISHA_001-11498,2026-09-24 06:26:40,2026-09-24,06:26:40,6,3,0,0,CUST_MONISHA_001,420,Chennai,Tamil Nadu,Low Risk / 3% Fraud Rate,M003,Pulse Mobile Hub,Mobile Store,Smartphones & Accessories,Chennai,Tambaram,Tamil Nadu,600045,12.9249,80.1278,4,18500.0,09:30-21:30,"POS,UPI,CARD",New device abuse / rapid checkout surge,0.035,87,1852.29,INR,PURCHASE,UPI,MOBILE_APP,1,0,Chennai,12.0,0,0,1,DEV-MONISHA-IPHONE-15,mobile_ios,0,BEN-CUST_MONISHA_001-TRUSTED,Trusted Household Vendor,15,0,2,15,0,0,0,None,Resolved Genuine,Standard Habitual Purchase,0
TXN-CUST_MONISHA_001-11499,2026-09-24 07:51:50,2026-09-24,07:51:50,7,3,0,0,CUST_MONISHA_001,420,Chennai,Tamil Nadu,Low Risk / 3% Fraud Rate,M015,HomeSphere Appliances,Home Appliances,"Refrigerators, ACs & Kitchen Tech",Coimbatore,Saibaba Colony,Tamil Nadu,641011,11.0315,76.945,9,27500.0,09:30-21:00,"POS,EMI,CARD,UPI",Carding attacks with immediate in-store pickup,0.038,95,1553.75,INR,PURCHASE,POS,MOBILE_APP,1,0,Chennai,8.0,0,0,1,DEV-MONISHA-IPHONE-15,mobile_ios,0,BEN-CUST_MONISHA_001-TRUSTED,Trusted Household Vendor,12,0,3,16,0,0,0,None,Resolved Genuine,Standard Habitual Purchase,0
TXN-CUST_MONISHA_001-11500,2026-09-24 09:16:07,2026-09-24,09:16:07,9,3,0,0,CUST_MONISHA_001,420,Chennai,Tamil Nadu,Low Risk / 3% Fraud Rate,M010,HarborView Residency,Hotel / Hospitality,Business & Luxury Hotel,Chennai,OMR,Tamil Nadu,600096,12.9165,80.2285,6,9500.0,24_HOURS,"ONLINE,POS,CARD,TRANSFER",Online travel booking fraud with stolen corporate credentials,0.041,102,840.7,INR,PURCHASE,CARD,MOBILE_APP,1,0,Chennai,15.0,0,0,1,DEV-MONISHA-IPHONE-15,mobile_ios,0,BEN-CUST_MONISHA_001-TRUSTED,Trusted Household Vendor,14,0,3,18,0,0,0,None,Resolved Genuine,Standard Habitual Purchase,0
