Transaction_ID,Customer_ID,Transaction_Number,Amount,Transaction_Type,Transaction_Hour,Location,Usual_Location,Device_Type,New_Device,Account_Age_Days,Previous_Transaction_Amount,Average_Previous_Amount,Amount_Deviation,Amount_Ratio,Transactions_Last_24H,Failed_Attempts,International_Transaction,Unusual_Location,Fraud_Probability,Fraud_Label,Risk_Score,Risk_Level
TXN100001,CUST001,1,6346.5,Transfer,17,Pune,Pune,Mac,0,743,0.0,9613.55,-3267.05,0.66,1,0,0,0,0.0027,0,0,Low
TXN100002,CUST001,2,7663.76,Purchase,16,Pune,Pune,Mac,0,743,6346.5,6346.5,1317.26,1.21,1,0,0,0,0.0039,0,0,Low
TXN100003,CUST001,3,10657.08,Transfer,10,Pune,Pune,Mac,0,743,7663.76,7005.13,3651.95,1.52,3,0,0,0,0.0038,0,0,Low
TXN100004,CUST001,4,14815.5,ATM Withdrawal,8,Pune,Pune,Mac,0,743,10657.08,8222.45,6593.06,1.8,2,0,0,0,0.0035,0,0,Low
TXN100005,CUST001,5,7626.3,Online Payment,21,Pune,Pune,Mac,0,743,14815.5,9870.71,-2244.41,0.77,2,0,0,0,0.014,0,1,Low
TXN100006,CUST001,6,10075.01,Online Payment,11,Pune,Pune,Mac,0,743,7626.3,9421.83,653.18,1.07,4,0,0,0,0.0094,0,1,Low
TXN100007,CUST001,7,6342.9,Transfer,11,Pune,Pune,Mac,0,743,10075.01,9530.69,-3187.8,0.67,3,0,0,0,0.0042,0,0,Low
TXN100008,CUST001,8,5052.96,Online Payment,7,Pune,Pune,Mac,0,743,6342.9,9075.29,-4022.33,0.56,2,0,0,0,0.0075,0,1,Low
TXN100009,CUST001,9,7008.15,Purchase,21,Pune,Pune,Mac,0,743,5052.96,8572.5,-1564.35,0.82,3,0,0,0,0.0038,0,0,Low
TXN100010,CUST001,10,5345.59,Bill Payment,15,Pune,Pune,Mac,0,743,7008.15,8398.68,-3053.1,0.64,3,1,0,0,0.0061,0,1,Low
TXN100011,CUST001,11,8900.07,Online Payment,22,Hassan,Pune,Mac,0,743,5345.59,8093.37,806.69,1.1,3,0,0,1,0.0572,0,6,Low
TXN100012,CUST001,12,8554.75,Bill Payment,21,Pune,Pune,Mac,0,743,8900.07,8348.73,206.02,1.02,1,1,0,0,0.0046,0,0,Low
TXN100013,CUST001,13,23999.6,Purchase,22,Pune,Pune,Mac,0,743,8554.75,8437.83,15561.77,2.84,1,0,0,0,0.0105,0,1,Low
TXN100014,CUST001,14,9806.88,Bill Payment,9,Pune,Pune,Mac,0,743,23999.6,9772.08,34.8,1.0,2,0,0,0,0.0115,0,1,Low
TXN100015,CUST001,15,4750.84,ATM Withdrawal,10,Chennai,Pune,Mac,0,743,9806.88,9271.22,-4520.38,0.51,1,2,0,1,0.0372,0,4,Low
TXN100016,CUST001,16,5985.08,Purchase,13,Pune,Pune,Mac,0,743,4750.84,8983.67,-2998.6,0.67,2,0,0,0,0.0335,0,3,Low
TXN100017,CUST001,17,3704.67,Online Payment,12,Pune,Pune,Mac,0,743,5985.08,8574.68,-4870.01,0.43,1,0,0,0,0.0516,0,5,Low
TXN100018,CUST001,18,8196.8,Purchase,16,Pune,Pune,Mac,0,743,3704.67,8310.86,-114.06,0.99,2,0,0,0,0.007,0,1,Low
TXN100019,CUST001,19,10635.56,ATM Withdrawal,8,Pune,Pune,Mac,0,743,8196.8,8625.24,2010.32,1.23,4,0,0,0,0.0311,0,3,Low
TXN100020,CUST001,20,4665.09,Transfer,13,Pune,Pune,Mac,0,743,10635.56,8987.98,-4322.9,0.52,1,1,0,0,0.0148,0,1,Low
TXN100021,CUST001,21,7950.72,ATM Withdrawal,22,Pune,Pune,Mac,0,743,4665.09,8919.93,-969.21,0.89,1,0,0,0,0.0015,0,0,Low
TXN100022,CUST001,22,11898.01,Transfer,16,Pune,Pune,Mac,0,743,7950.72,8825.0,3073.01,1.35,1,0,0,0,0.0078,0,1,Low
TXN100023,CUST001,23,12788.93,Purchase,11,Hassan,Pune,Mac,0,743,11898.01,9159.32,3629.61,1.4,5,0,0,1,0.0697,0,7,Low
TXN100024,CUST001,24,15458.78,Bill Payment,8,Pune,Pune,Mac,0,743,12788.93,8038.26,7420.53,1.92,3,0,0,0,0.0052,0,1,Low
TXN100025,CUST001,25,6291.31,ATM Withdrawal,10,Pune,Pune,Mac,0,743,15458.78,8603.45,-2312.13,0.73,3,0,0,0,0.023,0,2,Low
TXN100026,CUST001,26,12214.28,Purchase,21,Pune,Pune,Mac,0,743,6291.31,8757.5,3456.78,1.39,3,1,0,0,0.0097,0,1,Low
TXN100027,CUST001,27,4831.35,Online Payment,11,Pune,Pune,Mac,0,743,12214.28,9380.42,-4549.07,0.52,5,0,0,0,0.0281,0,3,Low
TXN100028,CUST001,28,27274.15,Purchase,8,Pune,Pune,Mac,0,743,4831.35,9493.08,17781.06,2.87,1,0,0,0,0.0081,0,1,Low
TXN100029,CUST001,29,3837.71,Bill Payment,13,Pune,Pune,iPhone,1,743,27274.15,11400.82,-7563.11,0.34,4,3,0,0,0.0824,0,8,Low
TXN100030,CUST001,30,10925.27,Purchase,21,Pune,Pune,Mac,0,743,3837.71,10721.03,204.24,1.02,3,0,1,0,0.005,0,0,Low
TXN100031,CUST001,31,7988.47,Bill Payment,10,Pune,Pune,Mac,0,743,10925.27,11347.05,-3358.58,0.7,3,0,0,0,0.0077,0,1,Low
TXN100032,CUST001,32,5397.24,Bill Payment,16,Pune,Pune,Mac,0,743,7988.47,11350.83,-5953.59,0.48,4,0,1,0,0.0165,0,2,Low
TXN100033,CUST002,1,3535.67,ATM Withdrawal,22,Mangalore,Mangalore,iPhone,0,668,0.0,2855.57,680.1,1.24,2,0,0,0,0.0066,0,1,Low
TXN100034,CUST002,2,11015.57,Transfer,8,Mangalore,Mangalore,iPhone,0,668,3535.67,3535.67,7479.9,3.12,1,0,0,0,0.0222,0,2,Low
TXN100035,CUST002,3,1381.23,Transfer,13,Mangalore,Mangalore,iPhone,0,668,11015.57,7275.62,-5894.39,0.19,0,0,0,0,0.0166,0,2,Low
TXN100036,CUST002,4,4270.51,ATM Withdrawal,15,Mangalore,Mangalore,iPhone,0,668,1381.23,5310.82,-1040.31,0.8,4,0,0,0,0.0087,0,1,Low
TXN100037,CUST002,5,1641.77,Purchase,14,Mangalore,Mangalore,iPhone,0,668,4270.51,5050.74,-3408.98,0.33,1,0,0,0,0.0103,0,1,Low
TXN100038,CUST002,6,2295.91,Bill Payment,11,Mangalore,Mangalore,iPhone,0,668,1641.77,4368.95,-2073.04,0.53,3,0,0,0,0.0012,0,0,Low
TXN100039,CUST002,7,1035.26,ATM Withdrawal,22,Mangalore,Mangalore,iPhone,0,668,2295.91,4023.44,-2988.18,0.26,2,0,0,0,0.0125,0,1,Low
TXN100040,CUST002,8,6804.15,Bill Payment,20,Hassan,Mangalore,iPhone,0,668,1035.26,3596.56,3207.59,1.89,1,0,0,1,0.0238,0,2,Low
TXN100041,CUST002,9,3831.63,Online Payment,13,Mangalore,Mangalore,iPhone,0,668,6804.15,3997.51,-165.88,0.96,1,0,0,0,0.0017,0,0,Low
TXN100042,CUST002,10,2421.96,ATM Withdrawal,10,Mangalore,Mangalore,iPhone,0,668,3831.63,3979.08,-1557.12,0.61,1,0,0,0,0.0125,0,1,Low
TXN100043,CUST002,11,2338.87,Transfer,14,Mangalore,Mangalore,iPhone,0,668,2421.96,3823.36,-1484.49,0.61,3,0,0,0,0.0078,0,1,Low
TXN100044,CUST002,12,2574.1,Purchase,16,Mangalore,Mangalore,iPhone,0,668,2338.87,3703.68,-1129.58,0.7,3,0,0,0,0.0046,0,0,Low
TXN100045,CUST002,13,3616.54,Bill Payment,22,Mangalore,Mangalore,iPhone,0,668,2574.1,2859.54,757.0,1.26,4,0,0,0,0.0048,0,0,Low
TXN100046,CUST002,14,2167.83,Bill Payment,22,Bangalore,Mangalore,iPhone,0,668,3616.54,3083.07,-915.23,0.7,1,0,0,1,0.0366,0,4,Low
TXN100047,CUST002,15,1899.02,Purchase,22,Mangalore,Mangalore,iPhone,0,668,2167.83,2872.8,-973.78,0.66,3,0,1,0,0.0093,0,1,Low
TXN100048,CUST002,16,4541.49,Bill Payment,1,Mangalore,Mangalore,iPhone,0,668,1899.02,2898.53,1642.96,1.57,0,0,0,0,0.55,1,55,Medium
TXN100049,CUST002,17,2333.71,ATM Withdrawal,11,Mangalore,Mangalore,iPhone,0,668,4541.49,3123.08,-789.38,0.75,2,0,0,0,0.0031,0,0,Low
TXN100050,CUST002,18,4259.66,Purchase,22,Mangalore,Mangalore,iPhone,0,668,2333.71,3252.93,1006.73,1.31,5,0,0,0,0.008,0,1,Low
TXN100051,CUST002,19,2313.61,Transfer,6,Mangalore,Mangalore,iPhone,0,668,4259.66,2998.48,-684.87,0.77,4,0,0,0,0.0111,0,1,Low
TXN100052,CUST002,20,1213.29,Purchase,18,Mangalore,Mangalore,iPhone,0,668,2313.61,2846.68,-1633.39,0.43,1,1,0,0,0.0107,0,1,Low
TXN100053,CUST002,21,2034.83,Online Payment,19,Mangalore,Mangalore,iPhone,0,668,1213.29,2725.81,-690.98,0.75,3,0,0,0,0.0061,0,1,Low
TXN100054,CUST002,22,1668.48,Online Payment,14,Mangalore,Mangalore,iPhone,0,668,2034.83,2695.41,-1026.93,0.62,0,0,0,0,0.0045,0,0,Low
TXN100055,CUST002,23,5647.62,Transfer,11,Mangalore,Mangalore,iPhone,0,668,1668.48,2604.85,3042.78,2.17,2,0,0,0,0.0081,0,1,Low
TXN100056,CUST002,24,1033.56,Transfer,20,Mangalore,Mangalore,iPhone,0,668,5647.62,2807.95,-1774.39,0.37,3,0,0,0,0.0031,0,0,Low
TXN100057,CUST002,25,3820.38,Transfer,9,Mangalore,Mangalore,iPhone,0,668,1033.56,2694.53,1125.86,1.42,1,0,0,0,0.009,0,1,Low
TXN100058,CUST002,26,6179.85,Purchase,6,Mangalore,Mangalore,iPhone,0,668,3820.38,2886.66,3293.18,2.14,2,1,0,0,0.0114,0,1,Low
TXN100059,CUST002,27,10815.32,Transfer,20,Mangalore,Mangalore,Android,1,668,6179.85,3050.5,7764.82,3.55,3,0,0,0,0.1205,0,12,Low
TXN100060,CUST002,28,3015.08,Transfer,11,Mangalore,Mangalore,iPhone,0,668,10815.32,3898.66,-883.58,0.77,2,0,0,0,0.0096,0,1,Low
TXN100061,CUST002,29,2969.88,Purchase,8,Mangalore,Mangalore,iPhone,0,668,3015.08,3774.2,-804.32,0.79,1,0,0,0,0.0145,0,1,Low
TXN100062,CUST002,30,1758.23,Purchase,21,Mangalore,Mangalore,iPhone,0,668,2969.88,3839.83,-2081.6,0.46,3,0,0,0,0.0161,0,2,Low
TXN100063,CUST002,31,3653.93,Transfer,10,Mangalore,Mangalore,iPhone,0,668,1758.23,3894.32,-240.39,0.94,5,0,0,0,0.0192,0,2,Low
TXN100064,CUST002,32,3410.49,ATM Withdrawal,7,Chennai,Mangalore,iPhone,0,668,3653.93,4056.23,-645.75,0.84,2,1,0,1,0.0104,0,1,Low
TXN100065,CUST002,33,502.54,Bill Payment,18,Hyderabad,Mangalore,iPhone,0,668,3410.49,4230.44,-3727.89,0.12,2,1,0,1,0.0124,0,1,Low
TXN100066,CUST002,34,2922.38,Online Payment,9,Mangalore,Mangalore,iPhone,0,668,502.54,3715.93,-793.55,0.79,3,0,0,0,0.0052,0,1,Low
TXN100067,CUST002,35,3422.42,Transfer,21,Mangalore,Mangalore,iPhone,0,668,2922.38,3904.81,-482.39,0.88,1,0,0,0,0.0125,0,1,Low
TXN100068,CUST002,36,4901.02,Purchase,7,Mangalore,Mangalore,iPhone,0,668,3422.42,3865.01,1036.01,1.27,1,0,0,0,0.0098,0,1,Low
TXN100069,CUST002,37,2832.8,Purchase,22,Mangalore,Mangalore,iPhone,0,668,4901.02,3737.13,-904.33,0.76,7,0,0,0,0.0329,0,3,Low
TXN100070,CUST002,38,2928.09,Purchase,20,Mangalore,Mangalore,iPhone,0,668,2832.8,2938.88,-10.79,1.0,2,0,0,0,0.003,0,0,Low
TXN100071,CUST002,39,10896.77,Online Payment,18,Mangalore,Mangalore,iPhone,0,668,2928.09,2930.18,7966.59,3.72,1,0,0,0,0.0111,0,1,Low
TXN100072,CUST002,40,7263.55,Online Payment,13,Mangalore,Mangalore,iPhone,0,668,10896.77,3722.87,3540.68,1.95,2,0,0,0,0.0088,0,1,Low
TXN100073,CUST002,41,2455.42,Transfer,14,Mangalore,Mangalore,iPhone,0,668,7263.55,4273.4,-1817.98,0.57,1,2,0,0,0.0673,0,7,Low
TXN100074,CUST002,42,5013.59,Purchase,15,Mangalore,Mangalore,iPhone,0,668,2455.42,4153.55,860.04,1.21,3,0,0,0,0.0101,0,1,Low
TXN100075,CUST002,43,3894.89,Purchase,19,Mangalore,Mangalore,iPhone,0,668,5013.59,4313.86,-418.96,0.9,1,0,0,0,0.0342,0,3,Low
TXN100076,CUST002,44,2790.23,ATM Withdrawal,19,Mangalore,Mangalore,Windows,1,668,3894.89,4653.09,-1862.86,0.6,2,0,0,0,0.0222,0,2,Low
TXN100077,CUST002,45,5855.1,Bill Payment,12,Mangalore,Mangalore,iPhone,0,668,2790.23,4639.88,1215.23,1.26,4,0,0,0,0.0104,0,1,Low
TXN100078,CUST002,46,2086.44,Transfer,13,Mumbai,Mangalore,Windows,1,668,5855.1,4883.15,-2796.71,0.43,2,0,0,1,0.0854,0,9,Low
TXN100079,CUST002,47,2181.18,Transfer,14,Mysore,Mangalore,iPhone,0,668,2086.44,4601.69,-2420.51,0.47,1,0,0,1,0.0172,0,2,Low
TXN100080,CUST002,48,973.81,Bill Payment,6,Mangalore,Mangalore,iPhone,0,668,2181.18,4536.53,-3562.72,0.21,2,0,0,0,0.0122,0,1,Low
TXN100081,CUST002,49,2253.28,ATM Withdrawal,21,Mangalore,Mangalore,iPhone,0,668,973.81,4341.1,-2087.82,0.52,2,0,0,0,0.0093,0,1,Low
TXN100082,CUST002,50,1987.19,ATM Withdrawal,6,Mangalore,Mangalore,iPhone,0,668,2253.28,3476.75,-1489.56,0.57,4,0,0,0,0.0047,0,0,Low
TXN100083,CUST002,51,2500.84,Bill Payment,21,Mangalore,Mangalore,iPhone,0,668,1987.19,2949.11,-448.27,0.85,3,0,0,0,0.0088,0,1,Low
TXN100084,CUST002,52,1878.42,Online Payment,12,Mangalore,Mangalore,iPhone,0,668,2500.84,2953.66,-1075.23,0.64,0,0,0,0,0.0206,0,2,Low
TXN100085,CUST002,53,1577.6,Online Payment,19,Mangalore,Mangalore,iPhone,0,668,1878.42,2640.14,-1062.54,0.6,1,0,0,0,0.0205,0,2,Low
TXN100086,CUST003,1,5857.69,Bill Payment,21,Delhi,Delhi,Windows,0,569,0.0,3831.08,2026.61,1.53,3,0,0,0,0.0179,0,2,Low
TXN100087,CUST003,2,5710.53,Transfer,18,Pune,Delhi,Windows,0,569,5857.69,5857.69,-147.17,0.97,0,0,0,1,0.0341,0,3,Low
TXN100088,CUST003,3,3210.92,Bill Payment,19,Delhi,Delhi,Windows,0,569,5710.53,5784.11,-2573.19,0.56,2,1,0,0,0.0065,0,1,Low
TXN100089,CUST003,4,3286.61,Transfer,7,Delhi,Delhi,Windows,0,569,3210.92,4926.38,-1639.77,0.67,0,0,0,0,0.0077,0,1,Low
TXN100090,CUST003,5,9405.14,Bill Payment,20,Delhi,Delhi,Windows,0,569,3286.61,4516.44,4888.7,2.08,2,0,0,0,0.0082,0,1,Low
TXN100091,CUST003,6,5999.73,Bill Payment,12,Delhi,Delhi,Windows,0,569,9405.14,5494.18,505.55,1.09,0,0,0,0,0.0158,0,2,Low
TXN100092,CUST003,7,4116.67,Transfer,22,Delhi,Delhi,Windows,0,569,5999.73,5578.44,-1461.77,0.74,4,0,0,0,0.0031,0,0,Low
TXN100093,CUST003,8,3024.72,Purchase,15,Delhi,Delhi,Windows,0,569,4116.67,5369.61,-2344.9,0.56,2,0,0,0,0.0029,0,0,Low
TXN100094,CUST003,9,6677.16,Purchase,12,Delhi,Delhi,Windows,0,569,3024.72,5076.5,1600.66,1.32,1,0,0,0,0.0067,0,1,Low
TXN100095,CUST003,10,6238.41,Online Payment,8,Hassan,Delhi,Windows,0,569,6677.16,5254.35,984.06,1.19,2,0,0,1,0.0111,0,1,Low
TXN100096,CUST003,11,2471.71,Online Payment,13,Delhi,Delhi,Windows,0,569,6238.41,5352.76,-2881.05,0.46,1,0,0,0,0.0144,0,1,Low
TXN100097,CUST003,12,1180.86,Purchase,21,Chennai,Delhi,Windows,0,569,2471.71,5014.16,-3833.3,0.24,1,1,0,1,0.0492,0,5,Low
TXN100098,CUST003,13,2633.53,Purchase,22,Delhi,Delhi,Windows,0,569,1180.86,4561.19,-1927.66,0.58,2,2,0,0,0.0255,0,3,Low
TXN100099,CUST003,14,10505.18,Purchase,15,Delhi,Delhi,Windows,0,569,2633.53,4503.46,6001.73,2.33,3,0,0,0,0.0138,0,1,Low
TXN100100,CUST003,15,2282.23,Transfer,12,Delhi,Delhi,Windows,0,569,10505.18,5225.31,-2943.08,0.44,3,0,0,0,0.006,0,1,Low
TXN100101,CUST003,16,3554.0,Bill Payment,12,Delhi,Delhi,Windows,0,569,2282.23,4513.02,-959.03,0.79,4,2,0,0,0.0305,0,3,Low
TXN100102,CUST003,17,3324.86,Transfer,6,Delhi,Delhi,Windows,0,569,3554.0,4268.45,-943.59,0.78,4,0,0,0,0.008,0,1,Low
TXN100103,CUST003,18,959.99,Bill Payment,15,Delhi,Delhi,Windows,0,569,3324.86,4189.27,-3229.28,0.23,4,0,0,0,0.0021,0,0,Low
TXN100104,CUST003,19,629.68,Transfer,14,Delhi,Delhi,Windows,0,569,959.99,3982.79,-3353.12,0.16,1,0,0,0,0.0106,0,1,Low
TXN100105,CUST003,20,8305.48,Transfer,20,Delhi,Delhi,Windows,0,569,629.68,3378.05,4927.43,2.46,1,0,0,0,0.0208,0,2,Low
TXN100106,CUST003,21,1130.27,Purchase,14,Delhi,Delhi,Windows,0,569,8305.48,3584.75,-2454.48,0.32,0,2,0,0,0.0313,0,3,Low
TXN100107,CUST003,22,2280.79,ATM Withdrawal,7,Delhi,Delhi,Windows,0,569,1130.27,3450.61,-1169.82,0.66,1,0,0,0,0.0356,0,4,Low
TXN100108,CUST003,23,5521.36,Purchase,17,Delhi,Delhi,Windows,0,569,2280.79,3560.6,1960.76,1.55,1,0,0,0,0.011,0,1,Low
TXN100109,CUST003,24,6950.05,Transfer,21,Delhi,Delhi,Windows,0,569,5521.36,3849.38,3100.67,1.81,2,0,0,0,0.0191,0,2,Low
TXN100110,CUST003,25,3771.05,Online Payment,18,Delhi,Delhi,Windows,0,569,6950.05,3493.87,277.18,1.08,6,0,0,0,0.0053,0,1,Low
TXN100111,CUST003,26,2475.4,Transfer,7,Delhi,Delhi,Windows,0,569,3771.05,3642.75,-1167.35,0.68,1,0,0,0,0.0269,0,3,Low
TXN100112,CUST003,27,3355.17,Purchase,14,Pune,Delhi,Android,1,569,2475.4,3534.89,-179.73,0.95,0,0,0,1,0.0806,0,8,Low
TXN100113,CUST003,28,1382.64,ATM Withdrawal,16,Delhi,Delhi,Windows,0,569,3355.17,3537.92,-2155.29,0.39,2,0,0,0,0.0152,0,2,Low
TXN100114,CUST003,29,4310.27,Purchase,19,Delhi,Delhi,Windows,0,569,1382.64,3580.19,730.08,1.2,2,0,0,0,0.0069,0,1,Low
TXN100115,CUST003,30,2878.17,Transfer,7,Delhi,Delhi,Windows,0,569,4310.27,3948.25,-1070.08,0.73,3,0,0,0,0.0205,0,2,Low
TXN100116,CUST003,31,2605.32,Online Payment,6,Mysore,Delhi,Windows,0,569,2878.17,3405.52,-800.2,0.77,0,1,0,1,0.017,0,2,Low
TXN100117,CUST003,32,4832.7,Transfer,16,Delhi,Delhi,Windows,0,569,2605.32,3553.02,1279.67,1.36,3,0,0,0,0.0036,0,0,Low
TXN100118,CUST003,33,3797.82,Purchase,9,Delhi,Delhi,Windows,0,569,4832.7,3808.21,-10.4,1.0,3,2,0,0,0.0697,0,7,Low
TXN100119,CUST003,34,6779.37,Purchase,14,Mumbai,Delhi,Windows,0,569,3797.82,3635.86,3143.52,1.86,1,0,0,1,0.0216,0,2,Low
TXN100120,CUST003,35,1814.1,Bill Payment,17,Delhi,Delhi,Windows,0,569,6779.37,3618.79,-1804.69,0.5,3,0,0,0,0.0071,0,1,Low
TXN100121,CUST003,36,4003.99,Purchase,10,Delhi,Delhi,Windows,0,569,1814.1,3423.1,580.89,1.17,2,0,0,0,0.0051,0,1,Low
TXN100122,CUST003,37,3389.55,Online Payment,16,Mumbai,Delhi,iPhone,1,569,4003.99,3575.95,-186.4,0.95,2,0,0,1,0.0999,0,10,Low
TXN100123,CUST003,38,2053.44,Purchase,15,Delhi,Delhi,Windows,0,569,3389.55,3579.39,-1525.95,0.57,6,0,0,0,0.014,0,1,Low
TXN100124,CUST003,39,2392.46,Purchase,15,Delhi,Delhi,Windows,0,569,2053.44,3646.47,-1254.01,0.66,4,0,0,0,0.0074,0,1,Low
TXN100125,CUST003,40,2535.82,Purchase,8,Delhi,Delhi,Windows,0,569,2392.46,3454.69,-918.87,0.73,2,0,0,0,0.0071,0,1,Low
TXN100126,CUST003,41,7477.17,Purchase,12,Delhi,Delhi,Windows,0,569,2535.82,3420.46,4056.71,2.19,1,0,0,0,0.0116,0,1,Low
TXN100127,CUST003,42,2019.6,Purchase,12,Delhi,Delhi,Windows,0,569,7477.17,3907.64,-1888.04,0.52,3,0,0,0,0.0109,0,1,Low
TXN100128,CUST003,43,7999.63,Bill Payment,21,Delhi,Delhi,Windows,0,569,2019.6,3626.33,4373.3,2.21,1,0,0,0,0.0248,0,2,Low
TXN100129,CUST003,44,3726.5,Purchase,21,Delhi,Delhi,Windows,0,569,7999.63,4046.51,-320.01,0.92,2,0,0,0,0.0101,0,1,Low
TXN100130,CUST003,45,4341.5,Purchase,8,Delhi,Delhi,Windows,0,569,3726.5,3741.23,600.27,1.16,3,1,0,0,0.0048,0,0,Low
TXN100131,CUST003,46,7214.76,Bill Payment,8,Delhi,Delhi,Windows,0,569,4341.5,3993.97,3220.79,1.81,5,0,0,0,0.0169,0,2,Low
TXN100132,CUST003,47,8762.84,Online Payment,15,Delhi,Delhi,Windows,0,569,7214.76,4315.05,4447.8,2.03,3,0,0,0,0.0132,0,1,Low
TXN100133,CUST003,48,8310.75,Transfer,22,Delhi,Delhi,Windows,0,569,8762.84,4852.37,3458.38,1.71,0,0,0,0,0.0098,0,1,Low
TXN100134,CUST003,49,1340.93,Bill Payment,12,Chennai,Delhi,Windows,0,569,8310.75,5478.11,-4137.17,0.24,3,0,0,1,0.0155,0,2,Low
TXN100135,CUST003,50,3494.67,Purchase,6,Delhi,Delhi,Windows,0,569,1340.93,5372.95,-1878.28,0.65,1,0,0,0,0.0033,0,0,Low
TXN100136,CUST004,1,3673.82,Purchase,15,Pune,Pune,Mac,0,2252,0.0,3218.36,455.47,1.14,5,0,0,0,0.0313,0,3,Low
TXN100137,CUST004,2,1666.34,Purchase,19,Pune,Pune,Mac,0,2252,3673.82,3673.82,-2007.49,0.45,3,0,0,0,0.0033,0,0,Low
TXN100138,CUST004,3,2281.53,Bill Payment,22,Pune,Pune,Mac,0,2252,1666.34,2670.08,-388.55,0.85,5,0,0,0,0.0068,0,1,Low
TXN100139,CUST004,4,4473.41,Purchase,19,Pune,Pune,Mac,0,2252,2281.53,2540.56,1932.85,1.76,3,0,0,0,0.0145,0,1,Low
TXN100140,CUST004,5,4843.26,Purchase,21,Pune,Pune,Mac,0,2252,4473.41,3023.77,1819.49,1.6,3,0,0,0,0.0054,0,1,Low
TXN100141,CUST004,6,1772.39,Purchase,13,Pune,Pune,Mac,0,2252,4843.26,3387.67,-1615.28,0.52,3,0,0,0,0.0243,0,2,Low
TXN100142,CUST004,7,8326.16,ATM Withdrawal,21,Pune,Pune,Mac,0,2252,1772.39,3118.46,5207.7,2.67,0,0,0,0,0.0096,0,1,Low
TXN100143,CUST004,8,1095.22,Purchase,13,Chennai,Pune,Mac,0,2252,8326.16,3862.42,-2767.2,0.28,0,0,0,1,0.0067,0,1,Low
TXN100144,CUST004,9,3136.36,Purchase,15,Pune,Pune,iPhone,1,2252,1095.22,3516.52,-380.16,0.89,2,0,0,0,0.0359,0,4,Low
TXN100145,CUST004,10,3203.5,Purchase,18,Pune,Pune,Mac,0,2252,3136.36,3474.28,-270.77,0.92,4,0,0,0,0.0134,0,1,Low
TXN100146,CUST004,11,8864.92,Transfer,14,Pune,Pune,Mac,0,2252,3203.5,3447.2,5417.72,2.57,4,0,0,0,0.019,0,2,Low
TXN100147,CUST004,12,3241.42,Purchase,12,Pune,Pune,Mac,0,2252,8864.92,3966.31,-724.89,0.82,2,0,0,0,0.004,0,0,Low
TXN100148,CUST004,13,4981.57,Purchase,11,Pune,Pune,Mac,0,2252,3241.42,4123.82,857.76,1.21,0,0,1,0,0.0348,0,3,Low
TXN100149,CUST004,14,6262.22,Purchase,16,Pune,Pune,Mac,0,2252,4981.57,4393.82,1868.4,1.43,1,0,0,0,0.0064,0,1,Low
TXN100150,CUST004,15,1611.18,ATM Withdrawal,9,Pune,Pune,Mac,0,2252,6262.22,4572.7,-2961.53,0.35,2,0,0,0,0.013,0,1,Low
TXN100151,CUST004,16,1612.13,ATM Withdrawal,18,Pune,Pune,Mac,0,2252,1611.18,4249.49,-2637.36,0.38,3,0,0,0,0.002,0,0,Low
TXN100152,CUST004,17,1599.42,Purchase,9,Pune,Pune,Mac,0,2252,1612.13,4233.47,-2634.05,0.38,3,1,0,0,0.0083,0,1,Low
TXN100153,CUST004,18,483.22,Purchase,22,Mysore,Pune,Android,1,2252,1599.42,3560.79,-3077.57,0.14,3,0,0,1,0.0352,0,4,Low
TXN100154,CUST004,19,2203.06,Purchase,20,Pune,Pune,Mac,0,2252,483.22,3499.59,-1296.54,0.63,2,0,0,0,0.0047,0,0,Low
TXN100155,CUST004,20,2072.27,Online Payment,9,Pune,Pune,Mac,0,2252,2203.06,3406.26,-1334.0,0.61,3,2,0,0,0.0076,0,1,Low
TXN100156,CUST004,21,3774.86,Bill Payment,11,Pune,Pune,Mac,0,2252,2072.27,3293.14,481.72,1.15,4,2,0,0,0.0166,0,2,Low
TXN100157,CUST004,22,4411.36,ATM Withdrawal,14,Pune,Pune,Mac,0,2252,3774.86,2784.13,1627.22,1.58,1,0,0,0,0.007,0,1,Low
TXN100158,CUST004,23,940.17,ATM Withdrawal,6,Pune,Pune,Mac,0,2252,4411.36,2901.13,-1960.95,0.32,0,0,0,0,0.0091,0,1,Low
TXN100159,CUST004,24,3661.3,Purchase,12,Pune,Pune,Mac,0,2252,940.17,2496.99,1164.31,1.47,2,0,0,0,0.0095,0,1,Low
TXN100160,CUST004,25,2279.23,ATM Withdrawal,18,Pune,Pune,Mac,0,2252,3661.3,2236.9,42.33,1.02,1,0,0,0,0.0096,0,1,Low
TXN100161,CUST004,26,4833.45,Bill Payment,22,Pune,Pune,Mac,0,2252,2279.23,2303.7,2529.75,2.1,3,0,0,0,0.009,0,1,Low
TXN100162,CUST004,27,1925.87,Transfer,7,Pune,Pune,Windows,1,2252,4833.45,2625.83,-699.96,0.73,3,0,0,0,0.0303,0,3,Low
TXN100163,CUST004,28,3465.33,Purchase,22,Pune,Pune,Mac,0,2252,1925.87,2658.48,806.85,1.3,2,0,0,0,0.0148,0,1,Low
TXN100164,CUST004,29,4943.92,Online Payment,18,Pune,Pune,Mac,0,2252,3465.33,2956.69,1987.23,1.67,2,0,0,0,0.0172,0,2,Low
TXN100165,CUST004,30,992.26,Online Payment,18,Pune,Pune,Mac,0,2252,4943.92,3230.78,-2238.51,0.31,4,0,0,0,0.0073,0,1,Low
TXN100166,CUST004,31,889.88,Purchase,6,Hyderabad,Pune,Mac,0,2252,992.26,3122.78,-2232.89,0.28,1,0,0,1,0.0214,0,2,Low
TXN100167,CUST004,32,1520.41,Purchase,11,Pune,Pune,Mac,0,2252,889.88,2834.28,-1313.86,0.54,5,0,0,0,0.0243,0,2,Low
TXN100168,CUST004,33,1907.76,Purchase,13,Pune,Pune,Mac,0,2252,1520.41,2545.18,-637.43,0.75,0,3,0,0,0.008,0,1,Low
TXN100169,CUST004,34,1629.27,ATM Withdrawal,6,Pune,Pune,Mac,0,2252,1907.76,2641.94,-1012.67,0.62,0,0,0,0,0.0112,0,1,Low
TXN100170,CUST004,35,3451.36,Online Payment,10,Pune,Pune,Mac,0,2252,1629.27,2438.74,1012.62,1.42,3,0,0,0,0.008,0,1,Low
TXN100171,CUST004,36,3430.04,Bill Payment,11,Pune,Pune,Mac,0,2252,3451.36,2555.95,874.09,1.34,4,0,0,0,0.01,0,1,Low
TXN100172,CUST004,37,2016.19,Transfer,10,Mysore,Pune,Mac,0,2252,3430.04,2415.61,-399.42,0.83,0,0,0,1,0.0173,0,2,Low
TXN100173,CUST004,38,3723.5,Online Payment,10,Pune,Pune,Mac,0,2252,2016.19,2424.64,1298.86,1.54,1,0,0,0,0.005,0,1,Low
TXN100174,CUST004,39,4768.91,Transfer,7,Mumbai,Pune,Mac,0,2252,3723.5,2450.46,2318.45,1.95,0,0,0,1,0.0137,0,1,Low
TXN100175,CUST004,40,4001.42,Purchase,12,Pune,Pune,Mac,0,2252,4768.91,2432.96,1568.46,1.64,2,0,0,0,0.0316,0,3,Low
TXN100176,CUST004,41,2973.38,Online Payment,7,Chennai,Pune,Mac,0,2252,4001.42,2733.87,239.5,1.09,2,0,0,1,0.0116,0,1,Low
TXN100177,CUST004,42,2798.33,ATM Withdrawal,12,Pune,Pune,Mac,0,2252,2973.38,2942.22,-143.89,0.95,3,0,0,0,0.0068,0,1,Low
TXN100178,CUST004,43,6083.63,ATM Withdrawal,19,Pune,Pune,Mac,0,2252,2798.33,3070.02,3013.62,1.98,1,0,0,0,0.0082,0,1,Low
TXN100179,CUST005,1,9134.61,Online Payment,16,Hassan,Hassan,Mac,0,2220,0.0,7844.22,1290.39,1.16,2,0,0,0,0.0041,0,0,Low
TXN100180,CUST005,2,7397.57,Online Payment,17,Hassan,Hassan,Mac,0,2220,9134.61,9134.61,-1737.04,0.81,1,2,0,0,0.0099,0,1,Low
TXN100181,CUST005,3,7570.19,Purchase,11,Hassan,Hassan,Mac,0,2220,7397.57,8266.09,-695.9,0.92,5,0,0,0,0.0191,0,2,Low
TXN100182,CUST005,4,6910.48,Transfer,21,Pune,Hassan,Mac,0,2220,7570.19,8034.13,-1123.64,0.86,1,0,0,1,0.0067,0,1,Low
TXN100183,CUST005,5,8518.5,Purchase,6,Hassan,Hassan,Mac,0,2220,6910.48,7753.22,765.28,1.1,2,0,0,0,0.018,0,2,Low
TXN100184,CUST005,6,12343.68,ATM Withdrawal,20,Hassan,Hassan,Mac,0,2220,8518.5,7906.27,4437.41,1.56,2,0,0,0,0.0177,0,2,Low
TXN100185,CUST005,7,5640.46,Bill Payment,18,Hassan,Hassan,Mac,0,2220,12343.68,8645.84,-3005.38,0.65,0,0,0,0,0.0014,0,0,Low
TXN100186,CUST005,8,18154.99,Transfer,13,Hassan,Hassan,Mac,0,2220,5640.46,8216.5,9938.49,2.21,2,0,0,0,0.0247,0,2,Low
TXN100187,CUST005,9,10302.94,Transfer,10,Hassan,Hassan,Mac,0,2220,18154.99,9458.81,844.12,1.09,1,0,0,0,0.0114,0,1,Low
TXN100188,CUST005,10,12228.36,Bill Payment,16,Hassan,Hassan,Mac,1,2220,10302.94,9552.6,2675.76,1.28,1,0,0,0,0.55,1,55,Medium
TXN100189,CUST005,11,11749.58,ATM Withdrawal,9,Hassan,Hassan,Mac,0,2220,12228.36,9820.18,1929.4,1.2,4,0,0,0,0.0223,0,2,Low
TXN100190,CUST005,12,20529.05,Transfer,22,Hassan,Hassan,Mac,0,2220,11749.58,10081.68,10447.38,2.04,2,1,0,0,0.0154,0,2,Low
TXN100191,CUST005,13,8064.62,ATM Withdrawal,7,Delhi,Hassan,Mac,0,2220,20529.05,11394.82,-3330.2,0.71,4,0,0,1,0.0078,0,1,Low
TXN100192,CUST005,14,2666.72,Purchase,13,Hassan,Hassan,Windows,1,2220,8064.62,11444.27,-8777.55,0.23,3,0,0,0,0.0385,0,4,Low
TXN100193,CUST005,15,11406.31,ATM Withdrawal,18,Hassan,Hassan,Mac,0,2220,2666.72,11019.89,386.42,1.04,1,0,0,0,0.0018,0,0,Low
TXN100194,CUST005,16,16139.29,Bill Payment,7,Hassan,Hassan,Mac,0,2220,11406.31,11308.67,4830.62,1.43,3,1,0,0,0.0068,0,1,Low
TXN100195,CUST005,17,5391.51,Transfer,6,Hassan,Hassan,Mac,0,2220,16139.29,11688.23,-6296.73,0.46,2,0,0,0,0.0087,0,1,Low
TXN100196,CUST005,18,9388.13,Online Payment,19,Hassan,Hassan,Mac,0,2220,5391.51,11663.34,-2275.21,0.8,0,1,0,0,0.0118,0,1,Low
TXN100197,CUST005,19,5824.21,Purchase,9,Hassan,Hassan,Mac,0,2220,9388.13,10786.65,-4962.44,0.54,3,2,0,0,0.0186,0,2,Low
TXN100198,CUST005,20,3459.62,Purchase,13,Hassan,Hassan,Mac,0,2220,5824.21,10338.78,-6879.16,0.33,2,0,0,0,0.0061,0,1,Low
TXN100199,CUST005,21,11467.15,Online Payment,12,Hassan,Hassan,iPhone,1,2220,3459.62,9461.9,2005.25,1.21,5,2,0,0,0.1599,0,16,Low
TXN100200,CUST005,22,19207.58,Transfer,6,Hassan,Hassan,Mac,0,2220,11467.15,9433.66,9773.92,2.04,2,2,0,0,0.0391,0,4,Low
TXN100201,CUST005,23,5493.3,Online Payment,15,Hassan,Hassan,Mac,0,2220,19207.58,9301.52,-3808.21,0.59,1,0,0,0,0.0111,0,1,Low
TXN100202,CUST005,24,6424.66,ATM Withdrawal,17,Hassan,Hassan,Mac,0,2220,5493.3,9044.38,-2619.72,0.71,0,0,0,0,0.0137,0,1,Low
TXN100203,CUST005,25,2578.79,Transfer,15,Hassan,Hassan,Mac,0,2220,6424.66,9420.18,-6841.39,0.27,2,1,1,0,0.0057,0,1,Low
TXN100204,CUST005,26,5515.09,Purchase,9,Hassan,Hassan,Mac,0,2220,2578.79,8537.42,-3022.34,0.65,4,0,0,0,0.0047,0,0,Low
TXN100205,CUST005,27,13087.28,ATM Withdrawal,12,Bangalore,Hassan,iPhone,1,2220,5515.09,7475.0,5612.27,1.75,1,0,0,1,0.0235,0,2,Low
TXN100206,CUST005,28,10101.17,Transfer,11,Mangalore,Hassan,Mac,0,2220,13087.28,8244.58,1856.59,1.23,2,1,0,1,0.0275,0,3,Low
TXN100207,CUST005,29,10438.1,Transfer,22,Hassan,Hassan,Mac,0,2220,10101.17,8315.88,2122.21,1.26,1,0,0,0,0.021,0,2,Low
TXN100208,CUST005,30,17865.56,Transfer,16,Hassan,Hassan,Mac,0,2220,10438.1,8777.27,9088.28,2.04,3,0,0,0,0.0155,0,2,Low
TXN100209,CUST005,31,31909.54,Bill Payment,18,Hassan,Hassan,Mac,0,2220,17865.56,10217.87,21691.67,3.12,4,0,0,0,0.0347,0,3,Low
TXN100210,CUST005,32,4377.19,Purchase,20,Hassan,Hassan,Mac,0,2220,31909.54,12262.11,-7884.92,0.36,2,0,0,0,0.0139,0,1,Low
TXN100211,CUST005,33,14361.09,Transfer,12,Hassan,Hassan,Mac,0,2220,4377.19,10779.07,3582.02,1.33,5,0,0,0,0.0384,0,4,Low
TXN100212,CUST005,34,7565.37,Online Payment,17,Hassan,Hassan,Mac,0,2220,14361.09,11665.84,-4100.47,0.65,4,0,0,0,0.0125,0,1,Low
TXN100213,CUST005,35,20092.87,ATM Withdrawal,15,Hassan,Hassan,Mac,0,2220,7565.37,11779.92,8312.95,1.71,2,0,0,0,0.0041,0,0,Low
TXN100214,CUST005,36,5359.82,Transfer,8,Hyderabad,Hassan,Mac,0,2220,20092.87,13531.32,-8171.51,0.4,0,0,0,1,0.0291,0,3,Low
TXN100215,CUST005,37,8473.93,Bill Payment,12,Hassan,Hassan,Mac,0,2220,5359.82,13515.8,-5041.87,0.63,2,0,0,0,0.0205,0,2,Low
TXN100216,CUST005,38,10917.92,ATM Withdrawal,13,Hassan,Hassan,Mac,0,2220,8473.93,13054.46,-2136.54,0.84,0,1,0,0,0.0071,0,1,Low
TXN100217,CUST005,39,6712.19,Transfer,19,Hassan,Hassan,Mac,0,2220,10917.92,13136.14,-6423.95,0.51,3,1,0,0,0.02,0,2,Low
TXN100218,CUST005,40,13694.08,Online Payment,17,Hassan,Hassan,Mac,0,2220,6712.19,12763.55,930.53,1.07,1,2,0,0,0.0216,0,2,Low
TXN100219,CUST005,41,12416.46,Online Payment,22,Hassan,Hassan,Mac,0,2220,13694.08,12346.4,70.06,1.01,3,0,0,0,0.0159,0,2,Low
TXN100220,CUST005,42,5361.7,ATM Withdrawal,16,Hassan,Hassan,Mac,0,2220,12416.46,10397.09,-5035.39,0.52,4,0,0,0,0.0247,0,2,Low
TXN100221,CUST005,43,38769.55,Bill Payment,16,Hassan,Hassan,Mac,0,2220,5361.7,10495.54,28274.0,3.69,1,0,0,0,0.0188,0,2,Low
TXN100222,CUST006,1,2056.74,Purchase,6,Bangalore,Hyderabad,Mac,0,2241,0.0,2656.43,-599.7,0.77,2,0,0,1,0.027,0,3,Low
TXN100223,CUST006,2,1867.65,Transfer,6,Delhi,Hyderabad,Mac,0,2241,2056.74,2056.74,-189.08,0.91,3,0,0,1,0.0315,0,3,Low
TXN100224,CUST006,3,1965.04,Purchase,17,Hyderabad,Hyderabad,Mac,0,2241,1867.65,1962.19,2.85,1.0,2,0,0,0,0.0162,0,2,Low
TXN100225,CUST006,4,1983.41,Transfer,19,Hyderabad,Hyderabad,Mac,0,2241,1965.04,1963.14,20.27,1.01,4,0,0,0,0.0117,0,1,Low
TXN100226,CUST006,5,4689.21,Purchase,11,Hyderabad,Hyderabad,Mac,0,2241,1983.41,1968.21,2721.0,2.38,2,0,0,0,0.0215,0,2,Low
TXN100227,CUST006,6,1877.64,Transfer,8,Hyderabad,Hyderabad,Mac,0,2241,4689.21,2512.41,-634.77,0.75,0,0,0,0,0.0135,0,1,Low
TXN100228,CUST006,7,1358.94,Online Payment,15,Hyderabad,Hyderabad,Mac,0,2241,1877.64,2406.62,-1047.68,0.56,1,2,0,0,0.0083,0,1,Low
TXN100229,CUST006,8,3660.53,ATM Withdrawal,7,Delhi,Hyderabad,Mac,0,2241,1358.94,2256.95,1403.58,1.62,2,3,0,1,0.0568,0,6,Low
TXN100230,CUST006,9,1774.38,Purchase,6,Mangalore,Hyderabad,Mac,0,2241,3660.53,2432.4,-658.02,0.73,2,0,0,1,0.0255,0,3,Low
TXN100231,CUST006,10,1489.77,ATM Withdrawal,22,Hyderabad,Hyderabad,Mac,0,2241,1774.38,2359.28,-869.51,0.63,3,0,0,0,0.0113,0,1,Low
TXN100232,CUST006,11,1321.98,Purchase,20,Hyderabad,Hyderabad,Mac,0,2241,1489.77,2272.33,-950.35,0.58,1,2,0,0,0.0171,0,2,Low
TXN100233,CUST006,12,5576.23,Bill Payment,10,Hyderabad,Hyderabad,Mac,0,2241,1321.98,2198.86,3377.37,2.54,2,0,0,0,0.0145,0,1,Low
TXN100234,CUST006,13,1726.2,Online Payment,8,Hyderabad,Hyderabad,Mac,0,2241,5576.23,2569.71,-843.52,0.67,1,0,0,0,0.0047,0,0,Low
TXN100235,CUST006,14,2036.43,Transfer,10,Hyderabad,Hyderabad,Mac,0,2241,1726.2,2545.83,-509.4,0.8,2,0,0,0,0.006,0,1,Low
TXN100236,CUST006,15,7398.91,Purchase,20,Hyderabad,Hyderabad,Mac,0,2241,2036.43,2551.13,4847.78,2.9,0,0,0,0,0.0113,0,1,Low
TXN100237,CUST006,16,4470.28,Purchase,16,Hyderabad,Hyderabad,Mac,0,2241,7398.91,2822.1,1648.18,1.58,3,2,0,0,0.0468,0,5,Low
TXN100238,CUST006,17,1630.71,Bill Payment,10,Hyderabad,Hyderabad,Mac,0,2241,4470.28,3081.37,-1450.66,0.53,0,0,0,0,0.0068,0,1,Low
TXN100239,CUST006,18,5680.33,ATM Withdrawal,18,Hyderabad,Hyderabad,Mac,0,2241,1630.71,3108.54,2571.79,1.83,0,0,0,0,0.0066,0,1,Low
TXN100240,CUST006,19,2994.64,Purchase,14,Hyderabad,Hyderabad,Mac,0,2241,5680.33,3310.52,-315.89,0.9,4,0,0,0,0.0202,0,2,Low
TXN100241,CUST006,20,2603.88,ATM Withdrawal,16,Hyderabad,Hyderabad,Mac,0,2241,2994.64,3432.55,-828.67,0.76,5,0,0,0,0.0688,0,7,Low
TXN100242,CUST006,21,1986.53,ATM Withdrawal,7,Hyderabad,Hyderabad,Mac,0,2241,2603.88,3543.96,-1557.43,0.56,1,0,0,0,0.0123,0,1,Low
TXN100243,CUST006,22,1209.79,Transfer,21,Hyderabad,Hyderabad,Mac,0,2241,1986.53,3610.41,-2400.62,0.34,2,2,0,0,0.0815,0,8,Low
TXN100244,CUST006,23,2228.27,ATM Withdrawal,21,Hyderabad,Hyderabad,Mac,0,2241,1209.79,3173.77,-945.5,0.7,1,0,0,0,0.0088,0,1,Low
TXN100245,CUST006,24,703.22,Online Payment,9,Hyderabad,Hyderabad,Mac,0,2241,2228.27,3223.98,-2520.76,0.22,2,0,0,0,0.0082,0,1,Low
TXN100246,CUST006,25,3852.39,ATM Withdrawal,9,Hyderabad,Hyderabad,Mac,0,2241,703.22,3090.65,761.73,1.25,2,1,0,0,0.0077,0,1,Low
TXN100247,CUST006,26,1929.04,Purchase,17,Hyderabad,Hyderabad,Mac,0,2241,3852.39,2736.0,-806.96,0.71,1,0,0,0,0.0145,0,1,Low
TXN100248,CUST006,27,1981.23,Purchase,9,Hyderabad,Hyderabad,Mac,0,2241,1929.04,2481.88,-500.64,0.8,3,0,0,0,0.0093,0,1,Low
TXN100249,CUST006,28,3525.07,Purchase,6,Hyderabad,Hyderabad,Mac,0,2241,1981.23,2516.93,1008.14,1.4,1,1,0,0,0.003,0,0,Low
TXN100250,CUST006,29,1172.06,ATM Withdrawal,20,Hyderabad,Hyderabad,Mac,0,2241,3525.07,2301.4,-1129.35,0.51,1,0,0,0,0.0058,0,1,Low
TXN100251,CUST006,30,5940.47,Bill Payment,11,Bangalore,Hyderabad,Mac,0,2241,1172.06,2119.15,3821.32,2.8,1,0,0,1,0.0233,0,2,Low
TXN100252,CUST006,31,1891.8,ATM Withdrawal,17,Hyderabad,Hyderabad,Mac,0,2241,5940.47,2452.81,-561.01,0.77,2,0,0,0,0.0089,0,1,Low
TXN100253,CUST006,32,4409.13,Bill Payment,8,Hyderabad,Hyderabad,Mac,0,2241,1891.8,2443.33,1965.8,1.8,1,0,1,0,0.0106,0,1,Low
TXN100254,CUST006,33,3110.25,Purchase,17,Hyderabad,Hyderabad,Mac,0,2241,4409.13,2763.27,346.98,1.13,7,0,0,0,0.0212,0,2,Low
TXN100255,CUST006,34,19060.72,Purchase,17,Hyderabad,Hyderabad,Mac,0,2241,3110.25,2851.47,16209.26,6.68,0,0,0,0,0.0228,0,2,Low
TXN100256,CUST006,35,1471.28,Bill Payment,18,Hyderabad,Hyderabad,Mac,0,2241,19060.72,4687.22,-3215.93,0.31,2,0,0,0,0.0069,0,1,Low
TXN100257,CUST006,36,1746.87,Transfer,8,Hyderabad,Hyderabad,Android,1,2241,1471.28,4449.11,-2702.24,0.39,4,0,0,0,0.049,0,5,Low
TXN100258,CUST006,37,3993.25,Purchase,14,Mysore,Hyderabad,Mac,0,2241,1746.87,4430.89,-437.64,0.9,0,0,0,1,0.0139,0,1,Low
TXN100259,CUST006,38,2105.89,Purchase,6,Hyderabad,Hyderabad,Mac,0,2241,3993.25,4632.09,-2526.21,0.45,1,0,0,0,0.0038,0,0,Low
TXN100260,CUST006,39,2024.07,ATM Withdrawal,22,Hyderabad,Hyderabad,Mac,0,2241,2105.89,4490.17,-2466.1,0.45,3,0,0,0,0.0111,0,1,Low
TXN100261,CUST006,40,4198.3,ATM Withdrawal,7,Hyderabad,Hyderabad,Mac,0,2241,2024.07,4575.37,-377.07,0.92,0,0,0,0,0.0035,0,0,Low
TXN100262,CUST006,41,801.16,Transfer,14,Hyderabad,Hyderabad,iPhone,1,2241,4198.3,4401.16,-3600.0,0.18,0,2,0,0,0.073,0,7,Low
TXN100263,CUST006,42,7087.98,Purchase,18,Hyderabad,Hyderabad,Mac,0,2241,801.16,4292.09,2795.89,1.65,0,1,0,0,0.0116,0,1,Low
TXN100264,CUST006,43,1526.13,Purchase,10,Hyderabad,Hyderabad,Mac,0,2241,7087.98,4559.98,-3033.85,0.33,1,0,0,0,0.0047,0,0,Low
TXN100265,CUST006,44,1065.7,Transfer,20,Hyderabad,Hyderabad,Mac,0,2241,1526.13,4401.57,-3335.87,0.24,2,0,0,0,0.0046,0,0,Low
TXN100266,CUST006,45,1931.28,Transfer,21,Hyderabad,Hyderabad,Mac,0,2241,1065.7,2602.06,-670.78,0.74,1,0,0,0,0.0048,0,0,Low
TXN100267,CUST006,46,1272.77,Purchase,19,Hyderabad,Hyderabad,Mac,0,2241,1931.28,2648.06,-1375.3,0.48,2,0,0,0,0.0134,0,1,Low
TXN100268,CUST006,47,5336.67,ATM Withdrawal,11,Hyderabad,Hyderabad,Mac,0,2241,1272.77,2600.65,2736.02,2.05,3,0,0,0,0.0056,0,1,Low
TXN100269,CUST006,48,3798.66,Purchase,8,Hyderabad,Hyderabad,Mac,0,2241,5336.67,2734.99,1063.67,1.39,3,1,0,0,0.0128,0,1,Low
TXN100270,CUST006,49,2906.15,Purchase,15,Mumbai,Hyderabad,Mac,0,2241,3798.66,2904.27,1.88,1.0,2,0,0,1,0.0357,0,4,Low
TXN100271,CUST006,50,3194.8,Bill Payment,17,Hyderabad,Hyderabad,Mac,0,2241,2906.15,2992.48,202.32,1.07,4,0,0,0,0.0063,0,1,Low
TXN100272,CUST006,51,921.97,Purchase,14,Hyderabad,Hyderabad,Mac,0,2241,3194.8,2892.13,-1970.16,0.32,1,1,0,0,0.0032,0,0,Low
TXN100273,CUST006,52,2770.97,Purchase,12,Hyderabad,Hyderabad,Mac,0,2241,921.97,2904.21,-133.24,0.95,5,0,0,0,0.0085,0,1,Low
TXN100274,CUST006,53,3642.54,Purchase,6,Hyderabad,Hyderabad,Mac,0,2241,2770.97,2472.51,1170.03,1.47,2,0,0,0,0.0069,0,1,Low
TXN100275,CUST006,54,3988.33,Purchase,17,Hyderabad,Hyderabad,Mac,0,2241,3642.54,2684.15,1304.18,1.49,3,0,0,0,0.0053,0,1,Low
TXN100276,CUST006,55,1905.88,ATM Withdrawal,10,Hyderabad,Hyderabad,Mac,0,2241,3988.33,2976.41,-1070.54,0.64,3,0,0,0,0.0046,0,0,Low
TXN100277,CUST006,56,5262.94,Transfer,20,Bangalore,Hyderabad,Mac,0,2241,1905.88,2973.87,2289.07,1.77,6,0,0,1,0.042,0,4,Low
TXN100278,CUST007,1,4150.24,Transfer,19,Delhi,Delhi,Windows,0,1672,0.0,2246.33,1903.92,1.85,2,0,0,0,0.0043,0,0,Low
TXN100279,CUST007,2,3760.03,Online Payment,19,Delhi,Delhi,Windows,0,1672,4150.24,4150.24,-390.21,0.91,5,0,0,0,0.0136,0,1,Low
TXN100280,CUST007,3,4609.87,Transfer,7,Delhi,Delhi,Windows,0,1672,3760.03,3955.13,654.74,1.17,2,0,1,0,0.0065,0,1,Low
TXN100281,CUST007,4,2619.3,ATM Withdrawal,17,Delhi,Delhi,Windows,0,1672,4609.87,4173.38,-1554.08,0.63,4,0,0,0,0.0112,0,1,Low
TXN100282,CUST007,5,822.71,Transfer,7,Delhi,Delhi,Windows,0,1672,2619.3,3784.86,-2962.15,0.22,3,1,0,0,0.0071,0,1,Low
TXN100283,CUST007,6,3965.45,Bill Payment,14,Pune,Delhi,Android,1,1672,822.71,3192.43,773.02,1.24,3,0,0,1,0.0384,0,4,Low
TXN100284,CUST007,7,4530.59,Bill Payment,12,Delhi,Delhi,Windows,0,1672,3965.45,3321.27,1209.32,1.36,6,0,0,0,0.0217,0,2,Low
TXN100285,CUST007,8,4520.02,Purchase,11,Delhi,Delhi,Windows,0,1672,4530.59,3494.03,1025.99,1.29,4,0,0,0,0.0125,0,1,Low
TXN100286,CUST007,9,6225.36,Purchase,6,Delhi,Delhi,Windows,0,1672,4520.02,3622.28,2603.08,1.72,4,0,0,0,0.0102,0,1,Low
TXN100287,CUST007,10,1323.24,Transfer,22,Delhi,Delhi,Windows,0,1672,6225.36,3911.51,-2588.26,0.34,5,0,0,0,0.01,0,1,Low
TXN100288,CUST007,11,4103.14,Purchase,16,Delhi,Delhi,Windows,0,1672,1323.24,3652.68,450.46,1.12,2,0,0,0,0.013,0,1,Low
TXN100289,CUST007,12,3580.75,Online Payment,11,Delhi,Delhi,Windows,0,1672,4103.14,3647.97,-67.22,0.98,1,0,0,0,0.0135,0,1,Low
TXN100290,CUST007,13,2535.09,Online Payment,13,Chennai,Delhi,Windows,0,1672,3580.75,3630.04,-1094.95,0.7,2,0,0,1,0.021,0,2,Low
TXN100291,CUST007,14,1574.19,Transfer,12,Delhi,Delhi,Windows,0,1672,2535.09,3422.57,-1848.37,0.46,3,0,0,0,0.0062,0,1,Low
TXN100292,CUST007,15,910.38,Transfer,14,Delhi,Delhi,Windows,0,1672,1574.19,3318.05,-2407.68,0.27,2,0,0,0,0.0135,0,1,Low
TXN100293,CUST007,16,673.7,Purchase,13,Delhi,Delhi,Windows,0,1672,910.38,3326.82,-2653.13,0.2,2,0,0,0,0.0101,0,1,Low
TXN100294,CUST007,17,2314.97,Online Payment,18,Hassan,Delhi,Windows,0,1672,673.7,2997.65,-682.67,0.77,7,1,0,1,0.2259,0,23,Low
TXN100295,CUST007,18,1474.74,Bill Payment,22,Delhi,Delhi,Windows,0,1672,2314.97,2776.08,-1301.35,0.53,3,2,0,0,0.0589,0,6,Low
TXN100296,CUST007,19,1930.82,Online Payment,13,Delhi,Delhi,Windows,0,1672,1474.74,2471.56,-540.74,0.78,0,0,0,0,0.0082,0,1,Low
TXN100297,CUST007,20,2260.32,Transfer,9,Delhi,Delhi,Windows,0,1672,1930.82,2042.1,218.22,1.11,2,0,0,0,0.0118,0,1,Low
TXN100298,CUST007,21,1437.33,Purchase,11,Delhi,Delhi,Windows,0,1672,2260.32,2135.81,-698.48,0.67,3,1,0,0,0.0097,0,1,Low
TXN100299,CUST007,22,2124.74,Purchase,19,Delhi,Delhi,Windows,0,1672,1437.33,1869.23,255.52,1.14,1,1,0,0,0.0052,0,1,Low
TXN100300,CUST007,23,1351.92,ATM Withdrawal,21,Chennai,Delhi,Windows,0,1672,2124.74,1723.63,-371.71,0.78,1,0,0,1,0.02,0,2,Low
TXN100301,CUST007,24,1351.39,Purchase,19,Delhi,Delhi,Windows,0,1672,1351.92,1605.31,-253.92,0.84,1,0,0,0,0.0098,0,1,Low
TXN100302,CUST007,25,5533.62,Purchase,21,Delhi,Delhi,Windows,0,1672,1351.39,1583.03,3950.59,3.5,0,0,0,0,0.0211,0,2,Low
TXN100303,CUST007,26,1680.79,ATM Withdrawal,17,Delhi,Delhi,Windows,0,1672,5533.62,2045.35,-364.57,0.82,0,0,0,0,0.006,0,1,Low
TXN100304,CUST007,27,1769.96,ATM Withdrawal,21,Delhi,Delhi,Windows,0,1672,1680.79,2146.06,-376.11,0.82,2,0,1,0,0.012,0,1,Low
TXN100305,CUST007,28,2044.52,ATM Withdrawal,17,Delhi,Delhi,Windows,0,1672,1769.96,2091.56,-47.04,0.98,3,0,0,0,0.0119,0,1,Low
TXN100306,CUST007,29,3658.57,Transfer,16,Delhi,Delhi,Windows,0,1672,2044.52,2148.54,1510.03,1.7,0,0,1,0,0.0255,0,3,Low
TXN100307,CUST007,30,659.38,Purchase,22,Delhi,Delhi,Windows,0,1672,3658.57,2321.31,-1661.93,0.28,2,0,0,0,0.0037,0,0,Low
TXN100308,CUST007,31,6147.02,Transfer,6,Bangalore,Delhi,Windows,0,1672,659.38,2161.22,3985.8,2.84,4,2,0,1,0.2051,0,21,Low
TXN100309,CUST007,32,4255.41,Transfer,8,Delhi,Delhi,Windows,0,1672,6147.02,2632.19,1623.22,1.62,2,0,0,0,0.0097,0,1,Low
TXN100310,CUST008,1,13766.65,Transfer,17,Mumbai,Mumbai,Windows,1,2167,0.0,4992.92,8773.73,2.76,3,0,0,0,0.049,0,5,Low
TXN100311,CUST008,2,20110.89,Online Payment,17,Mumbai,Mumbai,Android,0,2167,13766.65,13766.65,6344.24,1.46,2,0,0,0,0.0075,0,1,Low
TXN100312,CUST008,3,16623.58,Purchase,15,Mumbai,Mumbai,Android,0,2167,20110.89,16938.77,-315.19,0.98,1,0,0,0,0.0142,0,1,Low
TXN100313,CUST008,4,5298.97,Purchase,9,Mumbai,Mumbai,Android,0,2167,16623.58,16833.7,-11534.73,0.31,1,1,0,0,0.0105,0,1,Low
TXN100314,CUST008,5,2454.35,ATM Withdrawal,22,Mumbai,Mumbai,Android,0,2167,5298.97,13950.02,-11495.67,0.18,1,0,0,0,0.0083,0,1,Low
TXN100315,CUST008,6,3840.3,Transfer,10,Mumbai,Mumbai,Android,0,2167,2454.35,11650.89,-7810.58,0.33,1,2,0,0,0.0177,0,2,Low
TXN100316,CUST008,7,2638.77,Purchase,7,Mumbai,Mumbai,Android,0,2167,3840.3,10349.12,-7710.35,0.25,1,0,0,0,0.0033,0,0,Low
TXN100317,CUST008,8,15992.26,Online Payment,7,Mumbai,Mumbai,Android,0,2167,2638.77,9247.64,6744.62,1.73,2,0,0,0,0.007,0,1,Low
TXN100318,CUST008,9,1887.38,Bill Payment,13,Mumbai,Mumbai,Android,0,2167,15992.26,10090.72,-8203.34,0.19,2,0,0,0,0.007,0,1,Low
TXN100319,CUST008,10,4065.51,Online Payment,16,Mumbai,Mumbai,Android,0,2167,1887.38,9179.24,-5113.73,0.44,2,0,0,0,0.0033,0,0,Low
TXN100320,CUST008,11,6460.7,Online Payment,9,Mumbai,Mumbai,Windows,1,2167,4065.51,8667.87,-2207.17,0.75,4,0,0,0,0.0156,0,2,Low
TXN100321,CUST008,12,4816.16,Transfer,20,Mumbai,Mumbai,Android,0,2167,6460.7,7937.27,-3121.11,0.61,2,0,0,0,0.0083,0,1,Low
TXN100322,CUST008,13,11695.6,Transfer,22,Mumbai,Mumbai,Android,0,2167,4816.16,6407.8,5287.8,1.83,3,0,0,0,0.0042,0,0,Low
TXN100323,CUST008,14,15082.52,Purchase,15,Pune,Mumbai,Android,0,2167,11695.6,5915.0,9167.51,2.55,2,0,0,0,0.55,1,55,Medium
TXN100324,CUST008,15,7383.54,ATM Withdrawal,11,Mumbai,Mumbai,iPhone,1,2167,15082.52,6893.35,490.18,1.07,1,0,0,0,0.012,0,1,Low
TXN100325,CUST008,16,4088.29,ATM Withdrawal,11,Mumbai,Mumbai,Android,0,2167,7383.54,7386.27,-3297.98,0.55,2,0,0,0,0.0096,0,1,Low
TXN100326,CUST008,17,9364.53,Purchase,18,Chennai,Mumbai,Android,0,2167,4088.29,7411.07,1953.45,1.26,3,0,0,1,0.0124,0,1,Low
TXN100327,CUST008,18,3698.6,Online Payment,22,Mumbai,Mumbai,iPhone,1,2167,9364.53,8083.65,-4385.05,0.46,5,3,0,0,0.55,1,55,Medium
TXN100328,CUST008,19,7241.9,ATM Withdrawal,14,Mumbai,Mumbai,Android,0,2167,3698.6,6854.28,387.61,1.06,1,0,0,0,0.0129,0,1,Low
TXN100329,CUST008,20,5617.86,Purchase,6,Hassan,Mumbai,Android,0,2167,7241.9,7389.73,-1771.87,0.76,2,0,0,1,0.019,0,2,Low
TXN100330,CUST008,21,914.02,ATM Withdrawal,15,Mumbai,Mumbai,Android,0,2167,5617.86,7544.97,-6630.95,0.12,3,2,0,0,0.0191,0,2,Low
TXN100331,CUST008,22,8154.25,Online Payment,8,Mumbai,Mumbai,Android,0,2167,914.02,6990.3,1163.95,1.17,0,0,0,0,0.0038,0,0,Low
TXN100332,CUST008,23,4328.59,Purchase,18,Mumbai,Mumbai,Android,0,2167,8154.25,7324.11,-2995.52,0.59,1,0,0,0,0.0065,0,1,Low
TXN100333,CUST008,24,7179.44,Bill Payment,7,Mumbai,Mumbai,Android,0,2167,4328.59,6587.41,592.04,1.09,0,0,0,0,0.0048,0,0,Low
TXN100334,CUST008,25,10354.75,Purchase,13,Mumbai,Mumbai,Android,1,2167,7179.44,5797.1,4557.65,1.79,0,2,0,0,0.55,1,55,Medium
TXN100335,CUST008,26,6089.0,Purchase,6,Mumbai,Mumbai,Android,0,2167,10354.75,6094.22,-5.22,1.0,4,1,0,0,0.0087,0,1,Low
TXN100336,CUST008,27,6375.52,Purchase,10,Mumbai,Mumbai,Android,0,2167,6089.0,6294.29,81.23,1.01,1,0,0,0,0.0193,0,2,Low
TXN100337,CUST008,28,4312.0,Online Payment,6,Mumbai,Mumbai,Mac,1,2167,6375.52,5995.39,-1683.39,0.72,3,0,0,0,0.039,0,4,Low
TXN100338,CUST008,29,3582.11,Online Payment,22,Mumbai,Mumbai,Android,0,2167,4312.0,6056.73,-2474.63,0.59,0,0,0,0,0.0049,0,0,Low
TXN100339,CUST008,30,6409.86,Purchase,6,Mumbai,Mumbai,Android,0,2167,3582.11,5690.75,719.11,1.13,2,3,0,0,0.0405,0,4,Low
TXN100340,CUST008,31,1720.16,Transfer,1,Mumbai,Mumbai,Android,0,2167,6409.86,5769.95,-4049.79,0.3,3,0,0,0,0.55,1,55,Medium
TXN100341,CUST008,32,6809.63,Online Payment,19,Mumbai,Mumbai,Android,0,2167,1720.16,5850.57,959.06,1.16,4,0,0,0,0.0107,0,1,Low
TXN100342,CUST008,33,2673.46,Online Payment,18,Mumbai,Mumbai,Mac,1,2167,6809.63,5716.11,-3042.65,0.47,2,0,1,0,0.0546,0,5,Low
TXN100343,CUST008,34,2525.49,Purchase,8,Mumbai,Mumbai,Android,0,2167,2673.46,5550.59,-3025.1,0.45,5,0,0,0,0.0123,0,1,Low
TXN100344,CUST008,35,10323.72,Transfer,17,Hassan,Mumbai,Android,0,2167,2525.49,5085.2,5238.52,2.03,2,2,0,1,0.0361,0,4,Low
TXN100345,CUST008,36,10598.38,Purchase,16,Mumbai,Mumbai,Android,0,2167,10323.72,5082.1,5516.28,2.09,1,0,0,0,0.0266,0,3,Low
TXN100346,CUST008,37,2677.87,Purchase,21,Mumbai,Mumbai,Android,0,2167,10598.38,5533.03,-2855.16,0.48,3,0,0,0,0.0051,0,1,Low
TXN100347,CUST008,38,2844.3,Transfer,18,Mumbai,Mumbai,Android,0,2167,2677.87,5163.27,-2318.97,0.55,2,3,0,0,0.55,1,55,Medium
TXN100348,CUST008,39,6352.58,Bill Payment,18,Mumbai,Mumbai,Android,0,2167,2844.3,5016.5,1336.09,1.27,0,0,0,0,0.0121,0,1,Low
TXN100349,CUST008,40,1888.61,Transfer,16,Mumbai,Mumbai,Android,0,2167,6352.58,5293.55,-3404.93,0.36,1,0,0,0,0.0111,0,1,Low
TXN100350,CUST008,41,9699.02,Bill Payment,12,Mumbai,Mumbai,Android,0,2167,1888.61,4841.42,4857.6,2.0,1,0,0,0,0.0083,0,1,Low
TXN100351,CUST008,42,3468.8,Transfer,7,Mumbai,Mumbai,Android,0,2167,9699.02,5639.31,-2170.51,0.62,0,1,0,0,0.0106,0,1,Low
TXN100352,CUST008,43,2560.8,Transfer,14,Mumbai,Mumbai,Android,0,2167,3468.8,5305.22,-2744.42,0.48,3,2,0,0,0.0299,0,3,Low
TXN100353,CUST008,44,4444.04,Online Payment,17,Mangalore,Mumbai,Android,0,2167,2560.8,5293.96,-849.92,0.84,1,0,0,1,0.0106,0,1,Low
TXN100354,CUST008,45,2111.02,Bill Payment,20,Chennai,Mumbai,Android,0,2167,4444.04,5485.81,-3374.79,0.38,3,0,0,1,0.0183,0,2,Low
TXN100355,CUST008,46,2481.83,Transfer,22,Mumbai,Mumbai,Android,0,2167,2111.02,4664.54,-2182.71,0.53,3,0,0,0,0.0036,0,0,Low
TXN100356,CUST008,47,11399.26,Bill Payment,12,Mumbai,Mumbai,Android,0,2167,2481.83,3852.89,7546.38,2.96,3,0,0,0,0.0289,0,3,Low
TXN100357,CUST008,48,6338.27,Transfer,18,Mumbai,Mumbai,Android,0,2167,11399.26,4725.03,1613.24,1.34,5,0,0,0,0.0067,0,1,Low
TXN100358,CUST008,49,6383.37,ATM Withdrawal,14,Mumbai,Mumbai,Android,0,2167,6338.27,5074.42,1308.95,1.26,1,0,0,0,0.0033,0,0,Low
TXN100359,CUST008,50,5332.77,Bill Payment,10,Chennai,Mumbai,Android,0,2167,6383.37,5077.5,255.27,1.05,0,0,1,1,0.1101,0,11,Low
TXN100360,CUST008,51,7325.95,Purchase,18,Mumbai,Mumbai,Android,0,2167,5332.77,5421.92,1904.04,1.35,2,0,0,0,0.0104,0,1,Low
TXN100361,CUST009,1,4262.78,Transfer,11,Chennai,Bangalore,Windows,0,284,0.0,7249.83,-2987.04,0.59,2,0,0,1,0.0303,0,3,Low
TXN100362,CUST009,2,9594.24,Transfer,20,Mumbai,Bangalore,Windows,0,284,4262.78,4262.78,5331.46,2.25,3,0,0,1,0.0389,0,4,Low
TXN100363,CUST009,3,2969.8,Transfer,13,Bangalore,Bangalore,Windows,0,284,9594.24,6928.51,-3958.71,0.43,6,0,0,0,0.0448,0,4,Low
TXN100364,CUST009,4,6494.17,Purchase,17,Bangalore,Bangalore,Windows,0,284,2969.8,5608.94,885.23,1.16,3,1,0,0,0.0068,0,1,Low
TXN100365,CUST009,5,6628.34,Purchase,16,Bangalore,Bangalore,Windows,0,284,6494.17,5830.25,798.09,1.14,2,0,0,0,0.0052,0,1,Low
TXN100366,CUST009,6,7213.51,Purchase,17,Bangalore,Bangalore,Windows,0,284,6628.34,5989.87,1223.64,1.2,1,0,0,0,0.0127,0,1,Low
TXN100367,CUST009,7,7350.41,Bill Payment,11,Bangalore,Bangalore,Windows,0,284,7213.51,6193.81,1156.61,1.19,1,1,0,0,0.0048,0,0,Low
TXN100368,CUST009,8,20828.22,Transfer,8,Bangalore,Bangalore,Windows,0,284,7350.41,6359.04,14469.19,3.28,3,1,0,0,0.0583,0,6,Low
TXN100369,CUST009,9,983.64,Purchase,6,Bangalore,Bangalore,Windows,0,284,20828.22,8167.68,-7184.04,0.12,1,1,0,0,0.0109,0,1,Low
TXN100370,CUST009,10,14294.82,Transfer,18,Mysore,Bangalore,Windows,0,284,983.64,7369.46,6925.36,1.94,2,0,0,1,0.0175,0,2,Low
TXN100371,CUST009,11,10072.44,Bill Payment,12,Bangalore,Bangalore,Windows,0,284,14294.82,8061.99,2010.44,1.25,2,0,0,0,0.022,0,2,Low
TXN100372,CUST009,12,12751.31,Purchase,8,Bangalore,Bangalore,Windows,0,284,10072.44,8642.96,4108.35,1.48,2,0,0,0,0.0084,0,1,Low
TXN100373,CUST009,13,16845.18,ATM Withdrawal,13,Bangalore,Bangalore,Windows,0,284,12751.31,8958.67,7886.51,1.88,2,0,0,0,0.0053,0,1,Low
TXN100374,CUST009,14,10644.58,Bill Payment,11,Bangalore,Bangalore,iPhone,1,284,16845.18,10346.2,298.37,1.03,0,0,0,0,0.0452,0,5,Low
TXN100375,CUST009,15,3703.61,Purchase,19,Bangalore,Bangalore,Windows,0,284,10644.58,10761.24,-7057.64,0.34,2,0,0,0,0.0038,0,0,Low
TXN100376,CUST009,16,4865.53,Online Payment,21,Bangalore,Bangalore,Windows,0,284,3703.61,10468.77,-5603.25,0.46,4,0,0,0,0.007,0,1,Low
TXN100377,CUST009,17,6865.39,Transfer,9,Bangalore,Bangalore,Windows,0,284,4865.53,10233.97,-3368.58,0.67,1,0,0,0,0.0029,0,0,Low
TXN100378,CUST009,18,12156.76,Transfer,17,Bangalore,Bangalore,Mac,1,284,6865.39,10185.47,1971.29,1.19,3,0,0,0,0.0293,0,3,Low
TXN100379,CUST009,19,3557.19,Purchase,22,Bangalore,Bangalore,Windows,0,284,12156.76,9318.33,-5761.13,0.38,3,0,0,0,0.0036,0,0,Low
TXN100380,CUST009,20,8614.39,Transfer,12,Bangalore,Bangalore,Windows,0,284,3557.19,9575.68,-961.29,0.9,4,0,0,0,0.0136,0,1,Low
TXN100381,CUST009,21,9539.1,ATM Withdrawal,18,Bangalore,Bangalore,Windows,0,284,8614.39,9007.64,531.46,1.06,1,0,0,0,0.0057,0,1,Low
TXN100382,CUST009,22,5744.66,Purchase,11,Bangalore,Bangalore,Windows,0,284,9539.1,8954.3,-3209.64,0.64,0,0,0,0,0.0045,0,0,Low
TXN100383,CUST009,23,3645.53,Transfer,13,Bangalore,Bangalore,Windows,0,284,5744.66,8253.64,-4608.11,0.44,1,0,0,0,0.0341,0,3,Low
TXN100384,CUST009,24,12299.95,Online Payment,19,Bangalore,Bangalore,Windows,0,284,3645.53,6933.67,5366.27,1.77,1,0,0,0,0.0078,0,1,Low
TXN100385,CUST009,25,2326.68,Purchase,19,Bangalore,Bangalore,Windows,0,284,12299.95,7099.21,-4772.53,0.33,3,0,0,0,0.0091,0,1,Low
TXN100386,CUST009,26,8817.24,Transfer,9,Bangalore,Bangalore,Windows,0,284,2326.68,6961.52,1855.72,1.27,3,1,0,0,0.0228,0,2,Low
TXN100387,CUST009,27,6214.67,Transfer,22,Bangalore,Bangalore,Windows,0,284,8817.24,7356.69,-1142.02,0.84,2,0,0,0,0.0065,0,1,Low
TXN100388,CUST009,28,3075.93,Bill Payment,10,Bangalore,Bangalore,Windows,0,284,6214.67,7291.62,-4215.68,0.42,1,0,0,0,0.0011,0,0,Low
TXN100389,CUST009,29,12565.94,Bill Payment,12,Delhi,Bangalore,Windows,0,284,3075.93,6383.53,6182.41,1.97,3,0,0,1,0.0404,0,4,Low
TXN100390,CUST009,30,6946.27,Purchase,9,Bangalore,Bangalore,Windows,0,284,12565.94,7284.41,-338.13,0.95,3,0,0,0,0.0272,0,3,Low
TXN100391,CUST009,31,18845.95,ATM Withdrawal,9,Bangalore,Bangalore,Windows,0,284,6946.27,7117.6,11728.35,2.65,5,0,0,0,0.0103,0,1,Low
TXN100392,CUST009,32,3740.74,Purchase,9,Bangalore,Bangalore,Windows,0,284,18845.95,8048.28,-4307.54,0.46,2,0,0,0,0.0039,0,0,Low
TXN100393,CUST009,33,7366.44,ATM Withdrawal,12,Bangalore,Bangalore,Windows,0,284,3740.74,7847.89,-481.45,0.94,0,0,0,0,0.0026,0,0,Low
TXN100394,CUST009,34,6270.39,Online Payment,13,Bangalore,Bangalore,Windows,0,284,7366.44,8219.98,-1949.59,0.76,1,0,0,0,0.0047,0,0,Low
TXN100395,CUST009,35,8151.45,Online Payment,9,Mysore,Bangalore,Windows,0,284,6270.39,7617.02,534.42,1.07,2,0,0,1,0.0316,0,3,Low
TXN100396,CUST009,36,6049.88,Purchase,9,Bangalore,Bangalore,Windows,0,284,8151.45,8199.5,-2149.62,0.74,4,0,0,0,0.0032,0,0,Low
TXN100397,CUST010,1,3040.49,Transfer,14,Hassan,Hassan,Android,0,2309,0.0,4062.15,-1021.65,0.75,5,0,0,0,0.0117,1,1,Low
TXN100398,CUST010,2,4341.47,Purchase,6,Hassan,Hassan,Android,0,2309,3040.49,3040.49,1300.98,1.43,3,0,0,0,0.0092,0,1,Low
TXN100399,CUST010,3,10739.42,Purchase,22,Hassan,Hassan,Android,0,2309,4341.47,3690.98,7048.44,2.91,1,0,0,0,0.0253,0,3,Low
TXN100400,CUST010,4,2185.6,Purchase,15,Hassan,Hassan,Android,0,2309,10739.42,6040.46,-3854.86,0.36,1,0,0,0,0.0074,0,1,Low
TXN100401,CUST010,5,8467.14,Purchase,12,Hassan,Hassan,Android,0,2309,2185.6,5076.75,3390.39,1.67,3,0,0,0,0.0021,0,0,Low
TXN100402,CUST010,6,2957.79,Purchase,8,Hassan,Hassan,Android,0,2309,8467.14,5754.83,-2797.04,0.51,4,0,0,0,0.0033,0,0,Low
TXN100403,CUST010,7,5852.05,ATM Withdrawal,22,Hassan,Hassan,Android,0,2309,2957.79,5288.65,563.4,1.11,3,0,0,0,0.0032,0,0,Low
TXN100404,CUST010,8,1473.25,Purchase,10,Hassan,Hassan,Android,0,2309,5852.05,5369.14,-3895.89,0.27,2,1,0,0,0.0065,0,1,Low
TXN100405,CUST010,9,2582.82,Transfer,14,Hassan,Hassan,Android,0,2309,1473.25,4882.15,-2299.33,0.53,1,0,0,0,0.0107,0,1,Low
TXN100406,CUST010,10,12062.39,Transfer,11,Hassan,Hassan,Android,0,2309,2582.82,4626.67,7435.72,2.61,0,0,0,0,0.013,0,1,Low
TXN100407,CUST010,11,3079.03,Bill Payment,15,Hassan,Hassan,iPhone,1,2309,12062.39,5370.24,-2291.21,0.57,3,0,0,0,0.0445,0,4,Low
TXN100408,CUST010,12,2460.73,Transfer,6,Hassan,Hassan,Android,0,2309,3079.03,5374.1,-2913.37,0.46,3,0,0,0,0.0021,0,0,Low
TXN100409,CUST010,13,7880.5,ATM Withdrawal,8,Hassan,Hassan,Android,1,2309,2460.73,5186.02,2694.48,1.52,0,2,1,0,0.55,1,55,Medium
TXN100410,CUST010,14,2616.06,ATM Withdrawal,6,Hassan,Hassan,iPhone,1,2309,7880.5,4900.13,-2284.07,0.53,1,1,0,0,0.0223,0,2,Low
TXN100411,CUST010,15,2601.57,Purchase,18,Hassan,Hassan,Android,0,2309,2616.06,4943.18,-2341.6,0.53,1,0,1,0,0.0282,0,3,Low
TXN100412,CUST010,16,4951.78,Online Payment,7,Hassan,Hassan,Android,0,2309,2601.57,4356.62,595.16,1.14,2,0,0,0,0.0163,0,2,Low
TXN100413,CUST010,17,7998.41,Transfer,15,Hassan,Hassan,Android,0,2309,4951.78,4556.02,3442.39,1.76,1,0,0,0,0.0064,0,1,Low
TXN100414,CUST010,18,6812.05,ATM Withdrawal,12,Hassan,Hassan,Android,0,2309,7998.41,4770.66,2041.39,1.43,0,0,0,0,0.0072,0,1,Low
TXN100415,CUST010,19,3849.06,ATM Withdrawal,11,Hassan,Hassan,Android,0,2309,6812.05,5304.54,-1455.48,0.73,1,1,0,0,0.0097,0,1,Low
TXN100416,CUST010,20,2860.57,ATM Withdrawal,19,Hassan,Hassan,Android,0,2309,3849.06,5431.16,-2570.59,0.53,1,0,0,0,0.011,0,1,Low
TXN100417,CUST010,21,4370.87,Online Payment,12,Hassan,Hassan,Android,0,2309,2860.57,4510.98,-140.11,0.97,6,0,0,0,0.0093,0,1,Low
TXN100418,CUST010,22,1552.05,Transfer,22,Hassan,Hassan,Windows,1,2309,4370.87,4640.16,-3088.11,0.33,1,0,0,0,0.0079,0,1,Low
TXN100419,CUST010,23,2181.45,Transfer,13,Mangalore,Hassan,Android,0,2309,1552.05,4549.29,-2367.84,0.48,1,0,0,1,0.0072,0,1,Low
TXN100420,CUST010,24,5218.24,Online Payment,11,Hassan,Hassan,Android,0,2309,2181.45,3979.39,1238.85,1.31,1,0,0,0,0.0132,0,1,Low
TXN100421,CUST010,25,5884.62,Online Payment,11,Hassan,Hassan,Android,0,2309,5218.24,4239.6,1645.02,1.39,1,0,0,0,0.0055,0,1,Low
TXN100422,CUST010,26,1388.81,Transfer,8,Hassan,Hassan,Windows,1,2309,5884.62,4567.91,-3179.1,0.3,3,0,0,0,0.0423,0,4,Low
TXN100423,CUST010,27,8841.32,Purchase,20,Hassan,Hassan,Android,0,2309,1388.81,4211.61,4629.71,2.1,2,0,0,0,0.0105,0,1,Low
TXN100424,CUST010,28,3317.05,ATM Withdrawal,21,Hassan,Hassan,Android,0,2309,8841.32,4295.9,-978.85,0.77,3,0,0,0,0.0046,0,0,Low
TXN100425,CUST010,29,6932.09,Bill Payment,21,Mangalore,Hassan,Android,0,2309,3317.05,3946.4,2985.69,1.76,1,3,1,1,0.2289,0,23,Low
TXN100426,CUST010,30,10618.8,Purchase,17,Hassan,Hassan,Android,0,2309,6932.09,4254.71,6364.09,2.5,3,0,0,0,0.0251,0,3,Low
TXN100427,CUST010,31,1525.14,Transfer,13,Delhi,Hassan,Android,0,2309,10618.8,5030.53,-3505.39,0.3,2,0,0,1,0.0147,0,1,Low
TXN100428,CUST010,32,3051.56,Purchase,17,Hassan,Hassan,Android,0,2309,1525.14,4745.96,-1694.39,0.64,2,0,0,0,0.0099,0,1,Low
TXN100429,CUST011,1,43338.75,Purchase,13,Mumbai,Mumbai,Android,1,1113,0.0,8945.86,34392.9,4.84,3,1,0,0,0.1093,0,11,Low
TXN100430,CUST011,2,9763.91,Transfer,21,Mumbai,Mumbai,Windows,0,1113,43338.75,43338.75,-33574.84,0.23,2,1,0,0,0.0112,0,1,Low
TXN100431,CUST011,3,2548.98,Bill Payment,8,Mumbai,Mumbai,Windows,0,1113,9763.91,26551.33,-24002.36,0.1,2,0,0,0,0.0083,0,1,Low
TXN100432,CUST011,4,11594.46,Purchase,18,Mumbai,Mumbai,Windows,0,1113,2548.98,18550.55,-6956.09,0.63,1,0,0,0,0.0136,0,1,Low
TXN100433,CUST011,5,9679.37,Purchase,6,Mumbai,Mumbai,Windows,0,1113,11594.46,16811.52,-7132.16,0.58,0,0,0,0,0.0038,0,0,Low
TXN100434,CUST011,6,17041.03,Transfer,17,Mumbai,Mumbai,Windows,0,1113,9679.37,15385.09,1655.93,1.11,1,0,0,0,0.0023,0,0,Low
TXN100435,CUST011,7,31235.28,Transfer,21,Chennai,Mumbai,Windows,0,1113,17041.03,15661.08,15574.19,1.99,2,0,0,1,0.0476,0,5,Low
TXN100436,CUST011,8,9397.61,Purchase,11,Mumbai,Mumbai,Windows,0,1113,31235.28,17885.97,-8488.36,0.53,1,1,0,0,0.0067,0,1,Low
TXN100437,CUST011,9,11447.53,Transfer,19,Mumbai,Mumbai,Windows,0,1113,9397.61,16824.92,-5377.4,0.68,1,2,0,0,0.0133,0,1,Low
TXN100438,CUST011,10,5220.69,Transfer,15,Mumbai,Mumbai,Windows,0,1113,11447.53,16227.43,-11006.74,0.32,2,0,0,0,0.0174,0,2,Low
TXN100439,CUST011,11,8974.72,Bill Payment,20,Mumbai,Mumbai,Windows,0,1113,5220.69,15126.76,-6152.04,0.59,2,0,0,0,0.0113,0,1,Low
TXN100440,CUST011,12,3074.31,Online Payment,16,Mumbai,Mumbai,Windows,0,1113,8974.72,11690.36,-8616.05,0.26,2,0,0,0,0.0038,0,0,Low
TXN100441,CUST011,13,9539.92,ATM Withdrawal,20,Mumbai,Mumbai,Windows,0,1113,3074.31,11021.4,-1481.47,0.87,2,0,0,0,0.0157,0,2,Low
TXN100442,CUST011,14,12250.86,Purchase,8,Mumbai,Mumbai,Windows,0,1113,9539.92,11720.49,530.37,1.05,3,2,0,0,0.0087,0,1,Low
TXN100443,CUST011,15,28042.99,Bill Payment,17,Mumbai,Mumbai,Windows,0,1113,12250.86,11786.13,16256.86,2.38,3,0,0,0,0.0318,0,3,Low
TXN100444,CUST011,16,12270.42,Online Payment,6,Mumbai,Mumbai,Windows,0,1113,28042.99,13622.49,-1352.08,0.9,3,1,0,0,0.0111,0,1,Low
TXN100445,CUST011,17,15919.41,ATM Withdrawal,6,Mumbai,Mumbai,Windows,0,1113,12270.42,13145.43,2773.97,1.21,3,0,0,0,0.0136,0,1,Low
TXN100446,CUST011,18,1936.21,ATM Withdrawal,7,Mumbai,Mumbai,Windows,0,1113,15919.41,11613.85,-9677.64,0.17,0,0,0,0,0.0102,0,1,Low
TXN100447,CUST011,19,2105.82,Transfer,11,Mumbai,Mumbai,Windows,0,1113,1936.21,10867.71,-8761.89,0.19,1,0,0,0,0.0059,0,1,Low
TXN100448,CUST011,20,3285.41,Transfer,12,Mumbai,Mumbai,Windows,0,1113,2105.82,9933.54,-6648.12,0.33,0,0,0,0,0.0086,0,1,Low
TXN100449,CUST011,21,5297.56,Purchase,16,Mumbai,Mumbai,Windows,0,1113,3285.41,9740.01,-4442.45,0.54,1,0,0,0,0.0094,0,1,Low
TXN100450,CUST011,22,9968.02,Purchase,8,Mumbai,Mumbai,Windows,0,1113,5297.56,9372.29,595.73,1.06,4,0,0,0,0.0104,0,1,Low
TXN100451,CUST011,23,16995.53,Online Payment,15,Mumbai,Mumbai,Windows,0,1113,9968.02,10061.66,6933.87,1.69,1,0,1,0,0.0257,0,3,Low
TXN100452,CUST011,24,3736.15,Transfer,19,Mysore,Mumbai,Windows,0,1113,16995.53,10807.22,-7071.07,0.35,2,1,0,1,0.0134,0,1,Low
TXN100453,CUST011,25,15692.24,Transfer,7,Mumbai,Mumbai,Windows,0,1113,3736.15,9955.75,5736.49,1.58,2,0,0,0,0.0106,0,1,Low
TXN100454,CUST011,26,23749.59,Bill Payment,17,Mumbai,Mumbai,Windows,0,1113,15692.24,8720.68,15028.91,2.72,0,0,0,0,0.0125,0,1,Low
TXN100455,CUST011,27,16423.84,ATM Withdrawal,21,Mumbai,Mumbai,Windows,0,1113,23749.59,9868.59,6555.24,1.66,2,1,0,0,0.0098,0,1,Low
TXN100456,CUST011,28,8448.74,Online Payment,22,Mumbai,Mumbai,Windows,0,1113,16423.84,9919.04,-1470.3,0.85,5,0,0,0,0.0408,0,4,Low
TXN100457,CUST011,29,12163.44,Bill Payment,6,Mumbai,Mumbai,Windows,0,1113,8448.74,10570.29,1593.15,1.15,1,0,0,0,0.006,0,1,Low
TXN100458,CUST011,30,31124.56,Transfer,21,Mumbai,Mumbai,Mac,1,1113,12163.44,11576.05,19548.51,2.69,5,0,0,0,0.2566,0,26,Low
TXN100459,CUST011,31,18642.02,Online Payment,15,Mumbai,Mumbai,Windows,0,1113,31124.56,14359.97,4282.05,1.3,2,0,0,0,0.0105,0,1,Low
TXN100460,CUST011,32,2518.89,Purchase,13,Mumbai,Mumbai,Windows,0,1113,18642.02,15694.41,-13175.52,0.16,5,0,0,0,0.0153,0,2,Low
TXN100461,CUST011,33,11498.15,Bill Payment,14,Mumbai,Mumbai,Windows,0,1113,2518.89,14949.5,-3451.35,0.77,2,0,0,0,0.0104,0,1,Low
TXN100462,CUST011,34,5065.08,Transfer,11,Mumbai,Mumbai,Windows,0,1113,11498.15,14399.76,-9334.68,0.35,2,0,0,0,0.0046,0,0,Low
TXN100463,CUST011,35,37408.85,Purchase,14,Mumbai,Mumbai,Windows,0,1113,5065.08,14532.65,22876.2,2.57,2,1,0,0,0.0371,0,4,Low
TXN100464,CUST011,36,11836.14,Transfer,12,Mumbai,Mumbai,Windows,0,1113,37408.85,16704.31,-4868.17,0.71,3,0,0,0,0.0031,0,0,Low
TXN100465,CUST011,37,9876.77,Transfer,10,Mumbai,Mumbai,Windows,0,1113,11836.14,15512.97,-5636.2,0.64,2,0,0,0,0.0027,0,0,Low
TXN100466,CUST011,38,21805.76,Purchase,11,Mumbai,Mumbai,Windows,0,1113,9876.77,14858.26,6947.5,1.47,2,0,0,0,0.0026,0,0,Low
TXN100467,CUST011,39,12549.23,Purchase,8,Mumbai,Mumbai,Windows,0,1113,21805.76,16193.97,-3644.74,0.77,3,0,0,0,0.0101,0,1,Low
TXN100468,CUST011,40,7915.56,Bill Payment,22,Mumbai,Mumbai,Windows,0,1113,12549.23,16232.55,-8316.99,0.49,1,1,0,0,0.0056,0,1,Low
TXN100469,CUST011,41,8355.75,Transfer,6,Mumbai,Mumbai,Windows,0,1113,7915.56,13911.64,-5555.89,0.6,3,2,0,0,0.0295,0,3,Low
TXN100470,CUST011,42,3293.18,Bill Payment,10,Mumbai,Mumbai,Windows,0,1113,8355.75,12883.02,-9589.84,0.26,2,0,0,0,0.0045,0,0,Low
TXN100471,CUST011,43,18585.78,Purchase,19,Mumbai,Mumbai,Windows,0,1113,3293.18,12960.45,5625.33,1.43,1,0,0,0,0.0093,0,1,Low
TXN100472,CUST011,44,18500.22,ATM Withdrawal,12,Mumbai,Mumbai,Windows,0,1113,18585.78,13669.21,4831.01,1.35,2,0,1,0,0.0094,0,1,Low
TXN100473,CUST011,45,6839.19,Transfer,17,Mumbai,Mumbai,Windows,0,1113,18500.22,15012.72,-8173.54,0.46,3,0,0,0,0.009,0,1,Low
TXN100474,CUST011,46,6937.3,Purchase,14,Mumbai,Mumbai,Windows,0,1113,6839.19,11955.76,-5018.46,0.58,3,0,0,0,0.0023,0,0,Low
TXN100475,CUST012,1,12653.58,Transfer,11,Chennai,Chennai,Android,0,2098,0.0,9263.8,3389.78,1.37,3,0,0,0,0.0156,0,2,Low
TXN100476,CUST012,2,9136.15,Transfer,7,Chennai,Chennai,iPhone,1,2098,12653.58,12653.58,-3517.43,0.72,5,0,0,0,0.0357,0,4,Low
TXN100477,CUST012,3,10394.89,Online Payment,17,Chennai,Chennai,Android,0,2098,9136.15,10894.87,-499.98,0.95,1,0,0,0,0.0167,0,2,Low
TXN100478,CUST012,4,7320.58,Online Payment,19,Chennai,Chennai,Mac,1,2098,10394.89,10728.21,-3407.62,0.68,2,1,0,0,0.0898,0,9,Low
TXN100479,CUST012,5,7868.19,Purchase,8,Chennai,Chennai,Android,0,2098,7320.58,9876.3,-2008.12,0.8,4,0,0,0,0.0084,0,1,Low
TXN100480,CUST012,6,119186.11,Transfer,22,Chennai,Chennai,Android,0,2098,7868.19,9474.68,109711.43,12.58,2,4,0,0,0.55,1,55,Medium
TXN100481,CUST012,7,8662.27,Purchase,20,Chennai,Chennai,Android,0,2098,119186.11,27759.92,-19097.65,0.31,1,0,0,0,0.0052,0,1,Low
TXN100482,CUST012,8,15222.65,Online Payment,16,Chennai,Chennai,Android,0,2098,8662.27,25031.68,-9809.03,0.61,0,0,0,0,0.0031,0,0,Low
TXN100483,CUST012,9,5199.35,Bill Payment,14,Chennai,Chennai,Android,0,2098,15222.65,23805.55,-18606.2,0.22,1,0,0,0,0.0025,0,0,Low
TXN100484,CUST012,10,3613.52,Purchase,16,Chennai,Chennai,Android,0,2098,5199.35,21738.2,-18124.68,0.17,4,0,0,0,0.0049,0,0,Low
TXN100485,CUST012,11,8135.14,Bill Payment,10,Mangalore,Chennai,Android,0,2098,3613.52,19925.73,-11790.59,0.41,2,0,0,1,0.0154,0,2,Low
TXN100486,CUST012,12,14643.29,Purchase,7,Chennai,Chennai,Android,0,2098,8135.14,19473.89,-4830.6,0.75,1,0,0,0,0.0092,0,1,Low
TXN100487,CUST012,13,3563.37,Transfer,10,Hyderabad,Chennai,Android,0,2098,14643.29,20024.6,-16461.23,0.18,1,0,0,1,0.0252,0,3,Low
TXN100488,CUST012,14,4825.2,Bill Payment,11,Bangalore,Chennai,Android,0,2098,3563.37,19341.45,-14516.24,0.25,1,0,0,1,0.0342,0,3,Low
TXN100489,CUST012,15,18504.62,Transfer,6,Bangalore,Chennai,Android,0,2098,4825.2,19091.91,-587.29,0.97,4,0,0,1,0.03,0,3,Low
TXN100490,CUST012,16,26542.5,ATM Withdrawal,13,Chennai,Chennai,Windows,1,2098,18504.62,20155.55,6386.95,1.32,2,0,0,0,0.0375,0,4,Low
TXN100491,CUST012,17,3865.27,ATM Withdrawal,18,Chennai,Chennai,Android,0,2098,26542.5,10891.19,-7025.93,0.35,2,0,1,0,0.0163,0,2,Low
TXN100492,CUST012,18,13871.92,Transfer,8,Chennai,Chennai,Android,0,2098,3865.27,10411.49,3460.43,1.33,1,0,0,0,0.0166,0,2,Low
TXN100493,CUST012,19,12813.24,Transfer,20,Chennai,Chennai,Android,0,2098,13871.92,10276.42,2536.82,1.25,1,0,0,0,0.0039,0,0,Low
TXN100494,CUST012,20,9755.07,Purchase,13,Chennai,Chennai,Android,0,2098,12813.24,11037.81,-1282.74,0.88,1,0,0,0,0.0032,0,0,Low
TXN100495,CUST012,21,3796.12,Transfer,14,Chennai,Chennai,Android,0,2098,9755.07,11651.96,-7855.84,0.33,4,0,1,0,0.0129,0,1,Low
TXN100496,CUST012,22,7501.68,Transfer,7,Chennai,Chennai,iPhone,1,2098,3796.12,11218.06,-3716.38,0.67,1,0,0,0,0.0297,0,3,Low
TXN100497,CUST012,23,8059.53,Online Payment,7,Chennai,Chennai,Android,0,2098,7501.68,10503.9,-2444.37,0.77,0,0,0,0,0.0207,0,2,Low
TXN100498,CUST012,24,17764.91,Transfer,19,Chennai,Chennai,Android,0,2098,8059.53,10953.51,6811.4,1.62,1,0,0,0,0.0135,0,1,Low
TXN100499,CUST012,25,10346.46,Purchase,18,Chennai,Chennai,Android,0,2098,17764.91,12247.49,-1901.03,0.84,0,1,0,0,0.0081,0,1,Low
TXN100500,CUST012,26,11671.02,Online Payment,11,Hyderabad,Chennai,Android,0,2098,10346.46,11431.67,239.35,1.02,2,0,0,1,0.0142,0,1,Low
TXN100501,CUST012,27,5502.37,Purchase,9,Chennai,Chennai,Android,0,2098,11671.02,9944.52,-4442.15,0.55,0,0,0,0,0.0311,0,3,Low
TXN100502,CUST012,28,9711.27,ATM Withdrawal,8,Chennai,Chennai,Mac,1,2098,5502.37,10108.23,-396.96,0.96,3,0,0,0,0.0957,0,10,Low
TXN100503,CUST012,29,10857.93,Transfer,16,Chennai,Chennai,Android,0,2098,9711.27,9692.17,1165.76,1.12,1,2,0,0,0.0045,0,0,Low
TXN100504,CUST012,30,17857.26,Purchase,12,Chennai,Chennai,Android,0,2098,10857.93,9496.64,8360.62,1.88,4,0,0,0,0.0035,0,0,Low
TXN100505,CUST012,31,16080.04,Bill Payment,17,Chennai,Chennai,Android,0,2098,17857.26,10306.85,5773.18,1.56,2,2,0,0,0.0612,0,6,Low
TXN100506,CUST012,32,23175.84,Online Payment,16,Chennai,Chennai,Android,0,2098,16080.04,11535.25,11640.59,2.01,1,0,0,0,0.0075,0,1,Low
TXN100507,CUST012,33,7679.51,Purchase,22,Chennai,Chennai,Android,0,2098,23175.84,13102.66,-5423.16,0.59,3,1,0,0,0.0083,0,1,Low
TXN100508,CUST012,34,6021.04,Online Payment,20,Chennai,Chennai,Android,0,2098,7679.51,13064.66,-7043.62,0.46,1,0,0,0,0.026,0,3,Low
TXN100509,CUST012,35,6561.25,Bill Payment,19,Chennai,Chennai,Android,0,2098,6021.04,11890.27,-5329.02,0.55,1,0,0,0,0.0221,0,2,Low
TXN100510,CUST012,36,7784.67,Purchase,9,Chennai,Chennai,Android,0,2098,6561.25,11511.75,-3727.08,0.68,3,0,0,0,0.0082,0,1,Low
TXN100511,CUST012,37,6077.8,Bill Payment,11,Chennai,Chennai,Android,0,2098,7784.67,11123.12,-5045.32,0.55,0,0,0,0,0.0169,0,2,Low
TXN100512,CUST012,38,69570.47,Online Payment,12,Chennai,Chennai,Android,0,2098,6077.8,11180.66,58389.81,6.22,2,1,0,0,0.0148,0,1,Low
TXN100513,CUST012,39,4029.6,Purchase,20,Chennai,Chennai,Android,0,2098,69570.47,17166.58,-13136.98,0.23,3,0,0,0,0.0087,0,1,Low
TXN100514,CUST012,40,17518.66,Transfer,18,Chennai,Chennai,Android,0,2098,4029.6,16483.75,1034.91,1.06,3,0,0,0,0.0312,0,3,Low
TXN100515,CUST012,41,9747.04,Purchase,12,Chennai,Chennai,Windows,1,2098,17518.66,16449.89,-6702.85,0.59,1,0,0,0,0.019,0,2,Low
TXN100516,CUST012,42,11111.69,ATM Withdrawal,18,Hyderabad,Chennai,Mac,1,2098,9747.04,15816.59,-4704.9,0.7,4,1,1,1,0.1233,0,12,Low
TXN100517,CUST012,43,20952.12,Purchase,12,Chennai,Chennai,iPhone,1,2098,11111.69,14610.17,6341.95,1.43,2,2,1,0,0.0878,0,9,Low
TXN100518,CUST012,44,11882.57,Bill Payment,19,Chennai,Chennai,Android,0,2098,20952.12,15937.43,-4054.86,0.75,3,0,0,0,0.0131,0,1,Low
TXN100519,CUST012,45,9475.16,Purchase,9,Chennai,Chennai,Android,0,2098,11882.57,16523.59,-7048.43,0.57,0,0,0,0,0.0043,0,0,Low
TXN100520,CUST012,46,10056.28,Transfer,13,Chennai,Chennai,Android,0,2098,9475.16,16814.98,-6758.7,0.6,4,0,0,0,0.0046,0,0,Low
TXN100521,CUST012,47,3482.61,Purchase,18,Chennai,Chennai,Android,0,2098,10056.28,17042.14,-13559.53,0.2,0,0,0,0,0.0033,0,0,Low
TXN100522,CUST012,48,4065.38,Transfer,20,Chennai,Chennai,Android,0,2098,3482.61,16782.62,-12717.24,0.24,4,0,0,0,0.014,0,1,Low
TXN100523,CUST012,49,16657.91,ATM Withdrawal,16,Chennai,Chennai,Android,0,2098,4065.38,10232.11,6425.8,1.63,6,0,0,0,0.0159,0,2,Low
TXN100524,CUST012,50,17342.43,ATM Withdrawal,20,Chennai,Chennai,Android,0,2098,16657.91,11494.94,5847.49,1.51,3,0,0,0,0.0093,0,1,Low
TXN100525,CUST012,51,18849.4,Bill Payment,7,Chennai,Chennai,Android,0,2098,17342.43,11477.32,7372.08,1.64,2,0,0,0,0.0077,0,1,Low
TXN100526,CUST012,52,23978.97,Transfer,7,Mysore,Chennai,Android,0,2098,18849.4,12387.55,11591.42,1.94,1,0,0,1,0.0468,0,5,Low
TXN100527,CUST012,53,17401.35,Purchase,6,Delhi,Chennai,Android,0,2098,23978.97,13674.28,3727.07,1.27,1,1,0,1,0.0335,0,3,Low
TXN100528,CUST012,54,10304.02,Transfer,8,Chennai,Chennai,Android,0,2098,17401.35,13319.21,-3015.19,0.77,2,0,0,0,0.0057,0,1,Low
TXN100529,CUST012,55,14246.47,Online Payment,21,Chennai,Chennai,Android,0,2098,10304.02,13161.35,1085.12,1.08,2,0,0,0,0.0156,0,2,Low
TXN100530,CUST012,56,9021.67,Bill Payment,11,Hyderabad,Chennai,Android,0,2098,14246.47,13638.48,-4616.81,0.66,3,1,0,1,0.0353,0,4,Low
TXN100531,CUST012,57,11998.77,Transfer,13,Chennai,Chennai,Android,0,2098,9021.67,13535.02,-1536.25,0.89,0,0,0,0,0.0075,0,1,Low
TXN100532,CUST012,58,10680.55,Online Payment,20,Chennai,Chennai,Android,0,2098,11998.77,14386.64,-3706.08,0.74,3,1,0,0,0.0147,0,1,Low
TXN100533,CUST012,59,19596.64,Transfer,11,Chennai,Chennai,Android,0,2098,10680.55,15048.15,4548.49,1.3,2,0,0,0,0.007,0,1,Low
TXN100534,CUST012,60,6989.22,Online Payment,16,Chennai,Chennai,Android,0,2098,19596.64,15342.03,-8352.81,0.46,6,0,0,0,0.0107,0,1,Low
TXN100535,CUST013,1,885.55,Bill Payment,10,Mysore,Mysore,Android,0,1375,0.0,1187.2,-301.66,0.75,2,2,1,0,0.0239,0,2,Low
TXN100536,CUST013,2,1129.84,Purchase,11,Mysore,Mysore,Android,0,1375,885.55,885.55,244.29,1.28,0,0,0,0,0.0112,0,1,Low
TXN100537,CUST013,3,936.0,Bill Payment,17,Mysore,Mysore,Android,0,1375,1129.84,1007.69,-71.69,0.93,1,0,0,0,0.0104,0,1,Low
TXN100538,CUST013,4,1018.78,ATM Withdrawal,6,Mysore,Mysore,iPhone,1,1375,936.0,983.79,34.98,1.04,4,0,0,0,0.0418,0,4,Low
TXN100539,CUST013,5,233.78,Transfer,14,Mysore,Mysore,Android,0,1375,1018.78,992.54,-758.75,0.24,2,0,0,0,0.0086,0,1,Low
TXN100540,CUST013,6,2985.86,Bill Payment,13,Mysore,Mysore,Android,0,1375,233.78,840.79,2145.07,3.55,5,0,0,0,0.0284,0,3,Low
TXN100541,CUST013,7,1930.54,Transfer,14,Mysore,Mysore,iPhone,1,1375,2985.86,1198.3,732.24,1.61,2,0,0,0,0.0182,0,2,Low
TXN100542,CUST013,8,2022.26,Purchase,9,Mysore,Mysore,Android,0,1375,1930.54,1302.91,719.35,1.55,3,0,0,0,0.0071,0,1,Low
TXN100543,CUST013,9,1114.3,ATM Withdrawal,16,Mysore,Mysore,Android,0,1375,2022.26,1392.83,-278.53,0.8,2,0,0,0,0.0045,0,0,Low
TXN100544,CUST013,10,781.94,Purchase,17,Mumbai,Mysore,Android,0,1375,1114.3,1361.88,-579.94,0.57,0,0,0,1,0.031,0,3,Low
TXN100545,CUST013,11,997.25,Transfer,22,Mysore,Mysore,Android,0,1375,781.94,1303.88,-306.63,0.76,1,0,0,0,0.0262,0,3,Low
TXN100546,CUST013,12,585.61,Transfer,21,Mysore,Mysore,Android,0,1375,997.25,1315.05,-729.45,0.45,1,0,0,0,0.0049,0,0,Low
TXN100547,CUST013,13,863.27,Transfer,13,Mysore,Mysore,Android,0,1375,585.61,1260.63,-397.36,0.68,2,0,0,0,0.0092,0,1,Low
TXN100548,CUST013,14,1151.97,ATM Withdrawal,21,Pune,Mysore,Android,0,1375,863.27,1253.36,-101.39,0.92,2,0,0,1,0.0049,0,0,Low
TXN100549,CUST013,15,1112.12,Transfer,6,Mysore,Mysore,iPhone,1,1375,1151.97,1266.68,-154.56,0.88,2,0,0,0,0.05,0,5,Low
TXN100550,CUST013,16,3107.28,ATM Withdrawal,12,Mysore,Mysore,Android,0,1375,1112.12,1354.51,1752.77,2.29,4,0,0,0,0.0142,0,1,Low
TXN100551,CUST013,17,1631.32,Purchase,14,Mysore,Mysore,Android,0,1375,3107.28,1366.65,264.67,1.19,2,0,0,0,0.0064,0,1,Low
TXN100552,CUST013,18,3747.45,Purchase,18,Pune,Mysore,Android,0,1375,1631.32,1336.73,2410.72,2.8,3,0,0,1,0.0914,0,9,Low
TXN100553,CUST013,19,1163.08,Purchase,21,Mysore,Mysore,Windows,1,1375,3747.45,1509.25,-346.17,0.77,2,0,0,0,0.0176,0,2,Low
TXN100554,CUST013,20,741.88,Purchase,8,Mysore,Mysore,Android,0,1375,1163.08,1514.13,-772.25,0.49,1,0,0,0,0.0105,0,1,Low
TXN100555,CUST013,21,1836.31,Bill Payment,10,Mysore,Mysore,Android,0,1375,741.88,1510.12,326.19,1.22,5,0,0,0,0.0082,0,1,Low
TXN100556,CUST013,22,795.3,Purchase,6,Mysore,Mysore,Android,0,1375,1836.31,1594.03,-798.73,0.5,4,1,0,0,0.0016,0,0,Low
TXN100557,CUST013,23,566.5,Transfer,16,Mysore,Mysore,Windows,1,1375,795.3,1615.0,-1048.5,0.35,0,0,0,0,0.0191,0,2,Low
TXN100558,CUST013,24,1142.04,Online Payment,6,Mysore,Mysore,Android,0,1375,566.5,1585.32,-443.28,0.72,0,0,0,0,0.0015,0,0,Low
TXN100559,CUST013,25,4048.6,Transfer,11,Mysore,Mysore,Android,0,1375,1142.04,1584.33,2464.27,2.56,3,0,0,0,0.0728,0,7,Low
TXN100560,CUST013,26,983.78,Online Payment,16,Mysore,Mysore,Android,0,1375,4048.6,1877.98,-894.2,0.52,2,0,0,0,0.0164,0,2,Low
TXN100561,CUST013,27,1945.35,Online Payment,11,Mysore,Mysore,Android,0,1375,983.78,1665.63,279.72,1.17,2,0,0,0,0.007,0,1,Low
TXN100562,CUST013,28,607.6,Purchase,12,Mysore,Mysore,Android,0,1375,1945.35,1697.03,-1089.43,0.36,4,0,0,0,0.0047,0,0,Low
TXN100563,CUST013,29,593.45,Purchase,15,Mysore,Mysore,Android,0,1375,607.6,1383.04,-789.6,0.43,1,0,0,0,0.0133,0,1,Low
TXN100564,CUST013,30,807.52,Purchase,16,Mysore,Mysore,Android,0,1375,593.45,1326.08,-518.56,0.61,2,1,0,0,0.0062,0,1,Low
TXN100565,CUST013,31,2342.9,Purchase,14,Mysore,Mysore,Android,0,1375,807.52,1332.65,1010.26,1.76,2,0,1,0,0.0205,0,2,Low
TXN100566,CUST013,32,740.68,ATM Withdrawal,11,Mysore,Mysore,Windows,1,1375,2342.9,1383.3,-642.62,0.54,4,0,0,0,0.029,0,3,Low
TXN100567,CUST013,33,3607.57,Purchase,20,Mysore,Mysore,Windows,1,1375,740.68,1377.84,2229.73,2.62,3,0,0,0,0.0835,0,8,Low
TXN100568,CUST013,34,1596.36,Purchase,8,Mysore,Mysore,Android,0,1375,3607.57,1681.95,-85.59,0.95,2,1,0,0,0.0164,0,2,Low
TXN100569,CUST013,35,352.75,Bill Payment,18,Mysore,Mysore,Android,0,1375,1596.36,1727.38,-1374.63,0.2,5,0,0,0,0.0081,0,1,Low
TXN100570,CUST013,36,1477.66,Purchase,19,Hassan,Mysore,Android,0,1375,352.75,1357.8,119.86,1.09,0,0,0,1,0.0433,0,4,Low
TXN100571,CUST013,37,665.45,Online Payment,12,Mysore,Mysore,Android,0,1375,1477.66,1407.18,-741.74,0.47,1,0,0,0,0.0029,0,0,Low
TXN100572,CUST013,38,914.77,Purchase,12,Mysore,Mysore,Android,0,1375,665.45,1279.19,-364.42,0.72,2,0,0,0,0.0048,0,0,Low
TXN100573,CUST013,39,447.48,Transfer,21,Mysore,Mysore,Android,0,1375,914.77,1309.91,-862.44,0.34,0,2,0,0,0.0273,0,3,Low
TXN100574,CUST013,40,912.04,Transfer,6,Mysore,Mysore,Android,0,1375,447.48,1295.31,-383.27,0.7,3,0,0,0,0.0089,0,1,Low
TXN100575,CUST013,41,1721.23,Purchase,9,Mysore,Mysore,Android,0,1375,912.04,1305.77,415.47,1.32,0,0,0,0,0.0114,0,1,Low
TXN100576,CUST013,42,6480.62,Transfer,11,Mysore,Mysore,Android,0,1375,1721.23,1243.6,5237.02,5.21,3,1,0,0,0.0153,0,2,Low
TXN100577,CUST013,43,1550.32,Online Payment,19,Mysore,Mysore,iPhone,1,1375,6480.62,1817.59,-267.28,0.85,5,0,1,0,0.0634,0,6,Low
TXN100578,CUST013,44,1121.66,Transfer,18,Mysore,Mysore,iPhone,1,1375,1550.32,1611.87,-490.21,0.7,1,0,0,0,0.0137,0,1,Low
TXN100579,CUST013,45,507.02,Purchase,20,Pune,Mysore,Android,0,1375,1121.66,1564.4,-1057.38,0.32,4,0,0,1,0.0194,0,2,Low
TXN100580,CUST013,46,2259.79,Transfer,21,Mangalore,Mysore,Android,0,1375,507.02,1579.83,679.97,1.43,1,1,0,1,0.0248,0,2,Low
TXN100581,CUST013,47,407.32,ATM Withdrawal,17,Mysore,Mysore,Mac,1,1375,2259.79,1658.04,-1250.72,0.25,4,0,0,0,0.0269,0,3,Low
TXN100582,CUST013,48,719.38,ATM Withdrawal,12,Mysore,Mysore,Android,0,1375,407.32,1632.23,-912.85,0.44,3,0,1,0,0.032,0,3,Low
TXN100583,CUST013,49,1575.07,Online Payment,21,Mysore,Mysore,Android,0,1375,719.38,1612.69,-37.62,0.98,2,1,0,0,0.0141,0,1,Low
TXN100584,CUST013,50,1370.77,Purchase,21,Mysore,Mysore,Android,0,1375,1575.07,1725.44,-354.68,0.79,3,0,0,0,0.0034,0,0,Low
TXN100585,CUST013,51,3238.91,Purchase,10,Mysore,Mysore,Android,0,1375,1370.77,1771.32,1467.59,1.83,2,0,0,0,0.0072,0,1,Low
TXN100586,CUST013,52,1883.61,Purchase,14,Mysore,Mysore,iPhone,1,1375,3238.91,1923.09,-39.48,0.98,4,1,0,0,0.0582,0,6,Low
TXN100587,CUST014,1,1769.93,Transfer,22,Pune,Pune,Android,0,2039,0.0,1687.26,82.67,1.05,1,0,0,0,0.0052,0,1,Low
TXN100588,CUST014,2,908.42,Purchase,6,Pune,Pune,Android,0,2039,1769.93,1769.93,-861.5,0.51,4,3,0,0,0.0364,0,4,Low
TXN100589,CUST014,3,742.57,Purchase,11,Pune,Pune,Android,0,2039,908.42,1339.18,-596.6,0.55,2,0,0,0,0.004,0,0,Low
TXN100590,CUST014,4,5571.36,Online Payment,17,Pune,Pune,Android,0,2039,742.57,1140.31,4431.06,4.89,0,0,0,0,0.0235,0,2,Low
TXN100591,CUST014,5,1218.05,ATM Withdrawal,18,Pune,Pune,Windows,1,2039,5571.36,2248.07,-1030.03,0.54,3,0,0,0,0.075,0,8,Low
TXN100592,CUST014,6,1283.95,Bill Payment,9,Bangalore,Pune,Windows,1,2039,1218.05,2042.07,-758.12,0.63,0,0,0,1,0.0998,0,10,Low
TXN100593,CUST014,7,2275.62,Online Payment,11,Pune,Pune,Android,0,2039,1283.95,1915.71,359.9,1.19,2,0,0,0,0.0171,0,2,Low
TXN100594,CUST014,8,2402.95,Purchase,21,Pune,Pune,Android,0,2039,2275.62,1967.13,435.83,1.22,2,0,0,0,0.0047,0,0,Low
TXN100595,CUST014,9,1438.8,Transfer,14,Pune,Pune,Android,0,2039,2402.95,2021.61,-582.8,0.71,4,0,0,0,0.0079,0,1,Low
TXN100596,CUST014,10,1406.57,Purchase,6,Chennai,Pune,Android,0,2039,1438.8,1956.85,-550.28,0.72,3,0,0,1,0.0101,0,1,Low
TXN100597,CUST014,11,4369.54,Online Payment,13,Pune,Pune,Android,0,2039,1406.57,1901.82,2467.72,2.3,4,0,0,0,0.0187,0,2,Low
TXN100598,CUST014,12,5083.27,Purchase,17,Pune,Pune,Android,0,2039,4369.54,2161.78,2921.49,2.35,1,0,0,0,0.0275,0,3,Low
TXN100599,CUST014,13,1344.73,Purchase,12,Pune,Pune,Android,0,2039,5083.27,2579.27,-1234.54,0.52,0,0,0,0,0.0076,0,1,Low
TXN100600,CUST014,14,1334.35,Transfer,8,Pune,Pune,Mac,1,2039,1344.73,2639.48,-1305.13,0.51,3,0,0,0,0.0259,0,3,Low
TXN100601,CUST014,15,2636.81,ATM Withdrawal,17,Pune,Pune,Android,0,2039,1334.35,2215.78,421.03,1.19,1,1,0,0,0.0051,0,1,Low
TXN100602,CUST014,16,1007.65,Online Payment,8,Pune,Pune,Android,0,2039,2636.81,2357.66,-1350.01,0.43,5,0,1,0,0.0163,0,2,Low
TXN100603,CUST014,17,345.22,Purchase,6,Pune,Pune,Android,0,2039,1007.65,2330.03,-1984.81,0.15,2,0,0,0,0.022,0,2,Low
TXN100604,CUST014,18,278.97,Bill Payment,13,Pune,Pune,Mac,1,2039,345.22,2136.99,-1858.02,0.13,3,0,0,0,0.0114,0,1,Low
TXN100605,CUST014,19,2411.09,Purchase,15,Pune,Pune,Windows,1,2039,278.97,1924.59,486.5,1.25,5,0,0,0,0.1169,0,12,Low
TXN100606,CUST014,20,1813.95,Purchase,20,Pune,Pune,Android,0,2039,2411.09,2021.82,-207.87,0.9,1,2,0,0,0.0336,0,3,Low
TXN100607,CUST014,21,3525.23,Transfer,14,Pune,Pune,Mac,1,2039,1813.95,2062.56,1462.68,1.71,0,0,0,0,0.0429,0,4,Low
TXN100608,CUST014,22,1630.71,ATM Withdrawal,6,Hassan,Pune,Android,0,2039,3525.23,1978.13,-347.42,0.82,0,0,0,1,0.0131,0,1,Low
TXN100609,CUST014,23,1858.79,Purchase,9,Pune,Pune,Android,0,2039,1630.71,1632.87,225.92,1.14,2,0,0,0,0.0179,0,2,Low
TXN100610,CUST014,24,3151.17,Bill Payment,21,Pune,Pune,Android,0,2039,1858.79,1684.28,1466.89,1.87,3,1,0,0,0.0152,0,2,Low
TXN100611,CUST014,25,833.38,Online Payment,10,Mysore,Pune,Windows,1,2039,3151.17,1865.96,-1032.58,0.45,2,1,0,1,0.1201,0,12,Low
TXN100612,CUST014,26,1052.22,Transfer,12,Pune,Pune,Android,0,2039,833.38,1685.62,-633.4,0.62,2,1,0,0,0.0037,0,0,Low
TXN100613,CUST014,27,1508.57,Transfer,14,Pune,Pune,Android,0,2039,1052.22,1690.07,-181.5,0.89,1,0,0,0,0.0108,0,1,Low
TXN100614,CUST014,28,2483.38,Purchase,13,Pune,Pune,Android,0,2039,1508.57,1806.41,676.97,1.37,3,1,1,0,0.024,0,2,Low
TXN100615,CUST014,29,1304.46,ATM Withdrawal,12,Pune,Pune,Android,0,2039,2483.38,2026.85,-722.39,0.64,2,0,0,0,0.0071,0,1,Low
TXN100616,CUST014,30,2608.43,Transfer,13,Pune,Pune,Android,0,2039,1304.46,1916.19,692.25,1.36,6,0,0,0,0.013,0,1,Low
TXN100617,CUST014,31,2419.26,Purchase,20,Pune,Pune,Mac,1,2039,2608.43,1995.63,423.62,1.21,2,2,0,0,0.0675,0,7,Low
TXN100618,CUST014,32,3108.2,Online Payment,6,Pune,Pune,Android,0,2039,2419.26,1885.04,1223.16,1.65,0,0,0,0,0.0061,0,1,Low
TXN100619,CUST014,33,3554.0,Purchase,13,Pune,Pune,Android,0,2039,3108.2,2032.79,1521.22,1.75,3,0,0,0,0.0063,0,1,Low
TXN100620,CUST014,34,1186.12,Transfer,15,Pune,Pune,Android,0,2039,3554.0,2202.31,-1016.19,0.54,3,1,0,0,0.0063,0,1,Low
TXN100621,CUST014,35,2897.91,Purchase,19,Pune,Pune,Android,0,2039,1186.12,2005.8,892.11,1.44,3,0,0,0,0.0048,0,0,Low
TXN100622,CUST014,36,3291.52,ATM Withdrawal,15,Pune,Pune,Android,0,2039,2897.91,2212.25,1079.27,1.49,3,0,0,0,0.0125,0,1,Low
TXN100623,CUST014,37,987.78,Online Payment,8,Pune,Pune,Android,0,2039,3291.52,2436.19,-1448.41,0.41,0,0,0,0,0.0197,0,2,Low
TXN100624,CUST014,38,1616.51,Online Payment,18,Pune,Pune,Android,0,2039,987.78,2384.11,-767.59,0.68,0,0,0,0,0.0063,0,1,Low
TXN100625,CUST014,39,958.67,Transfer,10,Pune,Pune,Android,0,2039,1616.51,2297.42,-1338.75,0.42,2,0,0,0,0.0321,0,3,Low
TXN100626,CUST014,40,733.04,Purchase,18,Pune,Pune,Android,0,2039,958.67,2262.84,-1529.8,0.32,0,0,0,0,0.005,0,1,Low
TXN100627,CUST014,41,628.45,Transfer,6,Pune,Pune,Android,0,2039,733.04,2075.3,-1446.85,0.3,5,0,0,0,0.0274,0,3,Low
TXN100628,CUST014,42,1210.47,ATM Withdrawal,11,Pune,Pune,Android,0,2039,628.45,1896.22,-685.75,0.64,1,0,0,0,0.0063,0,1,Low
TXN100629,CUST014,43,4409.79,ATM Withdrawal,7,Pune,Pune,Android,0,2039,1210.47,1706.45,2703.34,2.58,3,1,0,0,0.0073,0,1,Low
TXN100630,CUST014,44,4830.73,Online Payment,8,Pune,Pune,Android,0,2039,4409.79,1792.03,3038.7,2.7,1,1,0,0,0.0149,0,1,Low
TXN100631,CUST014,45,3401.07,Purchase,19,Pune,Pune,Android,0,2039,4830.73,2156.49,1244.58,1.58,1,0,0,0,0.0118,0,1,Low
TXN100632,CUST014,46,2528.43,Purchase,8,Pune,Pune,Android,0,2039,3401.07,2206.8,321.62,1.15,2,0,0,0,0.0092,0,1,Low
TXN100633,CUST014,47,1951.36,Purchase,10,Mysore,Pune,Android,0,2039,2528.43,2130.49,-179.13,0.92,3,1,0,1,0.0532,0,5,Low
TXN100634,CUST014,48,1187.45,ATM Withdrawal,7,Mumbai,Pune,Android,0,2039,1951.36,2226.85,-1039.4,0.53,2,1,0,1,0.011,0,1,Low
TXN100635,CUST014,49,1448.31,Bill Payment,8,Pune,Pune,Android,0,2039,1187.45,2183.94,-735.63,0.66,6,2,0,0,0.0368,0,4,Low
TXN100636,CUST014,50,940.94,Transfer,22,Pune,Pune,Android,0,2039,1448.31,2232.91,-1291.97,0.42,0,1,1,0,0.0333,0,3,Low
TXN100637,CUST014,51,2176.95,Transfer,14,Pune,Pune,Android,0,2039,940.94,2253.7,-76.75,0.97,1,0,0,0,0.0043,0,0,Low
TXN100638,CUST014,52,4172.18,ATM Withdrawal,20,Pune,Pune,Windows,1,2039,2176.95,2408.55,1763.64,1.73,0,0,0,0,0.0712,0,7,Low
TXN100639,CUST014,53,1274.15,Online Payment,16,Pune,Pune,Android,0,2039,4172.18,2704.72,-1430.57,0.47,2,0,0,0,0.0038,0,0,Low
TXN100640,CUST015,1,4366.54,Transfer,11,Mumbai,Mumbai,iPhone,0,2128,0.0,7123.87,-2757.33,0.61,0,1,0,0,0.0105,0,1,Low
TXN100641,CUST015,2,5534.16,Online Payment,13,Mumbai,Mumbai,iPhone,0,2128,4366.54,4366.54,1167.63,1.27,6,0,0,0,0.0074,0,1,Low
TXN100642,CUST015,3,14213.2,Bill Payment,16,Mumbai,Mumbai,iPhone,0,2128,5534.16,4950.35,9262.85,2.87,1,0,0,0,0.0283,0,3,Low
TXN100643,CUST015,4,12391.89,Online Payment,15,Mumbai,Mumbai,iPhone,0,2128,14213.2,8037.97,4353.93,1.54,0,0,0,0,0.0031,0,0,Low
TXN100644,CUST015,5,5215.62,Purchase,16,Mumbai,Mumbai,iPhone,0,2128,12391.89,9126.45,-3910.83,0.57,2,0,0,0,0.0136,0,1,Low
TXN100645,CUST015,6,5076.3,Purchase,22,Mumbai,Mumbai,iPhone,0,2128,5215.62,8344.28,-3267.99,0.61,2,0,0,0,0.0016,0,0,Low
TXN100646,CUST015,7,5221.46,ATM Withdrawal,6,Mumbai,Mumbai,iPhone,0,2128,5076.3,7799.62,-2578.16,0.67,1,2,0,0,0.0238,0,2,Low
TXN100647,CUST015,8,7192.14,Bill Payment,15,Mumbai,Mumbai,iPhone,0,2128,5221.46,7431.31,-239.18,0.97,2,2,0,0,0.0424,0,4,Low
TXN100648,CUST015,9,10475.54,Online Payment,16,Mumbai,Mumbai,iPhone,0,2128,7192.14,7401.41,3074.13,1.42,2,0,1,0,0.0164,0,2,Low
TXN100649,CUST015,10,2816.12,Purchase,10,Mumbai,Mumbai,iPhone,0,2128,10475.54,7742.98,-4926.87,0.36,2,1,0,0,0.0075,0,1,Low
TXN100650,CUST015,11,27038.54,Online Payment,15,Bangalore,Mumbai,iPhone,0,2128,2816.12,7250.3,19788.25,3.73,1,0,0,1,0.1988,0,20,Low
TXN100651,CUST015,12,10931.18,ATM Withdrawal,9,Mumbai,Mumbai,iPhone,0,2128,27038.54,9517.5,1413.68,1.15,1,2,0,0,0.039,0,4,Low
TXN100652,CUST015,13,7834.51,Transfer,7,Mumbai,Mumbai,iPhone,0,2128,10931.18,10057.2,-2222.69,0.78,2,0,0,0,0.0054,0,1,Low
TXN100653,CUST015,14,26836.73,ATM Withdrawal,13,Mumbai,Mumbai,iPhone,0,2128,7834.51,9419.33,17417.4,2.85,1,1,0,0,0.0393,0,4,Low
TXN100654,CUST015,15,4251.86,Purchase,9,Mumbai,Mumbai,Windows,1,2128,26836.73,10863.81,-6611.95,0.39,2,0,0,0,0.0122,0,1,Low
TXN100655,CUST015,16,4310.72,Purchase,22,Mumbai,Mumbai,iPhone,0,2128,4251.86,10767.44,-6456.72,0.4,4,0,0,0,0.0147,0,1,Low
TXN100656,CUST015,17,8133.98,Online Payment,8,Mumbai,Mumbai,iPhone,0,2128,4310.72,10690.88,-2556.9,0.76,1,1,0,0,0.0098,0,1,Low
TXN100657,CUST015,18,5073.74,Transfer,21,Mumbai,Mumbai,iPhone,0,2128,8133.98,10982.13,-5908.39,0.46,4,0,0,0,0.0094,0,1,Low
TXN100658,CUST015,19,19153.09,Bill Payment,12,Mumbai,Mumbai,iPhone,0,2128,5073.74,10770.29,8382.8,1.78,2,0,0,0,0.0185,0,2,Low
TXN100659,CUST015,20,17456.76,Online Payment,20,Delhi,Mumbai,Windows,1,2128,19153.09,11638.05,5818.71,1.5,3,2,0,1,0.1768,0,18,Low
TXN100660,CUST015,21,3274.38,Transfer,13,Mumbai,Mumbai,Mac,1,2128,17456.76,13102.11,-9827.73,0.25,2,0,0,0,0.0206,0,2,Low
TXN100661,CUST015,22,7600.68,Transfer,10,Mumbai,Mumbai,iPhone,0,2128,3274.38,10725.7,-3125.02,0.71,3,0,0,0,0.0182,0,2,Low
TXN100662,CUST015,23,11319.54,Purchase,9,Mumbai,Mumbai,iPhone,0,2128,7600.68,10392.65,926.89,1.09,4,0,0,0,0.013,0,1,Low
TXN100663,CUST015,24,12975.29,Purchase,21,Mumbai,Mumbai,iPhone,0,2128,11319.54,10741.15,2234.14,1.21,0,1,0,0,0.003,0,0,Low
TXN100664,CUST015,25,6214.68,Purchase,15,Mumbai,Mumbai,iPhone,0,2128,12975.29,9355.01,-3140.32,0.66,0,0,0,0,0.0124,0,1,Low
TXN100665,CUST015,26,14175.69,Purchase,7,Mumbai,Mumbai,iPhone,0,2128,6214.68,9551.29,4624.4,1.48,3,0,0,0,0.0109,0,1,Low
TXN100666,CUST015,27,8942.16,Purchase,21,Mysore,Mumbai,iPhone,0,2128,14175.69,10537.78,-1595.63,0.85,2,1,0,1,0.0193,0,2,Low
TXN100667,CUST015,28,14348.92,Online Payment,14,Mumbai,Mumbai,iPhone,0,2128,8942.16,10618.6,3730.32,1.35,2,0,0,0,0.0051,0,1,Low
TXN100668,CUST015,29,6421.58,Bill Payment,16,Mumbai,Mumbai,iPhone,0,2128,14348.92,11546.12,-5124.54,0.56,3,0,0,0,0.0075,0,1,Low
TXN100669,CUST015,30,10527.36,ATM Withdrawal,15,Mumbai,Mumbai,iPhone,0,2128,6421.58,10272.97,254.39,1.02,2,0,0,0,0.0091,0,1,Low
TXN100670,CUST015,31,9842.28,Transfer,19,Mumbai,Mumbai,iPhone,0,2128,10527.36,9580.03,262.25,1.03,3,1,0,0,0.0184,0,2,Low
TXN100671,CUST015,32,9289.45,Bill Payment,16,Mumbai,Mumbai,iPhone,0,2128,9842.28,10236.82,-947.37,0.91,2,0,0,0,0.0055,0,1,Low
TXN100672,CUST015,33,2950.37,Purchase,11,Mumbai,Mumbai,iPhone,0,2128,9289.45,10405.69,-7455.33,0.28,1,0,0,0,0.0096,0,1,Low
TXN100673,CUST015,34,9304.34,Online Payment,19,Mumbai,Mumbai,iPhone,0,2128,2950.37,9568.78,-264.44,0.97,2,0,0,0,0.009,0,1,Low
TXN100674,CUST015,35,16680.89,Online Payment,17,Mumbai,Mumbai,iPhone,0,2128,9304.34,9201.68,7479.21,1.81,2,0,0,0,0.0072,0,1,Low
TXN100675,CUST015,36,8395.56,Bill Payment,15,Chennai,Mumbai,iPhone,0,2128,16680.89,10248.3,-1852.74,0.82,2,0,0,1,0.0103,0,1,Low
TXN100676,CUST015,37,10618.93,Purchase,13,Mumbai,Mumbai,iPhone,0,2128,8395.56,9670.29,948.64,1.1,2,0,0,0,0.0106,0,1,Low
TXN100677,CUST015,38,12303.99,Purchase,19,Mumbai,Mumbai,Windows,1,2128,10618.93,9837.97,2466.02,1.25,3,1,0,0,0.0204,0,2,Low
TXN100678,CUST015,39,5101.18,Purchase,21,Mumbai,Mumbai,iPhone,0,2128,12303.99,9633.47,-4532.29,0.53,1,0,0,0,0.01,0,1,Low
TXN100679,CUST015,40,3071.51,Transfer,22,Mysore,Mumbai,iPhone,0,2128,5101.18,9501.43,-6429.93,0.32,3,0,0,1,0.0046,0,0,Low
TXN100680,CUST015,41,11045.47,Bill Payment,22,Mumbai,Mumbai,iPhone,0,2128,3071.51,8755.85,2289.62,1.26,3,0,0,0,0.0142,0,1,Low
TXN100681,CUST015,42,6742.93,Purchase,9,Mumbai,Mumbai,iPhone,0,2128,11045.47,8876.17,-2133.24,0.76,1,0,0,0,0.0169,0,2,Low
TXN100682,CUST015,43,2512.55,ATM Withdrawal,18,Mumbai,Mumbai,iPhone,0,2128,6742.93,8621.52,-6108.96,0.29,4,0,0,0,0.005,0,1,Low
TXN100683,CUST015,44,7566.44,Purchase,11,Mumbai,Mumbai,iPhone,0,2128,2512.55,8577.73,-1011.29,0.88,3,0,0,0,0.0057,0,1,Low
TXN100684,CUST015,45,17514.45,Purchase,12,Bangalore,Mumbai,iPhone,0,2128,7566.44,8403.94,9110.51,2.08,1,0,0,1,0.0223,0,2,Low
TXN100685,CUST015,46,6203.45,Transfer,12,Mumbai,Mumbai,iPhone,0,2128,17514.45,8487.3,-2283.85,0.73,1,1,0,0,0.0191,0,2,Low
TXN100686,CUST015,47,5543.52,Transfer,17,Mumbai,Mumbai,iPhone,0,2128,6203.45,8268.09,-2724.57,0.67,0,0,0,0,0.0134,0,1,Low
TXN100687,CUST015,48,8005.8,Purchase,9,Mumbai,Mumbai,iPhone,0,2128,5543.52,7760.55,245.25,1.03,2,0,0,0,0.0136,0,1,Low
TXN100688,CUST015,49,13093.68,ATM Withdrawal,9,Mumbai,Mumbai,Windows,1,2128,8005.8,7330.73,5762.95,1.79,2,0,0,0,0.0308,0,3,Low
TXN100689,CUST015,50,21838.35,ATM Withdrawal,14,Mumbai,Mumbai,iPhone,0,2128,13093.68,8129.98,13708.37,2.69,2,0,1,0,0.0475,0,5,Low
TXN100690,CUST015,51,3750.56,Transfer,6,Mumbai,Mumbai,iPhone,0,2128,21838.35,10006.66,-6256.1,0.37,2,0,0,0,0.02,0,2,Low
TXN100691,CUST015,52,3648.06,Transfer,11,Mumbai,Mumbai,iPhone,0,2128,3750.56,9277.17,-5629.12,0.39,2,3,0,0,0.0118,0,1,Low
TXN100692,CUST016,1,3503.13,Online Payment,21,Mangalore,Mangalore,iPhone,0,1468,0.0,7485.96,-3982.83,0.47,1,0,0,0,0.0099,0,1,Low
TXN100693,CUST016,2,3242.11,Online Payment,8,Mangalore,Mangalore,iPhone,0,1468,3503.13,3503.13,-261.02,0.93,1,0,1,0,0.037,0,4,Low
TXN100694,CUST016,3,2297.73,Bill Payment,11,Mangalore,Mangalore,iPhone,0,1468,3242.11,3372.62,-1074.89,0.68,1,0,0,0,0.0063,0,1,Low
TXN100695,CUST016,4,7658.97,Transfer,9,Mangalore,Mangalore,iPhone,0,1468,2297.73,3014.33,4644.64,2.54,0,0,0,0,0.0087,0,1,Low
TXN100696,CUST016,5,3492.71,Purchase,19,Mangalore,Mangalore,iPhone,0,1468,7658.97,4175.49,-682.78,0.84,0,0,1,0,0.0324,0,3,Low
TXN100697,CUST016,6,5273.51,Online Payment,18,Mangalore,Mangalore,iPhone,0,1468,3492.71,4038.93,1234.58,1.31,1,0,0,0,0.0066,0,1,Low
TXN100698,CUST016,7,12042.48,Transfer,14,Mangalore,Mangalore,iPhone,0,1468,5273.51,4244.69,7797.79,2.84,2,0,0,0,0.0641,0,6,Low
TXN100699,CUST016,8,13861.73,Bill Payment,12,Mangalore,Mangalore,iPhone,0,1468,12042.48,5358.66,8503.06,2.59,4,0,0,0,0.021,0,2,Low
TXN100700,CUST016,9,13569.58,Purchase,9,Mangalore,Mangalore,iPhone,0,1468,13861.73,6421.55,7148.03,2.11,4,0,0,0,0.0046,0,0,Low
TXN100701,CUST016,10,10062.53,Transfer,18,Mangalore,Mangalore,iPhone,0,1468,13569.58,7215.77,2846.75,1.39,3,2,0,0,0.067,0,7,Low
TXN100702,CUST016,11,6953.7,Bill Payment,16,Mangalore,Mangalore,iPhone,0,1468,10062.53,7500.45,-546.75,0.93,4,0,0,0,0.0086,0,1,Low
TXN100703,CUST016,12,8249.02,Purchase,9,Mangalore,Mangalore,iPhone,0,1468,6953.7,7845.5,403.52,1.05,1,0,0,0,0.0079,0,1,Low
TXN100704,CUST016,13,4036.61,Online Payment,22,Mangalore,Mangalore,Windows,1,1468,8249.02,8346.19,-4309.58,0.48,5,0,0,0,0.054,0,5,Low
TXN100705,CUST016,14,12327.12,Purchase,18,Chennai,Mangalore,Android,1,1468,4036.61,8520.08,3807.04,1.45,0,0,0,1,0.1558,0,16,Low
TXN100706,CUST016,15,8666.74,Purchase,18,Mangalore,Mangalore,iPhone,0,1468,12327.12,8986.9,-320.16,0.96,1,0,0,0,0.0144,0,1,Low
TXN100707,CUST016,16,10746.12,Purchase,19,Mysore,Mangalore,iPhone,0,1468,8666.74,9504.3,1241.82,1.13,1,1,0,1,0.0223,0,2,Low
TXN100708,CUST016,17,11314.98,ATM Withdrawal,9,Mangalore,Mangalore,iPhone,0,1468,10746.12,10051.56,1263.42,1.13,1,0,0,0,0.012,0,1,Low
TXN100709,CUST016,18,5732.96,Purchase,20,Mangalore,Mangalore,iPhone,0,1468,11314.98,9978.81,-4245.85,0.57,2,0,0,0,0.0168,0,2,Low
TXN100710,CUST016,19,3106.21,Purchase,6,Mangalore,Mangalore,iPhone,0,1468,5732.96,9165.94,-6059.72,0.34,1,0,0,0,0.008,0,1,Low
TXN100711,CUST016,20,11000.18,Purchase,12,Mangalore,Mangalore,iPhone,0,1468,3106.21,8119.6,2880.58,1.35,1,1,0,0,0.0138,0,1,Low
TXN100712,CUST016,21,3036.12,Transfer,10,Mangalore,Mangalore,iPhone,0,1468,11000.18,8213.37,-5177.25,0.37,3,0,0,0,0.0118,0,1,Low
TXN100713,CUST016,22,7941.73,Bill Payment,20,Mangalore,Mangalore,iPhone,0,1468,3036.12,7821.61,120.12,1.02,2,0,0,0,0.0085,0,1,Low
TXN100714,CUST016,23,11816.85,Online Payment,16,Mangalore,Mangalore,iPhone,0,1468,7941.73,7790.88,4025.97,1.52,2,0,0,0,0.008,0,1,Low
TXN100715,CUST016,24,19714.15,Purchase,19,Mangalore,Mangalore,iPhone,0,1468,11816.85,8568.9,11145.25,2.3,1,0,0,0,0.0067,0,1,Low
TXN100716,CUST016,25,7341.58,ATM Withdrawal,14,Mangalore,Mangalore,iPhone,0,1468,19714.15,9307.6,-1966.02,0.79,2,0,0,0,0.0142,0,1,Low
TXN100717,CUST016,26,18817.27,Transfer,14,Mangalore,Mangalore,iPhone,0,1468,7341.58,9175.09,9642.18,2.05,2,0,0,0,0.0108,0,1,Low
TXN100718,CUST016,27,6560.34,Transfer,18,Mangalore,Mangalore,iPhone,0,1468,18817.27,9982.2,-3421.87,0.66,3,2,1,0,0.0567,0,6,Low
TXN100719,CUST016,28,9868.48,Transfer,9,Mangalore,Mangalore,iPhone,0,1468,6560.34,9506.74,361.74,1.04,5,0,1,0,0.0395,0,4,Low
TXN100720,CUST016,29,12325.38,Purchase,8,Mangalore,Mangalore,iPhone,0,1468,9868.48,9920.29,2405.09,1.24,5,0,0,0,0.0222,0,2,Low
TXN100721,CUST016,30,7067.79,Transfer,22,Mangalore,Mangalore,iPhone,0,1468,12325.38,10842.21,-3774.41,0.65,1,0,0,0,0.0107,0,1,Low
TXN100722,CUST016,31,11795.41,Online Payment,21,Mangalore,Mangalore,iPhone,0,1468,7067.79,10448.97,1346.44,1.13,1,0,0,0,0.0038,0,0,Low
TXN100723,CUST016,32,2815.21,Transfer,11,Mangalore,Mangalore,iPhone,0,1468,11795.41,11324.9,-8509.69,0.25,1,0,0,0,0.0137,0,1,Low
TXN100724,CUST016,33,19470.53,Purchase,21,Mangalore,Mangalore,iPhone,0,1468,2815.21,10812.25,8658.29,1.8,4,0,0,0,0.015,0,1,Low
TXN100725,CUST016,34,3554.72,ATM Withdrawal,11,Mangalore,Mangalore,iPhone,0,1468,19470.53,11577.62,-8022.9,0.31,1,0,0,0,0.0058,0,1,Low
TXN100726,CUST016,35,6918.78,Purchase,13,Mangalore,Mangalore,iPhone,0,1468,3554.72,9961.67,-3042.89,0.69,0,0,0,0,0.006,0,1,Low
TXN100727,CUST016,36,20813.37,Purchase,17,Mangalore,Mangalore,iPhone,0,1468,6918.78,9919.39,10893.98,2.1,2,0,0,0,0.0056,0,1,Low
TXN100728,CUST016,37,17083.12,Bill Payment,14,Mangalore,Mangalore,iPhone,0,1468,20813.37,10119.0,6964.12,1.69,4,0,0,0,0.0117,0,1,Low
TXN100729,CUST016,38,2214.36,Online Payment,8,Mangalore,Mangalore,iPhone,0,1468,17083.12,11171.28,-8956.92,0.2,5,0,0,0,0.0142,0,1,Low
TXN100730,CUST016,39,3502.6,Purchase,18,Mangalore,Mangalore,iPhone,0,1468,2214.36,10405.87,-6903.27,0.34,2,0,0,0,0.0145,0,1,Low
TXN100731,CUST016,40,2576.63,Purchase,17,Mangalore,Mangalore,iPhone,0,1468,3502.6,9523.59,-6946.96,0.27,1,0,0,0,0.0078,0,1,Low
TXN100732,CUST016,41,5707.85,Purchase,13,Mumbai,Mangalore,iPhone,0,1468,2576.63,9074.47,-3366.62,0.63,3,0,0,1,0.0075,0,1,Low
TXN100733,CUST016,42,6538.56,ATM Withdrawal,8,Mangalore,Mangalore,iPhone,0,1468,5707.85,8465.72,-1927.15,0.77,3,0,0,0,0.0067,0,1,Low
TXN100734,CUST016,43,3502.43,Bill Payment,7,Mangalore,Mangalore,iPhone,0,1468,6538.56,8838.05,-5335.62,0.4,4,0,0,0,0.0093,0,1,Low
TXN100735,CUST016,44,1743.13,Purchase,8,Mangalore,Mangalore,iPhone,0,1468,3502.43,7241.24,-5498.11,0.24,2,0,1,0,0.0442,0,4,Low
TXN100736,CUST016,45,7995.02,Online Payment,13,Mangalore,Mangalore,iPhone,0,1468,1743.13,7060.08,934.94,1.13,1,0,0,0,0.0175,0,2,Low
TXN100737,CUST016,46,3834.56,Purchase,19,Mangalore,Mangalore,Mac,1,1468,7995.02,7167.71,-3333.15,0.53,0,1,0,0,0.0234,0,2,Low
TXN100738,CUST016,47,8444.11,ATM Withdrawal,12,Mangalore,Mangalore,iPhone,0,1468,3834.56,5469.83,2974.28,1.54,1,0,0,0,0.0114,0,1,Low
TXN100739,CUST016,48,35794.38,Purchase,11,Mangalore,Mangalore,iPhone,0,1468,8444.11,4605.93,31188.46,7.77,2,0,0,0,0.1291,0,13,Low
TXN100740,CUST016,49,5364.89,Purchase,17,Mangalore,Mangalore,iPhone,0,1468,35794.38,7963.93,-2599.04,0.67,4,0,0,0,0.0066,0,1,Low
TXN100741,CUST016,50,4641.27,Online Payment,13,Mangalore,Mangalore,iPhone,0,1468,5364.89,8150.16,-3508.88,0.57,4,1,1,0,0.0322,0,3,Low
TXN100742,CUST016,51,10307.1,Transfer,22,Chennai,Mangalore,iPhone,0,1468,4641.27,8356.62,1950.48,1.23,3,0,0,1,0.0141,0,1,Low
TXN100743,CUST016,52,9362.64,Online Payment,8,Mangalore,Mangalore,iPhone,0,1468,10307.1,8816.55,546.09,1.06,0,0,0,0,0.003,0,0,Low
TXN100744,CUST016,53,3078.83,Online Payment,6,Mangalore,Mangalore,iPhone,0,1468,9362.64,9098.95,-6020.12,0.34,2,0,0,0,0.011,0,1,Low
TXN100745,CUST016,54,3078.29,Purchase,21,Mangalore,Mangalore,iPhone,0,1468,3078.83,9056.59,-5978.3,0.34,1,0,0,0,0.0111,0,1,Low
TXN100746,CUST017,1,806.37,Transfer,16,Chennai,Chennai,Android,0,2883,0.0,1375.46,-569.09,0.59,4,0,1,0,0.0176,0,2,Low
TXN100747,CUST017,2,2080.92,Transfer,9,Chennai,Chennai,Android,0,2883,806.37,806.37,1274.55,2.58,1,0,0,0,0.0094,0,1,Low
TXN100748,CUST017,3,2026.13,ATM Withdrawal,17,Chennai,Chennai,Android,0,2883,2080.92,1443.64,582.49,1.4,2,0,0,0,0.0073,0,1,Low
TXN100749,CUST017,4,4097.18,Online Payment,19,Chennai,Chennai,Android,0,2883,2026.13,1637.81,2459.38,2.5,3,3,0,0,0.1394,0,14,Low
TXN100750,CUST017,5,691.47,Online Payment,13,Chennai,Chennai,Android,0,2883,4097.18,2252.65,-1561.18,0.31,3,0,0,0,0.0175,0,2,Low
TXN100751,CUST017,6,3816.81,Transfer,9,Chennai,Chennai,Android,0,2883,691.47,1940.41,1876.4,1.97,5,0,0,0,0.0071,0,1,Low
TXN100752,CUST017,7,5618.87,Transfer,17,Chennai,Chennai,Android,0,2883,3816.81,2253.15,3365.72,2.49,5,2,1,0,0.17,0,17,Low
TXN100753,CUST017,8,895.02,Purchase,9,Chennai,Chennai,Android,0,2883,5618.87,2733.96,-1838.95,0.33,3,0,0,0,0.009,0,1,Low
TXN100754,CUST017,9,1181.43,Purchase,10,Chennai,Chennai,Android,0,2883,895.02,2504.1,-1322.66,0.47,4,0,0,0,0.0288,0,3,Low
TXN100755,CUST017,10,1235.58,ATM Withdrawal,22,Chennai,Chennai,Android,0,2883,1181.43,2357.13,-1121.55,0.52,1,0,0,0,0.0135,0,1,Low
TXN100756,CUST017,11,11252.14,Online Payment,6,Chennai,Chennai,Android,0,2883,1235.58,2244.98,9007.16,5.01,2,0,0,0,0.008,0,1,Low
TXN100757,CUST017,12,1413.27,Transfer,7,Chennai,Chennai,Windows,1,2883,11252.14,3289.55,-1876.28,0.43,3,3,0,0,0.0378,0,4,Low
TXN100758,CUST017,13,2818.4,Transfer,16,Chennai,Chennai,Mac,1,2883,1413.27,3222.79,-404.39,0.87,2,0,0,0,0.0112,0,1,Low
TXN100759,CUST017,14,702.01,ATM Withdrawal,9,Chennai,Chennai,Android,0,2883,2818.4,3302.02,-2600.01,0.21,3,0,0,0,0.004,0,0,Low
TXN100760,CUST017,15,1277.33,Online Payment,10,Chennai,Chennai,Android,0,2883,702.01,2962.5,-1685.17,0.43,1,0,0,0,0.0084,0,1,Low
TXN100761,CUST017,16,816.3,Transfer,14,Chennai,Chennai,Android,0,2883,1277.33,3021.09,-2204.79,0.27,3,2,0,0,0.036,0,4,Low
TXN100762,CUST017,17,5637.09,Purchase,20,Chennai,Chennai,Android,0,2883,816.3,2721.03,2916.06,2.07,4,0,0,0,0.009,0,1,Low
TXN100763,CUST017,18,1053.93,Purchase,21,Chennai,Chennai,Android,0,2883,5637.09,2722.86,-1668.93,0.39,0,0,0,0,0.0071,0,1,Low
TXN100764,CUST017,19,1147.94,ATM Withdrawal,17,Chennai,Chennai,Android,0,2883,1053.93,2738.75,-1590.8,0.42,3,0,0,0,0.0062,0,1,Low
TXN100765,CUST017,20,950.39,Purchase,18,Chennai,Chennai,Android,0,2883,1147.94,2735.4,-1785.01,0.35,1,0,0,0,0.0133,0,1,Low
TXN100766,CUST017,21,1161.25,Transfer,19,Chennai,Chennai,Android,0,2883,950.39,2706.88,-1545.63,0.43,1,0,0,0,0.0073,0,1,Low
TXN100767,CUST017,22,1642.91,Bill Payment,14,Chennai,Chennai,Android,0,2883,1161.25,1697.79,-54.88,0.97,1,0,0,0,0.0052,0,1,Low
TXN100768,CUST017,23,2564.65,Transfer,14,Chennai,Chennai,Mac,1,2883,1642.91,1720.76,843.89,1.49,2,0,0,0,0.0263,0,3,Low
TXN100769,CUST017,24,425.01,Online Payment,18,Chennai,Chennai,Android,0,2883,2564.65,1695.38,-1270.37,0.25,3,2,0,0,0.0166,0,2,Low
TXN100770,CUST017,25,2182.54,Purchase,9,Chennai,Chennai,Android,0,2883,425.01,1667.68,514.86,1.31,2,1,0,0,0.0038,0,0,Low
TXN100771,CUST017,26,779.12,Transfer,13,Chennai,Chennai,Android,0,2883,2182.54,1758.2,-979.08,0.44,2,1,0,0,0.0128,0,1,Low
TXN100772,CUST017,27,1289.16,Bill Payment,21,Chennai,Chennai,Android,0,2883,779.12,1754.48,-465.32,0.73,1,0,0,0,0.0115,0,1,Low
TXN100773,CUST017,28,5320.39,Transfer,10,Chennai,Chennai,Android,0,2883,1289.16,1319.69,4000.7,4.03,3,0,1,0,0.1052,0,11,Low
TXN100774,CUST017,29,4543.39,Online Payment,8,Chennai,Chennai,Android,0,2883,5320.39,1746.34,2797.06,2.6,1,0,0,0,0.0272,0,3,Low
TXN100775,CUST017,30,589.55,Purchase,12,Chennai,Chennai,Android,0,2883,4543.39,2085.88,-1496.33,0.28,0,0,0,0,0.0069,0,1,Low
TXN100776,CUST017,31,740.11,Bill Payment,8,Chennai,Chennai,Mac,1,2883,589.55,2049.8,-1309.68,0.36,4,0,0,0,0.0091,0,1,Low
TXN100777,CUST017,32,841.96,Transfer,6,Chennai,Chennai,Android,0,2883,740.11,2007.68,-1165.73,0.42,2,0,0,0,0.0073,0,1,Low
TXN100778,CUST017,33,1137.07,Transfer,22,Chennai,Chennai,Android,0,2883,841.96,1927.59,-790.51,0.59,2,0,0,0,0.0063,0,1,Low
TXN100779,CUST017,34,2548.73,Online Payment,19,Chennai,Chennai,Android,0,2883,1137.07,1784.83,763.9,1.43,3,0,0,0,0.0042,0,0,Low
TXN100780,CUST017,35,2089.9,Online Payment,14,Chennai,Chennai,Android,0,2883,2548.73,1997.2,92.7,1.05,2,0,0,0,0.0054,0,1,Low
TXN100781,CUST017,36,1017.33,Bill Payment,7,Chennai,Chennai,Android,0,2883,2089.9,1987.94,-970.61,0.51,1,0,0,0,0.0062,0,1,Low
TXN100782,CUST017,37,1490.17,Purchase,9,Chennai,Chennai,Android,0,2883,1017.33,2011.76,-521.59,0.74,2,0,0,0,0.0021,0,0,Low
TXN100783,CUST017,38,1174.91,ATM Withdrawal,6,Chennai,Chennai,Android,0,2883,1490.17,2031.86,-856.96,0.58,1,0,1,0,0.0475,0,5,Low
TXN100784,CUST017,39,517.22,ATM Withdrawal,18,Chennai,Chennai,Android,0,2883,1174.91,1617.31,-1100.1,0.32,2,0,0,0,0.0113,0,1,Low
TXN100785,CUST017,40,1303.4,Transfer,8,Chennai,Chennai,Android,0,2883,517.22,1214.69,88.71,1.07,4,0,0,0,0.0088,0,1,Low
TXN100786,CUST017,41,1231.81,Bill Payment,9,Chennai,Chennai,Android,0,2883,1303.4,1286.08,-54.27,0.96,1,1,0,0,0.0186,0,2,Low
TXN100787,CUST017,42,960.46,Transfer,9,Chennai,Chennai,Android,0,2883,1231.81,1335.25,-374.79,0.72,2,0,0,0,0.0014,0,0,Low
TXN100788,CUST017,43,1535.1,ATM Withdrawal,7,Chennai,Chennai,Android,0,2883,960.46,1347.1,188.0,1.14,1,0,1,0,0.0129,0,1,Low
TXN100789,CUST017,44,956.11,Purchase,13,Chennai,Chennai,Android,0,2883,1535.1,1386.9,-430.8,0.69,0,1,0,0,0.0039,0,0,Low
TXN100790,CUST017,45,3940.43,Transfer,20,Chennai,Chennai,Android,0,2883,956.11,1227.64,2712.79,3.21,1,0,0,0,0.0734,0,7,Low
TXN100791,CUST018,1,7867.57,Online Payment,15,Hyderabad,Hyderabad,Mac,0,2362,0.0,11049.46,-3181.89,0.71,5,0,0,0,0.0163,0,2,Low
TXN100792,CUST018,2,4540.01,Purchase,18,Hyderabad,Hyderabad,Mac,0,2362,7867.57,7867.57,-3327.56,0.58,0,0,0,0,0.0083,0,1,Low
TXN100793,CUST018,3,9085.36,Purchase,11,Hyderabad,Hyderabad,Mac,0,2362,4540.01,6203.79,2881.57,1.46,1,0,1,0,0.0807,0,8,Low
TXN100794,CUST018,4,33771.96,Transfer,17,Hyderabad,Hyderabad,Mac,0,2362,9085.36,7164.31,26607.64,4.71,2,1,0,0,0.1382,0,14,Low
TXN100795,CUST018,5,19099.23,Purchase,19,Hyderabad,Hyderabad,Android,1,2362,33771.96,13816.23,5283.01,1.38,2,0,0,0,0.0251,0,3,Low
TXN100796,CUST018,6,7793.39,ATM Withdrawal,6,Mangalore,Hyderabad,Mac,0,2362,19099.23,14872.83,-7079.44,0.52,1,0,0,1,0.0927,0,9,Low
TXN100797,CUST018,7,4196.33,Purchase,8,Pune,Hyderabad,Mac,0,2362,7793.39,13692.92,-9496.59,0.31,2,0,0,1,0.0445,0,4,Low
TXN100798,CUST018,8,6555.48,Bill Payment,16,Hyderabad,Hyderabad,Mac,0,2362,4196.33,12336.26,-5780.79,0.53,1,0,0,0,0.013,0,1,Low
TXN100799,CUST018,9,41132.91,Purchase,22,Hyderabad,Hyderabad,Mac,0,2362,6555.48,11613.67,29519.24,3.54,1,0,0,0,0.1107,0,11,Low
TXN100800,CUST018,10,3248.58,Transfer,11,Hyderabad,Hyderabad,Mac,0,2362,41132.91,14893.58,-11645.0,0.22,2,0,0,0,0.0095,0,1,Low
TXN100801,CUST018,11,9631.83,Transfer,9,Hyderabad,Hyderabad,Mac,0,2362,3248.58,13729.08,-4097.25,0.7,2,0,0,0,0.0093,0,1,Low
TXN100802,CUST018,12,3458.83,Online Payment,8,Hyderabad,Hyderabad,Mac,0,2362,9631.83,13905.51,-10446.68,0.25,2,1,0,0,0.0036,0,0,Low
TXN100803,CUST018,13,4252.61,Online Payment,18,Hyderabad,Hyderabad,Windows,1,2362,3458.83,13797.39,-9544.78,0.31,2,0,0,0,0.0173,0,2,Low
TXN100804,CUST018,14,16347.73,Online Payment,14,Hyderabad,Hyderabad,Mac,0,2362,4252.61,13314.11,3033.62,1.23,0,0,0,0,0.0061,0,1,Low
TXN100805,CUST018,15,4607.17,Bill Payment,8,Hyderabad,Hyderabad,Mac,0,2362,16347.73,11571.69,-6964.52,0.4,3,0,0,0,0.0072,0,1,Low
TXN100806,CUST018,16,15890.12,Online Payment,9,Hyderabad,Hyderabad,Mac,0,2362,4607.17,10122.49,5767.63,1.57,2,0,0,0,0.0132,0,1,Low
TXN100807,CUST018,17,9000.62,Online Payment,14,Hyderabad,Hyderabad,Mac,0,2362,15890.12,10932.16,-1931.54,0.82,3,0,0,0,0.005,0,0,Low
TXN100808,CUST018,18,16718.75,Purchase,16,Delhi,Hyderabad,Mac,0,2362,9000.62,11412.59,5306.16,1.46,1,2,0,1,0.0298,0,3,Low
TXN100809,CUST018,19,3445.55,Online Payment,17,Hyderabad,Hyderabad,Mac,0,2362,16718.75,12428.91,-8983.37,0.28,2,0,0,0,0.0095,0,1,Low
TXN100810,CUST018,20,28080.13,Purchase,22,Hyderabad,Hyderabad,Mac,0,2362,3445.55,8660.18,19419.95,3.24,1,0,0,0,0.0121,1,1,Low
TXN100811,CUST018,21,7732.44,Purchase,4,Hyderabad,Hyderabad,Mac,0,2362,28080.13,11143.33,-3410.9,0.69,8,3,0,0,0.55,1,55,Medium
TXN100812,CUST018,22,37611.62,Transfer,14,Mangalore,Hyderabad,Mac,0,2362,7732.44,10953.39,26658.22,3.43,3,0,0,1,0.2029,0,20,Low
TXN100813,CUST018,23,12873.95,Bill Payment,15,Hyderabad,Hyderabad,Mac,0,2362,37611.62,14368.67,-1494.73,0.9,1,0,0,0,0.0032,0,0,Low
TXN100814,CUST018,24,10377.55,Purchase,17,Hyderabad,Hyderabad,Mac,0,2362,12873.95,15230.81,-4853.26,0.68,3,0,0,0,0.0136,0,1,Low
TXN100815,CUST018,25,6645.03,Purchase,10,Hyderabad,Hyderabad,Mac,0,2362,10377.55,14633.79,-7988.75,0.45,1,1,0,0,0.0163,0,2,Low
TXN100816,CUST018,26,21682.8,Transfer,19,Hyderabad,Hyderabad,Mac,0,2362,6645.03,14837.57,6845.23,1.46,3,0,0,0,0.0166,0,2,Low
TXN100817,CUST018,27,5883.22,Transfer,6,Hyderabad,Hyderabad,Mac,0,2362,21682.8,15416.84,-9533.62,0.38,0,0,0,0,0.0136,0,1,Low
TXN100818,CUST018,28,7836.84,Bill Payment,17,Hyderabad,Hyderabad,Mac,0,2362,5883.22,15105.1,-7268.27,0.52,0,0,0,0,0.0078,0,1,Low
TXN100819,CUST018,29,5710.95,Purchase,11,Hyderabad,Hyderabad,Mac,0,2362,7836.84,14216.91,-8505.96,0.4,1,0,0,0,0.0085,0,1,Low
TXN100820,CUST018,30,9745.14,Purchase,11,Hyderabad,Hyderabad,Mac,0,2362,5710.95,14443.45,-4698.31,0.67,0,1,0,0,0.0052,0,1,Low
TXN100821,CUST018,31,14498.64,Online Payment,11,Hyderabad,Hyderabad,Mac,0,2362,9745.14,12609.95,1888.69,1.15,4,0,0,0,0.0114,0,1,Low
TXN100822,CUST018,32,3856.49,ATM Withdrawal,10,Hyderabad,Hyderabad,Mac,0,2362,14498.64,13286.57,-9430.09,0.29,2,0,0,0,0.0219,0,2,Low
TXN100823,CUST018,33,3344.43,Transfer,22,Hyderabad,Hyderabad,Mac,0,2362,3856.49,9911.06,-6566.63,0.34,1,1,0,0,0.0038,0,0,Low
TXN100824,CUST019,1,14337.53,Bill Payment,11,Bangalore,Bangalore,Android,0,1040,0.0,10275.11,4062.42,1.4,3,0,0,0,0.005,0,1,Low
TXN100825,CUST019,2,12974.4,Purchase,14,Bangalore,Bangalore,Android,0,1040,14337.53,14337.53,-1363.13,0.9,5,0,0,0,0.0142,0,1,Low
TXN100826,CUST019,3,9817.53,Purchase,14,Bangalore,Bangalore,Android,0,1040,12974.4,13655.96,-3838.43,0.72,1,0,0,0,0.0093,0,1,Low
TXN100827,CUST019,4,74379.92,Online Payment,15,Bangalore,Bangalore,Android,0,1040,9817.53,12376.49,62003.44,6.01,5,2,0,0,0.1326,0,13,Low
TXN100828,CUST019,5,6419.12,Purchase,15,Bangalore,Bangalore,Android,0,1040,74379.92,27877.35,-21458.22,0.23,4,0,0,0,0.0064,0,1,Low
TXN100829,CUST019,6,16016.83,Bill Payment,17,Bangalore,Bangalore,Android,0,1040,6419.12,23585.7,-7568.87,0.68,3,0,0,0,0.0025,0,0,Low
TXN100830,CUST019,7,18902.4,Purchase,15,Bangalore,Bangalore,Android,0,1040,16016.83,22324.22,-3421.82,0.85,1,0,0,0,0.0056,0,1,Low
TXN100831,CUST019,8,19940.88,ATM Withdrawal,16,Bangalore,Bangalore,Android,0,1040,18902.4,21835.39,-1894.51,0.91,3,0,0,0,0.0076,0,1,Low
TXN100832,CUST019,9,17595.82,Transfer,21,Bangalore,Bangalore,Android,0,1040,19940.88,21598.58,-4002.76,0.81,2,0,0,0,0.0084,0,1,Low
TXN100833,CUST019,10,20752.83,Online Payment,8,Bangalore,Bangalore,Android,0,1040,17595.82,21153.83,-401.0,0.98,0,0,0,0,0.0107,0,1,Low
TXN100834,CUST019,11,4761.0,Transfer,13,Bangalore,Bangalore,Android,0,1040,20752.83,21113.73,-16352.73,0.23,3,0,0,0,0.0453,0,5,Low
TXN100835,CUST019,12,18096.82,Online Payment,22,Bangalore,Bangalore,Mac,1,1040,4761.0,20156.07,-2059.25,0.9,3,0,1,0,0.0125,0,1,Low
TXN100836,CUST019,13,9240.13,Online Payment,6,Bangalore,Bangalore,Android,0,1040,18096.82,20668.32,-11428.19,0.45,1,0,0,0,0.0099,0,1,Low
TXN100837,CUST019,14,10325.19,ATM Withdrawal,16,Mumbai,Bangalore,Android,0,1040,9240.13,20610.57,-10285.39,0.5,2,0,0,1,0.0098,0,1,Low
TXN100838,CUST019,15,19846.95,Purchase,19,Bangalore,Bangalore,Android,0,1040,10325.19,14205.1,5641.85,1.4,1,1,0,0,0.0115,0,1,Low
TXN100839,CUST019,16,21952.86,Purchase,16,Bangalore,Bangalore,Android,0,1040,19846.95,15547.88,6404.97,1.41,3,2,0,0,0.0192,0,2,Low
TXN100840,CUST019,17,37687.17,Bill Payment,11,Bangalore,Bangalore,Android,0,1040,21952.86,16141.49,21545.68,2.33,0,0,0,0,0.0258,0,3,Low
TXN100841,CUST019,18,13692.6,Bill Payment,15,Bangalore,Bangalore,Android,0,1040,37687.17,18019.96,-4327.36,0.76,2,1,0,0,0.0169,0,2,Low
TXN100842,CUST019,19,20260.14,Purchase,16,Hyderabad,Bangalore,Windows,1,1040,13692.6,17395.14,2865.01,1.16,4,0,0,1,0.0929,0,9,Low
TXN100843,CUST019,20,8668.75,ATM Withdrawal,18,Bangalore,Bangalore,Android,0,1040,20260.14,17661.57,-8992.82,0.49,4,0,0,0,0.0183,0,2,Low
TXN100844,CUST019,21,7771.0,Online Payment,12,Bangalore,Bangalore,Android,0,1040,8668.75,16453.16,-8682.16,0.47,1,0,0,0,0.0069,0,1,Low
TXN100845,CUST019,22,15880.07,Transfer,19,Bangalore,Bangalore,Android,0,1040,7771.0,16754.16,-874.09,0.95,2,0,0,0,0.0164,0,2,Low
TXN100846,CUST019,23,17636.28,Transfer,15,Bangalore,Bangalore,Android,0,1040,15880.07,16532.48,1103.79,1.07,3,0,0,0,0.0106,0,1,Low
TXN100847,CUST019,24,4127.95,ATM Withdrawal,13,Bangalore,Bangalore,Android,0,1040,17636.28,17372.1,-13244.15,0.24,1,0,0,0,0.0254,0,3,Low
TXN100848,CUST019,25,6806.15,Transfer,19,Bangalore,Bangalore,Android,0,1040,4127.95,16752.38,-9946.22,0.41,6,0,0,0,0.0094,0,1,Low
TXN100849,CUST019,26,28933.16,Purchase,9,Bangalore,Bangalore,Android,0,1040,6806.15,15448.3,13484.86,1.87,2,2,0,0,0.0929,0,9,Low
TXN100850,CUST019,27,3710.39,ATM Withdrawal,21,Bangalore,Bangalore,Android,0,1040,28933.16,16146.33,-12435.93,0.23,0,1,0,0,0.0061,0,1,Low
TXN100851,CUST019,28,18572.54,Purchase,22,Bangalore,Bangalore,Android,0,1040,3710.39,12748.65,5823.89,1.46,3,1,0,0,0.0104,0,1,Low
TXN100852,CUST019,29,4021.29,Purchase,11,Bangalore,Bangalore,Android,0,1040,18572.54,13236.64,-9215.35,0.3,3,0,0,0,0.0058,0,1,Low
TXN100853,CUST019,30,3364.07,ATM Withdrawal,13,Bangalore,Bangalore,Android,0,1040,4021.29,11612.76,-8248.68,0.29,2,0,1,0,0.0088,0,1,Low
TXN100854,CUST019,31,15382.69,Bill Payment,9,Bangalore,Bangalore,Android,0,1040,3364.07,11082.29,4300.4,1.39,3,0,0,0,0.0053,0,1,Low
TXN100855,CUST019,32,31332.05,Bill Payment,20,Bangalore,Bangalore,Android,0,1040,15382.69,11843.46,19488.59,2.65,4,0,0,0,0.0113,0,1,Low
TXN100856,CUST019,33,8829.51,Bill Payment,16,Mumbai,Bangalore,Android,0,1040,31332.05,13388.66,-4559.14,0.66,1,0,0,1,0.042,0,4,Low
TXN100857,CUST019,34,186294.77,Transfer,4,Bangalore,Bangalore,Android,0,1040,8829.51,12507.98,173786.79,14.89,1,0,0,0,0.55,1,55,Medium
TXN100858,CUST019,35,31602.21,ATM Withdrawal,21,Bangalore,Bangalore,Android,0,1040,186294.77,30724.66,877.54,1.03,2,0,0,0,0.0084,0,1,Low
TXN100859,CUST019,36,9180.08,Bill Payment,19,Bangalore,Bangalore,Android,0,1040,31602.21,33204.27,-24024.19,0.28,3,0,0,0,0.0125,0,1,Low
TXN100860,CUST019,37,7204.45,Transfer,16,Bangalore,Bangalore,Android,0,1040,9180.08,31228.96,-24024.51,0.23,3,1,0,0,0.0099,0,1,Low
TXN100861,CUST019,38,5137.71,Purchase,13,Bangalore,Bangalore,Android,0,1040,7204.45,31578.37,-26440.66,0.16,2,0,0,0,0.0043,0,0,Low
TXN100862,CUST019,39,26019.07,Purchase,14,Bangalore,Bangalore,Android,0,1040,5137.71,30234.88,-4215.82,0.86,1,0,0,0,0.0096,0,1,Low
TXN100863,CUST019,40,20072.38,Transfer,14,Bangalore,Bangalore,Android,0,1040,26019.07,32434.66,-12362.28,0.62,3,0,0,0,0.0254,0,3,Low
TXN100864,CUST019,41,7170.55,Purchase,15,Bangalore,Bangalore,Android,0,1040,20072.38,34105.49,-26934.94,0.21,2,0,0,0,0.0138,0,1,Low
TXN100865,CUST019,42,15892.86,Online Payment,18,Bangalore,Bangalore,Android,0,1040,7170.55,33284.28,-17391.42,0.48,1,0,0,0,0.0031,0,0,Low
TXN100866,CUST019,43,14988.94,Purchase,16,Bangalore,Bangalore,Android,0,1040,15892.86,31740.36,-16751.42,0.47,2,0,0,0,0.0047,0,0,Low
TXN100867,CUST019,44,23726.08,Bill Payment,19,Bangalore,Bangalore,Android,0,1040,14988.94,32356.3,-8630.22,0.73,2,0,0,0,0.0109,0,1,Low
TXN100868,CUST019,45,18021.94,ATM Withdrawal,16,Bangalore,Bangalore,Android,0,1040,23726.08,16099.43,1922.51,1.12,3,0,0,0,0.0193,0,2,Low
TXN100869,CUST019,46,28086.45,Online Payment,6,Bangalore,Bangalore,Android,0,1040,18021.94,14741.41,13345.04,1.91,2,3,0,0,0.0094,0,1,Low
TXN100870,CUST019,47,11658.5,Online Payment,11,Bangalore,Bangalore,Android,0,1040,28086.45,16632.05,-4973.54,0.7,3,1,0,0,0.0051,0,1,Low
TXN100871,CUST019,48,23215.89,ATM Withdrawal,10,Mysore,Bangalore,Android,0,1040,11658.5,17077.45,6138.44,1.36,2,0,0,1,0.0147,0,1,Low
TXN100872,CUST019,49,8669.43,ATM Withdrawal,14,Bangalore,Bangalore,Android,0,1040,23215.89,18885.27,-10215.84,0.46,8,0,0,0,0.0437,0,4,Low
TXN100873,CUST019,50,7572.37,Purchase,17,Bangalore,Bangalore,Android,0,1040,8669.43,17150.3,-9577.93,0.44,4,0,0,0,0.0078,0,1,Low
TXN100874,CUST019,51,16402.6,Transfer,8,Bangalore,Bangalore,Android,0,1040,7572.37,15900.3,502.29,1.03,7,0,0,0,0.0424,0,4,Low
TXN100875,CUST019,52,5508.23,Online Payment,12,Bangalore,Bangalore,Mac,1,1040,16402.6,16823.51,-11315.27,0.33,2,0,0,0,0.0173,0,2,Low
TXN100876,CUST019,53,12843.0,ATM Withdrawal,8,Bangalore,Bangalore,Mac,1,1040,5508.23,15785.04,-2942.04,0.81,4,0,0,0,0.0547,0,5,Low
TXN100877,CUST019,54,9490.31,Purchase,15,Bangalore,Bangalore,Android,0,1040,12843.0,15570.45,-6080.14,0.61,2,3,0,0,0.0222,0,2,Low
TXN100878,CUST019,55,4379.14,Bill Payment,18,Bangalore,Bangalore,Android,0,1040,9490.31,14146.87,-9767.73,0.31,4,0,0,0,0.004,0,0,Low
TXN100879,CUST019,56,9862.27,Purchase,8,Bangalore,Bangalore,Android,0,1040,4379.14,12782.59,-2920.32,0.77,3,2,0,0,0.0253,0,3,Low
TXN100880,CUST020,1,8687.96,Purchase,21,Mumbai,Bangalore,Mac,0,564,0.0,5624.95,3063.01,1.54,0,1,0,1,0.0558,0,6,Low
TXN100881,CUST020,2,4919.94,Online Payment,10,Pune,Bangalore,Mac,0,564,8687.96,8687.96,-3768.01,0.57,4,0,0,1,0.0689,0,7,Low
TXN100882,CUST020,3,5864.7,Purchase,21,Bangalore,Bangalore,Mac,0,564,4919.94,6803.95,-939.25,0.86,3,0,0,0,0.0083,0,1,Low
TXN100883,CUST020,4,4754.25,Purchase,7,Bangalore,Bangalore,Mac,0,564,5864.7,6490.87,-1736.62,0.73,1,1,0,0,0.0057,0,1,Low
TXN100884,CUST020,5,2825.26,Purchase,22,Bangalore,Bangalore,Mac,0,564,4754.25,6056.71,-3231.45,0.47,1,0,0,0,0.0081,0,1,Low
TXN100885,CUST020,6,13438.64,Purchase,17,Bangalore,Bangalore,Mac,0,564,2825.26,5410.42,8028.22,2.48,5,0,0,0,0.0535,0,5,Low
TXN100886,CUST020,7,14777.18,Transfer,6,Bangalore,Bangalore,Mac,0,564,13438.64,6748.46,8028.72,2.19,0,0,0,0,0.0031,0,0,Low
TXN100887,CUST020,8,5361.24,Transfer,19,Bangalore,Bangalore,Mac,0,564,14777.18,7895.42,-2534.18,0.68,1,0,0,0,0.0124,0,1,Low
TXN100888,CUST020,9,12185.82,Transfer,13,Bangalore,Bangalore,Windows,1,564,5361.24,7578.64,4607.18,1.61,0,2,0,0,0.0125,0,1,Low
TXN100889,CUST020,10,9702.93,Purchase,7,Bangalore,Bangalore,Mac,0,564,12185.82,8090.55,1612.38,1.2,6,0,0,0,0.009,0,1,Low
TXN100890,CUST020,11,13876.43,Purchase,8,Bangalore,Bangalore,Mac,0,564,9702.93,8251.79,5624.64,1.68,1,0,0,0,0.0082,0,1,Low
TXN100891,CUST020,12,10018.62,Purchase,6,Bangalore,Bangalore,Mac,0,564,13876.43,8770.64,1247.98,1.14,4,0,0,0,0.0022,0,0,Low
TXN100892,CUST020,13,2563.3,Online Payment,7,Bangalore,Bangalore,Mac,0,564,10018.62,9280.51,-6717.21,0.28,4,0,1,0,0.0096,0,1,Low
TXN100893,CUST020,14,6260.62,Transfer,7,Bangalore,Bangalore,Mac,0,564,2563.3,8950.37,-2689.75,0.7,1,0,0,0,0.0086,0,1,Low
TXN100894,CUST020,15,1589.2,Purchase,6,Bangalore,Bangalore,Mac,0,564,6260.62,9101.0,-7511.81,0.17,1,0,0,0,0.0155,0,2,Low
TXN100895,CUST020,16,4824.13,ATM Withdrawal,16,Bangalore,Bangalore,Mac,0,564,1589.2,8977.4,-4153.26,0.54,1,0,0,0,0.0084,0,1,Low
TXN100896,CUST020,17,2317.87,ATM Withdrawal,14,Bangalore,Bangalore,Mac,0,564,4824.13,8115.95,-5798.08,0.29,1,0,0,0,0.0043,0,0,Low
TXN100897,CUST020,18,16538.69,Bill Payment,18,Bangalore,Bangalore,Windows,1,564,2317.87,6870.02,9668.67,2.41,4,0,0,0,0.0569,0,6,Low
TXN100898,CUST020,19,5615.28,Transfer,19,Bangalore,Bangalore,Mac,0,564,16538.69,7987.76,-2372.48,0.7,3,0,0,0,0.0115,0,1,Low
TXN100899,CUST020,20,5941.51,Transfer,12,Bangalore,Bangalore,Mac,0,564,5615.28,7330.71,-1389.19,0.81,2,0,0,0,0.0061,0,1,Low
TXN100900,CUST020,21,3221.21,Online Payment,9,Bangalore,Bangalore,Mac,0,564,5941.51,6954.56,-3733.35,0.46,0,0,0,0,0.0083,0,1,Low
TXN100901,CUST020,22,3190.34,Transfer,11,Bangalore,Bangalore,Mac,0,564,3221.21,5889.04,-2698.7,0.54,4,0,0,0,0.0045,0,0,Low
TXN100902,CUST020,23,5688.73,Bill Payment,15,Bangalore,Bangalore,Mac,0,564,3190.34,5206.21,482.52,1.09,7,0,0,0,0.0493,0,5,Low
TXN100903,CUST020,24,11680.18,Purchase,12,Bangalore,Bangalore,Mac,0,564,5688.73,5518.76,6161.42,2.12,1,0,0,0,0.0032,0,0,Low
TXN100904,CUST020,25,3208.28,Purchase,11,Bangalore,Bangalore,Mac,0,564,11680.18,6060.71,-2852.44,0.53,1,1,0,0,0.0162,0,2,Low
TXN100905,CUST020,26,758.35,Purchase,13,Bangalore,Bangalore,Mac,0,564,3208.28,6222.62,-5464.27,0.12,2,0,0,0,0.0132,0,1,Low
TXN100906,CUST020,27,3504.32,Purchase,17,Bangalore,Bangalore,Mac,0,564,758.35,5816.04,-2311.72,0.6,1,0,1,0,0.0173,0,2,Low
TXN100907,CUST020,28,18593.6,Purchase,8,Bangalore,Bangalore,Android,1,564,3504.32,5934.69,12658.91,3.13,3,0,0,0,0.094,0,9,Low
TXN100908,CUST020,29,5509.11,Transfer,16,Bangalore,Bangalore,Mac,0,564,18593.6,6140.18,-631.07,0.9,1,0,0,0,0.0114,0,1,Low
TXN100909,CUST020,30,4606.11,Transfer,10,Bangalore,Bangalore,Mac,0,564,5509.11,6129.56,-1523.45,0.75,1,0,0,0,0.007,0,1,Low
TXN100910,CUST020,31,2387.48,Transfer,11,Bangalore,Bangalore,Mac,0,564,4606.11,5996.02,-3608.54,0.4,3,2,0,0,0.0191,0,2,Low
TXN100911,CUST020,32,2295.58,ATM Withdrawal,8,Bangalore,Bangalore,Mac,0,564,2387.48,5912.65,-3617.07,0.39,1,0,0,0,0.0163,0,2,Low
TXN100912,CUST020,33,2573.22,Transfer,22,Bangalore,Bangalore,Mac,0,564,2295.58,5823.17,-3249.95,0.44,2,0,0,0,0.0045,0,0,Low
TXN100913,CUST020,34,5833.36,Online Payment,20,Bangalore,Bangalore,Mac,0,564,2573.22,5511.62,321.74,1.06,0,0,0,0,0.0101,0,1,Low
TXN100914,CUST020,35,14168.44,Bill Payment,11,Bangalore,Bangalore,Mac,0,564,5833.36,4926.94,9241.5,2.88,1,0,0,0,0.0149,0,1,Low
TXN100915,CUST020,36,7447.16,Bill Payment,10,Bangalore,Bangalore,Mac,0,564,14168.44,6022.96,1424.2,1.24,1,0,1,0,0.0385,0,4,Low
TXN100916,CUST020,37,5991.45,Transfer,21,Bangalore,Bangalore,Mac,0,564,7447.16,6691.84,-700.39,0.9,3,0,0,0,0.0085,0,1,Low
TXN100917,CUST020,38,6835.57,Purchase,11,Bangalore,Bangalore,Mac,0,564,5991.45,6940.55,-104.98,0.98,2,1,0,0,0.0251,0,3,Low
TXN100918,CUST020,39,2436.26,Online Payment,17,Bangalore,Bangalore,Mac,0,564,6835.57,5764.75,-3328.49,0.42,2,0,1,0,0.0242,0,2,Low
TXN100919,CUST020,40,4620.32,Transfer,12,Bangalore,Bangalore,iPhone,1,564,2436.26,5457.46,-837.15,0.85,4,0,1,0,0.0478,0,5,Low
TXN100920,CUST020,41,3326.22,Purchase,22,Bangalore,Bangalore,Mac,0,564,4620.32,5458.89,-2132.66,0.61,2,0,0,0,0.0105,0,1,Low
TXN100921,CUST020,42,6681.69,Purchase,6,Chennai,Bangalore,Mac,0,564,3326.22,5552.76,1128.93,1.2,3,0,0,1,0.0078,0,1,Low
TXN100922,CUST020,43,3621.64,Bill Payment,14,Bangalore,Bangalore,Mac,0,564,6681.69,5991.37,-2369.73,0.6,0,0,0,0,0.0242,0,2,Low
TXN100923,CUST021,1,1884.32,Transfer,17,Pune,Pune,Windows,0,1841,0.0,3895.73,-2011.41,0.48,2,2,0,0,0.0088,0,1,Low
TXN100924,CUST021,2,2327.22,Purchase,15,Pune,Pune,Windows,0,1841,1884.32,1884.32,442.9,1.24,3,1,0,0,0.0037,0,0,Low
TXN100925,CUST021,3,5240.45,Purchase,19,Pune,Pune,Windows,0,1841,2327.22,2105.77,3134.68,2.49,3,0,0,0,0.0066,0,1,Low
TXN100926,CUST021,4,12305.02,Transfer,9,Pune,Pune,Windows,0,1841,5240.45,3150.66,9154.35,3.91,3,0,0,0,0.0285,0,3,Low
TXN100927,CUST021,5,2060.65,Online Payment,1,Pune,Pune,Windows,0,1841,12305.02,5439.25,-3378.61,0.38,14,3,0,0,0.55,1,55,Medium
TXN100928,CUST021,6,5962.5,Transfer,10,Pune,Pune,Windows,0,1841,2060.65,4763.53,1198.97,1.25,2,2,0,0,0.0336,0,3,Low
TXN100929,CUST021,7,3703.19,Transfer,14,Pune,Pune,Windows,0,1841,5962.5,4963.36,-1260.17,0.75,5,0,0,0,0.0109,0,1,Low
TXN100930,CUST021,8,7642.29,Bill Payment,15,Pune,Pune,Windows,0,1841,3703.19,4783.33,2858.95,1.6,3,0,0,0,0.0062,0,1,Low
TXN100931,CUST021,9,4139.03,Purchase,22,Pune,Pune,Windows,0,1841,7642.29,5140.7,-1001.68,0.81,5,0,0,0,0.0132,0,1,Low
TXN100932,CUST021,10,4114.05,Online Payment,6,Pune,Pune,Windows,0,1841,4139.03,5029.41,-915.36,0.82,2,1,0,0,0.0155,0,2,Low
TXN100933,CUST021,11,2247.83,ATM Withdrawal,9,Pune,Pune,Windows,0,1841,4114.05,4937.87,-2690.04,0.46,2,0,0,0,0.0128,0,1,Low
TXN100934,CUST021,12,8225.09,Bill Payment,19,Pune,Pune,Windows,0,1841,2247.83,4974.22,3250.87,1.65,1,0,0,0,0.0135,0,1,Low
TXN100935,CUST021,13,1722.05,Purchase,17,Pune,Pune,Windows,0,1841,8225.09,5564.01,-3841.96,0.31,4,2,0,0,0.0145,0,1,Low
TXN100936,CUST021,14,5677.74,Transfer,11,Pune,Pune,Windows,0,1841,1722.05,5212.17,465.57,1.09,2,0,0,0,0.0026,0,0,Low
TXN100937,CUST021,15,1906.37,Transfer,21,Pune,Pune,Windows,0,1841,5677.74,4549.44,-2643.07,0.42,3,0,0,0,0.007,0,1,Low
TXN100938,CUST021,16,1928.54,Purchase,11,Pune,Pune,Windows,0,1841,1906.37,4534.01,-2605.48,0.43,4,0,0,0,0.0113,0,1,Low
TXN100939,CUST021,17,3739.14,ATM Withdrawal,7,Pune,Pune,Windows,0,1841,1928.54,4130.62,-391.47,0.91,0,0,0,0,0.0086,0,1,Low
TXN100940,CUST021,18,12901.51,Purchase,17,Pune,Pune,Windows,0,1841,3739.14,4134.21,8767.3,3.12,2,0,0,0,0.0129,0,1,Low
TXN100941,CUST021,19,5111.84,Bill Payment,6,Pune,Pune,Windows,0,1841,12901.51,4660.14,451.7,1.1,3,0,0,0,0.0164,0,2,Low
TXN100942,CUST021,20,2706.86,Transfer,8,Pune,Pune,Windows,0,1841,5111.84,4757.42,-2050.55,0.57,4,0,0,0,0.0212,0,2,Low
TXN100943,CUST021,21,4824.75,Bill Payment,21,Hassan,Pune,Windows,0,1841,2706.86,4616.7,208.05,1.05,1,0,0,1,0.0546,0,5,Low
TXN100944,CUST021,22,8214.49,Transfer,17,Pune,Pune,Windows,0,1841,4824.75,4874.39,3340.1,1.69,1,0,0,0,0.0185,0,2,Low
TXN100945,CUST021,23,4182.03,ATM Withdrawal,10,Pune,Pune,Windows,0,1841,8214.49,4873.33,-691.3,0.86,5,0,0,0,0.0234,0,2,Low
TXN100946,CUST021,24,1333.61,Online Payment,8,Pune,Pune,Windows,0,1841,4182.03,5119.33,-3785.72,0.26,1,0,0,0,0.0049,0,0,Low
TXN100947,CUST021,25,7643.8,Transfer,22,Pune,Pune,Windows,0,1841,1333.61,4684.91,2958.89,1.63,2,0,1,0,0.0079,0,1,Low
TXN100948,CUST021,26,2519.11,Bill Payment,6,Pune,Pune,Windows,0,1841,7643.8,5258.66,-2739.54,0.48,0,0,0,0,0.0041,0,0,Low
TXN100949,CUST021,27,2059.34,Online Payment,22,Pune,Pune,Windows,0,1841,2519.11,5317.71,-3258.37,0.39,1,0,0,0,0.0062,0,1,Low
TXN100950,CUST021,28,8739.82,Online Payment,11,Pune,Pune,Windows,0,1841,2059.34,5149.73,3590.09,1.7,2,0,0,0,0.0024,0,0,Low
TXN100951,CUST021,29,3587.79,Online Payment,12,Pune,Pune,Android,1,1841,8739.82,4733.57,-1145.78,0.76,7,0,0,0,0.0636,0,6,Low
TXN100952,CUST021,30,2591.55,Bill Payment,12,Pune,Pune,Windows,0,1841,3587.79,4581.16,-1989.61,0.57,1,0,0,0,0.0092,0,1,Low
TXN100953,CUST021,31,3014.23,Transfer,22,Pune,Pune,Windows,0,1841,2591.55,4569.63,-1555.4,0.66,1,0,0,0,0.0067,0,1,Low
TXN100954,CUST021,32,9725.55,Transfer,14,Pune,Pune,Windows,0,1841,3014.23,4388.58,5336.97,2.22,4,0,0,0,0.0326,0,3,Low
TXN100955,CUST021,33,2669.28,Purchase,18,Pune,Pune,Windows,0,1841,9725.55,4539.68,-1870.4,0.59,2,0,0,0,0.0124,0,1,Low
TXN100956,CUST021,34,3886.43,Transfer,7,Pune,Pune,Windows,0,1841,2669.28,4388.41,-501.98,0.89,2,0,0,0,0.0127,0,1,Low
TXN100957,CUST021,35,3068.87,ATM Withdrawal,7,Pune,Pune,Mac,1,1841,3886.43,4643.69,-1574.82,0.66,2,0,0,0,0.0189,0,2,Low
TXN100958,CUST021,36,2994.06,Transfer,19,Pune,Pune,Windows,0,1841,3068.87,4186.2,-1192.13,0.72,2,0,0,0,0.0077,0,1,Low
TXN100959,CUST021,37,9117.32,Transfer,22,Pune,Pune,Windows,0,1841,2994.06,4233.69,4883.63,2.15,4,0,0,0,0.009,0,1,Low
TXN100960,CUST021,38,4416.08,Transfer,16,Hassan,Pune,Windows,0,1841,9117.32,4939.49,-523.41,0.89,2,0,0,1,0.0386,0,4,Low
TXN100961,CUST021,39,7319.17,Purchase,15,Pune,Pune,Windows,0,1841,4416.08,4507.12,2812.06,1.62,1,0,0,0,0.0033,0,0,Low
TXN100962,CUST021,40,7734.64,Purchase,15,Pune,Pune,Windows,0,1841,7319.17,4880.25,2854.39,1.58,3,1,0,0,0.0085,0,1,Low
TXN100963,CUST021,41,2885.93,Purchase,18,Pune,Pune,Windows,0,1841,7734.64,5394.56,-2508.63,0.53,2,0,0,0,0.0056,0,1,Low
TXN100964,CUST021,42,3827.06,Online Payment,6,Pune,Pune,Windows,0,1841,2885.93,5381.73,-1554.67,0.71,3,0,0,0,0.0096,0,1,Low
TXN100965,CUST021,43,20473.74,Transfer,8,Pune,Pune,Windows,0,1841,3827.06,4791.89,15681.85,4.27,2,0,0,0,0.021,0,2,Low
TXN100966,CUST021,44,1543.92,Transfer,16,Pune,Pune,Windows,0,1841,20473.74,6572.33,-5028.41,0.23,3,0,1,0,0.0307,0,3,Low
TXN100967,CUST021,45,3629.1,Purchase,18,Pune,Pune,Windows,0,1841,1543.92,6338.08,-2708.99,0.57,1,0,0,0,0.009,0,1,Low
TXN100968,CUST022,1,11898.36,Online Payment,11,Mangalore,Mangalore,Mac,0,1432,0.0,9971.79,1926.57,1.19,1,0,0,0,0.0095,0,1,Low
TXN100969,CUST022,2,11394.22,Transfer,18,Mangalore,Mangalore,Mac,0,1432,11898.36,11898.36,-504.14,0.96,2,0,0,0,0.0072,0,1,Low
TXN100970,CUST022,3,29097.99,Transfer,15,Mangalore,Mangalore,Android,1,1432,11394.22,11646.29,17451.7,2.5,0,1,0,0,0.0474,0,5,Low
TXN100971,CUST022,4,21079.38,Bill Payment,6,Mangalore,Mangalore,Mac,0,1432,29097.99,17463.52,3615.85,1.21,0,0,0,0,0.0094,0,1,Low
TXN100972,CUST022,5,20481.21,Transfer,14,Mangalore,Mangalore,Mac,0,1432,21079.38,18367.48,2113.73,1.12,3,0,0,0,0.0107,0,1,Low
TXN100973,CUST022,6,14488.06,Purchase,16,Mangalore,Mangalore,Mac,0,1432,20481.21,18790.23,-4302.17,0.77,1,0,0,0,0.0029,0,0,Low
TXN100974,CUST022,7,7633.64,Purchase,10,Mangalore,Mangalore,Mac,0,1432,14488.06,18073.2,-10439.56,0.42,6,0,0,0,0.0149,0,1,Low
TXN100975,CUST022,8,6893.6,Transfer,6,Mangalore,Mangalore,Mac,0,1432,7633.64,16581.84,-9688.23,0.42,3,0,0,0,0.0222,0,2,Low
TXN100976,CUST022,9,9897.76,Transfer,7,Mangalore,Mangalore,Mac,0,1432,6893.6,15370.81,-5473.05,0.64,3,0,0,0,0.0107,0,1,Low
TXN100977,CUST022,10,64086.38,ATM Withdrawal,1,Pune,Mangalore,Mac,0,1432,9897.76,14762.69,49323.68,4.34,7,0,0,1,0.55,1,55,Medium
TXN100978,CUST022,11,26784.95,Purchase,13,Mangalore,Mangalore,Mac,0,1432,64086.38,19695.06,7089.89,1.36,0,0,0,0,0.0069,0,1,Low
TXN100979,CUST022,12,4796.52,Purchase,20,Mangalore,Mangalore,Mac,0,1432,26784.95,21183.72,-16387.2,0.23,4,0,0,0,0.0033,0,0,Low
TXN100980,CUST022,13,6093.38,Bill Payment,16,Mangalore,Mangalore,Mac,0,1432,4796.52,20523.95,-14430.57,0.3,3,0,0,0,0.0071,0,1,Low
TXN100981,CUST022,14,3115.76,Purchase,6,Mangalore,Mangalore,Mac,0,1432,6093.38,18223.49,-15107.73,0.17,3,0,0,0,0.011,0,1,Low
TXN100982,CUST022,15,7076.07,Transfer,21,Mangalore,Mangalore,Mac,0,1432,3115.76,16427.13,-9351.05,0.43,3,1,0,0,0.0072,0,1,Low
TXN100983,CUST022,16,12254.05,Transfer,12,Mangalore,Mangalore,Mac,0,1432,7076.07,15086.61,-2832.57,0.81,2,0,0,0,0.0154,0,2,Low
TXN100984,CUST022,17,29068.76,Bill Payment,14,Mangalore,Mangalore,Mac,0,1432,12254.05,14863.21,14205.54,1.96,2,1,0,0,0.0073,0,1,Low
TXN100985,CUST022,18,5430.3,Transfer,8,Delhi,Mangalore,Mac,0,1432,29068.76,17006.72,-11576.42,0.32,2,1,0,1,0.0141,0,1,Low
TXN100986,CUST022,19,24884.47,ATM Withdrawal,6,Mangalore,Mangalore,Mac,0,1432,5430.3,16860.39,8024.08,1.48,3,0,0,0,0.0036,0,0,Low
TXN100987,CUST022,20,3515.95,Purchase,6,Mangalore,Mangalore,Mac,0,1432,24884.47,18359.06,-14843.12,0.19,3,0,0,0,0.0049,0,0,Low
TXN100988,CUST022,21,4252.12,Bill Payment,9,Mangalore,Mangalore,Mac,0,1432,3515.95,12302.02,-8049.9,0.35,2,0,0,0,0.0198,0,2,Low
TXN100989,CUST022,22,7284.26,Bill Payment,7,Mangalore,Mangalore,Mac,0,1432,4252.12,10048.74,-2764.48,0.72,4,0,0,0,0.0094,0,1,Low
TXN100990,CUST022,23,10936.22,Online Payment,21,Mysore,Mangalore,Mac,0,1432,7284.26,10297.51,638.71,1.06,0,0,0,1,0.0166,0,2,Low
TXN100991,CUST022,24,14577.62,Purchase,14,Mangalore,Mangalore,Mac,0,1432,10936.22,10781.8,3795.82,1.35,3,1,0,0,0.0033,0,0,Low
TXN100992,CUST022,25,6943.52,Transfer,14,Mangalore,Mangalore,Mac,0,1432,14577.62,11927.98,-4984.46,0.58,3,0,0,0,0.0051,0,1,Low
TXN100993,CUST022,26,7086.83,Bill Payment,19,Mangalore,Mangalore,Mac,0,1432,6943.52,11914.73,-4827.9,0.59,3,0,0,0,0.0077,0,1,Low
TXN100994,CUST022,27,11815.57,Bill Payment,11,Mangalore,Mangalore,Mac,0,1432,7086.83,11398.0,417.56,1.04,1,0,0,0,0.0023,0,0,Low
TXN100995,CUST022,28,12114.62,ATM Withdrawal,9,Mangalore,Mangalore,Mac,0,1432,11815.57,9672.68,2441.94,1.25,5,0,0,0,0.0142,0,1,Low
TXN100996,CUST022,29,32108.12,Purchase,13,Pune,Mangalore,Mac,0,1432,12114.62,10341.12,21767.01,3.1,4,0,0,1,0.015,0,1,Low
TXN100997,CUST022,30,7432.24,Purchase,10,Bangalore,Mangalore,Mac,0,1432,32108.12,11063.48,-3631.24,0.67,3,0,0,1,0.0148,0,1,Low
TXN100998,CUST022,31,18598.37,Purchase,18,Mangalore,Mangalore,Mac,0,1432,7432.24,11455.11,7143.26,1.62,3,0,0,0,0.55,1,55,Medium
TXN100999,CUST022,32,5650.13,Purchase,15,Mangalore,Mangalore,Mac,0,1432,18598.37,12889.74,-7239.61,0.44,0,0,0,0,0.0078,0,1,Low
TXN101000,CUST022,33,10131.47,Transfer,9,Mangalore,Mangalore,Mac,0,1432,5650.13,12726.32,-2594.85,0.8,4,0,0,0,0.0087,0,1,Low
TXN101001,CUST022,34,6804.06,Purchase,11,Mangalore,Mangalore,Windows,1,1432,10131.47,12645.85,-5841.79,0.54,3,1,0,0,0.0776,0,8,Low
TXN101002,CUST022,35,33148.32,Purchase,12,Mangalore,Mangalore,iPhone,1,1432,6804.06,11868.49,21279.83,2.79,1,0,0,0,0.0617,0,6,Low
TXN101003,CUST022,36,10873.33,Bill Payment,7,Mangalore,Mangalore,Mac,0,1432,33148.32,14488.97,-3615.64,0.75,6,0,0,0,0.0354,0,4,Low
TXN101004,CUST022,37,9724.38,Bill Payment,21,Mangalore,Mangalore,Mac,0,1432,10873.33,14867.62,-5143.24,0.65,4,0,0,0,0.0117,0,1,Low
TXN101005,CUST022,38,15648.69,Online Payment,15,Mangalore,Mangalore,Mac,0,1432,9724.38,14658.51,990.18,1.07,5,0,0,0,0.0371,0,4,Low
TXN101006,CUST022,39,11055.52,ATM Withdrawal,18,Pune,Mangalore,Mac,0,1432,15648.69,15011.91,-3956.39,0.74,4,0,0,1,0.0163,0,2,Low
TXN101007,CUST022,40,11238.44,Transfer,8,Mangalore,Mangalore,Mac,0,1432,11055.52,12906.65,-1668.21,0.87,1,0,0,0,0.0117,0,1,Low
TXN101008,CUST022,41,5452.83,Online Payment,18,Mangalore,Mangalore,Mac,0,1432,11238.44,13287.27,-7834.44,0.41,2,0,0,0,0.013,0,1,Low
TXN101009,CUST023,1,24067.97,Purchase,8,Mangalore,Mangalore,Mac,0,2694,0.0,11144.33,12923.63,2.16,2,2,0,0,0.0147,0,1,Low
TXN101010,CUST023,2,8623.34,Purchase,8,Mangalore,Mangalore,Mac,0,2694,24067.97,24067.97,-15444.62,0.36,3,0,0,0,0.0077,0,1,Low
TXN101011,CUST023,3,7052.57,Bill Payment,19,Mangalore,Mangalore,Mac,0,2694,8623.34,16345.65,-9293.08,0.43,3,0,0,0,0.008,0,1,Low
TXN101012,CUST023,4,12527.97,Purchase,9,Mangalore,Mangalore,Mac,0,2694,7052.57,13247.96,-719.99,0.95,3,0,0,0,0.0073,0,1,Low
TXN101013,CUST023,5,7172.27,ATM Withdrawal,7,Mangalore,Mangalore,Mac,0,2694,12527.97,13067.96,-5895.7,0.55,2,0,0,0,0.0112,0,1,Low
TXN101014,CUST023,6,12348.95,Bill Payment,11,Mysore,Mangalore,Mac,0,2694,7172.27,11888.83,460.13,1.04,1,0,0,1,0.0195,0,2,Low
TXN101015,CUST023,7,10848.85,Online Payment,11,Mangalore,Mangalore,Mac,0,2694,12348.95,11965.51,-1116.66,0.91,1,1,0,0,0.045,0,4,Low
TXN101016,CUST023,8,17331.25,Transfer,12,Mangalore,Mangalore,Mac,0,2694,10848.85,11805.99,5525.26,1.47,2,0,0,0,0.0073,0,1,Low
TXN101017,CUST023,9,5513.24,Transfer,10,Mangalore,Mangalore,Mac,0,2694,17331.25,12496.65,-6983.41,0.44,1,0,0,0,0.0149,0,1,Low
TXN101018,CUST023,10,15376.79,Purchase,15,Mangalore,Mangalore,Mac,0,2694,5513.24,11720.71,3656.08,1.31,3,0,0,0,0.008,0,1,Low
TXN101019,CUST023,11,7409.62,ATM Withdrawal,16,Hassan,Mangalore,Mac,0,2694,15376.79,12086.32,-4676.7,0.61,1,0,0,1,0.0639,0,6,Low
TXN101020,CUST023,12,9655.53,Bill Payment,21,Hassan,Mangalore,Mac,0,2694,7409.62,10420.49,-764.96,0.93,0,0,0,1,0.0079,0,1,Low
TXN101021,CUST023,13,7883.33,Purchase,20,Mangalore,Mangalore,Mac,0,2694,9655.53,10523.71,-2640.38,0.75,0,0,0,0,0.0161,0,2,Low
TXN101022,CUST023,14,14725.77,Transfer,8,Mangalore,Mangalore,Mac,0,2694,7883.33,10606.78,4118.99,1.39,0,0,0,0,0.008,0,1,Low
TXN101023,CUST023,15,6526.03,Transfer,10,Mangalore,Mangalore,Mac,0,2694,14725.77,10826.56,-4300.53,0.6,1,0,0,0,0.0053,0,1,Low
TXN101024,CUST023,16,11928.9,Purchase,16,Mangalore,Mangalore,Windows,1,2694,6526.03,10761.94,1166.96,1.11,0,0,0,0,0.0455,0,5,Low
TXN101025,CUST023,17,11702.62,ATM Withdrawal,20,Mangalore,Mangalore,Mac,0,2694,11928.9,10719.93,982.69,1.09,2,0,0,0,0.0038,0,0,Low
TXN101026,CUST023,18,19721.91,Bill Payment,19,Mangalore,Mangalore,Mac,0,2694,11702.62,10805.31,8916.6,1.83,2,0,0,0,0.0368,0,4,Low
TXN101027,CUST023,19,19294.88,Online Payment,20,Mangalore,Mangalore,Mac,0,2694,19721.91,11044.37,8250.51,1.75,3,0,0,0,0.0073,0,1,Low
TXN101028,CUST023,20,15993.16,Bill Payment,19,Mangalore,Mangalore,Mac,0,2694,19294.88,12422.54,3570.62,1.29,3,0,0,0,0.0091,0,1,Low
TXN101029,CUST023,21,10603.83,Online Payment,10,Mangalore,Mangalore,Windows,1,2694,15993.16,12484.18,-1880.34,0.85,3,1,0,0,0.0873,0,9,Low
TXN101030,CUST023,22,19460.98,Purchase,7,Mangalore,Mangalore,Mac,0,2694,10603.83,12803.6,6657.38,1.52,4,0,0,0,0.0046,0,0,Low
TXN101031,CUST023,23,18120.26,ATM Withdrawal,11,Mangalore,Mangalore,Mac,0,2694,19460.98,13784.14,4336.12,1.31,2,0,0,0,0.0052,0,1,Low
TXN101032,CUST023,24,16164.56,Online Payment,8,Mangalore,Mangalore,Mac,0,2694,18120.26,14807.83,1356.73,1.09,1,2,0,0,0.0206,0,2,Low
TXN101033,CUST023,25,26772.49,Bill Payment,19,Mangalore,Mangalore,Mac,0,2694,16164.56,14951.71,11820.78,1.79,1,0,0,0,0.007,0,1,Low
TXN101034,CUST023,26,7655.67,ATM Withdrawal,20,Mangalore,Mangalore,Mac,0,2694,26772.49,16976.36,-9320.69,0.45,1,0,0,0,0.007,0,1,Low
TXN101035,CUST023,27,3978.33,Purchase,21,Mangalore,Mangalore,Mac,0,2694,7655.67,16549.04,-12570.71,0.24,2,0,0,0,0.0076,0,1,Low
TXN101036,CUST023,28,8992.43,ATM Withdrawal,20,Mangalore,Mangalore,Mac,0,2694,3978.33,15776.61,-6784.17,0.57,3,0,0,0,0.0095,0,1,Low
TXN101037,CUST023,29,7162.17,Purchase,16,Bangalore,Mangalore,Mac,0,2694,8992.43,14703.66,-7541.49,0.49,3,1,0,1,0.0123,0,1,Low
TXN101038,CUST023,30,34115.09,Transfer,7,Mumbai,Mangalore,Mac,0,2694,7162.17,13490.39,20624.7,2.53,1,4,0,0,0.55,1,55,Medium
TXN101039,CUST023,31,27719.72,ATM Withdrawal,22,Mangalore,Mangalore,Mac,0,2694,34115.09,15302.58,12417.14,1.81,0,0,0,0,0.0076,0,1,Low
TXN101040,CUST023,32,9729.35,Transfer,10,Mangalore,Mangalore,Mac,0,2694,27719.72,17014.17,-7284.82,0.57,3,2,0,0,0.0249,0,2,Low
TXN101041,CUST023,33,13823.39,ATM Withdrawal,20,Mangalore,Mangalore,Mac,0,2694,9729.35,16041.01,-2217.61,0.86,2,1,0,0,0.0072,0,1,Low
TXN101042,CUST023,34,11163.84,Purchase,22,Mangalore,Mangalore,Mac,0,2694,13823.39,15611.32,-4447.48,0.72,3,1,0,0,0.0029,0,0,Low
TXN101043,CUST023,35,8303.48,Transfer,14,Mangalore,Mangalore,Mac,0,2694,11163.84,15111.25,-6807.77,0.55,2,0,0,0,0.0062,0,1,Low
TXN101044,CUST024,1,4436.83,Transfer,11,Bangalore,Bangalore,Windows,0,1205,0.0,10410.28,-5973.45,0.43,0,0,0,0,0.0044,0,0,Low
TXN101045,CUST024,2,13422.04,Purchase,22,Bangalore,Bangalore,Windows,0,1205,4436.83,4436.83,8985.21,3.03,3,0,0,0,0.0302,0,3,Low
TXN101046,CUST024,3,30351.02,Transfer,17,Bangalore,Bangalore,Windows,0,1205,13422.04,8929.44,21421.59,3.4,1,0,0,0,0.06,0,6,Low
TXN101047,CUST024,4,9002.42,Transfer,6,Bangalore,Bangalore,Windows,0,1205,30351.02,16069.97,-7067.54,0.56,2,0,0,0,0.0073,0,1,Low
TXN101048,CUST024,5,20392.61,Transfer,17,Mumbai,Bangalore,Windows,0,1205,9002.42,14303.08,6089.53,1.43,1,0,0,1,0.0737,0,7,Low
TXN101049,CUST024,6,2610.55,Purchase,10,Bangalore,Bangalore,Windows,0,1205,20392.61,15520.99,-12910.44,0.17,2,1,0,0,0.0079,0,1,Low
TXN101050,CUST024,7,4934.05,Online Payment,14,Bangalore,Bangalore,Windows,0,1205,2610.55,13369.25,-8435.2,0.37,2,0,0,0,0.0067,0,1,Low
TXN101051,CUST024,8,6885.72,Online Payment,7,Bangalore,Bangalore,Windows,0,1205,4934.05,12164.22,-5278.5,0.57,2,1,0,0,0.0088,0,1,Low
TXN101052,CUST024,9,13618.03,Purchase,20,Bangalore,Bangalore,Windows,0,1205,6885.72,11504.41,2113.63,1.18,3,1,0,0,0.0026,0,0,Low
TXN101053,CUST024,10,5745.75,Online Payment,12,Bangalore,Bangalore,Windows,0,1205,13618.03,11739.25,-5993.5,0.49,4,0,0,0,0.0173,0,2,Low
TXN101054,CUST024,11,20697.24,Transfer,15,Bangalore,Bangalore,Windows,0,1205,5745.75,11139.9,9557.34,1.86,3,0,0,0,0.0078,0,1,Low
TXN101055,CUST024,12,15294.62,Purchase,8,Bangalore,Bangalore,Android,1,1205,20697.24,12765.94,2528.67,1.2,3,0,1,0,0.0381,0,4,Low
TXN101056,CUST024,13,7783.81,ATM Withdrawal,17,Bangalore,Bangalore,Windows,0,1205,15294.62,12953.2,-5169.39,0.6,2,0,0,0,0.0169,0,2,Low
TXN101057,CUST024,14,12698.81,Bill Payment,16,Bangalore,Bangalore,Windows,0,1205,7783.81,10696.48,2002.33,1.19,3,2,0,0,0.0086,0,1,Low
TXN101058,CUST024,15,3823.83,Online Payment,15,Bangalore,Bangalore,Windows,0,1205,12698.81,11066.12,-7242.29,0.35,8,0,1,0,0.0943,0,9,Low
TXN101059,CUST024,16,12874.97,ATM Withdrawal,9,Bangalore,Bangalore,Windows,0,1205,3823.83,9409.24,3465.73,1.37,3,2,0,0,0.0212,0,2,Low
TXN101060,CUST024,17,7218.36,Bill Payment,15,Bangalore,Bangalore,Windows,0,1205,12874.97,10435.68,-3217.32,0.69,1,0,0,0,0.0129,0,1,Low
TXN101061,CUST024,18,4623.08,ATM Withdrawal,6,Bangalore,Bangalore,Android,1,1205,7218.36,10664.11,-6041.03,0.43,2,0,0,0,0.0158,0,2,Low
TXN101062,CUST024,19,42673.9,Purchase,11,Bangalore,Bangalore,Windows,0,1205,4623.08,10437.85,32236.05,4.09,1,0,0,0,0.0244,0,2,Low
TXN101063,CUST024,20,267302.6,Bill Payment,8,Delhi,Bangalore,Windows,0,1205,42673.9,13343.44,253959.16,20.03,7,0,0,0,0.5531,1,55,Medium
TXN101064,CUST024,21,9104.46,Online Payment,14,Bangalore,Bangalore,Windows,0,1205,267302.6,39499.12,-30394.66,0.23,3,0,0,0,0.0147,0,1,Low
TXN101065,CUST024,22,25826.51,Bill Payment,17,Bangalore,Bangalore,Windows,0,1205,9104.46,38339.84,-12513.34,0.67,4,0,0,0,0.0069,0,1,Low
TXN101066,CUST024,23,3590.37,Transfer,16,Bangalore,Bangalore,Windows,0,1205,25826.51,39393.03,-35802.66,0.09,1,0,0,0,0.0115,0,1,Low
TXN101067,CUST024,24,7719.49,Bill Payment,9,Bangalore,Bangalore,Windows,0,1205,3590.37,38973.69,-31254.2,0.2,1,1,0,0,0.002,0,0,Low
TXN101068,CUST024,25,5763.69,Transfer,12,Bangalore,Bangalore,iPhone,1,1205,7719.49,38475.76,-32712.07,0.15,3,2,0,0,0.1053,0,11,Low
TXN101069,CUST024,26,14629.66,Purchase,17,Bangalore,Bangalore,Windows,0,1205,5763.69,38669.74,-24040.08,0.38,1,0,0,0,0.009,0,1,Low
TXN101070,CUST024,27,15529.0,Online Payment,12,Bangalore,Bangalore,Mac,1,1205,14629.66,38845.21,-23316.21,0.4,2,0,0,0,0.0359,0,4,Low
TXN101071,CUST024,28,8633.03,Purchase,19,Bangalore,Bangalore,Windows,0,1205,15529.0,39676.27,-31043.24,0.22,1,0,0,0,0.0055,0,1,Low
TXN101072,CUST024,29,17564.52,Purchase,17,Bangalore,Bangalore,Windows,0,1205,8633.03,40077.27,-22512.75,0.44,5,0,0,0,0.0186,0,2,Low
TXN101073,CUST024,30,28935.58,Transfer,20,Bangalore,Bangalore,Windows,0,1205,17564.52,37566.33,-8630.75,0.77,3,0,0,0,0.0193,0,2,Low
TXN101074,CUST024,31,6564.15,Purchase,7,Bangalore,Bangalore,Windows,0,1205,28935.58,13729.63,-7165.48,0.48,1,0,0,0,0.0125,0,1,Low
TXN101075,CUST024,32,10090.41,Bill Payment,19,Bangalore,Bangalore,Windows,0,1205,6564.15,13475.6,-3385.19,0.75,2,0,0,0,0.0044,0,0,Low
TXN101076,CUST024,33,20368.46,Purchase,20,Bangalore,Bangalore,Windows,0,1205,10090.41,11901.99,8466.47,1.71,1,0,0,0,0.0128,0,1,Low
TXN101077,CUST024,34,20748.1,Transfer,9,Bangalore,Bangalore,Windows,0,1205,20368.46,13579.8,7168.3,1.53,3,2,0,0,0.0421,0,4,Low
TXN101078,CUST024,35,11902.8,Purchase,19,Delhi,Bangalore,Windows,0,1205,20748.1,14882.66,-2979.86,0.8,1,2,0,1,0.0386,0,4,Low
TXN101079,CUST024,36,4417.29,Purchase,22,Bangalore,Bangalore,Windows,0,1205,11902.8,15496.57,-11079.28,0.29,4,0,0,0,0.0179,0,2,Low
TXN101080,CUST024,37,5259.55,Transfer,7,Mysore,Bangalore,Windows,0,1205,4417.29,14475.33,-9215.78,0.36,3,0,0,1,0.0154,0,2,Low
TXN101081,CUST024,38,11149.48,ATM Withdrawal,14,Mangalore,Bangalore,Windows,0,1205,5259.55,13448.39,-2298.91,0.83,0,0,0,1,0.1043,0,10,Low
TXN101082,CUST024,39,17358.58,ATM Withdrawal,20,Bangalore,Bangalore,Windows,0,1205,11149.48,13700.03,3658.55,1.27,1,0,0,0,0.0077,0,1,Low
TXN101083,CUST024,40,2676.47,Transfer,12,Bangalore,Bangalore,iPhone,1,1205,17358.58,13679.44,-11002.97,0.2,2,0,0,0,0.024,0,2,Low
TXN101084,CUST024,41,6437.76,Online Payment,16,Bangalore,Bangalore,Windows,0,1205,2676.47,11053.53,-4615.77,0.58,4,0,0,0,0.0138,0,1,Low
TXN101085,CUST024,42,3075.17,Purchase,18,Bangalore,Bangalore,Windows,0,1205,6437.76,11040.89,-7965.72,0.28,1,0,0,0,0.0067,0,1,Low
TXN101086,CUST024,43,16116.05,Purchase,19,Bangalore,Bangalore,Windows,0,1205,3075.17,10339.37,5776.69,1.56,2,0,0,0,0.0149,0,1,Low
TXN101087,CUST024,44,15698.24,ATM Withdrawal,14,Bangalore,Bangalore,Windows,0,1205,16116.05,9914.13,5784.11,1.58,3,0,0,0,0.0082,0,1,Low
TXN101088,CUST024,45,4938.0,Transfer,20,Hyderabad,Bangalore,Windows,0,1205,15698.24,9409.14,-4471.14,0.52,2,0,0,1,0.0246,0,2,Low
TXN101089,CUST024,46,5327.76,Transfer,18,Bangalore,Bangalore,Windows,0,1205,4938.0,8712.66,-3384.9,0.61,2,0,0,0,0.0047,0,0,Low
TXN101090,CUST024,47,17460.49,Purchase,11,Bangalore,Bangalore,Windows,0,1205,5327.76,8803.71,8656.78,1.98,2,0,0,0,0.0104,0,1,Low
TXN101091,CUST024,48,19171.73,Purchase,13,Bangalore,Bangalore,Windows,0,1205,17460.49,10023.8,9147.93,1.91,3,0,0,0,0.0041,0,0,Low
TXN101092,CUST024,49,3649.16,Bill Payment,14,Bangalore,Bangalore,Windows,0,1205,19171.73,10826.03,-7176.86,0.34,3,1,0,0,0.0053,0,1,Low
TXN101093,CUST024,50,3123.12,Transfer,18,Bangalore,Bangalore,Windows,0,1205,3649.16,9455.08,-6331.97,0.33,5,0,0,0,0.007,0,1,Low
TXN101094,CUST024,51,8552.49,Transfer,8,Bangalore,Bangalore,Windows,0,1205,3123.12,9499.75,-947.26,0.9,0,0,0,0,0.0109,0,1,Low
TXN101095,CUST024,52,11937.7,Transfer,9,Bangalore,Bangalore,Windows,0,1205,8552.49,9711.22,2226.48,1.23,3,0,0,0,0.0342,0,3,Low
TXN101096,CUST024,53,42527.66,Online Payment,12,Bangalore,Bangalore,Windows,0,1205,11937.7,10597.47,31930.19,4.01,2,0,0,0,0.0409,0,4,Low
TXN101097,CUST024,54,29187.18,Transfer,6,Bangalore,Bangalore,Windows,0,1205,42527.66,13238.63,15948.55,2.2,1,0,0,0,0.0425,0,4,Low
TXN101098,CUST024,55,13187.29,Transfer,10,Bangalore,Bangalore,Windows,0,1205,29187.18,14587.53,-1400.23,0.9,3,0,0,0,0.0072,0,1,Low
TXN101099,CUST024,56,23068.45,ATM Withdrawal,11,Bangalore,Bangalore,iPhone,1,1205,13187.29,15412.46,7655.99,1.5,5,0,0,0,0.0719,0,7,Low
TXN101100,CUST024,57,11892.89,Transfer,20,Bangalore,Bangalore,Windows,0,1205,23068.45,17186.53,-5293.64,0.69,1,0,1,0,0.0146,0,1,Low
TXN101101,CUST024,58,10705.3,Transfer,18,Bangalore,Bangalore,Windows,0,1205,11892.89,16629.77,-5924.47,0.64,1,0,0,0,0.0021,0,0,Low
TXN101102,CUST025,1,8855.64,Transfer,9,Mysore,Hassan,Android,0,1240,0.0,9327.78,-472.14,0.95,1,0,0,1,0.0404,0,4,Low
TXN101103,CUST025,2,5918.66,Transfer,20,Hassan,Hassan,Android,0,1240,8855.64,8855.64,-2936.98,0.67,1,0,0,0,0.009,0,1,Low
TXN101104,CUST025,3,11793.83,Online Payment,12,Hassan,Hassan,Android,0,1240,5918.66,7387.15,4406.69,1.6,1,0,0,0,0.0328,0,3,Low
TXN101105,CUST025,4,16715.2,Transfer,9,Hassan,Hassan,Android,0,1240,11793.83,8856.04,7859.15,1.89,3,1,0,0,0.0075,0,1,Low
TXN101106,CUST025,5,10435.73,Transfer,8,Hassan,Hassan,Android,0,1240,16715.2,10820.83,-385.1,0.96,3,0,1,0,0.0225,0,2,Low
TXN101107,CUST025,6,10928.92,ATM Withdrawal,13,Hassan,Hassan,Android,0,1240,10435.73,10743.81,185.11,1.02,1,3,0,0,0.0166,0,2,Low
TXN101108,CUST025,7,33921.23,Transfer,11,Hyderabad,Hassan,Android,0,1240,10928.92,10774.66,23146.57,3.15,3,0,0,1,0.0632,0,6,Low
TXN101109,CUST025,8,17136.52,Transfer,15,Hassan,Hassan,Android,0,1240,33921.23,14081.31,3055.2,1.22,4,0,0,0,0.004,0,0,Low
TXN101110,CUST025,9,6281.71,Transfer,19,Hassan,Hassan,Mac,1,1240,17136.52,14463.21,-8181.51,0.43,5,0,0,0,0.0621,0,6,Low
TXN101111,CUST025,10,14365.69,Online Payment,9,Mangalore,Hassan,Android,0,1240,6281.71,13554.16,811.53,1.06,3,0,1,1,0.035,0,3,Low
TXN101112,CUST025,11,11683.86,Online Payment,19,Hassan,Hassan,iPhone,1,1240,14365.69,13635.31,-1951.45,0.86,3,2,0,0,0.0401,0,4,Low
TXN101113,CUST025,12,19254.91,Purchase,20,Hassan,Hassan,Android,0,1240,11683.86,13918.13,5336.78,1.38,2,0,0,0,0.0023,0,0,Low
TXN101114,CUST025,13,11424.91,Purchase,15,Hassan,Hassan,Android,0,1240,19254.91,15251.76,-3826.85,0.75,9,0,0,0,0.0503,0,5,Low
TXN101115,CUST025,14,8979.1,Bill Payment,19,Hassan,Hassan,Android,0,1240,11424.91,15214.87,-6235.77,0.59,2,0,0,0,0.008,0,1,Low
TXN101116,CUST025,15,22155.9,Transfer,17,Hassan,Hassan,Android,0,1240,8979.1,14441.26,7714.65,1.53,3,0,0,0,0.0342,0,3,Low
TXN101117,CUST025,16,12252.38,Transfer,19,Hassan,Hassan,Windows,1,1240,22155.9,15613.27,-3360.89,0.78,4,0,0,0,0.0262,0,3,Low
TXN101118,CUST025,17,9859.35,Bill Payment,7,Hassan,Hassan,Android,0,1240,12252.38,15745.62,-5886.27,0.63,5,0,0,0,0.0489,0,5,Low
TXN101119,CUST025,18,6947.74,Transfer,13,Hassan,Hassan,Android,0,1240,9859.35,13339.43,-6391.7,0.52,2,0,0,0,0.0197,0,2,Low
TXN101120,CUST025,19,745.22,Purchase,6,Hassan,Hassan,Android,0,1240,6947.74,12320.56,-11575.34,0.06,1,0,0,0,0.0097,0,1,Low
TXN101121,CUST025,20,12857.22,Online Payment,14,Hassan,Hassan,Android,0,1240,745.22,11766.91,1090.31,1.09,3,0,0,0,0.0165,0,2,Low
TXN101122,CUST025,21,31703.09,Purchase,14,Hassan,Hassan,Android,0,1240,12857.22,11616.06,20087.03,2.73,0,0,0,0,0.0114,0,1,Low
TXN101123,CUST025,22,4881.23,Online Payment,12,Hassan,Hassan,Android,0,1240,31703.09,13617.98,-8736.75,0.36,5,0,0,0,0.1106,0,11,Low
TXN101124,CUST025,23,14736.45,Transfer,22,Hassan,Hassan,Android,0,1240,4881.23,12180.61,2555.84,1.21,4,1,0,0,0.0118,0,1,Low
TXN101125,CUST025,24,12131.25,Transfer,13,Delhi,Hassan,Android,0,1240,14736.45,12511.77,-380.52,0.97,7,0,0,1,0.0615,0,6,Low
TXN101126,CUST025,25,36770.4,Purchase,15,Hassan,Hassan,Android,0,1240,12131.25,12826.98,23943.41,2.87,2,0,0,0,0.0474,0,5,Low
TXN101127,CUST025,26,15740.73,Purchase,14,Hassan,Hassan,Android,0,1240,36770.4,14288.43,1452.3,1.1,1,0,0,0,0.0049,0,0,Low
TXN101128,CUST025,27,12888.3,Bill Payment,19,Hassan,Hassan,Windows,1,1240,15740.73,14637.27,-1748.97,0.88,3,1,0,0,0.0132,0,1,Low
TXN101129,CUST025,28,3224.58,Purchase,7,Hassan,Hassan,Mac,1,1240,12888.3,14940.16,-11715.59,0.22,2,0,0,0,0.0367,0,4,Low
TXN101130,CUST025,29,23424.44,Transfer,17,Hassan,Hassan,Android,0,1240,3224.58,14567.85,8856.59,1.61,4,0,0,0,0.0019,0,0,Low
TXN101131,CUST025,30,5974.01,Purchase,9,Hassan,Hassan,Android,0,1240,23424.44,16835.77,-10861.76,0.35,3,0,0,0,0.0189,0,2,Low
TXN101132,CUST025,31,9122.5,Transfer,11,Hassan,Hassan,Android,0,1240,5974.01,16147.45,-7024.94,0.56,2,0,1,0,0.0254,0,3,Low
TXN101133,CUST025,32,5053.9,Bill Payment,6,Hassan,Hassan,Android,0,1240,9122.5,13889.39,-8835.49,0.36,2,0,0,0,0.0103,0,1,Low
TXN101134,CUST025,33,4319.76,Online Payment,16,Hassan,Hassan,Mac,1,1240,5053.9,13906.66,-9586.9,0.31,3,0,0,0,0.0465,0,5,Low
TXN101135,CUST025,34,15432.33,Purchase,18,Hassan,Hassan,Android,0,1240,4319.76,12864.99,2567.34,1.2,0,0,0,0,0.0076,0,1,Low
TXN101136,CUST025,35,8765.69,Online Payment,16,Pune,Hassan,Android,0,1240,15432.33,13195.09,-4429.41,0.66,1,0,0,1,0.0329,0,3,Low
TXN101137,CUST025,36,13002.79,Online Payment,10,Chennai,Hassan,Android,0,1240,8765.69,10394.62,2608.16,1.25,1,0,0,1,0.0113,0,1,Low
TXN101138,CUST025,37,11853.07,ATM Withdrawal,7,Hassan,Hassan,Android,0,1240,13002.79,10120.83,1732.25,1.17,4,0,0,0,0.0062,0,1,Low
TXN101139,CUST025,38,7965.31,Purchase,9,Hassan,Hassan,Android,0,1240,11853.07,10017.31,-2051.99,0.8,0,0,0,0,0.0123,0,1,Low
TXN101140,CUST025,39,10905.22,Transfer,13,Hassan,Hassan,Android,0,1240,7965.31,10491.38,413.84,1.04,2,1,0,0,0.0338,1,3,Low
TXN101141,CUST025,40,7097.14,Bill Payment,15,Hassan,Hassan,iPhone,1,1240,10905.22,9239.46,-2142.32,0.77,2,0,0,0,0.0485,0,5,Low
TXN101142,CUST025,41,12774.33,Online Payment,10,Hassan,Hassan,Android,0,1240,7097.14,9351.77,3422.56,1.37,4,0,0,0,0.0092,0,1,Low
TXN101143,CUST025,42,2981.71,Transfer,21,Hassan,Hassan,Android,0,1240,12774.33,9716.95,-6735.24,0.31,0,0,0,0,0.0052,0,1,Low
TXN101144,CUST025,43,11686.19,Transfer,11,Hassan,Hassan,Android,0,1240,2981.71,9509.73,2176.45,1.23,3,0,0,0,0.0042,0,0,Low
TXN101145,CUST025,44,15072.6,Online Payment,10,Mangalore,Hassan,Windows,1,1240,11686.19,10246.38,4826.22,1.47,3,0,0,1,0.0832,0,8,Low
TXN101146,CUST025,45,6381.16,Transfer,16,Hassan,Hassan,Android,0,1240,15072.6,10210.4,-3829.25,0.62,4,0,0,0,0.0157,0,2,Low
TXN101147,CUST025,46,10170.2,Purchase,17,Hassan,Hassan,Android,0,1240,6381.16,9971.95,198.25,1.02,1,0,0,0,0.002,0,0,Low
TXN101148,CUST025,47,21810.91,Purchase,8,Hassan,Hassan,Android,0,1240,10170.2,9688.69,12122.22,2.25,5,0,0,0,0.0852,0,9,Low
TXN101149,CUST025,48,19656.84,ATM Withdrawal,10,Hassan,Hassan,Android,0,1240,21810.91,10684.48,8972.37,1.84,3,0,0,0,0.0106,0,1,Low
TXN101150,CUST025,49,7357.98,Purchase,11,Hassan,Hassan,Android,0,1240,19656.84,11853.63,-4495.65,0.62,3,0,0,0,0.0057,0,1,Low
TXN101151,CUST025,50,6267.98,Purchase,10,Hassan,Hassan,Android,0,1240,7357.98,11498.9,-5230.93,0.55,1,0,0,0,0.0074,0,1,Low
TXN101152,CUST025,51,11206.09,Transfer,10,Hassan,Hassan,Android,0,1240,6267.98,11415.99,-209.9,0.98,0,1,0,0,0.007,0,1,Low
TXN101153,CUST025,52,8111.25,ATM Withdrawal,17,Hassan,Hassan,Android,0,1240,11206.09,11259.17,-3147.91,0.72,6,0,0,0,0.0083,0,1,Low
TXN101154,CUST025,53,9532.67,Online Payment,11,Hassan,Hassan,Android,0,1240,8111.25,11772.12,-2239.45,0.81,3,0,0,0,0.0097,0,1,Low
TXN101155,CUST025,54,5833.0,Online Payment,21,Hassan,Hassan,Android,0,1240,9532.67,11556.77,-5723.77,0.5,5,0,0,0,0.0211,0,2,Low
TXN101156,CUST026,1,6351.17,ATM Withdrawal,6,Mysore,Mysore,Android,0,1399,0.0,4092.97,2258.2,1.55,0,1,0,0,0.0072,0,1,Low
TXN101157,CUST026,2,3311.23,Transfer,21,Hassan,Mysore,Android,0,1399,6351.17,6351.17,-3039.94,0.52,1,2,0,1,0.1062,0,11,Low
TXN101158,CUST026,3,9468.96,ATM Withdrawal,9,Mysore,Mysore,Android,0,1399,3311.23,4831.2,4637.76,1.96,0,0,0,0,0.0048,0,0,Low
TXN101159,CUST026,4,3304.98,Bill Payment,17,Mysore,Mysore,Android,0,1399,9468.96,6377.12,-3072.14,0.52,6,0,0,0,0.0214,0,2,Low
TXN101160,CUST026,5,1973.27,Transfer,18,Mysore,Mysore,Android,0,1399,3304.98,5609.09,-3635.82,0.35,3,0,0,0,0.0076,0,1,Low
TXN101161,CUST026,6,1802.44,Purchase,11,Mysore,Mysore,Android,0,1399,1973.27,4881.92,-3079.49,0.37,2,0,0,0,0.0032,0,0,Low
TXN101162,CUST026,7,1614.3,Transfer,22,Mysore,Mysore,Android,0,1399,1802.44,4368.68,-2754.38,0.37,1,0,0,0,0.0037,0,0,Low
TXN101163,CUST026,8,3939.99,Purchase,16,Mysore,Mysore,Android,0,1399,1614.3,3975.19,-35.2,0.99,4,1,0,0,0.0028,0,0,Low
TXN101164,CUST026,9,1276.3,Transfer,17,Mysore,Mysore,Android,0,1399,3939.99,3970.79,-2694.49,0.32,0,0,0,0,0.0145,0,1,Low
TXN101165,CUST026,10,3602.98,Bill Payment,10,Mysore,Mysore,Android,0,1399,1276.3,3671.41,-68.43,0.98,0,0,1,0,0.0417,0,4,Low
TXN101166,CUST026,11,2962.37,Transfer,9,Mysore,Mysore,Android,0,1399,3602.98,3664.56,-702.2,0.81,1,0,0,0,0.0084,0,1,Low
TXN101167,CUST026,12,3909.83,Bill Payment,20,Mysore,Mysore,Mac,1,1399,2962.37,3325.68,584.15,1.18,3,1,0,0,0.0659,0,7,Low
TXN101168,CUST026,13,11074.1,Purchase,9,Mysore,Mysore,Android,0,1399,3909.83,3385.54,7688.56,3.27,4,0,0,0,0.0131,0,1,Low
TXN101169,CUST026,14,16881.16,Purchase,11,Mysore,Mysore,Android,0,1399,11074.1,3546.06,13335.11,4.76,3,0,0,0,0.015,0,1,Low
TXN101170,CUST026,15,5056.25,ATM Withdrawal,20,Mysore,Mysore,Android,0,1399,16881.16,4903.67,152.57,1.03,2,2,0,0,0.1217,0,12,Low
TXN101171,CUST026,16,1065.14,Purchase,8,Mysore,Mysore,Android,0,1399,5056.25,5211.97,-4146.83,0.2,3,0,0,0,0.0056,0,1,Low
TXN101172,CUST026,17,4472.69,Online Payment,19,Mysore,Mysore,Android,0,1399,1065.14,5138.24,-665.55,0.87,1,0,0,0,0.0037,0,0,Low
TXN101173,CUST026,18,3934.67,Transfer,10,Hyderabad,Mysore,Android,0,1399,4472.69,5424.08,-1489.41,0.73,1,0,0,1,0.0293,0,3,Low
TXN101174,CUST026,19,2184.2,Transfer,11,Mysore,Mysore,Android,0,1399,3934.67,5423.55,-3239.35,0.4,1,0,0,0,0.0044,0,0,Low
TXN101175,CUST026,20,2290.67,Bill Payment,15,Mysore,Mysore,Android,0,1399,2184.2,5514.34,-3223.68,0.42,4,0,0,0,0.0073,0,1,Low
TXN101176,CUST026,21,8344.81,Purchase,13,Mysore,Mysore,Android,0,1399,2290.67,5383.11,2961.7,1.55,1,0,0,0,0.0048,0,0,Low
TXN101177,CUST026,22,4467.73,Transfer,18,Mysore,Mysore,Android,0,1399,8344.81,5921.35,-1453.62,0.75,3,0,0,0,0.0089,0,1,Low
TXN101178,CUST026,23,4218.01,Transfer,14,Mysore,Mysore,Android,0,1399,4467.73,5977.14,-1759.13,0.71,4,0,0,0,0.0102,0,1,Low
TXN101179,CUST026,24,8574.14,Transfer,20,Mysore,Mysore,Android,0,1399,4218.01,5291.53,3282.61,1.62,2,0,0,0,0.0045,0,0,Low
TXN101180,CUST026,25,12036.78,Transfer,6,Mysore,Mysore,Android,0,1399,8574.14,4460.83,7575.94,2.7,1,0,0,0,0.0137,0,1,Low
TXN101181,CUST026,26,4871.58,Purchase,16,Mysore,Mysore,Android,0,1399,12036.78,5158.88,-287.31,0.94,2,0,0,0,0.0083,0,1,Low
TXN101182,CUST026,27,2553.49,Transfer,6,Mysore,Mysore,Android,0,1399,4871.58,5539.53,-2986.04,0.46,5,0,0,0,0.0173,0,2,Low
TXN101183,CUST026,28,6003.65,ATM Withdrawal,7,Mysore,Mysore,Android,0,1399,2553.49,5347.61,656.04,1.12,5,1,0,0,0.0546,0,5,Low
TXN101184,CUST026,29,5589.7,Transfer,6,Mysore,Mysore,Android,0,1399,6003.65,5554.5,35.19,1.01,2,0,0,0,0.0064,0,1,Low
TXN101185,CUST026,30,2830.74,Transfer,10,Mysore,Mysore,Android,0,1399,5589.7,5895.05,-3064.31,0.48,2,0,0,0,0.0025,0,0,Low
TXN101186,CUST026,31,2290.3,ATM Withdrawal,12,Mysore,Mysore,Android,0,1399,2830.74,5949.06,-3658.76,0.38,3,0,0,0,0.0255,0,3,Low
TXN101187,CUST026,32,6236.75,Bill Payment,6,Mysore,Mysore,Android,0,1399,2290.3,5343.61,893.14,1.17,3,0,0,0,0.0072,0,1,Low
TXN101188,CUST026,33,4722.2,ATM Withdrawal,19,Mysore,Mysore,Android,0,1399,6236.75,5520.51,-798.31,0.86,2,0,0,0,0.0081,0,1,Low
TXN101189,CUST026,34,4801.22,Online Payment,9,Mysore,Mysore,Android,0,1399,4722.2,5570.93,-769.71,0.86,6,0,0,0,0.0064,0,1,Low
TXN101190,CUST026,35,2303.13,Purchase,12,Mysore,Mysore,iPhone,1,1399,4801.22,5193.64,-2890.51,0.44,6,1,0,0,0.0643,0,6,Low
TXN101191,CUST026,36,2184.6,Transfer,11,Mysore,Mysore,Android,0,1399,2303.13,4220.28,-2035.68,0.52,2,0,0,0,0.0037,0,0,Low
TXN101192,CUST026,37,6726.57,Transfer,8,Mysore,Mysore,Windows,1,1399,2184.6,3951.58,2774.99,1.7,1,0,0,0,0.0163,0,2,Low
TXN101193,CUST026,38,5481.01,Online Payment,12,Mangalore,Mysore,Android,0,1399,6726.57,4368.89,1112.12,1.25,4,0,0,1,0.0467,0,5,Low
TXN101194,CUST026,39,3906.68,Bill Payment,14,Mysore,Mysore,Android,0,1399,5481.01,4316.62,-409.94,0.91,1,0,0,0,0.0042,0,0,Low
TXN101195,CUST026,40,5064.56,Online Payment,7,Mysore,Mysore,Android,0,1399,3906.68,4148.32,916.24,1.22,5,0,0,0,0.0501,0,5,Low
TXN101196,CUST026,41,1799.83,Purchase,19,Hassan,Mysore,Android,0,1399,5064.56,4371.7,-2571.87,0.41,1,0,0,1,0.008,0,1,Low
TXN101197,CUST026,42,2846.69,Online Payment,6,Mysore,Mysore,Android,0,1399,1799.83,4322.66,-1475.97,0.66,4,0,0,0,0.0017,0,0,Low
TXN101198,CUST026,43,4644.37,Bill Payment,11,Mysore,Mysore,Android,0,1399,2846.69,3983.65,660.72,1.17,2,0,0,0,0.021,0,2,Low
TXN101199,CUST026,44,17016.59,Bill Payment,15,Delhi,Mysore,Android,0,1399,4644.37,3975.87,13040.73,4.28,3,0,0,1,0.0229,0,2,Low
TXN101200,CUST026,45,1268.08,Transfer,13,Mysore,Mysore,Android,0,1399,17016.59,5197.4,-3929.32,0.24,1,0,0,0,0.0045,0,0,Low
TXN101201,CUST026,46,8736.6,Purchase,13,Mysore,Mysore,Android,0,1399,1268.08,5093.9,3642.7,1.72,3,0,0,0,0.0058,0,1,Low
TXN101202,CUST026,47,2041.94,Transfer,19,Mysore,Mysore,Android,0,1399,8736.6,5749.1,-3707.16,0.36,2,0,0,0,0.0151,0,2,Low
TXN101203,CUST026,48,2516.05,Online Payment,12,Mysore,Mysore,Windows,1,1399,2041.94,5280.64,-2764.58,0.48,1,2,0,0,0.1882,0,19,Low
TXN101204,CUST026,49,3745.73,ATM Withdrawal,19,Mysore,Mysore,Android,0,1399,2516.05,4984.14,-1238.41,0.75,1,0,0,0,0.0085,0,1,Low
TXN101205,CUST027,1,929.03,Transfer,17,Mysore,Mysore,Android,0,727,0.0,2013.8,-1084.78,0.46,0,1,0,0,0.0113,0,1,Low
TXN101206,CUST027,2,2627.27,Bill Payment,9,Mysore,Mysore,Android,0,727,929.03,929.03,1698.25,2.83,2,0,0,0,0.0147,0,1,Low
TXN101207,CUST027,3,1999.16,ATM Withdrawal,11,Mysore,Mysore,Android,0,727,2627.27,1778.15,221.01,1.12,1,0,0,0,0.0038,0,0,Low
TXN101208,CUST027,4,1557.74,ATM Withdrawal,16,Mysore,Mysore,Android,0,727,1999.16,1851.82,-294.08,0.84,4,0,0,0,0.0085,0,1,Low
TXN101209,CUST027,5,3398.0,Transfer,13,Mysore,Mysore,Android,0,727,1557.74,1778.3,1619.7,1.91,4,0,0,0,0.0084,0,1,Low
TXN101210,CUST027,6,1400.43,Transfer,17,Hyderabad,Mysore,Android,0,727,3398.0,2102.24,-701.81,0.67,4,0,0,1,0.0086,0,1,Low
TXN101211,CUST027,7,1098.17,Transfer,21,Hassan,Mysore,Android,0,727,1400.43,1985.27,-887.1,0.55,2,0,0,1,0.0374,0,4,Low
TXN101212,CUST027,8,2563.22,Purchase,9,Mysore,Mysore,Android,0,727,1098.17,1858.54,704.67,1.38,2,0,0,0,0.0207,0,2,Low
TXN101213,CUST027,9,953.02,Purchase,7,Mysore,Mysore,Android,0,727,2563.22,1946.63,-993.61,0.49,2,0,0,0,0.0033,0,0,Low
TXN101214,CUST027,10,3888.48,Purchase,8,Pune,Mysore,Android,0,727,953.02,1836.23,2052.25,2.12,3,0,0,1,0.0633,0,6,Low
TXN101215,CUST027,11,651.76,Purchase,21,Mysore,Mysore,Android,0,727,3888.48,2041.45,-1389.69,0.32,2,0,0,0,0.0232,0,2,Low
TXN101216,CUST027,12,3744.52,Purchase,12,Mysore,Mysore,Android,0,727,651.76,2013.72,1730.79,1.86,3,0,0,0,0.0112,0,1,Low
TXN101217,CUST027,13,1365.87,Purchase,7,Mysore,Mysore,Android,0,727,3744.52,2125.45,-759.58,0.64,2,0,0,0,0.0074,0,1,Low
TXN101218,CUST027,14,1927.34,Purchase,17,Mysore,Mysore,Android,0,727,1365.87,2062.12,-134.78,0.93,3,0,0,0,0.0061,0,1,Low
TXN101219,CUST027,15,1598.68,Transfer,14,Hassan,Mysore,Android,0,727,1927.34,2099.08,-500.4,0.76,1,1,0,1,0.0383,0,4,Low
TXN101220,CUST027,16,4914.44,Purchase,6,Mysore,Mysore,Android,0,727,1598.68,1919.15,2995.3,2.56,6,0,0,0,0.0354,0,4,Low
TXN101221,CUST027,17,3278.77,Purchase,22,Mysore,Mysore,Android,0,727,4914.44,2270.55,1008.22,1.44,0,0,0,0,0.0106,0,1,Low
TXN101222,CUST027,18,1031.72,Transfer,21,Mysore,Mysore,Android,0,727,3278.77,2488.61,-1456.89,0.41,2,0,0,0,0.0156,0,2,Low
TXN101223,CUST027,19,2815.67,Purchase,9,Mangalore,Mysore,Android,0,727,1031.72,2335.46,480.21,1.21,1,0,0,1,0.0109,0,1,Low
TXN101224,CUST027,20,1348.41,Transfer,21,Mysore,Mysore,Android,0,727,2815.67,2521.73,-1173.32,0.53,4,0,0,0,0.0034,0,0,Low
TXN101225,CUST027,21,2283.55,Transfer,6,Mysore,Mysore,Android,0,727,1348.41,2267.72,15.83,1.01,4,0,0,0,0.0125,0,1,Low
TXN101226,CUST027,22,2144.24,Transfer,19,Mysore,Mysore,Android,0,727,2283.55,2430.9,-286.66,0.88,5,1,0,0,0.0147,0,1,Low
TXN101227,CUST027,23,1987.79,ATM Withdrawal,21,Mysore,Mysore,Android,0,727,2144.24,2270.87,-283.08,0.88,3,0,0,0,0.0057,0,1,Low
TXN101228,CUST027,24,2134.79,Purchase,19,Mysore,Mysore,Android,0,727,1987.79,2333.06,-198.27,0.92,0,0,0,0,0.0038,0,0,Low
TXN101229,CUST027,25,2887.68,Purchase,17,Bangalore,Mysore,Android,0,727,2134.79,2353.81,533.87,1.23,0,0,0,1,0.013,0,1,Low
TXN101230,CUST027,26,387.23,Purchase,8,Mysore,Mysore,Android,0,727,2887.68,2482.71,-2095.47,0.16,3,1,0,0,0.0155,0,2,Low
TXN101231,CUST027,27,4996.34,Purchase,18,Mysore,Mysore,Android,0,727,387.23,2029.99,2966.35,2.46,3,0,0,0,0.0272,0,3,Low
TXN101232,CUST027,28,5524.91,Online Payment,11,Mysore,Mysore,Android,0,727,4996.34,2201.74,3323.17,2.51,2,0,0,0,0.0308,0,3,Low
TXN101233,CUST027,29,3248.72,ATM Withdrawal,13,Mysore,Mysore,Android,0,727,5524.91,2651.06,597.66,1.23,3,2,0,0,0.0424,0,4,Low
TXN101234,CUST027,30,1020.23,Transfer,7,Mysore,Mysore,Android,0,727,3248.72,2694.37,-1674.14,0.38,2,0,0,0,0.0026,0,0,Low
TXN101235,CUST027,31,1954.94,ATM Withdrawal,12,Mysore,Mysore,Android,0,727,1020.23,2661.55,-706.61,0.73,5,0,0,0,0.0397,0,4,Low
TXN101236,CUST027,32,4882.93,Bill Payment,16,Chennai,Mysore,Android,0,727,1954.94,2628.69,2254.24,1.86,2,0,0,1,0.0253,0,3,Low
TXN101237,CUST027,33,4908.11,Transfer,14,Mysore,Mysore,Android,0,727,4882.93,2902.56,2005.55,1.69,0,0,0,0,0.0056,0,1,Low
TXN101238,CUST027,34,1749.96,Purchase,16,Mysore,Mysore,Android,0,727,4908.11,3194.59,-1444.63,0.55,1,0,0,0,0.007,0,1,Low
TXN101239,CUST027,35,1723.72,ATM Withdrawal,6,Mysore,Mysore,Android,0,727,1749.96,3156.1,-1432.38,0.55,2,0,0,0,0.0247,0,2,Low
TXN101240,CUST027,36,2222.95,Transfer,9,Mysore,Mysore,Android,0,727,1723.72,3039.71,-816.76,0.73,0,0,0,0,0.0039,0,0,Low
TXN101241,CUST027,37,1755.62,Transfer,9,Mysore,Mysore,Android,0,727,2222.95,3223.28,-1467.66,0.54,1,0,0,0,0.0051,0,1,Low
TXN101242,CUST027,38,3259.15,Online Payment,14,Mysore,Mysore,Windows,1,727,1755.62,2899.21,359.94,1.12,1,0,1,0,0.0404,0,4,Low
TXN101243,CUST027,39,2643.25,Transfer,6,Mysore,Mysore,Android,0,727,3259.15,2672.63,-29.38,0.99,1,0,0,0,0.0272,0,3,Low
TXN101244,CUST027,40,2980.95,Bill Payment,6,Mysore,Mysore,Android,0,727,2643.25,2612.09,368.86,1.14,5,0,0,0,0.0075,0,1,Low
TXN101245,CUST027,41,2307.25,ATM Withdrawal,11,Mysore,Mysore,Android,0,727,2980.95,2808.16,-500.91,0.82,1,0,1,0,0.0043,0,0,Low
TXN101246,CUST027,42,2003.65,Bill Payment,17,Mysore,Mysore,Android,0,727,2307.25,2843.39,-839.74,0.7,2,0,0,0,0.0204,0,2,Low
TXN101247,CUST028,1,2377.28,ATM Withdrawal,21,Mumbai,Mumbai,Windows,1,2101,0.0,9621.94,-7244.66,0.25,5,0,0,0,0.0245,1,2,Low
TXN101248,CUST028,2,5752.6,ATM Withdrawal,13,Mumbai,Mumbai,iPhone,0,2101,2377.28,2377.28,3375.32,2.42,0,1,0,0,0.009,0,1,Low
TXN101249,CUST028,3,16877.53,Online Payment,6,Mumbai,Mumbai,iPhone,0,2101,5752.6,4064.94,12812.59,4.15,4,0,0,0,0.0126,0,1,Low
TXN101250,CUST028,4,4509.41,Purchase,19,Mumbai,Mumbai,Android,1,2101,16877.53,8335.81,-3826.39,0.54,4,0,0,0,0.0382,0,4,Low
TXN101251,CUST028,5,10616.03,Transfer,12,Mumbai,Mumbai,iPhone,0,2101,4509.41,7379.21,3236.82,1.44,2,0,0,0,0.0063,0,1,Low
TXN101252,CUST028,6,11984.5,Transfer,22,Mumbai,Mumbai,iPhone,0,2101,10616.03,8026.57,3957.92,1.49,0,1,0,0,0.0115,0,1,Low
TXN101253,CUST028,7,17451.84,Transfer,0,Mangalore,Mumbai,iPhone,0,2101,11984.5,8686.23,8765.62,2.01,0,2,0,0,0.55,1,55,Medium
TXN101254,CUST028,8,16184.26,Transfer,18,Mumbai,Mumbai,iPhone,0,2101,17451.84,9938.46,6245.8,1.63,0,0,1,0,0.0253,0,3,Low
TXN101255,CUST028,9,5045.7,Bill Payment,15,Mumbai,Mumbai,Mac,1,2101,16184.26,10719.18,-5673.48,0.47,1,0,0,0,0.031,0,3,Low
TXN101256,CUST028,10,11887.72,Transfer,11,Delhi,Mumbai,iPhone,0,2101,5045.7,10088.79,1798.93,1.18,0,0,0,1,0.0304,0,3,Low
TXN101257,CUST028,11,9275.41,Transfer,16,Mumbai,Mumbai,iPhone,0,2101,11887.72,10268.69,-993.28,0.9,1,0,0,0,0.0043,0,0,Low
TXN101258,CUST028,12,22265.49,Online Payment,6,Mumbai,Mumbai,iPhone,0,2101,9275.41,10958.5,11306.99,2.03,3,0,0,0,0.0204,0,2,Low
TXN101259,CUST028,13,4268.57,Purchase,9,Hassan,Mumbai,Windows,1,2101,22265.49,12609.79,-8341.22,0.34,4,0,0,1,0.0243,0,2,Low
TXN101260,CUST028,14,34348.18,Purchase,12,Mangalore,Mumbai,iPhone,0,2101,4268.57,11348.89,22999.29,3.03,0,0,0,1,0.107,0,11,Low
TXN101261,CUST028,15,4672.67,Online Payment,7,Mumbai,Mumbai,Windows,1,2101,34348.18,14332.77,-9660.1,0.33,2,0,0,0,0.0411,0,4,Low
TXN101262,CUST028,16,217714.71,Online Payment,3,Hyderabad,Mumbai,iPhone,0,2101,4672.67,13738.43,203976.28,15.85,2,2,0,1,0.55,1,55,Medium
TXN101263,CUST028,17,10591.95,Online Payment,8,Mumbai,Mumbai,iPhone,0,2101,217714.71,34311.46,-23719.5,0.31,3,0,0,0,0.007,0,1,Low
TXN101264,CUST028,18,5882.87,ATM Withdrawal,6,Mumbai,Mumbai,iPhone,0,2101,10591.95,33625.47,-27742.6,0.17,4,0,0,0,0.0029,0,0,Low
TXN101265,CUST028,19,11533.38,Bill Payment,11,Mumbai,Mumbai,Android,1,2101,5882.87,32595.33,-21061.95,0.35,2,0,0,0,0.0112,0,1,Low
TXN101266,CUST028,20,4802.16,Transfer,10,Mumbai,Mumbai,iPhone,0,2101,11533.38,33244.1,-28441.93,0.14,2,1,0,0,0.0061,0,1,Low
TXN101267,CUST028,21,22174.85,ATM Withdrawal,8,Mumbai,Mumbai,iPhone,0,2101,4802.16,32535.54,-10360.69,0.68,3,0,0,0,0.0064,0,1,Low
TXN101268,CUST028,22,3764.42,ATM Withdrawal,17,Mumbai,Mumbai,iPhone,0,2101,22174.85,33825.48,-30061.06,0.11,1,2,1,0,0.0986,0,10,Low
TXN101269,CUST028,23,6672.41,Bill Payment,7,Mumbai,Mumbai,iPhone,0,2101,3764.42,31975.38,-25302.97,0.21,0,0,0,0,0.0052,0,1,Low
TXN101270,CUST028,24,22769.53,Online Payment,16,Mumbai,Mumbai,iPhone,0,2101,6672.41,32215.76,-9446.23,0.71,3,0,0,0,0.0304,0,3,Low
TXN101271,CUST028,25,4091.5,Bill Payment,19,Mumbai,Mumbai,iPhone,0,2101,22769.53,31057.89,-26966.39,0.13,2,0,0,0,0.0084,0,1,Low
TXN101272,CUST028,26,32705.66,Bill Payment,0,Hyderabad,Mumbai,iPhone,1,2101,4091.5,30999.78,1705.89,1.06,9,0,0,1,0.55,1,55,Medium
TXN101273,CUST028,27,17295.83,Bill Payment,13,Mumbai,Mumbai,Mac,1,2101,32705.66,12498.87,4796.96,1.38,6,0,0,0,0.051,0,5,Low
TXN101274,CUST028,28,12609.58,Online Payment,16,Mumbai,Mumbai,iPhone,0,2101,17295.83,13169.26,-559.68,0.96,2,0,0,0,0.0037,0,0,Low
TXN101275,CUST028,29,2352.95,Transfer,17,Mumbai,Mumbai,iPhone,0,2101,12609.58,13841.93,-11488.99,0.17,0,0,0,0,0.0053,0,1,Low
TXN101276,CUST028,30,10799.89,Purchase,18,Mumbai,Mumbai,iPhone,0,2101,2352.95,12923.89,-2124.0,0.84,1,2,0,0,0.0354,0,4,Low
TXN101277,CUST028,31,20910.25,Transfer,11,Mumbai,Mumbai,iPhone,0,2101,10799.89,13523.66,7386.59,1.55,2,0,0,0,0.0186,0,2,Low
TXN101278,CUST028,32,13510.83,Transfer,17,Mumbai,Mumbai,iPhone,0,2101,20910.25,13397.2,113.63,1.01,1,0,0,0,0.0028,0,0,Low
TXN101279,CUST028,33,8142.14,Purchase,19,Mumbai,Mumbai,Mac,1,2101,13510.83,14371.84,-6229.7,0.57,4,0,1,0,0.0405,0,4,Low
TXN101280,CUST028,34,34319.71,Online Payment,9,Mumbai,Mumbai,iPhone,0,2101,8142.14,14518.82,19800.9,2.36,2,0,0,0,0.007,0,1,Low
TXN101281,CUST028,35,21866.66,Purchase,9,Mumbai,Mumbai,iPhone,0,2101,34319.71,15673.83,6192.83,1.4,1,0,0,0,0.0132,0,1,Low
TXN101282,CUST028,36,3909.1,Purchase,10,Mysore,Mumbai,Mac,1,2101,21866.66,17451.35,-13542.25,0.22,1,0,0,1,0.0098,0,1,Low
TXN101283,CUST028,37,18750.16,Transfer,10,Delhi,Mumbai,iPhone,0,2101,3909.1,14571.69,4178.46,1.29,4,1,0,1,0.0085,0,1,Low
TXN101284,CUST028,38,5284.78,ATM Withdrawal,6,Mumbai,Mumbai,iPhone,0,2101,18750.16,14717.13,-9432.35,0.36,2,0,0,0,0.0098,0,1,Low
TXN101285,CUST028,39,5378.84,Purchase,15,Mumbai,Mumbai,iPhone,0,2101,5284.78,13984.65,-8605.8,0.38,2,0,0,0,0.006,0,1,Low
TXN101286,CUST028,40,9736.13,Bill Payment,11,Mumbai,Mumbai,iPhone,0,2101,5378.84,14287.24,-4551.11,0.68,1,0,0,0,0.0092,0,1,Low
TXN101287,CUST028,41,11082.2,Transfer,16,Mumbai,Mumbai,iPhone,0,2101,9736.13,14180.86,-3098.66,0.78,5,1,0,0,0.0074,0,1,Low
TXN101288,CUST028,42,4175.48,Bill Payment,13,Pune,Mumbai,iPhone,0,2101,11082.2,13198.06,-9022.58,0.32,1,0,0,1,0.01,0,1,Low
TXN101289,CUST028,43,8876.09,Purchase,10,Mumbai,Mumbai,iPhone,0,2101,4175.48,12264.52,-3388.43,0.72,2,0,0,0,0.011,0,1,Low
TXN101290,CUST028,44,19607.48,Bill Payment,16,Mumbai,Mumbai,iPhone,0,2101,8876.09,12337.91,7269.57,1.59,2,2,0,0,0.0162,0,2,Low
TXN101291,CUST028,45,14029.91,Purchase,19,Mumbai,Mumbai,Android,1,2101,19607.48,10866.69,3163.22,1.29,1,0,0,0,0.0159,0,2,Low
TXN101292,CUST028,46,34667.46,Transfer,22,Mumbai,Mumbai,iPhone,0,2101,14029.91,10083.02,24584.44,3.44,3,0,0,0,0.0552,0,6,Low
TXN101293,CUST028,47,6971.95,Purchase,17,Mumbai,Mumbai,iPhone,0,2101,34667.46,13158.85,-6186.91,0.53,1,0,0,0,0.0187,0,2,Low
TXN101294,CUST028,48,15352.38,Transfer,20,Mumbai,Mumbai,iPhone,0,2101,6971.95,11981.03,3371.34,1.28,5,3,0,0,0.1234,0,12,Low
TXN101295,CUST028,49,50307.0,Purchase,11,Mumbai,Mumbai,iPhone,0,2101,15352.38,12987.79,37319.21,3.87,1,0,0,0,0.0515,0,5,Low
TXN101296,CUST028,50,18696.44,Bill Payment,10,Mumbai,Mumbai,Mac,1,2101,50307.0,17480.61,1215.83,1.07,1,1,0,0,0.0054,0,1,Low
TXN101297,CUST028,51,7496.55,ATM Withdrawal,17,Mumbai,Mumbai,iPhone,0,2101,18696.44,18376.64,-10880.09,0.41,4,0,0,0,0.0079,0,1,Low
TXN101298,CUST028,52,8137.18,Transfer,12,Mumbai,Mumbai,iPhone,0,2101,7496.55,18018.07,-9880.89,0.45,1,1,0,0,0.0057,0,1,Low
TXN101299,CUST028,53,17094.23,Purchase,13,Mumbai,Mumbai,iPhone,0,2101,8137.18,18414.24,-1320.01,0.93,5,0,1,0,0.0181,0,2,Low
TXN101300,CUST028,54,5643.37,Transfer,11,Mumbai,Mumbai,iPhone,0,2101,17094.23,19236.06,-13592.69,0.29,1,0,0,0,0.0129,0,1,Low
TXN101301,CUST028,55,2857.86,Transfer,14,Hassan,Mumbai,iPhone,0,2101,5643.37,17839.65,-14981.78,0.16,3,0,0,1,0.008,0,1,Low
TXN101302,CUST029,1,3770.99,Bill Payment,18,Hassan,Hassan,iPhone,0,1838,0.0,5150.97,-1379.98,0.73,4,0,0,0,0.0366,0,4,Low
TXN101303,CUST029,2,6534.51,Purchase,16,Hassan,Hassan,iPhone,0,1838,3770.99,3770.99,2763.52,1.73,1,0,0,0,0.0046,0,0,Low
TXN101304,CUST029,3,3389.85,Transfer,21,Hassan,Hassan,iPhone,0,1838,6534.51,5152.75,-1762.9,0.66,2,1,0,0,0.014,0,1,Low
TXN101305,CUST029,4,4399.78,Purchase,16,Hassan,Hassan,iPhone,0,1838,3389.85,4565.12,-165.34,0.96,3,0,0,0,0.0142,0,1,Low
TXN101306,CUST029,5,4336.22,Online Payment,21,Hassan,Hassan,iPhone,0,1838,4399.78,4523.78,-187.56,0.96,0,0,0,0,0.017,0,2,Low
TXN101307,CUST029,6,1590.93,Bill Payment,12,Hassan,Hassan,iPhone,0,1838,4336.22,4486.27,-2895.34,0.35,6,0,0,0,0.0272,0,3,Low
TXN101308,CUST029,7,5138.51,Transfer,22,Mangalore,Hassan,Windows,1,1838,1590.93,4003.71,1134.79,1.28,1,0,0,1,0.1056,0,11,Low
TXN101309,CUST029,8,7118.2,Bill Payment,18,Hassan,Hassan,iPhone,0,1838,5138.51,4165.83,2952.38,1.71,1,0,0,0,0.01,0,1,Low
TXN101310,CUST029,9,3722.26,Purchase,15,Hassan,Hassan,iPhone,0,1838,7118.2,4534.87,-812.61,0.82,1,0,0,0,0.011,0,1,Low
TXN101311,CUST029,10,10191.2,Bill Payment,17,Hassan,Hassan,iPhone,0,1838,3722.26,4444.58,5746.62,2.29,2,0,0,0,0.0107,0,1,Low
TXN101312,CUST029,11,4331.37,Purchase,8,Hassan,Hassan,iPhone,0,1838,10191.2,5019.25,-687.87,0.86,3,2,0,0,0.0109,0,1,Low
TXN101313,CUST029,12,9200.01,Transfer,21,Hassan,Hassan,iPhone,0,1838,4331.37,5075.28,4124.73,1.81,1,0,0,0,0.0029,0,0,Low
TXN101314,CUST029,13,5980.14,Purchase,7,Hassan,Hassan,iPhone,0,1838,9200.01,5341.83,638.31,1.12,2,0,0,0,0.0118,0,1,Low
TXN101315,CUST029,14,6350.21,Bill Payment,14,Hyderabad,Hassan,iPhone,0,1838,5980.14,5600.86,749.35,1.13,2,0,0,1,0.0072,0,1,Low
TXN101316,CUST029,15,1638.91,Bill Payment,19,Hassan,Hassan,iPhone,0,1838,6350.21,5795.91,-4157.0,0.28,0,0,0,0,0.0053,0,1,Low
TXN101317,CUST029,16,5446.13,Purchase,21,Hassan,Hassan,iPhone,0,1838,1638.91,5526.17,-80.04,0.99,2,1,0,0,0.0043,0,0,Low
TXN101318,CUST029,17,8945.95,Purchase,8,Hassan,Hassan,iPhone,0,1838,5446.13,5911.69,3034.26,1.51,1,1,0,0,0.0058,0,1,Low
TXN101319,CUST029,18,4942.46,ATM Withdrawal,17,Hassan,Hassan,iPhone,0,1838,8945.95,6292.44,-1349.97,0.79,4,0,1,0,0.0457,0,5,Low
TXN101320,CUST029,19,4081.99,Purchase,15,Hassan,Hassan,iPhone,0,1838,4942.46,6074.87,-1992.87,0.67,0,0,0,0,0.0106,0,1,Low
TXN101321,CUST029,20,2501.52,Transfer,19,Hassan,Hassan,iPhone,0,1838,4081.99,6110.84,-3609.32,0.41,3,0,0,0,0.0347,0,3,Low
TXN101322,CUST029,21,13843.54,Transfer,11,Hassan,Hassan,iPhone,0,1838,2501.52,5341.87,8501.67,2.59,2,0,0,0,0.0108,0,1,Low
TXN101323,CUST029,22,1701.33,Purchase,10,Hassan,Hassan,iPhone,0,1838,13843.54,6293.09,-4591.76,0.27,5,0,0,0,0.0128,0,1,Low
TXN101324,CUST029,23,2000.83,ATM Withdrawal,12,Delhi,Hassan,iPhone,0,1838,1701.33,5543.22,-3542.39,0.36,4,0,0,1,0.0172,0,2,Low
TXN101325,CUST029,24,3763.82,Transfer,15,Hassan,Hassan,iPhone,0,1838,2000.83,5145.29,-1381.47,0.73,3,0,0,0,0.0067,0,1,Low
TXN101326,CUST029,25,9962.47,ATM Withdrawal,13,Hassan,Hassan,iPhone,0,1838,3763.82,4886.65,5075.82,2.04,1,0,0,0,0.026,0,3,Low
TXN101327,CUST029,26,11484.88,Transfer,15,Hassan,Hassan,iPhone,0,1838,9962.47,5719.01,5765.87,2.01,2,0,0,0,0.0047,0,0,Low
TXN101328,CUST029,27,6502.86,Transfer,20,Hassan,Hassan,iPhone,0,1838,11484.88,6322.88,179.98,1.03,5,0,0,0,0.0137,0,1,Low
TXN101329,CUST029,28,7518.32,Purchase,16,Hassan,Hassan,iPhone,0,1838,6502.86,6078.57,1439.75,1.24,2,0,0,0,0.0048,0,0,Low
TXN101330,CUST029,29,20369.65,Transfer,14,Hassan,Hassan,iPhone,0,1838,7518.32,6336.16,14033.49,3.21,3,1,0,0,0.0386,0,4,Low
TXN101331,CUST029,30,8571.0,Online Payment,13,Hassan,Hassan,iPhone,0,1838,20369.65,7964.92,606.08,1.08,1,1,0,0,0.0131,0,1,Low
TXN101332,CUST029,31,3799.37,Purchase,6,Hassan,Hassan,iPhone,0,1838,8571.0,8571.87,-4772.5,0.44,2,0,0,0,0.0018,0,0,Low
TXN101333,CUST029,32,2620.19,ATM Withdrawal,15,Hassan,Hassan,iPhone,0,1838,3799.37,7567.45,-4947.26,0.35,2,0,0,0,0.0137,0,1,Low
TXN101334,CUST029,33,4406.78,Purchase,18,Hassan,Hassan,iPhone,0,1838,2620.19,7659.34,-3252.56,0.58,6,1,0,0,0.0118,0,1,Low
TXN101335,CUST029,34,5317.6,Online Payment,11,Hyderabad,Hassan,iPhone,0,1838,4406.78,7899.93,-2582.33,0.67,2,0,0,1,0.0234,0,2,Low
TXN101336,CUST029,35,4913.79,Transfer,8,Hassan,Hassan,iPhone,0,1838,5317.6,8055.31,-3141.52,0.61,3,0,0,0,0.0069,0,1,Low
TXN101337,CUST029,36,3817.58,Purchase,8,Hassan,Hassan,iPhone,0,1838,4913.79,7550.44,-3732.86,0.51,2,0,0,0,0.0073,0,1,Low
TXN101338,CUST029,37,5623.73,Bill Payment,18,Hassan,Hassan,iPhone,0,1838,3817.58,6783.71,-1159.98,0.83,0,0,0,0,0.0029,0,0,Low
TXN101339,CUST029,38,7480.06,Online Payment,15,Hassan,Hassan,iPhone,0,1838,5623.73,6695.8,784.26,1.12,3,0,1,0,0.0313,0,3,Low
TXN101340,CUST029,39,4268.65,Purchase,9,Hassan,Hassan,iPhone,0,1838,7480.06,6691.98,-2423.32,0.64,3,0,0,0,0.015,0,2,Low
TXN101341,CUST029,40,1799.82,Bill Payment,9,Hassan,Hassan,iPhone,0,1838,4268.65,5081.88,-3282.06,0.35,2,0,0,0,0.0032,0,0,Low
TXN101342,CUST029,41,12516.59,Bill Payment,9,Hassan,Hassan,Mac,1,1838,1799.82,4404.76,8111.83,2.84,3,0,0,0,0.55,1,55,Medium
TXN101343,CUST029,42,1371.58,Purchase,8,Hassan,Hassan,iPhone,0,1838,12516.59,5276.48,-3904.9,0.26,4,1,0,0,0.0034,0,0,Low
TXN101344,CUST029,43,5257.1,Online Payment,9,Hyderabad,Hassan,iPhone,0,1838,1371.58,5151.62,105.48,1.02,1,1,0,1,0.0642,0,6,Low
TXN101345,CUST029,44,7223.43,Transfer,16,Hassan,Hassan,iPhone,0,1838,5257.1,5236.65,1986.78,1.38,2,0,0,0,0.0509,0,5,Low
TXN101346,CUST029,45,5466.3,Transfer,12,Hassan,Hassan,iPhone,0,1838,7223.43,5427.23,39.07,1.01,2,2,0,0,0.0346,0,3,Low
TXN101347,CUST029,46,6764.61,Purchase,21,Delhi,Hassan,iPhone,0,1838,5466.3,5482.48,1282.13,1.23,0,0,0,1,0.0134,0,1,Low
TXN101348,CUST030,1,5689.92,Purchase,11,Hyderabad,Hyderabad,iPhone,0,1779,0.0,5439.01,250.91,1.05,3,0,0,0,0.0097,0,1,Low
TXN101349,CUST030,2,4743.27,Transfer,14,Hyderabad,Hyderabad,iPhone,0,1779,5689.92,5689.92,-946.65,0.83,1,0,0,0,0.0166,0,2,Low
TXN101350,CUST030,3,1236.19,ATM Withdrawal,6,Hyderabad,Hyderabad,iPhone,0,1779,4743.27,5216.6,-3980.41,0.24,1,0,0,0,0.0218,0,2,Low
TXN101351,CUST030,4,9956.28,Bill Payment,10,Hyderabad,Hyderabad,iPhone,0,1779,1236.19,3889.8,6066.48,2.56,2,0,0,0,0.0146,0,1,Low
TXN101352,CUST030,5,3945.47,Purchase,18,Hyderabad,Hyderabad,iPhone,0,1779,9956.28,5406.42,-1460.94,0.73,2,1,0,0,0.0067,0,1,Low
TXN101353,CUST030,6,12430.28,Transfer,10,Hyderabad,Hyderabad,iPhone,0,1779,3945.47,5114.23,7316.05,2.43,5,0,0,0,0.0348,0,3,Low
TXN101354,CUST030,7,2392.56,Purchase,11,Hyderabad,Hyderabad,iPhone,0,1779,12430.28,6333.57,-3941.01,0.38,1,0,0,0,0.0097,0,1,Low
TXN101355,CUST030,8,654.63,Bill Payment,19,Hyderabad,Hyderabad,iPhone,0,1779,2392.56,5770.57,-5115.94,0.11,4,0,0,0,0.0112,0,1,Low
TXN101356,CUST030,9,21146.64,Online Payment,3,Hyderabad,Hyderabad,iPhone,0,1779,654.63,5131.07,16015.57,4.12,4,0,0,0,0.55,1,55,Medium
TXN101357,CUST030,10,8697.57,Transfer,19,Hyderabad,Hyderabad,iPhone,0,1779,21146.64,6910.58,1786.99,1.26,3,0,0,0,0.0112,0,1,Low
TXN101358,CUST030,11,3373.07,Purchase,11,Hyderabad,Hyderabad,iPhone,0,1779,8697.57,7089.28,-3716.21,0.48,2,0,0,0,0.0097,0,1,Low
TXN101359,CUST030,12,7032.9,Purchase,16,Hyderabad,Hyderabad,iPhone,0,1779,3373.07,6857.6,175.3,1.03,0,0,0,0,0.0167,0,2,Low
TXN101360,CUST030,13,5296.43,Purchase,10,Hyderabad,Hyderabad,iPhone,0,1779,7032.9,7086.56,-1790.13,0.75,3,1,0,0,0.0017,0,0,Low
TXN101361,CUST030,14,8352.63,Bill Payment,16,Hyderabad,Hyderabad,iPhone,0,1779,5296.43,7492.58,860.05,1.11,1,0,0,0,0.0036,0,0,Low
TXN101362,CUST030,15,8198.54,Transfer,12,Hyderabad,Hyderabad,iPhone,0,1779,8352.63,7332.22,866.32,1.12,2,0,0,0,0.003,0,0,Low
TXN101363,CUST030,16,12868.73,Online Payment,15,Hyderabad,Hyderabad,iPhone,0,1779,8198.54,7757.52,5111.21,1.66,1,0,0,0,0.0242,0,2,Low
TXN101364,CUST030,17,6919.62,Transfer,20,Hyderabad,Hyderabad,iPhone,0,1779,12868.73,7801.37,-881.75,0.89,1,0,0,0,0.0046,0,0,Low
TXN101365,CUST030,18,7130.8,Bill Payment,21,Hyderabad,Hyderabad,iPhone,0,1779,6919.62,8254.08,-1123.28,0.86,3,0,0,0,0.0036,0,0,Low
TXN101366,CUST030,19,4819.22,Purchase,13,Hyderabad,Hyderabad,iPhone,0,1779,7130.8,8901.69,-4082.47,0.54,2,0,0,0,0.0069,0,1,Low
TXN101367,CUST030,20,11055.08,Transfer,21,Hyderabad,Hyderabad,iPhone,0,1779,4819.22,7268.95,3786.13,1.52,3,0,0,0,0.0217,0,2,Low
TXN101368,CUST030,21,7477.86,Purchase,19,Hyderabad,Hyderabad,iPhone,0,1779,11055.08,7504.7,-26.85,1.0,4,0,0,0,0.0301,0,3,Low
TXN101369,CUST030,22,14375.7,Purchase,11,Hyderabad,Hyderabad,iPhone,0,1779,7477.86,7915.18,6460.52,1.82,3,0,0,0,0.0072,0,1,Low
TXN101370,CUST030,23,3682.53,ATM Withdrawal,13,Hyderabad,Hyderabad,iPhone,0,1779,14375.7,8649.46,-4966.93,0.43,2,0,0,0,0.0153,1,2,Low
TXN101371,CUST030,24,6548.95,Transfer,8,Hyderabad,Hyderabad,iPhone,0,1779,3682.53,8488.07,-1939.12,0.77,3,0,0,0,0.0117,0,1,Low
TXN101372,CUST030,25,4859.39,Transfer,10,Hyderabad,Hyderabad,iPhone,0,1779,6548.95,8307.7,-3448.31,0.58,5,1,0,0,0.0254,0,3,Low
TXN101373,CUST030,26,5203.22,Purchase,21,Hyderabad,Hyderabad,iPhone,0,1779,4859.39,7973.79,-2770.57,0.65,1,0,0,0,0.0027,0,0,Low
TXN101374,CUST030,27,5600.06,Purchase,15,Hyderabad,Hyderabad,iPhone,0,1779,5203.22,7207.24,-1607.17,0.78,2,1,1,0,0.016,0,2,Low
TXN101375,CUST030,28,5447.53,Transfer,16,Hyderabad,Hyderabad,iPhone,0,1779,5600.06,7075.28,-1627.76,0.77,2,0,0,0,0.0056,0,1,Low
TXN101376,CUST030,29,5785.1,Transfer,6,Hyderabad,Hyderabad,iPhone,0,1779,5447.53,6906.95,-1121.85,0.84,5,2,1,0,0.2159,1,22,Low
TXN101377,CUST030,30,4558.81,ATM Withdrawal,6,Mumbai,Hyderabad,iPhone,0,1779,5785.1,7003.54,-2444.73,0.65,3,0,0,1,0.0311,0,3,Low
TXN101378,CUST030,31,3349.66,Online Payment,18,Hyderabad,Hyderabad,Android,1,1779,4558.81,6353.92,-3004.26,0.53,1,0,0,0,0.0108,0,1,Low
TXN101379,CUST030,32,3236.39,Purchase,15,Hyderabad,Hyderabad,iPhone,0,1779,3349.66,5941.1,-2704.71,0.54,1,1,0,0,0.0297,0,3,Low
TXN101380,CUST030,33,2372.37,Purchase,18,Hyderabad,Hyderabad,iPhone,0,1779,3236.39,4827.17,-2454.79,0.49,1,1,0,0,0.0191,0,2,Low
TXN101381,CUST030,34,15914.32,Transfer,6,Hyderabad,Hyderabad,iPhone,0,1779,2372.37,4696.15,11218.17,3.39,1,0,0,0,0.0193,0,2,Low
TXN101382,CUST030,35,15521.47,Purchase,6,Chennai,Hyderabad,Android,1,1779,15914.32,5632.69,9888.78,2.76,1,0,0,1,0.2147,0,21,Low
TXN101383,CUST030,36,5363.26,Purchase,20,Hyderabad,Hyderabad,iPhone,0,1779,15521.47,6698.89,-1335.63,0.8,0,0,0,0,0.0151,0,2,Low
TXN101384,CUST030,37,11789.55,Transfer,12,Hyderabad,Hyderabad,iPhone,0,1779,5363.26,6714.9,5074.65,1.76,1,2,0,0,0.0217,0,2,Low
TXN101385,CUST030,38,6595.31,Purchase,18,Hyderabad,Hyderabad,iPhone,0,1779,11789.55,7333.85,-738.54,0.9,2,0,0,0,0.0075,0,1,Low
TXN101386,CUST030,39,5358.45,Purchase,19,Hyderabad,Hyderabad,iPhone,0,1779,6595.31,7448.62,-2090.17,0.72,4,0,0,0,0.012,0,1,Low
TXN101387,CUST030,40,5402.29,Transfer,8,Hyderabad,Hyderabad,iPhone,0,1779,5358.45,7405.96,-2003.67,0.73,5,0,0,0,0.0093,0,1,Low
TXN101388,CUST030,41,2136.35,Online Payment,7,Hyderabad,Hyderabad,iPhone,0,1779,5402.29,7490.31,-5353.95,0.29,3,0,0,0,0.0175,0,2,Low
TXN101389,CUST030,42,5066.82,ATM Withdrawal,9,Hyderabad,Hyderabad,iPhone,0,1779,2136.35,7368.98,-2302.15,0.69,1,0,0,0,0.0064,0,1,Low
TXN101390,CUST030,43,4042.92,Transfer,16,Hyderabad,Hyderabad,iPhone,0,1779,5066.82,7552.02,-3509.1,0.54,3,0,0,0,0.0219,0,2,Low
TXN101391,CUST031,1,10806.28,Online Payment,9,Hassan,Hassan,Mac,0,607,0.0,8801.3,2004.98,1.23,1,0,0,0,0.0052,0,1,Low
TXN101392,CUST031,2,200394.31,Purchase,15,Hassan,Hassan,Mac,0,607,10806.28,10806.28,189588.03,18.54,1,0,0,0,0.55,1,55,Medium
TXN101393,CUST031,3,16091.32,Purchase,8,Hassan,Hassan,Mac,0,607,200394.31,105600.29,-89508.97,0.15,4,0,0,0,0.0172,0,2,Low
TXN101394,CUST031,4,17694.51,Online Payment,12,Hassan,Hassan,Mac,0,607,16091.32,75763.97,-58069.46,0.23,0,0,0,0,0.0176,0,2,Low
TXN101395,CUST031,5,13024.46,Purchase,7,Hassan,Hassan,Android,1,607,17694.51,61246.61,-48222.14,0.21,1,0,0,0,0.0183,0,2,Low
TXN101396,CUST031,6,6364.18,Purchase,7,Hassan,Hassan,Mac,0,607,13024.46,51602.18,-45238.0,0.12,1,0,0,0,0.0031,0,0,Low
TXN101397,CUST031,7,14795.63,Online Payment,17,Mangalore,Hassan,Mac,0,607,6364.18,44062.51,-29266.88,0.34,0,0,0,1,0.0302,0,3,Low
TXN101398,CUST031,8,6749.98,Bill Payment,18,Hassan,Hassan,Android,1,607,14795.63,39881.53,-33131.55,0.17,4,0,0,0,0.0502,0,5,Low
TXN101399,CUST031,9,7728.68,Online Payment,18,Delhi,Hassan,Mac,0,607,6749.98,35740.08,-28011.4,0.22,1,0,0,1,0.0266,0,3,Low
TXN101400,CUST031,10,2418.4,Purchase,18,Hassan,Hassan,Mac,0,607,7728.68,32627.71,-30209.31,0.07,2,0,0,0,0.0155,0,2,Low
TXN101401,CUST031,11,5182.98,Transfer,18,Hassan,Hassan,Mac,0,607,2418.4,29606.78,-24423.79,0.18,3,0,0,0,0.0443,0,4,Low
TXN101402,CUST031,12,15239.44,Transfer,20,Hassan,Hassan,Mac,0,607,5182.98,29044.45,-13805.01,0.52,3,0,0,0,0.55,1,55,Medium
TXN101403,CUST031,13,4458.59,Purchase,14,Hassan,Hassan,iPhone,1,607,15239.44,10528.96,-6070.37,0.42,2,1,0,0,0.0137,0,1,Low
TXN101404,CUST031,14,38981.95,ATM Withdrawal,22,Hassan,Hassan,Mac,0,607,4458.59,9365.68,29616.27,4.16,2,0,1,0,0.1478,0,15,Low
TXN101405,CUST031,15,28657.06,Online Payment,10,Hassan,Hassan,Mac,0,607,38981.95,11494.43,17162.63,2.49,2,0,0,0,0.0264,0,3,Low
TXN101406,CUST031,16,5517.3,Transfer,8,Hassan,Hassan,Mac,0,607,28657.06,13057.69,-7540.39,0.42,2,0,0,0,0.0106,0,1,Low
TXN101407,CUST031,17,5239.76,Transfer,15,Hassan,Hassan,Mac,0,607,5517.3,12973.0,-7733.24,0.4,1,0,0,0,0.0074,0,1,Low
TXN101408,CUST031,18,11980.16,Online Payment,6,Hassan,Hassan,Mac,0,607,5239.76,12017.41,-37.25,1.0,1,0,0,0,0.0068,0,1,Low
TXN101409,CUST031,19,13629.61,Purchase,21,Hassan,Hassan,Mac,0,607,11980.16,12540.43,1089.18,1.09,2,0,0,0,0.0132,0,1,Low
TXN101410,CUST031,20,7688.82,Purchase,10,Bangalore,Hassan,Mac,0,607,13629.61,13130.53,-5441.7,0.59,2,1,1,1,0.096,0,10,Low
TXN101411,CUST031,21,7625.07,Purchase,17,Hassan,Hassan,iPhone,1,607,7688.82,13657.57,-6032.5,0.56,4,3,0,0,0.1062,0,11,Low
TXN101412,CUST031,22,14561.62,Transfer,19,Mangalore,Hassan,Mac,0,607,7625.07,13901.78,659.85,1.05,3,0,0,1,0.0288,0,3,Low
TXN101413,CUST031,23,1744.86,Online Payment,12,Hassan,Hassan,Mac,0,607,14561.62,13834.0,-12089.14,0.13,2,0,0,0,0.0101,0,1,Low
TXN101414,CUST031,24,4626.84,Transfer,16,Hassan,Hassan,Mac,0,607,1744.86,13562.62,-8935.79,0.34,1,0,0,0,0.0093,0,1,Low
TXN101415,CUST031,25,2223.68,Transfer,12,Chennai,Hassan,Mac,0,607,4626.84,10127.11,-7903.43,0.22,2,0,0,1,0.0522,0,5,Low
TXN101416,CUST031,26,9619.05,Bill Payment,7,Hassan,Hassan,Mac,0,607,2223.68,7483.77,2135.28,1.29,3,0,0,0,0.0074,0,1,Low
TXN101417,CUST031,27,5419.94,Purchase,21,Hassan,Hassan,Mac,0,607,9619.05,7893.95,-2474.01,0.69,0,1,0,0,0.0327,0,3,Low
TXN101418,CUST031,28,4251.98,Transfer,11,Hassan,Hassan,Mac,0,607,5419.94,7911.97,-3659.98,0.54,4,0,0,0,0.0045,0,0,Low
TXN101419,CUST031,29,6940.22,Bill Payment,22,Hassan,Hassan,Mac,0,607,4251.98,7139.15,-198.92,0.97,3,0,1,0,0.0188,0,2,Low
TXN101420,CUST031,30,2908.52,Purchase,18,Mangalore,Hassan,Mac,0,607,6940.22,6470.21,-3561.68,0.45,2,0,0,1,0.0063,0,1,Low
TXN101421,CUST031,31,13681.11,Online Payment,21,Mumbai,Hassan,Mac,0,607,2908.52,5992.18,7688.93,2.28,4,0,0,1,0.1102,0,11,Low
TXN101422,CUST031,32,7820.26,Transfer,14,Hassan,Hassan,Mac,0,607,13681.11,6597.78,1222.48,1.19,1,0,0,0,0.0058,0,1,Low
TXN101423,CUST031,33,6298.73,Online Payment,11,Hassan,Hassan,Mac,0,607,7820.26,5923.65,375.08,1.06,1,0,0,0,0.0173,0,2,Low
TXN101424,CUST031,34,11809.36,Transfer,21,Hassan,Hassan,Mac,0,607,6298.73,6379.03,5430.33,1.85,4,0,0,0,0.0117,0,1,Low
TXN101425,CUST031,35,10293.88,Online Payment,16,Hassan,Hassan,Mac,0,607,11809.36,7097.29,3196.6,1.45,3,2,0,0,0.0201,0,2,Low
TXN101426,CUST031,36,3708.56,Purchase,17,Hassan,Hassan,Mac,0,607,10293.88,7904.31,-4195.74,0.47,1,0,0,0,0.0118,0,1,Low
TXN101427,CUST031,37,16313.49,Online Payment,7,Hassan,Hassan,Mac,0,607,3708.56,7313.26,9000.23,2.23,1,2,0,0,0.0141,0,1,Low
TXN101428,CUST031,38,10457.0,Purchase,21,Hassan,Hassan,Mac,0,607,16313.49,8402.61,2054.38,1.24,2,0,0,0,0.0049,0,0,Low
TXN101429,CUST031,39,6766.88,Purchase,17,Hassan,Hassan,Windows,1,607,10457.0,9023.11,-2256.23,0.75,3,0,0,0,0.0309,0,3,Low
TXN101430,CUST031,40,12229.34,Purchase,9,Pune,Hassan,Mac,0,607,6766.88,9005.78,3223.56,1.36,3,1,0,1,0.0246,0,2,Low
TXN101431,CUST031,41,7146.75,ATM Withdrawal,8,Hassan,Hassan,Mac,0,607,12229.34,9937.86,-2791.11,0.72,3,0,0,0,0.0145,0,1,Low
TXN101432,CUST031,42,3508.55,Purchase,20,Hassan,Hassan,Mac,0,607,7146.75,9284.43,-5775.87,0.38,3,0,0,0,0.0092,0,1,Low
TXN101433,CUST031,43,14844.35,Transfer,22,Hassan,Hassan,Mac,0,607,3508.55,8853.26,5991.09,1.68,2,2,0,0,0.0932,0,9,Low
TXN101434,CUST032,1,2715.36,Transfer,9,Delhi,Hyderabad,Android,0,2117,0.0,2609.2,106.15,1.04,2,0,0,1,0.0089,0,1,Low
TXN101435,CUST032,2,1946.66,ATM Withdrawal,19,Hyderabad,Hyderabad,Android,0,2117,2715.36,2715.36,-768.7,0.72,1,0,0,0,0.0169,0,2,Low
TXN101436,CUST032,3,6478.0,Transfer,20,Hyderabad,Hyderabad,iPhone,1,2117,1946.66,2331.01,4147.0,2.78,0,0,0,0,0.1681,0,17,Low
TXN101437,CUST032,4,13684.18,Purchase,3,Bangalore,Hyderabad,Android,0,2117,6478.0,3713.34,9970.84,3.69,2,2,0,0,0.55,1,55,Medium
TXN101438,CUST032,5,1733.44,Purchase,22,Hyderabad,Hyderabad,Android,0,2117,13684.18,6206.05,-4472.6,0.28,4,0,0,0,0.0293,0,3,Low
TXN101439,CUST032,6,1778.25,Transfer,18,Hyderabad,Hyderabad,Mac,1,2117,1733.44,5311.53,-3533.28,0.33,4,2,0,0,0.0465,0,5,Low
TXN101440,CUST032,7,3123.92,Transfer,18,Hyderabad,Hyderabad,Mac,1,2117,1778.25,4722.65,-1598.72,0.66,0,0,0,0,0.0157,0,2,Low
TXN101441,CUST032,8,2161.88,ATM Withdrawal,11,Hyderabad,Hyderabad,Android,0,2117,3123.92,4494.26,-2332.38,0.48,2,1,0,0,0.0327,0,3,Low
TXN101442,CUST032,9,1580.01,Purchase,12,Hyderabad,Hyderabad,Android,0,2117,2161.88,4202.71,-2622.7,0.38,1,1,0,0,0.0064,0,1,Low
TXN101443,CUST032,10,3862.69,Online Payment,6,Hyderabad,Hyderabad,Android,0,2117,1580.01,3911.3,-48.61,0.99,0,0,0,0,0.0066,0,1,Low
TXN101444,CUST032,11,2726.42,Purchase,21,Delhi,Hyderabad,Android,0,2117,3862.69,3906.44,-1180.02,0.7,3,1,0,1,0.032,0,3,Low
TXN101445,CUST032,12,1093.39,Purchase,4,Hyderabad,Hyderabad,Android,0,2117,2726.42,3907.55,-2814.16,0.28,5,0,1,0,0.55,1,55,Medium
TXN101446,CUST032,13,1776.59,Online Payment,9,Hyderabad,Hyderabad,Android,0,2117,1093.39,3822.22,-2045.63,0.46,2,0,0,0,0.0089,0,1,Low
TXN101447,CUST032,14,1686.71,Transfer,13,Hyderabad,Hyderabad,Android,0,2117,1776.59,3352.08,-1665.37,0.5,2,3,0,0,0.0275,0,3,Low
TXN101448,CUST032,15,2866.89,Purchase,10,Hyderabad,Hyderabad,Android,0,2117,1686.71,2152.33,714.56,1.33,0,0,0,0,0.0084,0,1,Low
TXN101449,CUST032,16,3661.88,Purchase,13,Hyderabad,Hyderabad,Android,0,2117,2866.89,2265.68,1396.21,1.62,3,2,0,0,0.0216,0,2,Low
TXN101450,CUST032,17,1512.86,Purchase,19,Hyderabad,Hyderabad,Android,0,2117,3661.88,2454.04,-941.18,0.62,4,0,0,0,0.0095,0,1,Low
TXN101451,CUST032,18,3657.57,ATM Withdrawal,16,Hyderabad,Hyderabad,Android,0,2117,1512.86,2292.93,1364.63,1.6,2,1,0,0,0.0187,0,2,Low
TXN101452,CUST032,19,3242.32,Transfer,12,Hyderabad,Hyderabad,Android,0,2117,3657.57,2442.5,799.82,1.33,1,0,0,0,0.0023,0,0,Low
TXN101453,CUST032,20,1326.28,Bill Payment,14,Hyderabad,Hyderabad,Android,0,2117,3242.32,2608.73,-1282.45,0.51,2,0,0,0,0.0093,0,1,Low
TXN101454,CUST032,21,1745.42,Transfer,18,Hyderabad,Hyderabad,Android,0,2117,1326.28,2355.09,-609.67,0.74,2,0,1,0,0.0057,0,1,Low
TXN101455,CUST032,22,1719.11,Purchase,8,Hyderabad,Hyderabad,Android,0,2117,1745.42,2256.99,-537.88,0.76,1,2,0,0,0.0308,0,3,Low
TXN101456,CUST032,23,2359.11,Transfer,17,Hyderabad,Hyderabad,Mac,1,2117,1719.11,2319.56,39.55,1.02,5,0,0,0,0.0269,0,3,Low
TXN101457,CUST032,24,9718.55,Bill Payment,10,Mysore,Hyderabad,Android,0,2117,2359.11,2377.81,7340.73,4.09,1,1,0,1,0.0692,0,7,Low
TXN101458,CUST032,25,1697.64,Bill Payment,13,Mysore,Hyderabad,Android,0,2117,9718.55,3181.0,-1483.36,0.53,0,0,0,1,0.0799,0,8,Low
TXN101459,CUST032,26,3026.65,Bill Payment,13,Hyderabad,Hyderabad,Android,0,2117,1697.64,3064.07,-37.42,0.99,0,0,0,0,0.0132,0,1,Low
TXN101460,CUST032,27,2048.59,Transfer,7,Mysore,Hyderabad,Android,0,2117,3026.65,3000.55,-951.96,0.68,0,1,0,1,0.0249,0,2,Low
TXN101461,CUST032,28,4968.4,Transfer,16,Hyderabad,Hyderabad,Android,0,2117,2048.59,3054.12,1914.27,1.63,2,0,0,0,0.0049,0,0,Low
TXN101462,CUST032,29,1318.65,Purchase,7,Hyderabad,Hyderabad,Android,0,2117,4968.4,3185.21,-1866.56,0.41,0,0,0,0,0.0077,0,1,Low
TXN101463,CUST032,30,7284.73,Online Payment,16,Hyderabad,Hyderabad,Android,0,2117,1318.65,2992.84,4291.89,2.43,3,0,0,0,0.0087,0,1,Low
TXN101464,CUST032,31,2175.79,Online Payment,14,Hyderabad,Hyderabad,Android,0,2117,7284.73,3588.68,-1412.9,0.61,4,0,0,0,0.0138,0,1,Low
TXN101465,CUST032,32,6804.1,Transfer,7,Hyderabad,Hyderabad,Android,0,2117,2175.79,3631.72,3172.38,1.87,3,0,0,0,0.0099,0,1,Low
TXN101466,CUST032,33,2287.39,Purchase,6,Hyderabad,Hyderabad,Android,0,2117,6804.1,4140.22,-1852.83,0.55,4,0,0,0,0.0095,0,1,Low
TXN101467,CUST032,34,2744.14,Transfer,11,Hyderabad,Hyderabad,iPhone,1,2117,2287.39,4133.05,-1388.9,0.66,2,0,0,0,0.0089,0,1,Low
TXN101468,CUST032,35,2508.02,Online Payment,11,Hyderabad,Hyderabad,Android,0,2117,2744.14,3435.61,-927.59,0.73,2,0,0,0,0.0103,0,1,Low
TXN101469,CUST032,36,1933.25,Purchase,21,Hyderabad,Hyderabad,Android,0,2117,2508.02,3516.65,-1583.39,0.55,3,0,0,0,0.0267,0,3,Low
TXN101470,CUST032,37,3938.71,Bill Payment,19,Hyderabad,Hyderabad,Android,0,2117,1933.25,3407.31,531.4,1.16,3,0,0,0,0.0268,0,3,Low
TXN101471,CUST033,1,19806.52,Purchase,12,Mangalore,Mangalore,Android,0,821,0.0,9251.83,10554.69,2.14,2,0,0,0,0.0088,0,1,Low
TXN101472,CUST033,2,10685.6,Transfer,13,Mangalore,Mangalore,Android,0,821,19806.52,19806.52,-9120.92,0.54,0,1,0,0,0.0228,0,2,Low
TXN101473,CUST033,3,5636.75,Purchase,9,Mysore,Mangalore,Android,0,821,10685.6,15246.06,-9609.31,0.37,0,0,1,1,0.0316,0,3,Low
TXN101474,CUST033,4,11597.67,Purchase,13,Mangalore,Mangalore,Android,0,821,5636.75,12042.96,-445.28,0.96,1,0,0,0,0.0076,0,1,Low
TXN101475,CUST033,5,15374.51,Bill Payment,17,Mangalore,Mangalore,Android,0,821,11597.67,11931.64,3442.87,1.29,6,0,1,0,0.0136,0,1,Low
TXN101476,CUST033,6,4030.2,Purchase,19,Mangalore,Mangalore,Android,0,821,15374.51,12620.21,-8590.01,0.32,2,0,0,0,0.0029,0,0,Low
TXN101477,CUST033,7,6549.1,Online Payment,18,Mangalore,Mangalore,Android,0,821,4030.2,11188.54,-4639.44,0.59,4,0,0,0,0.0116,0,1,Low
TXN101478,CUST033,8,12811.64,Purchase,12,Mangalore,Mangalore,iPhone,1,821,6549.1,10525.77,2285.87,1.22,4,1,0,0,0.0102,0,1,Low
TXN101479,CUST033,9,4734.25,ATM Withdrawal,15,Mangalore,Mangalore,Android,0,821,12811.64,10811.5,-6077.25,0.44,3,0,0,0,0.0066,0,1,Low
TXN101480,CUST033,10,6868.63,ATM Withdrawal,16,Bangalore,Mangalore,Android,0,821,4734.25,10136.25,-3267.62,0.68,4,0,0,1,0.0073,0,1,Low
TXN101481,CUST033,11,4256.89,Purchase,18,Mangalore,Mangalore,Android,0,821,6868.63,9809.49,-5552.6,0.43,4,0,0,0,0.0061,0,1,Low
TXN101482,CUST033,12,6224.34,Transfer,17,Chennai,Mangalore,Android,0,821,4256.89,8254.52,-2030.19,0.75,3,0,1,1,0.0309,0,3,Low
TXN101483,CUST033,13,13226.69,Purchase,21,Mangalore,Mangalore,Android,0,821,6224.34,7808.4,5418.29,1.69,4,0,0,0,0.0034,0,0,Low
TXN101484,CUST033,14,11553.22,Online Payment,17,Mysore,Mangalore,Android,0,821,13226.69,8567.39,2985.82,1.35,1,0,0,1,0.0127,0,1,Low
TXN101485,CUST033,15,6601.21,Online Payment,18,Mangalore,Mangalore,Android,0,821,11553.22,8562.95,-1961.73,0.77,3,0,0,0,0.0201,0,2,Low
TXN101486,CUST033,16,10905.24,Transfer,6,Mangalore,Mangalore,Android,0,821,6601.21,7685.62,3219.62,1.42,1,0,1,0,0.0095,0,1,Low
TXN101487,CUST033,17,19500.91,Online Payment,13,Mangalore,Mangalore,Android,0,821,10905.24,8373.12,11127.79,2.33,3,0,0,0,0.0124,0,1,Low
TXN101488,CUST033,18,4912.54,Transfer,10,Mangalore,Mangalore,Android,0,821,19500.91,9668.3,-4755.76,0.51,1,0,0,0,0.0191,1,2,Low
TXN101489,CUST033,19,9972.23,Online Payment,20,Mangalore,Mangalore,Windows,1,821,4912.54,8878.39,1093.84,1.12,2,1,0,0,0.0559,0,6,Low
TXN101490,CUST033,20,11852.07,Transfer,8,Mangalore,Mangalore,Android,0,821,9972.23,9402.19,2449.88,1.26,0,1,0,0,0.0076,0,1,Low
TXN101491,CUST033,21,2241.33,Online Payment,21,Mangalore,Mangalore,Android,0,821,11852.07,9900.53,-7659.2,0.23,0,0,0,0,0.0095,0,1,Low
TXN101492,CUST033,22,18737.57,Transfer,20,Mangalore,Mangalore,Android,0,821,2241.33,9698.98,9038.59,1.93,3,0,0,0,0.0107,0,1,Low
TXN101493,CUST033,23,7977.0,Purchase,18,Mangalore,Mangalore,Android,0,821,18737.57,10950.3,-2973.3,0.73,3,0,0,0,0.0145,0,1,Low
TXN101494,CUST033,24,7810.46,Transfer,22,Mangalore,Mangalore,Android,0,821,7977.0,10425.33,-2614.87,0.75,5,0,0,0,0.0138,0,1,Low
TXN101495,CUST033,25,13121.27,Purchase,20,Mangalore,Mangalore,Android,0,821,7810.46,10051.06,3070.21,1.31,0,0,0,0,0.0079,0,1,Low
TXN101496,CUST033,26,4408.53,Purchase,15,Mangalore,Mangalore,Android,0,821,13121.27,10703.06,-6294.54,0.41,2,0,0,0,0.0037,0,0,Low
TXN101497,CUST033,27,11399.78,ATM Withdrawal,18,Mangalore,Mangalore,Android,0,821,4408.53,10053.39,1346.39,1.13,0,0,0,0,0.0015,0,0,Low
TXN101498,CUST033,28,5829.73,Online Payment,13,Mangalore,Mangalore,Windows,1,821,11399.78,9243.28,-3413.55,0.63,2,1,0,0,0.0122,0,1,Low
TXN101499,CUST033,29,5105.02,Purchase,9,Mangalore,Mangalore,Android,0,821,5829.73,9335.0,-4229.97,0.55,3,0,0,0,0.0091,0,1,Low
TXN101500,CUST033,30,14785.43,Purchase,21,Mangalore,Mangalore,Windows,1,821,5105.02,8848.28,5937.16,1.67,5,0,0,0,0.0607,0,6,Low
TXN101501,CUST033,31,10256.31,Online Payment,8,Bangalore,Mangalore,Android,0,821,14785.43,9141.61,1114.7,1.12,1,0,0,1,0.033,0,3,Low
TXN101502,CUST033,32,8450.74,Online Payment,9,Mangalore,Mangalore,Android,0,821,10256.31,9943.11,-1492.37,0.85,1,0,0,0,0.0045,0,0,Low
TXN101503,CUST034,1,1695.9,Transfer,8,Hyderabad,Hyderabad,iPhone,0,2117,0.0,2500.31,-804.4,0.68,3,0,0,0,0.0234,0,2,Low
TXN101504,CUST034,2,3698.08,Online Payment,16,Hyderabad,Hyderabad,iPhone,0,2117,1695.9,1695.9,2002.18,2.18,2,0,0,0,0.0385,0,4,Low
TXN101505,CUST034,3,3394.24,Transfer,11,Hyderabad,Hyderabad,iPhone,0,2117,3698.08,2696.99,697.25,1.26,4,0,0,0,0.0136,1,1,Low
TXN101506,CUST034,4,1950.37,Bill Payment,22,Hyderabad,Hyderabad,iPhone,0,2117,3394.24,2929.41,-979.04,0.67,1,0,0,0,0.0114,0,1,Low
TXN101507,CUST034,5,3845.04,ATM Withdrawal,16,Hyderabad,Hyderabad,iPhone,0,2117,1950.37,2684.65,1160.39,1.43,1,1,0,0,0.005,0,1,Low
TXN101508,CUST034,6,3024.85,Purchase,20,Hyderabad,Hyderabad,iPhone,0,2117,3845.04,2916.73,108.13,1.04,7,0,0,0,0.0497,0,5,Low
TXN101509,CUST034,7,1427.7,Purchase,11,Hyderabad,Hyderabad,iPhone,0,2117,3024.85,2934.75,-1507.05,0.49,2,0,0,0,0.0073,0,1,Low
TXN101510,CUST034,8,5842.92,Transfer,17,Hyderabad,Hyderabad,iPhone,0,2117,1427.7,2719.45,3123.46,2.15,1,0,0,0,0.0197,0,2,Low
TXN101511,CUST034,9,2833.34,Bill Payment,12,Hyderabad,Hyderabad,iPhone,0,2117,5842.92,3109.89,-276.55,0.91,5,0,0,0,0.0362,0,4,Low
TXN101512,CUST034,10,6139.84,Bill Payment,12,Hyderabad,Hyderabad,iPhone,0,2117,2833.34,3079.16,3060.69,1.99,3,0,0,0,0.0204,0,2,Low
TXN101513,CUST034,11,6522.46,Transfer,6,Hyderabad,Hyderabad,iPhone,0,2117,6139.84,3385.23,3137.23,1.93,1,0,1,0,0.0099,0,1,Low
TXN101514,CUST034,12,3355.88,ATM Withdrawal,17,Hyderabad,Hyderabad,iPhone,0,2117,6522.46,3867.88,-512.01,0.87,2,0,0,0,0.0013,0,0,Low
TXN101515,CUST034,13,1470.71,ATM Withdrawal,7,Hyderabad,Hyderabad,iPhone,0,2117,3355.88,3833.66,-2362.95,0.38,1,2,1,0,0.0516,0,5,Low
TXN101516,CUST034,14,3055.9,ATM Withdrawal,8,Hyderabad,Hyderabad,iPhone,0,2117,1470.71,3641.31,-585.41,0.84,3,0,0,0,0.0174,0,2,Low
TXN101517,CUST034,15,1704.97,Purchase,17,Hyderabad,Hyderabad,iPhone,0,2117,3055.9,3751.86,-2046.9,0.45,5,0,0,0,0.0154,0,2,Low
TXN101518,CUST034,16,1125.97,Purchase,22,Pune,Hyderabad,iPhone,0,2117,1704.97,3537.86,-2411.89,0.32,3,0,0,1,0.028,0,3,Low
TXN101519,CUST034,17,2632.68,Bill Payment,20,Hyderabad,Hyderabad,iPhone,0,2117,1125.97,3347.97,-715.29,0.79,2,0,0,0,0.0085,0,1,Low
TXN101520,CUST034,18,2567.7,Transfer,16,Hyderabad,Hyderabad,iPhone,0,2117,2632.68,3468.47,-900.76,0.74,6,0,0,0,0.0273,0,3,Low
TXN101521,CUST034,19,10125.49,Transfer,8,Hyderabad,Hyderabad,iPhone,0,2117,2567.7,3140.95,6984.55,3.22,2,0,0,0,0.0174,0,2,Low
TXN101522,CUST034,20,7280.61,Purchase,11,Mumbai,Hyderabad,iPhone,0,2117,10125.49,3870.16,3410.45,1.88,6,0,1,1,0.1779,0,18,Low
TXN101523,CUST034,21,1246.2,Transfer,11,Hyderabad,Hyderabad,iPhone,0,2117,7280.61,3984.24,-2738.04,0.31,0,0,0,0,0.0043,0,0,Low
TXN101524,CUST034,22,3191.47,Purchase,22,Hyderabad,Hyderabad,iPhone,0,2117,1246.2,3456.61,-265.14,0.92,6,0,0,0,0.0047,0,0,Low
TXN101525,CUST034,23,4628.87,Transfer,13,Hyderabad,Hyderabad,iPhone,0,2117,3191.47,3440.17,1188.7,1.35,0,0,0,0,0.0128,0,1,Low
TXN101526,CUST034,24,5571.59,Purchase,14,Hyderabad,Hyderabad,iPhone,0,2117,4628.87,3755.99,1815.6,1.48,4,0,0,0,0.0304,0,3,Low
TXN101527,CUST034,25,4363.12,Transfer,9,Hyderabad,Hyderabad,iPhone,0,2117,5571.59,4007.56,355.57,1.09,3,0,0,0,0.0269,0,3,Low
TXN101528,CUST034,26,10556.91,Purchase,14,Hyderabad,Hyderabad,iPhone,0,2117,4363.12,4273.37,6283.54,2.47,1,0,0,0,0.0198,0,2,Low
TXN101529,CUST034,27,1757.81,Online Payment,12,Chennai,Hyderabad,Windows,1,2117,10556.91,5216.47,-3458.65,0.34,2,0,0,1,0.1349,1,13,Low
TXN101530,CUST034,28,2377.51,Purchase,19,Hyderabad,Hyderabad,iPhone,0,2117,1757.81,5128.98,-2751.47,0.46,1,0,0,0,0.0035,0,0,Low
TXN101531,CUST034,29,1152.15,Purchase,12,Mangalore,Hyderabad,Android,1,2117,2377.51,5109.96,-3957.81,0.23,5,0,0,1,0.107,0,11,Low
TXN101532,CUST034,30,905.84,Transfer,18,Hyderabad,Hyderabad,iPhone,0,2117,1152.15,4212.62,-3306.79,0.22,3,0,0,0,0.0259,0,3,Low
TXN101533,CUST034,31,2906.19,Purchase,18,Hyderabad,Hyderabad,Android,1,2117,905.84,3575.15,-668.95,0.81,5,0,0,0,0.0959,0,10,Low
TXN101534,CUST034,32,2324.98,Online Payment,20,Hyderabad,Hyderabad,iPhone,0,2117,2906.19,3741.15,-1416.17,0.62,3,2,0,0,0.035,0,3,Low
TXN101535,CUST034,33,2235.61,Purchase,20,Hyderabad,Hyderabad,iPhone,0,2117,2324.98,3654.5,-1418.88,0.61,2,0,0,0,0.0086,0,1,Low
TXN101536,CUST034,34,3809.79,Transfer,13,Hyderabad,Hyderabad,iPhone,0,2117,2235.61,3415.17,394.61,1.12,5,0,0,0,0.0058,0,1,Low
TXN101537,CUST034,35,5976.14,Purchase,16,Hassan,Hyderabad,iPhone,0,2117,3809.79,3238.99,2737.14,1.85,2,0,0,1,0.0067,0,1,Low
TXN101538,CUST034,36,2036.13,Transfer,20,Hyderabad,Hyderabad,Windows,1,2117,5976.14,3400.29,-1364.16,0.6,4,1,0,0,0.0325,0,3,Low
TXN101539,CUST034,37,1591.75,Purchase,18,Hyderabad,Hyderabad,iPhone,0,2117,2036.13,2548.21,-956.46,0.62,0,0,0,0,0.0095,0,1,Low
TXN101540,CUST034,38,1046.2,Online Payment,15,Hyderabad,Hyderabad,iPhone,0,2117,1591.75,2531.61,-1485.41,0.41,1,0,0,0,0.0056,0,1,Low
TXN101541,CUST034,39,5920.71,Purchase,12,Delhi,Hyderabad,iPhone,0,2117,1046.2,2398.48,3522.23,2.47,2,0,0,1,0.078,0,8,Low
TXN101542,CUST034,40,1566.61,Bill Payment,17,Hyderabad,Hyderabad,iPhone,0,2117,5920.71,2875.33,-1308.73,0.54,0,0,0,0,0.0206,0,2,Low
TXN101543,CUST034,41,924.86,Purchase,10,Hyderabad,Hyderabad,iPhone,0,2117,1566.61,2941.41,-2016.55,0.31,4,0,0,0,0.0137,0,1,Low
TXN101544,CUST034,42,1311.44,Purchase,11,Hyderabad,Hyderabad,Windows,1,2117,924.86,2743.28,-1431.84,0.48,3,0,0,0,0.0119,0,1,Low
TXN101545,CUST034,43,1125.58,ATM Withdrawal,17,Hyderabad,Hyderabad,iPhone,0,2117,1311.44,2641.92,-1516.34,0.43,3,0,1,0,0.0229,0,2,Low
TXN101546,CUST034,44,3694.46,Purchase,13,Hyderabad,Hyderabad,iPhone,0,2117,1125.58,2530.92,1163.54,1.46,3,0,0,0,0.0076,0,1,Low
TXN101547,CUST034,45,3255.4,Bill Payment,15,Hyderabad,Hyderabad,Mac,1,2117,3694.46,2519.39,736.01,1.29,0,0,1,0,0.11,0,11,Low
TXN101548,CUST034,46,2061.25,ATM Withdrawal,15,Hyderabad,Hyderabad,iPhone,0,2117,3255.4,2247.31,-186.06,0.92,1,0,0,0,0.0054,0,1,Low
TXN101549,CUST034,47,1514.99,Online Payment,9,Hyderabad,Hyderabad,iPhone,0,2117,2061.25,2249.83,-734.84,0.67,0,0,0,0,0.0076,0,1,Low
TXN101550,CUST035,1,5343.14,Online Payment,22,Pune,Pune,Windows,1,587,0.0,7426.28,-2083.14,0.72,3,0,0,0,0.0349,0,3,Low
TXN101551,CUST035,2,5875.28,Purchase,9,Pune,Pune,Android,0,587,5343.14,5343.14,532.14,1.1,1,0,0,0,0.0051,0,1,Low
TXN101552,CUST035,3,2327.06,Transfer,22,Pune,Pune,Android,0,587,5875.28,5609.21,-3282.15,0.41,2,0,0,0,0.0036,0,0,Low
TXN101553,CUST035,4,6262.35,Online Payment,15,Pune,Pune,Android,0,587,2327.06,4515.16,1747.19,1.39,1,0,0,0,0.0201,0,2,Low
TXN101554,CUST035,5,18966.54,Transfer,11,Pune,Pune,Mac,1,587,6262.35,4951.96,14014.59,3.83,4,0,1,0,0.0511,0,5,Low
TXN101555,CUST035,6,13010.07,Online Payment,11,Pune,Pune,Android,0,587,18966.54,7754.87,5255.2,1.68,2,0,0,0,0.0014,0,0,Low
TXN101556,CUST035,7,5459.53,Purchase,10,Pune,Pune,Android,0,587,13010.07,8630.74,-3171.21,0.63,3,0,0,0,0.006,0,1,Low
TXN101557,CUST035,8,6466.24,ATM Withdrawal,21,Pune,Pune,Android,0,587,5459.53,8177.71,-1711.47,0.79,1,0,0,0,0.0292,0,3,Low
TXN101558,CUST035,9,10521.79,Bill Payment,9,Pune,Pune,Windows,1,587,6466.24,7963.78,2558.01,1.32,1,1,0,0,0.0101,0,1,Low
TXN101559,CUST035,10,10938.55,Purchase,16,Pune,Pune,Android,0,587,10521.79,8248.0,2690.55,1.33,2,0,0,0,0.0163,0,2,Low
TXN101560,CUST035,11,18517.66,Online Payment,8,Pune,Pune,Android,0,587,10938.55,8517.06,10000.6,2.17,2,0,1,0,0.0352,0,4,Low
TXN101561,CUST035,12,9381.72,Purchase,9,Pune,Pune,Android,0,587,18517.66,9834.51,-452.79,0.95,4,0,1,0,0.0045,0,0,Low
TXN101562,CUST035,13,24865.0,Online Payment,8,Pune,Pune,Android,0,587,9381.72,10185.15,14679.85,2.44,3,0,0,0,0.0739,0,7,Low
TXN101563,CUST035,14,3576.41,ATM Withdrawal,11,Pune,Pune,Android,0,587,24865.0,12438.95,-8862.53,0.29,4,2,0,0,0.0346,0,3,Low
TXN101564,CUST035,15,7040.8,Purchase,19,Pune,Pune,Android,0,587,3576.41,12170.35,-5129.56,0.58,2,0,1,0,0.0244,0,2,Low
TXN101565,CUST035,16,7270.35,Purchase,21,Pune,Pune,Android,0,587,7040.8,10977.78,-3707.43,0.66,4,1,0,0,0.0067,0,1,Low
TXN101566,CUST035,17,13906.75,Purchase,11,Pune,Pune,Android,0,587,7270.35,10403.8,3502.94,1.34,2,0,0,0,0.0117,0,1,Low
TXN101567,CUST035,18,7932.07,Purchase,8,Pune,Pune,Android,0,587,13906.75,11248.53,-3316.46,0.71,0,0,0,0,0.0105,0,1,Low
TXN101568,CUST035,19,5942.69,Online Payment,14,Pune,Pune,Android,0,587,7932.07,11395.11,-5452.42,0.52,2,0,0,0,0.0165,0,2,Low
TXN101569,CUST035,20,15659.5,Purchase,16,Pune,Pune,Android,0,587,5942.69,10937.2,4722.3,1.43,1,0,0,0,0.0095,0,1,Low
TXN101570,CUST035,21,6159.24,Purchase,16,Pune,Pune,Android,0,587,15659.5,11409.29,-5250.05,0.54,4,0,0,0,0.0063,0,1,Low
TXN101571,CUST035,22,8197.34,Online Payment,22,Pune,Pune,Android,0,587,6159.24,10173.45,-1976.11,0.81,4,1,0,0,0.0083,0,1,Low
TXN101572,CUST035,23,27418.22,Online Payment,10,Mysore,Pune,Android,0,587,8197.34,10055.01,17363.21,2.73,6,1,0,1,0.1898,0,19,Low
TXN101573,CUST035,24,7114.6,Purchase,18,Chennai,Pune,Android,0,587,27418.22,10310.34,-3195.73,0.69,5,1,0,1,0.0403,0,4,Low
TXN101574,CUST035,25,5909.02,Bill Payment,19,Pune,Pune,Android,0,587,7114.6,10664.15,-4755.14,0.55,1,0,0,0,0.0067,0,1,Low
TXN101575,CUST035,26,10115.41,Purchase,14,Pune,Pune,Android,0,587,5909.02,10550.98,-435.57,0.96,1,0,0,0,0.0111,0,1,Low
TXN101576,CUST035,27,11278.95,Transfer,18,Pune,Pune,Android,0,587,10115.41,10835.48,443.47,1.04,1,0,0,0,0.004,0,0,Low
TXN101577,CUST035,28,22736.02,Online Payment,22,Pune,Pune,Android,0,587,11278.95,10572.7,12163.32,2.15,0,0,0,0,0.0063,0,1,Low
TXN101578,CUST035,29,2730.65,Online Payment,19,Pune,Pune,Windows,1,587,22736.02,12053.1,-9322.45,0.23,3,0,0,0,0.0477,0,5,Low
TXN101579,CUST035,30,7126.79,Purchase,22,Hassan,Pune,Android,0,587,2730.65,11731.9,-4605.11,0.61,3,0,0,1,0.0331,0,3,Low
TXN101580,CUST035,31,4313.04,ATM Withdrawal,8,Pune,Pune,Android,0,587,7126.79,10878.62,-6565.58,0.4,0,0,0,0,0.0032,0,0,Low
TXN101581,CUST035,32,3308.6,Purchase,14,Chennai,Pune,Windows,1,587,4313.04,10694.0,-7385.4,0.31,0,1,0,1,0.1185,0,12,Low
TXN101582,CUST035,33,7161.36,ATM Withdrawal,22,Pune,Pune,Android,0,587,3308.6,10205.13,-3043.77,0.7,4,0,0,0,0.0138,0,1,Low
TXN101583,CUST035,34,8635.25,Purchase,11,Pune,Pune,Android,0,587,7161.36,8179.44,455.81,1.06,3,0,0,0,0.0041,0,0,Low
TXN101584,CUST035,35,3154.48,Purchase,15,Pune,Pune,Android,0,587,8635.25,8331.51,-5177.03,0.38,4,0,0,0,0.011,0,1,Low
TXN101585,CUST035,36,11000.75,Transfer,16,Pune,Pune,Android,0,587,3154.48,8056.05,2944.7,1.37,0,0,0,0,0.0182,0,2,Low
TXN101586,CUST035,37,16206.73,Transfer,6,Pune,Pune,Android,0,587,11000.75,8144.59,8062.14,1.99,4,1,0,0,0.0032,0,0,Low
TXN101587,CUST035,38,7386.34,Transfer,17,Pune,Pune,Android,0,587,16206.73,8637.37,-1251.03,0.86,2,0,0,0,0.007,0,1,Low
TXN101588,CUST035,39,10939.12,Transfer,20,Pune,Pune,Mac,1,587,7386.34,7102.4,3836.72,1.54,2,0,0,0,0.0211,0,2,Low
TXN101589,CUST035,40,9336.59,Online Payment,7,Pune,Pune,Android,0,587,10939.12,7923.25,1413.34,1.18,3,0,1,0,0.0431,0,4,Low
TXN101590,CUST035,41,1901.67,Purchase,14,Pune,Pune,Android,0,587,9336.59,8144.23,-6242.55,0.23,3,2,0,0,0.0203,0,2,Low
TXN101591,CUST035,42,3174.79,ATM Withdrawal,7,Pune,Pune,Android,0,587,1901.67,7903.09,-4728.3,0.4,3,0,0,0,0.0086,0,1,Low
TXN101592,CUST035,43,3840.53,Purchase,14,Pune,Pune,Android,0,587,3174.79,7889.71,-4049.18,0.49,1,0,0,0,0.0147,0,1,Low
TXN101593,CUST035,44,4849.29,Transfer,21,Pune,Pune,Android,0,587,3840.53,7557.63,-2708.34,0.64,1,1,0,0,0.0037,0,0,Low
TXN101594,CUST035,45,4084.42,Purchase,17,Pune,Pune,Android,0,587,4849.29,7179.03,-3094.61,0.57,2,2,0,0,0.025,0,2,Low
TXN101595,CUST035,46,19969.14,Purchase,10,Pune,Pune,Android,0,587,4084.42,7272.02,12697.12,2.75,3,0,1,0,0.0208,0,2,Low
TXN101596,CUST035,47,3607.06,Transfer,14,Pune,Pune,Android,0,587,19969.14,8168.86,-4561.8,0.44,0,0,0,0,0.0048,0,0,Low
TXN101597,CUST035,48,27805.0,Online Payment,21,Pune,Pune,Android,0,587,3607.06,6908.9,20896.11,4.02,2,0,0,0,0.1628,0,16,Low
TXN101598,CUST035,49,8633.16,Transfer,6,Pune,Pune,Android,0,587,27805.0,8950.76,-317.6,0.96,0,0,0,0,0.0073,0,1,Low
TXN101599,CUST035,50,9821.37,Transfer,22,Pune,Pune,Android,0,587,8633.16,8720.17,1101.21,1.13,4,0,0,0,0.0072,0,1,Low
TXN101600,CUST035,51,22421.87,ATM Withdrawal,20,Pune,Pune,Android,0,587,9821.37,8768.64,13653.23,2.56,3,0,0,0,0.0149,0,1,Low
TXN101601,CUST035,52,5707.24,Purchase,15,Pune,Pune,Android,0,587,22421.87,10820.66,-5113.42,0.53,5,0,0,0,0.0284,1,3,Low
TXN101602,CUST035,53,19487.18,Bill Payment,18,Pune,Pune,Android,0,587,5707.24,11073.91,8413.27,1.76,1,0,0,0,0.0204,0,2,Low
TXN101603,CUST035,54,5367.62,Purchase,20,Pune,Pune,Android,0,587,19487.18,12638.57,-7270.95,0.42,1,0,0,0,0.0029,0,0,Low
TXN101604,CUST035,55,4944.37,Bill Payment,13,Hyderabad,Pune,Android,0,587,5367.62,12690.41,-7746.04,0.39,0,0,0,1,0.0127,0,1,Low
TXN101605,CUST035,56,18074.19,Transfer,15,Pune,Pune,Android,0,587,4944.37,12776.4,5297.78,1.41,1,0,0,0,0.0082,0,1,Low
TXN101606,CUST035,57,6120.02,Purchase,9,Pune,Pune,Android,0,587,18074.19,12586.91,-6466.88,0.49,3,0,0,0,0.0174,0,2,Low
TXN101607,CUST036,1,1887.61,Purchase,19,Chennai,Chennai,Android,0,2185,0.0,3061.76,-1174.15,0.62,1,0,0,0,0.0119,0,1,Low
TXN101608,CUST036,2,4954.07,Bill Payment,11,Chennai,Chennai,Android,0,2185,1887.61,1887.61,3066.46,2.62,3,0,0,0,0.0449,0,4,Low
TXN101609,CUST036,3,579.56,ATM Withdrawal,22,Chennai,Chennai,Android,0,2185,4954.07,3420.84,-2841.28,0.17,3,0,0,0,0.002,0,0,Low
TXN101610,CUST036,4,4668.77,Online Payment,10,Chennai,Chennai,Android,0,2185,579.56,2473.75,2195.02,1.89,3,0,0,0,0.0072,0,1,Low
TXN101611,CUST036,5,4021.51,ATM Withdrawal,21,Chennai,Chennai,Android,0,2185,4668.77,3022.5,999.0,1.33,1,0,0,0,0.0081,0,1,Low
TXN101612,CUST036,6,2013.05,Transfer,16,Chennai,Chennai,Android,0,2185,4021.51,3222.3,-1209.25,0.62,3,1,0,0,0.0221,0,2,Low
TXN101613,CUST036,7,979.6,Transfer,10,Chennai,Chennai,Android,0,2185,2013.05,3020.76,-2041.16,0.32,0,0,0,0,0.0114,0,1,Low
TXN101614,CUST036,8,3936.24,Purchase,10,Chennai,Chennai,Android,0,2185,979.6,2729.17,1207.08,1.44,1,1,0,0,0.0062,0,1,Low
TXN101615,CUST036,9,8054.78,Purchase,12,Chennai,Chennai,Android,0,2185,3936.24,2880.05,5174.73,2.8,4,0,0,0,0.0337,0,3,Low
TXN101616,CUST036,10,2939.8,Purchase,20,Chennai,Chennai,iPhone,1,2185,8054.78,3455.02,-515.22,0.85,3,0,0,0,0.0368,0,4,Low
TXN101617,CUST036,11,2718.86,ATM Withdrawal,8,Chennai,Chennai,Android,0,2185,2939.8,3403.5,-684.64,0.8,1,1,0,0,0.0205,0,2,Low
TXN101618,CUST036,12,3699.88,Transfer,12,Chennai,Chennai,Android,0,2185,2718.86,3486.62,213.26,1.06,4,1,0,0,0.0076,0,1,Low
TXN101619,CUST036,13,15744.54,Bill Payment,10,Chennai,Chennai,Android,0,2185,3699.88,3361.21,12383.33,4.68,1,0,0,0,0.0184,0,2,Low
TXN101620,CUST036,14,2978.74,Bill Payment,12,Chennai,Chennai,Android,0,2185,15744.54,4877.7,-1898.97,0.61,0,1,0,0,0.0143,0,1,Low
TXN101621,CUST036,15,845.01,Purchase,9,Chennai,Chennai,Android,0,2185,2978.74,4708.7,-3863.69,0.18,3,0,0,0,0.0103,0,1,Low
TXN101622,CUST036,16,1330.17,Bill Payment,18,Chennai,Chennai,Android,0,2185,845.01,4391.05,-3060.88,0.3,2,0,0,0,0.0205,0,2,Low
TXN101623,CUST036,17,2462.37,Purchase,6,Chennai,Chennai,Mac,1,2185,1330.17,4322.76,-1860.39,0.57,6,0,0,0,0.0506,0,5,Low
TXN101624,CUST036,18,4323.94,Transfer,22,Chennai,Chennai,Android,0,2185,2462.37,4471.04,-147.09,0.97,3,1,0,0,0.0159,0,2,Low
TXN101625,CUST036,19,1334.37,Purchase,10,Bangalore,Chennai,Android,0,2185,4323.94,4509.81,-3175.44,0.3,2,0,0,1,0.01,0,1,Low
TXN101626,CUST036,20,2252.37,Online Payment,6,Chennai,Chennai,Android,0,2185,1334.37,3837.77,-1585.4,0.59,3,1,0,0,0.021,0,2,Low
TXN101627,CUST036,21,3681.11,Purchase,14,Chennai,Chennai,Android,0,2185,2252.37,3769.02,-87.91,0.98,3,0,0,0,0.0138,0,1,Low
TXN101628,CUST036,22,9844.6,Purchase,13,Chennai,Chennai,Android,0,2185,3681.11,3865.25,5979.35,2.55,2,0,0,0,0.0094,0,1,Low
TXN101629,CUST036,23,1537.29,Transfer,22,Chennai,Chennai,Android,0,2185,9844.6,4479.72,-2942.43,0.34,1,0,0,0,0.0108,0,1,Low
TXN101630,CUST036,24,1588.09,Online Payment,22,Chennai,Chennai,Android,0,2185,1537.29,3059.0,-1470.91,0.52,1,0,0,0,0.0059,0,1,Low
TXN101631,CUST036,25,4500.33,Transfer,7,Chennai,Chennai,Android,0,2185,1588.09,2919.93,1580.39,1.54,2,0,0,0,0.0054,0,1,Low
TXN101632,CUST036,26,1496.4,Purchase,7,Chennai,Chennai,Android,0,2185,4500.33,3285.46,-1789.07,0.46,0,0,0,0,0.0537,0,5,Low
TXN101633,CUST036,27,14242.23,Online Payment,22,Chennai,Chennai,Android,0,2185,1496.4,3302.09,10940.14,4.31,4,1,0,0,0.0087,0,1,Low
TXN101634,CUST036,28,3542.87,Online Payment,10,Chennai,Chennai,Windows,1,2185,14242.23,4480.07,-937.2,0.79,1,0,0,0,0.0356,0,4,Low
TXN101635,CUST036,29,1387.75,ATM Withdrawal,14,Chennai,Chennai,Android,0,2185,3542.87,4401.96,-3014.21,0.32,1,0,0,0,0.0128,0,1,Low
TXN101636,CUST036,30,2530.9,Online Payment,11,Chennai,Chennai,Android,0,2185,1387.75,4407.3,-1876.4,0.57,2,0,0,0,0.005,0,1,Low
TXN101637,CUST036,31,7399.87,Purchase,16,Chennai,Chennai,Android,0,2185,2530.9,4435.16,2964.71,1.67,2,0,0,0,0.0048,0,0,Low
TXN101638,CUST037,1,4046.51,ATM Withdrawal,19,Hyderabad,Hyderabad,Windows,0,2534,0.0,6270.38,-2223.86,0.65,2,1,0,0,0.0425,0,4,Low
TXN101639,CUST037,2,16685.58,Purchase,11,Hyderabad,Hyderabad,Windows,0,2534,4046.51,4046.51,12639.07,4.12,0,0,0,0,0.0199,0,2,Low
TXN101640,CUST037,3,5661.67,Bill Payment,16,Hyderabad,Hyderabad,Windows,0,2534,16685.58,10366.05,-4704.38,0.55,1,0,0,0,0.0117,0,1,Low
TXN101641,CUST037,4,8526.56,Online Payment,14,Pune,Hyderabad,Windows,0,2534,5661.67,8797.92,-271.37,0.97,2,1,0,1,0.0157,0,2,Low
TXN101642,CUST037,5,7761.55,Bill Payment,15,Hyderabad,Hyderabad,Windows,0,2534,8526.56,8730.08,-968.53,0.89,1,0,0,0,0.0058,0,1,Low
TXN101643,CUST037,6,7191.44,Transfer,17,Hyderabad,Hyderabad,Windows,0,2534,7761.55,8536.37,-1344.93,0.84,1,0,0,0,0.0047,0,0,Low
TXN101644,CUST037,7,12131.26,Transfer,15,Hyderabad,Hyderabad,Windows,0,2534,7191.44,8312.22,3819.04,1.46,2,1,0,0,0.009,0,1,Low
TXN101645,CUST037,8,14887.85,Purchase,17,Hyderabad,Hyderabad,Windows,0,2534,12131.26,8857.8,6030.05,1.68,2,0,0,0,0.0068,0,1,Low
TXN101646,CUST037,9,5570.88,Online Payment,17,Hyderabad,Hyderabad,Windows,0,2534,14887.85,9611.55,-4040.67,0.58,3,0,0,0,0.011,0,1,Low
TXN101647,CUST037,10,20525.32,Purchase,21,Hyderabad,Hyderabad,Android,1,2534,5570.88,9162.59,11362.73,2.24,1,0,0,0,0.0319,0,3,Low
TXN101648,CUST037,11,5260.76,Transfer,19,Delhi,Hyderabad,Mac,1,2534,20525.32,10298.86,-5038.1,0.51,3,3,0,1,0.0938,0,9,Low
TXN101649,CUST037,12,8873.35,ATM Withdrawal,10,Hyderabad,Hyderabad,Windows,0,2534,5260.76,10420.29,-1546.94,0.85,2,0,0,0,0.0063,0,1,Low
TXN101650,CUST037,13,3360.99,Online Payment,11,Hyderabad,Hyderabad,iPhone,1,2534,8873.35,9639.06,-6278.07,0.35,4,0,0,0,0.0178,0,2,Low
TXN101651,CUST037,14,12167.88,Online Payment,11,Hyderabad,Hyderabad,iPhone,1,2534,3360.99,9409.0,2758.89,1.29,2,0,0,0,0.0537,0,5,Low
TXN101652,CUST037,15,10988.34,Online Payment,19,Hyderabad,Hyderabad,Windows,0,2534,12167.88,9773.13,1215.21,1.12,0,0,0,0,0.006,0,1,Low
TXN101653,CUST037,16,7767.61,Online Payment,19,Hyderabad,Hyderabad,Mac,1,2534,10988.34,10095.81,-2328.2,0.77,0,0,0,0,0.0214,0,2,Low
TXN101654,CUST037,17,6036.97,Purchase,17,Hyderabad,Hyderabad,Windows,0,2534,7767.61,10153.42,-4116.45,0.59,5,0,0,0,0.0059,0,1,Low
TXN101655,CUST037,18,5280.56,Purchase,19,Hyderabad,Hyderabad,Windows,0,2534,6036.97,9544.0,-4263.44,0.55,1,0,0,0,0.0034,0,0,Low
TXN101656,CUST037,19,8323.18,Transfer,14,Hyderabad,Hyderabad,Windows,0,2534,5280.56,8583.27,-260.08,0.97,3,0,0,0,0.0086,0,1,Low
TXN101657,CUST037,20,9077.25,Transfer,11,Hyderabad,Hyderabad,Windows,0,2534,8323.18,8858.5,218.76,1.02,2,1,0,0,0.0209,0,2,Low
TXN101658,CUST037,21,6116.97,Transfer,16,Hyderabad,Hyderabad,Windows,0,2534,9077.25,7713.69,-1596.72,0.79,0,0,0,0,0.01,0,1,Low
TXN101659,CUST037,22,3665.93,Purchase,20,Hyderabad,Hyderabad,Windows,0,2534,6116.97,7799.31,-4133.39,0.47,3,1,1,0,0.0243,0,2,Low
TXN101660,CUST037,23,6555.55,Transfer,16,Hyderabad,Hyderabad,Windows,0,2534,3665.93,7278.57,-723.02,0.9,3,0,0,0,0.0086,0,1,Low
TXN101661,CUST037,24,32080.93,Purchase,22,Hyderabad,Hyderabad,Windows,0,2534,6555.55,7598.02,24482.91,4.22,3,2,0,0,0.1531,0,15,Low
TXN101662,CUST037,25,2453.87,Purchase,14,Hyderabad,Hyderabad,Windows,0,2534,32080.93,9589.33,-7135.46,0.26,2,0,0,0,0.0067,0,1,Low
TXN101663,CUST037,26,2885.5,Transfer,11,Mysore,Hyderabad,Windows,0,2534,2453.87,8735.88,-5850.39,0.33,4,0,0,1,0.0174,0,2,Low
TXN101664,CUST037,27,24338.49,Purchase,12,Chennai,Hyderabad,Windows,0,2534,2885.5,8247.67,16090.82,2.95,6,0,0,1,0.1914,0,19,Low
TXN101665,CUST037,28,1307.47,Bill Payment,7,Hyderabad,Hyderabad,Android,1,2534,24338.49,10077.82,-8770.35,0.13,4,0,0,0,0.0211,0,2,Low
TXN101666,CUST037,29,2959.72,Online Payment,18,Hyderabad,Hyderabad,Windows,0,2534,1307.47,9680.51,-6720.8,0.31,4,1,0,0,0.0033,0,0,Low
TXN101667,CUST037,30,6666.54,Online Payment,11,Hyderabad,Hyderabad,Windows,0,2534,2959.72,9144.17,-2477.63,0.73,4,0,0,0,0.0043,0,0,Low
TXN101668,CUST037,31,2395.77,Purchase,7,Hyderabad,Hyderabad,Windows,0,2534,6666.54,8903.1,-6507.33,0.27,2,0,0,0,0.0082,0,1,Low
TXN101669,CUST037,32,6691.37,Transfer,19,Hyderabad,Hyderabad,Windows,0,2534,2395.77,8530.98,-1839.61,0.78,1,0,0,0,0.0051,0,1,Low
TXN101670,CUST037,33,3014.5,Bill Payment,12,Hyderabad,Hyderabad,Windows,0,2534,6691.37,8833.52,-5819.02,0.34,4,0,1,0,0.0156,0,2,Low
TXN101671,CUST037,34,3977.12,Online Payment,16,Bangalore,Hyderabad,Windows,0,2534,3014.5,8479.41,-4502.3,0.47,0,0,0,1,0.0165,0,2,Low
TXN101672,CUST037,35,14079.9,Purchase,14,Hyderabad,Hyderabad,Windows,0,2534,3977.12,5669.03,8410.87,2.48,3,2,0,0,0.0601,0,6,Low
TXN101673,CUST037,36,2621.07,Purchase,15,Hyderabad,Hyderabad,Windows,0,2534,14079.9,6831.64,-4210.57,0.38,3,0,0,0,0.0127,0,1,Low
TXN101674,CUST037,37,4215.55,Purchase,6,Mangalore,Hyderabad,Windows,0,2534,2621.07,6805.19,-2589.65,0.62,3,0,0,1,0.0326,0,3,Low
TXN101675,CUST037,38,4697.38,Transfer,19,Hyderabad,Hyderabad,Windows,0,2534,4215.55,4792.9,-95.52,0.98,5,1,0,0,0.0101,0,1,Low
TXN101676,CUST037,39,1060.83,Online Payment,18,Mangalore,Hyderabad,Windows,0,2534,4697.38,5131.89,-4071.06,0.21,9,0,0,0,0.55,1,55,Medium
TXN101677,CUST037,40,18105.15,Transfer,10,Hyderabad,Hyderabad,Windows,0,2534,1060.83,4942.0,13163.15,3.66,1,0,0,0,0.0177,0,2,Low
TXN101678,CUST037,41,4786.29,Online Payment,13,Hyderabad,Hyderabad,Windows,0,2534,18105.15,6085.86,-1299.57,0.79,2,0,0,0,0.0042,0,0,Low
TXN101679,CUST037,42,6733.55,Purchase,19,Hyderabad,Hyderabad,Windows,0,2534,4786.29,6324.92,408.63,1.06,5,0,0,0,0.0374,0,4,Low
TXN101680,CUST037,43,6144.03,Purchase,19,Hyderabad,Hyderabad,Windows,0,2534,6733.55,6329.13,-185.1,0.97,4,0,0,0,0.0063,0,1,Low
TXN101681,CUST037,44,1571.32,ATM Withdrawal,9,Hyderabad,Hyderabad,Windows,0,2534,6144.03,6642.09,-5070.77,0.24,3,0,0,0,0.0066,0,1,Low
TXN101682,CUST037,45,8263.56,Purchase,19,Hyderabad,Hyderabad,Windows,0,2534,1571.32,6401.51,1862.05,1.29,1,0,0,0,0.0054,0,1,Low
TXN101683,CUST037,46,9286.6,Transfer,14,Hyderabad,Hyderabad,Windows,0,2534,8263.56,5819.87,3466.73,1.6,0,0,0,0,0.0082,0,1,Low
TXN101684,CUST037,47,7542.13,Purchase,18,Mysore,Hyderabad,Windows,0,2534,9286.6,6486.43,1055.7,1.16,2,0,0,1,0.0492,0,5,Low
TXN101685,CUST037,48,18787.81,Transfer,22,Hyderabad,Hyderabad,Windows,0,2534,7542.13,6819.08,11968.73,2.76,1,0,0,0,0.0308,0,3,Low
TXN101686,CUST037,49,5895.39,Purchase,10,Hyderabad,Hyderabad,Mac,1,2534,18787.81,8228.13,-2332.74,0.72,1,0,0,0,0.0152,0,2,Low
TXN101687,CUST037,50,6392.47,Bill Payment,14,Pune,Hyderabad,Windows,1,2534,5895.39,8711.58,-2319.12,0.73,2,0,0,1,0.55,1,55,Medium
TXN101688,CUST037,51,10270.87,Purchase,12,Hyderabad,Hyderabad,Windows,0,2534,6392.47,7540.32,2730.56,1.36,2,1,0,0,0.0054,0,1,Low
TXN101689,CUST037,52,5683.8,Transfer,20,Hyderabad,Hyderabad,Windows,0,2534,10270.87,8088.77,-2404.97,0.7,4,0,0,0,0.013,0,1,Low
TXN101690,CUST037,53,9986.27,Purchase,14,Hyderabad,Hyderabad,Windows,0,2534,5683.8,7983.8,2002.47,1.25,6,1,0,0,0.0158,0,2,Low
TXN101691,CUST037,54,10129.62,Online Payment,20,Hyderabad,Hyderabad,Windows,0,2534,9986.27,8368.02,1761.59,1.21,1,0,0,0,0.0137,0,1,Low
TXN101692,CUST037,55,3146.75,Purchase,6,Hyderabad,Hyderabad,Windows,0,2534,10129.62,9223.85,-6077.1,0.34,2,0,0,0,0.0042,0,0,Low
TXN101693,CUST037,56,4173.19,Transfer,11,Hyderabad,Hyderabad,Android,1,2534,3146.75,8712.17,-4538.99,0.48,1,0,0,0,0.0338,0,3,Low
TXN101694,CUST038,1,8659.69,Transfer,16,Chennai,Chennai,Mac,0,2698,0.0,8925.95,-266.26,0.97,3,0,0,0,0.0138,0,1,Low
TXN101695,CUST038,2,8915.52,Purchase,12,Chennai,Chennai,Mac,0,2698,8659.69,8659.69,255.83,1.03,0,0,0,0,0.0069,0,1,Low
TXN101696,CUST038,3,7660.16,Online Payment,6,Chennai,Chennai,Mac,0,2698,8915.52,8787.6,-1127.44,0.87,6,0,0,0,0.0104,0,1,Low
TXN101697,CUST038,4,19957.96,Bill Payment,22,Chennai,Chennai,Mac,0,2698,7660.16,8411.79,11546.17,2.37,1,0,0,0,0.0352,0,4,Low
TXN101698,CUST038,5,4410.6,Transfer,20,Chennai,Chennai,Mac,0,2698,19957.96,11298.33,-6887.73,0.39,1,0,0,0,0.0051,0,1,Low
TXN101699,CUST038,6,7281.37,Online Payment,6,Chennai,Chennai,Mac,0,2698,4410.6,9920.78,-2639.42,0.73,3,0,0,0,0.0027,0,0,Low
TXN101700,CUST038,7,30958.06,Purchase,20,Chennai,Chennai,Android,1,2698,7281.37,9480.88,21477.18,3.27,3,0,0,0,0.0117,0,1,Low
TXN101701,CUST038,8,2438.08,Online Payment,7,Chennai,Chennai,Mac,0,2698,30958.06,12549.05,-10110.97,0.19,1,0,0,0,0.0119,0,1,Low
TXN101702,CUST038,9,14394.61,ATM Withdrawal,10,Chennai,Chennai,Mac,0,2698,2438.08,11285.18,3109.43,1.28,1,1,0,0,0.011,0,1,Low
TXN101703,CUST038,10,25919.68,ATM Withdrawal,21,Chennai,Chennai,Mac,0,2698,14394.61,11630.67,14289.01,2.23,2,0,0,0,0.0161,0,2,Low
TXN101704,CUST038,11,8749.41,Bill Payment,7,Chennai,Chennai,Mac,0,2698,25919.68,13059.57,-4310.16,0.67,4,0,0,0,0.0105,0,1,Low
TXN101705,CUST038,12,12807.91,Online Payment,21,Mumbai,Chennai,Mac,0,2698,8749.41,13068.54,-260.64,0.98,4,3,0,1,0.0597,0,6,Low
TXN101706,CUST038,13,21474.32,Transfer,13,Chennai,Chennai,Mac,0,2698,12807.91,13457.78,8016.53,1.6,0,0,0,0,0.0153,0,2,Low
TXN101707,CUST038,14,7120.19,Transfer,9,Chennai,Chennai,iPhone,1,2698,21474.32,14839.2,-7719.0,0.48,1,0,0,0,0.0295,0,3,Low
TXN101708,CUST038,15,10980.48,ATM Withdrawal,16,Chennai,Chennai,Mac,0,2698,7120.19,13555.42,-2574.94,0.81,1,0,0,0,0.0053,0,1,Low
TXN101709,CUST038,16,8479.84,Transfer,17,Chennai,Chennai,Mac,0,2698,10980.48,14212.41,-5732.57,0.6,3,0,0,0,0.0083,0,1,Low
TXN101710,CUST038,17,13935.88,Purchase,13,Chennai,Chennai,iPhone,1,2698,8479.84,14332.26,-396.38,0.97,1,1,0,0,0.0173,0,2,Low
TXN101711,CUST038,18,12474.04,Transfer,6,Chennai,Chennai,Mac,0,2698,13935.88,12630.04,-156.0,0.99,3,0,0,0,0.0024,0,0,Low
TXN101712,CUST038,19,2422.39,Transfer,19,Chennai,Chennai,iPhone,1,2698,12474.04,13633.63,-11211.25,0.18,0,0,0,0,0.0156,0,2,Low
TXN101713,CUST038,20,4481.79,ATM Withdrawal,10,Chennai,Chennai,Mac,0,2698,2422.39,12436.41,-7954.62,0.36,2,1,0,0,0.0109,0,1,Low
TXN101714,CUST038,21,9123.82,Purchase,20,Chennai,Chennai,Mac,0,2698,4481.79,10292.62,-1168.8,0.89,3,0,0,0,0.0089,0,1,Low
TXN101715,CUST038,22,22675.76,Transfer,19,Chennai,Chennai,Mac,0,2698,9123.82,10330.06,12345.7,2.2,2,0,0,0,0.0147,0,1,Low
TXN101716,CUST038,23,8790.47,Purchase,8,Chennai,Chennai,Mac,0,2698,22675.76,11316.85,-2526.38,0.78,5,0,0,0,0.0331,0,3,Low
TXN101717,CUST038,24,9701.66,Purchase,14,Chennai,Chennai,Mac,0,2698,8790.47,10048.46,-346.81,0.97,3,0,0,0,0.0101,0,1,Low
TXN101718,CUST038,25,7292.97,Online Payment,14,Chennai,Chennai,Mac,0,2698,9701.66,10306.61,-3013.64,0.71,3,0,0,0,0.013,0,1,Low
TXN101719,CUST038,26,14119.31,Transfer,18,Chennai,Chennai,Mac,0,2698,7292.97,9937.86,4181.46,1.42,2,0,0,0,0.0329,0,3,Low
TXN101720,CUST038,27,4887.97,Bill Payment,20,Chennai,Chennai,Mac,0,2698,14119.31,10501.81,-5613.84,0.47,3,0,0,0,0.015,0,2,Low
TXN101721,CUST038,28,2932.65,Online Payment,21,Chennai,Chennai,Mac,0,2698,4887.97,9597.02,-6664.36,0.31,0,1,0,0,0.013,0,1,Low
TXN101722,CUST038,29,17105.92,Online Payment,15,Chennai,Chennai,iPhone,1,2698,2932.65,8642.88,8463.04,1.98,0,0,1,0,0.0426,0,4,Low
TXN101723,CUST038,30,6666.94,Transfer,18,Chennai,Chennai,Mac,0,2698,17105.92,10111.23,-3444.29,0.66,5,1,1,0,0.0411,0,4,Low
TXN101724,CUST038,31,4582.15,Bill Payment,21,Chennai,Chennai,Mac,0,2698,6666.94,10329.75,-5747.6,0.44,2,0,0,0,0.0064,0,1,Low
TXN101725,CUST038,32,7095.0,Transfer,22,Chennai,Chennai,Android,1,2698,4582.15,9875.58,-2780.58,0.72,1,0,1,0,0.1112,0,11,Low
TXN101726,CUST038,33,10794.81,Transfer,13,Chennai,Chennai,Mac,0,2698,7095.0,8317.5,2477.3,1.3,3,1,0,0,0.0059,0,1,Low
TXN101727,CUST038,34,5396.29,Bill Payment,18,Mysore,Chennai,Mac,0,2698,10794.81,8517.94,-3121.65,0.63,1,0,0,1,0.0197,0,2,Low
TXN101728,CUST038,35,7863.48,Transfer,9,Chennai,Chennai,Mac,0,2698,5396.29,8087.4,-223.92,0.97,2,0,0,0,0.0087,0,1,Low
TXN101729,CUST038,36,7127.48,Online Payment,9,Chennai,Chennai,Mac,0,2698,7863.48,8144.45,-1016.97,0.88,1,0,0,0,0.0138,0,1,Low
TXN101730,CUST038,37,7012.17,Purchase,6,Chennai,Chennai,Mac,0,2698,7127.48,7445.27,-433.09,0.94,2,0,0,0,0.0174,0,2,Low
TXN101731,CUST038,38,7795.01,Transfer,22,Chennai,Chennai,iPhone,1,2698,7012.17,7657.69,137.33,1.02,2,0,0,0,0.0222,0,2,Low
TXN101732,CUST038,39,27171.16,Purchase,18,Chennai,Chennai,Mac,0,2698,7795.01,8143.93,19027.23,3.34,2,2,0,0,0.122,0,12,Low
TXN101733,CUST038,40,8578.98,Bill Payment,9,Chennai,Chennai,Mac,0,2698,27171.16,9150.45,-571.47,0.94,4,0,0,0,0.0071,0,1,Low
TXN101734,CUST038,41,3604.16,Bill Payment,8,Chennai,Chennai,Mac,0,2698,8578.98,9341.65,-5737.5,0.39,3,1,0,0,0.0067,0,1,Low
TXN101735,CUST038,42,4280.35,Purchase,8,Chennai,Chennai,Mac,0,2698,3604.16,9243.85,-4963.51,0.46,5,0,0,0,0.0151,0,2,Low
TXN101736,CUST038,43,10842.99,ATM Withdrawal,13,Chennai,Chennai,Mac,0,2698,4280.35,8962.39,1880.6,1.21,4,0,0,0,0.0101,0,1,Low
TXN101737,CUST038,44,5329.78,Bill Payment,22,Chennai,Chennai,Mac,0,2698,10842.99,8967.21,-3637.42,0.59,1,0,0,0,0.0075,0,1,Low
TXN101738,CUST038,45,12277.05,Purchase,12,Chennai,Chennai,Mac,0,2698,5329.78,8960.56,3316.49,1.37,1,0,1,0,0.0132,0,1,Low
TXN101739,CUST038,46,5584.08,Purchase,15,Chennai,Chennai,Mac,0,2698,12277.05,9401.91,-3817.83,0.59,4,0,0,0,0.0045,0,0,Low
TXN101740,CUST038,47,2139.41,Purchase,15,Chennai,Chennai,Mac,0,2698,5584.08,9247.57,-7108.17,0.23,2,0,0,0,0.0059,0,1,Low
TXN101741,CUST038,48,7995.24,Transfer,9,Chennai,Chennai,Mac,0,2698,2139.41,8760.3,-765.05,0.91,1,0,0,0,0.0052,0,1,Low
TXN101742,CUST038,49,3632.52,Transfer,6,Chennai,Chennai,Mac,0,2698,7995.24,8780.32,-5147.8,0.41,1,0,1,0,0.0172,0,2,Low
TXN101743,CUST038,50,10111.49,ATM Withdrawal,7,Chennai,Chennai,Mac,0,2698,3632.52,6426.46,3685.04,1.57,3,0,0,0,0.0043,0,0,Low
TXN101744,CUST038,51,4420.85,ATM Withdrawal,11,Chennai,Chennai,Mac,0,2698,10111.49,6579.71,-2158.86,0.67,4,0,0,0,0.0127,0,1,Low
TXN101745,CUST038,52,7599.92,Transfer,7,Chennai,Chennai,Mac,0,2698,4420.85,6661.38,938.54,1.14,0,1,0,0,0.007,0,1,Low
TXN101746,CUST038,53,10087.64,Transfer,12,Chennai,Chennai,Mac,0,2698,7599.92,6993.33,3094.31,1.44,3,0,0,0,0.009,0,1,Low
TXN101747,CUST038,54,8340.39,Purchase,21,Chennai,Chennai,Mac,0,2698,10087.64,6917.8,1422.59,1.21,1,0,0,0,0.0014,0,0,Low
TXN101748,CUST038,55,5250.52,Purchase,19,Chennai,Chennai,Mac,0,2698,8340.39,7218.86,-1968.34,0.73,2,0,0,0,0.0149,0,1,Low
TXN101749,CUST039,1,17330.22,Purchase,14,Bangalore,Hyderabad,iPhone,0,1255,0.0,9159.23,8170.99,1.89,1,0,0,1,0.0102,0,1,Low
TXN101750,CUST039,2,54829.6,Bill Payment,20,Hyderabad,Hyderabad,Windows,1,1255,17330.22,17330.22,37499.38,3.16,2,0,0,0,0.0188,0,2,Low
TXN101751,CUST039,3,12703.25,Bill Payment,19,Hyderabad,Hyderabad,Mac,1,1255,54829.6,36079.91,-23376.66,0.35,5,1,0,0,0.0334,0,3,Low
TXN101752,CUST039,4,7782.75,Purchase,8,Hyderabad,Hyderabad,iPhone,0,1255,12703.25,28287.69,-20504.94,0.28,3,0,0,0,0.0153,0,2,Low
TXN101753,CUST039,5,10253.04,Transfer,21,Hyderabad,Hyderabad,iPhone,0,1255,7782.75,23161.45,-12908.41,0.44,1,0,0,0,0.0161,0,2,Low
TXN101754,CUST039,6,6571.83,Transfer,16,Hyderabad,Hyderabad,Windows,1,1255,10253.04,20579.77,-14007.94,0.32,1,2,0,0,0.0788,0,8,Low
TXN101755,CUST039,7,9379.18,Online Payment,15,Mangalore,Hyderabad,Android,1,1255,6571.83,18245.11,-8865.93,0.51,1,0,0,1,0.1485,0,15,Low
TXN101756,CUST039,8,9012.82,Purchase,11,Hyderabad,Hyderabad,iPhone,0,1255,9379.18,16978.55,-7965.73,0.53,1,0,0,0,0.0038,0,0,Low
TXN101757,CUST039,9,6137.14,ATM Withdrawal,17,Hyderabad,Hyderabad,iPhone,0,1255,9012.82,15982.83,-9845.7,0.38,5,0,0,0,0.0085,0,1,Low
TXN101758,CUST039,10,3375.69,Transfer,9,Hyderabad,Hyderabad,Android,1,1255,6137.14,14888.87,-11513.18,0.23,2,0,0,0,0.0139,0,1,Low
TXN101759,CUST039,11,9196.13,Purchase,17,Hyderabad,Hyderabad,iPhone,0,1255,3375.69,13737.55,-4541.42,0.67,2,0,0,0,0.0073,0,1,Low
TXN101760,CUST039,12,15444.47,Bill Payment,8,Hyderabad,Hyderabad,iPhone,0,1255,9196.13,12924.14,2520.32,1.2,1,0,0,0,0.0031,0,0,Low
TXN101761,CUST039,13,8249.16,Bill Payment,19,Hyderabad,Hyderabad,iPhone,0,1255,15444.47,8985.63,-736.47,0.92,1,0,0,0,0.0057,0,1,Low
TXN101762,CUST039,14,7473.9,Bill Payment,10,Hyderabad,Hyderabad,iPhone,0,1255,8249.16,8540.22,-1066.32,0.88,5,0,0,0,0.018,0,2,Low
TXN101763,CUST039,15,5949.92,Purchase,7,Hyderabad,Hyderabad,iPhone,0,1255,7473.9,8509.33,-2559.41,0.7,2,0,0,0,0.0157,0,2,Low
TXN101764,CUST039,16,3474.19,ATM Withdrawal,20,Hyderabad,Hyderabad,iPhone,0,1255,5949.92,8079.02,-4604.84,0.43,2,0,0,0,0.0034,0,0,Low
TXN101765,CUST039,17,13989.1,Purchase,19,Hyderabad,Hyderabad,Mac,1,1255,3474.19,7769.26,6219.84,1.8,1,0,0,0,0.0219,0,2,Low
TXN101766,CUST039,18,7607.4,Bill Payment,20,Hyderabad,Hyderabad,Windows,1,1255,13989.1,8230.25,-622.85,0.92,3,0,1,0,0.0706,0,7,Low
TXN101767,CUST039,19,10568.74,Transfer,7,Hyderabad,Hyderabad,iPhone,0,1255,7607.4,8089.71,2479.04,1.31,3,0,0,0,0.0046,0,0,Low
TXN101768,CUST039,20,10923.9,Purchase,14,Hyderabad,Hyderabad,iPhone,0,1255,10568.74,8532.87,2391.03,1.28,5,1,0,0,0.0121,0,1,Low
TXN101769,CUST039,21,1808.78,Purchase,19,Hyderabad,Hyderabad,iPhone,0,1255,10923.9,9287.69,-7478.91,0.19,4,0,0,0,0.0143,0,1,Low
TXN101770,CUST039,22,3129.41,Transfer,11,Hyderabad,Hyderabad,iPhone,0,1255,1808.78,8548.96,-5419.55,0.37,1,1,0,0,0.0019,0,0,Low
TXN101771,CUST039,23,6726.72,Transfer,21,Mangalore,Hyderabad,iPhone,0,1255,3129.41,7317.45,-590.72,0.92,4,0,0,1,0.023,0,2,Low
TXN101772,CUST039,24,16928.16,Purchase,10,Hyderabad,Hyderabad,iPhone,0,1255,6726.72,7165.21,9762.95,2.36,0,0,0,0,0.0096,0,1,Low
TXN101773,CUST039,25,14376.82,ATM Withdrawal,14,Hyderabad,Hyderabad,iPhone,0,1255,16928.16,8110.63,6266.18,1.77,3,0,0,0,0.0034,0,0,Low
TXN101774,CUST039,26,16578.21,Purchase,6,Hyderabad,Hyderabad,iPhone,0,1255,14376.82,8953.32,7624.89,1.85,3,0,0,0,0.0043,0,0,Low
TXN101775,CUST039,27,6872.85,Transfer,15,Hyderabad,Hyderabad,iPhone,0,1255,16578.21,10263.72,-3390.87,0.67,4,0,0,0,0.0118,0,1,Low
TXN101776,CUST039,28,4198.83,Bill Payment,19,Mumbai,Hyderabad,iPhone,0,1255,6872.85,9552.1,-5353.27,0.44,1,0,0,1,0.0132,0,1,Low
TXN101777,CUST039,29,8499.5,Bill Payment,14,Hyderabad,Hyderabad,iPhone,0,1255,4198.83,9211.24,-711.74,0.92,5,0,0,0,0.0514,0,5,Low
TXN101778,CUST039,30,11650.86,Online Payment,6,Hyderabad,Hyderabad,iPhone,0,1255,8499.5,9004.32,2646.54,1.29,2,0,0,0,0.0043,0,0,Low
TXN101779,CUST039,31,8990.59,Transfer,9,Hyderabad,Hyderabad,iPhone,0,1255,11650.86,9077.01,-86.43,0.99,1,0,1,0,0.0046,0,0,Low
TXN101780,CUST039,32,13795.7,Purchase,16,Hyderabad,Hyderabad,iPhone,0,1255,8990.59,9795.19,4000.51,1.41,1,0,0,0,0.0152,0,2,Low
TXN101781,CUST039,33,10076.58,Transfer,12,Hyderabad,Hyderabad,iPhone,0,1255,13795.7,10861.82,-785.24,0.93,2,1,0,0,0.0088,0,1,Low
TXN101782,CUST039,34,13021.75,ATM Withdrawal,16,Hyderabad,Hyderabad,iPhone,0,1255,10076.58,11196.81,1824.94,1.16,2,0,0,0,0.0058,0,1,Low
TXN101783,CUST039,35,13389.24,Purchase,13,Hyderabad,Hyderabad,iPhone,0,1255,13021.75,10806.17,2583.07,1.24,1,0,0,0,0.008,0,1,Low
TXN101784,CUST039,36,17630.11,Transfer,19,Hyderabad,Hyderabad,iPhone,0,1255,13389.24,10707.41,6922.7,1.65,3,0,0,0,0.0078,0,1,Low
TXN101785,CUST039,37,7508.5,Bill Payment,8,Hassan,Hyderabad,iPhone,0,1255,17630.11,10812.6,-3304.11,0.69,2,0,0,1,0.0214,0,2,Low
TXN101786,CUST039,38,7423.26,ATM Withdrawal,6,Hyderabad,Hyderabad,iPhone,0,1255,7508.5,10876.17,-3452.9,0.68,4,0,0,0,0.0185,0,2,Low
TXN101787,CUST040,1,13500.03,Transfer,16,Hyderabad,Hyderabad,Android,0,262,0.0,10588.36,2911.68,1.27,0,0,0,0,0.0025,0,0,Low
TXN101788,CUST040,2,10900.96,Transfer,22,Hyderabad,Hyderabad,Android,0,262,13500.03,13500.03,-2599.07,0.81,1,0,0,0,0.0046,0,0,Low
TXN101789,CUST040,3,12178.21,Transfer,14,Hyderabad,Hyderabad,Android,0,262,10900.96,12200.5,-22.29,1.0,3,1,1,0,0.0088,0,1,Low
TXN101790,CUST040,4,13340.37,Bill Payment,19,Hyderabad,Hyderabad,Android,0,262,12178.21,12193.07,1147.3,1.09,2,0,1,0,0.0149,0,1,Low
TXN101791,CUST040,5,12886.72,ATM Withdrawal,9,Hyderabad,Hyderabad,iPhone,1,262,13340.37,12479.89,406.83,1.03,3,0,0,0,0.0196,0,2,Low
TXN101792,CUST040,6,51119.99,Transfer,9,Hyderabad,Hyderabad,Android,0,262,12886.72,12561.26,38558.74,4.07,4,0,0,0,0.1221,0,12,Low
TXN101793,CUST040,7,32810.15,Transfer,6,Hyderabad,Hyderabad,Android,0,262,51119.99,18987.72,13822.43,1.73,1,0,0,0,0.0145,0,1,Low
TXN101794,CUST040,8,11181.7,Transfer,15,Hyderabad,Hyderabad,Android,0,262,32810.15,20962.35,-9780.65,0.53,5,3,0,0,0.0438,0,4,Low
TXN101795,CUST040,9,14027.17,ATM Withdrawal,8,Hyderabad,Hyderabad,Android,0,262,11181.7,19739.77,-5712.6,0.71,2,0,0,0,0.0171,0,2,Low
TXN101796,CUST040,10,2218.46,Purchase,15,Hyderabad,Hyderabad,Android,0,262,14027.17,19105.03,-16886.58,0.12,3,0,0,0,0.0066,0,1,Low
TXN101797,CUST040,11,22955.32,Transfer,10,Hyderabad,Hyderabad,Android,0,262,2218.46,17416.38,5538.95,1.32,3,0,0,0,0.0177,0,2,Low
TXN101798,CUST040,12,15672.6,ATM Withdrawal,21,Hyderabad,Hyderabad,Android,0,262,22955.32,18361.91,-2689.31,0.85,1,0,0,0,0.0068,0,1,Low
TXN101799,CUST040,13,23330.06,Transfer,9,Hyderabad,Hyderabad,Android,0,262,15672.6,18839.07,4490.99,1.24,4,0,0,0,0.0681,0,7,Low
TXN101800,CUST040,14,13279.53,Transfer,7,Hyderabad,Hyderabad,Android,0,262,23330.06,19954.26,-6674.72,0.67,2,0,0,0,0.0116,0,1,Low
TXN101801,CUST040,15,41391.17,Online Payment,22,Hyderabad,Hyderabad,Android,0,262,13279.53,19948.17,21443.0,2.07,1,1,0,0,0.0089,0,1,Low
TXN101802,CUST040,16,8256.99,Purchase,15,Hyderabad,Hyderabad,Android,0,262,41391.17,22798.62,-14541.63,0.36,5,0,0,0,0.0051,0,1,Low
TXN101803,CUST040,17,4103.68,Transfer,20,Hyderabad,Hyderabad,Android,0,262,8256.99,18512.32,-14408.64,0.22,3,0,0,0,0.0058,0,1,Low
TXN101804,CUST040,18,7361.4,Bill Payment,14,Hyderabad,Hyderabad,Android,0,262,4103.68,15641.67,-8280.27,0.47,2,0,0,0,0.0071,0,1,Low
TXN101805,CUST040,19,6922.57,Purchase,12,Hyderabad,Hyderabad,Android,0,262,7361.4,15259.64,-8337.07,0.45,1,2,1,0,0.0394,0,4,Low
TXN101806,CUST040,20,12556.54,ATM Withdrawal,12,Hyderabad,Hyderabad,Android,0,262,6922.57,14549.18,-1992.63,0.86,1,0,0,0,0.0071,0,1,Low
TXN101807,CUST040,21,15570.2,Purchase,18,Hyderabad,Hyderabad,Android,0,262,12556.54,15582.99,-12.79,1.0,2,0,0,0,0.0074,0,1,Low
TXN101808,CUST040,22,6861.02,ATM Withdrawal,14,Hyderabad,Hyderabad,Android,0,262,15570.2,14844.47,-7983.45,0.46,1,0,0,0,0.0244,0,2,Low
TXN101809,CUST040,23,2403.17,Transfer,17,Hyderabad,Hyderabad,Windows,1,262,6861.02,13963.32,-11560.15,0.17,1,0,1,0,0.0721,0,7,Low
TXN101810,CUST040,24,13722.89,Online Payment,6,Hyderabad,Hyderabad,Android,0,262,2403.17,11870.63,1852.26,1.16,0,0,0,0,0.008,0,1,Low
TXN101811,CUST040,25,8544.34,Bill Payment,17,Hyderabad,Hyderabad,Android,0,262,13722.89,11914.96,-3370.62,0.72,3,0,0,0,0.0041,0,0,Low
TXN101812,CUST040,26,19911.88,Purchase,7,Hyderabad,Hyderabad,Android,0,262,8544.34,8630.28,11281.6,2.31,2,0,0,0,0.0582,0,6,Low
TXN101813,CUST040,27,7498.5,Transfer,17,Hyderabad,Hyderabad,iPhone,1,262,19911.88,9795.77,-2297.27,0.77,3,0,0,0,0.0136,0,1,Low
TXN101814,CUST040,28,13206.01,Purchase,22,Hyderabad,Hyderabad,Android,0,262,7498.5,10135.25,3070.76,1.3,1,0,0,0,0.0236,0,2,Low
TXN101815,CUST040,29,22626.56,Purchase,14,Hyderabad,Hyderabad,Android,0,262,13206.01,10719.71,11906.85,2.11,0,0,0,0,0.0076,0,1,Low
TXN101816,CUST040,30,25371.14,Transfer,8,Hyderabad,Hyderabad,Android,0,262,22626.56,12290.11,13081.03,2.06,2,0,0,0,0.0212,0,2,Low
TXN101817,CUST040,31,12406.65,Purchase,18,Hyderabad,Hyderabad,Android,0,262,25371.14,13571.57,-1164.91,0.91,3,0,0,0,0.0051,0,1,Low
TXN101818,CUST040,32,15657.48,Bill Payment,12,Hyderabad,Hyderabad,Android,0,262,12406.65,13255.21,2402.26,1.18,2,0,0,0,0.0166,0,2,Low
TXN101819,CUST040,33,17335.72,Transfer,6,Hyderabad,Hyderabad,Android,0,262,15657.48,14134.86,3200.86,1.23,2,0,0,0,0.0142,0,1,Low
TXN101820,CUST040,34,3660.49,ATM Withdrawal,20,Bangalore,Hyderabad,Android,0,262,17335.72,15628.12,-11967.62,0.23,1,1,0,1,0.0162,0,2,Low
TXN101821,CUST040,35,7006.18,Transfer,8,Hyderabad,Hyderabad,Android,0,262,3660.49,14621.88,-7615.7,0.48,0,0,1,0,0.0138,0,1,Low
TXN101822,CUST040,36,5833.31,Transfer,8,Bangalore,Hyderabad,Android,0,262,7006.18,14468.06,-8634.74,0.4,0,1,0,1,0.0252,0,3,Low
TXN101823,CUST040,37,8882.84,Purchase,21,Hyderabad,Hyderabad,Android,0,262,5833.31,13060.2,-4177.36,0.68,2,0,1,0,0.0172,1,2,Low
TXN101824,CUST040,38,11505.77,Purchase,13,Hyderabad,Hyderabad,Android,0,262,8882.84,13198.64,-1692.87,0.87,1,2,0,0,0.01,0,1,Low
TXN101825,CUST040,39,3747.39,Bill Payment,21,Hyderabad,Hyderabad,Android,0,262,11505.77,13028.61,-9281.22,0.29,1,0,0,0,0.0062,0,1,Low
TXN101826,CUST040,40,2972.62,ATM Withdrawal,19,Hyderabad,Hyderabad,Android,0,262,3747.39,11140.7,-8168.07,0.27,1,0,0,0,0.0094,0,1,Low
TXN101827,CUST040,41,6431.61,Transfer,19,Hyderabad,Hyderabad,Android,0,262,2972.62,8900.85,-2469.24,0.72,2,0,0,0,0.0046,0,0,Low
TXN101828,CUST040,42,5209.35,Transfer,20,Hyderabad,Hyderabad,iPhone,1,262,6431.61,8303.34,-3093.99,0.63,3,1,0,0,0.041,0,4,Low
TXN101829,CUST040,43,27408.45,Transfer,13,Hyderabad,Hyderabad,Android,0,262,5209.35,7258.53,20149.92,3.78,3,0,0,0,0.1601,0,16,Low
TXN101830,CUST040,44,14845.24,Transfer,19,Bangalore,Hyderabad,Android,0,262,27408.45,8265.8,6579.44,1.8,4,0,0,1,0.0085,0,1,Low
TXN101831,CUST040,45,7835.0,Bill Payment,7,Hyderabad,Hyderabad,Windows,1,262,14845.24,9384.28,-1549.27,0.83,2,0,0,0,0.0343,0,3,Low
TXN101832,CUST040,46,9810.6,Purchase,10,Hyderabad,Hyderabad,Android,0,262,7835.0,9467.16,343.45,1.04,2,0,1,0,0.0108,0,1,Low
TXN101833,CUST040,47,5738.56,ATM Withdrawal,6,Hyderabad,Hyderabad,Android,0,262,9810.6,9864.89,-4126.32,0.58,3,0,0,0,0.0191,0,2,Low
TXN101834,CUST040,48,17601.34,Purchase,7,Hyderabad,Hyderabad,Android,0,262,5738.56,9550.46,8050.88,1.84,2,0,0,0,0.003,0,0,Low
TXN101835,CUST040,49,8656.19,Purchase,14,Hyderabad,Hyderabad,Android,0,262,17601.34,10160.02,-1503.83,0.85,1,0,0,0,0.0067,0,1,Low
TXN101836,CUST041,1,3668.74,Purchase,18,Mumbai,Mumbai,Android,0,870,0.0,5092.34,-1423.6,0.72,4,0,0,0,0.0059,0,1,Low
TXN101837,CUST041,2,4408.18,Purchase,12,Mumbai,Mumbai,Android,0,870,3668.74,3668.74,739.44,1.2,2,0,0,0,0.0042,0,0,Low
TXN101838,CUST041,3,3885.36,Transfer,14,Mumbai,Mumbai,Android,0,870,4408.18,4038.46,-153.09,0.96,3,1,0,0,0.0109,0,1,Low
TXN101839,CUST041,4,17096.25,Transfer,19,Mumbai,Mumbai,Android,0,870,3885.36,3987.43,13108.82,4.29,2,0,0,0,0.032,0,3,Low
TXN101840,CUST041,5,3640.15,Purchase,10,Mumbai,Mumbai,Android,0,870,17096.25,7264.63,-3624.48,0.5,6,0,0,0,0.0258,0,3,Low
TXN101841,CUST041,6,737.31,Purchase,20,Mumbai,Mumbai,iPhone,1,870,3640.15,6539.74,-5802.42,0.11,3,0,0,0,0.0372,0,4,Low
TXN101842,CUST041,7,4661.49,Online Payment,8,Mumbai,Mumbai,Android,0,870,737.31,5572.67,-911.17,0.84,1,1,0,0,0.0086,0,1,Low
TXN101843,CUST041,8,5504.28,Bill Payment,22,Mumbai,Mumbai,Android,0,870,4661.49,5442.5,61.78,1.01,5,2,1,0,0.053,0,5,Low
TXN101844,CUST041,9,20395.33,Online Payment,18,Mumbai,Mumbai,Android,0,870,5504.28,5450.22,14945.11,3.74,3,0,0,0,0.015,0,2,Low
TXN101845,CUST041,10,11700.53,Online Payment,13,Delhi,Mumbai,Android,0,870,20395.33,7110.79,4589.74,1.65,2,1,0,1,0.0066,0,1,Low
TXN101846,CUST041,11,4452.65,Bill Payment,15,Mumbai,Mumbai,Android,0,870,11700.53,7569.76,-3117.11,0.59,1,0,0,0,0.0042,0,0,Low
TXN101847,CUST041,12,4712.64,Purchase,17,Mumbai,Mumbai,Android,0,870,4452.65,7648.15,-2935.52,0.62,1,0,0,0,0.0236,0,2,Low
TXN101848,CUST041,13,3581.63,Bill Payment,10,Mumbai,Mumbai,Android,0,870,4712.64,7678.6,-4096.97,0.47,3,0,0,0,0.0132,0,1,Low
TXN101849,CUST041,14,3596.6,Purchase,14,Mumbai,Mumbai,Android,0,870,3581.63,7648.23,-4051.63,0.47,2,0,0,0,0.0088,0,1,Low
TXN101850,CUST041,15,3547.03,Purchase,7,Mumbai,Mumbai,Android,0,870,3596.6,6298.26,-2751.23,0.56,2,0,0,0,0.0122,0,1,Low
TXN101851,CUST041,16,2253.78,Bill Payment,20,Mumbai,Mumbai,Android,0,870,3547.03,6288.95,-4035.17,0.36,0,1,0,0,0.0043,0,0,Low
TXN101852,CUST041,17,4199.04,Purchase,10,Mumbai,Mumbai,Android,0,870,2253.78,6440.6,-2241.56,0.65,1,0,0,0,0.0089,0,1,Low
TXN101853,CUST041,18,7664.45,Bill Payment,11,Chennai,Mumbai,Mac,1,870,4199.04,6394.35,1270.1,1.2,3,0,0,1,0.0354,0,4,Low
TXN101854,CUST041,19,4018.2,Transfer,15,Mumbai,Mumbai,Android,0,870,7664.45,6610.37,-2592.17,0.61,4,2,1,0,0.0711,0,7,Low
TXN101855,CUST041,20,4930.42,Purchase,13,Mumbai,Mumbai,Android,0,870,4018.2,4972.65,-42.23,0.99,0,0,0,0,0.0059,0,1,Low
TXN101856,CUST041,21,6147.34,Online Payment,12,Mumbai,Mumbai,Android,0,870,4930.42,4295.64,1851.7,1.43,3,0,0,0,0.0103,0,1,Low
TXN101857,CUST041,22,8126.13,Bill Payment,14,Mumbai,Mumbai,Android,0,870,6147.34,4465.11,3661.02,1.82,0,0,0,0,0.0247,0,2,Low
TXN101858,CUST041,23,2660.57,Online Payment,6,Mumbai,Mumbai,Android,0,870,8126.13,4806.46,-2145.89,0.55,1,0,0,0,0.0105,0,1,Low
TXN101859,CUST041,24,2429.57,Purchase,21,Mumbai,Mumbai,Android,0,870,2660.57,4714.35,-2284.78,0.52,2,0,0,0,0.0032,0,0,Low
TXN101860,CUST041,25,24260.31,Transfer,8,Mumbai,Mumbai,Android,0,870,2429.57,4597.65,19662.66,5.28,2,0,0,0,0.0217,0,2,Low
TXN101861,CUST041,26,2354.91,Online Payment,13,Mumbai,Mumbai,Android,0,870,24260.31,6668.98,-4314.07,0.35,3,1,0,0,0.023,0,2,Low
TXN101862,CUST041,27,3791.66,Online Payment,15,Mumbai,Mumbai,Android,0,870,2354.91,6679.09,-2887.43,0.57,1,0,0,0,0.0091,0,1,Low
TXN101863,CUST041,28,7258.78,Transfer,7,Chennai,Mumbai,Android,0,870,3791.66,6638.36,620.42,1.09,2,0,0,1,0.0324,0,3,Low
TXN101864,CUST041,29,2479.49,Purchase,22,Mumbai,Mumbai,Android,0,870,7258.78,6597.79,-4118.3,0.38,2,0,1,0,0.017,0,2,Low
TXN101865,CUST041,30,8238.49,Transfer,19,Mumbai,Mumbai,Android,1,870,2479.49,6443.92,1794.57,1.28,3,0,1,0,0.55,1,55,Medium
TXN101866,CUST041,31,6178.96,Transfer,20,Mumbai,Mumbai,Android,0,870,8238.49,6774.73,-595.77,0.91,5,0,0,0,0.007,0,1,Low
TXN101867,CUST041,32,8906.02,Online Payment,10,Mumbai,Mumbai,Android,0,870,6178.96,6777.89,2128.14,1.31,1,0,0,0,0.0146,0,1,Low
TXN101868,CUST041,33,6971.68,Online Payment,8,Mumbai,Mumbai,Android,0,870,8906.02,6855.88,115.8,1.02,1,0,0,0,0.0111,0,1,Low
TXN101869,CUST041,34,23873.96,Purchase,7,Delhi,Mumbai,Android,0,870,6971.68,7286.99,16586.97,3.28,0,0,0,1,0.0601,0,6,Low
TXN101870,CUST041,35,9592.03,Transfer,0,Mumbai,Mumbai,Android,0,870,23873.96,9431.43,160.61,1.02,10,0,0,0,0.55,1,55,Medium
TXN101871,CUST042,1,9635.56,ATM Withdrawal,20,Pune,Pune,Windows,1,762,0.0,5813.28,3822.27,1.66,2,0,0,0,0.0149,0,1,Low
TXN101872,CUST042,2,1964.24,Online Payment,21,Pune,Pune,Mac,0,762,9635.56,9635.56,-7671.32,0.2,3,0,0,0,0.0056,0,1,Low
TXN101873,CUST042,3,15564.63,Purchase,13,Pune,Pune,Mac,0,762,1964.24,5799.9,9764.73,2.68,1,0,0,0,0.0247,0,2,Low
TXN101874,CUST042,4,16562.93,Transfer,19,Pune,Pune,Mac,0,762,15564.63,9054.81,7508.12,1.83,0,2,0,0,0.0232,0,2,Low
TXN101875,CUST042,5,6472.34,Purchase,12,Pune,Pune,Mac,0,762,16562.93,10931.84,-4459.5,0.59,4,0,0,0,0.0025,0,0,Low
TXN101876,CUST042,6,7391.6,Transfer,22,Pune,Pune,Mac,0,762,6472.34,10039.94,-2648.34,0.74,4,0,0,0,0.0037,0,0,Low
TXN101877,CUST042,7,3854.29,Purchase,14,Pune,Pune,Mac,0,762,7391.6,9598.55,-5744.26,0.4,2,0,0,0,0.0104,0,1,Low
TXN101878,CUST042,8,8101.79,Transfer,22,Pune,Pune,Android,1,762,3854.29,8777.94,-676.15,0.92,2,0,0,0,0.0536,0,5,Low
TXN101879,CUST042,9,8116.71,Purchase,17,Pune,Pune,Mac,0,762,8101.79,8693.42,-576.71,0.93,1,0,0,0,0.0058,0,1,Low
TXN101880,CUST042,10,4029.89,ATM Withdrawal,17,Pune,Pune,Mac,0,762,8116.71,8629.34,-4599.45,0.47,1,0,0,0,0.0068,0,1,Low
TXN101881,CUST042,11,7897.03,Online Payment,15,Bangalore,Pune,Mac,0,762,4029.89,8169.4,-272.36,0.97,1,0,0,1,0.0113,0,1,Low
TXN101882,CUST042,12,4218.38,ATM Withdrawal,19,Pune,Pune,Mac,0,762,7897.03,7995.54,-3777.16,0.53,1,0,0,0,0.0264,0,3,Low
TXN101883,CUST042,13,11299.74,Purchase,8,Pune,Pune,Mac,0,762,4218.38,8220.96,3078.78,1.37,3,1,0,0,0.0161,0,2,Low
TXN101884,CUST042,14,7521.0,Bill Payment,15,Pune,Pune,Mac,0,762,11299.74,7794.47,-273.47,0.96,2,0,0,0,0.0067,0,1,Low
TXN101885,CUST042,15,1421.0,Purchase,12,Mysore,Pune,Mac,0,762,7521.0,6890.28,-5469.28,0.21,0,0,1,1,0.0447,0,4,Low
TXN101886,CUST042,16,10978.65,Purchase,9,Pune,Pune,Mac,0,762,1421.0,6385.14,4593.51,1.72,5,0,0,0,0.0154,0,2,Low
TXN101887,CUST042,17,8972.85,Transfer,6,Pune,Pune,Mac,0,762,10978.65,6743.85,2229.0,1.33,1,0,1,0,0.0354,0,4,Low
TXN101888,CUST042,18,10344.2,Transfer,11,Pune,Pune,Mac,0,762,8972.85,7255.7,3088.5,1.43,2,0,0,0,0.0074,0,1,Low
TXN101889,CUST042,19,2341.23,Bill Payment,18,Pune,Pune,Mac,0,762,10344.2,7479.95,-5138.72,0.31,2,1,0,0,0.0087,0,1,Low
TXN101890,CUST042,20,20583.43,Transfer,12,Pune,Pune,Mac,0,762,2341.23,6902.4,13681.03,2.98,0,0,0,0,0.0498,0,5,Low
TXN101891,CUST042,21,6570.88,Transfer,16,Pune,Pune,Mac,0,762,20583.43,8557.75,-1986.87,0.77,1,0,0,0,0.0104,0,1,Low
TXN101892,CUST042,22,3213.61,Purchase,10,Pune,Pune,Mac,0,762,6570.88,8425.13,-5211.52,0.38,0,0,0,0,0.0265,0,3,Low
TXN101893,CUST042,23,5750.88,Online Payment,22,Pune,Pune,Mac,0,762,3213.61,8324.66,-2573.77,0.69,3,0,0,0,0.0066,0,1,Low
TXN101894,CUST042,24,11049.37,Online Payment,22,Pune,Pune,Mac,0,762,5750.88,7769.77,3279.6,1.42,4,0,0,0,0.0198,0,2,Low
TXN101895,CUST042,25,5524.31,Purchase,16,Pune,Pune,Mac,0,762,11049.37,8122.61,-2598.3,0.68,1,0,0,0,0.0077,0,1,Low
TXN101896,CUST042,26,3845.63,Purchase,21,Pune,Pune,Mac,0,762,5524.31,8532.94,-4687.32,0.45,3,0,0,0,0.0083,0,1,Low
TXN101897,CUST042,27,10154.32,Purchase,22,Mysore,Pune,Mac,0,762,3845.63,7819.64,2334.68,1.3,2,0,0,1,0.0114,0,1,Low
TXN101898,CUST042,28,6482.68,Bill Payment,13,Pune,Pune,Mac,0,762,10154.32,7937.79,-1455.1,0.82,4,0,0,0,0.0028,0,0,Low
TXN101899,CUST042,29,2825.89,Transfer,11,Pune,Pune,Mac,0,762,6482.68,7551.63,-4725.74,0.37,0,0,0,0,0.0141,0,1,Low
TXN101900,CUST042,30,29252.6,Purchase,18,Pune,Pune,Mac,0,762,2825.89,7600.1,21652.5,3.85,3,0,0,0,0.0316,0,3,Low
TXN101901,CUST042,31,2609.77,Bill Payment,9,Pune,Pune,Mac,0,762,29252.6,8467.02,-5857.25,0.31,4,1,0,0,0.0033,0,0,Low
TXN101902,CUST042,32,7052.58,Purchase,20,Pune,Pune,Windows,1,762,2609.77,8070.91,-1018.33,0.87,3,1,0,0,0.0138,0,1,Low
TXN101903,CUST042,33,4354.39,ATM Withdrawal,9,Pune,Pune,Mac,0,762,7052.58,8454.8,-4100.41,0.52,3,0,0,0,0.0146,0,1,Low
TXN101904,CUST042,34,8672.65,Purchase,19,Pune,Pune,Mac,0,762,4354.39,8315.15,357.49,1.04,1,1,0,0,0.0065,0,1,Low
TXN101905,CUST042,35,3784.1,Online Payment,11,Pune,Pune,Mac,0,762,8672.65,8077.48,-4293.38,0.47,1,0,0,0,0.0284,0,3,Low
TXN101906,CUST042,36,17342.49,Transfer,11,Pune,Pune,Mac,0,762,3784.1,7903.46,9439.03,2.19,2,0,0,0,0.0081,0,1,Low
TXN101907,CUST042,37,8810.02,Online Payment,9,Pune,Pune,Mac,0,762,17342.49,9253.15,-443.13,0.95,2,0,0,0,0.0044,0,0,Low
TXN101908,CUST042,38,2492.42,Purchase,0,Pune,Pune,Mac,1,762,8810.02,9118.72,-6626.3,0.27,10,2,0,0,0.55,1,55,Medium
TXN101909,CUST042,39,7733.83,ATM Withdrawal,9,Pune,Pune,Mac,0,762,2492.42,8719.69,-985.86,0.89,2,0,0,0,0.0038,0,0,Low
TXN101910,CUST042,40,3635.63,Transfer,14,Pune,Pune,Windows,1,762,7733.83,9210.49,-5574.85,0.39,2,0,0,0,0.0249,0,2,Low
TXN101911,CUST042,41,3873.0,Purchase,20,Pune,Pune,Mac,0,762,3635.63,6648.79,-2775.79,0.58,4,0,0,0,0.0059,0,1,Low
TXN101912,CUST042,42,7037.46,ATM Withdrawal,15,Pune,Pune,Mac,0,762,3873.0,6775.11,262.35,1.04,1,1,0,0,0.0127,0,1,Low
TXN101913,CUST042,43,4218.5,Bill Payment,7,Pune,Pune,Mac,0,762,7037.46,6773.6,-2555.1,0.62,0,0,0,0,0.0253,0,3,Low
TXN101914,CUST042,44,5990.35,Purchase,9,Pune,Pune,Mac,0,762,4218.5,6760.01,-769.66,0.89,0,1,1,0,0.0075,0,1,Low
TXN101915,CUST042,45,5841.22,Online Payment,7,Pune,Pune,Mac,0,762,5990.35,6491.78,-650.56,0.9,3,0,0,0,0.0057,0,1,Low
TXN101916,CUST042,46,3132.35,Online Payment,17,Pune,Pune,Mac,0,762,5841.22,6697.49,-3565.14,0.47,1,0,0,0,0.0024,0,0,Low
TXN101917,CUST042,47,4596.07,Purchase,10,Pune,Pune,Mac,0,762,3132.35,5276.48,-680.41,0.87,2,0,0,0,0.0095,0,1,Low
TXN101918,CUST042,48,4364.31,Purchase,15,Pune,Pune,Mac,0,762,4596.07,4855.08,-490.78,0.9,5,1,0,0,0.0039,0,0,Low
TXN101919,CUST042,49,2859.88,Purchase,17,Delhi,Pune,Mac,0,762,4364.31,5042.27,-2182.39,0.57,5,0,0,1,0.0672,0,7,Low
TXN101920,CUST042,50,6952.57,Transfer,7,Pune,Pune,Android,1,762,2859.88,4554.88,2397.69,1.53,1,0,0,0,0.021,0,2,Low
TXN101921,CUST042,51,5975.44,Transfer,15,Pune,Pune,Mac,0,762,6952.57,4886.57,1088.87,1.22,1,0,0,0,0.004,0,0,Low
TXN101922,CUST042,52,3395.4,Purchase,15,Pune,Pune,Mac,0,762,5975.44,5096.81,-1701.41,0.67,0,0,0,0,0.0066,0,1,Low
TXN101923,CUST042,53,7745.32,Purchase,13,Pune,Pune,Android,1,762,3395.4,4732.61,3012.71,1.64,0,0,0,0,0.0139,0,1,Low
TXN101924,CUST043,1,9628.83,Bill Payment,15,Mumbai,Mumbai,Windows,0,732,0.0,9886.14,-257.3,0.97,3,1,0,0,0.0097,0,1,Low
TXN101925,CUST043,2,42917.76,Online Payment,20,Mumbai,Mumbai,Windows,0,732,9628.83,9628.83,33288.92,4.46,2,0,0,0,0.0304,0,3,Low
TXN101926,CUST043,3,3155.44,Online Payment,13,Mumbai,Mumbai,Windows,0,732,42917.76,26273.3,-23117.86,0.12,2,0,0,0,0.0145,0,1,Low
TXN101927,CUST043,4,11258.78,Online Payment,12,Mumbai,Mumbai,Windows,0,732,3155.44,18567.34,-7308.57,0.61,1,0,0,0,0.0104,0,1,Low
TXN101928,CUST043,5,14014.11,Bill Payment,16,Mumbai,Mumbai,Windows,0,732,11258.78,16740.2,-2726.09,0.84,0,0,1,0,0.0115,0,1,Low
TXN101929,CUST043,6,48126.87,Bill Payment,10,Hassan,Mumbai,Windows,0,732,14014.11,16194.98,31931.89,2.97,4,0,0,1,0.0463,0,5,Low
TXN101930,CUST043,7,11832.6,Bill Payment,17,Mumbai,Mumbai,Windows,0,732,48126.87,21516.96,-9684.36,0.55,3,2,0,0,0.0448,0,4,Low
TXN101931,CUST043,8,9119.84,Online Payment,19,Mumbai,Mumbai,Windows,0,732,11832.6,20133.48,-11013.64,0.45,1,1,0,0,0.0096,0,1,Low
TXN101932,CUST043,9,12375.12,Purchase,16,Delhi,Mumbai,Windows,0,732,9119.84,18756.78,-6381.66,0.66,4,2,0,1,0.0729,0,7,Low
TXN101933,CUST043,10,4383.61,Purchase,16,Mumbai,Mumbai,Windows,0,732,12375.12,18047.71,-13664.09,0.24,1,0,0,0,0.0088,0,1,Low
TXN101934,CUST043,11,13414.53,Bill Payment,10,Mumbai,Mumbai,Windows,0,732,4383.61,16681.3,-3266.76,0.8,1,0,0,0,0.009,0,1,Low
TXN101935,CUST043,12,4861.81,Purchase,15,Mumbai,Mumbai,Windows,0,732,13414.53,17059.87,-12198.06,0.28,1,0,0,0,0.0668,1,7,Low
TXN101936,CUST043,13,9951.93,Purchase,13,Mumbai,Mumbai,Windows,0,732,4861.81,13254.27,-3302.34,0.75,2,0,0,0,0.0142,0,1,Low
TXN101937,CUST043,14,9107.2,Online Payment,11,Mumbai,Mumbai,Windows,0,732,9951.93,13933.92,-4826.72,0.65,4,2,0,0,0.0967,0,10,Low
TXN101938,CUST043,15,8653.35,Purchase,21,Hassan,Mumbai,Windows,0,732,9107.2,13718.76,-5065.41,0.63,1,1,0,1,0.0363,0,4,Low
TXN101939,CUST043,16,5607.91,Online Payment,12,Mumbai,Mumbai,Windows,0,732,8653.35,13182.69,-7574.78,0.43,0,0,0,0,0.0097,0,1,Low
TXN101940,CUST043,17,5024.75,Transfer,8,Mumbai,Mumbai,Windows,0,732,5607.91,8930.79,-3906.04,0.56,6,0,0,0,0.0085,0,1,Low
TXN101941,CUST043,18,4981.38,Purchase,20,Mumbai,Mumbai,Windows,0,732,5024.75,8250.01,-3268.62,0.6,0,0,0,0,0.0049,0,0,Low
TXN101942,CUST043,19,24339.61,Bill Payment,13,Mumbai,Mumbai,Windows,0,732,4981.38,7836.16,16503.45,3.11,3,0,0,0,0.0278,0,3,Low
TXN101943,CUST043,20,27451.15,Transfer,12,Mumbai,Mumbai,Windows,0,732,24339.61,9032.61,18418.54,3.04,3,0,0,0,0.0136,0,1,Low
TXN101944,CUST043,21,9147.0,Purchase,17,Mumbai,Mumbai,Windows,0,732,27451.15,11339.36,-2192.37,0.81,2,1,0,0,0.0084,0,1,Low
TXN101945,CUST043,22,24393.42,Transfer,19,Mumbai,Mumbai,Windows,0,732,9147.0,10912.61,13480.81,2.24,6,0,0,0,0.0419,0,4,Low
TXN101946,CUST043,23,9797.57,Transfer,20,Mangalore,Mumbai,Windows,0,732,24393.42,12865.77,-3068.21,0.76,3,0,0,1,0.0303,0,3,Low
TXN101947,CUST043,24,6981.33,Purchase,9,Mumbai,Mumbai,Windows,0,732,9797.57,12850.33,-5869.0,0.54,2,0,0,0,0.0107,0,1,Low
TXN101948,CUST043,25,5349.96,Purchase,10,Mumbai,Mumbai,Windows,0,732,6981.33,12637.75,-7287.78,0.42,3,0,0,0,0.0079,0,1,Low
TXN101949,CUST043,26,7512.05,ATM Withdrawal,10,Mumbai,Mumbai,Windows,0,732,5349.96,12307.41,-4795.36,0.61,2,0,0,0,0.0087,0,1,Low
TXN101950,CUST043,27,6899.91,Transfer,13,Mumbai,Mumbai,Windows,0,732,7512.05,12497.82,-5597.92,0.55,3,0,0,0,0.0084,0,1,Low
TXN101951,CUST043,28,16415.63,Purchase,10,Mumbai,Mumbai,Windows,0,732,6899.91,12685.34,3730.29,1.29,0,0,0,0,0.0039,0,0,Low
TXN101952,CUST043,29,13684.26,Transfer,17,Mumbai,Mumbai,Windows,0,732,16415.63,13828.76,-144.5,0.99,0,0,0,0,0.0157,0,2,Low
TXN101953,CUST043,30,8660.99,Purchase,19,Mumbai,Mumbai,Windows,0,732,13684.26,12763.23,-4102.24,0.68,1,0,0,0,0.024,0,2,Low
TXN101954,CUST043,31,13368.77,Transfer,16,Mumbai,Mumbai,Windows,0,732,8660.99,10884.21,2484.56,1.23,2,0,0,0,0.0095,0,1,Low
TXN101955,CUST043,32,20482.85,Transfer,6,Mumbai,Mumbai,Windows,0,732,13368.77,11306.39,9176.46,1.81,1,0,0,0,0.0103,0,1,Low
TXN101956,CUST043,33,22328.78,ATM Withdrawal,11,Hassan,Mumbai,Windows,0,732,20482.85,10915.33,11413.44,2.05,3,3,0,1,0.55,1,55,Medium
TXN101957,CUST043,34,6793.13,Purchase,14,Mumbai,Mumbai,Windows,0,732,22328.78,12168.45,-5375.33,0.56,2,0,0,0,0.0205,0,2,Low
TXN101958,CUST043,35,7773.72,Bill Payment,10,Mumbai,Mumbai,Windows,0,732,6793.13,12149.63,-4375.91,0.64,5,0,0,0,0.0235,0,2,Low
TXN101959,CUST043,36,11227.08,Purchase,18,Mumbai,Mumbai,Windows,0,732,7773.72,12392.01,-1164.93,0.91,1,3,0,0,0.0275,0,3,Low
TXN101960,CUST043,37,11452.53,Bill Payment,10,Mumbai,Mumbai,Windows,0,732,11227.08,12763.51,-1310.98,0.9,0,0,0,0,0.0096,0,1,Low
TXN101961,CUST043,38,13813.56,Online Payment,20,Mysore,Mumbai,Windows,0,732,11452.53,13218.77,594.79,1.04,4,0,0,1,0.0483,0,5,Low
TXN101962,CUST043,39,5848.89,Online Payment,12,Mumbai,Mumbai,Windows,0,732,13813.56,12958.57,-7109.67,0.45,3,0,0,0,0.0064,0,1,Low
TXN101963,CUST043,40,13380.61,Transfer,6,Mumbai,Mumbai,Windows,0,732,5848.89,12175.03,1205.58,1.1,2,0,1,0,0.0068,0,1,Low
TXN101964,CUST043,41,3923.6,Bill Payment,6,Mumbai,Mumbai,Windows,0,732,13380.61,12646.99,-8723.39,0.31,0,0,0,0,0.013,0,1,Low
TXN101965,CUST043,42,20845.95,Bill Payment,17,Mumbai,Mumbai,Mac,1,732,3923.6,11702.48,9143.48,1.78,1,2,0,0,0.0444,0,4,Low
TXN101966,CUST043,43,11672.73,Bill Payment,8,Mumbai,Mumbai,Windows,0,732,20845.95,11738.79,-66.06,0.99,2,0,0,0,0.0042,0,0,Low
TXN101967,CUST043,44,12727.85,Transfer,11,Mumbai,Mumbai,Windows,0,732,11672.73,10673.18,2054.67,1.19,7,0,0,0,0.0317,0,3,Low
TXN101968,CUST043,45,9652.43,Transfer,11,Mumbai,Mumbai,Windows,0,732,12727.85,11266.65,-1614.22,0.86,3,0,0,0,0.0024,0,0,Low
TXN101969,CUST043,46,27420.33,Transfer,10,Mumbai,Mumbai,Windows,0,732,9652.43,11454.52,15965.81,2.39,3,0,0,0,0.0261,0,3,Low
TXN101970,CUST043,47,6039.74,Online Payment,9,Mumbai,Mumbai,Windows,0,732,27420.33,13073.85,-7034.11,0.46,2,0,0,0,0.0089,0,1,Low
TXN101971,CUST043,48,12459.9,Purchase,15,Mumbai,Mumbai,Windows,0,732,6039.74,12532.57,-72.67,0.99,4,1,0,0,0.0172,0,2,Low
TXN101972,CUST043,49,41249.05,Bill Payment,7,Mumbai,Mumbai,Android,1,732,12459.9,12397.21,28851.85,3.33,2,0,0,0,0.0986,0,10,Low
TXN101973,CUST043,50,21478.6,Purchase,12,Mumbai,Mumbai,Windows,0,732,41249.05,15937.22,5541.38,1.35,1,0,0,0,0.0141,0,1,Low
TXN101974,CUST043,51,21731.61,Online Payment,21,Mumbai,Mumbai,Windows,0,732,21478.6,16747.02,4984.59,1.3,5,4,0,0,0.55,1,55,Medium
TXN101975,CUST044,1,8274.62,Purchase,7,Delhi,Delhi,Windows,0,659,0.0,3978.74,4295.88,2.08,2,0,0,0,0.014,0,1,Low
TXN101976,CUST044,2,7856.85,ATM Withdrawal,16,Delhi,Delhi,Windows,0,659,8274.62,8274.62,-417.77,0.95,1,0,1,0,0.036,0,4,Low
TXN101977,CUST044,3,4460.76,Transfer,20,Delhi,Delhi,Windows,0,659,7856.85,8065.73,-3604.97,0.55,0,2,0,0,0.031,0,3,Low
TXN101978,CUST044,4,987.97,Bill Payment,21,Delhi,Delhi,Windows,0,659,4460.76,6864.08,-5876.11,0.14,3,0,0,0,0.0023,0,0,Low
TXN101979,CUST044,5,2795.42,Bill Payment,13,Mumbai,Delhi,Windows,0,659,987.97,5395.05,-2599.63,0.52,3,0,0,1,0.0251,0,3,Low
TXN101980,CUST044,6,6652.51,Bill Payment,12,Delhi,Delhi,Windows,0,659,2795.42,4875.12,1777.38,1.36,0,1,0,0,0.0105,0,1,Low
TXN101981,CUST044,7,2354.78,Transfer,11,Hassan,Delhi,Windows,0,659,6652.51,5171.35,-2816.58,0.46,1,0,0,1,0.0115,0,1,Low
TXN101982,CUST044,8,24937.26,ATM Withdrawal,16,Chennai,Delhi,Android,1,659,2354.78,4768.99,20168.28,5.23,1,2,0,0,0.55,1,55,Medium
TXN101983,CUST044,9,2212.16,Purchase,13,Delhi,Delhi,Windows,0,659,24937.26,7290.02,-5077.86,0.3,2,0,0,0,0.0129,0,1,Low
TXN101984,CUST044,10,4878.38,Purchase,16,Delhi,Delhi,Windows,0,659,2212.16,6725.81,-1847.44,0.73,4,0,0,0,0.0117,0,1,Low
TXN101985,CUST044,11,7457.19,ATM Withdrawal,8,Delhi,Delhi,Windows,0,659,4878.38,6541.07,916.12,1.14,0,0,0,0,0.0287,0,3,Low
TXN101986,CUST044,12,960.36,ATM Withdrawal,6,Delhi,Delhi,Windows,0,659,7457.19,6459.33,-5498.96,0.15,2,0,0,0,0.0072,0,1,Low
TXN101987,CUST044,13,1635.74,Purchase,22,Delhi,Delhi,Windows,0,659,960.36,5769.68,-4133.94,0.28,2,0,0,0,0.0045,0,0,Low
TXN101988,CUST044,14,5527.2,Transfer,8,Delhi,Delhi,Windows,0,659,1635.74,5487.18,40.02,1.01,2,0,0,0,0.0071,0,1,Low
TXN101989,CUST044,15,3736.29,Online Payment,16,Delhi,Delhi,Windows,0,659,5527.2,5941.1,-2204.81,0.63,1,0,0,0,0.0106,0,1,Low
TXN101990,CUST044,16,4105.6,Transfer,8,Pune,Delhi,Windows,0,659,3736.29,6035.19,-1929.59,0.68,1,0,0,1,0.0984,0,10,Low
TXN101991,CUST044,17,1862.55,Transfer,11,Delhi,Delhi,Windows,0,659,4105.6,5780.5,-3917.95,0.32,1,0,0,0,0.0126,0,1,Low
TXN101992,CUST044,18,1698.07,Transfer,13,Delhi,Delhi,Windows,0,659,1862.55,5731.27,-4033.2,0.3,1,0,0,0,0.0103,0,1,Low
TXN101993,CUST044,19,8346.96,Online Payment,8,Delhi,Delhi,Android,1,659,1698.07,3407.35,4939.6,2.45,1,0,0,0,0.1332,0,13,Low
TXN101994,CUST044,20,3677.06,Online Payment,21,Delhi,Delhi,Windows,0,659,8346.96,4020.83,-343.77,0.91,5,0,0,0,0.0092,0,1,Low
TXN101995,CUST044,21,4475.38,Purchase,9,Delhi,Delhi,Mac,1,659,3677.06,3900.7,574.68,1.15,2,0,0,0,0.012,0,1,Low
TXN101996,CUST044,22,1938.46,Online Payment,19,Mysore,Delhi,Windows,0,659,4475.38,3602.52,-1664.06,0.54,4,0,0,1,0.025,0,3,Low
TXN101997,CUST044,23,5389.62,Transfer,22,Delhi,Delhi,Windows,0,659,1938.46,3700.33,1689.29,1.46,2,0,1,0,0.025,0,2,Low
TXN101998,CUST044,24,4869.24,Online Payment,19,Delhi,Delhi,Windows,0,659,5389.62,4075.72,793.52,1.19,1,0,0,0,0.0115,0,1,Low
TXN101999,CUST044,25,5506.87,Purchase,11,Delhi,Delhi,Windows,0,659,4869.24,4009.92,1496.95,1.37,4,0,0,0,0.0112,0,1,Low
TXN102000,CUST044,26,3517.03,Purchase,8,Mysore,Delhi,Windows,0,659,5506.87,4186.98,-669.95,0.84,2,0,0,1,0.0144,0,1,Low
TXN102001,CUST044,27,12583.56,Transfer,9,Delhi,Delhi,iPhone,1,659,3517.03,4128.12,8455.44,3.05,1,1,0,0,0.0315,0,3,Low
TXN102002,CUST044,28,2655.0,Purchase,10,Delhi,Delhi,Windows,0,659,12583.56,5200.23,-2545.23,0.51,3,0,0,0,0.0154,0,2,Low
TXN102003,CUST044,29,4188.08,ATM Withdrawal,21,Delhi,Delhi,Windows,0,659,2655.0,5295.92,-1107.84,0.79,2,0,1,0,0.0118,0,1,Low
TXN102004,CUST044,30,5900.24,Online Payment,6,Delhi,Delhi,Windows,0,659,4188.08,4880.03,1020.21,1.21,6,0,0,0,0.0185,0,2,Low
TXN102005,CUST044,31,5262.78,Transfer,20,Delhi,Delhi,iPhone,1,659,5900.24,5102.35,160.43,1.03,1,0,0,0,0.0323,0,3,Low
TXN102006,CUST044,32,5446.68,Online Payment,6,Delhi,Delhi,Windows,0,659,5262.78,5181.09,265.59,1.05,3,0,0,0,0.0193,0,2,Low
TXN102007,CUST044,33,4704.96,Purchase,15,Delhi,Delhi,Windows,0,659,5446.68,5531.91,-826.95,0.85,6,0,0,0,0.0249,0,2,Low
TXN102008,CUST044,34,5010.05,Bill Payment,9,Mumbai,Delhi,Windows,0,659,4704.96,5463.44,-453.4,0.92,1,1,0,1,0.0168,0,2,Low
TXN102009,CUST044,35,8070.98,Online Payment,8,Delhi,Delhi,iPhone,1,659,5010.05,5477.53,2593.46,1.47,2,1,0,0,0.0895,0,9,Low
TXN102010,CUST044,36,5964.07,Transfer,9,Delhi,Delhi,Windows,0,659,8070.98,5733.94,230.13,1.04,2,1,0,0,0.019,0,2,Low
TXN102011,CUST044,37,1239.74,Purchase,11,Delhi,Delhi,Windows,0,659,5964.07,5978.64,-4738.9,0.21,1,0,0,0,0.0137,0,1,Low
TXN102012,CUST044,38,9987.76,Transfer,13,Delhi,Delhi,iPhone,1,659,1239.74,4844.26,5143.5,2.06,1,0,0,0,0.0177,0,2,Low
TXN102013,CUST044,39,8072.08,Purchase,11,Mumbai,Delhi,Windows,0,659,9987.76,5577.53,2494.55,1.45,1,0,0,1,0.0051,0,1,Low
TXN102014,CUST044,40,2392.42,Bill Payment,20,Delhi,Delhi,Windows,0,659,8072.08,5965.93,-3573.52,0.4,1,0,0,0,0.0069,0,1,Low
TXN102015,CUST045,1,4736.84,ATM Withdrawal,21,Pune,Pune,Android,0,1286,0.0,5222.6,-485.77,0.91,9,0,0,0,0.061,0,6,Low
TXN102016,CUST045,2,4562.59,Transfer,11,Pune,Pune,Android,0,1286,4736.84,4736.84,-174.24,0.96,2,0,0,0,0.0061,0,1,Low
TXN102017,CUST045,3,25614.24,Online Payment,10,Pune,Pune,Android,0,1286,4562.59,4649.71,20964.53,5.51,1,0,1,0,0.1877,0,19,Low
TXN102018,CUST045,4,4706.99,Bill Payment,12,Pune,Pune,Android,0,1286,25614.24,11637.89,-6930.9,0.4,2,0,0,0,0.0058,0,1,Low
TXN102019,CUST045,5,1548.57,Transfer,17,Pune,Pune,Android,0,1286,4706.99,9905.16,-8356.6,0.16,2,1,1,0,0.0219,0,2,Low
TXN102020,CUST045,6,1711.28,Online Payment,17,Pune,Pune,Android,0,1286,1548.57,8233.85,-6522.57,0.21,1,2,0,0,0.0417,0,4,Low
TXN102021,CUST045,7,5817.46,Purchase,7,Pune,Pune,Android,0,1286,1711.28,7146.75,-1329.29,0.81,0,0,0,0,0.0022,0,0,Low
TXN102022,CUST045,8,20737.9,ATM Withdrawal,11,Pune,Pune,Android,0,1286,5817.46,6956.85,13781.04,2.98,1,0,0,0,0.0138,0,1,Low
TXN102023,CUST045,9,5233.09,Transfer,19,Hyderabad,Pune,Android,0,1286,20737.9,8679.48,-3446.4,0.6,1,0,0,1,0.0175,0,2,Low
TXN102024,CUST045,10,14208.97,Purchase,20,Pune,Pune,Android,0,1286,5233.09,8296.55,5912.42,1.71,3,0,0,0,0.0087,0,1,Low
TXN102025,CUST045,11,2784.52,Online Payment,15,Pune,Pune,Android,0,1286,14208.97,8887.79,-6103.27,0.31,1,0,0,0,0.0056,0,1,Low
TXN102026,CUST045,12,8451.3,Purchase,10,Pune,Pune,Android,0,1286,2784.52,8692.56,-241.26,0.97,3,0,0,0,0.006,0,1,Low
TXN102027,CUST045,13,12743.41,Purchase,19,Pune,Pune,Android,0,1286,8451.3,9081.43,3661.98,1.4,1,0,0,0,0.0119,0,1,Low
TXN102028,CUST045,14,7265.83,Purchase,8,Pune,Pune,Android,0,1286,12743.41,7794.35,-528.52,0.93,2,0,0,0,0.0071,0,1,Low
TXN102029,CUST045,15,5493.61,Online Payment,19,Pune,Pune,Android,0,1286,7265.83,8050.23,-2556.62,0.68,2,2,0,0,0.01,0,1,Low
TXN102030,CUST045,16,5119.48,Online Payment,14,Pune,Pune,Android,0,1286,5493.61,8444.74,-3325.26,0.61,2,1,0,0,0.0039,0,0,Low
TXN102031,CUST045,17,9274.54,Online Payment,8,Pune,Pune,Android,0,1286,5119.48,8785.56,488.99,1.06,2,0,0,0,0.0027,0,0,Low
TXN102032,CUST045,18,6424.83,Bill Payment,18,Chennai,Pune,Android,0,1286,9274.54,9131.27,-2706.44,0.7,7,0,0,1,0.0354,0,4,Low
TXN102033,CUST045,19,5870.11,Bill Payment,15,Pune,Pune,Android,0,1286,6424.83,7699.96,-1829.85,0.76,1,1,0,0,0.0049,0,0,Low
TXN102034,CUST045,20,4111.12,Purchase,20,Pune,Pune,Android,0,1286,5870.11,7763.66,-3652.54,0.53,2,0,0,0,0.0034,0,0,Low
TXN102035,CUST045,21,7467.87,Bill Payment,12,Pune,Pune,Android,0,1286,4111.12,6753.88,713.99,1.11,1,0,0,0,0.0086,0,1,Low
TXN102036,CUST045,22,3268.15,Bill Payment,11,Pune,Pune,Android,0,1286,7467.87,7222.21,-3954.06,0.45,6,0,0,0,0.0081,0,1,Low
TXN102037,CUST045,23,11473.36,ATM Withdrawal,10,Pune,Pune,Mac,1,1286,3268.15,6703.9,4769.46,1.71,1,0,0,0,0.0187,0,2,Low
TXN102038,CUST045,24,2470.24,Online Payment,12,Hyderabad,Pune,Android,0,1286,11473.36,6576.89,-4106.65,0.38,3,0,0,1,0.0129,0,1,Low
TXN102039,CUST045,25,9495.4,Bill Payment,18,Pune,Pune,Android,0,1286,2470.24,6097.33,3398.07,1.56,1,0,0,0,0.0125,0,1,Low
TXN102040,CUST045,26,2335.75,ATM Withdrawal,8,Pune,Pune,Android,0,1286,9495.4,6497.51,-4161.76,0.36,2,0,0,0,0.0152,0,2,Low
TXN102041,CUST045,27,4322.28,Purchase,16,Pune,Pune,Android,0,1286,2335.75,6219.14,-1896.86,0.69,4,0,0,0,0.0059,0,1,Low
TXN102042,CUST045,28,11406.66,Purchase,14,Pune,Pune,Android,0,1286,4322.28,5723.91,5682.75,1.99,1,0,0,0,0.0031,0,0,Low
TXN102043,CUST045,29,2388.84,Purchase,9,Pune,Pune,Android,0,1286,11406.66,6222.09,-3833.25,0.38,3,1,1,0,0.0245,0,2,Low
TXN102044,CUST045,30,6888.16,Bill Payment,6,Pune,Pune,Android,0,1286,2388.84,5873.96,1014.19,1.17,3,0,0,0,0.028,0,3,Low
TXN102045,CUST045,31,13226.25,Purchase,15,Pune,Pune,Android,0,1286,6888.16,6151.67,7074.58,2.15,2,0,0,0,0.0222,0,2,Low
TXN102046,CUST045,32,8462.83,ATM Withdrawal,21,Pune,Pune,Android,0,1286,13226.25,6727.51,1735.32,1.26,2,1,0,0,0.0177,0,2,Low
TXN102047,CUST046,1,7045.26,Online Payment,22,Pune,Pune,iPhone,0,989,0.0,4950.28,2094.98,1.42,3,0,1,0,0.0124,0,1,Low
TXN102048,CUST046,2,5570.52,Transfer,19,Pune,Pune,iPhone,0,989,7045.26,7045.26,-1474.73,0.79,0,0,0,0,0.0055,0,1,Low
TXN102049,CUST046,3,2532.88,Purchase,21,Pune,Pune,iPhone,0,989,5570.52,6307.89,-3775.01,0.4,5,0,0,0,0.0184,0,2,Low
TXN102050,CUST046,4,7839.65,Bill Payment,13,Pune,Pune,iPhone,0,989,2532.88,5049.55,2790.1,1.55,2,0,0,0,0.0234,0,2,Low
TXN102051,CUST046,5,5063.5,Bill Payment,7,Pune,Pune,iPhone,0,989,7839.65,5747.08,-683.58,0.88,0,0,1,0,0.0131,0,1,Low
TXN102052,CUST046,6,2015.71,Transfer,8,Pune,Pune,iPhone,0,989,5063.5,5610.36,-3594.66,0.36,4,2,0,0,0.0218,0,2,Low
TXN102053,CUST046,7,4221.86,ATM Withdrawal,13,Pune,Pune,Windows,1,989,2015.71,5011.25,-789.39,0.84,2,1,0,0,0.0058,0,1,Low
TXN102054,CUST046,8,2275.11,Online Payment,14,Pune,Pune,iPhone,0,989,4221.86,4898.48,-2623.38,0.46,6,0,0,0,0.0062,0,1,Low
TXN102055,CUST046,9,13006.72,Purchase,14,Pune,Pune,iPhone,0,989,2275.11,4570.56,8436.16,2.85,3,0,0,0,0.02,0,2,Low
TXN102056,CUST046,10,12200.65,Purchase,15,Pune,Pune,iPhone,0,989,13006.72,5507.91,6692.74,2.22,4,0,0,0,0.0302,0,3,Low
TXN102057,CUST046,11,6724.82,Transfer,7,Pune,Pune,iPhone,0,989,12200.65,6177.19,547.63,1.09,1,0,0,0,0.0282,0,3,Low
TXN102058,CUST046,12,5409.93,ATM Withdrawal,16,Pune,Pune,iPhone,0,989,6724.82,6145.14,-735.21,0.88,2,0,0,0,0.008,0,1,Low
TXN102059,CUST046,13,2896.46,ATM Withdrawal,11,Pune,Pune,Android,1,989,5409.93,6129.08,-3232.62,0.47,0,0,0,0,0.0413,0,4,Low
TXN102060,CUST046,14,11968.11,Online Payment,9,Pune,Pune,iPhone,0,989,2896.46,6165.44,5802.67,1.94,2,0,0,0,0.0065,0,1,Low
TXN102061,CUST046,15,6461.49,Online Payment,15,Pune,Pune,Windows,1,989,11968.11,6578.29,-116.8,0.98,3,1,0,0,0.0179,0,2,Low
TXN102062,CUST046,16,5112.89,Transfer,11,Pune,Pune,iPhone,0,989,6461.49,6718.09,-1605.2,0.76,1,0,0,0,0.0023,0,0,Low
TXN102063,CUST046,17,8008.05,ATM Withdrawal,10,Delhi,Pune,iPhone,0,989,5112.89,7027.8,980.24,1.14,2,0,0,1,0.0301,0,3,Low
TXN102064,CUST046,18,2156.46,Transfer,22,Pune,Pune,iPhone,0,989,8008.05,7406.42,-5249.96,0.29,1,0,0,0,0.0088,0,1,Low
TXN102065,CUST046,19,886.99,Purchase,7,Pune,Pune,iPhone,0,989,2156.46,7394.56,-6507.56,0.12,0,0,0,0,0.0144,0,1,Low
TXN102066,CUST046,20,9017.19,Purchase,12,Pune,Pune,iPhone,0,989,886.99,6182.58,2834.61,1.46,2,1,0,0,0.0031,0,0,Low
TXN102067,CUST046,21,2800.67,Transfer,6,Pune,Pune,iPhone,0,989,9017.19,5864.24,-3063.57,0.48,2,0,1,0,0.0149,0,1,Low
TXN102068,CUST046,22,5920.38,Transfer,21,Pune,Pune,iPhone,0,989,2800.67,5471.82,448.56,1.08,2,0,0,0,0.0522,0,5,Low
TXN102069,CUST046,23,3353.1,Transfer,20,Pune,Pune,iPhone,0,989,5920.38,5522.87,-2169.77,0.61,1,0,0,0,0.0051,0,1,Low
TXN102070,CUST046,24,6484.78,Online Payment,16,Pune,Pune,iPhone,0,989,3353.1,5568.53,916.25,1.16,1,0,0,0,0.0244,0,2,Low
TXN102071,CUST046,25,13344.91,ATM Withdrawal,20,Pune,Pune,iPhone,0,989,6484.78,5020.2,8324.71,2.66,2,0,0,0,0.0244,0,2,Low
TXN102072,CUST046,26,11331.33,Purchase,9,Bangalore,Pune,iPhone,0,989,13344.91,5708.54,5622.79,1.98,1,0,0,1,0.0216,0,2,Low
TXN102073,CUST046,27,95086.05,Bill Payment,11,Pune,Pune,iPhone,0,989,11331.33,6330.39,88755.67,15.02,4,0,0,0,0.55,1,55,Medium
TXN102074,CUST046,28,4926.58,Purchase,15,Pune,Pune,iPhone,0,989,95086.05,15038.19,-10111.61,0.33,1,0,0,0,0.0221,0,2,Low
TXN102075,CUST046,29,4020.02,Purchase,22,Pune,Pune,iPhone,0,989,4926.58,15315.2,-11295.18,0.26,4,0,0,0,0.0033,0,0,Low
TXN102076,CUST046,30,15529.89,Transfer,21,Pune,Pune,Windows,1,989,4020.02,15628.5,-98.61,0.99,5,0,0,0,0.0566,0,6,Low
TXN102077,CUST046,31,10737.62,ATM Withdrawal,17,Pune,Pune,iPhone,0,989,15529.89,16279.77,-5542.15,0.66,1,0,0,0,0.0065,0,1,Low
TXN102078,CUST046,32,5651.41,Purchase,13,Delhi,Pune,iPhone,0,989,10737.62,17073.47,-11422.05,0.33,2,1,0,1,0.0139,0,1,Low
TXN102079,CUST046,33,7546.25,Purchase,16,Pune,Pune,iPhone,0,989,5651.41,17046.57,-9500.32,0.44,4,0,0,0,0.0046,0,0,Low
TXN102080,CUST046,34,3176.65,ATM Withdrawal,13,Pune,Pune,Android,1,989,7546.25,17465.88,-14289.24,0.18,1,0,0,0,0.0576,0,6,Low
TXN102081,CUST046,35,3883.86,Purchase,6,Pune,Pune,iPhone,0,989,3176.65,17135.07,-13251.21,0.23,2,0,0,0,0.0056,0,1,Low
TXN102082,CUST046,36,1479.71,ATM Withdrawal,14,Delhi,Pune,iPhone,0,989,3883.86,16188.97,-14709.25,0.09,1,0,0,1,0.0229,0,2,Low
TXN102083,CUST046,37,2699.36,Bill Payment,8,Pune,Pune,iPhone,0,989,1479.71,15203.8,-12504.44,0.18,1,3,0,0,0.0199,0,2,Low
TXN102084,CUST046,38,17064.21,Online Payment,14,Pune,Pune,iPhone,0,989,2699.36,5965.13,11099.07,2.86,2,0,0,0,0.0303,0,3,Low
TXN102085,CUST046,39,12052.92,Bill Payment,20,Mysore,Pune,iPhone,0,989,17064.21,7178.9,4874.02,1.68,1,0,0,1,0.0153,0,2,Low
TXN102086,CUST046,40,6775.67,Purchase,13,Pune,Pune,iPhone,0,989,12052.92,7982.19,-1206.52,0.85,1,0,0,0,0.0159,0,2,Low
TXN102087,CUST046,41,4166.33,Transfer,12,Pune,Pune,iPhone,0,989,6775.67,7106.77,-2940.44,0.59,0,0,0,0,0.0112,0,1,Low
TXN102088,CUST046,42,9923.28,Transfer,18,Pune,Pune,iPhone,0,989,4166.33,6449.64,3473.64,1.54,1,0,0,0,0.0148,0,1,Low
TXN102089,CUST046,43,6801.77,Purchase,7,Pune,Pune,Windows,1,989,9923.28,6876.82,-75.05,0.99,0,0,0,0,0.0115,0,1,Low
TXN102090,CUST046,44,2466.97,Transfer,18,Pune,Pune,Android,1,989,6801.77,6802.38,-4335.41,0.36,4,0,0,0,0.0205,0,2,Low
TXN102091,CUST046,45,7514.88,Transfer,16,Pune,Pune,Mac,1,989,2466.97,6731.41,783.47,1.12,1,0,0,0,0.0513,0,5,Low
TXN102092,CUST046,46,11468.8,Purchase,12,Pune,Pune,iPhone,0,989,7514.88,7094.51,4374.29,1.62,3,0,0,0,0.0042,0,0,Low
TXN102093,CUST046,47,5051.93,Transfer,14,Pune,Pune,iPhone,0,989,11468.8,8093.42,-3041.49,0.62,4,0,0,0,0.0039,0,0,Low
TXN102094,CUST046,48,11557.64,Online Payment,10,Pune,Pune,Mac,1,989,5051.93,8328.67,3228.96,1.39,8,0,0,0,0.1325,0,13,Low
TXN102095,CUST046,49,16437.47,Transfer,19,Hyderabad,Pune,iPhone,0,989,11557.64,7778.02,8659.45,2.11,4,0,0,1,0.0212,0,2,Low
TXN102096,CUST046,50,3348.35,Bill Payment,12,Pune,Pune,iPhone,0,989,16437.47,8216.47,-4868.12,0.41,1,0,0,0,0.0264,0,3,Low
TXN102097,CUST046,51,4879.37,Transfer,16,Pune,Pune,iPhone,0,989,3348.35,7873.74,-2994.37,0.62,4,0,0,0,0.0101,0,1,Low
TXN102098,CUST046,52,1144.49,Purchase,9,Pune,Pune,iPhone,0,989,4879.37,7945.05,-6800.56,0.14,3,1,0,0,0.0123,0,1,Low
TXN102099,CUST046,53,3613.76,Bill Payment,6,Pune,Pune,iPhone,0,989,1144.49,7067.17,-3453.41,0.51,3,0,0,0,0.0113,0,1,Low
TXN102100,CUST046,54,1737.91,ATM Withdrawal,18,Pune,Pune,iPhone,0,989,3613.76,6748.36,-5010.46,0.26,2,0,0,0,0.0057,0,1,Low
TXN102101,CUST046,55,10426.82,Transfer,18,Chennai,Pune,iPhone,0,989,1737.91,6675.46,3751.36,1.56,1,0,0,1,0.0374,0,4,Low
TXN102102,CUST046,56,6413.27,Purchase,8,Pune,Pune,iPhone,0,989,10426.82,6966.65,-553.38,0.92,8,0,0,0,0.0376,0,4,Low
TXN102103,CUST046,57,1153.59,Bill Payment,12,Pune,Pune,iPhone,0,989,6413.27,6461.1,-5307.51,0.18,3,1,0,0,0.0032,0,0,Low
TXN102104,CUST046,58,3476.64,Bill Payment,18,Pune,Pune,iPhone,0,989,1153.59,6071.27,-2594.62,0.57,1,0,0,0,0.0114,0,1,Low
TXN102105,CUST046,59,5209.88,Bill Payment,11,Pune,Pune,iPhone,0,989,3476.64,5263.17,-53.29,0.99,3,0,0,0,0.0083,0,1,Low
TXN102106,CUST046,60,1570.12,Bill Payment,12,Pune,Pune,iPhone,0,989,5209.88,4140.41,-2570.29,0.38,4,0,0,0,0.0038,0,0,Low
TXN102107,CUST047,1,9295.46,ATM Withdrawal,10,Delhi,Delhi,iPhone,0,2605,0.0,11680.29,-2384.83,0.8,0,2,0,0,0.0499,0,5,Low
TXN102108,CUST047,2,6882.93,Purchase,8,Delhi,Delhi,iPhone,0,2605,9295.46,9295.46,-2412.54,0.74,5,0,1,0,0.043,0,4,Low
TXN102109,CUST047,3,10200.74,Online Payment,15,Delhi,Delhi,iPhone,0,2605,6882.93,8089.19,2111.54,1.26,3,0,0,0,0.0271,0,3,Low
TXN102110,CUST047,4,12045.5,Online Payment,19,Delhi,Delhi,iPhone,0,2605,10200.74,8793.04,3252.46,1.37,0,0,0,0,0.0051,0,1,Low
TXN102111,CUST047,5,8709.19,Purchase,11,Delhi,Delhi,iPhone,0,2605,12045.5,9606.16,-896.97,0.91,1,0,0,0,0.0176,0,2,Low
TXN102112,CUST047,6,32428.18,Bill Payment,12,Mumbai,Delhi,iPhone,0,2605,8709.19,9426.76,23001.42,3.44,1,0,0,1,0.0527,0,5,Low
TXN102113,CUST047,7,7704.94,Purchase,9,Pune,Delhi,iPhone,0,2605,32428.18,13260.33,-5555.39,0.58,5,0,0,1,0.0941,0,9,Low
TXN102114,CUST047,8,23239.47,Transfer,18,Delhi,Delhi,iPhone,0,2605,7704.94,12466.7,10772.76,1.86,3,1,0,0,0.0117,0,1,Low
TXN102115,CUST047,9,5501.24,ATM Withdrawal,13,Delhi,Delhi,iPhone,0,2605,23239.47,13813.3,-8312.06,0.4,1,0,0,0,0.0119,0,1,Low
TXN102116,CUST047,10,5225.61,Bill Payment,15,Delhi,Delhi,iPhone,0,2605,5501.24,12889.74,-7664.12,0.41,1,0,0,0,0.0251,0,3,Low
TXN102117,CUST047,11,14331.13,Transfer,18,Delhi,Delhi,iPhone,0,2605,5225.61,12123.32,2207.81,1.18,3,0,0,0,0.0073,0,1,Low
TXN102118,CUST047,12,26490.96,Purchase,22,Delhi,Delhi,iPhone,0,2605,14331.13,12626.89,13864.07,2.1,0,0,0,0,0.0184,0,2,Low
TXN102119,CUST047,13,4803.04,Online Payment,22,Delhi,Delhi,iPhone,0,2605,26490.96,14587.7,-9784.66,0.33,2,0,0,0,0.0186,0,2,Low
TXN102120,CUST047,14,14485.27,Purchase,6,Mumbai,Delhi,Mac,1,2605,4803.04,14047.93,437.35,1.03,1,0,0,1,0.1134,0,11,Low
TXN102121,CUST047,15,2946.47,Purchase,10,Delhi,Delhi,iPhone,0,2605,14485.27,14291.9,-11345.43,0.21,5,0,0,0,0.0163,0,2,Low
TXN102122,CUST047,16,23066.88,Bill Payment,17,Delhi,Delhi,iPhone,0,2605,2946.47,13715.63,9351.25,1.68,1,0,0,0,0.006,0,1,Low
TXN102123,CUST047,17,13186.89,Purchase,19,Delhi,Delhi,iPhone,0,2605,23066.88,12779.5,407.39,1.03,3,0,0,0,0.0243,0,2,Low
TXN102124,CUST047,18,8346.7,Purchase,21,Delhi,Delhi,iPhone,0,2605,13186.89,13327.7,-4981.0,0.63,1,0,0,0,0.0106,0,1,Low
TXN102125,CUST047,19,66380.44,Bill Payment,12,Delhi,Delhi,iPhone,0,2605,8346.7,11838.42,54542.03,5.61,1,0,0,0,0.0355,0,4,Low
TXN102126,CUST047,20,4069.96,Purchase,19,Delhi,Delhi,iPhone,0,2605,66380.44,17926.34,-13856.38,0.23,1,0,0,0,0.0059,0,1,Low
TXN102127,CUST047,21,17817.69,Purchase,6,Delhi,Delhi,iPhone,0,2605,4069.96,17810.77,6.92,1.0,2,0,0,0,0.0089,0,1,Low
TXN102128,CUST047,22,6419.76,Purchase,20,Delhi,Delhi,iPhone,0,2605,17817.69,18159.43,-11739.67,0.35,2,0,0,0,0.0153,0,2,Low
TXN102129,CUST047,23,11915.24,ATM Withdrawal,19,Mumbai,Delhi,iPhone,0,2605,6419.76,16152.31,-4237.07,0.74,1,0,0,1,0.0278,0,3,Low
TXN102130,CUST047,24,9004.65,Purchase,20,Delhi,Delhi,iPhone,0,2605,11915.24,16863.53,-7858.88,0.53,3,0,0,0,0.0066,0,1,Low
TXN102131,CUST047,25,4215.5,Online Payment,13,Delhi,Delhi,iPhone,0,2605,9004.65,16315.47,-12099.97,0.26,1,0,0,0,0.0054,0,1,Low
TXN102132,CUST047,26,16745.98,Transfer,20,Delhi,Delhi,iPhone,0,2605,4215.5,16442.37,303.6,1.02,4,0,0,0,0.01,0,1,Low
TXN102133,CUST047,27,10605.86,Transfer,18,Delhi,Delhi,iPhone,0,2605,16745.98,15810.28,-5204.42,0.67,1,0,0,0,0.0081,0,1,Low
TXN102134,CUST047,28,11956.9,Purchase,13,Delhi,Delhi,iPhone,0,2605,10605.86,15552.18,-3595.28,0.77,4,0,0,0,0.0091,0,1,Low
TXN102135,CUST047,29,8842.22,Bill Payment,6,Delhi,Delhi,iPhone,0,2605,11956.9,15913.2,-7070.98,0.56,0,1,0,0,0.0218,0,2,Low
TXN102136,CUST047,30,17061.6,Purchase,21,Delhi,Delhi,Windows,1,2605,8842.22,10159.38,6902.23,1.68,4,1,0,0,0.0454,0,5,Low
TXN102137,CUST047,31,28200.09,Bill Payment,6,Mangalore,Delhi,iPhone,0,2605,17061.6,11458.54,16741.56,2.46,1,0,0,1,0.09,0,9,Low
TXN102138,CUST047,32,14822.74,Purchase,18,Delhi,Delhi,iPhone,0,2605,28200.09,12496.78,2325.96,1.19,4,0,0,0,0.0093,0,1,Low
TXN102139,CUST047,33,34104.52,Bill Payment,6,Delhi,Delhi,iPhone,0,2605,14822.74,13337.08,20767.44,2.56,4,0,0,0,0.0133,0,1,Low
TXN102140,CUST047,34,13176.27,Bill Payment,9,Delhi,Delhi,iPhone,0,2605,34104.52,15556.01,-2379.74,0.85,3,1,0,0,0.0264,0,3,Low
TXN102141,CUST047,35,10655.81,Transfer,6,Delhi,Delhi,iPhone,0,2605,13176.27,15973.17,-5317.35,0.67,1,0,0,0,0.007,0,1,Low
TXN102142,CUST047,36,15524.45,Purchase,13,Delhi,Delhi,iPhone,0,2605,10655.81,16617.2,-1092.75,0.93,2,1,0,0,0.0154,0,2,Low
TXN102143,CUST047,37,3186.5,Purchase,10,Delhi,Delhi,iPhone,0,2605,15524.45,16495.05,-13308.54,0.19,3,0,0,0,0.0165,0,2,Low
TXN102144,CUST047,38,15808.53,ATM Withdrawal,21,Delhi,Delhi,iPhone,0,2605,3186.5,15753.11,55.42,1.0,6,0,0,0,0.0203,0,2,Low
TXN102145,CUST047,39,4825.93,Purchase,14,Chennai,Delhi,iPhone,0,2605,15808.53,16138.27,-11312.35,0.3,1,0,0,1,0.01,0,1,Low
TXN102146,CUST047,40,19462.55,Transfer,13,Delhi,Delhi,iPhone,0,2605,4825.93,15736.65,3725.91,1.24,4,0,0,0,0.0032,0,0,Low
TXN102147,CUST047,41,11565.08,Bill Payment,6,Delhi,Delhi,iPhone,0,2605,19462.55,15976.74,-4411.66,0.72,3,0,0,0,0.0067,0,1,Low
TXN102148,CUST047,42,28434.68,Online Payment,22,Delhi,Delhi,iPhone,0,2605,11565.08,14313.24,14121.44,1.99,4,0,0,0,0.0054,0,1,Low
TXN102149,CUST047,43,20762.28,ATM Withdrawal,17,Pune,Delhi,iPhone,0,2605,28434.68,15674.43,5087.84,1.32,3,1,0,1,0.008,0,1,Low
TXN102150,CUST048,1,1360.61,Purchase,8,Hassan,Hassan,iPhone,0,1740,0.0,2560.37,-1199.76,0.53,1,1,0,0,0.004,0,0,Low
TXN102151,CUST048,2,2527.71,Purchase,11,Hassan,Hassan,iPhone,0,1740,1360.61,1360.61,1167.1,1.86,4,0,0,0,0.0088,0,1,Low
TXN102152,CUST048,3,4843.35,Purchase,18,Hassan,Hassan,iPhone,0,1740,2527.71,1944.16,2899.18,2.49,2,0,0,0,0.0134,0,1,Low
TXN102153,CUST048,4,1872.94,Purchase,7,Hassan,Hassan,iPhone,0,1740,4843.35,2910.56,-1037.62,0.64,4,2,0,0,0.0083,0,1,Low
TXN102154,CUST048,5,764.25,Online Payment,14,Hassan,Hassan,iPhone,0,1740,1872.94,2651.15,-1886.9,0.29,2,0,0,0,0.0139,0,1,Low
TXN102155,CUST048,6,2480.32,Online Payment,10,Hassan,Hassan,iPhone,0,1740,764.25,2273.77,206.54,1.09,2,1,0,0,0.0088,0,1,Low
TXN102156,CUST048,7,2635.29,Transfer,6,Hassan,Hassan,iPhone,0,1740,2480.32,2308.2,327.09,1.14,3,1,0,0,0.0057,0,1,Low
TXN102157,CUST048,8,5548.18,ATM Withdrawal,13,Hassan,Hassan,iPhone,0,1740,2635.29,2354.92,3193.26,2.36,2,0,0,0,0.0088,0,1,Low
TXN102158,CUST048,9,1671.89,Online Payment,19,Hassan,Hassan,iPhone,0,1740,5548.18,2754.08,-1082.2,0.61,1,0,0,0,0.0095,0,1,Low
TXN102159,CUST048,10,845.99,Purchase,13,Hassan,Hassan,iPhone,0,1740,1671.89,2633.84,-1787.85,0.32,3,0,0,0,0.0037,0,0,Low
TXN102160,CUST048,11,1986.35,Purchase,7,Hassan,Hassan,iPhone,0,1740,845.99,2455.05,-468.7,0.81,3,0,0,0,0.0069,0,1,Low
TXN102161,CUST048,12,4181.6,Transfer,11,Hassan,Hassan,iPhone,0,1740,1986.35,2517.63,1663.98,1.66,2,0,0,0,0.0041,0,0,Low
TXN102162,CUST048,13,4764.58,Bill Payment,19,Hassan,Hassan,Mac,1,1740,4181.6,2683.02,2081.57,1.78,4,0,0,0,0.1461,0,15,Low
TXN102163,CUST048,14,4677.65,Purchase,9,Hassan,Hassan,Android,1,1740,4764.58,2675.14,2002.51,1.75,1,0,0,0,0.0568,0,6,Low
TXN102164,CUST048,15,4077.99,Purchase,9,Hassan,Hassan,iPhone,0,1740,4677.65,2955.61,1122.38,1.38,1,0,0,0,0.0084,0,1,Low
TXN102165,CUST048,16,2533.5,Transfer,19,Hassan,Hassan,iPhone,0,1740,4077.99,3286.98,-753.48,0.77,3,0,0,0,0.0085,0,1,Low
TXN102166,CUST048,17,2460.77,Purchase,17,Hassan,Hassan,iPhone,0,1740,2533.5,3292.3,-831.54,0.75,1,0,0,0,0.0128,0,1,Low
TXN102167,CUST048,18,2844.74,Transfer,20,Mumbai,Hassan,iPhone,0,1740,2460.77,3274.85,-430.11,0.87,3,0,0,1,0.0724,0,7,Low
TXN102168,CUST048,19,1629.88,Transfer,8,Hassan,Hassan,iPhone,0,1740,2844.74,3004.51,-1374.63,0.54,4,0,0,0,0.0074,0,1,Low
TXN102169,CUST048,20,5880.3,Online Payment,18,Hassan,Hassan,iPhone,0,1740,1629.88,3000.31,2879.99,1.96,6,0,0,0,0.0078,0,1,Low
TXN102170,CUST048,21,7008.87,Purchase,19,Hassan,Hassan,iPhone,0,1740,5880.3,3503.74,3505.14,2.0,4,1,0,0,0.0144,0,1,Low
TXN102171,CUST048,22,609.2,Bill Payment,14,Hassan,Hassan,iPhone,0,1740,7008.87,4005.99,-3396.79,0.15,0,0,0,0,0.0079,0,1,Low
TXN102172,CUST048,23,4904.26,Online Payment,9,Hassan,Hassan,iPhone,0,1740,609.2,3648.75,1255.51,1.34,2,2,0,0,0.0202,0,2,Low
TXN102173,CUST048,24,1613.21,Purchase,6,Delhi,Hassan,iPhone,0,1740,4904.26,3662.72,-2049.51,0.44,4,0,0,1,0.0091,0,1,Low
TXN102174,CUST048,25,4182.44,Online Payment,12,Hassan,Hassan,iPhone,0,1740,1613.21,3356.27,826.16,1.25,2,2,0,0,0.0118,0,1,Low
TXN102175,CUST048,26,330.41,Transfer,8,Hassan,Hassan,iPhone,0,1740,4182.44,3366.72,-3036.31,0.1,2,0,0,0,0.0038,0,0,Low
TXN102176,CUST048,27,4930.93,Bill Payment,15,Hassan,Hassan,iPhone,0,1740,330.41,3146.41,1784.52,1.57,2,0,0,0,0.0063,0,1,Low
TXN102177,CUST048,28,4296.74,Purchase,7,Mangalore,Hassan,iPhone,0,1740,4930.93,3393.42,903.32,1.27,4,0,0,1,0.0172,0,2,Low
TXN102178,CUST048,29,2550.45,Purchase,16,Hassan,Hassan,iPhone,0,1740,4296.74,3538.62,-988.17,0.72,3,0,0,0,0.0051,0,1,Low
TXN102179,CUST048,30,15280.9,Transfer,6,Hassan,Hassan,iPhone,0,1740,2550.45,3630.68,11650.22,4.21,1,0,0,0,0.0114,0,1,Low
TXN102180,CUST048,31,8023.92,Online Payment,6,Hassan,Hassan,iPhone,0,1740,15280.9,4570.74,3453.18,1.76,1,1,0,0,0.045,0,5,Low
TXN102181,CUST048,32,2179.61,Purchase,13,Hassan,Hassan,iPhone,0,1740,8023.92,4672.25,-2492.64,0.47,3,0,0,0,0.0223,0,2,Low
TXN102182,CUST048,33,1983.36,Purchase,18,Hassan,Hassan,iPhone,0,1740,2179.61,4829.29,-2845.93,0.41,4,0,0,0,0.0068,0,1,Low
TXN102183,CUST048,34,675.17,Transfer,14,Hassan,Hassan,iPhone,0,1740,1983.36,4537.2,-3862.02,0.15,3,2,0,0,0.027,0,3,Low
TXN102184,CUST048,35,2518.26,Purchase,7,Hassan,Hassan,iPhone,0,1740,675.17,4443.39,-1925.14,0.57,1,1,0,0,0.0114,0,1,Low
TXN102185,CUST048,36,1476.48,Transfer,6,Mangalore,Hassan,iPhone,0,1740,2518.26,4276.98,-2800.49,0.35,0,0,0,1,0.0137,0,1,Low
TXN102186,CUST048,37,5981.78,ATM Withdrawal,12,Hassan,Hassan,iPhone,0,1740,1476.48,4391.58,1590.2,1.36,1,0,0,0,0.013,0,1,Low
TXN102187,CUST048,38,1630.97,Purchase,16,Hassan,Hassan,iPhone,0,1740,5981.78,4496.67,-2865.69,0.36,1,0,0,0,0.0053,0,1,Low
TXN102188,CUST048,39,8562.45,Online Payment,10,Hassan,Hassan,iPhone,0,1740,1630.97,4230.09,4332.36,2.02,1,2,0,0,0.0355,0,4,Low
TXN102189,CUST048,40,15856.89,ATM Withdrawal,15,Hassan,Hassan,iPhone,0,1740,8562.45,4831.29,11025.6,3.28,3,1,0,0,0.0712,0,7,Low
TXN102190,CUST048,41,2908.01,Bill Payment,18,Hassan,Hassan,iPhone,0,1740,15856.89,4888.89,-1980.88,0.59,1,0,1,0,0.0272,0,3,Low
TXN102191,CUST048,42,3969.45,Purchase,8,Hassan,Hassan,iPhone,0,1740,2908.01,4377.3,-407.85,0.91,0,0,0,0,0.0086,0,1,Low
TXN102192,CUST048,43,3593.79,Bill Payment,17,Hassan,Hassan,iPhone,0,1740,3969.45,4556.28,-962.5,0.79,3,0,0,0,0.0022,0,0,Low
TXN102193,CUST048,44,4253.89,Transfer,22,Hassan,Hassan,iPhone,0,1740,3593.79,4717.33,-463.44,0.9,5,0,0,0,0.0188,0,2,Low
TXN102194,CUST048,45,4150.09,Transfer,11,Chennai,Hassan,iPhone,0,1740,4253.89,5075.2,-925.11,0.82,2,1,0,1,0.0624,0,6,Low
TXN102195,CUST048,46,2144.78,Online Payment,22,Hassan,Hassan,iPhone,0,1740,4150.09,5238.38,-3093.6,0.41,3,1,0,0,0.0111,0,1,Low
TXN102196,CUST048,47,3392.58,Purchase,12,Hassan,Hassan,Android,1,1740,2144.78,5305.21,-1912.63,0.64,1,0,0,0,0.0328,0,3,Low
TXN102197,CUST048,48,3164.5,Purchase,12,Mysore,Hassan,iPhone,0,1740,3392.58,5046.29,-1881.79,0.63,2,1,0,1,0.0259,0,3,Low
TXN102198,CUST048,49,3194.32,Transfer,20,Delhi,Hassan,iPhone,0,1740,3164.5,5199.64,-2005.32,0.61,3,0,0,1,0.0391,0,4,Low
TXN102199,CUST048,50,523.97,Online Payment,20,Hassan,Hassan,iPhone,0,1740,3194.32,4662.83,-4138.86,0.11,0,0,0,0,0.0158,0,2,Low
TXN102200,CUST048,51,4095.71,Online Payment,8,Hassan,Hassan,iPhone,0,1740,523.97,3129.54,966.17,1.31,1,1,0,0,0.0032,0,0,Low
TXN102201,CUST048,52,2113.27,Transfer,21,Hassan,Hassan,iPhone,0,1740,4095.71,3248.31,-1135.04,0.65,3,0,0,0,0.0027,0,0,Low
TXN102202,CUST048,53,3446.67,Bill Payment,10,Hassan,Hassan,iPhone,0,1740,2113.27,3062.69,383.98,1.13,0,0,0,0,0.0105,0,1,Low
TXN102203,CUST048,54,4421.78,Purchase,22,Hassan,Hassan,iPhone,0,1740,3446.67,3047.98,1373.8,1.45,4,0,1,0,0.009,0,1,Low
TXN102204,CUST048,55,6655.34,Transfer,6,Hassan,Hassan,iPhone,0,1740,4421.78,3064.77,3590.58,2.17,2,1,0,0,0.0033,0,0,Low
TXN102205,CUST048,56,3742.24,Transfer,17,Hassan,Hassan,iPhone,0,1740,6655.34,3315.29,426.95,1.13,3,0,0,0,0.0021,0,0,Low
TXN102206,CUST048,57,2590.71,ATM Withdrawal,20,Hassan,Hassan,iPhone,0,1740,3742.24,3475.04,-884.33,0.75,3,0,0,0,0.0139,0,1,Low
TXN102207,CUST049,1,3542.48,Purchase,15,Mysore,Mysore,Windows,0,1550,0.0,3746.83,-204.36,0.95,0,0,0,0,0.009,0,1,Low
TXN102208,CUST049,2,2404.91,Purchase,20,Hyderabad,Mysore,Android,1,1550,3542.48,3542.48,-1137.56,0.68,0,1,0,1,0.0308,0,3,Low
TXN102209,CUST049,3,7611.08,Online Payment,18,Mysore,Mysore,Windows,0,1550,2404.91,2973.69,4637.38,2.56,1,0,0,0,0.0271,0,3,Low
TXN102210,CUST049,4,2831.61,Bill Payment,12,Hassan,Mysore,Windows,0,1550,7611.08,4519.49,-1687.88,0.63,4,0,0,1,0.0376,0,4,Low
TXN102211,CUST049,5,3723.66,Purchase,7,Mysore,Mysore,Windows,0,1550,2831.61,4097.52,-373.86,0.91,2,0,0,0,0.0157,0,2,Low
TXN102212,CUST049,6,9040.7,Transfer,6,Mysore,Mysore,Windows,0,1550,3723.66,4022.75,5017.95,2.25,3,0,0,0,0.0093,0,1,Low
TXN102213,CUST049,7,8715.98,Transfer,8,Mysore,Mysore,Windows,0,1550,9040.7,4859.07,3856.91,1.79,1,0,0,0,0.0084,0,1,Low
TXN102214,CUST049,8,1867.22,Purchase,16,Mysore,Mysore,Windows,0,1550,8715.98,5410.06,-3542.84,0.35,2,0,0,0,0.0047,0,0,Low
TXN102215,CUST049,9,2419.49,Purchase,21,Mysore,Mysore,Windows,0,1550,1867.22,4967.21,-2547.71,0.49,5,0,0,0,0.0191,0,2,Low
TXN102216,CUST049,10,3675.73,Purchase,18,Mysore,Mysore,Mac,1,1550,2419.49,4684.13,-1008.39,0.78,1,0,0,0,0.0411,0,4,Low
TXN102217,CUST049,11,2245.44,Purchase,8,Mysore,Mysore,Windows,0,1550,3675.73,4583.29,-2337.84,0.49,1,1,0,0,0.0102,0,1,Low
TXN102218,CUST049,12,1985.01,Transfer,6,Chennai,Mysore,Windows,0,1550,2245.44,4453.58,-2468.57,0.45,1,0,0,1,0.0788,0,8,Low
TXN102219,CUST049,13,2105.47,Purchase,18,Mysore,Mysore,Windows,0,1550,1985.01,4411.59,-2306.12,0.48,2,0,0,0,0.0037,0,0,Low
TXN102220,CUST049,14,4342.78,Purchase,8,Mysore,Mysore,Windows,0,1550,2105.47,3861.03,481.75,1.12,1,0,0,0,0.004,0,0,Low
TXN102221,CUST049,15,2983.34,ATM Withdrawal,14,Delhi,Mysore,Windows,0,1550,4342.78,4012.15,-1028.81,0.74,6,0,1,1,0.1595,0,16,Low
TXN102222,CUST049,16,3480.76,Purchase,16,Mysore,Mysore,Windows,0,1550,2983.34,3938.12,-457.36,0.88,6,0,0,0,0.0133,0,1,Low
TXN102223,CUST049,17,8938.8,Online Payment,16,Mysore,Mysore,Windows,0,1550,3480.76,3382.12,5556.68,2.64,1,0,0,0,0.0113,0,1,Low
TXN102224,CUST049,18,8513.34,ATM Withdrawal,6,Mysore,Mysore,Windows,0,1550,8938.8,3404.4,5108.94,2.5,0,0,0,0,0.0124,0,1,Low
TXN102225,CUST049,19,1387.94,Purchase,15,Bangalore,Mysore,Windows,0,1550,8513.34,4069.02,-2681.08,0.34,3,1,0,1,0.0311,0,3,Low
TXN102226,CUST049,20,4103.65,Online Payment,17,Mumbai,Mysore,Windows,0,1550,1387.94,3965.86,137.79,1.03,0,0,0,1,0.0301,0,3,Low
TXN102227,CUST049,21,6836.81,Purchase,9,Mysore,Mysore,Windows,0,1550,4103.65,4008.65,2828.16,1.71,1,0,0,0,0.008,0,1,Low
TXN102228,CUST049,22,1547.15,Online Payment,20,Mysore,Mysore,Android,1,1550,6836.81,4467.79,-2920.64,0.35,1,0,0,0,0.022,0,2,Low
TXN102229,CUST049,23,5601.26,Bill Payment,20,Bangalore,Mysore,Windows,0,1550,1547.15,4424.01,1177.26,1.27,3,0,0,1,0.0287,0,3,Low
TXN102230,CUST049,24,3280.41,Transfer,12,Mysore,Mysore,Windows,0,1550,5601.26,4773.58,-1493.17,0.69,4,1,0,0,0.0072,0,1,Low
TXN102231,CUST049,25,1734.37,Transfer,13,Mysore,Mysore,Windows,0,1550,3280.41,4667.35,-2932.97,0.37,1,0,0,0,0.0204,0,2,Low
TXN102232,CUST049,26,33032.85,Bill Payment,18,Mysore,Mysore,Windows,0,1550,1734.37,4542.45,28490.4,7.27,0,0,0,0,0.0472,0,5,Low
TXN102233,CUST049,27,11716.75,Bill Payment,18,Mysore,Mysore,Windows,0,1550,33032.85,7497.66,4219.08,1.56,3,0,0,0,0.0074,0,1,Low
TXN102234,CUST049,28,5326.5,Bill Payment,17,Mysore,Mysore,Windows,0,1550,11716.75,7775.45,-2448.96,0.69,2,0,0,0,0.0044,0,0,Low
TXN102235,CUST049,29,2672.62,Online Payment,13,Mysore,Mysore,Windows,0,1550,5326.5,7456.77,-4784.15,0.36,1,0,0,0,0.0099,0,1,Low
TXN102236,CUST049,30,4582.85,Purchase,8,Mysore,Mysore,Windows,0,1550,2672.62,7585.24,-3002.39,0.6,2,0,1,0,0.0126,0,1,Low
TXN102237,CUST049,31,4503.93,ATM Withdrawal,17,Mysore,Mysore,Windows,0,1550,4582.85,7633.16,-3129.22,0.59,3,0,0,0,0.0048,0,0,Low
TXN102238,CUST049,32,3654.15,Purchase,19,Mysore,Mysore,Windows,0,1550,4503.93,7399.87,-3745.72,0.49,1,3,0,0,0.0228,0,2,Low
TXN102239,CUST049,33,2815.62,Purchase,7,Mysore,Mysore,Windows,0,1550,3654.15,7610.57,-4794.95,0.37,5,0,0,0,0.0194,0,2,Low
TXN102240,CUST049,34,1785.68,Bill Payment,21,Mysore,Mysore,Windows,0,1550,2815.62,7332.0,-5546.33,0.24,2,0,0,0,0.0059,0,1,Low
TXN102241,CUST049,35,6958.78,Online Payment,13,Mysore,Mysore,Windows,0,1550,1785.68,7182.53,-223.75,0.97,6,0,0,0,0.0145,0,1,Low
TXN102242,CUST049,36,3306.64,Purchase,12,Mysore,Mysore,Windows,0,1550,6958.78,7704.97,-4398.33,0.43,0,0,0,0,0.0059,0,1,Low
TXN102243,CUST049,37,9451.93,Purchase,2,Bangalore,Mysore,Windows,0,1550,3306.64,4732.35,4719.58,2.0,1,2,0,1,0.55,1,55,Medium
TXN102244,CUST049,38,8525.95,Online Payment,13,Mysore,Mysore,Windows,0,1550,9451.93,4505.87,4020.09,1.89,1,0,0,0,0.0125,0,1,Low
TXN102245,CUST049,39,2381.2,Online Payment,17,Mysore,Mysore,Windows,0,1550,8525.95,4825.81,-2444.62,0.49,0,0,0,0,0.0033,0,0,Low
TXN102246,CUST049,40,8069.26,Transfer,8,Mysore,Mysore,Mac,1,1550,2381.2,4796.67,3272.58,1.68,0,0,1,0,0.0297,0,3,Low
TXN102247,CUST049,41,5272.13,Bill Payment,22,Mysore,Mysore,Windows,0,1550,8069.26,5145.31,126.81,1.02,4,0,0,0,0.0055,0,1,Low
TXN102248,CUST049,42,3756.42,Bill Payment,17,Mysore,Mysore,Windows,0,1550,5272.13,5222.13,-1465.71,0.72,4,0,0,0,0.0056,0,1,Low
TXN102249,CUST049,43,4309.34,ATM Withdrawal,18,Mysore,Mysore,Windows,0,1550,3756.42,5232.36,-923.02,0.82,4,0,0,0,0.0068,0,1,Low
TXN102250,CUST049,44,5267.58,Transfer,11,Mysore,Mysore,Windows,0,1550,4309.34,5381.73,-114.15,0.98,1,0,1,0,0.0215,0,2,Low
TXN102251,CUST049,45,4556.48,Purchase,20,Mysore,Mysore,Windows,0,1550,5267.58,5729.92,-1173.45,0.8,5,0,0,0,0.0214,0,2,Low
TXN102252,CUST049,46,933.68,Purchase,14,Mysore,Mysore,Windows,0,1550,4556.48,5489.69,-4556.02,0.17,4,0,0,0,0.0245,0,2,Low
TXN102253,CUST049,47,13311.18,ATM Withdrawal,17,Mysore,Mysore,Windows,0,1550,933.68,5252.4,8058.79,2.53,2,1,0,0,0.0113,0,1,Low
TXN102254,CUST049,48,2983.1,Bill Payment,10,Mysore,Mysore,Windows,0,1550,13311.18,5638.32,-2655.23,0.53,6,0,0,0,0.0218,0,2,Low
TXN102255,CUST049,49,976.63,Online Payment,8,Mysore,Mysore,Windows,0,1550,2983.1,5084.04,-4107.4,0.19,1,0,0,0,0.0446,0,4,Low
TXN102256,CUST049,50,2048.08,Transfer,18,Mysore,Mysore,Windows,0,1550,976.63,4943.58,-2895.5,0.41,1,0,0,0,0.0042,0,0,Low
TXN102257,CUST049,51,5487.22,Bill Payment,13,Mysore,Mysore,Windows,0,1550,2048.08,4341.46,1145.75,1.26,2,0,0,0,0.0036,0,0,Low
TXN102258,CUST050,1,1955.68,Bill Payment,10,Mangalore,Mangalore,iPhone,0,2530,0.0,2722.48,-766.8,0.72,2,0,1,0,0.0181,0,2,Low
TXN102259,CUST050,2,1517.81,Transfer,11,Mangalore,Mangalore,iPhone,0,2530,1955.68,1955.68,-437.87,0.78,3,0,0,0,0.0056,0,1,Low
TXN102260,CUST050,3,4872.21,Bill Payment,19,Mangalore,Mangalore,iPhone,0,2530,1517.81,1736.75,3135.47,2.81,1,0,0,0,0.0395,0,4,Low
TXN102261,CUST050,4,2121.19,Purchase,19,Mangalore,Mangalore,iPhone,0,2530,4872.21,2781.9,-660.71,0.76,0,0,0,0,0.0077,0,1,Low
TXN102262,CUST050,5,489.82,Bill Payment,16,Mangalore,Mangalore,iPhone,0,2530,2121.19,2616.73,-2126.9,0.19,0,0,0,0,0.023,0,2,Low
TXN102263,CUST050,6,3396.41,Transfer,7,Mangalore,Mangalore,iPhone,0,2530,489.82,2191.34,1205.06,1.55,5,3,0,0,0.0604,0,6,Low
TXN102264,CUST050,7,3887.75,Transfer,10,Mangalore,Mangalore,iPhone,0,2530,3396.41,2392.19,1495.57,1.63,2,0,0,0,0.0134,0,1,Low
TXN102265,CUST050,8,5302.36,Purchase,9,Hyderabad,Mangalore,iPhone,0,2530,3887.75,2605.84,2696.52,2.03,6,2,0,1,0.1135,0,11,Low
TXN102266,CUST050,9,8012.77,ATM Withdrawal,17,Mangalore,Mangalore,iPhone,0,2530,5302.36,2942.91,5069.86,2.72,5,0,0,0,0.0273,0,3,Low
TXN102267,CUST050,10,2885.49,Purchase,6,Mangalore,Mangalore,iPhone,0,2530,8012.77,3506.22,-620.73,0.82,4,0,0,0,0.0066,0,1,Low
TXN102268,CUST050,11,4404.36,Transfer,9,Mangalore,Mangalore,iPhone,0,2530,2885.49,3444.15,960.21,1.28,3,0,0,0,0.041,0,4,Low
TXN102269,CUST050,12,2933.51,Transfer,16,Mangalore,Mangalore,iPhone,0,2530,4404.36,3689.02,-755.51,0.8,0,0,0,0,0.0074,0,1,Low
TXN102270,CUST050,13,5179.93,Transfer,16,Mangalore,Mangalore,iPhone,0,2530,2933.51,3830.59,1349.34,1.35,0,0,0,0,0.0051,0,1,Low
TXN102271,CUST050,14,3486.26,Online Payment,20,Mangalore,Mangalore,iPhone,0,2530,5179.93,3861.36,-375.09,0.9,2,0,0,0,0.0035,0,0,Low
TXN102272,CUST050,15,5568.17,Purchase,21,Mangalore,Mangalore,iPhone,0,2530,3486.26,3997.87,1570.31,1.39,5,0,1,0,0.0947,0,9,Low
TXN102273,CUST050,16,2081.56,Purchase,19,Mangalore,Mangalore,iPhone,0,2530,5568.17,4505.7,-2424.15,0.46,2,1,0,0,0.0108,1,1,Low
TXN102274,CUST050,17,3475.14,Bill Payment,6,Hassan,Mangalore,Windows,1,2530,2081.56,4374.22,-899.08,0.79,2,0,0,1,0.0326,0,3,Low
TXN102275,CUST050,18,1319.53,Transfer,9,Mangalore,Mangalore,iPhone,0,2530,3475.14,4332.96,-3013.42,0.3,4,0,0,0,0.0026,0,0,Low
TXN102276,CUST050,19,2760.9,Purchase,7,Mangalore,Mangalore,iPhone,0,2530,1319.53,3934.67,-1173.77,0.7,1,0,0,0,0.0056,0,1,Low
TXN102277,CUST050,20,1197.42,Bill Payment,7,Pune,Mangalore,iPhone,0,2530,2760.9,3409.49,-2212.06,0.35,1,0,0,1,0.0256,0,3,Low
TXN102278,CUST050,21,2634.85,Purchase,19,Mangalore,Mangalore,iPhone,0,2530,1197.42,3240.68,-605.83,0.81,1,0,0,0,0.0074,0,1,Low
TXN102279,CUST050,22,1537.32,Transfer,9,Mangalore,Mangalore,iPhone,0,2530,2634.85,3063.73,-1526.41,0.5,1,2,0,0,0.0136,0,1,Low
TXN102280,CUST050,23,1092.77,Purchase,11,Mangalore,Mangalore,iPhone,0,2530,1537.32,2924.11,-1831.34,0.37,0,0,0,0,0.008,0,1,Low
TXN102281,CUST050,24,2527.71,Transfer,14,Mangalore,Mangalore,iPhone,0,2530,1092.77,2515.39,12.31,1.0,0,0,0,0,0.0071,0,1,Low
TXN102282,CUST050,25,9027.19,Purchase,13,Mangalore,Mangalore,iPhone,0,2530,2527.71,2419.54,6607.65,3.73,3,1,0,0,0.0083,0,1,Low
TXN102283,CUST050,26,2019.51,Bill Payment,16,Mangalore,Mangalore,iPhone,0,2530,9027.19,2765.44,-745.93,0.73,0,0,0,0,0.0099,0,1,Low
TXN102284,CUST050,27,3031.43,Transfer,11,Mumbai,Mangalore,Mac,1,2530,2019.51,2759.23,272.2,1.1,2,0,0,1,0.1996,0,20,Low
TXN102285,CUST050,28,2684.21,Purchase,13,Mangalore,Mangalore,iPhone,0,2530,3031.43,2714.86,-30.66,0.99,1,0,0,0,0.0161,0,2,Low
TXN102286,CUST050,29,926.06,Purchase,14,Mangalore,Mangalore,iPhone,0,2530,2684.21,2851.33,-1925.27,0.32,2,0,0,0,0.0074,0,1,Low
TXN102287,CUST050,30,2133.01,Purchase,7,Mangalore,Mangalore,iPhone,0,2530,926.06,2667.85,-534.84,0.8,1,0,0,0,0.0055,0,1,Low
TXN102288,CUST050,31,3764.04,Transfer,17,Mangalore,Mangalore,Windows,1,2530,2133.01,2761.41,1002.64,1.36,5,2,0,0,0.1847,1,18,Low
TXN102289,CUST050,32,6147.32,Purchase,11,Mangalore,Mangalore,iPhone,0,2530,3764.04,2874.32,3272.99,2.14,2,0,0,0,0.0108,0,1,Low
TXN102290,CUST050,33,2078.48,Purchase,22,Mangalore,Mangalore,iPhone,0,2530,6147.32,3335.32,-1256.84,0.62,0,1,0,0,0.0129,0,1,Low
TXN102291,CUST050,34,2166.65,Purchase,12,Mangalore,Mangalore,iPhone,0,2530,2078.48,3433.9,-1267.25,0.63,5,0,1,0,0.0225,0,2,Low
TXN102292,CUST050,35,4666.61,Transfer,20,Mangalore,Mangalore,iPhone,0,2530,2166.65,3397.79,1268.82,1.37,3,0,0,0,0.0039,0,0,Low
TXN102293,CUST050,36,3009.81,ATM Withdrawal,17,Mangalore,Mangalore,iPhone,0,2530,4666.61,2961.73,48.08,1.02,2,0,0,0,0.0114,0,1,Low
TXN102294,CUST050,37,1346.06,Online Payment,6,Mangalore,Mangalore,iPhone,0,2530,3009.81,3060.76,-1714.7,0.44,4,0,0,0,0.0122,0,1,Low
TXN102295,CUST050,38,1975.02,Purchase,6,Mangalore,Mangalore,iPhone,0,2530,1346.06,2892.23,-917.2,0.68,0,0,0,0,0.0072,0,1,Low
TXN102296,CUST050,39,4583.24,Transfer,12,Mangalore,Mangalore,iPhone,0,2530,1975.02,2821.31,1761.93,1.62,3,0,0,0,0.0045,0,0,Low
TXN102297,CUST050,40,1807.38,Bill Payment,21,Mangalore,Mangalore,iPhone,0,2530,4583.24,3187.02,-1379.65,0.57,2,0,0,0,0.0025,0,0,Low
TXN102298,CUST050,41,1952.42,Bill Payment,7,Mangalore,Mangalore,iPhone,0,2530,1807.38,3154.46,-1202.04,0.62,2,0,1,0,0.0046,0,0,Low
TXN102299,CUST050,42,4022.24,Transfer,6,Mangalore,Mangalore,iPhone,0,2530,1952.42,2973.3,1048.94,1.35,4,1,0,0,0.0042,0,0,Low
TXN102300,CUST050,43,663.07,ATM Withdrawal,16,Mangalore,Mangalore,iPhone,0,2530,4022.24,2760.79,-2097.72,0.24,0,0,0,0,0.0043,0,0,Low
TXN102301,CUST050,44,1513.87,Transfer,14,Mangalore,Mangalore,iPhone,0,2530,663.07,2619.25,-1105.38,0.58,0,0,0,0,0.0323,0,3,Low
TXN102302,CUST050,45,5643.84,Transfer,13,Mangalore,Mangalore,iPhone,0,2530,1513.87,2553.97,3089.86,2.21,5,0,0,0,0.039,0,4,Low
TXN102303,CUST050,46,782.21,Bill Payment,22,Mangalore,Mangalore,iPhone,0,2530,5643.84,2651.69,-1869.49,0.29,4,1,0,0,0.0114,0,1,Low
TXN102304,CUST050,47,1774.92,Purchase,20,Mangalore,Mangalore,iPhone,0,2530,782.21,2428.93,-654.02,0.73,3,0,0,0,0.0101,0,1,Low
TXN102305,CUST050,48,1272.45,Purchase,16,Mangalore,Mangalore,iPhone,0,2530,1774.92,2471.82,-1199.37,0.51,4,0,0,0,0.0126,0,1,Low
TXN102306,CUST050,49,3500.59,Purchase,19,Mangalore,Mangalore,iPhone,0,2530,1272.45,2401.56,1099.03,1.46,4,0,0,0,0.0087,0,1,Low
TXN102307,CUST050,50,1654.23,Transfer,7,Mangalore,Mangalore,iPhone,0,2530,3500.59,2293.3,-639.07,0.72,6,1,0,0,0.0202,0,2,Low
TXN102308,CUST050,51,3165.11,Transfer,10,Mangalore,Mangalore,iPhone,0,2530,1654.23,2277.98,887.12,1.39,2,0,0,0,0.0065,0,1,Low
TXN102309,CUST050,52,2520.92,Purchase,21,Mangalore,Mangalore,iPhone,0,2530,3165.11,2399.25,121.67,1.05,1,0,0,0,0.0122,0,1,Low
TXN102310,CUST050,53,5842.16,Online Payment,8,Mangalore,Mangalore,iPhone,0,2530,2520.92,2249.12,3593.04,2.6,1,0,0,0,0.0379,0,4,Low
TXN102311,CUST050,54,449.76,ATM Withdrawal,20,Mangalore,Mangalore,Mac,1,2530,5842.16,2767.03,-2317.27,0.16,5,0,0,0,0.1484,0,15,Low
TXN102312,CUST051,1,2296.78,Bill Payment,15,Delhi,Delhi,Mac,0,203,0.0,2767.53,-470.76,0.83,1,1,0,0,0.015,0,2,Low
TXN102313,CUST051,2,3270.39,ATM Withdrawal,20,Delhi,Delhi,Mac,0,203,2296.78,2296.78,973.61,1.42,1,0,0,0,0.0035,0,0,Low
TXN102314,CUST051,3,3071.39,Transfer,7,Delhi,Delhi,Mac,0,203,3270.39,2783.58,287.81,1.1,6,0,0,0,0.0067,0,1,Low
TXN102315,CUST051,4,1211.52,Transfer,17,Hassan,Delhi,Mac,0,203,3071.39,2879.52,-1668.0,0.42,2,0,0,1,0.0208,0,2,Low
TXN102316,CUST051,5,6370.15,ATM Withdrawal,18,Delhi,Delhi,Mac,0,203,1211.52,2462.52,3907.63,2.59,1,0,0,0,0.0238,0,2,Low
TXN102317,CUST051,6,5681.57,Online Payment,17,Delhi,Delhi,Mac,0,203,6370.15,3244.04,2437.52,1.75,3,3,0,0,0.0179,0,2,Low
TXN102318,CUST051,7,2759.22,ATM Withdrawal,8,Hyderabad,Delhi,Mac,0,203,5681.57,3650.3,-891.08,0.76,0,0,0,1,0.0204,0,2,Low
TXN102319,CUST051,8,7404.22,Online Payment,19,Hassan,Delhi,Mac,0,203,2759.22,3523.0,3881.22,2.1,1,1,0,1,0.0266,0,3,Low
TXN102320,CUST051,9,3148.67,ATM Withdrawal,12,Delhi,Delhi,Mac,0,203,7404.22,4008.15,-859.48,0.79,1,0,0,0,0.0125,0,1,Low
TXN102321,CUST051,10,2518.21,Online Payment,12,Delhi,Delhi,Mac,0,203,3148.67,3912.65,-1394.45,0.64,0,0,0,0,0.0052,0,1,Low
TXN102322,CUST051,11,2755.21,Transfer,19,Delhi,Delhi,Mac,0,203,2518.21,3773.21,-1018.0,0.73,3,0,0,0,0.0059,0,1,Low
TXN102323,CUST051,12,2360.67,Transfer,19,Bangalore,Delhi,Mac,0,203,2755.21,3819.05,-1458.39,0.62,6,1,0,1,0.0129,0,1,Low
TXN102324,CUST051,13,6980.88,Purchase,9,Delhi,Delhi,Mac,0,203,2360.67,3728.08,3252.8,1.87,3,0,0,0,0.003,0,0,Low
TXN102325,CUST051,14,2138.11,Bill Payment,21,Delhi,Delhi,Windows,1,203,6980.88,4119.03,-1980.92,0.52,2,0,0,0,0.0255,1,3,Low
TXN102326,CUST051,15,2007.85,Purchase,16,Delhi,Delhi,Mac,0,203,2138.11,4211.69,-2203.84,0.48,0,0,0,0,0.0231,0,2,Low
TXN102327,CUST051,16,1494.27,Purchase,18,Delhi,Delhi,Mac,0,203,2007.85,3775.46,-2281.19,0.4,2,2,0,0,0.0386,0,4,Low
TXN102328,CUST051,17,1108.51,ATM Withdrawal,11,Delhi,Delhi,Mac,0,203,1494.27,3356.73,-2248.22,0.33,3,0,1,0,0.0815,0,8,Low
TXN102329,CUST051,18,1856.28,ATM Withdrawal,21,Delhi,Delhi,Mac,0,203,1108.51,3191.66,-1335.38,0.58,2,0,0,0,0.0063,0,1,Low
TXN102330,CUST051,19,5803.94,Online Payment,21,Delhi,Delhi,Mac,0,203,1856.28,2636.87,3167.07,2.2,6,0,0,0,0.0071,0,1,Low
TXN102331,CUST051,20,3469.34,Transfer,7,Delhi,Delhi,Mac,0,203,5803.94,2902.39,566.95,1.2,1,0,0,0,0.0136,0,1,Low
TXN102332,CUST051,21,1555.36,Purchase,16,Hassan,Delhi,Mac,0,203,3469.34,2997.51,-1442.14,0.52,2,0,0,1,0.0569,0,6,Low
TXN102333,CUST051,22,8976.03,Online Payment,22,Delhi,Delhi,Windows,1,203,1555.36,2877.52,6098.5,3.12,2,0,0,0,0.0325,0,3,Low
TXN102334,CUST051,23,3074.49,Transfer,20,Delhi,Delhi,Mac,0,203,8976.03,3539.06,-464.57,0.87,0,0,0,0,0.0078,0,1,Low
TXN102335,CUST051,24,1346.46,Bill Payment,19,Delhi,Delhi,Mac,0,203,3074.49,3148.42,-1801.95,0.43,4,0,0,0,0.019,0,2,Low
TXN102336,CUST051,25,2733.97,Purchase,8,Delhi,Delhi,Mac,0,203,1346.46,3069.25,-335.28,0.89,4,0,0,0,0.0029,0,0,Low
TXN102337,CUST051,26,3341.86,Bill Payment,8,Delhi,Delhi,Mac,0,203,2733.97,3141.87,199.99,1.06,4,0,0,0,0.0092,0,1,Low
TXN102338,CUST051,27,4261.77,Online Payment,11,Delhi,Delhi,Mac,0,203,3341.86,3326.63,935.14,1.28,1,0,0,0,0.0093,0,1,Low
TXN102339,CUST051,28,7677.43,Bill Payment,10,Mumbai,Delhi,Mac,0,203,4261.77,3641.95,4035.48,2.11,2,0,0,1,0.0501,0,5,Low
TXN102340,CUST051,29,2360.25,Bill Payment,19,Delhi,Delhi,Mac,0,203,7677.43,4224.07,-1863.82,0.56,2,0,0,0,0.0119,0,1,Low
TXN102341,CUST051,30,3196.36,Transfer,17,Delhi,Delhi,Mac,0,203,2360.25,3879.7,-683.34,0.82,4,0,0,0,0.0075,0,1,Low
TXN102342,CUST051,31,1953.39,Transfer,17,Delhi,Delhi,Mac,0,203,3196.36,3852.4,-1899.01,0.51,1,1,0,0,0.0091,0,1,Low
TXN102343,CUST051,32,5971.28,Online Payment,22,Delhi,Delhi,Mac,0,203,1953.39,3892.2,2079.08,1.53,5,1,0,0,0.0277,0,3,Low
TXN102344,CUST051,33,6319.05,Purchase,21,Delhi,Delhi,Mac,0,203,5971.28,3591.73,2727.33,1.76,2,0,0,0,0.0021,0,0,Low
TXN102345,CUST051,34,5776.53,Transfer,16,Delhi,Delhi,Mac,0,203,6319.05,3916.18,1860.34,1.48,0,0,0,0,0.0148,0,1,Low
TXN102346,CUST051,35,3641.32,Online Payment,20,Delhi,Delhi,Mac,0,203,5776.53,4359.19,-717.87,0.84,3,2,0,0,0.0166,0,2,Low
TXN102347,CUST051,36,1033.55,Purchase,16,Delhi,Delhi,Mac,0,203,3641.32,4449.92,-3416.37,0.23,4,0,0,0,0.0118,0,1,Low
TXN102348,CUST051,37,4302.49,Transfer,20,Bangalore,Delhi,Mac,0,203,1033.55,4219.09,83.39,1.02,3,0,0,1,0.025,0,3,Low
TXN102349,CUST051,38,2190.29,Transfer,20,Delhi,Delhi,Mac,0,203,4302.49,4223.16,-2032.87,0.52,1,0,0,0,0.0055,1,1,Low
TXN102350,CUST051,39,1650.37,Transfer,8,Delhi,Delhi,Mac,0,203,2190.29,3674.45,-2024.08,0.45,2,0,0,0,0.0033,0,0,Low
TXN102351,CUST051,40,3135.33,Purchase,19,Delhi,Delhi,Mac,0,203,1650.37,3603.46,-468.13,0.87,0,0,0,0,0.02,0,2,Low
TXN102352,CUST051,41,1815.12,Transfer,17,Delhi,Delhi,Mac,0,203,3135.33,3597.36,-1782.24,0.5,2,0,0,0,0.0084,0,1,Low
TXN102353,CUST051,42,7239.47,Bill Payment,16,Bangalore,Delhi,Mac,0,203,1815.12,3583.53,3655.94,2.02,4,1,0,1,0.1108,0,11,Low
TXN102354,CUST051,43,1747.79,Transfer,12,Delhi,Delhi,Mac,0,203,7239.47,3710.35,-1962.56,0.47,4,0,0,0,0.006,0,1,Low
TXN102355,CUST051,44,3250.51,Transfer,20,Delhi,Delhi,Mac,0,203,1747.79,3253.22,-2.71,1.0,3,0,0,0,0.0037,0,0,Low
TXN102356,CUST051,45,1974.17,Transfer,8,Delhi,Delhi,Mac,0,203,3250.51,3000.62,-1026.45,0.66,0,0,1,0,0.0188,0,2,Low
TXN102357,CUST051,46,617.93,Transfer,14,Delhi,Delhi,Mac,0,203,1974.17,2833.91,-2215.98,0.22,3,0,0,0,0.0049,0,0,Low
TXN102358,CUST051,47,1561.27,Online Payment,12,Delhi,Delhi,Mac,0,203,617.93,2792.35,-1231.08,0.56,3,0,0,0,0.0067,0,1,Low
TXN102359,CUST051,48,2499.76,Transfer,21,Delhi,Delhi,Mac,0,203,1561.27,2518.22,-18.46,0.99,1,0,0,0,0.0105,0,1,Low
TXN102360,CUST051,49,4109.59,Online Payment,12,Mangalore,Delhi,Mac,0,203,2499.76,2549.17,1560.41,1.61,3,0,0,1,0.0188,0,2,Low
TXN102361,CUST051,50,1570.93,Online Payment,22,Delhi,Delhi,Android,1,203,4109.59,2795.09,-1224.16,0.56,0,0,0,0,0.0421,0,4,Low
TXN102362,CUST051,51,4402.57,Online Payment,10,Delhi,Delhi,Mac,0,203,1570.93,2638.65,1763.92,1.67,1,0,0,0,0.0213,0,2,Low
TXN102363,CUST051,52,3530.37,Bill Payment,18,Delhi,Delhi,Mac,0,203,4402.57,2897.4,632.97,1.22,2,0,0,0,0.0103,0,1,Low
TXN102364,CUST051,53,2054.72,Online Payment,6,Delhi,Delhi,Mac,0,203,3530.37,2526.49,-471.77,0.81,4,0,0,0,0.0137,0,1,Low
TXN102365,CUST052,1,20852.72,Transfer,18,Mangalore,Mangalore,Windows,0,2147,0.0,11714.0,9138.72,1.78,2,0,0,0,0.0044,0,0,Low
TXN102366,CUST052,2,30267.44,Purchase,10,Mangalore,Mangalore,Windows,0,2147,20852.72,20852.72,9414.72,1.45,1,1,0,0,0.0082,0,1,Low
TXN102367,CUST052,3,21735.12,Bill Payment,19,Mangalore,Mangalore,Windows,0,2147,30267.44,25560.08,-3824.97,0.85,1,0,0,0,0.0212,0,2,Low
TXN102368,CUST052,4,15885.38,Purchase,7,Chennai,Mangalore,Windows,0,2147,21735.12,24285.09,-8399.72,0.65,4,0,0,1,0.0086,0,1,Low
TXN102369,CUST052,5,10817.93,Purchase,12,Mangalore,Mangalore,Windows,0,2147,15885.38,22185.16,-11367.24,0.49,1,0,0,0,0.0031,0,0,Low
TXN102370,CUST052,6,21393.39,Bill Payment,19,Mangalore,Mangalore,Windows,0,2147,10817.93,19911.72,1481.67,1.07,0,0,0,0,0.0044,0,0,Low
TXN102371,CUST052,7,54792.47,Online Payment,18,Mangalore,Mangalore,Windows,0,2147,21393.39,20158.66,34633.81,2.72,3,1,0,0,0.0138,0,1,Low
TXN102372,CUST052,8,26304.26,Purchase,14,Mangalore,Mangalore,Windows,0,2147,54792.47,25106.35,1197.91,1.05,1,1,0,0,0.0237,0,2,Low
TXN102373,CUST052,9,12347.65,Bill Payment,20,Mangalore,Mangalore,Windows,0,2147,26304.26,25256.09,-12908.44,0.49,5,0,0,0,0.0295,1,3,Low
TXN102374,CUST052,10,6346.84,Purchase,10,Mangalore,Mangalore,Windows,0,2147,12347.65,23821.82,-17474.97,0.27,1,0,0,0,0.0044,0,0,Low
TXN102375,CUST052,11,16072.69,Bill Payment,15,Mangalore,Mangalore,Windows,0,2147,6346.84,22074.32,-6001.63,0.73,3,0,0,0,0.0026,0,0,Low
TXN102376,CUST052,12,5654.96,Purchase,6,Mangalore,Mangalore,Windows,0,2147,16072.69,21596.32,-15941.35,0.26,3,0,0,0,0.0068,0,1,Low
TXN102377,CUST052,13,12569.19,Purchase,17,Mangalore,Mangalore,Windows,0,2147,5654.96,19135.07,-6565.88,0.66,2,0,0,0,0.0097,0,1,Low
TXN102378,CUST052,14,12343.46,Online Payment,12,Mangalore,Mangalore,Windows,0,2147,12569.19,18218.48,-5875.02,0.68,1,0,0,0,0.0117,0,1,Low
TXN102379,CUST052,15,20642.06,Transfer,17,Mangalore,Mangalore,Windows,0,2147,12343.46,17864.28,2777.78,1.16,2,0,0,0,0.0154,0,2,Low
TXN102380,CUST052,16,7307.68,Purchase,6,Mangalore,Mangalore,Windows,0,2147,20642.06,18846.7,-11539.01,0.39,1,0,0,0,0.0158,0,2,Low
TXN102381,CUST052,17,21746.53,Transfer,11,Mumbai,Mangalore,Windows,0,2147,7307.68,17438.13,4308.4,1.25,4,0,0,1,0.0254,0,3,Low
TXN102382,CUST052,18,7011.15,ATM Withdrawal,7,Mangalore,Mangalore,Windows,0,2147,21746.53,14133.53,-7122.38,0.5,4,0,0,0,0.0164,0,2,Low
TXN102383,CUST052,19,24039.4,Purchase,15,Mangalore,Mangalore,Windows,0,2147,7011.15,12204.22,11835.18,1.97,3,0,0,0,0.0014,0,0,Low
TXN102384,CUST052,20,2569.94,Purchase,18,Mangalore,Mangalore,Windows,0,2147,24039.4,13373.4,-10803.46,0.19,0,0,0,0,0.0115,0,1,Low
TXN102385,CUST052,21,25719.36,Purchase,16,Mangalore,Mangalore,Windows,0,2147,2569.94,12995.71,12723.65,1.98,2,1,0,0,0.0111,0,1,Low
TXN102386,CUST052,22,12890.4,Online Payment,19,Mangalore,Mangalore,Windows,0,2147,25719.36,13960.37,-1069.97,0.92,1,0,0,0,0.011,0,1,Low
TXN102387,CUST052,23,8976.33,Bill Payment,17,Mangalore,Mangalore,Windows,0,2147,12890.4,14683.92,-5707.59,0.61,1,0,0,0,0.0021,0,0,Low
TXN102388,CUST052,24,21366.03,ATM Withdrawal,21,Mangalore,Mangalore,Windows,0,2147,8976.33,14324.63,7041.4,1.49,1,0,0,0,0.0134,0,1,Low
TXN102389,CUST052,25,23757.75,Transfer,8,Mangalore,Mangalore,Windows,0,2147,21366.03,15226.89,8530.86,1.56,1,0,0,0,0.0134,0,1,Low
TXN102390,CUST052,26,7614.03,ATM Withdrawal,12,Mangalore,Mangalore,Windows,0,2147,23757.75,15538.46,-7924.42,0.49,4,1,0,0,0.004,0,0,Low
TXN102391,CUST052,27,11508.51,Transfer,22,Mangalore,Mangalore,Windows,0,2147,7614.03,15569.09,-4060.58,0.74,1,0,0,0,0.0067,0,1,Low
TXN102392,CUST052,28,26606.59,Purchase,22,Mangalore,Mangalore,Android,1,2147,11508.51,14545.29,12061.29,1.83,3,0,0,0,0.017,0,2,Low
TXN102393,CUST052,29,21809.7,ATM Withdrawal,0,Bangalore,Mangalore,Windows,0,2147,26606.59,16504.83,5304.86,1.32,7,0,0,0,0.55,1,55,Medium
TXN102394,CUST052,30,15210.73,Purchase,13,Mangalore,Mangalore,Windows,0,2147,21809.7,16281.86,-1071.14,0.93,2,1,0,0,0.0021,0,0,Low
TXN102395,CUST052,31,24386.85,Purchase,10,Mangalore,Mangalore,Windows,1,2147,15210.73,17545.94,6840.91,1.39,2,2,0,0,0.55,1,55,Medium
TXN102396,CUST052,32,9306.43,Transfer,21,Mangalore,Mangalore,Windows,0,2147,24386.85,17412.69,-8106.26,0.53,3,0,0,0,0.0122,0,1,Low
TXN102397,CUST052,33,26699.8,Purchase,17,Mangalore,Mangalore,Windows,0,2147,9306.43,17054.3,9645.5,1.57,4,0,0,0,0.0044,0,0,Low
TXN102398,CUST052,34,16592.05,ATM Withdrawal,22,Mangalore,Mangalore,Windows,0,2147,26699.8,18826.64,-2234.59,0.88,3,0,0,0,0.0094,0,1,Low
TXN102399,CUST052,35,10267.99,Purchase,7,Chennai,Mangalore,Windows,0,2147,16592.05,18349.24,-8081.26,0.56,0,0,0,1,0.027,0,3,Low
TXN102400,CUST052,36,16777.08,Transfer,14,Mangalore,Mangalore,Windows,0,2147,10267.99,17000.27,-223.19,0.99,1,0,1,0,0.0127,0,1,Low
TXN102401,CUST053,1,12613.28,Online Payment,19,Hyderabad,Hyderabad,Android,0,2878,0.0,6969.93,5643.35,1.81,1,0,0,0,0.0161,0,2,Low
TXN102402,CUST053,2,1443.88,Transfer,7,Hyderabad,Hyderabad,Android,0,2878,12613.28,12613.28,-11169.4,0.11,2,0,0,0,0.0056,0,1,Low
TXN102403,CUST053,3,1292.58,Purchase,20,Hyderabad,Hyderabad,Android,0,2878,1443.88,7028.58,-5736.01,0.18,1,0,0,0,0.0078,0,1,Low
TXN102404,CUST053,4,13374.51,Purchase,13,Chennai,Hyderabad,Android,0,2878,1292.58,5116.58,8257.93,2.61,3,0,0,1,0.036,0,4,Low
TXN102405,CUST053,5,6049.23,Purchase,19,Hyderabad,Hyderabad,Android,0,2878,13374.51,7181.06,-1131.83,0.84,2,1,0,0,0.0042,0,0,Low
TXN102406,CUST053,6,9705.5,Purchase,18,Hyderabad,Hyderabad,Android,0,2878,6049.23,6954.7,2750.8,1.4,1,0,0,0,0.0118,0,1,Low
TXN102407,CUST053,7,2028.32,Bill Payment,11,Hyderabad,Hyderabad,Android,0,2878,9705.5,7413.16,-5384.84,0.27,7,0,0,0,0.0242,0,2,Low
TXN102408,CUST053,8,2736.49,Purchase,22,Hyderabad,Hyderabad,Android,0,2878,2028.32,6643.9,-3907.41,0.41,2,0,0,0,0.0067,0,1,Low
TXN102409,CUST053,9,14534.73,Transfer,19,Hyderabad,Hyderabad,Android,0,2878,2736.49,6155.47,8379.26,2.36,5,0,0,0,0.0405,0,4,Low
TXN102410,CUST053,10,12225.48,Online Payment,8,Hyderabad,Hyderabad,Android,0,2878,14534.73,7086.5,5138.98,1.73,5,2,0,0,0.0531,0,5,Low
TXN102411,CUST053,11,15384.1,Purchase,7,Hyderabad,Hyderabad,Android,0,2878,12225.48,7600.4,7783.7,2.02,1,0,1,0,0.0128,0,1,Low
TXN102412,CUST053,12,26500.61,Bill Payment,10,Hyderabad,Hyderabad,Android,0,2878,15384.1,7877.48,18623.13,3.36,1,1,0,0,0.0238,0,2,Low
TXN102413,CUST053,13,6116.63,Bill Payment,11,Hyderabad,Hyderabad,Android,0,2878,26500.61,10383.16,-4266.53,0.59,1,0,0,0,0.0131,0,1,Low
TXN102414,CUST053,14,13524.45,Purchase,18,Hyderabad,Hyderabad,Android,0,2878,6116.63,10865.56,2658.89,1.24,3,0,0,0,0.0196,0,2,Low
TXN102415,CUST053,15,17327.08,Bill Payment,13,Bangalore,Hyderabad,Android,0,2878,13524.45,10880.55,6446.52,1.59,2,0,0,1,0.0682,0,7,Low
TXN102416,CUST053,16,2933.85,Purchase,21,Hyderabad,Hyderabad,Android,0,2878,17327.08,12008.34,-9074.49,0.24,3,0,0,0,0.0077,0,1,Low
TXN102417,CUST053,17,8622.06,ATM Withdrawal,6,Hyderabad,Hyderabad,Android,0,2878,2933.85,11331.17,-2709.12,0.76,2,0,0,0,0.0089,0,1,Low
TXN102418,CUST053,18,5571.15,Purchase,19,Hyderabad,Hyderabad,Android,0,2878,8622.06,11990.55,-6419.4,0.46,2,0,0,0,0.0045,0,0,Low
TXN102419,CUST053,19,19933.31,Transfer,12,Mumbai,Hyderabad,Android,0,2878,5571.15,12274.01,7659.3,1.62,4,0,0,1,0.0065,0,1,Low
TXN102420,CUST053,20,3332.19,Transfer,9,Hyderabad,Hyderabad,Android,0,2878,19933.31,12813.87,-9481.68,0.26,1,0,0,0,0.0054,0,1,Low
TXN102421,CUST053,21,3430.92,ATM Withdrawal,21,Chennai,Hyderabad,Android,0,2878,3332.19,11924.54,-8493.62,0.29,2,0,0,1,0.0267,0,3,Low
TXN102422,CUST053,22,1231.03,Online Payment,8,Hyderabad,Hyderabad,Android,0,2878,3430.92,10729.22,-9498.19,0.11,5,0,0,0,0.0323,0,3,Low
TXN102423,CUST053,23,4198.48,Bill Payment,22,Hyderabad,Hyderabad,Android,0,2878,1231.03,8202.27,-4003.79,0.51,3,0,0,0,0.0065,0,1,Low
TXN102424,CUST053,24,6171.87,ATM Withdrawal,21,Hyderabad,Hyderabad,Android,0,2878,4198.48,8010.45,-1838.58,0.77,1,0,0,0,0.0061,0,1,Low
TXN102425,CUST053,25,13229.84,Online Payment,15,Hyderabad,Hyderabad,Android,0,2878,6171.87,7275.19,5954.65,1.82,4,0,0,0,0.0011,0,0,Low
TXN102426,CUST053,26,6468.44,ATM Withdrawal,10,Hyderabad,Hyderabad,Android,0,2878,13229.84,6865.47,-397.03,0.94,3,0,0,0,0.0034,0,0,Low
TXN102427,CUST053,27,25113.79,Purchase,22,Hyderabad,Hyderabad,Android,0,2878,6468.44,7218.93,17894.86,3.48,0,0,0,0,0.0147,0,1,Low
TXN102428,CUST053,28,14026.45,Purchase,7,Hyderabad,Hyderabad,Android,0,2878,25113.79,8868.1,5158.35,1.58,3,0,0,0,0.0037,0,0,Low
TXN102429,CUST053,29,31408.59,Online Payment,13,Hyderabad,Hyderabad,Android,0,2878,14026.45,9713.63,21694.95,3.23,2,0,0,0,0.0059,0,1,Low
TXN102430,CUST053,30,11305.72,Transfer,15,Hyderabad,Hyderabad,Android,0,2878,31408.59,10861.16,444.55,1.04,4,0,0,0,0.009,0,1,Low
TXN102431,CUST053,31,7114.23,Bill Payment,22,Pune,Hyderabad,Android,0,2878,11305.72,11658.51,-4544.28,0.61,5,0,0,1,0.0272,0,3,Low
TXN102432,CUST053,32,10857.24,Transfer,20,Hyderabad,Hyderabad,Android,0,2878,7114.23,12026.84,-1169.61,0.9,3,0,0,0,0.0153,0,2,Low
TXN102433,CUST053,33,7887.39,Bill Payment,7,Hyderabad,Hyderabad,Mac,1,2878,10857.24,12989.46,-5102.07,0.61,5,0,0,0,0.0401,0,4,Low
TXN102434,CUST053,34,4759.69,Bill Payment,11,Hyderabad,Hyderabad,Android,0,2878,7887.39,13358.36,-8598.66,0.36,3,0,0,0,0.0036,0,0,Low
TXN102435,CUST053,35,5654.66,Transfer,19,Hyderabad,Hyderabad,Android,0,2878,4759.69,13217.14,-7562.48,0.43,0,0,0,0,0.0071,0,1,Low
TXN102436,CUST053,36,19089.89,Purchase,18,Mysore,Hyderabad,Android,0,2878,5654.66,12459.62,6630.27,1.53,2,0,0,1,0.0602,0,6,Low
TXN102437,CUST053,37,2085.14,Purchase,19,Hyderabad,Hyderabad,Android,0,2878,19089.89,13721.76,-11636.63,0.15,2,0,0,0,0.0087,0,1,Low
TXN102438,CUST053,38,2447.45,Purchase,13,Hyderabad,Hyderabad,Android,0,2878,2085.14,11418.9,-8971.45,0.21,2,0,0,0,0.0192,0,2,Low
TXN102439,CUST053,39,10278.68,Purchase,8,Hyderabad,Hyderabad,Android,0,2878,2447.45,10261.0,17.68,1.0,2,0,0,0,0.0184,0,2,Low
TXN102440,CUST053,40,7081.46,Transfer,8,Hyderabad,Hyderabad,Android,0,2878,10278.68,8148.01,-1066.55,0.87,2,0,0,0,0.0279,0,3,Low
TXN102441,CUST053,41,8883.01,Purchase,21,Hyderabad,Hyderabad,Android,0,2878,7081.46,7725.58,1157.42,1.15,0,0,0,0,0.0042,0,0,Low
TXN102442,CUST054,1,1172.13,Bill Payment,10,Delhi,Delhi,iPhone,0,2454,0.0,1036.84,135.29,1.13,4,2,0,0,0.55,1,55,Medium
TXN102443,CUST054,2,745.28,Bill Payment,7,Delhi,Delhi,iPhone,0,2454,1172.13,1172.13,-426.85,0.64,6,2,0,0,0.0469,0,5,Low
TXN102444,CUST054,3,450.39,Bill Payment,14,Mumbai,Delhi,Android,1,2454,745.28,958.71,-508.32,0.47,0,0,0,1,0.0328,1,3,Low
TXN102445,CUST054,4,792.82,ATM Withdrawal,14,Delhi,Delhi,iPhone,0,2454,450.39,789.27,3.55,1.0,2,1,0,0,0.0067,0,1,Low
TXN102446,CUST054,5,383.44,Purchase,18,Delhi,Delhi,Mac,1,2454,792.82,790.16,-406.72,0.49,2,0,0,0,0.0279,0,3,Low
TXN102447,CUST054,6,925.1,ATM Withdrawal,8,Delhi,Delhi,iPhone,0,2454,383.44,708.81,216.29,1.31,1,0,0,0,0.0019,0,0,Low
TXN102448,CUST054,7,1887.09,Purchase,9,Delhi,Delhi,iPhone,0,2454,925.1,744.86,1142.23,2.53,2,0,0,0,0.0147,0,1,Low
TXN102449,CUST054,8,283.76,Transfer,14,Delhi,Delhi,iPhone,0,2454,1887.09,908.04,-624.27,0.31,1,0,0,0,0.0106,0,1,Low
TXN102450,CUST054,9,1282.46,Transfer,20,Delhi,Delhi,iPhone,0,2454,283.76,830.0,452.46,1.55,0,0,0,0,0.0272,0,3,Low
TXN102451,CUST054,10,832.6,Bill Payment,20,Delhi,Delhi,iPhone,0,2454,1282.46,880.28,-47.67,0.95,2,0,0,0,0.0062,0,1,Low
TXN102452,CUST054,11,2596.85,Purchase,14,Delhi,Delhi,iPhone,0,2454,832.6,875.51,1721.34,2.97,3,1,0,0,0.0084,0,1,Low
TXN102453,CUST054,12,1547.99,Bill Payment,17,Delhi,Delhi,iPhone,0,2454,2596.85,1017.98,530.01,1.52,3,0,0,0,0.0224,0,2,Low
TXN102454,CUST054,13,438.57,Purchase,11,Delhi,Delhi,iPhone,0,2454,1547.99,1098.25,-659.68,0.4,2,0,1,0,0.0091,0,1,Low
TXN102455,CUST054,14,1102.83,Online Payment,21,Delhi,Delhi,iPhone,0,2454,438.57,1097.07,5.76,1.01,2,0,0,0,0.0066,0,1,Low
TXN102456,CUST054,15,771.11,ATM Withdrawal,7,Delhi,Delhi,iPhone,0,2454,1102.83,1128.07,-356.96,0.68,2,0,0,0,0.0076,0,1,Low
TXN102457,CUST054,16,2689.9,Transfer,20,Delhi,Delhi,iPhone,0,2454,771.11,1166.84,1523.06,2.31,0,0,0,0,0.0155,0,2,Low
TXN102458,CUST054,17,1086.49,Purchase,16,Delhi,Delhi,iPhone,0,2454,2689.9,1343.32,-256.83,0.81,3,0,0,0,0.0031,0,0,Low
TXN102459,CUST054,18,1672.88,ATM Withdrawal,14,Delhi,Delhi,iPhone,0,2454,1086.49,1263.26,409.62,1.32,7,1,0,0,0.0764,0,8,Low
TXN102460,CUST054,19,859.89,Purchase,7,Delhi,Delhi,iPhone,0,2454,1672.88,1402.17,-542.28,0.61,2,0,0,0,0.0073,0,1,Low
TXN102461,CUST054,20,772.52,Purchase,10,Mangalore,Delhi,iPhone,0,2454,859.89,1359.91,-587.39,0.57,5,0,0,1,0.0319,0,3,Low
TXN102462,CUST054,21,1698.33,Bill Payment,4,Delhi,Delhi,iPhone,0,2454,772.52,1353.9,344.43,1.25,9,0,0,0,0.55,1,55,Medium
TXN102463,CUST054,22,312.36,Purchase,17,Delhi,Delhi,iPhone,0,2454,1698.33,1264.05,-951.69,0.25,3,0,0,0,0.0102,0,1,Low
TXN102464,CUST054,23,371.81,Transfer,12,Delhi,Delhi,iPhone,0,2454,312.36,1140.49,-768.68,0.33,3,0,0,0,0.0079,0,1,Low
TXN102465,CUST054,24,2571.62,Transfer,17,Delhi,Delhi,iPhone,0,2454,371.81,1133.81,1437.81,2.27,4,1,0,0,0.0237,0,2,Low
TXN102466,CUST054,25,559.42,Online Payment,11,Delhi,Delhi,iPhone,0,2454,2571.62,1280.69,-721.28,0.44,1,0,0,0,0.0045,0,0,Low
TXN102467,CUST054,26,925.16,Transfer,21,Delhi,Delhi,Mac,1,2454,559.42,1259.52,-334.36,0.73,0,0,0,0,0.0072,0,1,Low
TXN102468,CUST054,27,1760.85,Transfer,6,Delhi,Delhi,iPhone,0,2454,925.16,1083.05,677.8,1.63,2,0,1,0,0.0235,0,2,Low
TXN102469,CUST054,28,654.21,Online Payment,15,Delhi,Delhi,iPhone,0,2454,1760.85,1150.48,-496.27,0.57,1,0,0,0,0.0016,0,0,Low
TXN102470,CUST054,29,1571.41,Transfer,12,Delhi,Delhi,iPhone,0,2454,654.21,1048.62,522.79,1.5,1,0,1,0,0.0207,0,2,Low
TXN102471,CUST054,30,3015.98,Purchase,12,Delhi,Delhi,iPhone,0,2454,1571.41,1119.77,1896.21,2.69,2,0,0,0,0.0147,0,1,Low
TXN102472,CUST054,31,991.86,Purchase,20,Delhi,Delhi,iPhone,0,2454,3015.98,1344.11,-352.25,0.74,2,0,0,0,0.0321,0,3,Low
TXN102473,CUST054,32,1823.44,Online Payment,15,Delhi,Delhi,iPhone,0,2454,991.86,1273.47,549.97,1.43,1,0,0,0,0.0048,0,0,Low
TXN102474,CUST054,33,574.03,Bill Payment,12,Delhi,Delhi,Mac,1,2454,1823.44,1424.57,-850.55,0.4,2,0,0,0,0.0201,0,2,Low
TXN102475,CUST054,34,4661.87,Purchase,11,Delhi,Delhi,iPhone,0,2454,574.03,1444.8,3217.07,3.23,0,2,0,0,0.0208,0,2,Low
TXN102476,CUST054,35,972.18,ATM Withdrawal,16,Mysore,Delhi,iPhone,0,2454,4661.87,1653.82,-681.64,0.59,4,0,0,1,0.0235,0,2,Low
TXN102477,CUST054,36,2205.92,Transfer,7,Delhi,Delhi,iPhone,0,2454,972.18,1695.1,510.82,1.3,2,0,0,0,0.0103,0,1,Low
TXN102478,CUST054,37,339.18,Purchase,8,Delhi,Delhi,iPhone,0,2454,2205.92,1823.17,-1484.0,0.19,3,0,0,0,0.0134,0,1,Low
TXN102479,CUST054,38,211.26,ATM Withdrawal,19,Delhi,Delhi,iPhone,0,2454,339.18,1681.01,-1469.75,0.13,2,0,0,0,0.0454,0,5,Low
TXN102480,CUST054,39,435.94,Transfer,12,Pune,Delhi,iPhone,0,2454,211.26,1636.71,-1200.77,0.27,3,0,0,1,0.0182,0,2,Low
TXN102481,CUST054,40,808.76,Transfer,6,Delhi,Delhi,iPhone,0,2454,435.94,1523.16,-714.4,0.53,3,0,0,0,0.022,0,2,Low
TXN102482,CUST054,41,1102.21,Purchase,12,Delhi,Delhi,iPhone,0,2454,808.76,1302.44,-200.24,0.85,2,0,0,0,0.0081,0,1,Low
TXN102483,CUST054,42,2267.18,Purchase,21,Delhi,Delhi,iPhone,0,2454,1102.21,1313.48,953.7,1.73,4,0,0,0,0.0119,0,1,Low
TXN102484,CUST054,43,1219.69,Bill Payment,13,Delhi,Delhi,iPhone,0,2454,2267.18,1357.85,-138.16,0.9,5,0,0,0,0.0088,0,1,Low
TXN102485,CUST054,44,1925.05,Purchase,16,Delhi,Delhi,iPhone,0,2454,1219.69,1422.42,502.63,1.35,4,0,0,0,0.0066,0,1,Low
TXN102486,CUST055,1,747.32,Bill Payment,19,Hassan,Hassan,Mac,0,2345,0.0,1739.87,-992.55,0.43,2,0,0,0,0.0099,0,1,Low
TXN102487,CUST055,2,2146.3,Bill Payment,8,Hassan,Hassan,Mac,0,2345,747.32,747.32,1398.98,2.87,1,0,0,0,0.0212,0,2,Low
TXN102488,CUST055,3,2049.79,Online Payment,9,Hassan,Hassan,Mac,0,2345,2146.3,1446.81,602.98,1.42,2,1,0,0,0.0052,0,1,Low
TXN102489,CUST055,4,2551.29,Transfer,17,Hassan,Hassan,Mac,0,2345,2049.79,1647.8,903.49,1.55,3,0,0,0,0.0107,0,1,Low
TXN102490,CUST055,5,1109.67,Purchase,18,Hassan,Hassan,Mac,0,2345,2551.29,1873.67,-764.0,0.59,2,0,0,0,0.0139,0,1,Low
TXN102491,CUST055,6,1098.68,Purchase,16,Hassan,Hassan,Mac,0,2345,1109.67,1720.87,-622.19,0.64,0,3,0,0,0.0235,0,2,Low
TXN102492,CUST055,7,1703.21,ATM Withdrawal,10,Hassan,Hassan,Mac,0,2345,1098.68,1617.18,86.04,1.05,2,1,0,0,0.0119,0,1,Low
TXN102493,CUST055,8,5093.18,ATM Withdrawal,22,Hassan,Hassan,Mac,0,2345,1703.21,1629.47,3463.71,3.13,5,0,0,0,0.0524,0,5,Low
TXN102494,CUST055,9,1629.82,ATM Withdrawal,9,Hassan,Hassan,Mac,0,2345,5093.18,2062.43,-432.61,0.79,6,0,0,0,0.0054,0,1,Low
TXN102495,CUST055,10,4287.12,Transfer,9,Hassan,Hassan,Mac,0,2345,1629.82,2014.36,2272.76,2.13,2,2,1,0,0.55,1,55,Medium
TXN102496,CUST055,11,1185.48,Transfer,21,Hassan,Hassan,Mac,0,2345,4287.12,2241.64,-1056.16,0.53,5,0,0,0,0.0215,0,2,Low
TXN102497,CUST055,12,525.56,Transfer,18,Hassan,Hassan,Mac,0,2345,1185.48,2285.46,-1759.9,0.23,2,0,0,0,0.0131,0,1,Low
TXN102498,CUST055,13,4262.73,Purchase,10,Hassan,Hassan,Mac,0,2345,525.56,2123.38,2139.35,2.01,2,0,0,0,0.0041,0,0,Low
TXN102499,CUST055,14,975.69,Transfer,14,Hassan,Hassan,Mac,0,2345,4262.73,2344.68,-1368.98,0.42,2,0,0,0,0.0053,0,1,Low
TXN102500,CUST055,15,7647.76,Purchase,10,Delhi,Hassan,Mac,0,2345,975.69,2187.12,5460.64,3.5,4,0,0,1,0.0611,0,6,Low
TXN102501,CUST055,16,1270.72,Online Payment,12,Hassan,Hassan,Mac,0,2345,7647.76,2840.92,-1570.21,0.45,4,0,0,0,0.0143,0,1,Low
TXN102502,CUST055,17,2072.91,Purchase,12,Hassan,Hassan,iPhone,1,2345,1270.72,2858.13,-785.22,0.73,2,0,0,0,0.0378,0,4,Low
TXN102503,CUST055,18,1735.82,Purchase,18,Hassan,Hassan,Android,1,2345,2072.91,2895.1,-1159.28,0.6,1,0,0,0,0.059,0,6,Low
TXN102504,CUST055,19,537.29,Bill Payment,11,Hassan,Hassan,Mac,0,2345,1735.82,2559.36,-2022.08,0.21,2,1,0,0,0.0029,0,0,Low
TXN102505,CUST055,20,2359.58,Bill Payment,22,Hassan,Hassan,Mac,0,2345,537.29,2450.11,-90.53,0.96,2,0,0,0,0.0108,0,1,Low
TXN102506,CUST055,21,786.35,Purchase,18,Hassan,Hassan,Mac,0,2345,2359.58,2257.35,-1471.0,0.35,0,0,0,0,0.0061,0,1,Low
TXN102507,CUST055,22,3542.29,ATM Withdrawal,7,Hassan,Hassan,Mac,0,2345,786.35,2217.44,1324.85,1.6,2,1,0,0,0.0193,0,2,Low
TXN102508,CUST055,23,591.73,Purchase,14,Hassan,Hassan,Mac,0,2345,3542.29,2519.11,-1927.39,0.23,2,0,0,0,0.0097,0,1,Low
TXN102509,CUST055,24,1723.32,ATM Withdrawal,10,Hassan,Hassan,Mac,0,2345,591.73,2152.01,-428.69,0.8,2,0,0,0,0.0121,0,1,Low
TXN102510,CUST055,25,1648.62,Purchase,20,Hassan,Hassan,Mac,0,2345,1723.32,2226.78,-578.15,0.74,0,0,0,0,0.0027,0,0,Low
TXN102511,CUST055,26,1266.66,Purchase,21,Hassan,Hassan,iPhone,1,2345,1648.62,1626.86,-360.2,0.78,3,0,0,0,0.0112,0,1,Low
TXN102512,CUST055,27,2669.6,Transfer,9,Hassan,Hassan,Mac,0,2345,1266.66,1626.46,1043.14,1.64,6,0,0,0,0.0149,0,1,Low
TXN102513,CUST055,28,3304.87,Purchase,18,Hassan,Hassan,Mac,0,2345,2669.6,1686.13,1618.75,1.96,1,0,0,0,0.0074,0,1,Low
TXN102514,CUST055,29,4806.6,Transfer,7,Hassan,Hassan,Mac,0,2345,3304.87,1843.03,2963.57,2.61,1,0,0,0,0.0421,0,4,Low
TXN102515,CUST055,30,1912.97,Online Payment,17,Hassan,Hassan,Mac,0,2345,4806.6,2269.96,-356.99,0.84,2,0,1,0,0.0405,0,4,Low
TXN102516,CUST055,31,1091.44,Purchase,21,Hassan,Hassan,Mac,0,2345,1912.97,2225.3,-1133.86,0.49,4,0,0,0,0.0177,0,2,Low
TXN102517,CUST055,32,1680.68,Online Payment,17,Hassan,Hassan,Mac,0,2345,1091.44,2255.81,-575.13,0.75,2,1,0,0,0.0048,0,0,Low
TXN102518,CUST055,33,1741.59,Purchase,21,Hassan,Hassan,Mac,0,2345,1680.68,2069.65,-328.06,0.84,4,0,1,0,0.0147,0,1,Low
TXN102519,CUST055,34,2267.35,Purchase,14,Hassan,Hassan,Windows,1,2345,1741.59,2184.64,82.72,1.04,6,0,0,0,0.0329,0,3,Low
TXN102520,CUST055,35,3621.87,Purchase,8,Hassan,Hassan,Mac,0,2345,2267.35,2239.04,1382.84,1.62,2,0,0,0,0.0041,0,0,Low
TXN102521,CUST055,36,1121.24,Purchase,17,Hyderabad,Hassan,Mac,0,2345,3621.87,2436.36,-1315.12,0.46,3,0,0,1,0.0138,0,1,Low
TXN102522,CUST055,37,2027.14,Online Payment,9,Hassan,Hassan,Mac,0,2345,1121.24,2421.82,-394.68,0.84,1,0,0,0,0.0109,0,1,Low
TXN102523,CUST055,38,1909.12,ATM Withdrawal,7,Hassan,Hassan,iPhone,1,2345,2027.14,2357.58,-448.46,0.81,4,0,0,0,0.0488,0,5,Low
TXN102524,CUST055,39,1244.94,ATM Withdrawal,20,Hassan,Hassan,Mac,0,2345,1909.12,2218.0,-973.06,0.56,1,0,0,0,0.0056,0,1,Low
TXN102525,CUST055,40,1361.86,Purchase,9,Hassan,Hassan,Mac,0,2345,1244.94,1861.84,-499.97,0.73,0,0,0,0,0.0027,0,0,Low
TXN102526,CUST055,41,11798.59,Purchase,14,Hassan,Hassan,Mac,0,2345,1361.86,1806.73,9991.87,6.53,3,0,0,0,0.55,1,55,Medium
TXN102527,CUST055,42,1387.16,Transfer,9,Delhi,Hassan,Mac,0,2345,11798.59,2877.44,-1490.28,0.48,3,0,0,1,0.0278,0,3,Low
TXN102528,CUST055,43,1110.37,Purchase,13,Hassan,Hassan,Mac,0,2345,1387.16,2848.09,-1737.72,0.39,3,0,0,0,0.0092,0,1,Low
TXN102529,CUST055,44,563.17,ATM Withdrawal,7,Hassan,Hassan,Mac,0,2345,1110.37,2784.97,-2221.79,0.2,1,2,0,0,0.0104,0,1,Low
TXN102530,CUST055,45,1792.38,ATM Withdrawal,9,Mumbai,Hassan,Mac,0,2345,563.17,2614.55,-822.17,0.69,2,2,0,1,0.55,1,55,Medium
TXN102531,CUST056,1,2656.54,Transfer,13,Mumbai,Mumbai,Android,0,2230,0.0,2325.52,331.02,1.14,2,0,0,0,0.0018,0,0,Low
TXN102532,CUST056,2,3157.44,Transfer,9,Mumbai,Mumbai,Android,0,2230,2656.54,2656.54,500.9,1.19,4,0,0,0,0.0179,0,2,Low
TXN102533,CUST056,3,1425.52,Purchase,18,Mumbai,Mumbai,Android,0,2230,3157.44,2906.99,-1481.47,0.49,4,0,0,0,0.011,0,1,Low
TXN102534,CUST056,4,3525.31,Purchase,11,Mumbai,Mumbai,Android,0,2230,1425.52,2413.16,1112.15,1.46,2,0,0,0,0.0025,0,0,Low
TXN102535,CUST056,5,3020.63,Transfer,22,Hassan,Mumbai,Android,0,2230,3525.31,2691.2,329.43,1.12,3,0,0,1,0.0098,0,1,Low
TXN102536,CUST056,6,3279.13,Purchase,19,Mumbai,Mumbai,Android,0,2230,3020.63,2757.09,522.04,1.19,2,0,0,0,0.0181,0,2,Low
TXN102537,CUST056,7,5056.43,Purchase,19,Delhi,Mumbai,Android,0,2230,3279.13,2844.09,2212.34,1.78,2,0,0,1,0.0333,0,3,Low
TXN102538,CUST056,8,1537.01,Purchase,16,Mumbai,Mumbai,Android,0,2230,5056.43,3160.14,-1623.14,0.49,1,0,0,0,0.0209,0,2,Low
TXN102539,CUST056,9,1496.37,Purchase,15,Mumbai,Mumbai,Android,0,2230,1537.01,2957.25,-1460.88,0.51,2,3,1,0,0.0342,0,3,Low
TXN102540,CUST056,10,2437.14,Transfer,9,Mumbai,Mumbai,Android,0,2230,1496.37,2794.93,-357.79,0.87,2,0,0,0,0.0081,0,1,Low
TXN102541,CUST056,11,7103.18,Online Payment,16,Mumbai,Mumbai,Android,0,2230,2437.14,2759.15,4344.03,2.57,2,0,0,0,0.0165,0,2,Low
TXN102542,CUST056,12,2212.48,Transfer,8,Pune,Mumbai,Android,0,2230,7103.18,3203.81,-991.33,0.69,2,1,0,1,0.0445,0,4,Low
TXN102543,CUST056,13,2322.22,Purchase,13,Mumbai,Mumbai,Android,0,2230,2212.48,3109.32,-787.09,0.75,1,0,0,0,0.0124,0,1,Low
TXN102544,CUST056,14,2522.18,ATM Withdrawal,15,Mumbai,Mumbai,Android,0,2230,2322.22,3198.99,-676.81,0.79,2,0,0,0,0.0075,0,1,Low
TXN102545,CUST056,15,4083.26,Purchase,22,Mumbai,Mumbai,Android,0,2230,2522.18,3098.68,984.59,1.32,6,0,0,0,0.0077,0,1,Low
TXN102546,CUST056,16,3163.42,ATM Withdrawal,7,Mumbai,Mumbai,Android,0,2230,4083.26,3204.94,-41.52,0.99,3,0,0,0,0.0082,0,1,Low
TXN102547,CUST056,17,1270.85,Online Payment,20,Mumbai,Mumbai,Android,0,2230,3163.42,3193.37,-1922.52,0.4,2,0,0,0,0.0041,0,0,Low
TXN102548,CUST056,18,1198.35,Transfer,22,Mumbai,Mumbai,iPhone,1,2230,1270.85,2814.81,-1616.46,0.43,2,0,0,0,0.0251,0,3,Low
TXN102549,CUST056,19,2369.66,Purchase,12,Mumbai,Mumbai,Android,0,2230,1198.35,2780.95,-411.29,0.85,1,0,0,0,0.007,0,1,Low
TXN102550,CUST056,20,3080.48,Online Payment,17,Mumbai,Mumbai,Android,0,2230,2369.66,2868.27,212.2,1.07,2,1,0,0,0.0069,0,1,Low
TXN102551,CUST056,21,3321.9,ATM Withdrawal,19,Mumbai,Mumbai,Android,0,2230,3080.48,2932.61,389.3,1.13,3,0,0,0,0.0044,0,0,Low
TXN102552,CUST056,22,1338.36,Online Payment,9,Mumbai,Mumbai,Android,0,2230,3321.9,2554.48,-1216.12,0.52,1,0,0,0,0.0059,0,1,Low
TXN102553,CUST056,23,5170.02,Bill Payment,17,Mumbai,Mumbai,Android,0,2230,1338.36,2467.07,2702.96,2.1,2,0,0,0,0.0043,0,0,Low
TXN102554,CUST056,24,1982.48,Purchase,8,Mumbai,Mumbai,Android,0,2230,5170.02,2751.85,-769.37,0.72,3,0,0,0,0.0118,0,1,Low
TXN102555,CUST056,25,2468.05,Purchase,6,Mumbai,Mumbai,iPhone,1,2230,1982.48,2697.88,-229.83,0.91,2,0,0,0,0.0275,0,3,Low
TXN102556,CUST056,26,2405.82,Transfer,9,Mumbai,Mumbai,Android,0,2230,2468.05,2536.36,-130.54,0.95,4,0,0,0,0.0076,0,1,Low
TXN102557,CUST056,27,1512.69,Online Payment,21,Mumbai,Mumbai,Android,0,2230,2405.82,2460.6,-947.91,0.61,5,0,0,0,0.0148,0,1,Low
TXN102558,CUST056,28,2999.66,Purchase,6,Mumbai,Mumbai,Android,0,2230,1512.69,2484.78,514.88,1.21,0,0,0,0,0.0038,0,0,Low
TXN102559,CUST056,29,1629.79,Transfer,7,Mumbai,Mumbai,Android,0,2230,2999.66,2664.91,-1035.13,0.61,0,0,0,0,0.0071,0,1,Low
TXN102560,CUST056,30,3027.08,Bill Payment,16,Mysore,Mumbai,Android,0,2230,1629.79,2590.92,436.15,1.17,1,0,0,1,0.0283,0,3,Low
TXN102561,CUST056,31,2391.03,Purchase,8,Bangalore,Mumbai,Android,0,2230,3027.08,2585.58,-194.56,0.92,1,0,0,1,0.0169,0,2,Low
TXN102562,CUST057,1,1475.84,Bill Payment,15,Hassan,Hassan,Windows,0,2072,0.0,2837.73,-1361.88,0.52,3,0,0,0,0.0022,0,0,Low
TXN102563,CUST057,2,2081.72,Transfer,6,Hassan,Hassan,Windows,0,2072,1475.84,1475.84,605.87,1.41,5,1,0,0,0.0097,0,1,Low
TXN102564,CUST057,3,2866.55,Transfer,0,Bangalore,Hassan,Windows,0,2072,2081.72,1778.78,1087.77,1.61,1,2,1,1,0.55,1,55,Medium
TXN102565,CUST057,4,3171.32,Online Payment,12,Hassan,Hassan,Windows,0,2072,2866.55,2141.37,1029.95,1.48,2,0,0,0,0.0105,0,1,Low
TXN102566,CUST057,5,4022.0,Bill Payment,12,Hassan,Hassan,Windows,0,2072,3171.32,2398.86,1623.14,1.68,2,0,0,0,0.002,0,0,Low
TXN102567,CUST057,6,1861.38,Transfer,22,Hassan,Hassan,Windows,0,2072,4022.0,2723.49,-862.1,0.68,1,0,0,0,0.002,0,0,Low
TXN102568,CUST057,7,1464.24,Purchase,10,Hassan,Hassan,iPhone,1,2072,1861.38,2579.8,-1115.56,0.57,2,0,0,0,0.0158,0,2,Low
TXN102569,CUST057,8,1440.86,ATM Withdrawal,22,Hassan,Hassan,Windows,0,2072,1464.24,2420.44,-979.57,0.6,2,2,1,0,0.0193,0,2,Low
TXN102570,CUST057,9,3073.72,Purchase,18,Hassan,Hassan,Windows,0,2072,1440.86,2297.99,775.73,1.34,0,0,0,0,0.0046,0,0,Low
TXN102571,CUST057,10,2243.6,Bill Payment,18,Hassan,Hassan,Windows,0,2072,3073.72,2384.18,-140.58,0.94,3,0,0,0,0.0044,0,0,Low
TXN102572,CUST057,11,1136.0,Purchase,19,Hassan,Hassan,Windows,0,2072,2243.6,2370.12,-1234.13,0.48,4,0,0,0,0.0086,0,1,Low
TXN102573,CUST057,12,1924.39,Bill Payment,8,Hassan,Hassan,Windows,0,2072,1136.0,2336.14,-411.75,0.82,1,0,0,0,0.0036,0,0,Low
TXN102574,CUST057,13,3121.87,Bill Payment,10,Hassan,Hassan,Windows,0,2072,1924.39,2320.41,801.46,1.35,3,1,0,0,0.0176,0,2,Low
TXN102575,CUST057,14,1492.18,Bill Payment,20,Hassan,Hassan,Windows,0,2072,3121.87,2345.94,-853.76,0.64,2,0,0,0,0.0038,0,0,Low
TXN102576,CUST057,15,1297.64,Online Payment,10,Hassan,Hassan,Mac,1,2072,1492.18,2178.02,-880.38,0.6,5,0,0,0,0.0251,0,3,Low
TXN102577,CUST057,16,611.1,Purchase,10,Hassan,Hassan,Windows,0,2072,1297.64,1905.59,-1294.48,0.32,0,0,0,0,0.0181,0,2,Low
TXN102578,CUST057,17,3040.68,Purchase,22,Hassan,Hassan,Windows,0,2072,611.1,1780.56,1260.12,1.71,2,2,0,0,0.0206,0,2,Low
TXN102579,CUST057,18,2325.34,Purchase,9,Hassan,Hassan,Windows,0,2072,3040.68,1938.2,387.13,1.2,1,0,0,0,0.0056,0,1,Low
TXN102580,CUST057,19,3730.47,ATM Withdrawal,20,Hassan,Hassan,iPhone,1,2072,2325.34,2026.65,1703.82,1.84,1,0,0,0,0.0273,0,3,Low
TXN102581,CUST057,20,10514.9,Purchase,8,Hassan,Hassan,Windows,0,2072,3730.47,2092.33,8422.57,5.03,5,0,0,0,0.55,1,55,Medium
TXN102582,CUST057,21,4222.5,Purchase,9,Hassan,Hassan,Windows,0,2072,10514.9,2919.46,1303.04,1.45,2,0,0,0,0.0045,0,0,Low
TXN102583,CUST057,22,5632.26,Purchase,16,Hassan,Hassan,Windows,0,2072,4222.5,3228.11,2404.15,1.74,1,0,0,0,0.0205,0,2,Low
TXN102584,CUST057,23,1693.61,Online Payment,9,Hassan,Hassan,Windows,0,2072,5632.26,3598.89,-1905.29,0.47,6,0,1,0,0.0363,0,4,Low
TXN102585,CUST057,24,3175.07,Online Payment,15,Hassan,Hassan,Android,1,2072,1693.61,3456.07,-281.0,0.92,1,2,0,0,0.0487,0,5,Low
TXN102586,CUST057,25,2447.15,Transfer,12,Hassan,Hassan,Windows,0,2072,3175.07,3624.36,-1177.2,0.68,1,1,0,0,0.0043,0,0,Low
TXN102587,CUST057,26,3497.84,Transfer,16,Hassan,Hassan,Android,1,2072,2447.15,3739.31,-241.46,0.94,3,0,0,0,0.0131,0,1,Low
TXN102588,CUST057,27,3861.4,Transfer,14,Hassan,Hassan,Windows,0,2072,3497.84,4027.98,-166.58,0.96,1,0,0,0,0.0114,0,1,Low
TXN102589,CUST057,28,1069.55,Bill Payment,9,Hassan,Hassan,Windows,0,2072,3861.4,4110.05,-3040.5,0.26,1,1,0,0,0.0066,0,1,Low
TXN102590,CUST057,29,2285.04,Bill Payment,16,Hassan,Hassan,Windows,0,2072,1069.55,3984.48,-1699.44,0.57,3,0,0,0,0.0097,0,1,Low
TXN102591,CUST057,30,6204.34,Bill Payment,21,Hassan,Hassan,Windows,0,2072,2285.04,3839.93,2364.41,1.62,5,2,0,0,0.0211,0,2,Low
TXN102592,CUST057,31,990.88,Purchase,15,Hassan,Hassan,Windows,0,2072,6204.34,3408.88,-2418.0,0.29,4,0,0,0,0.0025,0,0,Low
TXN102593,CUST057,32,4707.95,Online Payment,12,Chennai,Hassan,Windows,0,2072,990.88,3085.71,1622.23,1.53,3,0,0,1,0.0379,0,4,Low
TXN102594,CUST057,33,1746.95,Purchase,20,Hassan,Hassan,Windows,0,2072,4707.95,2993.28,-1246.33,0.58,4,0,0,0,0.0278,0,3,Low
TXN102595,CUST057,34,813.94,Online Payment,18,Hassan,Hassan,Windows,0,2072,1746.95,2998.62,-2184.68,0.27,1,0,0,0,0.0145,0,1,Low
TXN102596,CUST057,35,2700.06,Online Payment,19,Hassan,Hassan,Mac,1,2072,813.94,2762.5,-62.45,0.98,0,0,0,0,0.039,0,4,Low
TXN102597,CUST057,36,7207.21,Online Payment,12,Hassan,Hassan,Windows,0,2072,2700.06,2787.79,4419.42,2.59,0,0,0,0,0.0162,1,2,Low
TXN102598,CUST057,37,5541.46,Bill Payment,15,Hassan,Hassan,Windows,0,2072,7207.21,3158.73,2382.73,1.75,2,0,0,0,0.0025,0,0,Low
TXN102599,CUST057,38,996.41,Purchase,18,Hassan,Hassan,Windows,0,2072,5541.46,3326.74,-2330.33,0.3,2,0,0,0,0.0166,0,2,Low
TXN102600,CUST057,39,776.21,Purchase,10,Hassan,Hassan,Windows,0,2072,996.41,3319.42,-2543.21,0.23,3,0,0,0,0.0055,0,1,Low
TXN102601,CUST057,40,14511.13,Transfer,13,Pune,Hassan,Windows,0,2072,776.21,3168.54,11342.59,4.58,4,1,0,1,0.1139,0,11,Low
TXN102602,CUST057,41,1357.13,ATM Withdrawal,14,Hassan,Hassan,Windows,0,2072,14511.13,3999.22,-2642.08,0.34,4,1,0,0,0.0153,0,2,Low
TXN102603,CUST057,42,1995.26,Transfer,10,Hassan,Hassan,Windows,0,2072,1357.13,4035.84,-2040.58,0.49,3,2,0,0,0.0345,0,3,Low
TXN102604,CUST057,43,5371.53,Online Payment,19,Hassan,Hassan,Windows,0,2072,1995.26,3764.58,1606.95,1.43,2,0,0,0,0.0107,0,1,Low
TXN102605,CUST057,44,3443.04,Online Payment,7,Mysore,Hassan,Windows,0,2072,5371.53,4127.03,-684.0,0.83,2,0,0,1,0.0416,0,4,Low
TXN102606,CUST057,45,1409.3,Transfer,10,Hassan,Hassan,Windows,0,2072,3443.04,4389.94,-2980.65,0.32,2,0,0,0,0.0187,0,2,Low
TXN102607,CUST057,46,1975.63,Online Payment,20,Delhi,Hassan,Windows,0,2072,1409.3,4260.87,-2285.23,0.46,7,0,0,1,0.1194,0,12,Low
TXN102608,CUST058,1,39120.44,Purchase,10,Hyderabad,Pune,Windows,0,204,0.0,10238.35,28882.09,3.82,4,0,0,1,0.1492,0,15,Low
TXN102609,CUST058,2,11242.28,Transfer,18,Pune,Pune,iPhone,1,204,39120.44,39120.44,-27878.15,0.29,2,0,0,0,0.0189,0,2,Low
TXN102610,CUST058,3,18393.1,Online Payment,8,Pune,Pune,Windows,0,204,11242.28,25181.36,-6788.26,0.73,0,0,0,0,0.0087,0,1,Low
TXN102611,CUST058,4,5549.46,Transfer,20,Pune,Pune,Windows,0,204,18393.1,22918.6,-17369.14,0.24,2,0,0,0,0.0046,0,0,Low
TXN102612,CUST058,5,24127.4,Transfer,12,Pune,Pune,Windows,0,204,5549.46,18576.32,5551.08,1.3,3,0,0,0,0.0079,0,1,Low
TXN102613,CUST058,6,38466.91,Purchase,14,Pune,Pune,Windows,0,204,24127.4,19686.53,18780.38,1.95,0,0,0,0,0.0115,0,1,Low
TXN102614,CUST058,7,14153.64,Purchase,6,Bangalore,Pune,Windows,0,204,38466.91,22816.6,-8662.96,0.62,2,0,0,1,0.0148,0,1,Low
TXN102615,CUST058,8,14059.6,Transfer,17,Pune,Pune,Windows,0,204,14153.64,21579.03,-7519.43,0.65,3,0,0,0,0.0134,0,1,Low
TXN102616,CUST058,9,2891.84,Bill Payment,6,Pune,Pune,Windows,0,204,14059.6,20639.1,-17747.27,0.14,3,0,0,0,0.0054,0,1,Low
TXN102617,CUST058,10,12625.77,Purchase,19,Pune,Pune,Windows,0,204,2891.84,18667.18,-6041.41,0.68,2,0,0,0,0.0078,0,1,Low
TXN102618,CUST058,11,9562.11,Online Payment,8,Hyderabad,Pune,Windows,0,204,12625.77,18063.04,-8500.94,0.53,4,0,0,1,0.0134,0,1,Low
TXN102619,CUST058,12,5975.49,Online Payment,6,Pune,Pune,Windows,0,204,9562.11,15107.21,-9131.72,0.4,4,0,0,0,0.0116,0,1,Low
TXN102620,CUST058,13,5988.43,Online Payment,10,Pune,Pune,Windows,0,204,5975.49,14580.53,-8592.11,0.41,2,0,0,0,0.0071,0,1,Low
TXN102621,CUST058,14,29346.59,Purchase,12,Pune,Pune,Windows,0,204,5988.43,13340.06,16006.53,2.2,2,0,0,0,0.0065,0,1,Low
TXN102622,CUST058,15,7599.01,Online Payment,15,Pune,Pune,Windows,0,204,29346.59,15719.78,-8120.77,0.48,1,0,0,0,0.01,0,1,Low
TXN102623,CUST058,16,10606.08,Purchase,18,Pune,Pune,Windows,0,204,7599.01,14066.94,-3460.86,0.75,3,0,0,0,0.0048,0,0,Low
TXN102624,CUST058,17,8538.13,Purchase,9,Pune,Pune,Windows,0,204,10606.08,11280.85,-2742.73,0.76,2,0,0,0,0.0082,0,1,Low
TXN102625,CUST058,18,5420.54,Purchase,14,Pune,Pune,Windows,0,204,8538.13,10719.3,-5298.76,0.51,2,0,0,0,0.0098,0,1,Low
TXN102626,CUST058,19,13370.51,Transfer,13,Pune,Pune,Windows,0,204,5420.54,9855.4,3515.11,1.36,2,0,0,0,0.0055,0,1,Low
TXN102627,CUST058,20,9689.54,Purchase,21,Pune,Pune,Windows,0,204,13370.51,10903.26,-1213.72,0.89,2,0,1,0,0.0224,0,2,Low
TXN102628,CUST058,21,20507.27,Transfer,8,Pune,Pune,Windows,0,204,9689.54,10609.64,9897.63,1.93,0,2,0,0,0.0539,0,5,Low
TXN102629,CUST058,22,4292.65,Online Payment,9,Pune,Pune,Windows,0,204,20507.27,11704.16,-7411.51,0.37,3,0,0,0,0.0068,0,1,Low
TXN102630,CUST058,23,5192.16,Purchase,7,Pune,Pune,Windows,0,204,4292.65,11535.87,-6343.71,0.45,1,0,0,0,0.0107,0,1,Low
TXN102631,CUST058,24,17622.77,ATM Withdrawal,17,Pune,Pune,Windows,0,204,5192.16,11456.25,6166.53,1.54,2,0,0,0,0.0271,0,3,Low
TXN102632,CUST058,25,6402.74,Purchase,20,Pune,Pune,Windows,0,204,17622.77,10283.87,-3881.13,0.62,2,0,0,0,0.0061,0,1,Low
TXN102633,CUST058,26,7252.85,Purchase,11,Pune,Pune,Windows,0,204,6402.74,10164.24,-2911.39,0.71,4,2,0,0,0.0192,0,2,Low
TXN102634,CUST058,27,19333.04,Purchase,11,Pune,Pune,iPhone,1,204,7252.85,9828.91,9504.12,1.97,3,0,0,0,0.0257,0,3,Low
TXN102635,CUST058,28,10822.66,Online Payment,10,Pune,Pune,Windows,0,204,19333.04,10908.41,-85.75,0.99,1,0,0,0,0.0337,0,3,Low
TXN102636,CUST058,29,4744.0,Purchase,19,Pune,Pune,Windows,0,204,10822.66,11448.62,-6704.62,0.41,2,0,0,0,0.0169,0,2,Low
TXN102637,CUST058,30,8567.22,Purchase,15,Pune,Pune,Windows,0,204,4744.0,10585.97,-2018.74,0.81,1,0,0,0,0.0011,0,0,Low
TXN102638,CUST058,31,6809.56,Transfer,8,Pune,Pune,Mac,1,204,8567.22,10473.74,-3664.18,0.65,0,0,0,0,0.0835,0,8,Low
TXN102639,CUST058,32,6386.23,Bill Payment,19,Pune,Pune,Windows,0,204,6809.56,9103.96,-2717.74,0.7,5,0,0,0,0.0156,0,2,Low
TXN102640,CUST058,33,12249.18,Transfer,10,Chennai,Pune,Windows,0,204,6386.23,9313.32,2935.86,1.32,3,2,0,1,0.0451,0,5,Low
TXN102641,CUST058,34,8058.06,ATM Withdrawal,21,Pune,Pune,Windows,0,204,12249.18,10019.02,-1960.96,0.8,2,0,0,0,0.0044,0,0,Low
TXN102642,CUST059,1,5882.32,Transfer,16,Mangalore,Pune,Mac,1,1440,0.0,7767.98,-1885.66,0.76,2,0,0,1,0.0763,0,8,Low
TXN102643,CUST059,2,3035.12,Transfer,21,Pune,Pune,Android,0,1440,5882.32,5882.32,-2847.2,0.52,3,0,0,0,0.0097,0,1,Low
TXN102644,CUST059,3,3587.52,Purchase,6,Pune,Pune,Android,0,1440,3035.12,4458.72,-871.19,0.8,4,0,0,0,0.0057,0,1,Low
TXN102645,CUST059,4,12189.97,Bill Payment,6,Pune,Pune,Android,0,1440,3587.52,4168.32,8021.65,2.92,0,0,0,0,0.0232,0,2,Low
TXN102646,CUST059,5,5129.11,Online Payment,6,Pune,Pune,Windows,1,1440,12189.97,6173.73,-1044.62,0.83,2,0,0,0,0.0314,0,3,Low
TXN102647,CUST059,6,8255.93,Online Payment,16,Pune,Pune,Android,0,1440,5129.11,5964.81,2291.12,1.38,2,1,0,0,0.0063,0,1,Low
TXN102648,CUST059,7,2474.15,ATM Withdrawal,8,Pune,Pune,Android,0,1440,8255.93,6346.66,-3872.51,0.39,3,0,0,0,0.0111,0,1,Low
TXN102649,CUST059,8,10818.47,Purchase,16,Pune,Pune,Android,0,1440,2474.15,5793.45,5025.03,1.87,1,0,0,0,0.0065,0,1,Low
TXN102650,CUST059,9,9769.77,Purchase,8,Pune,Pune,Android,0,1440,10818.47,6421.57,3348.19,1.52,0,1,0,0,0.0055,0,1,Low
TXN102651,CUST059,10,6019.93,Transfer,10,Pune,Pune,Android,0,1440,9769.77,6793.6,-773.66,0.89,4,0,0,0,0.0116,0,1,Low
TXN102652,CUST059,11,15121.67,Transfer,8,Pune,Pune,Android,0,1440,6019.93,6716.23,8405.45,2.25,2,0,0,0,0.058,0,6,Low
TXN102653,CUST059,12,11146.16,Purchase,16,Pune,Pune,Android,0,1440,15121.67,7640.17,3505.99,1.46,1,0,0,0,0.0167,0,2,Low
TXN102654,CUST059,13,10077.06,Bill Payment,14,Pune,Pune,Android,0,1440,11146.16,8451.27,1625.79,1.19,3,0,0,0,0.006,0,1,Low
TXN102655,CUST059,14,5682.28,ATM Withdrawal,10,Pune,Pune,Android,0,1440,10077.06,9100.22,-3417.94,0.62,2,0,0,0,0.0072,0,1,Low
TXN102656,CUST059,15,8087.39,Online Payment,11,Pune,Pune,Android,0,1440,5682.28,8449.45,-362.06,0.96,0,0,1,0,0.0264,0,3,Low
TXN102657,CUST059,16,5868.78,Online Payment,9,Pune,Pune,Android,0,1440,8087.39,8745.28,-2876.5,0.67,2,0,0,0,0.0094,0,1,Low
TXN102658,CUST059,17,4270.18,ATM Withdrawal,14,Pune,Pune,Android,0,1440,5868.78,8506.57,-4236.39,0.5,1,1,0,0,0.0148,0,1,Low
TXN102659,CUST059,18,14435.15,Purchase,13,Pune,Pune,Android,0,1440,4270.18,8686.17,5748.98,1.66,3,0,0,0,0.0032,0,0,Low
TXN102660,CUST059,19,2791.56,Transfer,17,Pune,Pune,Android,0,1440,14435.15,9047.84,-6256.27,0.31,0,0,0,0,0.0024,0,0,Low
TXN102661,CUST059,20,10218.46,Transfer,10,Pune,Pune,Android,0,1440,2791.56,8350.02,1868.45,1.22,4,0,1,0,0.0171,0,2,Low
TXN102662,CUST059,21,6926.06,Transfer,19,Mangalore,Pune,Android,0,1440,10218.46,8769.87,-1843.81,0.79,4,1,0,1,0.0096,0,1,Low
TXN102663,CUST059,22,6097.37,Online Payment,18,Pune,Pune,Android,0,1440,6926.06,7950.31,-1852.93,0.77,2,0,0,0,0.0044,0,0,Low
TXN102664,CUST059,23,7289.13,Transfer,17,Pune,Pune,Android,0,1440,6097.37,7445.43,-156.3,0.98,2,1,0,0,0.0094,0,1,Low
TXN102665,CUST059,24,11556.01,Transfer,21,Pune,Pune,Android,0,1440,7289.13,7166.64,4389.37,1.61,2,0,0,0,0.0155,0,2,Low
TXN102666,CUST059,25,8375.27,Bill Payment,13,Pune,Pune,Android,0,1440,11556.01,7754.01,621.26,1.08,1,0,0,0,0.0074,0,1,Low
TXN102667,CUST059,26,7753.06,Bill Payment,8,Pune,Pune,Android,0,1440,8375.27,7782.8,-29.74,1.0,2,0,0,0,0.0048,0,0,Low
TXN102668,CUST059,27,20140.62,Purchase,17,Pune,Pune,Android,0,1440,7753.06,7971.22,12169.4,2.53,0,0,0,0,0.0144,0,1,Low
TXN102669,CUST059,28,6848.51,Purchase,16,Hyderabad,Pune,Android,0,1440,20140.62,9558.27,-2709.76,0.72,5,0,0,1,0.0324,0,3,Low
TXN102670,CUST059,29,4182.24,Purchase,13,Pune,Pune,Android,0,1440,6848.51,8799.6,-4617.36,0.48,5,0,0,0,0.0055,0,1,Low
TXN102671,CUST059,30,2591.19,Purchase,7,Pune,Pune,Android,0,1440,4182.24,8938.67,-6347.48,0.29,6,1,0,0,0.0106,0,1,Low
TXN102672,CUST059,31,9658.41,Online Payment,20,Pune,Pune,Android,0,1440,2591.19,8175.95,1482.46,1.18,2,0,0,0,0.0032,0,0,Low
TXN102673,CUST059,32,5881.03,Purchase,19,Pune,Pune,Android,0,1440,9658.41,8449.18,-2568.15,0.7,4,0,0,0,0.0284,0,3,Low
TXN102674,CUST059,33,8106.77,Bill Payment,19,Hassan,Pune,Android,0,1440,5881.03,8427.55,-320.78,0.96,3,1,0,1,0.0378,0,4,Low
TXN102675,CUST059,34,21784.42,Purchase,19,Pune,Pune,Android,0,1440,8106.77,8509.31,13275.11,2.56,5,0,0,0,0.0297,0,3,Low
TXN102676,CUST059,35,3914.42,Bill Payment,7,Pune,Pune,Android,0,1440,21784.42,9532.15,-5617.74,0.41,2,0,0,0,0.006,0,1,Low
TXN102677,CUST059,36,4769.22,ATM Withdrawal,22,Pune,Pune,Android,0,1440,3914.42,9086.07,-4316.85,0.52,1,1,0,0,0.0119,0,1,Low
TXN102678,CUST059,37,4988.51,Purchase,13,Pune,Pune,Android,0,1440,4769.22,8787.68,-3799.17,0.57,0,0,0,0,0.0146,0,1,Low
TXN102679,CUST059,38,4118.24,Transfer,6,Pune,Pune,Windows,1,1440,4988.51,7272.47,-3154.23,0.57,5,0,0,0,0.0264,0,3,Low
TXN102680,CUST059,39,16116.17,Purchase,7,Pune,Pune,Android,0,1440,4118.24,6999.44,9116.73,2.3,1,0,1,0,0.0223,0,2,Low
TXN102681,CUST059,40,7019.25,ATM Withdrawal,15,Pune,Pune,Android,0,1440,16116.17,8192.84,-1173.59,0.86,2,0,0,0,0.0061,0,1,Low
TXN102682,CUST059,41,14565.8,Transfer,9,Pune,Pune,Android,0,1440,7019.25,8635.64,5930.16,1.69,1,0,0,0,0.0057,0,1,Low
TXN102683,CUST059,42,3428.13,Bill Payment,16,Pune,Pune,Android,0,1440,14565.8,9126.38,-5698.26,0.38,1,0,0,0,0.0167,0,2,Low
TXN102684,CUST059,43,18362.42,Purchase,18,Pune,Pune,Android,0,1440,3428.13,8881.09,9481.33,2.07,3,0,0,0,0.0171,0,2,Low
TXN102685,CUST059,44,8240.21,Purchase,17,Pune,Pune,Android,0,1440,18362.42,9906.66,-1666.44,0.83,3,1,0,0,0.0043,0,0,Low
TXN102686,CUST059,45,5027.38,Purchase,6,Pune,Pune,Android,0,1440,8240.21,8552.24,-3524.85,0.59,3,0,0,0,0.0089,0,1,Low
TXN102687,CUST059,46,10235.94,ATM Withdrawal,13,Pune,Pune,Android,0,1440,5027.38,8663.53,1572.41,1.18,1,1,0,0,0.0226,0,2,Low
TXN102688,CUST059,47,6320.22,Transfer,8,Pune,Pune,Android,0,1440,10235.94,9210.2,-2889.99,0.69,3,0,0,0,0.0239,0,2,Low
TXN102689,CUST059,48,18410.66,Transfer,13,Mangalore,Pune,Android,0,1440,6320.22,9343.38,9067.29,1.97,4,0,0,1,0.0143,0,1,Low
TXN102690,CUST059,49,7431.66,Bill Payment,21,Pune,Pune,Android,0,1440,18410.66,10772.62,-3340.96,0.69,3,0,0,0,0.0188,0,2,Low
TXN102691,CUST059,50,7010.37,ATM Withdrawal,20,Pune,Pune,Android,0,1440,7431.66,9904.17,-2893.79,0.71,2,0,0,0,0.007,0,1,Low
TXN102692,CUST059,51,21586.65,Purchase,16,Pune,Pune,Android,0,1440,7010.37,9903.28,11683.37,2.18,5,0,0,0,0.028,0,3,Low
TXN102693,CUST059,52,4770.86,Purchase,16,Pune,Pune,Android,0,1440,21586.65,10605.36,-5834.5,0.45,2,0,0,0,0.0285,0,3,Low
TXN102694,CUST059,53,11631.48,Purchase,13,Pune,Pune,Android,0,1440,4770.86,10739.64,891.84,1.08,1,0,0,0,0.0075,0,1,Low
TXN102695,CUST060,1,3196.98,Online Payment,16,Pune,Pune,iPhone,0,679,0.0,2258.42,938.56,1.42,1,0,0,0,0.0145,0,1,Low
TXN102696,CUST060,2,4685.45,Transfer,12,Pune,Pune,iPhone,0,679,3196.98,3196.98,1488.47,1.47,3,0,0,0,0.0071,0,1,Low
TXN102697,CUST060,3,2628.27,Purchase,15,Pune,Pune,iPhone,0,679,4685.45,3941.21,-1312.94,0.67,1,0,0,0,0.01,0,1,Low
TXN102698,CUST060,4,2055.63,Transfer,21,Pune,Pune,iPhone,0,679,2628.27,3503.57,-1447.94,0.59,1,1,0,0,0.0157,0,2,Low
TXN102699,CUST060,5,2256.5,ATM Withdrawal,8,Pune,Pune,iPhone,0,679,2055.63,3141.58,-885.08,0.72,3,0,0,0,0.0235,0,2,Low
TXN102700,CUST060,6,3346.53,Purchase,11,Pune,Pune,iPhone,0,679,2256.5,2964.57,381.97,1.13,1,0,0,0,0.0088,0,1,Low
TXN102701,CUST060,7,1590.6,ATM Withdrawal,13,Pune,Pune,iPhone,0,679,3346.53,3028.23,-1437.63,0.53,2,0,0,0,0.0103,0,1,Low
TXN102702,CUST060,8,394.36,Purchase,9,Pune,Pune,Mac,1,679,1590.6,2822.85,-2428.49,0.14,1,0,0,0,0.0273,0,3,Low
TXN102703,CUST060,9,2005.2,Purchase,8,Pune,Pune,Mac,1,679,394.36,2519.29,-514.09,0.8,0,0,0,0,0.0473,0,5,Low
TXN102704,CUST060,10,1322.81,Bill Payment,8,Pune,Pune,iPhone,0,679,2005.2,2462.17,-1139.36,0.54,2,0,0,0,0.0076,0,1,Low
TXN102705,CUST060,11,762.38,Transfer,15,Pune,Pune,iPhone,0,679,1322.81,2348.23,-1585.86,0.32,1,0,0,0,0.0045,0,0,Low
TXN102706,CUST060,12,11018.44,Bill Payment,18,Mysore,Pune,iPhone,0,679,762.38,2104.77,8913.67,5.23,2,1,0,1,0.0464,0,5,Low
TXN102707,CUST060,13,1969.51,Online Payment,15,Pune,Pune,iPhone,0,679,11018.44,2738.07,-768.57,0.72,4,0,0,0,0.004,0,0,Low
TXN102708,CUST060,14,2104.18,Transfer,6,Pune,Pune,iPhone,0,679,1969.51,2672.2,-568.02,0.79,3,0,0,0,0.0095,0,1,Low
TXN102709,CUST060,15,1762.18,ATM Withdrawal,16,Pune,Pune,iPhone,0,679,2104.18,2677.05,-914.87,0.66,4,2,0,0,0.0284,0,3,Low
TXN102710,CUST060,16,1107.88,Purchase,7,Pune,Pune,iPhone,0,679,1762.18,2627.62,-1519.74,0.42,1,0,0,0,0.0087,0,1,Low
TXN102711,CUST060,17,25333.17,Transfer,11,Pune,Pune,iPhone,0,679,1107.88,2403.75,22929.42,10.54,2,2,0,0,0.3514,1,35,Medium
TXN102712,CUST060,18,7799.48,Transfer,10,Pune,Pune,iPhone,0,679,25333.17,4778.01,3021.47,1.63,4,0,0,0,0.0072,0,1,Low
TXN102713,CUST060,19,1993.14,Bill Payment,8,Mumbai,Pune,iPhone,0,679,7799.48,5518.52,-3525.38,0.36,0,0,0,1,0.0098,0,1,Low
TXN102714,CUST060,20,543.07,Purchase,11,Pune,Pune,iPhone,0,679,1993.14,5517.32,-4974.24,0.1,1,0,0,0,0.0217,0,2,Low
TXN102715,CUST060,21,939.93,Purchase,22,Pune,Pune,iPhone,0,679,543.07,5439.34,-4499.42,0.17,2,1,0,0,0.0098,0,1,Low
TXN102716,CUST060,22,1441.12,ATM Withdrawal,20,Pune,Pune,iPhone,0,679,939.93,5457.1,-4015.97,0.26,3,0,0,0,0.022,0,2,Low
TXN102717,CUST060,23,680.66,Online Payment,18,Pune,Pune,iPhone,0,679,1441.12,4499.37,-3818.7,0.15,0,0,1,0,0.0315,0,3,Low
TXN102718,CUST060,24,1344.74,Purchase,12,Hyderabad,Pune,iPhone,0,679,680.66,4370.48,-3025.74,0.31,5,0,0,1,0.0509,0,5,Low
TXN102719,CUST060,25,1699.29,Purchase,10,Pune,Pune,iPhone,0,679,1344.74,4294.54,-2595.24,0.4,2,0,0,0,0.0097,0,1,Low
TXN102720,CUST060,26,557.59,Bill Payment,16,Pune,Pune,iPhone,0,679,1699.29,4288.25,-3730.66,0.13,6,1,0,0,0.0299,0,3,Low
TXN102721,CUST060,27,842.66,Purchase,8,Pune,Pune,iPhone,0,679,557.59,4233.22,-3390.56,0.2,0,0,0,0,0.0096,0,1,Low
TXN102722,CUST060,28,6331.71,Transfer,11,Pune,Pune,iPhone,0,679,842.66,1784.17,4547.54,3.55,2,2,0,0,0.1084,0,11,Low
TXN102723,CUST060,29,4968.79,Transfer,10,Pune,Pune,iPhone,0,679,6331.71,1637.39,3331.4,3.03,1,0,0,0,0.0136,0,1,Low
TXN102724,CUST060,30,1011.31,ATM Withdrawal,9,Mumbai,Pune,iPhone,0,679,4968.79,1934.96,-923.65,0.52,0,0,0,1,0.0268,0,3,Low
TXN102725,CUST060,31,978.09,Purchase,9,Pune,Pune,iPhone,0,679,1011.31,1981.78,-1003.7,0.49,3,1,0,0,0.0172,0,2,Low
TXN102726,CUST060,32,3595.7,Transfer,18,Pune,Pune,iPhone,0,679,978.09,1985.6,1610.1,1.81,1,1,0,0,0.0064,0,1,Low
TXN102727,CUST060,33,1258.84,Purchase,16,Pune,Pune,iPhone,0,679,3595.7,2201.05,-942.22,0.57,5,0,0,0,0.0153,0,2,Low
TXN102728,CUST060,34,1980.63,ATM Withdrawal,14,Pune,Pune,iPhone,0,679,1258.84,2258.87,-278.25,0.88,2,0,0,0,0.0135,0,1,Low
TXN102729,CUST060,35,970.11,Transfer,19,Pune,Pune,iPhone,0,679,1980.63,2322.46,-1352.35,0.42,3,0,0,0,0.0066,0,1,Low
TXN102730,CUST060,36,2021.61,Purchase,12,Pune,Pune,iPhone,0,679,970.11,2249.54,-227.93,0.9,0,0,0,0,0.0027,0,0,Low
TXN102731,CUST060,37,3301.45,ATM Withdrawal,7,Pune,Pune,iPhone,0,679,2021.61,2395.95,905.5,1.38,4,2,0,0,0.0248,0,2,Low
TXN102732,CUST060,38,1111.78,Purchase,6,Pune,Pune,iPhone,0,679,3301.45,2641.82,-1530.04,0.42,4,0,0,0,0.0284,0,3,Low
TXN102733,CUST060,39,805.83,Transfer,7,Pune,Pune,iPhone,0,679,1111.78,2119.83,-1314.0,0.38,1,0,0,0,0.0027,0,0,Low
TXN102734,CUST060,40,2911.03,Purchase,7,Pune,Pune,iPhone,0,679,805.83,1703.53,1207.5,1.71,2,1,0,0,0.0052,0,1,Low
TXN102735,CUST060,41,1611.95,Purchase,3,Pune,Pune,Mac,1,679,2911.03,1893.51,-281.55,0.85,1,2,0,0,0.55,1,55,Medium
TXN102736,CUST060,42,2150.4,Purchase,20,Pune,Pune,iPhone,0,679,1611.95,1956.89,193.51,1.1,2,0,0,0,0.0057,0,1,Low
TXN102737,CUST060,43,1921.96,Transfer,6,Pune,Pune,Android,1,679,2150.4,1812.36,109.6,1.06,9,0,1,0,0.55,1,55,Medium
TXN102738,CUST060,44,3088.69,Purchase,21,Pune,Pune,iPhone,0,679,1921.96,1878.68,1210.01,1.64,1,0,0,0,0.0079,0,1,Low
TXN102739,CUST060,45,2852.82,Purchase,11,Pune,Pune,iPhone,0,679,3088.69,1989.48,863.34,1.43,2,0,0,0,0.0185,0,2,Low
TXN102740,CUST060,46,2705.38,ATM Withdrawal,8,Pune,Pune,iPhone,0,679,2852.82,2177.75,527.63,1.24,2,0,0,0,0.0138,0,1,Low
TXN102741,CUST060,47,1215.69,Purchase,8,Pune,Pune,iPhone,0,679,2705.38,2246.13,-1030.44,0.54,1,0,0,0,0.007,0,1,Low
TXN102742,CUST060,48,1331.04,Purchase,9,Pune,Pune,Windows,1,679,1215.69,2037.55,-706.51,0.65,1,0,0,0,0.0623,0,6,Low
TXN102743,CUST060,49,1669.92,Bill Payment,12,Pune,Pune,iPhone,0,679,1331.04,2059.48,-389.56,0.81,2,1,0,0,0.008,0,1,Low
TXN102744,CUST060,50,10385.53,Transfer,9,Pune,Pune,iPhone,0,679,1669.92,2145.89,8239.64,4.84,0,0,0,0,0.0303,0,3,Low
TXN102745,CUST060,51,4697.69,Online Payment,11,Mumbai,Pune,iPhone,0,679,10385.53,2893.34,1804.35,1.62,1,0,0,1,0.0213,0,2,Low
TXN102746,CUST061,1,5772.69,Transfer,17,Hyderabad,Hyderabad,Mac,0,444,0.0,5322.16,450.53,1.08,1,0,0,0,0.0133,0,1,Low
TXN102747,CUST061,2,3348.3,Bill Payment,13,Hyderabad,Hyderabad,Mac,0,444,5772.69,5772.69,-2424.38,0.58,1,0,0,0,0.0037,0,0,Low
TXN102748,CUST061,3,5084.17,Transfer,13,Hyderabad,Hyderabad,Mac,0,444,3348.3,4560.5,523.67,1.11,3,0,0,0,0.0048,0,0,Low
TXN102749,CUST061,4,1372.16,Purchase,18,Hyderabad,Hyderabad,Mac,0,444,5084.17,4735.05,-3362.89,0.29,1,0,0,0,0.0031,0,0,Low
TXN102750,CUST061,5,3277.62,Bill Payment,12,Hyderabad,Hyderabad,Mac,0,444,1372.16,3894.33,-616.71,0.84,2,0,0,0,0.0146,0,1,Low
TXN102751,CUST061,6,3058.57,Purchase,8,Hyderabad,Hyderabad,Mac,0,444,3277.62,3770.99,-712.42,0.81,1,0,0,0,0.0077,0,1,Low
TXN102752,CUST061,7,5163.58,Transfer,9,Hyderabad,Hyderabad,Mac,0,444,3058.57,3652.25,1511.33,1.41,3,0,0,0,0.0052,0,1,Low
TXN102753,CUST061,8,9149.94,Transfer,15,Hyderabad,Hyderabad,Mac,0,444,5163.58,3868.16,5281.78,2.37,4,0,0,0,0.0246,0,2,Low
TXN102754,CUST061,9,3662.19,Bill Payment,9,Hyderabad,Hyderabad,Mac,0,444,9149.94,4528.38,-866.19,0.81,0,0,0,0,0.0093,0,1,Low
TXN102755,CUST061,10,21373.35,Transfer,22,Hyderabad,Hyderabad,Mac,0,444,3662.19,4432.14,16941.21,4.82,6,0,0,0,0.0982,0,10,Low
TXN102756,CUST061,11,3464.82,ATM Withdrawal,20,Hyderabad,Hyderabad,Mac,0,444,21373.35,6126.26,-2661.44,0.57,1,0,0,0,0.0169,0,2,Low
TXN102757,CUST061,12,7239.41,Bill Payment,10,Hyderabad,Hyderabad,Mac,0,444,3464.82,5895.47,1343.94,1.23,2,0,0,0,0.0053,0,1,Low
TXN102758,CUST061,13,5066.3,Purchase,19,Hyderabad,Hyderabad,Mac,0,444,7239.41,6284.58,-1218.28,0.81,2,0,0,0,0.0105,0,1,Low
TXN102759,CUST061,14,4926.85,Bill Payment,6,Hyderabad,Hyderabad,Mac,0,444,5066.3,6282.79,-1355.95,0.78,2,0,0,0,0.0208,0,2,Low
TXN102760,CUST061,15,5488.48,Purchase,9,Hyderabad,Hyderabad,Mac,0,444,4926.85,6638.26,-1149.79,0.83,2,0,0,0,0.0186,0,2,Low
TXN102761,CUST061,16,5436.87,Bill Payment,17,Hyderabad,Hyderabad,Mac,0,444,5488.48,6859.35,-1422.47,0.79,2,0,0,0,0.0186,0,2,Low
TXN102762,CUST061,17,6805.07,Transfer,20,Hassan,Hyderabad,Mac,0,444,5436.87,7097.18,-292.11,0.96,0,1,1,1,0.1039,0,10,Low
TXN102763,CUST061,18,3531.6,Transfer,6,Hyderabad,Hyderabad,Mac,0,444,6805.07,7261.33,-3729.73,0.49,4,0,0,0,0.0104,0,1,Low
TXN102764,CUST061,19,12178.47,Transfer,17,Hyderabad,Hyderabad,Mac,0,444,3531.6,6699.49,5478.98,1.82,2,1,0,0,0.0113,0,1,Low
TXN102765,CUST061,20,2124.55,Purchase,17,Hyderabad,Hyderabad,Mac,0,444,12178.47,7551.12,-5426.57,0.28,2,0,0,0,0.0022,0,0,Low
TXN102766,CUST061,21,10114.05,Transfer,12,Hyderabad,Hyderabad,Mac,0,444,2124.55,5626.24,4487.8,1.8,1,0,0,0,0.0205,0,2,Low
TXN102767,CUST061,22,4277.11,Transfer,7,Hyderabad,Hyderabad,Mac,0,444,10114.05,6291.16,-2014.05,0.68,0,0,0,0,0.0093,0,1,Low
TXN102768,CUST061,23,5909.37,Bill Payment,17,Hyderabad,Hyderabad,Mac,0,444,4277.11,5994.93,-85.56,0.99,3,0,0,0,0.0114,0,1,Low
TXN102769,CUST061,24,3625.74,Transfer,10,Hyderabad,Hyderabad,Mac,0,444,5909.37,6079.24,-2453.51,0.6,5,0,0,0,0.0163,0,2,Low
TXN102770,CUST061,25,16197.74,Transfer,13,Hyderabad,Hyderabad,Mac,0,444,3625.74,5949.13,10248.61,2.72,1,0,0,0,0.0074,0,1,Low
TXN102771,CUST061,26,14522.47,Online Payment,9,Hyderabad,Hyderabad,Mac,0,444,16197.74,7020.06,7502.41,2.07,1,2,0,0,0.0114,0,1,Low
TXN102772,CUST061,27,10925.82,Purchase,15,Hyderabad,Hyderabad,Mac,0,444,14522.47,7928.62,2997.2,1.38,4,1,0,0,0.0164,0,2,Low
TXN102773,CUST061,28,3510.1,ATM Withdrawal,12,Hassan,Hyderabad,Mac,0,444,10925.82,8340.69,-4830.59,0.42,2,1,0,1,0.026,0,3,Low
TXN102774,CUST061,29,4978.62,Bill Payment,8,Hyderabad,Hyderabad,Mac,0,444,3510.1,8338.54,-3359.92,0.6,2,0,0,0,0.0046,0,0,Low
TXN102775,CUST061,30,2081.51,ATM Withdrawal,7,Hyderabad,Hyderabad,Mac,0,444,4978.62,7618.56,-5537.05,0.27,5,0,0,0,0.0274,0,3,Low
TXN102776,CUST061,31,6736.31,Purchase,22,Hyderabad,Hyderabad,Mac,0,444,2081.51,7614.25,-877.95,0.88,3,0,0,0,0.0089,0,1,Low
TXN102777,CUST061,32,12130.28,Transfer,13,Hyderabad,Hyderabad,Mac,0,444,6736.31,7276.48,4853.8,1.67,3,0,0,0,0.0057,0,1,Low
TXN102778,CUST061,33,2971.2,Purchase,8,Hyderabad,Hyderabad,Mac,0,444,12130.28,8061.8,-5090.59,0.37,1,0,0,0,0.0027,0,0,Low
TXN102779,CUST061,34,13445.81,Purchase,17,Hyderabad,Hyderabad,Mac,0,444,2971.2,7767.98,5677.83,1.73,4,0,0,0,0.0119,0,1,Low
TXN102780,CUST061,35,20296.91,Purchase,11,Hyderabad,Hyderabad,Mac,0,444,13445.81,8749.99,11546.93,2.32,4,0,0,0,0.0074,0,1,Low
TXN102781,CUST061,36,7074.81,Purchase,6,Hyderabad,Hyderabad,Mac,0,444,20296.91,9159.9,-2085.09,0.77,1,0,0,0,0.0083,0,1,Low
TXN102782,CUST061,37,13382.82,ATM Withdrawal,16,Hyderabad,Hyderabad,Mac,0,444,7074.81,8415.14,4967.68,1.59,1,0,0,0,0.0307,0,3,Low
TXN102783,CUST061,38,7646.48,Transfer,7,Hyderabad,Hyderabad,Mac,0,444,13382.82,8660.84,-1014.36,0.88,2,0,0,0,0.0249,0,2,Low
TXN102784,CUST061,39,13030.62,Purchase,19,Hyderabad,Hyderabad,Mac,0,444,7646.48,9074.48,3956.14,1.44,2,0,0,0,0.0033,0,0,Low
TXN102785,CUST061,40,8566.51,Transfer,15,Hassan,Hyderabad,Mac,0,444,13030.62,9879.67,-1313.17,0.87,0,0,0,1,0.025,0,2,Low
TXN102786,CUST061,41,2359.28,ATM Withdrawal,6,Hassan,Hyderabad,Mac,0,444,8566.51,10528.17,-8168.9,0.22,0,0,0,1,0.0325,0,3,Low
TXN102787,CUST061,42,8689.79,Transfer,16,Hyderabad,Hyderabad,Mac,0,444,2359.28,10090.47,-1400.68,0.86,1,0,0,0,0.0025,0,0,Low
TXN102788,CUST061,43,14898.36,Purchase,19,Hyderabad,Hyderabad,Mac,0,444,8689.79,9746.42,5151.93,1.53,0,0,0,0,0.0061,0,1,Low
TXN102789,CUST061,44,5165.19,ATM Withdrawal,7,Chennai,Hyderabad,Mac,0,444,14898.36,10939.14,-5773.95,0.47,1,0,0,1,0.0242,0,2,Low
TXN102790,CUST061,45,10038.94,Bill Payment,14,Hyderabad,Hyderabad,Mac,0,444,5165.19,10111.08,-72.13,0.99,5,0,0,0,0.0115,0,1,Low
TXN102791,CUST061,46,3380.87,Transfer,10,Mumbai,Hyderabad,Mac,0,444,10038.94,9085.28,-5704.41,0.37,1,1,0,0,0.55,1,55,Medium
TXN102792,CUST061,47,4648.81,Purchase,15,Hyderabad,Hyderabad,Android,1,444,3380.87,8715.88,-4067.07,0.53,1,0,0,0,0.0647,0,6,Low
TXN102793,CUST061,48,5260.85,Purchase,21,Hyderabad,Hyderabad,Mac,0,444,4648.81,7842.48,-2581.63,0.67,1,1,0,0,0.0018,0,0,Low
TXN102794,CUST061,49,1797.95,Purchase,14,Hyderabad,Hyderabad,Mac,0,444,5260.85,7603.92,-5805.98,0.24,2,0,0,0,0.0084,0,1,Low
TXN102795,CUST061,50,10626.14,Purchase,13,Hyderabad,Hyderabad,Mac,0,444,1797.95,6480.65,4145.48,1.64,2,1,0,0,0.0106,0,1,Low
TXN102796,CUST061,51,2129.26,Purchase,12,Hyderabad,Hyderabad,Mac,0,444,10626.14,6686.62,-4557.36,0.32,1,0,0,0,0.0086,0,1,Low
TXN102797,CUST061,52,3567.98,ATM Withdrawal,7,Hyderabad,Hyderabad,Mac,0,444,2129.26,6663.62,-3095.64,0.54,3,1,0,0,0.0033,0,0,Low
TXN102798,CUST061,53,6966.12,Transfer,18,Hyderabad,Hyderabad,Mac,0,444,3567.98,6151.43,814.69,1.13,1,0,0,0,0.0052,0,1,Low
TXN102799,CUST061,54,12344.76,Transfer,15,Hyderabad,Hyderabad,Mac,0,444,6966.12,5358.21,6986.55,2.3,3,0,0,0,0.0168,0,2,Low
TXN102800,CUST061,55,3058.64,Purchase,8,Hyderabad,Hyderabad,Mac,0,444,12344.76,6076.17,-3017.53,0.5,1,1,0,0,0.014,0,1,Low
TXN102801,CUST061,56,1368.1,Purchase,22,Hyderabad,Hyderabad,Mac,0,444,3058.64,5378.14,-4010.04,0.25,2,1,0,0,0.0098,0,1,Low
TXN102802,CUST061,57,4744.33,Transfer,18,Hyderabad,Hyderabad,Mac,0,444,1368.1,5176.86,-432.53,0.92,3,0,0,0,0.0022,0,0,Low
TXN102803,CUST061,58,7508.57,Transfer,15,Hyderabad,Hyderabad,Mac,0,444,4744.33,5186.41,2322.16,1.45,0,0,0,0,0.009,0,1,Low
TXN102804,CUST062,1,7829.67,Transfer,17,Bangalore,Bangalore,Android,0,2540,0.0,6359.28,1470.39,1.23,1,0,0,0,0.0143,0,1,Low
TXN102805,CUST062,2,6138.87,Purchase,22,Chennai,Bangalore,Android,0,2540,7829.67,7829.67,-1690.8,0.78,1,0,0,1,0.0322,0,3,Low
TXN102806,CUST062,3,4099.4,Purchase,11,Mangalore,Bangalore,Android,0,2540,6138.87,6984.27,-2884.87,0.59,3,1,0,1,0.043,0,4,Low
TXN102807,CUST062,4,5870.36,ATM Withdrawal,15,Chennai,Bangalore,Android,0,2540,4099.4,6022.65,-152.29,0.97,0,0,1,1,0.0619,0,6,Low
TXN102808,CUST062,5,5026.98,Transfer,21,Bangalore,Bangalore,Android,0,2540,5870.36,5984.58,-957.59,0.84,3,0,0,0,0.0103,0,1,Low
TXN102809,CUST062,6,21880.97,ATM Withdrawal,11,Bangalore,Bangalore,Android,0,2540,5026.98,5793.06,16087.92,3.78,0,2,0,0,0.0555,0,6,Low
TXN102810,CUST062,7,6578.36,Purchase,21,Bangalore,Bangalore,Android,0,2540,21880.97,8474.38,-1896.02,0.78,5,1,0,0,0.0243,0,2,Low
TXN102811,CUST062,8,5933.85,ATM Withdrawal,9,Bangalore,Bangalore,Android,0,2540,6578.36,8203.52,-2269.66,0.72,1,0,0,0,0.0018,0,0,Low
TXN102812,CUST062,9,13835.51,Purchase,13,Bangalore,Bangalore,Android,0,2540,5933.85,7919.81,5915.7,1.75,2,0,0,0,0.0082,0,1,Low
TXN102813,CUST062,10,8469.85,ATM Withdrawal,22,Bangalore,Bangalore,Android,0,2540,13835.51,8577.11,-107.26,0.99,2,0,0,0,0.0043,0,0,Low
TXN102814,CUST062,11,6383.21,Purchase,21,Bangalore,Bangalore,Android,0,2540,8469.85,8566.38,-2183.17,0.75,4,0,0,0,0.0096,0,1,Low
TXN102815,CUST062,12,8092.16,ATM Withdrawal,12,Mumbai,Bangalore,Android,0,2540,6383.21,8421.74,-329.57,0.96,0,1,0,1,0.0108,0,1,Low
TXN102816,CUST062,13,8299.96,ATM Withdrawal,6,Delhi,Bangalore,Android,0,2540,8092.16,8617.07,-317.1,0.96,1,0,0,1,0.0732,0,7,Low
TXN102817,CUST062,14,10333.28,Online Payment,18,Hassan,Bangalore,Android,0,2540,8299.96,9037.12,1296.16,1.14,1,0,0,1,0.0436,0,4,Low
TXN102818,CUST062,15,1317.77,Transfer,19,Bangalore,Bangalore,Android,0,2540,10333.28,9483.41,-8165.65,0.14,4,0,0,0,0.0128,0,1,Low
TXN102819,CUST062,16,11717.91,Transfer,21,Bangalore,Bangalore,Mac,1,2540,1317.77,9112.49,2605.42,1.29,3,0,0,0,0.0421,0,4,Low
TXN102820,CUST062,17,4164.07,ATM Withdrawal,20,Delhi,Bangalore,Android,0,2540,11717.91,8096.19,-3932.12,0.51,2,0,0,1,0.0285,0,3,Low
TXN102821,CUST062,18,4414.51,Purchase,13,Pune,Bangalore,Android,0,2540,4164.07,7854.76,-3440.24,0.56,0,0,0,1,0.0162,0,2,Low
TXN102822,CUST062,19,6083.36,Transfer,11,Bangalore,Bangalore,Android,0,2540,4414.51,7702.82,-1619.47,0.79,5,0,0,0,0.0068,0,1,Low
TXN102823,CUST062,20,4259.61,ATM Withdrawal,12,Bangalore,Bangalore,Android,0,2540,6083.36,6927.61,-2668.0,0.61,4,0,0,0,0.0075,0,1,Low
TXN102824,CUST062,21,6902.97,Online Payment,11,Chennai,Bangalore,Android,0,2540,4259.61,6506.58,396.39,1.06,2,0,0,1,0.0287,0,3,Low
TXN102825,CUST062,22,7330.94,Purchase,7,Mysore,Bangalore,Android,0,2540,6902.97,6558.56,772.38,1.12,0,0,0,1,0.0058,0,1,Low
TXN102826,CUST062,23,2932.61,Transfer,10,Bangalore,Bangalore,Android,0,2540,7330.94,6482.44,-3549.83,0.45,3,0,0,0,0.0113,0,1,Low
TXN102827,CUST062,24,8857.01,Transfer,8,Bangalore,Bangalore,Mac,1,2540,2932.61,5945.7,2911.31,1.49,3,0,0,0,0.0131,0,1,Low
TXN102828,CUST062,25,17469.97,Transfer,6,Bangalore,Bangalore,Android,0,2540,8857.01,5798.07,11671.9,3.01,3,0,0,0,0.0174,0,2,Low
TXN102829,CUST062,26,7667.41,Transfer,8,Bangalore,Bangalore,Android,0,2540,17469.97,7413.3,254.12,1.03,1,1,0,0,0.0271,0,3,Low
TXN102830,CUST062,27,4106.55,Transfer,14,Bangalore,Bangalore,Mac,1,2540,7667.41,7008.25,-2901.7,0.59,3,0,0,0,0.035,0,3,Low
TXN102831,CUST062,28,9239.86,Online Payment,8,Bangalore,Bangalore,Android,0,2540,4106.55,7002.49,2237.37,1.32,1,0,0,0,0.0102,0,1,Low
TXN102832,CUST062,29,9600.1,Transfer,11,Bangalore,Bangalore,Android,0,2540,9239.86,7485.03,2115.07,1.28,2,0,0,0,0.0099,0,1,Low
TXN102833,CUST062,30,4210.5,Purchase,6,Bangalore,Bangalore,Android,0,2540,9600.1,7836.7,-3626.2,0.54,1,0,0,0,0.0179,0,2,Low
TXN102834,CUST062,31,3861.33,Purchase,14,Bangalore,Bangalore,Android,0,2540,4210.5,7831.79,-3970.46,0.49,4,0,0,0,0.017,0,2,Low
TXN102835,CUST062,32,4577.61,Transfer,20,Hassan,Bangalore,Android,0,2540,3861.33,7527.63,-2950.02,0.61,3,0,0,1,0.0226,0,2,Low
TXN102836,CUST062,33,2404.66,Purchase,13,Bangalore,Bangalore,Android,0,2540,4577.61,7252.3,-4847.64,0.33,1,1,0,0,0.009,0,1,Low
TXN102837,CUST062,34,4151.14,Transfer,20,Bangalore,Bangalore,Android,0,2540,2404.66,7199.5,-3048.36,0.58,4,0,0,0,0.0042,0,0,Low
TXN102838,CUST062,35,9688.09,Online Payment,16,Bangalore,Bangalore,Android,0,2540,4151.14,6728.91,2959.18,1.44,2,1,0,0,0.0047,0,0,Low
TXN102839,CUST062,36,3359.8,Purchase,8,Bangalore,Bangalore,Android,0,2540,9688.09,5950.73,-2590.92,0.56,4,0,0,0,0.0103,0,1,Low
TXN102840,CUST062,37,9822.36,Purchase,14,Bangalore,Bangalore,Android,0,2540,3359.8,5519.97,4302.4,1.78,3,0,0,0,0.0269,0,3,Low
TXN102841,CUST062,38,3978.03,Purchase,20,Bangalore,Bangalore,Android,0,2540,9822.36,6091.55,-2113.51,0.65,0,0,0,0,0.0083,0,1,Low
TXN102842,CUST062,39,1964.5,Purchase,7,Bangalore,Bangalore,Android,0,2540,3978.03,5565.36,-3600.87,0.35,6,0,0,0,0.0126,0,1,Low
TXN102843,CUST062,40,4394.25,Online Payment,11,Bangalore,Bangalore,Android,0,2540,1964.5,4801.8,-407.55,0.92,3,0,0,0,0.006,0,1,Low
TXN102844,CUST062,41,10622.97,Purchase,8,Bangalore,Bangalore,Android,0,2540,4394.25,4820.18,5802.79,2.2,3,0,0,0,0.0165,0,2,Low
TXN102845,CUST062,42,4954.61,Purchase,18,Bangalore,Bangalore,Android,0,2540,10622.97,5496.34,-541.73,0.9,4,0,0,0,0.0029,0,0,Low
TXN102846,CUST062,43,10936.2,ATM Withdrawal,9,Bangalore,Bangalore,Android,0,2540,4954.61,5534.04,5402.16,1.98,5,3,0,0,0.0212,0,2,Low
TXN102847,CUST062,44,8929.49,Purchase,11,Bangalore,Bangalore,Android,0,2540,10936.2,6387.2,2542.29,1.4,1,0,0,0,0.0024,0,0,Low
TXN102848,CUST062,45,5664.3,Online Payment,6,Bangalore,Bangalore,Android,0,2540,8929.49,6865.03,-1200.73,0.83,2,0,0,0,0.0049,0,0,Low
TXN102849,CUST062,46,6431.39,Bill Payment,8,Bangalore,Bangalore,Android,0,2540,5664.3,6462.65,-31.26,1.0,2,0,0,0,0.0039,0,0,Low
TXN102850,CUST062,47,4095.42,Bill Payment,10,Bangalore,Bangalore,iPhone,1,2540,6431.39,6769.81,-2674.39,0.6,4,0,0,0,0.0293,0,3,Low
TXN102851,CUST062,48,10831.81,Purchase,6,Bangalore,Bangalore,Android,0,2540,4095.42,6197.12,4634.69,1.75,5,0,0,0,0.0101,0,1,Low
TXN102852,CUST062,49,25374.17,Online Payment,19,Bangalore,Bangalore,Android,0,2540,10831.81,6882.49,18491.68,3.69,3,0,0,0,0.0432,0,4,Low
TXN102853,CUST062,50,7589.09,Transfer,14,Bangalore,Bangalore,Android,0,2540,25374.17,9223.46,-1634.37,0.82,0,2,0,0,0.0322,0,3,Low
TXN102854,CUST062,51,5405.17,Bill Payment,13,Bangalore,Bangalore,Android,0,2540,7589.09,9542.94,-4137.77,0.57,2,0,0,0,0.0319,0,3,Low
TXN102855,CUST062,52,3806.41,Transfer,11,Bangalore,Bangalore,Android,0,2540,5405.17,9021.16,-5214.75,0.42,2,0,0,0,0.0303,0,3,Low
TXN102856,CUST062,53,6036.02,Purchase,15,Bangalore,Bangalore,Android,0,2540,3806.41,8906.34,-2870.32,0.68,0,3,0,0,0.0272,0,3,Low
TXN102857,CUST063,1,3166.39,Purchase,18,Mangalore,Mangalore,Windows,1,2784,0.0,5440.99,-2274.6,0.58,3,0,0,0,0.1751,0,18,Low
TXN102858,CUST063,2,13134.27,Transfer,16,Mangalore,Mangalore,iPhone,0,2784,3166.39,3166.39,9967.88,4.15,0,0,0,0,0.0081,0,1,Low
TXN102859,CUST063,3,14814.15,Purchase,10,Mangalore,Mangalore,iPhone,0,2784,13134.27,8150.33,6663.81,1.82,2,1,0,0,0.0048,0,0,Low
TXN102860,CUST063,4,7762.53,Transfer,20,Mangalore,Mangalore,iPhone,0,2784,14814.15,10371.6,-2609.07,0.75,1,0,0,0,0.0044,0,0,Low
TXN102861,CUST063,5,6301.95,Transfer,15,Mangalore,Mangalore,iPhone,0,2784,7762.53,9719.34,-3417.38,0.65,3,0,0,0,0.0032,0,0,Low
TXN102862,CUST063,6,5779.81,Transfer,16,Mangalore,Mangalore,iPhone,0,2784,6301.95,9035.86,-3256.05,0.64,2,0,0,0,0.0081,0,1,Low
TXN102863,CUST063,7,7060.66,Bill Payment,15,Mangalore,Mangalore,iPhone,0,2784,5779.81,8493.18,-1432.52,0.83,0,0,0,0,0.0019,0,0,Low
TXN102864,CUST063,8,3833.07,Transfer,20,Mangalore,Mangalore,iPhone,0,2784,7060.66,8288.54,-4455.47,0.46,3,0,0,0,0.0058,0,1,Low
TXN102865,CUST063,9,8345.3,Bill Payment,12,Mangalore,Mangalore,iPhone,0,2784,3833.07,7731.6,613.7,1.08,4,0,0,0,0.009,0,1,Low
TXN102866,CUST063,10,7208.55,Transfer,10,Mangalore,Mangalore,iPhone,0,2784,8345.3,7799.79,-591.25,0.92,1,0,0,0,0.0053,0,1,Low
TXN102867,CUST063,11,8402.77,Online Payment,20,Mysore,Mangalore,iPhone,0,2784,7208.55,7740.67,662.1,1.09,2,0,0,1,0.0176,0,2,Low
TXN102868,CUST063,12,16687.13,Purchase,8,Mangalore,Mangalore,iPhone,0,2784,8402.77,8264.31,8422.82,2.02,0,0,0,0,0.0066,0,1,Low
TXN102869,CUST063,13,8912.83,Online Payment,11,Mangalore,Mangalore,iPhone,0,2784,16687.13,8619.59,293.24,1.03,2,0,0,0,0.0203,0,2,Low
TXN102870,CUST063,14,12599.66,Bill Payment,10,Pune,Mangalore,Windows,1,2784,8912.83,8029.46,4570.2,1.57,0,0,0,1,0.1092,1,11,Low
TXN102871,CUST063,15,8134.61,Purchase,9,Mangalore,Mangalore,iPhone,0,2784,12599.66,8513.17,-378.56,0.96,1,0,0,0,0.0042,0,0,Low
TXN102872,CUST063,16,7747.01,Purchase,15,Mangalore,Mangalore,iPhone,0,2784,8134.61,8696.44,-949.43,0.89,2,0,0,0,0.0071,0,1,Low
TXN102873,CUST063,17,7304.19,Transfer,21,Chennai,Mangalore,iPhone,0,2784,7747.01,8893.16,-1588.97,0.82,2,0,0,1,0.0417,0,4,Low
TXN102874,CUST063,18,7896.97,Online Payment,20,Mangalore,Mangalore,iPhone,0,2784,7304.19,8917.51,-1020.54,0.89,4,0,0,0,0.0096,0,1,Low
TXN102875,CUST063,19,6563.83,Bill Payment,22,Mangalore,Mangalore,iPhone,0,2784,7896.97,9323.9,-2760.07,0.7,1,0,0,0,0.011,0,1,Low
TXN102876,CUST063,20,3341.98,Transfer,11,Hyderabad,Mangalore,iPhone,0,2784,6563.83,9145.75,-5803.78,0.37,3,0,0,1,0.0264,0,3,Low
TXN102877,CUST063,21,6301.0,Transfer,18,Mangalore,Mangalore,iPhone,0,2784,3341.98,8759.1,-2458.1,0.72,4,0,0,0,0.0115,0,1,Low
TXN102878,CUST063,22,5931.96,Purchase,22,Mangalore,Mangalore,iPhone,0,2784,6301.0,8548.92,-2616.96,0.69,2,0,0,0,0.0043,0,0,Low
TXN102879,CUST063,23,3483.41,ATM Withdrawal,21,Mangalore,Mangalore,iPhone,0,2784,5931.96,7473.4,-3989.99,0.47,2,0,0,0,0.0125,0,1,Low
TXN102880,CUST063,24,4980.9,Purchase,8,Mangalore,Mangalore,iPhone,0,2784,3483.41,6930.46,-1949.56,0.72,0,0,0,0,0.0081,0,1,Low
TXN102881,CUST063,25,16048.95,Purchase,11,Mangalore,Mangalore,Android,1,2784,4980.9,6168.59,9880.36,2.6,1,1,0,0,0.2025,0,20,Low
TXN102882,CUST063,26,2657.86,Transfer,18,Mangalore,Mangalore,iPhone,0,2784,16048.95,6960.02,-4302.16,0.38,0,0,0,0,0.006,0,1,Low
TXN102883,CUST063,27,4004.56,Purchase,14,Mangalore,Mangalore,iPhone,0,2784,2657.86,6451.11,-2446.55,0.62,1,0,0,0,0.0051,0,1,Low
TXN102884,CUST063,28,1044.08,Transfer,21,Mangalore,Mangalore,iPhone,0,2784,4004.56,6121.14,-5077.06,0.17,5,0,0,0,0.0977,0,10,Low
TXN102885,CUST063,29,9286.24,Transfer,22,Mangalore,Mangalore,iPhone,0,2784,1044.08,5435.85,3850.39,1.71,3,0,0,0,0.0043,0,0,Low
TXN102886,CUST063,30,6362.52,Transfer,9,Mangalore,Mangalore,iPhone,0,2784,9286.24,5708.09,654.43,1.11,1,0,0,0,0.0085,0,1,Low
TXN102887,CUST063,31,5353.59,Transfer,18,Mangalore,Mangalore,iPhone,0,2784,6362.52,6010.15,-656.55,0.89,1,1,0,0,0.0128,0,1,Low
TXN102888,CUST063,32,9212.87,ATM Withdrawal,12,Mangalore,Mangalore,iPhone,0,2784,5353.59,5915.41,3297.46,1.56,4,0,0,0,0.0073,0,1,Low
TXN102889,CUST063,33,10307.44,Purchase,13,Mangalore,Mangalore,iPhone,0,2784,9212.87,6243.5,4063.95,1.65,4,0,0,0,0.0037,0,0,Low
TXN102890,CUST063,34,5013.56,Bill Payment,16,Mangalore,Mangalore,iPhone,0,2784,10307.44,6925.9,-1912.34,0.72,1,0,0,0,0.003,0,0,Low
TXN102891,CUST063,35,5251.77,Transfer,17,Mangalore,Mangalore,iPhone,0,2784,5013.56,6929.17,-1677.4,0.76,2,1,0,0,0.003,0,0,Low
TXN102892,CUST063,36,2309.59,Transfer,15,Mangalore,Mangalore,iPhone,0,2784,5251.77,5849.45,-3539.86,0.39,2,0,0,0,0.0105,0,1,Low
TXN102893,CUST063,37,2735.91,Purchase,6,Mangalore,Mangalore,iPhone,0,2784,2309.59,5814.62,-3078.71,0.47,3,1,0,0,0.0255,0,3,Low
TXN102894,CUST063,38,2049.39,Purchase,17,Mangalore,Mangalore,iPhone,0,2784,2735.91,5687.76,-3638.36,0.36,2,0,0,0,0.0049,0,0,Low
TXN102895,CUST063,39,2277.86,Transfer,14,Mangalore,Mangalore,iPhone,0,2784,2049.39,5788.29,-3510.43,0.39,1,0,0,0,0.0043,0,0,Low
TXN102896,CUST063,40,3477.36,Transfer,10,Mangalore,Mangalore,iPhone,0,2784,2277.86,5087.45,-1610.09,0.68,2,0,0,0,0.0125,0,1,Low
TXN102897,CUST063,41,2830.14,Online Payment,15,Mangalore,Mangalore,iPhone,0,2784,3477.36,4798.93,-1968.8,0.59,1,0,0,0,0.0104,0,1,Low
TXN102898,CUST064,1,5826.54,Transfer,10,Hyderabad,Hyderabad,iPhone,0,2017,0.0,9255.92,-3429.38,0.63,3,0,0,0,0.0086,0,1,Low
TXN102899,CUST064,2,5759.29,ATM Withdrawal,13,Bangalore,Hyderabad,iPhone,0,2017,5826.54,5826.54,-67.25,0.99,1,0,0,1,0.0277,0,3,Low
TXN102900,CUST064,3,15622.14,Purchase,11,Hyderabad,Hyderabad,iPhone,0,2017,5759.29,5792.91,9829.22,2.7,2,0,0,0,0.0063,0,1,Low
TXN102901,CUST064,4,31415.93,Transfer,7,Hyderabad,Hyderabad,iPhone,0,2017,15622.14,9069.32,22346.6,3.46,1,0,0,0,0.0275,0,3,Low
TXN102902,CUST064,5,5544.26,Purchase,16,Hyderabad,Hyderabad,iPhone,0,2017,31415.93,14655.97,-9111.71,0.38,3,0,0,0,0.0048,0,0,Low
TXN102903,CUST064,6,5943.21,Transfer,22,Hyderabad,Hyderabad,iPhone,0,2017,5544.26,12833.63,-6890.42,0.46,0,0,0,0,0.0101,0,1,Low
TXN102904,CUST064,7,10964.5,Transfer,22,Mysore,Hyderabad,iPhone,0,2017,5943.21,11685.23,-720.73,0.94,4,0,0,1,0.0851,0,9,Low
TXN102905,CUST064,8,4408.9,Purchase,8,Mumbai,Hyderabad,iPhone,0,2017,10964.5,11582.27,-7173.36,0.38,5,0,1,1,0.0743,0,7,Low
TXN102906,CUST064,9,4533.33,Bill Payment,20,Chennai,Hyderabad,iPhone,0,2017,4408.9,10685.6,-6152.26,0.42,3,0,0,1,0.0472,0,5,Low
TXN102907,CUST064,10,4918.65,Bill Payment,22,Hyderabad,Hyderabad,iPhone,0,2017,4533.33,10002.01,-5083.36,0.49,3,0,0,0,0.0064,0,1,Low
TXN102908,CUST064,11,2275.36,Transfer,16,Hyderabad,Hyderabad,iPhone,0,2017,4918.65,9493.67,-7218.31,0.24,3,1,0,0,0.0104,0,1,Low
TXN102909,CUST064,12,7547.89,Online Payment,9,Hyderabad,Hyderabad,iPhone,0,2017,2275.36,9138.56,-1590.67,0.83,4,0,0,0,0.0126,0,1,Low
TXN102910,CUST064,13,15147.28,Transfer,22,Hyderabad,Hyderabad,Mac,1,2017,7547.89,9317.42,5829.87,1.63,4,3,0,0,0.0786,0,8,Low
TXN102911,CUST064,14,8335.91,Online Payment,10,Hyderabad,Hyderabad,iPhone,0,2017,15147.28,9269.93,-934.02,0.9,1,1,0,0,0.0137,0,1,Low
TXN102912,CUST064,15,14742.51,ATM Withdrawal,22,Hyderabad,Hyderabad,iPhone,0,2017,8335.91,6961.93,7780.58,2.12,4,1,0,0,0.0069,0,1,Low
TXN102913,CUST064,16,15782.02,ATM Withdrawal,19,Hyderabad,Hyderabad,iPhone,0,2017,14742.51,7881.75,7900.27,2.0,1,1,0,0,0.0041,0,0,Low
TXN102914,CUST064,17,6415.82,Purchase,18,Hyderabad,Hyderabad,iPhone,0,2017,15782.02,8865.64,-2449.82,0.72,0,0,0,0,0.0093,0,1,Low
TXN102915,CUST064,18,7255.29,Purchase,16,Hyderabad,Hyderabad,iPhone,0,2017,6415.82,8410.77,-1155.47,0.86,2,0,0,0,0.006,0,1,Low
TXN102916,CUST064,19,19949.28,Bill Payment,14,Hyderabad,Hyderabad,iPhone,0,2017,7255.29,8695.41,11253.87,2.29,3,0,0,0,0.0079,0,1,Low
TXN102917,CUST064,20,5481.33,Purchase,21,Hyderabad,Hyderabad,iPhone,0,2017,19949.28,10237.0,-4755.67,0.54,1,1,0,0,0.0156,0,2,Low
TXN102918,CUST064,21,6167.26,ATM Withdrawal,20,Hyderabad,Hyderabad,iPhone,0,2017,5481.33,10293.27,-4126.01,0.6,5,2,0,0,0.0335,0,3,Low
TXN102919,CUST064,22,9421.99,Transfer,14,Hyderabad,Hyderabad,iPhone,0,2017,6167.26,10682.46,-1260.47,0.88,3,1,0,0,0.0056,0,1,Low
TXN102920,CUST064,23,14525.73,Transfer,21,Chennai,Hyderabad,iPhone,0,2017,9421.99,10869.87,3655.86,1.34,2,1,0,1,0.023,0,2,Low
TXN102921,CUST064,24,11856.14,Online Payment,12,Hyderabad,Hyderabad,iPhone,0,2017,14525.73,10807.71,1048.42,1.1,3,1,1,0,0.0137,0,1,Low
TXN102922,CUST064,25,9443.55,Purchase,7,Hyderabad,Hyderabad,iPhone,0,2017,11856.14,11159.74,-1716.19,0.85,0,2,0,0,0.034,0,3,Low
TXN102923,CUST064,26,7496.83,Transfer,19,Hyderabad,Hyderabad,iPhone,0,2017,9443.55,10629.84,-3133.02,0.71,1,0,0,0,0.0107,0,1,Low
TXN102924,CUST064,27,16672.12,Purchase,8,Hyderabad,Hyderabad,iPhone,0,2017,7496.83,9801.32,6870.8,1.7,2,0,0,0,0.0058,0,1,Low
TXN102925,CUST064,28,17888.69,Transfer,13,Hyderabad,Hyderabad,iPhone,0,2017,16672.12,10826.95,7061.73,1.65,0,2,1,0,0.0654,0,7,Low
TXN102926,CUST064,29,7782.37,ATM Withdrawal,22,Hyderabad,Hyderabad,iPhone,0,2017,17888.69,11890.29,-4107.92,0.65,1,0,0,0,0.007,0,1,Low
TXN102927,CUST064,30,23824.42,Online Payment,14,Hyderabad,Hyderabad,iPhone,0,2017,7782.37,10673.6,13150.82,2.23,2,0,0,0,0.0228,0,2,Low
TXN102928,CUST064,31,11051.31,ATM Withdrawal,11,Hyderabad,Hyderabad,iPhone,0,2017,23824.42,12507.91,-1456.6,0.88,3,0,0,0,0.0063,0,1,Low
TXN102929,CUST064,32,22369.97,Transfer,20,Hyderabad,Hyderabad,iPhone,0,2017,11051.31,12996.31,9373.66,1.72,4,1,0,0,0.0088,0,1,Low
TXN102930,CUST064,33,7725.12,Transfer,9,Chennai,Hyderabad,iPhone,0,2017,22369.97,14291.11,-6566.0,0.54,0,0,0,1,0.014,0,1,Low
TXN102931,CUST064,34,17424.53,Transfer,15,Hyderabad,Hyderabad,iPhone,0,2017,7725.12,13611.05,3813.48,1.28,3,0,0,0,0.0017,0,0,Low
TXN102932,CUST064,35,5730.01,ATM Withdrawal,12,Hyderabad,Hyderabad,iPhone,0,2017,17424.53,14167.89,-8437.88,0.4,1,0,0,0,0.0256,0,3,Low
TXN102933,CUST064,36,17170.43,Online Payment,13,Hyderabad,Hyderabad,iPhone,0,2017,5730.01,13796.54,3373.89,1.24,1,0,0,0,0.0058,0,1,Low
TXN102934,CUST064,37,6591.21,Transfer,17,Hyderabad,Hyderabad,iPhone,0,2017,17170.43,14763.9,-8172.68,0.45,6,0,0,0,0.0076,0,1,Low
TXN102935,CUST064,38,44475.18,Transfer,15,Hyderabad,Hyderabad,iPhone,0,2017,6591.21,13755.81,30719.37,3.23,1,0,0,0,0.0519,0,5,Low
TXN102936,CUST064,39,11588.13,Purchase,18,Hyderabad,Hyderabad,iPhone,0,2017,44475.18,16414.46,-4826.32,0.71,3,1,0,0,0.0024,0,0,Low
TXN102937,CUST064,40,12454.46,Transfer,11,Hyderabad,Hyderabad,iPhone,0,2017,11588.13,16795.03,-4340.57,0.74,4,2,0,0,0.0443,0,4,Low
TXN102938,CUST064,41,16520.14,Bill Payment,6,Hyderabad,Hyderabad,iPhone,0,2017,12454.46,15658.04,862.1,1.06,1,0,0,0,0.0095,0,1,Low
TXN102939,CUST064,42,7809.71,Purchase,17,Hyderabad,Hyderabad,iPhone,0,2017,16520.14,16204.92,-8395.21,0.48,3,0,1,0,0.0099,0,1,Low
TXN102940,CUST064,43,16093.64,Purchase,19,Hyderabad,Hyderabad,Android,1,2017,7809.71,14748.89,1344.75,1.09,6,0,0,0,0.0498,0,5,Low
TXN102941,CUST064,44,34109.98,Purchase,4,Delhi,Hyderabad,iPhone,0,2017,16093.64,15585.74,18524.24,2.19,5,0,1,0,0.55,1,55,Medium
TXN102942,CUST064,45,30538.96,ATM Withdrawal,18,Hyderabad,Hyderabad,iPhone,0,2017,34109.98,17254.29,13284.67,1.77,1,0,0,0,0.0159,0,2,Low
TXN102943,CUST064,46,16694.24,Transfer,12,Hyderabad,Hyderabad,iPhone,0,2017,30538.96,19735.18,-3040.95,0.85,1,0,0,0,0.0209,0,2,Low
TXN102944,CUST064,47,13332.39,Purchase,18,Hyderabad,Hyderabad,Android,1,2017,16694.24,19687.56,-6355.17,0.68,3,0,0,0,0.0216,0,2,Low
TXN102945,CUST064,48,9320.55,Purchase,17,Pune,Hyderabad,iPhone,0,2017,13332.39,20361.68,-11041.13,0.46,5,1,0,1,0.0246,0,2,Low
TXN102946,CUST064,49,3221.76,ATM Withdrawal,20,Hyderabad,Hyderabad,iPhone,0,2017,9320.55,16846.22,-13624.46,0.19,1,1,0,0,0.0102,0,1,Low
TXN102947,CUST064,50,5675.72,Transfer,18,Hyderabad,Hyderabad,iPhone,0,2017,3221.76,16009.58,-10333.86,0.35,1,0,0,0,0.0102,0,1,Low
TXN102948,CUST064,51,11459.31,Transfer,21,Hyderabad,Hyderabad,iPhone,0,2017,5675.72,15331.71,-3872.4,0.75,1,0,0,0,0.0127,0,1,Low
TXN102949,CUST064,52,21960.19,Bill Payment,17,Hyderabad,Hyderabad,iPhone,0,2017,11459.31,14825.62,7134.56,1.48,3,0,0,0,0.0307,0,3,Low
TXN102950,CUST064,53,8395.79,Transfer,20,Hassan,Hyderabad,iPhone,0,2017,21960.19,16240.67,-7844.89,0.52,1,0,0,1,0.0199,0,2,Low
TXN102951,CUST064,54,7042.13,Purchase,10,Delhi,Hyderabad,iPhone,0,2017,8395.79,15470.89,-8428.76,0.46,3,0,0,1,0.0183,0,2,Low
TXN102952,CUST064,55,4170.38,Bill Payment,9,Hyderabad,Hyderabad,iPhone,0,2017,7042.13,12764.1,-8593.72,0.33,2,0,0,0,0.0061,0,1,Low
TXN102953,CUST064,56,17370.52,Purchase,6,Hyderabad,Hyderabad,iPhone,0,2017,4170.38,10127.24,7243.28,1.72,2,0,1,0,0.017,0,2,Low
TXN102954,CUST064,57,5206.13,Purchase,10,Hyderabad,Hyderabad,iPhone,0,2017,17370.52,10194.87,-4988.75,0.51,2,0,0,0,0.0103,0,1,Low
TXN102955,CUST064,58,7625.96,Purchase,13,Hyderabad,Hyderabad,iPhone,0,2017,5206.13,9382.25,-1756.28,0.81,1,1,0,0,0.005,0,1,Low
TXN102956,CUST064,59,6882.89,Purchase,6,Hyderabad,Hyderabad,iPhone,0,2017,7625.96,9212.79,-2329.89,0.75,3,2,0,0,0.0166,0,2,Low
TXN102957,CUST065,1,3827.59,Online Payment,21,Delhi,Delhi,Mac,0,1417,0.0,2954.88,872.71,1.3,5,1,1,0,0.0223,0,2,Low
TXN102958,CUST065,2,3935.87,Purchase,20,Delhi,Delhi,Mac,0,1417,3827.59,3827.59,108.28,1.03,3,0,0,0,0.0071,0,1,Low
TXN102959,CUST065,3,5219.2,Online Payment,18,Delhi,Delhi,Mac,0,1417,3935.87,3881.73,1337.47,1.34,3,0,0,0,0.0022,0,0,Low
TXN102960,CUST065,4,6192.33,Purchase,22,Delhi,Delhi,Mac,0,1417,5219.2,4327.55,1864.77,1.43,1,0,0,0,0.007,0,1,Low
TXN102961,CUST065,5,1955.62,ATM Withdrawal,22,Mysore,Delhi,Mac,0,1417,6192.33,4793.75,-2838.12,0.41,2,0,0,1,0.05,0,5,Low
TXN102962,CUST065,6,1364.82,ATM Withdrawal,18,Delhi,Delhi,Mac,0,1417,1955.62,4226.12,-2861.3,0.32,1,1,0,0,0.0038,0,0,Low
TXN102963,CUST065,7,1182.07,Transfer,18,Delhi,Delhi,Mac,0,1417,1364.82,3749.24,-2567.17,0.32,2,1,0,0,0.0045,0,0,Low
TXN102964,CUST065,8,3240.1,Bill Payment,9,Mangalore,Delhi,Mac,0,1417,1182.07,3382.5,-142.4,0.96,3,0,1,1,0.0425,0,4,Low
TXN102965,CUST065,9,684.33,Purchase,16,Delhi,Delhi,Mac,0,1417,3240.1,3364.7,-2680.37,0.2,2,0,1,0,0.0156,0,2,Low
TXN102966,CUST065,10,3376.71,Purchase,11,Delhi,Delhi,Mac,0,1417,684.33,3066.88,309.83,1.1,3,0,0,0,0.0036,0,0,Low
TXN102967,CUST065,11,5510.37,Bill Payment,12,Delhi,Delhi,Mac,0,1417,3376.71,3097.86,2412.5,1.78,3,0,0,0,0.0061,0,1,Low
TXN102968,CUST065,12,5236.1,Purchase,13,Chennai,Delhi,Mac,0,1417,5510.37,3266.14,1969.96,1.6,1,0,0,1,0.0433,0,4,Low
TXN102969,CUST065,13,4189.83,ATM Withdrawal,14,Delhi,Delhi,Mac,0,1417,5236.1,3396.16,793.67,1.23,4,1,0,0,0.0072,0,1,Low
TXN102970,CUST065,14,4970.91,Transfer,13,Mysore,Delhi,Mac,0,1417,4189.83,3293.23,1677.69,1.51,2,1,0,1,0.0213,0,2,Low
TXN102971,CUST065,15,3170.08,Purchase,13,Delhi,Delhi,Mac,0,1417,4970.91,3171.09,-1.01,1.0,3,2,0,0,0.0186,0,2,Low
TXN102972,CUST065,16,12303.5,Transfer,11,Delhi,Delhi,Mac,0,1417,3170.08,3292.53,9010.97,3.74,5,0,0,0,0.0248,0,2,Low
TXN102973,CUST065,17,3166.21,Purchase,21,Delhi,Delhi,Mac,0,1417,12303.5,4386.4,-1220.19,0.72,3,3,0,0,0.0135,0,1,Low
TXN102974,CUST065,18,2543.9,Online Payment,13,Delhi,Delhi,Mac,0,1417,3166.21,4584.81,-2040.92,0.55,5,0,0,0,0.0386,0,4,Low
TXN102975,CUST065,19,1731.56,Purchase,11,Delhi,Delhi,Mac,0,1417,2543.9,4515.19,-2783.63,0.38,1,0,0,0,0.0111,0,1,Low
TXN102976,CUST065,20,2690.03,Transfer,8,Delhi,Delhi,Mac,0,1417,1731.56,4619.92,-1929.88,0.58,2,1,0,0,0.0027,0,0,Low
TXN102977,CUST065,21,9527.57,ATM Withdrawal,11,Delhi,Delhi,Mac,0,1417,2690.03,4551.25,4976.32,2.09,2,0,0,0,0.0029,0,0,Low
TXN102978,CUST065,22,1563.97,ATM Withdrawal,20,Delhi,Delhi,Mac,0,1417,9527.57,4952.97,-3389.0,0.32,2,0,0,0,0.0061,0,1,Low
TXN102979,CUST065,23,4217.04,Bill Payment,12,Chennai,Delhi,Mac,0,1417,1563.97,4585.76,-368.72,0.92,0,0,0,1,0.019,0,2,Low
TXN102980,CUST065,24,2209.47,Online Payment,13,Delhi,Delhi,Mac,0,1417,4217.04,4588.48,-2379.01,0.48,0,0,0,0,0.0105,0,1,Low
TXN102981,CUST065,25,2993.94,Transfer,4,Hassan,Delhi,Mac,1,1417,2209.47,4312.33,-1318.4,0.69,7,3,0,1,0.55,1,55,Medium
TXN102982,CUST065,26,4642.32,Transfer,11,Delhi,Delhi,Mac,0,1417,2993.94,4294.72,347.6,1.08,3,0,0,0,0.0156,0,2,Low
TXN102983,CUST065,27,2588.3,ATM Withdrawal,7,Chennai,Delhi,Mac,0,1417,4642.32,3528.6,-940.3,0.73,3,0,0,1,0.023,0,2,Low
TXN102984,CUST065,28,920.14,Transfer,17,Delhi,Delhi,Mac,0,1417,2588.3,3470.81,-2550.67,0.27,3,0,0,0,0.0055,0,1,Low
TXN102985,CUST065,29,3587.82,Bill Payment,11,Delhi,Delhi,Mac,0,1417,920.14,3308.44,279.38,1.08,0,0,0,0,0.0026,0,0,Low
TXN102986,CUST065,30,1246.8,Bill Payment,6,Delhi,Delhi,Mac,0,1417,3587.82,3494.06,-2247.26,0.36,0,0,0,0,0.0061,0,1,Low
TXN102987,CUST065,31,2767.84,Transfer,18,Delhi,Delhi,Mac,0,1417,1246.8,3349.74,-581.9,0.83,2,0,0,0,0.0139,0,1,Low
TXN102988,CUST065,32,4996.43,ATM Withdrawal,16,Delhi,Delhi,Android,1,1417,2767.84,2673.76,2322.67,1.87,3,2,0,0,0.0722,0,7,Low
TXN102989,CUST065,33,7073.92,Online Payment,12,Delhi,Delhi,Mac,0,1417,4996.43,3017.01,4056.91,2.34,1,1,0,0,0.0233,0,2,Low
TXN102990,CUST065,34,2652.07,Purchase,6,Delhi,Delhi,Mac,0,1417,7073.92,3302.7,-650.63,0.8,3,0,0,0,0.0045,0,0,Low
TXN102991,CUST065,35,709.71,Transfer,19,Delhi,Delhi,Mac,0,1417,2652.07,3346.96,-2637.25,0.21,4,1,0,0,0.0086,0,1,Low
TXN102992,CUST065,36,2019.5,Transfer,17,Delhi,Delhi,Mac,0,1417,709.71,3118.54,-1099.04,0.65,7,0,0,0,0.0274,0,3,Low
TXN102993,CUST065,37,1218.72,ATM Withdrawal,7,Delhi,Delhi,Mac,0,1417,2019.5,2856.25,-1637.53,0.43,0,0,0,0,0.0157,0,2,Low
TXN102994,CUST065,38,2682.0,Bill Payment,19,Delhi,Delhi,Mac,0,1417,1218.72,2719.3,-37.3,0.99,3,0,0,0,0.0102,0,1,Low
TXN102995,CUST065,39,2369.61,Purchase,10,Delhi,Delhi,Mac,0,1417,2682.0,2895.48,-525.87,0.82,4,0,0,0,0.0105,0,1,Low
TXN102996,CUST065,40,5330.45,ATM Withdrawal,16,Hassan,Delhi,Mac,0,1417,2369.61,2773.66,2556.79,1.92,1,0,0,1,0.0606,0,6,Low
TXN102997,CUST065,41,1266.53,Purchase,10,Delhi,Delhi,Mac,0,1417,5330.45,3182.02,-1915.49,0.4,4,0,0,0,0.0085,0,1,Low
TXN102998,CUST065,42,5653.31,Online Payment,21,Delhi,Delhi,Mac,0,1417,1266.53,3031.89,2621.42,1.86,2,0,0,0,0.007,0,1,Low
TXN102999,CUST066,1,1533.45,Bill Payment,6,Mumbai,Mysore,Windows,0,1867,0.0,1566.93,-33.48,0.98,1,0,0,1,0.0204,0,2,Low
TXN103000,CUST066,2,732.66,Transfer,21,Mysore,Mysore,Windows,0,1867,1533.45,1533.45,-800.79,0.48,3,1,0,0,0.0108,0,1,Low
TXN103001,CUST066,3,2307.66,Purchase,9,Mysore,Mysore,Windows,0,1867,732.66,1133.06,1174.61,2.04,4,0,0,0,0.0051,0,1,Low
TXN103002,CUST066,4,3079.51,Purchase,11,Mysore,Mysore,Windows,0,1867,2307.66,1524.59,1554.92,2.02,2,0,0,0,0.0112,0,1,Low
TXN103003,CUST066,5,918.37,Online Payment,12,Mysore,Mysore,Windows,0,1867,3079.51,1913.32,-994.96,0.48,0,0,0,0,0.0047,0,0,Low
TXN103004,CUST066,6,1750.92,Purchase,6,Hyderabad,Mysore,Windows,0,1867,918.37,1714.33,36.59,1.02,3,0,0,1,0.0131,0,1,Low
TXN103005,CUST066,7,1401.06,Purchase,6,Mangalore,Mysore,Windows,0,1867,1750.92,1720.43,-319.37,0.81,3,2,0,1,0.0484,0,5,Low
TXN103006,CUST066,8,884.53,Purchase,18,Mysore,Mysore,Windows,0,1867,1401.06,1674.8,-790.27,0.53,1,2,0,0,0.0373,0,4,Low
TXN103007,CUST066,9,584.05,ATM Withdrawal,7,Mysore,Mysore,Windows,0,1867,884.53,1576.02,-991.97,0.37,3,0,0,0,0.0147,0,1,Low
TXN103008,CUST066,10,3611.94,Online Payment,7,Mysore,Mysore,Windows,0,1867,584.05,1465.8,2146.14,2.46,4,1,0,0,0.005,0,1,Low
TXN103009,CUST066,11,1529.25,Transfer,9,Mysore,Mysore,Windows,0,1867,3611.94,1680.42,-151.16,0.91,0,1,1,0,0.0193,1,2,Low
TXN103010,CUST066,12,4110.54,Transfer,12,Mysore,Mysore,Windows,0,1867,1529.25,1680.0,2430.54,2.45,2,0,0,0,0.0249,0,2,Low
TXN103011,CUST066,13,4700.2,Bill Payment,9,Mysore,Mysore,Windows,0,1867,4110.54,2017.78,2682.42,2.33,6,0,1,0,0.1111,0,11,Low
TXN103012,CUST066,14,530.21,Online Payment,22,Mysore,Mysore,iPhone,1,1867,4700.2,2257.04,-1726.83,0.23,3,0,0,0,0.0183,0,2,Low
TXN103013,CUST066,15,788.92,Purchase,14,Mysore,Mysore,Android,1,1867,530.21,2002.11,-1213.18,0.39,2,0,0,0,0.0253,0,3,Low
TXN103014,CUST066,16,719.24,Online Payment,8,Mysore,Mysore,Windows,0,1867,788.92,1989.16,-1269.92,0.36,5,0,0,0,0.013,0,1,Low
TXN103015,CUST066,17,335.75,Purchase,6,Mysore,Mysore,Mac,1,1867,719.24,1885.99,-1550.24,0.18,2,0,0,0,0.027,0,3,Low
TXN103016,CUST066,18,1212.6,Transfer,22,Mysore,Mysore,Windows,0,1867,335.75,1779.46,-566.86,0.68,4,0,0,0,0.0033,0,0,Low
TXN103017,CUST066,19,1249.95,Bill Payment,17,Mysore,Mysore,Mac,1,1867,1212.6,1812.27,-562.32,0.69,2,0,0,0,0.0662,0,7,Low
TXN103018,CUST066,20,1655.78,Online Payment,14,Mysore,Mysore,Windows,0,1867,1249.95,1878.86,-223.08,0.88,2,2,0,0,0.0093,0,1,Low
TXN103019,CUST066,21,1202.0,Purchase,12,Mysore,Mysore,Windows,0,1867,1655.78,1683.25,-481.25,0.71,2,0,0,0,0.0073,0,1,Low
TXN103020,CUST066,22,723.23,ATM Withdrawal,22,Bangalore,Mysore,Windows,0,1867,1202.0,1650.52,-927.29,0.44,2,1,0,1,0.0155,0,2,Low
TXN103021,CUST066,23,1614.5,Bill Payment,21,Mysore,Mysore,Windows,0,1867,723.23,1311.79,302.71,1.23,5,0,0,0,0.0124,0,1,Low
TXN103022,CUST066,24,741.39,Purchase,18,Mysore,Mysore,Windows,0,1867,1614.5,1003.22,-261.83,0.74,2,0,0,0,0.0054,0,1,Low
TXN103023,CUST066,25,2308.44,Bill Payment,6,Mysore,Mysore,Windows,0,1867,741.39,1024.34,1284.1,2.25,2,0,0,0,0.0281,0,3,Low
TXN103024,CUST066,26,1964.67,Transfer,17,Mysore,Mysore,Windows,0,1867,2308.44,1176.29,788.38,1.67,4,0,0,0,0.0155,0,2,Low
TXN103025,CUST066,27,2641.21,Online Payment,18,Mysore,Mysore,Windows,0,1867,1964.67,1300.83,1340.38,2.03,2,0,0,0,0.0073,0,1,Low
TXN103026,CUST066,28,692.7,Transfer,10,Mysore,Mysore,Windows,0,1867,2641.21,1531.38,-838.68,0.45,1,1,0,0,0.0153,0,2,Low
TXN103027,CUST066,29,1372.6,ATM Withdrawal,21,Mysore,Mysore,Windows,0,1867,692.7,1479.39,-106.79,0.93,4,0,0,0,0.014,0,1,Low
TXN103028,CUST066,30,1208.64,Purchase,8,Mysore,Mysore,Windows,0,1867,1372.6,1491.65,-283.01,0.81,0,0,0,0,0.007,0,1,Low
TXN103029,CUST066,31,3122.88,Online Payment,9,Mysore,Mysore,Windows,0,1867,1208.64,1446.94,1675.95,2.16,3,0,0,0,0.012,0,1,Low
TXN103030,CUST066,32,1549.74,Bill Payment,7,Mysore,Mysore,Windows,0,1867,3122.88,1639.03,-89.28,0.95,2,0,0,0,0.0118,0,1,Low
TXN103031,CUST066,33,1585.09,Purchase,18,Mysore,Mysore,Windows,0,1867,1549.74,1721.68,-136.59,0.92,1,1,0,0,0.0037,0,0,Low
TXN103032,CUST066,34,677.84,ATM Withdrawal,21,Mysore,Mysore,Windows,0,1867,1585.09,1718.74,-1040.89,0.39,2,0,0,0,0.0084,0,1,Low
TXN103033,CUST066,35,1206.33,Transfer,17,Mysore,Mysore,Windows,0,1867,677.84,1712.38,-506.05,0.7,5,0,0,0,0.016,0,2,Low
TXN103034,CUST066,36,1247.4,Online Payment,6,Mysore,Mysore,Windows,0,1867,1206.33,1602.17,-354.77,0.78,1,0,0,0,0.0063,0,1,Low
TXN103035,CUST066,37,678.45,Online Payment,11,Mysore,Mysore,Windows,0,1867,1247.4,1530.44,-852.0,0.44,3,0,0,0,0.0092,0,1,Low
TXN103036,CUST066,38,692.7,Purchase,15,Mysore,Mysore,Windows,0,1867,678.45,1334.17,-641.46,0.52,3,0,0,0,0.01,0,1,Low
TXN103037,CUST066,39,1446.17,ATM Withdrawal,8,Mysore,Mysore,Windows,0,1867,692.7,1334.17,112.01,1.08,2,0,0,0,0.0098,0,1,Low
TXN103038,CUST066,40,4129.15,ATM Withdrawal,10,Mysore,Mysore,Windows,0,1867,1446.17,1341.53,2787.62,3.08,4,0,0,0,0.0271,0,3,Low
TXN103039,CUST067,1,7273.25,Bill Payment,11,Bangalore,Bangalore,Mac,0,1918,0.0,7553.64,-280.39,0.96,0,1,0,0,0.0043,0,0,Low
TXN103040,CUST067,2,3364.46,ATM Withdrawal,6,Chennai,Bangalore,Mac,0,1918,7273.25,7273.25,-3908.79,0.46,2,0,0,1,0.0107,0,1,Low
TXN103041,CUST067,3,1543.18,ATM Withdrawal,11,Bangalore,Bangalore,Mac,0,1918,3364.46,5318.86,-3775.68,0.29,3,0,0,0,0.0099,0,1,Low
TXN103042,CUST067,4,3309.71,Purchase,18,Bangalore,Bangalore,Mac,0,1918,1543.18,4060.3,-750.59,0.82,1,0,0,0,0.008,0,1,Low
TXN103043,CUST067,5,10760.58,ATM Withdrawal,7,Bangalore,Bangalore,Mac,0,1918,3309.71,3872.65,6887.93,2.78,2,0,0,0,0.035,0,4,Low
TXN103044,CUST067,6,8234.92,Online Payment,20,Bangalore,Bangalore,Mac,0,1918,10760.58,5250.24,2984.68,1.57,2,0,0,0,0.0057,0,1,Low
TXN103045,CUST067,7,4951.45,Transfer,16,Bangalore,Bangalore,Mac,0,1918,8234.92,5747.68,-796.23,0.86,3,1,0,0,0.0048,0,0,Low
TXN103046,CUST067,8,5381.91,Transfer,1,Hassan,Bangalore,Mac,0,1918,4951.45,5633.93,-252.02,0.96,1,2,0,1,0.55,1,55,Medium
TXN103047,CUST067,9,5832.84,Online Payment,11,Bangalore,Bangalore,Mac,0,1918,5381.91,5602.43,230.41,1.04,1,0,0,0,0.0079,0,1,Low
TXN103048,CUST067,10,25094.07,Purchase,21,Chennai,Bangalore,Windows,1,1918,5832.84,5628.03,19466.04,4.46,4,0,0,1,0.1277,0,13,Low
TXN103049,CUST067,11,7634.87,Online Payment,8,Bangalore,Bangalore,iPhone,1,1918,25094.07,7574.64,60.24,1.01,1,0,0,0,0.0205,0,2,Low
TXN103050,CUST067,12,4381.7,Bill Payment,6,Delhi,Bangalore,Mac,0,1918,7634.87,7610.8,-3229.1,0.58,1,0,0,1,0.071,0,7,Low
TXN103051,CUST067,13,15086.54,Purchase,20,Bangalore,Bangalore,Windows,1,1918,4381.7,7712.52,7374.01,1.96,1,1,0,0,0.0108,0,1,Low
TXN103052,CUST067,14,4896.47,Purchase,22,Bangalore,Bangalore,Mac,0,1918,15086.54,9066.86,-4170.39,0.54,1,0,0,0,0.0045,0,0,Low
TXN103053,CUST067,15,16869.67,Online Payment,22,Bangalore,Bangalore,Mac,0,1918,4896.47,9225.54,7644.13,1.83,0,0,0,0,0.0264,0,3,Low
TXN103054,CUST067,16,3373.35,Online Payment,6,Bangalore,Bangalore,Mac,0,1918,16869.67,9836.44,-6463.09,0.34,5,0,0,0,0.0166,0,2,Low
TXN103055,CUST067,17,11559.86,Transfer,15,Chennai,Bangalore,Mac,0,1918,3373.35,9350.29,2209.57,1.24,3,2,0,1,0.041,0,4,Low
TXN103056,CUST067,18,8593.54,Transfer,21,Bangalore,Bangalore,Mac,0,1918,11559.86,10011.13,-1417.59,0.86,1,0,0,0,0.0052,0,1,Low
TXN103057,CUST067,19,10745.86,Online Payment,18,Bangalore,Bangalore,Mac,0,1918,8593.54,10332.29,413.57,1.04,0,0,0,0,0.0023,0,0,Low
TXN103058,CUST067,20,3571.45,Online Payment,6,Bangalore,Bangalore,Mac,0,1918,10745.86,10823.59,-7252.14,0.33,5,0,0,0,0.0114,0,1,Low
TXN103059,CUST067,21,17613.09,Bill Payment,14,Bangalore,Bangalore,Mac,0,1918,3571.45,8671.33,8941.75,2.03,1,0,0,0,0.0056,0,1,Low
TXN103060,CUST067,22,19313.32,Bill Payment,7,Bangalore,Bangalore,Mac,0,1918,17613.09,9669.15,9644.16,2.0,5,0,0,0,0.0499,0,5,Low
TXN103061,CUST067,23,9049.64,Transfer,7,Bangalore,Bangalore,Mac,0,1918,19313.32,11162.31,-2112.68,0.81,2,0,0,0,0.036,0,4,Low
TXN103062,CUST067,24,3978.33,Bill Payment,9,Bangalore,Bangalore,Mac,0,1918,9049.64,10558.62,-6580.3,0.38,1,0,0,0,0.0067,0,1,Low
TXN103063,CUST067,25,6378.4,Online Payment,20,Bangalore,Bangalore,Mac,0,1918,3978.33,10466.81,-4088.41,0.61,3,0,0,0,0.0139,0,1,Low
TXN103064,CUST067,26,2906.59,Purchase,17,Bangalore,Bangalore,Mac,0,1918,6378.4,9417.68,-6511.09,0.31,4,0,0,0,0.0036,0,0,Low
TXN103065,CUST067,27,9432.86,Purchase,11,Bangalore,Bangalore,Mac,0,1918,2906.59,9371.01,61.86,1.01,3,0,0,0,0.034,0,3,Low
TXN103066,CUST067,28,13213.25,Purchase,8,Bangalore,Bangalore,Mac,0,1918,9432.86,9158.31,4054.94,1.44,2,0,1,0,0.0145,0,1,Low
TXN103067,CUST067,29,9129.3,Online Payment,14,Bangalore,Bangalore,Mac,0,1918,13213.25,9620.28,-490.98,0.95,0,0,0,0,0.0178,0,2,Low
TXN103068,CUST067,30,2619.49,Online Payment,14,Chennai,Bangalore,Mac,0,1918,9129.3,9458.62,-6839.14,0.28,1,0,0,1,0.0242,0,2,Low
TXN103069,CUST067,31,7486.66,Transfer,8,Bangalore,Bangalore,Mac,0,1918,2619.49,9363.42,-1876.77,0.8,1,0,1,0,0.0169,0,2,Low
TXN103070,CUST067,32,26395.91,Online Payment,13,Bangalore,Bangalore,Mac,0,1918,7486.66,8350.78,18045.13,3.16,3,0,0,0,0.0321,0,3,Low
TXN103071,CUST067,33,5969.35,Bill Payment,18,Bangalore,Bangalore,Mac,0,1918,26395.91,9059.04,-3089.69,0.66,1,1,0,0,0.0053,0,1,Low
TXN103072,CUST067,34,2885.66,ATM Withdrawal,14,Mysore,Bangalore,Mac,0,1918,5969.35,8751.01,-5865.35,0.33,1,0,0,1,0.0144,0,1,Low
TXN103073,CUST067,35,16057.25,Online Payment,21,Bangalore,Bangalore,Mac,0,1918,2885.66,8641.75,7415.51,1.86,3,2,0,0,0.0177,0,2,Low
TXN103074,CUST067,36,3330.37,Bill Payment,18,Mumbai,Bangalore,Mac,0,1918,16057.25,9609.63,-6279.26,0.35,3,0,0,1,0.0162,0,2,Low
TXN103075,CUST067,37,20198.2,Purchase,15,Bangalore,Bangalore,Windows,1,1918,3330.37,9652.01,10546.2,2.09,4,1,0,0,0.0099,0,1,Low
TXN103076,CUST067,38,2367.69,Purchase,20,Bangalore,Bangalore,Mac,0,1918,20198.2,10728.54,-8360.85,0.22,1,2,0,0,0.0263,0,3,Low
TXN103077,CUST067,39,4205.69,Purchase,20,Bangalore,Bangalore,Mac,0,1918,2367.69,9643.99,-5438.3,0.44,4,0,0,0,0.0065,0,1,Low
TXN103078,CUST067,40,3560.39,Online Payment,11,Bangalore,Bangalore,Mac,0,1918,4205.69,9151.63,-5591.23,0.39,2,2,0,0,0.0146,0,1,Low
TXN103079,CUST067,41,5712.39,Purchase,18,Bangalore,Bangalore,Mac,0,1918,3560.39,9245.72,-3533.32,0.62,3,0,0,0,0.0017,0,0,Low
TXN103080,CUST067,42,16393.12,Purchase,12,Bangalore,Bangalore,Mac,0,1918,5712.39,9068.29,7324.83,1.81,1,0,0,0,0.0067,0,1,Low
TXN103081,CUST067,43,18266.43,Purchase,13,Bangalore,Bangalore,Mac,0,1918,16393.12,8068.01,10198.42,2.26,2,0,0,0,0.0322,1,3,Low
TXN103082,CUST067,44,10092.13,Transfer,20,Bangalore,Bangalore,Mac,0,1918,18266.43,9297.72,794.41,1.09,1,1,0,0,0.0036,0,0,Low
TXN103083,CUST067,45,4635.72,Transfer,16,Delhi,Bangalore,Mac,0,1918,10092.13,10018.37,-5382.65,0.46,2,0,0,1,0.0383,0,4,Low
TXN103084,CUST067,46,4889.14,Purchase,16,Bangalore,Bangalore,Mac,0,1918,4635.72,8876.21,-3987.07,0.55,3,0,0,0,0.0216,0,2,Low
TXN103085,CUST067,47,3744.28,ATM Withdrawal,8,Bangalore,Bangalore,Mac,0,1918,4889.14,9032.09,-5287.81,0.41,1,0,0,0,0.0047,0,0,Low
TXN103086,CUST067,48,4505.46,Transfer,9,Bangalore,Bangalore,Windows,1,1918,3744.28,7386.7,-2881.24,0.61,0,1,0,0,0.0251,0,3,Low
TXN103087,CUST067,49,4888.65,Purchase,16,Bangalore,Bangalore,Mac,0,1918,4505.46,7600.48,-2711.83,0.64,2,0,0,0,0.0135,0,1,Low
TXN103088,CUST067,50,5664.77,ATM Withdrawal,14,Bangalore,Bangalore,Mac,0,1918,4888.65,7668.77,-2004.0,0.74,1,0,0,0,0.008,0,1,Low
TXN103089,CUST067,51,8451.17,ATM Withdrawal,12,Bangalore,Bangalore,Mac,0,1918,5664.77,7879.21,571.96,1.07,5,0,0,0,0.0254,0,3,Low
TXN103090,CUST067,52,14645.77,Transfer,8,Bangalore,Bangalore,iPhone,1,1918,8451.17,8153.09,6492.68,1.8,2,0,0,0,0.0145,0,1,Low
TXN103091,CUST067,53,9729.88,Bill Payment,19,Bangalore,Bangalore,Android,1,1918,14645.77,7978.35,1751.52,1.22,1,0,0,0,0.0377,0,4,Low
TXN103092,CUST067,54,16297.54,ATM Withdrawal,7,Bangalore,Bangalore,Mac,0,1918,9729.88,7124.7,9172.85,2.29,2,0,0,0,0.0405,0,4,Low
TXN103093,CUST067,55,3691.57,Online Payment,7,Bangalore,Bangalore,Mac,0,1918,16297.54,7745.24,-4053.67,0.48,5,2,0,0,0.0222,0,2,Low
TXN103094,CUST067,56,1724.23,ATM Withdrawal,7,Bangalore,Bangalore,Android,1,1918,3691.57,7650.82,-5926.6,0.23,2,0,0,0,0.0337,0,3,Low
TXN103095,CUST067,57,2300.75,Online Payment,11,Bangalore,Bangalore,Mac,0,1918,1724.23,7334.33,-5033.58,0.31,7,0,0,0,0.55,1,55,Medium
TXN103096,CUST067,58,4971.51,Purchase,9,Bangalore,Bangalore,Mac,0,1918,2300.75,7189.98,-2218.46,0.69,2,0,0,0,0.0033,0,0,Low
TXN103097,CUST068,1,1550.69,Purchase,8,Mysore,Mysore,Windows,0,2557,0.0,1753.35,-202.66,0.88,4,0,0,0,0.0221,0,2,Low
TXN103098,CUST068,2,1382.48,ATM Withdrawal,12,Mysore,Mysore,Android,1,2557,1550.69,1550.69,-168.22,0.89,4,0,0,0,0.0787,0,8,Low
TXN103099,CUST068,3,1137.07,Transfer,11,Mysore,Mysore,Windows,0,2557,1382.48,1466.58,-329.51,0.78,2,0,0,0,0.0121,0,1,Low
TXN103100,CUST068,4,2207.59,ATM Withdrawal,9,Mysore,Mysore,Windows,0,2557,1137.07,1356.75,850.84,1.63,1,0,0,0,0.0138,0,1,Low
TXN103101,CUST068,5,826.67,Purchase,18,Hassan,Mysore,Windows,0,2557,2207.59,1569.46,-742.79,0.53,5,0,1,1,0.0133,0,1,Low
TXN103102,CUST068,6,1163.98,Transfer,10,Mysore,Mysore,Windows,0,2557,826.67,1420.9,-256.92,0.82,1,0,0,0,0.0106,0,1,Low
TXN103103,CUST068,7,1511.16,Online Payment,19,Mysore,Mysore,Windows,0,2557,1163.98,1378.08,133.08,1.1,3,0,0,0,0.0057,0,1,Low
TXN103104,CUST068,8,890.19,Purchase,14,Mysore,Mysore,Windows,0,2557,1511.16,1397.09,-506.9,0.64,3,0,0,0,0.01,0,1,Low
TXN103105,CUST068,9,813.75,Transfer,12,Mysore,Mysore,Windows,0,2557,890.19,1333.73,-519.98,0.61,2,0,0,0,0.01,0,1,Low
TXN103106,CUST068,10,490.92,ATM Withdrawal,22,Mysore,Mysore,Windows,0,2557,813.75,1275.95,-785.03,0.38,1,0,0,0,0.0056,0,1,Low
TXN103107,CUST068,11,4093.91,Bill Payment,21,Mysore,Mysore,Windows,0,2557,490.92,1197.45,2896.46,3.42,4,0,0,0,0.0112,0,1,Low
TXN103108,CUST068,12,4995.62,Transfer,17,Mysore,Mysore,Windows,0,2557,4093.91,1451.77,3543.84,3.44,4,0,0,0,0.0164,0,2,Low
TXN103109,CUST068,13,2385.84,Purchase,14,Mysore,Mysore,iPhone,1,2557,4995.62,1813.09,572.75,1.32,2,0,0,0,0.0915,0,9,Low
TXN103110,CUST068,14,9231.19,Online Payment,16,Mysore,Mysore,Windows,0,2557,2385.84,1937.96,7293.22,4.76,1,3,0,0,0.031,0,3,Low
TXN103111,CUST068,15,559.95,Transfer,7,Mumbai,Mysore,Windows,0,2557,9231.19,2640.32,-2080.38,0.21,2,0,0,1,0.0139,0,1,Low
TXN103112,CUST068,16,1751.02,Transfer,7,Mysore,Mysore,Windows,0,2557,559.95,2613.65,-862.63,0.67,0,0,0,0,0.0074,0,1,Low
TXN103113,CUST068,17,593.2,Purchase,17,Mysore,Mysore,Windows,0,2557,1751.02,2672.35,-2079.15,0.22,1,0,0,0,0.0145,0,1,Low
TXN103114,CUST068,18,1667.3,Online Payment,18,Pune,Mysore,Windows,0,2557,593.2,2580.56,-913.26,0.65,2,0,1,1,0.0404,0,4,Low
TXN103115,CUST068,19,1388.4,Online Payment,14,Mysore,Mysore,Windows,0,2557,1667.3,2658.27,-1269.87,0.52,3,0,0,0,0.0082,0,1,Low
TXN103116,CUST068,20,2086.13,Purchase,0,Delhi,Mysore,Windows,0,2557,1388.4,2715.73,-629.6,0.77,4,2,0,1,0.55,1,55,Medium
TXN103117,CUST068,21,381.6,Transfer,16,Mysore,Mysore,Windows,0,2557,2086.13,2875.26,-2493.66,0.13,1,0,0,0,0.0071,0,1,Low
TXN103118,CUST068,22,2337.75,Purchase,22,Mysore,Mysore,Windows,0,2557,381.6,2504.02,-166.27,0.93,4,0,0,0,0.0054,0,1,Low
TXN103119,CUST068,23,1100.34,Purchase,9,Mysore,Mysore,Windows,0,2557,2337.75,2238.24,-1137.9,0.49,0,1,0,0,0.0069,0,1,Low
TXN103120,CUST068,24,1791.14,Transfer,14,Mysore,Mysore,Windows,0,2557,1100.34,2109.69,-318.54,0.85,1,0,0,0,0.0064,0,1,Low
TXN103121,CUST068,25,946.35,Online Payment,7,Mysore,Mysore,Windows,0,2557,1791.14,1365.68,-419.34,0.69,2,1,0,0,0.0045,0,0,Low
TXN103122,CUST068,26,4658.81,Purchase,11,Mysore,Mysore,Windows,0,2557,946.35,1404.32,3254.49,3.32,1,0,0,0,0.01,0,1,Low
TXN103123,CUST068,27,1709.6,Bill Payment,6,Mysore,Mysore,Windows,0,2557,4658.81,1695.1,14.5,1.01,2,1,0,0,0.0029,0,0,Low
TXN103124,CUST068,28,1224.54,Transfer,14,Mysore,Mysore,Windows,0,2557,1709.6,1806.74,-582.2,0.68,0,0,0,0,0.0048,0,0,Low
TXN103125,CUST068,29,1794.99,Bill Payment,14,Mysore,Mysore,Windows,0,2557,1224.54,1762.47,32.52,1.02,2,0,0,0,0.0063,0,1,Low
TXN103126,CUST068,30,2644.56,ATM Withdrawal,1,Delhi,Mysore,Android,1,2557,1794.99,1803.13,841.43,1.47,14,0,0,1,0.55,1,55,Medium
TXN103127,CUST068,31,1733.53,Transfer,9,Mysore,Mysore,Windows,0,2557,2644.56,1858.97,-125.44,0.93,3,2,0,0,0.0327,0,3,Low
TXN103128,CUST068,32,2454.56,ATM Withdrawal,12,Mysore,Mysore,Windows,0,2557,1733.53,1994.16,460.4,1.23,3,0,0,0,0.0101,0,1,Low
TXN103129,CUST068,33,1670.23,ATM Withdrawal,6,Mysore,Mysore,Windows,0,2557,2454.56,2005.84,-335.61,0.83,2,0,0,0,0.008,0,1,Low
TXN103130,CUST068,34,441.23,Transfer,14,Pune,Mysore,Windows,0,2557,1670.23,2062.83,-1621.6,0.21,2,0,0,1,0.0383,0,4,Low
TXN103131,CUST068,35,3706.55,ATM Withdrawal,18,Mysore,Mysore,Windows,0,2557,441.23,1927.84,1778.71,1.92,2,0,0,0,0.0109,0,1,Low
TXN103132,CUST068,36,2081.54,Purchase,20,Mysore,Mysore,Windows,0,2557,3706.55,2203.86,-122.32,0.94,2,1,0,0,0.0037,0,0,Low
TXN103133,CUST068,37,1153.15,Transfer,20,Mysore,Mysore,Windows,0,2557,2081.54,1946.13,-792.99,0.59,5,0,0,0,0.0132,0,1,Low
TXN103134,CUST068,38,4171.1,Purchase,9,Mysore,Mysore,Windows,0,2557,1153.15,1890.49,2280.61,2.21,3,0,0,0,0.0082,0,1,Low
TXN103135,CUST068,39,704.18,Purchase,13,Mysore,Mysore,Windows,0,2557,4171.1,2185.14,-1480.97,0.32,2,0,0,0,0.0083,0,1,Low
TXN103136,CUST068,40,1660.75,Bill Payment,16,Mysore,Mysore,Windows,0,2557,704.18,2076.06,-415.31,0.8,3,2,0,0,0.026,0,3,Low
TXN103137,CUST068,41,7313.99,Purchase,10,Mumbai,Mysore,iPhone,1,2557,1660.75,1977.68,5336.31,3.7,4,2,0,0,0.55,1,55,Medium
TXN103138,CUST069,1,5909.93,ATM Withdrawal,12,Mangalore,Mangalore,Mac,0,2910,0.0,8856.29,-2946.37,0.67,4,0,0,0,0.0096,0,1,Low
TXN103139,CUST069,2,8975.97,Bill Payment,18,Mangalore,Mangalore,Mac,0,2910,5909.93,5909.93,3066.05,1.52,5,0,0,0,0.031,0,3,Low
TXN103140,CUST069,3,10201.94,Bill Payment,18,Bangalore,Mangalore,Android,1,2910,8975.97,7442.95,2758.99,1.37,1,0,0,1,0.1754,0,18,Low
TXN103141,CUST069,4,6450.03,Transfer,17,Mangalore,Mangalore,iPhone,1,2910,10201.94,8362.61,-1912.58,0.77,3,1,0,0,0.028,0,3,Low
TXN103142,CUST069,5,14294.21,Bill Payment,17,Mysore,Mangalore,Mac,0,2910,6450.03,7884.47,6409.75,1.81,4,2,0,1,0.0692,0,7,Low
TXN103143,CUST069,6,7230.21,Transfer,21,Mysore,Mangalore,Mac,0,2910,14294.21,9166.42,-1936.21,0.79,2,0,0,1,0.0227,0,2,Low
TXN103144,CUST069,7,6682.18,Online Payment,13,Mangalore,Mangalore,Mac,0,2910,7230.21,8843.72,-2161.53,0.76,1,0,0,0,0.0098,0,1,Low
TXN103145,CUST069,8,14282.97,Bill Payment,17,Mangalore,Mangalore,Mac,0,2910,6682.18,8534.93,5748.04,1.67,6,0,0,0,0.018,0,2,Low
TXN103146,CUST069,9,11137.49,Transfer,18,Mangalore,Mangalore,Mac,0,2910,14282.97,9253.43,1884.06,1.2,1,0,0,0,0.0149,0,1,Low
TXN103147,CUST069,10,5892.64,Purchase,22,Mangalore,Mangalore,Mac,0,2910,11137.49,9462.77,-3570.13,0.62,1,0,0,0,0.0106,0,1,Low
TXN103148,CUST069,11,8125.07,Purchase,12,Mangalore,Mangalore,iPhone,1,2910,5892.64,9105.76,-980.69,0.89,3,0,0,0,0.0934,0,9,Low
TXN103149,CUST069,12,9148.6,Purchase,22,Mangalore,Mangalore,Android,1,2910,8125.07,9327.27,-178.67,0.98,3,2,0,0,0.1333,0,13,Low
TXN103150,CUST069,13,7998.06,Bill Payment,11,Mangalore,Mangalore,Mac,0,2910,9148.6,9344.53,-1346.48,0.86,4,1,0,0,0.0212,0,2,Low
TXN103151,CUST069,14,7798.39,Transfer,7,Mangalore,Mangalore,Mac,0,2910,7998.06,9124.14,-1325.75,0.85,3,0,0,0,0.0028,0,0,Low
TXN103152,CUST069,15,23503.26,ATM Withdrawal,6,Mangalore,Mangalore,Mac,0,2910,7798.39,9258.98,14244.28,2.54,0,0,0,0,0.0113,0,1,Low
TXN103153,CUST069,16,8018.95,Purchase,13,Mangalore,Mangalore,Mac,0,2910,23503.26,10179.89,-2160.93,0.79,1,0,0,0,0.007,0,1,Low
TXN103154,CUST069,17,10174.59,Purchase,8,Mangalore,Mangalore,Mac,0,2910,8018.95,10258.76,-84.17,0.99,3,0,0,0,0.0059,0,1,Low
TXN103155,CUST069,18,9662.2,Purchase,10,Mangalore,Mangalore,Mac,0,2910,10174.59,10608.0,-945.8,0.91,4,2,0,0,0.0171,0,2,Low
TXN103156,CUST069,19,2172.57,Online Payment,8,Mangalore,Mangalore,Mac,0,2910,9662.2,10145.92,-7973.36,0.21,2,0,0,0,0.0159,0,2,Low
TXN103157,CUST069,20,11793.31,Online Payment,17,Mangalore,Mangalore,Mac,0,2910,2172.57,9249.43,2543.88,1.28,2,0,0,0,0.009,0,1,Low
TXN103158,CUST069,21,9044.83,Online Payment,11,Mangalore,Mangalore,Mac,0,2910,11793.31,9839.5,-794.67,0.92,5,0,0,0,0.0161,0,2,Low
TXN103159,CUST069,22,10335.53,Bill Payment,19,Mangalore,Mangalore,Mac,0,2910,9044.83,9931.48,404.06,1.04,2,0,0,0,0.0061,0,1,Low
TXN103160,CUST069,23,10477.94,ATM Withdrawal,4,Bangalore,Mangalore,Mac,1,2910,10335.53,10050.17,427.77,1.04,12,0,0,1,0.55,1,55,Medium
TXN103161,CUST069,24,3231.83,Purchase,10,Mangalore,Mangalore,Mac,0,2910,10477.94,10298.16,-7066.33,0.31,2,0,0,0,0.0187,0,2,Low
TXN103162,CUST069,25,2231.72,Bill Payment,22,Mangalore,Mangalore,Mac,0,2910,3231.83,9841.5,-7609.78,0.23,3,0,0,0,0.0167,0,2,Low
TXN103163,CUST069,26,5813.17,Online Payment,6,Delhi,Mangalore,iPhone,1,2910,2231.72,7714.35,-1901.18,0.75,2,0,0,1,0.0708,0,7,Low
TXN103164,CUST069,27,8000.67,Transfer,16,Mangalore,Mangalore,Mac,0,2910,5813.17,7493.77,506.91,1.07,2,0,0,0,0.009,0,1,Low
TXN103165,CUST069,28,5041.23,Online Payment,13,Bangalore,Mangalore,Mac,0,2910,8000.67,7276.38,-2235.15,0.69,2,0,0,1,0.0192,0,2,Low
TXN103166,CUST069,29,14238.36,ATM Withdrawal,17,Mangalore,Mangalore,Mac,0,2910,5041.23,6814.28,7424.08,2.09,3,1,0,0,0.0211,0,2,Low
TXN103167,CUST069,30,22380.61,Online Payment,15,Mangalore,Mangalore,Mac,0,2910,14238.36,8020.86,14359.75,2.79,0,0,0,0,0.0136,0,1,Low
TXN103168,CUST069,31,7893.46,Transfer,14,Mangalore,Mangalore,Mac,0,2910,22380.61,9079.59,-1186.13,0.87,2,0,0,0,0.0096,0,1,Low
TXN103169,CUST069,32,31928.55,Purchase,6,Mangalore,Mangalore,Mac,0,2910,7893.46,8964.45,22964.1,3.56,0,1,0,0,0.0651,0,7,Low
TXN103170,CUST070,1,9941.75,Transfer,14,Bangalore,Bangalore,iPhone,0,2463,0.0,4734.72,5207.03,2.1,2,0,0,0,0.0055,0,1,Low
TXN103171,CUST070,2,1718.26,Purchase,19,Bangalore,Bangalore,iPhone,0,2463,9941.75,9941.75,-8223.49,0.17,0,0,0,0,0.0114,0,1,Low
TXN103172,CUST070,3,14973.39,Transfer,10,Bangalore,Bangalore,iPhone,0,2463,1718.26,5830.01,9143.39,2.57,1,0,0,0,0.0212,0,2,Low
TXN103173,CUST070,4,7103.13,Transfer,8,Mysore,Bangalore,iPhone,0,2463,14973.39,8877.8,-1774.68,0.8,2,1,0,1,0.028,0,3,Low
TXN103174,CUST070,5,6118.36,Purchase,20,Bangalore,Bangalore,iPhone,0,2463,7103.13,8434.13,-2315.77,0.73,0,0,0,0,0.0039,0,0,Low
TXN103175,CUST070,6,11587.11,Transfer,16,Bangalore,Bangalore,iPhone,0,2463,6118.36,7970.98,3616.13,1.45,2,0,0,0,0.0055,0,1,Low
TXN103176,CUST070,7,16783.4,Transfer,6,Bangalore,Bangalore,iPhone,0,2463,11587.11,8573.67,8209.73,1.96,2,0,0,0,0.0086,0,1,Low
TXN103177,CUST070,8,3015.8,Transfer,20,Bangalore,Bangalore,iPhone,0,2463,16783.4,9746.49,-6730.69,0.31,0,0,0,0,0.0208,0,2,Low
TXN103178,CUST070,9,16067.96,Transfer,14,Bangalore,Bangalore,iPhone,0,2463,3015.8,8905.15,7162.81,1.8,1,0,0,0,0.024,0,2,Low
TXN103179,CUST070,10,4608.1,Purchase,9,Bangalore,Bangalore,iPhone,0,2463,16067.96,9701.02,-5092.92,0.48,5,0,0,0,0.0208,0,2,Low
TXN103180,CUST070,11,13300.15,Transfer,8,Bangalore,Bangalore,iPhone,0,2463,4608.1,9191.73,4108.42,1.45,3,0,0,0,0.0059,0,1,Low
TXN103181,CUST070,12,3869.9,Purchase,21,Bangalore,Bangalore,iPhone,0,2463,13300.15,9527.57,-5657.66,0.41,1,0,0,0,0.0074,0,1,Low
TXN103182,CUST070,13,2775.12,Purchase,17,Bangalore,Bangalore,iPhone,0,2463,3869.9,9742.73,-6967.61,0.28,1,0,0,0,0.0189,0,2,Low
TXN103183,CUST070,14,15286.04,Transfer,19,Bangalore,Bangalore,iPhone,0,2463,2775.12,8522.9,6763.14,1.79,1,0,0,0,0.0194,0,2,Low
TXN103184,CUST070,15,3494.08,Bill Payment,12,Mumbai,Bangalore,iPhone,0,2463,15286.04,9341.19,-5847.11,0.37,1,1,0,1,0.0421,0,4,Low
TXN103185,CUST070,16,1905.15,Transfer,6,Hassan,Bangalore,iPhone,0,2463,3494.08,9078.77,-7173.62,0.21,7,1,0,1,0.0883,0,9,Low
TXN103186,CUST070,17,3085.59,Bill Payment,10,Bangalore,Bangalore,iPhone,0,2463,1905.15,8110.57,-5024.98,0.38,0,0,0,0,0.0039,0,0,Low
TXN103187,CUST070,18,3371.22,Online Payment,9,Bangalore,Bangalore,iPhone,0,2463,3085.59,6740.79,-3369.57,0.5,3,0,0,0,0.0228,0,2,Low
TXN103188,CUST070,19,4709.58,Purchase,8,Bangalore,Bangalore,Windows,1,2463,3371.22,6776.33,-2066.75,0.7,2,1,0,0,0.0203,0,2,Low
TXN103189,CUST070,20,9338.13,Purchase,16,Bangalore,Bangalore,iPhone,0,2463,4709.58,5640.49,3697.64,1.66,1,0,0,0,0.0163,0,2,Low
TXN103190,CUST070,21,3997.37,ATM Withdrawal,12,Bangalore,Bangalore,iPhone,0,2463,9338.13,6113.5,-2116.13,0.65,2,0,0,0,0.0033,0,0,Low
TXN103191,CUST070,22,3593.87,Purchase,18,Bangalore,Bangalore,iPhone,0,2463,3997.37,5183.22,-1589.35,0.69,1,0,0,0,0.0198,0,2,Low
TXN103192,CUST070,23,2892.4,ATM Withdrawal,17,Mangalore,Bangalore,iPhone,0,2463,3593.87,5155.62,-2263.21,0.56,0,0,0,1,0.0258,0,3,Low
TXN103193,CUST070,24,2431.86,Bill Payment,18,Bangalore,Bangalore,iPhone,0,2463,2892.4,5167.34,-2735.49,0.47,2,1,0,0,0.0088,0,1,Low
TXN103194,CUST070,25,2153.38,Purchase,21,Bangalore,Bangalore,iPhone,0,2463,2431.86,3881.92,-1728.55,0.55,1,0,0,0,0.0062,0,1,Low
TXN103195,CUST070,26,10780.49,Purchase,7,Hyderabad,Bangalore,Android,1,2463,2153.38,3747.85,7032.64,2.88,0,0,0,1,0.1075,0,11,Low
TXN103196,CUST070,27,6198.65,Purchase,22,Bangalore,Bangalore,iPhone,0,2463,10780.49,4635.39,1563.26,1.34,2,0,0,0,0.0019,0,0,Low
TXN103197,CUST070,28,4580.54,Bill Payment,20,Bangalore,Bangalore,Windows,1,2463,6198.65,4946.69,-366.15,0.93,3,0,0,0,0.0108,0,1,Low
TXN103198,CUST070,29,3122.55,Transfer,21,Bangalore,Bangalore,iPhone,0,2463,4580.54,5067.63,-1945.08,0.62,0,0,0,0,0.0048,0,0,Low
TXN103199,CUST070,30,4689.29,Transfer,13,Bangalore,Bangalore,iPhone,0,2463,3122.55,4908.92,-219.64,0.96,2,0,1,0,0.0166,0,2,Low
TXN103200,CUST070,31,5421.72,Transfer,21,Bangalore,Bangalore,iPhone,0,2463,4689.29,4444.04,977.68,1.22,1,0,0,0,0.0045,0,0,Low
TXN103201,CUST070,32,8048.15,Purchase,10,Bangalore,Bangalore,iPhone,0,2463,5421.72,4586.48,3461.67,1.75,2,0,0,0,0.0029,0,0,Low
TXN103202,CUST070,33,2585.76,Transfer,15,Bangalore,Bangalore,iPhone,0,2463,8048.15,5031.9,-2446.14,0.51,3,2,0,0,0.0345,0,3,Low
TXN103203,CUST070,34,4781.69,Online Payment,11,Bangalore,Bangalore,iPhone,0,2463,2585.76,5001.24,-219.55,0.96,2,1,0,0,0.0088,0,1,Low
TXN103204,CUST070,35,4651.51,Transfer,10,Bangalore,Bangalore,iPhone,0,2463,4781.69,5236.22,-584.71,0.89,3,0,0,0,0.0132,0,1,Low
TXN103205,CUST070,36,3953.06,Online Payment,8,Bangalore,Bangalore,iPhone,0,2463,4651.51,5486.04,-1532.98,0.72,2,0,0,0,0.0056,0,1,Low
TXN103206,CUST070,37,9064.16,Transfer,9,Bangalore,Bangalore,iPhone,0,2463,3953.06,4803.29,4260.87,1.89,4,0,0,0,0.0149,0,1,Low
TXN103207,CUST070,38,6057.25,Purchase,18,Bangalore,Bangalore,iPhone,0,2463,9064.16,5089.84,967.41,1.19,3,0,0,0,0.0044,0,0,Low
TXN103208,CUST070,39,6990.7,Purchase,19,Bangalore,Bangalore,iPhone,0,2463,6057.25,5237.51,1753.18,1.33,2,0,0,0,0.0102,0,1,Low
TXN103209,CUST070,40,2466.48,Bill Payment,18,Bangalore,Bangalore,iPhone,0,2463,6990.7,5624.33,-3157.85,0.44,4,0,0,0,0.0055,0,1,Low
TXN103210,CUST070,41,3646.85,Transfer,9,Delhi,Bangalore,iPhone,0,2463,2466.48,5402.05,-1755.2,0.68,3,0,0,1,0.0316,0,3,Low
TXN103211,CUST070,42,17251.21,Bill Payment,13,Bangalore,Bangalore,iPhone,0,2463,3646.85,5224.56,12026.65,3.3,4,0,0,0,0.0208,0,2,Low
TXN103212,CUST070,43,3320.67,Purchase,18,Bangalore,Bangalore,iPhone,0,2463,17251.21,6144.87,-2824.19,0.54,1,0,0,0,0.0032,0,0,Low
TXN103213,CUST070,44,2705.46,Transfer,16,Pune,Bangalore,Windows,1,2463,3320.67,6218.36,-3512.9,0.44,1,0,0,1,0.0325,0,3,Low
TXN103214,CUST071,1,4652.7,Purchase,10,Delhi,Delhi,Mac,0,2089,0.0,4651.58,1.11,1.0,5,0,0,0,0.0234,1,2,Low
TXN103215,CUST071,2,17004.84,Purchase,18,Delhi,Delhi,Mac,0,2089,4652.7,4652.7,12352.15,3.65,4,1,0,0,0.0141,0,1,Low
TXN103216,CUST071,3,2670.97,Purchase,22,Delhi,Delhi,Mac,0,2089,17004.84,10828.77,-8157.8,0.25,1,0,0,0,0.0321,0,3,Low
TXN103217,CUST071,4,1576.06,Transfer,11,Delhi,Delhi,Mac,0,2089,2670.97,8109.5,-6533.45,0.19,6,0,0,0,0.0451,0,5,Low
TXN103218,CUST071,5,3533.97,Bill Payment,8,Delhi,Delhi,Windows,1,2089,1576.06,6476.14,-2942.17,0.55,3,0,0,0,0.0403,0,4,Low
TXN103219,CUST071,6,7468.7,Bill Payment,6,Delhi,Delhi,Mac,0,2089,3533.97,5887.71,1580.99,1.27,2,0,0,0,0.0151,0,2,Low
TXN103220,CUST071,7,3829.94,Transfer,17,Delhi,Delhi,Mac,0,2089,7468.7,6151.21,-2321.26,0.62,2,1,0,0,0.0047,0,0,Low
TXN103221,CUST071,8,3195.83,Online Payment,13,Delhi,Delhi,Mac,0,2089,3829.94,5819.6,-2623.77,0.55,2,0,0,0,0.0033,0,0,Low
TXN103222,CUST071,9,2242.57,Purchase,22,Delhi,Delhi,Mac,0,2089,3195.83,5491.63,-3249.06,0.41,3,0,0,0,0.0071,0,1,Low
TXN103223,CUST071,10,10061.35,Bill Payment,17,Chennai,Delhi,Mac,0,2089,2242.57,5130.62,4930.73,1.96,2,0,0,1,0.0081,0,1,Low
TXN103224,CUST071,11,2382.46,ATM Withdrawal,16,Delhi,Delhi,Mac,0,2089,10061.35,5623.69,-3241.23,0.42,2,0,0,0,0.0054,0,1,Low
TXN103225,CUST071,12,3976.96,Purchase,19,Delhi,Delhi,Mac,0,2089,2382.46,5396.67,-1419.71,0.74,5,0,0,0,0.0057,0,1,Low
TXN103226,CUST071,13,3186.74,ATM Withdrawal,7,Delhi,Delhi,Mac,0,2089,3976.96,4093.88,-907.14,0.78,5,0,0,0,0.0178,0,2,Low
TXN103227,CUST071,14,5081.94,Purchase,15,Hassan,Delhi,Mac,0,2089,3186.74,4145.46,936.48,1.23,5,0,1,1,0.1184,0,12,Low
TXN103228,CUST071,15,16129.84,Online Payment,10,Delhi,Delhi,Mac,0,2089,5081.94,4496.05,11633.79,3.59,3,1,0,0,0.0149,0,1,Low
TXN103229,CUST071,16,6504.09,Transfer,9,Delhi,Delhi,Mac,0,2089,16129.84,5755.63,748.46,1.13,5,0,1,0,0.0296,0,3,Low
TXN103230,CUST071,17,2933.86,Purchase,21,Delhi,Delhi,Mac,0,2089,6504.09,5659.17,-2725.31,0.52,3,0,0,0,0.0094,0,1,Low
TXN103231,CUST071,18,6455.89,Transfer,6,Delhi,Delhi,Mac,0,2089,2933.86,5569.56,886.32,1.16,2,0,0,0,0.0059,0,1,Low
TXN103232,CUST071,19,4920.46,Online Payment,22,Delhi,Delhi,Mac,0,2089,6455.89,5895.57,-975.11,0.83,2,0,1,0,0.0044,0,0,Low
TXN103233,CUST071,20,1469.7,Purchase,16,Delhi,Delhi,Mac,0,2089,4920.46,6163.36,-4693.66,0.24,1,0,0,0,0.0106,0,1,Low
TXN103234,CUST071,21,3442.42,Online Payment,15,Hassan,Delhi,Mac,0,2089,1469.7,5304.19,-1861.77,0.65,1,0,0,1,0.0188,0,2,Low
TXN103235,CUST071,22,2437.64,Purchase,20,Delhi,Delhi,Mac,0,2089,3442.42,5410.19,-2972.56,0.45,3,1,0,0,0.0043,0,0,Low
TXN103236,CUST071,23,1508.82,ATM Withdrawal,16,Delhi,Delhi,Mac,0,2089,2437.64,5256.26,-3747.44,0.29,2,0,0,0,0.021,0,2,Low
TXN103237,CUST071,24,3620.41,ATM Withdrawal,13,Bangalore,Delhi,Mac,0,2089,1508.82,5088.47,-1468.06,0.71,2,0,0,1,0.0095,0,1,Low
TXN103238,CUST071,25,3159.66,Transfer,21,Delhi,Delhi,Mac,0,2089,3620.41,4942.31,-1782.66,0.64,5,0,0,0,0.0217,0,2,Low
TXN103239,CUST071,26,2307.5,Purchase,9,Delhi,Delhi,Windows,1,2089,3159.66,3645.29,-1337.8,0.63,2,0,0,0,0.0227,0,2,Low
TXN103240,CUST071,27,1666.13,Bill Payment,12,Mangalore,Delhi,Mac,0,2089,2307.5,3225.63,-1559.51,0.52,3,0,0,1,0.0371,0,4,Low
TXN103241,CUST071,28,3360.52,Transfer,12,Delhi,Delhi,Mac,0,2089,1666.13,3098.86,261.66,1.08,2,1,0,0,0.0033,0,0,Low
TXN103242,CUST071,29,5031.78,Purchase,20,Delhi,Delhi,Mac,0,2089,3360.52,2789.32,2242.46,1.8,2,1,0,0,0.0064,0,1,Low
TXN103243,CUST071,30,17409.14,Online Payment,11,Delhi,Delhi,Mac,0,2089,5031.78,2800.46,14608.68,6.22,2,0,0,0,0.0118,0,1,Low
TXN103244,CUST071,31,10042.11,Transfer,20,Pune,Delhi,Mac,0,2089,17409.14,4394.4,5647.7,2.29,1,1,0,1,0.0373,0,4,Low
TXN103245,CUST071,32,6455.2,Bill Payment,16,Delhi,Delhi,Mac,0,2089,10042.11,5054.37,1400.83,1.28,2,0,0,0,0.0152,0,2,Low
TXN103246,CUST071,33,4363.39,Purchase,11,Delhi,Delhi,Mac,0,2089,6455.2,5456.12,-1092.74,0.8,2,1,0,0,0.0139,0,1,Low
TXN103247,CUST071,34,5293.27,ATM Withdrawal,14,Delhi,Delhi,Mac,0,2089,4363.39,5741.58,-448.31,0.92,0,0,0,0,0.0186,0,2,Low
TXN103248,CUST071,35,5632.44,ATM Withdrawal,9,Delhi,Delhi,Mac,0,2089,5293.27,5908.87,-276.42,0.95,3,0,0,0,0.0023,0,0,Low
TXN103249,CUST071,36,8274.02,Purchase,6,Delhi,Delhi,Mac,0,2089,5632.44,6156.15,2117.87,1.34,1,0,0,0,0.002,0,0,Low
TXN103250,CUST071,37,3073.6,Online Payment,7,Delhi,Delhi,Mac,0,2089,8274.02,6752.8,-3679.2,0.46,1,1,1,0,0.0268,0,3,Low
TXN103251,CUST071,38,6342.69,Purchase,15,Delhi,Delhi,Mac,0,2089,3073.6,6893.55,-550.86,0.92,1,0,0,0,0.005,0,0,Low
TXN103252,CUST071,39,3029.26,Bill Payment,11,Hassan,Delhi,Mac,0,2089,6342.69,7191.76,-4162.51,0.42,2,0,0,0,0.55,1,55,Medium
TXN103253,CUST071,40,8822.85,Transfer,12,Delhi,Delhi,Mac,0,2089,3029.26,6991.51,1831.34,1.26,1,0,0,0,0.0031,0,0,Low
TXN103254,CUST071,41,10812.12,ATM Withdrawal,16,Delhi,Delhi,Mac,0,2089,8822.85,6132.88,4679.24,1.76,2,0,0,0,0.0159,0,2,Low
TXN103255,CUST071,42,8364.31,Transfer,10,Delhi,Delhi,Mac,0,2089,10812.12,6209.88,2154.43,1.35,1,0,0,0,0.0138,0,1,Low
TXN103256,CUST071,43,3094.7,Bill Payment,9,Delhi,Delhi,Mac,0,2089,8364.31,6400.79,-3306.1,0.48,5,0,0,0,0.0068,0,1,Low
TXN103257,CUST071,44,3537.89,Purchase,17,Delhi,Delhi,Mac,0,2089,3094.7,6273.93,-2736.04,0.56,3,0,0,0,0.0092,0,1,Low
TXN103258,CUST071,45,3660.13,Purchase,9,Delhi,Delhi,Mac,0,2089,3537.89,6098.39,-2438.26,0.6,0,0,0,0,0.0226,0,2,Low
TXN103259,CUST071,46,3160.51,ATM Withdrawal,7,Delhi,Delhi,Mac,0,2089,3660.13,5901.16,-2740.64,0.54,2,0,0,0,0.0079,0,1,Low
TXN103260,CUST071,47,2039.11,Purchase,12,Delhi,Delhi,Mac,0,2089,3160.51,5389.81,-3350.69,0.38,0,0,0,0,0.0121,0,1,Low
TXN103261,CUST071,48,4013.03,Purchase,11,Delhi,Delhi,Mac,0,2089,2039.11,5286.36,-1273.33,0.76,2,0,0,0,0.0182,0,2,Low
TXN103262,CUST071,49,7868.26,Purchase,19,Delhi,Delhi,Mac,0,2089,4013.03,5053.39,2814.87,1.56,1,0,0,0,0.0033,0,0,Low
TXN103263,CUST071,50,5978.54,Bill Payment,10,Delhi,Delhi,Mac,0,2089,7868.26,5537.29,441.25,1.08,3,0,0,0,0.0077,0,1,Low
TXN103264,CUST071,51,2003.61,Transfer,16,Delhi,Delhi,Mac,0,2089,5978.54,5252.86,-3249.25,0.38,3,0,0,0,0.0028,0,0,Low
TXN103265,CUST071,52,2611.12,Purchase,17,Delhi,Delhi,Mac,0,2089,2003.61,4372.01,-1760.89,0.6,0,2,0,0,0.0585,0,6,Low
TXN103266,CUST071,53,4159.6,Bill Payment,20,Delhi,Delhi,Mac,0,2089,2611.12,3796.69,362.91,1.1,2,0,0,0,0.0076,0,1,Low
TXN103267,CUST071,54,1591.12,Transfer,19,Mumbai,Delhi,Mac,0,2089,4159.6,3903.18,-2312.07,0.41,0,2,0,1,0.0786,0,8,Low
TXN103268,CUST072,1,5780.87,Bill Payment,17,Chennai,Chennai,iPhone,0,2919,0.0,7348.67,-1567.8,0.79,3,0,0,0,0.0043,0,0,Low
TXN103269,CUST072,2,5195.76,Purchase,20,Hyderabad,Chennai,iPhone,0,2919,5780.87,5780.87,-585.11,0.9,0,0,0,1,0.0159,0,2,Low
TXN103270,CUST072,3,11941.7,Online Payment,8,Chennai,Chennai,Android,1,2919,5195.76,5488.32,6453.38,2.18,1,0,0,0,0.0284,0,3,Low
TXN103271,CUST072,4,24322.6,Bill Payment,11,Chennai,Chennai,iPhone,0,2919,11941.7,7639.44,16683.16,3.18,3,2,0,0,0.069,0,7,Low
TXN103272,CUST072,5,8460.95,Purchase,6,Chennai,Chennai,iPhone,0,2919,24322.6,11810.23,-3349.28,0.72,2,0,0,0,0.0244,0,2,Low
TXN103273,CUST072,6,6647.02,Transfer,8,Chennai,Chennai,iPhone,0,2919,8460.95,11140.38,-4493.36,0.6,2,1,1,0,0.0081,0,1,Low
TXN103274,CUST072,7,5514.45,Transfer,20,Chennai,Chennai,iPhone,0,2919,6647.02,10391.48,-4877.03,0.53,0,0,0,0,0.0133,0,1,Low
TXN103275,CUST072,8,15298.24,Bill Payment,18,Chennai,Chennai,iPhone,0,2919,5514.45,9694.76,5603.48,1.58,5,0,0,0,0.0396,0,4,Low
TXN103276,CUST072,9,12332.38,Online Payment,21,Chennai,Chennai,iPhone,0,2919,15298.24,10395.2,1937.18,1.19,2,0,0,0,0.0125,0,1,Low
TXN103277,CUST072,10,6103.38,Online Payment,22,Chennai,Chennai,iPhone,0,2919,12332.38,10610.44,-4507.06,0.58,2,0,0,0,0.005,0,1,Low
TXN103278,CUST072,11,11204.94,Purchase,22,Chennai,Chennai,Mac,1,2919,6103.38,10159.74,1045.21,1.1,3,1,0,0,0.0123,0,1,Low
TXN103279,CUST072,12,7552.78,Bill Payment,9,Chennai,Chennai,iPhone,0,2919,11204.94,10702.14,-3149.37,0.71,0,0,0,0,0.0175,0,2,Low
TXN103280,CUST072,13,6199.8,Purchase,14,Chennai,Chennai,iPhone,0,2919,7552.78,10937.84,-4738.05,0.57,5,0,0,0,0.0073,0,1,Low
TXN103281,CUST072,14,7181.87,Online Payment,20,Chennai,Chennai,iPhone,0,2919,6199.8,10363.65,-3181.78,0.69,2,1,0,0,0.0048,0,0,Low
TXN103282,CUST072,15,5164.51,ATM Withdrawal,18,Hassan,Chennai,iPhone,0,2919,7181.87,8649.58,-3485.08,0.6,1,0,0,1,0.0211,0,2,Low
TXN103283,CUST072,16,10667.18,Transfer,14,Hyderabad,Chennai,iPhone,0,2919,5164.51,8319.94,2347.24,1.28,5,0,0,1,0.0594,0,6,Low
TXN103284,CUST072,17,5395.93,Bill Payment,9,Chennai,Chennai,iPhone,0,2919,10667.18,8721.95,-3326.02,0.62,2,1,0,0,0.0038,0,0,Low
TXN103285,CUST072,18,4646.26,Bill Payment,14,Chennai,Chennai,iPhone,0,2919,5395.93,8710.1,-4063.84,0.53,1,1,0,0,0.0148,0,1,Low
TXN103286,CUST072,19,27136.04,Online Payment,7,Chennai,Chennai,iPhone,0,2919,4646.26,7644.9,19491.13,3.55,4,1,0,0,0.0485,0,5,Low
TXN103287,CUST072,20,10881.41,ATM Withdrawal,8,Chennai,Chennai,iPhone,0,2919,27136.04,9125.27,1756.14,1.19,4,0,0,0,0.002,0,0,Low
TXN103288,CUST072,21,5979.44,Purchase,22,Chennai,Chennai,iPhone,0,2919,10881.41,9603.07,-3623.63,0.62,4,0,1,0,0.0284,0,3,Low
TXN103289,CUST072,22,2301.95,Online Payment,6,Chennai,Chennai,iPhone,0,2919,5979.44,9080.52,-6778.57,0.25,0,0,0,0,0.0083,0,1,Low
TXN103290,CUST072,23,2559.29,Purchase,22,Chennai,Chennai,iPhone,0,2919,2301.95,8555.44,-5996.15,0.3,4,1,0,0,0.0092,0,1,Low
TXN103291,CUST072,24,15496.7,Bill Payment,19,Chennai,Chennai,iPhone,0,2919,2559.29,8191.39,7305.31,1.89,3,0,0,0,0.014,0,1,Low
TXN103292,CUST072,25,5962.69,Purchase,14,Chennai,Chennai,iPhone,0,2919,15496.7,9022.87,-3060.18,0.66,1,0,0,0,0.018,0,2,Low
TXN103293,CUST072,26,3502.3,Online Payment,20,Chennai,Chennai,iPhone,0,2919,5962.69,9102.69,-5600.39,0.38,3,0,0,0,0.0176,0,2,Low
TXN103294,CUST072,27,4153.19,Purchase,18,Chennai,Chennai,iPhone,0,2919,3502.3,8386.2,-4233.01,0.5,2,2,0,0,0.0151,0,2,Low
TXN103295,CUST072,28,13794.47,Purchase,6,Chennai,Chennai,iPhone,0,2919,4153.19,8261.93,5532.54,1.67,3,0,0,0,0.0119,0,1,Low
TXN103296,CUST072,29,3065.48,Purchase,14,Chennai,Chennai,iPhone,0,2919,13794.47,9176.75,-6111.27,0.33,3,0,0,0,0.0151,0,2,Low
TXN103297,CUST072,30,7673.09,Purchase,7,Chennai,Chennai,iPhone,0,2919,3065.48,6769.69,903.4,1.13,2,0,0,0,0.0034,0,0,Low
TXN103298,CUST072,31,3838.64,Bill Payment,12,Chennai,Chennai,iPhone,0,2919,7673.09,6448.86,-2610.22,0.6,2,1,0,0,0.0154,0,2,Low
TXN103299,CUST072,32,26843.93,Purchase,8,Chennai,Chennai,iPhone,0,2919,3838.64,6234.78,20609.15,4.31,3,0,0,0,0.0163,0,2,Low
TXN103300,CUST072,33,18373.01,ATM Withdrawal,12,Chennai,Chennai,iPhone,0,2919,26843.93,8688.98,9684.03,2.11,3,0,0,0,0.0038,0,0,Low
TXN103301,CUST072,34,7209.1,Purchase,18,Chennai,Chennai,iPhone,0,2919,18373.01,10270.35,-3061.25,0.7,0,0,0,0,0.0095,0,1,Low
TXN103302,CUST072,35,8726.2,Bill Payment,14,Mangalore,Chennai,Mac,1,2919,7209.1,9441.59,-715.39,0.92,0,1,0,1,0.0535,0,5,Low
TXN103303,CUST073,1,3875.8,Transfer,9,Pune,Pune,Mac,0,1658,0.0,11671.0,-7795.21,0.33,3,0,0,0,0.0127,0,1,Low
TXN103304,CUST073,2,10746.86,Purchase,16,Pune,Pune,Mac,0,1658,3875.8,3875.8,6871.07,2.77,4,2,0,0,0.55,1,55,Medium
TXN103305,CUST073,3,11078.6,Transfer,19,Pune,Pune,Mac,0,1658,10746.86,7311.33,3767.27,1.52,3,1,0,0,0.0057,0,1,Low
TXN103306,CUST073,4,9041.43,Transfer,17,Pune,Pune,Mac,0,1658,11078.6,8567.09,474.34,1.06,2,1,0,0,0.0089,0,1,Low
TXN103307,CUST073,5,13045.21,Purchase,13,Pune,Pune,Mac,0,1658,9041.43,8685.67,4359.53,1.5,5,0,1,0,0.026,0,3,Low
TXN103308,CUST073,6,22241.86,Bill Payment,21,Pune,Pune,Mac,0,1658,13045.21,9557.58,12684.28,2.33,1,1,0,0,0.0298,0,3,Low
TXN103309,CUST073,7,12771.0,Purchase,16,Pune,Pune,Mac,0,1658,22241.86,11671.63,1099.38,1.09,1,1,1,0,0.0067,0,1,Low
TXN103310,CUST073,8,11750.34,Transfer,17,Pune,Pune,Mac,0,1658,12771.0,11828.68,-78.34,0.99,0,1,0,0,0.0078,0,1,Low
TXN103311,CUST073,9,12575.38,Bill Payment,14,Pune,Pune,Mac,0,1658,11750.34,11818.89,756.49,1.06,1,0,0,0,0.0257,0,3,Low
TXN103312,CUST073,10,42590.05,Online Payment,16,Pune,Pune,Mac,0,1658,12575.38,11902.94,30687.11,3.58,3,0,0,0,0.0417,0,4,Low
TXN103313,CUST073,11,22635.06,Transfer,6,Mysore,Pune,Mac,0,1658,42590.05,14971.65,7663.41,1.51,2,1,0,1,0.0417,0,4,Low
TXN103314,CUST073,12,48240.21,Transfer,8,Pune,Pune,iPhone,1,1658,22635.06,16847.58,31392.63,2.86,4,0,0,0,0.1704,0,17,Low
TXN103315,CUST073,13,8314.17,Transfer,19,Pune,Pune,Mac,0,1658,48240.21,20596.91,-12282.75,0.4,4,0,0,0,0.0165,0,2,Low
TXN103316,CUST073,14,10702.34,Bill Payment,22,Pune,Pune,Mac,0,1658,8314.17,20320.47,-9618.13,0.53,3,0,0,0,0.0026,0,0,Low
TXN103317,CUST073,15,84126.39,Purchase,7,Pune,Pune,Windows,1,1658,10702.34,20486.56,63639.83,4.11,5,2,0,0,0.55,1,55,Medium
TXN103318,CUST073,16,6634.62,Purchase,19,Mangalore,Pune,Mac,0,1658,84126.39,27594.68,-20960.06,0.24,3,0,0,1,0.0129,0,1,Low
TXN103319,CUST073,17,8362.23,ATM Withdrawal,16,Pune,Pune,Mac,0,1658,6634.62,26033.96,-17671.73,0.32,6,0,0,0,0.0288,0,3,Low
TXN103320,CUST073,18,7038.73,Transfer,6,Mumbai,Pune,Android,1,1658,8362.23,25593.08,-18554.35,0.28,1,0,0,1,0.1084,0,11,Low
TXN103321,CUST073,19,7750.68,Bill Payment,15,Pune,Pune,Mac,0,1658,7038.73,25121.92,-17371.24,0.31,3,0,0,0,0.0039,0,0,Low
TXN103322,CUST073,20,8096.82,Online Payment,8,Pune,Pune,Mac,0,1658,7750.68,24639.45,-16542.63,0.33,1,2,0,0,0.0128,0,1,Low
TXN103323,CUST073,21,5028.45,ATM Withdrawal,11,Pune,Pune,Mac,0,1658,8096.82,21190.12,-16161.67,0.24,0,0,0,0,0.0119,0,1,Low
TXN103324,CUST073,22,19495.67,ATM Withdrawal,20,Pune,Pune,Mac,0,1658,5028.45,19429.46,66.21,1.0,1,0,0,0,0.0346,1,3,Low
TXN103325,CUST073,23,5774.59,Purchase,21,Pune,Pune,Mac,0,1658,19495.67,16555.01,-10780.42,0.35,5,0,0,0,0.0151,0,2,Low
TXN103326,CUST073,24,18777.23,ATM Withdrawal,13,Pune,Pune,Mac,0,1658,5774.59,16301.05,2476.17,1.15,0,0,0,0,0.0187,0,2,Low
TXN103327,CUST073,25,10472.55,Transfer,18,Pune,Pune,Mac,0,1658,18777.23,17108.54,-6635.99,0.61,1,0,0,0,0.003,0,0,Low
TXN103328,CUST073,26,3736.18,Purchase,20,Pune,Pune,Mac,0,1658,10472.55,9743.15,-6006.98,0.38,6,0,0,0,0.0262,0,3,Low
TXN103329,CUST073,27,11334.56,Bill Payment,7,Pune,Pune,Mac,0,1658,3736.18,9453.31,1881.25,1.2,3,0,0,0,0.0017,0,0,Low
TXN103330,CUST073,28,34985.54,Purchase,21,Pune,Pune,Mac,0,1658,11334.56,9750.54,25235.0,3.59,1,0,0,0,0.082,0,8,Low
TXN103331,CUST073,29,7554.2,ATM Withdrawal,8,Pune,Pune,Mac,0,1658,34985.54,12545.23,-4991.02,0.6,2,0,0,0,0.0231,0,2,Low
TXN103332,CUST073,30,24803.95,Transfer,10,Hyderabad,Pune,Mac,0,1658,7554.2,12525.58,12278.37,1.98,3,0,0,1,0.0417,0,4,Low
TXN103333,CUST073,31,12547.57,Bill Payment,19,Pune,Pune,Mac,0,1658,24803.95,14196.29,-1648.72,0.88,1,0,0,0,0.0184,1,2,Low
TXN103334,CUST073,32,21486.02,Transfer,12,Pune,Pune,Android,1,1658,12547.57,14948.2,6537.81,1.44,3,0,0,0,0.075,0,8,Low
TXN103335,CUST073,33,7338.55,Purchase,15,Pune,Pune,Mac,0,1658,21486.02,15147.24,-7808.68,0.48,3,0,0,0,0.0049,0,0,Low
TXN103336,CUST073,34,6666.9,ATM Withdrawal,9,Pune,Pune,Mac,0,1658,7338.55,15303.63,-8636.73,0.44,3,0,0,0,0.0149,0,1,Low
TXN103337,CUST073,35,5906.32,Transfer,7,Delhi,Pune,Mac,0,1658,6666.9,14092.6,-8186.28,0.42,2,0,0,1,0.0211,0,2,Low
TXN103338,CUST073,36,23676.51,Purchase,8,Chennai,Pune,Mac,0,1658,5906.32,13635.98,10040.53,1.74,1,0,0,1,0.0277,0,3,Low
TXN103339,CUST073,37,3943.59,Transfer,11,Pune,Pune,Mac,0,1658,23676.51,15630.01,-11686.42,0.25,5,0,1,0,0.0356,0,4,Low
TXN103340,CUST073,38,15343.26,Bill Payment,6,Pune,Pune,Mac,0,1658,3943.59,14890.91,452.34,1.03,5,0,0,0,0.0116,0,1,Low
TXN103341,CUST073,39,23582.5,Transfer,10,Pune,Pune,iPhone,1,1658,15343.26,12926.69,10655.81,1.82,2,0,0,0,0.0893,0,9,Low
TXN103342,CUST073,40,8556.83,Purchase,12,Pune,Pune,Mac,0,1658,23582.5,14529.52,-5972.69,0.59,2,0,0,0,0.0127,0,1,Low
TXN103343,CUST073,41,7893.25,Purchase,8,Pune,Pune,iPhone,1,1658,8556.83,12904.8,-5011.55,0.61,2,0,0,0,0.0159,0,2,Low
TXN103344,CUST073,42,11623.96,Online Payment,21,Pune,Pune,Mac,0,1658,7893.25,12439.37,-815.41,0.93,1,2,1,0,0.0736,0,7,Low
TXN103345,CUST073,43,17518.82,Bill Payment,18,Pune,Pune,Mac,0,1658,11623.96,11453.17,6065.66,1.53,1,1,0,0,0.0137,0,1,Low
TXN103346,CUST073,44,17503.96,Purchase,16,Pune,Pune,Mac,0,1658,17518.82,12471.19,5032.77,1.4,0,0,0,0,0.0079,0,1,Low
TXN103347,CUST074,1,13846.89,Online Payment,13,Mumbai,Mumbai,iPhone,1,2132,0.0,9205.8,4641.08,1.5,2,0,0,0,0.0272,0,3,Low
TXN103348,CUST074,2,3681.52,Online Payment,17,Mumbai,Mumbai,iPhone,1,2132,13846.89,13846.89,-10165.37,0.27,2,1,0,0,0.0609,0,6,Low
TXN103349,CUST074,3,7514.51,Online Payment,12,Mumbai,Mumbai,Windows,0,2132,3681.52,8764.2,-1249.69,0.86,0,0,0,0,0.0109,0,1,Low
TXN103350,CUST074,4,4060.23,Purchase,10,Mangalore,Mumbai,Windows,0,2132,7514.51,8347.64,-4287.41,0.49,0,0,0,1,0.0669,0,7,Low
TXN103351,CUST074,5,2148.39,Purchase,8,Mumbai,Mumbai,Windows,0,2132,4060.23,7275.79,-5127.39,0.3,1,0,0,0,0.0058,0,1,Low
TXN103352,CUST074,6,11054.68,Transfer,8,Mumbai,Mumbai,Windows,0,2132,2148.39,6250.31,4804.37,1.77,1,0,0,0,0.0059,0,1,Low
TXN103353,CUST074,7,7588.96,Bill Payment,8,Mumbai,Mumbai,Windows,0,2132,11054.68,7051.04,537.92,1.08,2,0,0,0,0.0131,0,1,Low
TXN103354,CUST074,8,3368.92,Bill Payment,9,Mumbai,Mumbai,Windows,0,2132,7588.96,7127.88,-3758.97,0.47,4,0,1,0,0.0282,0,3,Low
TXN103355,CUST074,9,20552.08,Transfer,12,Mumbai,Mumbai,Windows,0,2132,3368.92,6658.01,13894.07,3.09,3,0,0,0,0.0511,0,5,Low
TXN103356,CUST074,10,2832.63,ATM Withdrawal,12,Mumbai,Mumbai,Windows,0,2132,20552.08,8201.8,-5369.17,0.35,2,1,0,0,0.0055,0,1,Low
TXN103357,CUST074,11,7627.98,Bill Payment,20,Mumbai,Mumbai,Windows,0,2132,2832.63,7664.88,-36.9,1.0,2,2,0,0,0.017,0,2,Low
TXN103358,CUST074,12,4384.14,Purchase,18,Mumbai,Mumbai,Windows,0,2132,7627.98,7042.99,-2658.85,0.62,1,0,0,0,0.0075,0,1,Low
TXN103359,CUST074,13,23912.18,Purchase,15,Bangalore,Mumbai,Windows,0,2132,4384.14,7113.25,16798.93,3.36,4,0,0,1,0.0266,0,3,Low
TXN103360,CUST074,14,12016.15,Purchase,10,Mumbai,Mumbai,Windows,0,2132,23912.18,8753.02,3263.13,1.37,1,0,0,0,0.0116,0,1,Low
TXN103361,CUST074,15,13995.21,Purchase,11,Mumbai,Mumbai,Windows,0,2132,12016.15,9548.61,4446.6,1.47,0,1,0,0,0.0088,0,1,Low
TXN103362,CUST074,16,5060.47,Purchase,19,Mumbai,Mumbai,Windows,0,2132,13995.21,10733.29,-5672.82,0.47,3,0,0,0,0.0193,0,2,Low
TXN103363,CUST074,17,5059.98,Purchase,18,Mumbai,Mumbai,Windows,0,2132,5060.47,10133.87,-5073.89,0.5,2,0,0,0,0.0026,0,0,Low
TXN103364,CUST074,18,15265.76,Transfer,11,Mumbai,Mumbai,Windows,0,2132,5059.98,9880.97,5384.79,1.54,0,0,1,0,0.0403,0,4,Low
TXN103365,CUST074,19,12509.16,Bill Payment,14,Mumbai,Mumbai,Windows,0,2132,15265.76,11070.66,1438.5,1.13,1,0,0,0,0.0039,0,0,Low
TXN103366,CUST074,20,3024.46,Purchase,16,Chennai,Mumbai,Windows,0,2132,12509.16,10266.37,-7241.9,0.29,0,1,0,1,0.0157,0,2,Low
TXN103367,CUST074,21,5622.74,Online Payment,18,Bangalore,Mumbai,Windows,0,2132,3024.46,10285.55,-4662.81,0.55,4,0,0,1,0.0391,0,4,Low
TXN103368,CUST074,22,8718.39,Transfer,17,Mumbai,Mumbai,Windows,0,2132,5622.74,10085.03,-1366.64,0.86,3,0,0,0,0.0139,0,1,Low
TXN103369,CUST074,23,16270.99,Bill Payment,21,Mumbai,Mumbai,Mac,1,2132,8718.39,10518.45,5752.54,1.55,4,0,0,0,0.0177,0,2,Low
TXN103370,CUST074,24,6879.89,Transfer,22,Mumbai,Mumbai,Windows,0,2132,16270.99,9754.33,-2874.44,0.71,6,0,0,0,0.0061,0,1,Low
TXN103371,CUST074,25,13170.36,Online Payment,6,Mumbai,Mumbai,Windows,0,2132,6879.89,9240.7,3929.66,1.43,2,0,0,0,0.0067,0,1,Low
TXN103372,CUST074,26,1682.94,Purchase,16,Mumbai,Mumbai,Windows,0,2132,13170.36,9158.22,-7475.28,0.18,3,0,0,0,0.0115,0,1,Low
TXN103373,CUST074,27,21424.27,Purchase,11,Mumbai,Mumbai,Windows,0,2132,1682.94,8820.47,12603.81,2.43,0,0,1,0,0.0224,0,2,Low
TXN103374,CUST074,28,12978.86,Purchase,9,Mumbai,Mumbai,Windows,0,2132,21424.27,10456.9,2521.96,1.24,3,0,1,0,0.0254,0,3,Low
TXN103375,CUST074,29,16247.62,Online Payment,11,Mumbai,Mumbai,Windows,0,2132,12978.86,10228.21,6019.41,1.59,2,0,0,0,0.0033,0,0,Low
TXN103376,CUST074,30,19165.91,Transfer,8,Mumbai,Mumbai,Windows,0,2132,16247.62,10602.05,8563.86,1.81,2,0,0,0,0.0272,0,3,Low
TXN103377,CUST074,31,12387.76,Purchase,11,Mumbai,Mumbai,Windows,0,2132,19165.91,12216.2,171.56,1.01,4,1,0,0,0.005,0,0,Low
TXN103378,CUST074,32,14122.07,Online Payment,22,Bangalore,Mumbai,Windows,0,2132,12387.76,12892.7,1229.37,1.1,0,0,0,1,0.014,0,1,Low
TXN103379,CUST074,33,4934.5,Purchase,19,Mumbai,Mumbai,Windows,0,2132,14122.07,13433.07,-8498.57,0.37,1,3,0,0,0.0124,0,1,Low
TXN103380,CUST074,34,12687.86,ATM Withdrawal,17,Mumbai,Mumbai,Windows,0,2132,4934.5,12299.42,388.44,1.03,2,0,0,0,0.0064,0,1,Low
TXN103381,CUST075,1,1881.59,Bill Payment,22,Hyderabad,Hyderabad,Windows,0,590,0.0,4407.65,-2526.06,0.43,3,0,0,0,0.0119,0,1,Low
TXN103382,CUST075,2,8764.19,Purchase,18,Hyderabad,Hyderabad,Windows,0,590,1881.59,1881.59,6882.6,4.66,4,0,0,0,0.0105,0,1,Low
TXN103383,CUST075,3,1749.81,Online Payment,12,Hyderabad,Hyderabad,Windows,0,590,8764.19,5322.89,-3573.09,0.33,2,0,1,0,0.019,0,2,Low
TXN103384,CUST075,4,9706.85,Online Payment,22,Hyderabad,Hyderabad,Windows,0,590,1749.81,4131.86,5574.99,2.35,3,1,0,0,0.0091,0,1,Low
TXN103385,CUST075,5,31701.64,Purchase,12,Mangalore,Hyderabad,iPhone,1,590,9706.85,5525.61,26176.03,5.74,7,0,0,1,0.55,1,55,Medium
TXN103386,CUST075,6,7971.73,Transfer,14,Hyderabad,Hyderabad,Windows,0,590,31701.64,10760.82,-2789.09,0.74,3,0,0,0,0.0051,0,1,Low
TXN103387,CUST075,7,3209.67,Transfer,18,Hyderabad,Hyderabad,Windows,0,590,7971.73,10295.97,-7086.3,0.31,0,0,0,0,0.0102,0,1,Low
TXN103388,CUST075,8,3062.28,Transfer,15,Delhi,Hyderabad,Windows,0,590,3209.67,9283.64,-6221.37,0.33,4,0,0,1,0.0239,0,2,Low
TXN103389,CUST075,9,3408.94,Purchase,10,Hyderabad,Hyderabad,Windows,0,590,3062.28,8505.97,-5097.03,0.4,1,0,0,0,0.0218,0,2,Low
TXN103390,CUST075,10,6345.78,Purchase,18,Hyderabad,Hyderabad,Windows,0,590,3408.94,7939.63,-1593.86,0.8,3,0,0,0,0.0034,0,0,Low
TXN103391,CUST075,11,2714.09,Purchase,20,Hyderabad,Hyderabad,Windows,0,590,6345.78,7780.25,-5066.15,0.35,1,0,0,0,0.0028,0,0,Low
TXN103392,CUST075,12,3541.06,Purchase,6,Hyderabad,Hyderabad,Windows,0,590,2714.09,7863.5,-4322.44,0.45,1,0,0,0,0.0017,0,0,Low
TXN103393,CUST075,13,3236.74,Bill Payment,9,Hyderabad,Hyderabad,Windows,0,590,3541.06,7341.18,-4104.45,0.44,4,0,0,0,0.0025,0,0,Low
TXN103394,CUST075,14,2686.27,Purchase,16,Hyderabad,Hyderabad,Windows,0,590,3236.74,7489.88,-4803.61,0.36,2,0,0,0,0.0065,0,1,Low
TXN103395,CUST075,15,3185.44,Purchase,14,Hyderabad,Hyderabad,Windows,0,590,2686.27,6787.82,-3602.38,0.47,2,0,0,0,0.0151,0,2,Low
TXN103396,CUST075,16,2696.37,Online Payment,16,Delhi,Hyderabad,Windows,0,590,3185.44,3936.2,-1239.83,0.69,0,0,0,1,0.0081,0,1,Low
TXN103397,CUST075,17,3952.21,Transfer,9,Hyderabad,Hyderabad,Windows,0,590,2696.37,3408.66,543.55,1.16,3,3,0,0,0.0154,0,2,Low
TXN103398,CUST075,18,2799.08,Transfer,11,Hyderabad,Hyderabad,Windows,0,590,3952.21,3482.92,-683.84,0.8,2,0,0,0,0.0102,0,1,Low
TXN103399,CUST075,19,1815.99,Transfer,22,Hyderabad,Hyderabad,Windows,0,590,2799.08,3456.6,-1640.61,0.53,0,1,0,0,0.0033,0,0,Low
TXN103400,CUST075,20,9413.36,Purchase,19,Hyderabad,Hyderabad,Android,1,590,1815.99,3297.3,6116.06,2.85,3,0,0,0,0.0336,0,3,Low
TXN103401,CUST075,21,9270.57,Purchase,10,Hyderabad,Hyderabad,Windows,0,590,9413.36,3604.06,5666.51,2.57,3,0,1,0,0.058,0,6,Low
TXN103402,CUST075,22,7473.85,Transfer,18,Hyderabad,Hyderabad,Windows,0,590,9270.57,4259.71,3214.14,1.75,3,0,0,0,0.0088,0,1,Low
TXN103403,CUST075,23,8385.32,Transfer,18,Hyderabad,Hyderabad,Windows,0,590,7473.85,4652.99,3732.33,1.8,2,2,0,0,0.0205,0,2,Low
TXN103404,CUST075,24,7914.59,Transfer,7,Hyderabad,Hyderabad,Windows,0,590,8385.32,5167.84,2746.75,1.53,4,0,0,0,0.0038,0,0,Low
TXN103405,CUST075,25,15907.81,Bill Payment,12,Hyderabad,Hyderabad,Windows,0,590,7914.59,5690.68,10217.13,2.8,0,2,0,0,0.0218,0,2,Low
TXN103406,CUST075,26,2774.85,Online Payment,6,Hyderabad,Hyderabad,Windows,0,590,15907.81,6962.91,-4188.06,0.4,2,0,0,0,0.0087,0,1,Low
TXN103407,CUST075,27,1623.31,Transfer,10,Hyderabad,Hyderabad,Windows,0,590,2774.85,6970.76,-5347.45,0.23,2,0,0,0,0.0147,0,1,Low
TXN103408,CUST075,28,7833.31,Transfer,8,Hyderabad,Hyderabad,Windows,0,590,1623.31,6737.87,1095.44,1.16,4,0,1,0,0.0376,0,4,Low
TXN103409,CUST075,29,8273.98,Bill Payment,21,Hyderabad,Hyderabad,Windows,0,590,7833.31,7241.3,1032.68,1.14,1,0,0,0,0.0116,0,1,Low
TXN103410,CUST075,30,6254.7,Transfer,10,Hyderabad,Hyderabad,Windows,0,590,8273.98,7887.1,-1632.4,0.79,2,0,0,0,0.0044,0,0,Low
TXN103411,CUST075,31,6020.12,Transfer,9,Hyderabad,Hyderabad,Windows,0,590,6254.7,7571.23,-1551.11,0.8,1,0,0,0,0.015,0,2,Low
TXN103412,CUST075,32,2788.95,Online Payment,7,Hyderabad,Hyderabad,Windows,0,590,6020.12,7246.18,-4457.23,0.38,0,0,0,0,0.0099,0,1,Low
TXN103413,CUST075,33,3854.3,Bill Payment,10,Hyderabad,Hyderabad,Windows,0,590,2788.95,6777.69,-2923.39,0.57,2,0,0,0,0.0037,0,0,Low
TXN103414,CUST075,34,4173.46,Transfer,10,Hyderabad,Hyderabad,Windows,0,590,3854.3,6324.59,-2151.13,0.66,3,0,0,0,0.0167,0,2,Low
TXN103415,CUST075,35,3581.11,Transfer,21,Hyderabad,Hyderabad,Windows,0,590,4173.46,5950.48,-2369.36,0.6,2,0,0,0,0.0086,0,1,Low
TXN103416,CUST075,36,8570.32,Purchase,16,Hyderabad,Hyderabad,Windows,0,590,3581.11,4717.81,3852.51,1.82,1,0,0,0,0.0052,0,1,Low
TXN103417,CUST075,37,4176.61,Transfer,7,Hyderabad,Hyderabad,Windows,0,590,8570.32,5297.36,-1120.75,0.79,0,0,0,0,0.0269,0,3,Low
TXN103418,CUST075,38,2864.12,Transfer,14,Hyderabad,Hyderabad,Windows,0,590,4176.61,5552.69,-2688.57,0.52,1,0,0,0,0.0099,0,1,Low
TXN103419,CUST075,39,1884.23,Transfer,18,Hyderabad,Hyderabad,Windows,0,590,2864.12,5055.77,-3171.53,0.37,1,0,0,0,0.0041,0,0,Low
TXN103420,CUST075,40,6213.64,ATM Withdrawal,11,Hyderabad,Hyderabad,Windows,0,590,1884.23,4416.79,1796.85,1.41,4,0,1,0,0.0068,0,1,Low
TXN103421,CUST075,41,5380.11,Purchase,21,Hyderabad,Hyderabad,Windows,0,590,6213.64,4412.69,967.42,1.22,6,0,0,0,0.007,0,1,Low
TXN103422,CUST075,42,3818.71,Purchase,21,Hyderabad,Hyderabad,Windows,0,590,5380.11,4348.69,-529.97,0.88,1,0,0,0,0.0048,0,0,Low
TXN103423,CUST075,43,2051.55,Transfer,15,Hyderabad,Hyderabad,Mac,1,590,3818.71,4451.66,-2400.12,0.46,4,0,0,0,0.0256,0,3,Low
TXN103424,CUST075,44,5151.53,Transfer,20,Hyderabad,Hyderabad,Windows,0,590,2051.55,4271.39,880.15,1.21,5,0,0,0,0.024,0,2,Low
TXN103425,CUST075,45,8381.19,Bill Payment,18,Hyderabad,Hyderabad,Windows,0,590,5151.53,4369.19,4012.0,1.92,3,0,0,0,0.0061,0,1,Low
TXN103426,CUST075,46,5341.7,Purchase,20,Hyderabad,Hyderabad,Windows,0,590,8381.19,4849.2,492.5,1.1,7,0,0,0,0.0145,0,1,Low
TXN103427,CUST075,47,8030.11,Purchase,18,Hyderabad,Hyderabad,Windows,0,590,5341.7,4526.34,3503.77,1.77,1,0,0,0,0.0081,0,1,Low
TXN103428,CUST075,48,6388.97,Purchase,13,Hyderabad,Hyderabad,Windows,0,590,8030.11,4911.69,1477.28,1.3,1,0,0,0,0.0108,0,1,Low
TXN103429,CUST075,49,9611.27,Purchase,16,Mangalore,Hyderabad,Windows,0,590,6388.97,5264.17,4347.09,1.83,1,0,0,1,0.0165,0,2,Low
TXN103430,CUST075,50,10028.0,Purchase,10,Chennai,Hyderabad,Windows,0,590,9611.27,6036.88,3991.12,1.66,3,0,0,1,0.014,0,1,Low
TXN103431,CUST075,51,1239.04,Online Payment,14,Hyderabad,Hyderabad,Windows,0,590,10028.0,6418.31,-5179.28,0.19,2,0,0,0,0.0158,0,2,Low
TXN103432,CUST076,1,9054.46,ATM Withdrawal,9,Hassan,Hassan,Mac,0,2867,0.0,7252.5,1801.96,1.25,3,0,0,0,0.0173,0,2,Low
TXN103433,CUST076,2,3287.44,Purchase,6,Hassan,Hassan,Mac,0,2867,9054.46,9054.46,-5767.01,0.36,0,0,0,0,0.0122,0,1,Low
TXN103434,CUST076,3,1911.56,Purchase,15,Delhi,Hassan,Mac,0,2867,3287.44,6170.95,-4259.39,0.31,2,3,0,1,0.0749,0,7,Low
TXN103435,CUST076,4,28968.53,Transfer,6,Hassan,Hassan,Mac,0,2867,1911.56,4751.15,24217.38,6.1,5,0,0,0,0.3527,0,35,Medium
TXN103436,CUST076,5,3540.31,Online Payment,10,Mangalore,Hassan,Mac,0,2867,28968.53,10805.5,-7265.19,0.33,4,0,0,1,0.0156,0,2,Low
TXN103437,CUST076,6,8860.44,Purchase,15,Hassan,Hassan,Mac,0,2867,3540.31,9352.46,-492.02,0.95,0,0,0,0,0.0249,0,2,Low
TXN103438,CUST076,7,5624.49,Bill Payment,10,Hassan,Hassan,Mac,0,2867,8860.44,9270.46,-3645.97,0.61,1,0,0,0,0.005,0,1,Low
TXN103439,CUST076,8,5068.04,ATM Withdrawal,13,Hassan,Hassan,Mac,0,2867,5624.49,8749.61,-3681.57,0.58,1,0,0,0,0.0093,0,1,Low
TXN103440,CUST076,9,5000.89,ATM Withdrawal,12,Hassan,Hassan,Mac,0,2867,5068.04,8289.41,-3288.52,0.6,1,0,0,0,0.0066,0,1,Low
TXN103441,CUST076,10,4497.89,ATM Withdrawal,19,Mysore,Hassan,Mac,0,2867,5000.89,7924.02,-3426.13,0.57,3,0,0,1,0.0167,0,2,Low
TXN103442,CUST076,11,7030.52,Purchase,8,Hassan,Hassan,Mac,0,2867,4497.89,7581.41,-550.88,0.93,3,2,0,0,0.0434,0,4,Low
TXN103443,CUST076,12,13538.82,Online Payment,12,Hassan,Hassan,Mac,0,2867,7030.52,7379.01,6159.81,1.83,1,0,0,0,0.0175,0,2,Low
TXN103444,CUST076,13,17162.24,Transfer,8,Mumbai,Hassan,Mac,0,2867,13538.82,8404.15,8758.09,2.04,2,0,0,1,0.0259,0,3,Low
TXN103445,CUST076,14,3469.61,Purchase,14,Hassan,Hassan,Mac,0,2867,17162.24,9929.22,-6459.61,0.35,1,2,0,0,0.0245,0,2,Low
TXN103446,CUST076,15,3568.07,Online Payment,18,Hassan,Hassan,Mac,0,2867,3469.61,7379.33,-3811.25,0.48,5,0,0,0,0.0186,0,2,Low
TXN103447,CUST076,16,18495.35,Online Payment,19,Hassan,Hassan,Mac,0,2867,3568.07,7382.1,11113.25,2.51,2,0,0,0,0.0234,0,2,Low
TXN103448,CUST076,17,2348.87,Purchase,13,Hassan,Hassan,Mac,0,2867,18495.35,8345.59,-5996.73,0.28,5,0,0,0,0.0242,0,2,Low
TXN103449,CUST076,18,5101.49,Purchase,15,Hassan,Hassan,Mac,0,2867,2348.87,8018.03,-2916.54,0.64,2,0,0,0,0.0119,0,1,Low
TXN103450,CUST076,19,4905.27,Purchase,10,Hassan,Hassan,Mac,0,2867,5101.49,8021.38,-3116.11,0.61,1,0,0,0,0.0128,0,1,Low
TXN103451,CUST076,20,10364.74,Purchase,22,Hassan,Hassan,Mac,0,2867,4905.27,8011.81,2352.93,1.29,4,0,0,0,0.0101,0,1,Low
TXN103452,CUST076,21,3937.82,Online Payment,17,Hassan,Hassan,Mac,0,2867,10364.74,8598.5,-4660.67,0.46,6,0,0,0,0.0106,0,1,Low
TXN103453,CUST076,22,2029.46,Purchase,6,Hassan,Hassan,Mac,0,2867,3937.82,8289.23,-6259.77,0.24,1,0,0,0,0.0079,0,1,Low
TXN103454,CUST076,23,10523.91,Purchase,16,Hassan,Hassan,Mac,0,2867,2029.46,7138.29,3385.61,1.47,0,0,0,0,0.0022,0,0,Low
TXN103455,CUST076,24,15373.7,Bill Payment,10,Hassan,Hassan,Mac,0,2867,10523.91,6474.46,8899.24,2.37,3,0,0,0,0.0245,0,2,Low
TXN103456,CUST076,25,6166.46,Purchase,17,Hassan,Hassan,Mac,0,2867,15373.7,7664.87,-1498.41,0.8,1,0,0,0,0.0122,0,1,Low
TXN103457,CUST076,26,19771.62,Purchase,10,Mumbai,Hassan,Mac,0,2867,6166.46,7924.71,11846.91,2.49,2,3,0,1,0.141,0,14,Low
TXN103458,CUST076,27,15861.17,Transfer,22,Hassan,Hassan,Mac,0,2867,19771.62,8052.33,7808.83,1.97,1,1,0,0,0.0062,0,1,Low
TXN103459,CUST076,28,8078.71,Online Payment,9,Hassan,Hassan,Mac,0,2867,15861.17,9403.56,-1324.85,0.86,0,0,0,0,0.0031,0,0,Low
TXN103460,CUST076,29,7658.24,Purchase,20,Hassan,Hassan,Mac,0,2867,8078.71,9701.29,-2043.05,0.79,2,0,0,0,0.0038,0,0,Low
TXN103461,CUST076,30,5346.05,Transfer,22,Hassan,Hassan,Mac,0,2867,7658.24,9976.58,-4630.53,0.54,3,0,0,0,0.0057,0,1,Low
TXN103462,CUST076,31,8637.11,Purchase,19,Hassan,Hassan,Mac,0,2867,5346.05,9474.71,-837.6,0.91,3,2,0,0,0.023,0,2,Low
TXN103463,CUST076,32,6281.86,Bill Payment,21,Hassan,Hassan,Mac,0,2867,8637.11,9944.64,-3662.78,0.63,3,0,0,0,0.006,0,1,Low
TXN103464,CUST076,33,2340.13,Purchase,14,Hassan,Hassan,Mac,0,2867,6281.86,10369.88,-8029.75,0.23,3,0,0,0,0.0041,0,0,Low
TXN103465,CUST076,34,4974.63,Bill Payment,10,Chennai,Hassan,Mac,0,2867,2340.13,9551.5,-4576.87,0.52,2,1,0,1,0.0574,0,6,Low
TXN103466,CUST076,35,2234.09,Bill Payment,20,Hassan,Hassan,Mac,0,2867,4974.63,8511.6,-6277.51,0.26,2,1,0,0,0.0484,0,5,Low
TXN103467,CUST076,36,3519.46,Purchase,7,Hassan,Hassan,Mac,0,2867,2234.09,8118.36,-4598.9,0.43,1,0,0,0,0.0087,0,1,Low
TXN103468,CUST076,37,18470.72,Purchase,14,Pune,Hassan,Mac,0,2867,3519.46,6493.14,11977.58,2.84,3,0,0,1,0.1387,0,14,Low
TXN103469,CUST076,38,7825.2,Purchase,15,Hassan,Hassan,Mac,0,2867,18470.72,6754.1,1071.1,1.16,1,0,0,0,0.0136,0,1,Low
TXN103470,CUST076,39,3770.8,Bill Payment,8,Hassan,Hassan,Mac,0,2867,7825.2,6728.75,-2957.95,0.56,0,0,0,0,0.0077,0,1,Low
TXN103471,CUST076,40,6936.82,Transfer,22,Hassan,Hassan,Mac,0,2867,3770.8,6340.01,596.81,1.09,2,0,0,0,0.0049,0,0,Low
TXN103472,CUST076,41,7797.39,Transfer,10,Hassan,Hassan,Mac,0,2867,6936.82,6499.08,1298.31,1.2,0,0,0,0,0.0145,0,1,Low
TXN103473,CUST076,42,14334.95,Transfer,21,Hassan,Hassan,Mac,0,2867,7797.39,6415.11,7919.83,2.23,4,0,0,0,0.0086,0,1,Low
TXN103474,CUST076,43,2163.45,Bill Payment,11,Hassan,Hassan,Mac,0,2867,14334.95,7220.42,-5056.97,0.3,3,0,0,0,0.0085,0,1,Low
TXN103475,CUST076,44,13571.08,Purchase,15,Hassan,Hassan,Mac,0,2867,2163.45,7202.75,6368.32,1.88,5,0,0,0,0.0817,0,8,Low
TXN103476,CUST077,1,9328.67,Purchase,15,Bangalore,Bangalore,Android,0,1462,0.0,11319.07,-1990.4,0.82,4,0,0,0,0.0067,0,1,Low
TXN103477,CUST077,2,8834.57,ATM Withdrawal,19,Bangalore,Bangalore,Android,0,1462,9328.67,9328.67,-494.1,0.95,3,2,0,0,0.073,0,7,Low
TXN103478,CUST077,3,6890.2,Transfer,19,Bangalore,Bangalore,Android,0,1462,8834.57,9081.62,-2191.41,0.76,0,0,0,0,0.004,0,0,Low
TXN103479,CUST077,4,12781.08,Online Payment,22,Bangalore,Bangalore,Android,0,1462,6890.2,8351.14,4429.93,1.53,4,1,0,0,0.0038,0,0,Low
TXN103480,CUST077,5,9768.1,Purchase,6,Bangalore,Bangalore,Android,0,1462,12781.08,9458.63,309.47,1.03,3,1,0,0,0.028,0,3,Low
TXN103481,CUST077,6,12319.89,Purchase,20,Bangalore,Bangalore,Android,0,1462,9768.1,9520.52,2799.37,1.29,1,0,0,0,0.0106,0,1,Low
TXN103482,CUST077,7,8130.79,ATM Withdrawal,19,Mysore,Bangalore,Android,0,1462,12319.89,9987.08,-1856.3,0.81,3,0,0,1,0.0367,0,4,Low
TXN103483,CUST077,8,8362.77,Transfer,13,Bangalore,Bangalore,Android,0,1462,8130.79,9721.9,-1359.12,0.86,2,0,0,0,0.0123,1,1,Low
TXN103484,CUST077,9,13750.31,Purchase,19,Bangalore,Bangalore,Windows,1,1462,8362.77,9552.01,4198.3,1.44,4,0,0,0,0.0346,0,3,Low
TXN103485,CUST077,10,10087.21,Transfer,8,Bangalore,Bangalore,Android,0,1462,13750.31,10018.49,68.73,1.01,3,0,0,0,0.0058,0,1,Low
TXN103486,CUST077,11,7335.06,Purchase,8,Mumbai,Bangalore,Android,0,1462,10087.21,10025.36,-2690.3,0.73,2,0,0,1,0.012,0,1,Low
TXN103487,CUST077,12,28744.68,Purchase,10,Chennai,Bangalore,Android,0,1462,7335.06,9826.0,18918.68,2.93,3,0,0,1,0.0364,0,4,Low
TXN103488,CUST077,13,17328.02,Purchase,17,Bangalore,Bangalore,Android,0,1462,28744.68,11817.01,5511.01,1.47,3,0,0,0,0.0058,0,1,Low
TXN103489,CUST077,14,15767.89,Transfer,18,Bangalore,Bangalore,Android,0,1462,17328.02,12860.79,2907.1,1.23,1,0,0,0,0.0086,0,1,Low
TXN103490,CUST077,15,9781.35,Online Payment,8,Bangalore,Bangalore,Android,0,1462,15767.89,13159.47,-3378.12,0.74,3,0,0,0,0.0036,0,0,Low
TXN103491,CUST077,16,19940.44,Bill Payment,10,Bangalore,Bangalore,Android,0,1462,9781.35,13160.8,6779.64,1.52,2,0,0,0,0.0058,0,1,Low
TXN103492,CUST077,17,50923.93,Purchase,2,Bangalore,Bangalore,Android,0,1462,19940.44,13922.85,37001.08,3.66,11,0,0,0,0.55,1,55,Medium
TXN103493,CUST077,18,11072.8,Bill Payment,21,Bangalore,Bangalore,Android,0,1462,50923.93,18202.17,-7129.37,0.61,4,0,0,0,0.0072,0,1,Low
TXN103494,CUST077,19,6278.02,Transfer,11,Mangalore,Bangalore,Android,0,1462,11072.8,18473.17,-12195.15,0.34,1,0,0,1,0.0325,0,3,Low
TXN103495,CUST077,20,21083.16,Purchase,16,Bangalore,Bangalore,Android,0,1462,6278.02,17725.94,3357.22,1.19,3,0,0,0,0.0074,0,1,Low
TXN103496,CUST077,21,4681.65,ATM Withdrawal,17,Bangalore,Bangalore,Android,0,1462,21083.16,18825.53,-14143.89,0.25,6,0,0,0,0.0072,0,1,Low
TXN103497,CUST077,22,13116.03,Purchase,6,Bangalore,Bangalore,Android,0,1462,4681.65,18560.19,-5444.16,0.71,5,0,0,0,0.0188,0,2,Low
TXN103498,CUST077,23,4781.28,Bill Payment,13,Bangalore,Bangalore,Android,0,1462,13116.03,16997.33,-12216.05,0.28,3,0,0,0,0.0102,0,1,Low
TXN103499,CUST077,24,13898.69,Bill Payment,19,Bangalore,Bangalore,Android,0,1462,4781.28,15742.65,-1843.96,0.88,2,1,0,0,0.0033,0,0,Low
TXN103500,CUST077,25,10171.16,Purchase,19,Bangalore,Bangalore,Android,0,1462,13898.69,15555.73,-5384.58,0.65,2,0,0,0,0.0074,0,1,Low
TXN103501,CUST077,26,38144.0,Transfer,21,Bangalore,Bangalore,Android,0,1462,10171.16,15594.71,22549.28,2.45,2,0,0,0,0.0503,0,5,Low
TXN103502,CUST077,27,19954.9,Purchase,6,Bangalore,Bangalore,Android,0,1462,38144.0,17415.07,2539.83,1.15,2,0,0,0,0.0053,0,1,Low
TXN103503,CUST077,28,4631.41,Purchase,7,Bangalore,Bangalore,Android,0,1462,19954.9,14318.17,-9686.76,0.32,4,0,0,0,0.0097,0,1,Low
TXN103504,CUST077,29,7546.04,Transfer,22,Bangalore,Bangalore,Android,0,1462,4631.41,13674.03,-6127.99,0.55,1,0,0,0,0.0147,0,1,Low
TXN103505,CUST077,30,2898.89,Online Payment,20,Chennai,Bangalore,Android,0,1462,7546.04,13800.83,-10901.94,0.21,0,0,1,1,0.0198,0,2,Low
TXN103506,CUST077,31,21024.79,Purchase,7,Bangalore,Bangalore,Android,0,1462,2898.89,11982.4,9042.38,1.75,2,0,0,0,0.0138,0,1,Low
TXN103507,CUST077,32,13031.26,Transfer,22,Bangalore,Bangalore,Android,0,1462,21024.79,13616.72,-585.46,0.96,7,0,0,0,0.1186,0,12,Low
TXN103508,CUST077,33,22968.7,Transfer,8,Bangalore,Bangalore,Android,0,1462,13031.26,13608.24,9360.46,1.69,3,0,0,0,0.0268,0,3,Low
TXN103509,CUST077,34,17046.49,Bill Payment,21,Bangalore,Bangalore,Android,0,1462,22968.7,15426.98,1619.51,1.1,1,0,0,0,0.009,0,1,Low
TXN103510,CUST077,35,10719.29,Purchase,17,Mangalore,Bangalore,Windows,1,1462,17046.49,15741.76,-5022.48,0.68,1,0,0,1,0.1268,0,13,Low
TXN103511,CUST077,36,15810.48,Online Payment,14,Bangalore,Bangalore,Android,0,1462,10719.29,15796.58,13.9,1.0,4,1,0,0,0.0047,0,0,Low
TXN103512,CUST077,37,5832.69,Purchase,9,Bangalore,Bangalore,Android,0,1462,15810.48,13563.23,-7730.53,0.43,2,0,0,0,0.0183,0,2,Low
TXN103513,CUST077,38,29940.74,Online Payment,13,Bangalore,Bangalore,Android,0,1462,5832.69,12151.01,17789.74,2.46,0,0,0,0,0.0286,0,3,Low
TXN103514,CUST077,39,12669.6,Purchase,12,Bangalore,Bangalore,Mac,1,1462,29940.74,14681.94,-2012.34,0.86,0,0,0,0,0.022,0,2,Low
TXN103515,CUST077,40,11442.26,Bill Payment,7,Bangalore,Bangalore,Android,0,1462,12669.6,15194.29,-3752.04,0.75,2,1,0,0,0.0101,0,1,Low
TXN103516,CUST078,1,1698.03,Transfer,8,Chennai,Chennai,Mac,0,2758,0.0,1185.61,512.42,1.43,2,0,0,0,0.0044,0,0,Low
TXN103517,CUST078,2,3164.56,Purchase,22,Chennai,Chennai,Mac,0,2758,1698.03,1698.03,1466.53,1.86,1,1,0,0,0.02,0,2,Low
TXN103518,CUST078,3,3062.12,Online Payment,12,Chennai,Chennai,Mac,0,2758,3164.56,2431.3,630.82,1.26,0,0,0,0,0.0064,0,1,Low
TXN103519,CUST078,4,1625.55,Purchase,11,Chennai,Chennai,Mac,0,2758,3062.12,2641.57,-1016.02,0.62,3,1,0,0,0.0032,0,0,Low
TXN103520,CUST078,5,1767.1,Transfer,11,Chennai,Chennai,Mac,0,2758,1625.55,2387.57,-620.46,0.74,1,0,0,0,0.0164,0,2,Low
TXN103521,CUST078,6,617.22,Transfer,7,Chennai,Chennai,Mac,0,2758,1767.1,2263.47,-1646.25,0.27,1,0,0,0,0.0169,0,2,Low
TXN103522,CUST078,7,2904.44,Transfer,7,Chennai,Chennai,Mac,0,2758,617.22,1989.1,915.34,1.46,3,0,0,0,0.0099,0,1,Low
TXN103523,CUST078,8,1394.57,Purchase,12,Chennai,Chennai,Mac,0,2758,2904.44,2119.86,-725.29,0.66,1,0,0,0,0.002,0,0,Low
TXN103524,CUST078,9,1725.27,Online Payment,10,Chennai,Chennai,Mac,0,2758,1394.57,2029.2,-303.93,0.85,1,0,0,0,0.0061,0,1,Low
TXN103525,CUST078,10,1162.34,Purchase,20,Chennai,Chennai,Mac,0,2758,1725.27,1995.43,-833.09,0.58,3,0,0,0,0.0139,0,1,Low
TXN103526,CUST078,11,1121.03,Transfer,7,Chennai,Chennai,Mac,0,2758,1162.34,1912.12,-791.09,0.59,2,0,0,0,0.0051,0,1,Low
TXN103527,CUST078,12,2637.18,Purchase,14,Chennai,Chennai,Mac,0,2758,1121.03,1854.42,782.75,1.42,2,0,0,0,0.0188,0,2,Low
TXN103528,CUST078,13,1295.91,Transfer,7,Mumbai,Chennai,Mac,0,2758,2637.18,1801.68,-505.77,0.72,6,0,0,1,0.0305,0,3,Low
TXN103529,CUST078,14,1472.73,Purchase,10,Chennai,Chennai,Mac,0,2758,1295.91,1625.06,-152.33,0.91,4,0,0,0,0.0062,0,1,Low
TXN103530,CUST078,15,1299.17,ATM Withdrawal,11,Chennai,Chennai,Mac,0,2758,1472.73,1609.78,-310.61,0.81,3,0,1,0,0.0058,0,1,Low
TXN103531,CUST078,16,1257.4,Transfer,17,Pune,Chennai,Mac,0,2758,1299.17,1562.99,-305.58,0.8,0,0,0,1,0.0424,0,4,Low
TXN103532,CUST078,17,691.13,Purchase,6,Chennai,Chennai,Mac,0,2758,1257.4,1627.0,-935.87,0.42,2,0,0,0,0.0109,0,1,Low
TXN103533,CUST078,18,625.97,Transfer,13,Chennai,Chennai,Mac,0,2758,691.13,1405.67,-779.7,0.45,5,0,0,0,0.0354,0,4,Low
TXN103534,CUST078,19,709.78,Transfer,21,Chennai,Chennai,Mac,0,2758,625.97,1328.81,-619.03,0.53,0,0,0,0,0.0151,0,2,Low
TXN103535,CUST078,20,1942.74,Bill Payment,17,Hyderabad,Chennai,Mac,0,2758,709.78,1227.26,715.47,1.58,3,2,0,1,0.0318,0,3,Low
TXN103536,CUST078,21,2534.3,Bill Payment,10,Chennai,Chennai,Mac,0,2758,1942.74,1305.3,1229.0,1.94,1,0,0,0,0.0087,0,1,Low
TXN103537,CUST078,22,974.68,Purchase,21,Chennai,Chennai,Mac,0,2758,2534.3,1446.63,-471.95,0.67,0,0,0,0,0.0035,0,0,Low
TXN103538,CUST078,23,501.58,Purchase,10,Chennai,Chennai,Mac,0,2758,974.68,1280.38,-778.81,0.39,3,0,0,0,0.0186,0,2,Low
TXN103539,CUST078,24,1975.07,Transfer,17,Chennai,Chennai,Mac,0,2758,501.58,1200.95,774.12,1.64,0,1,0,0,0.0018,0,0,Low
TXN103540,CUST078,25,2909.79,Online Payment,22,Chennai,Chennai,Mac,0,2758,1975.07,1251.18,1658.61,2.33,4,0,0,0,0.0276,0,3,Low
TXN103541,CUST078,26,907.75,Purchase,12,Chennai,Chennai,Mac,0,2758,2909.79,1412.24,-504.5,0.64,4,0,0,0,0.0065,0,1,Low
TXN103542,CUST078,27,731.22,Transfer,22,Chennai,Chennai,Android,1,2758,907.75,1377.28,-646.06,0.53,2,0,0,0,0.0343,0,3,Low
TXN103543,CUST078,28,1469.02,Bill Payment,6,Chennai,Chennai,Mac,1,2758,731.22,1381.29,87.73,1.06,1,2,0,0,0.55,1,55,Medium
TXN103544,CUST078,29,2157.64,Transfer,10,Chennai,Chennai,Mac,0,2758,1469.02,1465.59,692.05,1.47,1,0,0,0,0.0107,0,1,Low
TXN103545,CUST078,30,1660.19,Bill Payment,12,Chennai,Chennai,Mac,0,2758,2157.64,1610.38,49.82,1.03,4,0,0,0,0.0039,0,0,Low
TXN103546,CUST078,31,2081.53,Purchase,20,Chennai,Chennai,Mac,0,2758,1660.19,1582.12,499.41,1.32,3,0,0,0,0.0038,0,0,Low
TXN103547,CUST078,32,600.4,ATM Withdrawal,18,Chennai,Chennai,Mac,0,2758,2081.53,1536.85,-936.45,0.39,3,0,0,0,0.0049,0,0,Low
TXN103548,CUST078,33,2382.76,Purchase,19,Pune,Chennai,Mac,0,2758,600.4,1499.42,883.34,1.59,2,0,0,1,0.0088,0,1,Low
TXN103549,CUST078,34,1328.38,Transfer,11,Chennai,Chennai,Mac,0,2758,2382.76,1687.54,-359.16,0.79,0,0,0,0,0.0079,0,1,Low
TXN103550,CUST078,35,2148.15,ATM Withdrawal,20,Chennai,Chennai,Mac,0,2758,1328.38,1622.87,525.28,1.32,3,1,0,0,0.0044,0,0,Low
TXN103551,CUST078,36,539.34,Purchase,16,Chennai,Chennai,Mac,0,2758,2148.15,1546.7,-1007.37,0.35,3,0,0,0,0.0103,0,1,Low
TXN103552,CUST078,37,831.54,Online Payment,8,Chennai,Chennai,Mac,0,2758,539.34,1509.86,-678.32,0.55,3,0,1,0,0.0224,0,2,Low
TXN103553,CUST079,1,8519.23,Bill Payment,20,Mangalore,Mangalore,Windows,0,2520,0.0,8529.72,-10.48,1.0,1,0,0,0,0.004,0,0,Low
TXN103554,CUST079,2,10518.27,Purchase,11,Mangalore,Mangalore,Mac,1,2520,8519.23,8519.23,1999.04,1.23,2,1,0,0,0.0537,0,5,Low
TXN103555,CUST079,3,4184.58,Online Payment,20,Mangalore,Mangalore,Windows,0,2520,10518.27,9518.75,-5334.17,0.44,0,1,0,0,0.0103,0,1,Low
TXN103556,CUST079,4,5325.25,Online Payment,20,Mangalore,Mangalore,Windows,0,2520,4184.58,7740.7,-2415.45,0.69,2,0,0,0,0.0102,0,1,Low
TXN103557,CUST079,5,8463.91,Transfer,12,Mangalore,Mangalore,Windows,0,2520,5325.25,7136.83,1327.08,1.19,2,0,0,0,0.0032,0,0,Low
TXN103558,CUST079,6,8717.62,Purchase,19,Mangalore,Mangalore,Windows,0,2520,8463.91,7402.25,1315.37,1.18,1,0,0,0,0.0079,0,1,Low
TXN103559,CUST079,7,8885.78,Transfer,14,Mangalore,Mangalore,Windows,0,2520,8717.62,7621.48,1264.31,1.17,2,0,0,0,0.0079,0,1,Low
TXN103560,CUST079,8,4451.13,Purchase,22,Mangalore,Mangalore,Mac,1,2520,8885.78,7802.09,-3350.96,0.57,1,0,0,0,0.0317,0,3,Low
TXN103561,CUST079,9,6472.78,ATM Withdrawal,14,Mangalore,Mangalore,Windows,0,2520,4451.13,7383.22,-910.45,0.88,2,0,0,0,0.0053,0,1,Low
TXN103562,CUST079,10,14121.87,Online Payment,12,Mangalore,Mangalore,Windows,0,2520,6472.78,7282.06,6839.81,1.94,1,0,0,0,0.0128,0,1,Low
TXN103563,CUST079,11,8225.25,ATM Withdrawal,16,Mangalore,Mangalore,Windows,0,2520,14121.87,7966.04,259.21,1.03,1,0,0,0,0.0085,0,1,Low
TXN103564,CUST079,12,6456.31,Online Payment,19,Mangalore,Mangalore,Windows,0,2520,8225.25,7936.64,-1480.34,0.81,5,0,0,0,0.0102,0,1,Low
TXN103565,CUST079,13,10508.11,Purchase,13,Bangalore,Mangalore,Windows,0,2520,6456.31,7530.45,2977.66,1.4,3,0,0,1,0.0225,0,2,Low
TXN103566,CUST079,14,14328.46,Bill Payment,20,Mangalore,Mangalore,Windows,0,2520,10508.11,8162.8,6165.67,1.76,0,1,0,0,0.0043,0,0,Low
TXN103567,CUST079,15,42269.87,Transfer,9,Mangalore,Mangalore,Windows,0,2520,14328.46,9063.12,33206.75,4.66,3,0,0,0,0.0419,0,4,Low
TXN103568,CUST079,16,6778.43,Purchase,11,Mangalore,Mangalore,Windows,0,2520,42269.87,12443.72,-5665.28,0.54,1,0,0,0,0.0131,0,1,Low
TXN103569,CUST079,17,16622.58,Purchase,21,Mangalore,Mangalore,Windows,0,2520,6778.43,12249.8,4372.78,1.36,1,1,0,0,0.0121,0,1,Low
TXN103570,CUST079,18,10529.35,Online Payment,13,Mangalore,Mangalore,Mac,1,2520,16622.58,13023.48,-2494.13,0.81,2,1,0,0,0.0857,0,9,Low
TXN103571,CUST079,19,2736.13,ATM Withdrawal,9,Mangalore,Mangalore,Windows,0,2520,10529.35,13631.3,-10895.17,0.2,0,0,0,0,0.0193,0,2,Low
TXN103572,CUST079,20,8207.07,Transfer,8,Mangalore,Mangalore,Windows,0,2520,2736.13,13257.64,-5050.57,0.62,2,0,0,0,0.0078,0,1,Low
TXN103573,CUST079,21,6281.4,Online Payment,13,Mangalore,Mangalore,Windows,0,2520,8207.07,12666.16,-6384.75,0.5,3,0,0,0,0.0062,0,1,Low
TXN103574,CUST079,22,9129.67,Purchase,16,Mangalore,Mangalore,Windows,0,2520,6281.4,12471.77,-3342.1,0.73,2,0,0,0,0.0417,0,4,Low
TXN103575,CUST079,23,9326.46,Online Payment,17,Mangalore,Mangalore,Windows,0,2520,9129.67,12739.11,-3412.65,0.73,1,0,0,0,0.0065,0,1,Low
TXN103576,CUST079,24,3988.23,Transfer,18,Mangalore,Mangalore,Windows,0,2520,9326.46,12620.94,-8632.71,0.32,4,0,0,0,0.0071,0,1,Low
TXN103577,CUST079,25,3286.61,Transfer,18,Mangalore,Mangalore,Windows,0,2520,3988.23,11586.92,-8300.3,0.28,1,0,0,0,0.0196,0,2,Low
TXN103578,CUST079,26,7297.47,Purchase,15,Mangalore,Mangalore,Windows,0,2520,3286.61,7688.59,-391.12,0.95,2,0,0,0,0.0025,0,0,Low
TXN103579,CUST079,27,23054.12,Bill Payment,12,Mangalore,Mangalore,Windows,0,2520,7297.47,7740.5,15313.63,2.98,4,0,0,0,0.0491,0,5,Low
TXN103580,CUST079,28,52145.85,Online Payment,19,Mangalore,Mangalore,Windows,0,2520,23054.12,8383.65,43762.2,6.22,1,0,0,0,0.0951,0,10,Low
TXN103581,CUST079,29,4091.03,Purchase,13,Mangalore,Mangalore,Windows,0,2520,52145.85,12545.3,-8454.27,0.33,5,0,0,0,0.0374,0,4,Low
TXN103582,CUST079,30,5078.74,Bill Payment,17,Mangalore,Mangalore,Mac,1,2520,4091.03,12680.79,-7602.06,0.4,1,0,0,0,0.012,0,1,Low
TXN103583,CUST079,31,13454.61,Transfer,16,Mangalore,Mangalore,Windows,0,2520,5078.74,12367.96,1086.65,1.09,1,0,0,0,0.0072,0,1,Low
TXN103584,CUST079,32,5828.09,Purchase,8,Mangalore,Mangalore,Windows,0,2520,13454.61,13085.28,-7257.18,0.45,3,3,0,0,0.0671,0,7,Low
TXN103585,CUST079,33,19414.1,Online Payment,13,Mangalore,Mangalore,Windows,0,2520,5828.09,12755.12,6658.97,1.52,1,0,0,0,0.0156,0,2,Low
TXN103586,CUST079,34,10995.12,Transfer,13,Mangalore,Mangalore,Windows,0,2520,19414.1,13763.89,-2768.77,0.8,1,0,0,0,0.0039,0,0,Low
TXN103587,CUST079,35,21550.74,Purchase,12,Mangalore,Mangalore,Windows,0,2520,10995.12,14464.57,7086.16,1.49,2,0,0,0,0.0044,0,0,Low
TXN103588,CUST079,36,6123.77,Bill Payment,10,Mangalore,Mangalore,Mac,1,2520,21550.74,16290.99,-10167.22,0.38,3,0,0,0,0.0123,0,1,Low
TXN103589,CUST079,37,7805.6,Transfer,20,Mangalore,Mangalore,Windows,0,2520,6123.77,16173.62,-8368.01,0.48,2,0,0,0,0.001,0,0,Low
TXN103590,CUST079,38,8648.47,Purchase,17,Mangalore,Mangalore,Windows,0,2520,7805.6,14648.76,-6000.29,0.59,3,0,0,0,0.0107,1,1,Low
TXN103591,CUST079,39,17874.49,Bill Payment,13,Mangalore,Mangalore,Windows,0,2520,8648.47,10299.03,7575.46,1.74,2,0,0,0,0.0115,0,1,Low
TXN103592,CUST079,40,2329.78,Purchase,13,Pune,Mangalore,Windows,0,2520,17874.49,11677.37,-9347.59,0.2,6,0,0,1,0.0424,0,4,Low
TXN103593,CUST079,41,6883.98,Purchase,9,Mangalore,Mangalore,Windows,0,2520,2329.78,11402.48,-4518.5,0.6,2,1,0,0,0.0065,0,1,Low
TXN103594,CUST079,42,3551.49,Transfer,8,Mangalore,Mangalore,Windows,0,2520,6883.98,10745.41,-7193.92,0.33,0,0,0,0,0.0138,0,1,Low
TXN103595,CUST079,43,7443.6,Transfer,13,Mangalore,Mangalore,Windows,0,2520,3551.49,10517.75,-3074.16,0.71,1,0,0,0,0.0107,0,1,Low
TXN103596,CUST079,44,29936.83,Transfer,19,Mangalore,Mangalore,Windows,0,2520,7443.6,9320.7,20616.13,3.21,2,0,0,0,0.0724,0,7,Low
TXN103597,CUST079,45,9823.19,Purchase,16,Mangalore,Mangalore,Windows,0,2520,29936.83,11214.87,-1391.69,0.88,4,0,0,0,0.004,0,0,Low
TXN103598,CUST079,46,3008.57,Bill Payment,15,Mangalore,Mangalore,Windows,0,2520,9823.19,10042.12,-7033.55,0.3,1,0,1,0,0.0355,0,4,Low
TXN103599,CUST079,47,21260.88,Bill Payment,15,Mangalore,Mangalore,Windows,0,2520,3008.57,9730.6,11530.28,2.18,1,0,0,0,0.0072,0,1,Low
TXN103600,CUST080,1,2893.18,Purchase,12,Chennai,Chennai,iPhone,0,540,0.0,3886.52,-993.34,0.74,3,2,0,0,0.0602,0,6,Low
TXN103601,CUST080,2,6231.89,Transfer,15,Chennai,Chennai,Windows,1,540,2893.18,2893.18,3338.71,2.15,3,1,0,0,0.0255,0,3,Low
TXN103602,CUST080,3,5357.58,Purchase,16,Chennai,Chennai,iPhone,0,540,6231.89,4562.54,795.05,1.17,2,0,0,0,0.0171,0,2,Low
TXN103603,CUST080,4,2673.55,Bill Payment,15,Bangalore,Chennai,iPhone,0,540,5357.58,4827.55,-2154.0,0.55,3,2,0,1,0.1213,0,12,Low
TXN103604,CUST080,5,4790.4,Transfer,18,Chennai,Chennai,Mac,1,540,2673.55,4289.05,501.35,1.12,0,0,0,0,0.0177,0,2,Low
TXN103605,CUST080,6,9624.68,Purchase,14,Chennai,Chennai,iPhone,0,540,4790.4,4389.32,5235.36,2.19,1,0,0,0,0.0232,0,2,Low
TXN103606,CUST080,7,4031.55,Online Payment,21,Chennai,Chennai,iPhone,0,540,9624.68,5261.88,-1230.34,0.77,3,0,0,0,0.0061,0,1,Low
TXN103607,CUST080,8,2935.66,Online Payment,6,Chennai,Chennai,iPhone,0,540,4031.55,5086.12,-2150.46,0.58,5,0,0,0,0.55,1,55,Medium
TXN103608,CUST080,9,8286.82,ATM Withdrawal,19,Chennai,Chennai,Windows,1,540,2935.66,4817.31,3469.51,1.72,1,0,0,0,0.0345,0,3,Low
TXN103609,CUST080,10,4671.19,Transfer,12,Chennai,Chennai,iPhone,0,540,8286.82,5202.81,-531.62,0.9,2,0,1,0,0.0394,0,4,Low
TXN103610,CUST080,11,2475.68,Transfer,16,Chennai,Chennai,iPhone,0,540,4671.19,5149.65,-2673.97,0.48,2,0,0,0,0.0069,0,1,Low
TXN103611,CUST080,12,3296.24,Transfer,21,Chennai,Chennai,iPhone,0,540,2475.68,5107.9,-1811.66,0.65,1,0,0,0,0.0207,0,2,Low
TXN103612,CUST080,13,3059.03,Purchase,9,Chennai,Chennai,iPhone,0,540,3296.24,4814.34,-1755.31,0.64,4,0,0,0,0.0087,0,1,Low
TXN103613,CUST080,14,2839.42,Purchase,22,Chennai,Chennai,iPhone,0,540,3059.03,4584.48,-1745.06,0.62,3,2,0,0,0.0111,0,1,Low
TXN103614,CUST080,15,4347.4,Transfer,18,Chennai,Chennai,iPhone,0,540,2839.42,4601.07,-253.67,0.94,1,0,0,0,0.0021,0,0,Low
TXN103615,CUST080,16,2988.85,Bill Payment,17,Chennai,Chennai,iPhone,0,540,4347.4,4556.77,-1567.92,0.66,3,0,1,0,0.0483,0,5,Low
TXN103616,CUST080,17,7230.81,Bill Payment,17,Chennai,Chennai,iPhone,0,540,2988.85,3893.18,3337.63,1.86,1,0,0,0,0.0172,0,2,Low
TXN103617,CUST080,18,3282.01,Purchase,10,Chennai,Chennai,iPhone,0,540,7230.81,4213.11,-931.1,0.78,3,0,0,0,0.0064,0,1,Low
TXN103618,CUST080,19,7496.16,Bill Payment,14,Chennai,Chennai,iPhone,0,540,3282.01,4247.75,3248.42,1.76,1,0,0,0,0.0311,0,3,Low
TXN103619,CUST080,20,4004.27,Purchase,7,Chennai,Chennai,iPhone,0,540,7496.16,4168.68,-164.41,0.96,0,0,0,0,0.0072,0,1,Low
TXN103620,CUST080,21,2343.58,Bill Payment,20,Bangalore,Chennai,iPhone,0,540,4004.27,4101.99,-1758.41,0.57,4,0,0,1,0.0125,0,1,Low
TXN103621,CUST080,22,1240.43,Bill Payment,9,Chennai,Chennai,iPhone,0,540,2343.58,4088.78,-2848.34,0.3,0,0,1,0,0.0266,0,3,Low
TXN103622,CUST080,23,1876.37,Purchase,8,Chennai,Chennai,iPhone,0,540,1240.43,3883.2,-2006.83,0.48,1,0,0,0,0.0211,0,2,Low
TXN103623,CUST080,24,9066.55,Bill Payment,15,Chennai,Chennai,iPhone,0,540,1876.37,3764.93,5301.62,2.41,0,0,0,0,0.0193,0,2,Low
TXN103624,CUST080,25,4822.77,Bill Payment,18,Chennai,Chennai,iPhone,0,540,9066.55,4387.64,435.13,1.1,2,0,0,0,0.0114,0,1,Low
TXN103625,CUST080,26,2411.06,ATM Withdrawal,10,Chennai,Chennai,iPhone,0,540,4822.77,4435.18,-2024.12,0.54,0,0,0,0,0.0071,0,1,Low
TXN103626,CUST080,27,1104.94,Transfer,7,Chennai,Chennai,iPhone,0,540,2411.06,4377.4,-3272.46,0.25,2,0,0,0,0.0086,0,1,Low
TXN103627,CUST080,28,1313.79,Purchase,14,Chennai,Chennai,iPhone,0,540,1104.94,3764.81,-2451.02,0.35,2,0,0,0,0.0099,0,1,Low
TXN103628,CUST080,29,2172.52,Transfer,11,Delhi,Chennai,iPhone,0,540,1313.79,3567.99,-1395.47,0.61,1,2,0,1,0.1524,0,15,Low
TXN103629,CUST080,30,3261.89,Transfer,7,Chennai,Chennai,iPhone,0,540,2172.52,3035.63,226.27,1.07,5,0,0,0,0.0075,0,1,Low
TXN103630,CUST080,31,2753.91,ATM Withdrawal,7,Chennai,Chennai,iPhone,0,540,3261.89,2961.39,-207.48,0.93,0,0,0,0,0.0248,0,2,Low
TXN103631,CUST080,32,6278.18,Online Payment,6,Chennai,Chennai,iPhone,0,540,2753.91,3002.42,3275.76,2.09,1,0,0,0,0.0047,0,0,Low
TXN103632,CUST080,33,5989.01,Purchase,14,Chennai,Chennai,iPhone,0,540,6278.18,3506.2,2482.81,1.71,1,0,0,0,0.0038,0,0,Low
TXN103633,CUST080,34,2026.71,Online Payment,17,Mumbai,Chennai,iPhone,0,540,5989.01,3917.46,-1890.75,0.52,0,0,0,1,0.0138,0,1,Low
TXN103634,CUST080,35,3193.62,ATM Withdrawal,8,Chennai,Chennai,iPhone,0,540,2026.71,3213.48,-19.86,0.99,2,0,0,0,0.0072,0,1,Low
TXN103635,CUST080,36,4289.65,Bill Payment,9,Chennai,Chennai,iPhone,0,540,3193.62,3050.56,1239.09,1.41,4,0,0,0,0.0101,0,1,Low
TXN103636,CUST080,37,10584.55,Purchase,21,Chennai,Chennai,iPhone,0,540,4289.65,3238.42,7346.13,3.27,4,0,0,0,0.0334,0,3,Low
TXN103637,CUST080,38,5439.62,Online Payment,8,Chennai,Chennai,iPhone,0,540,10584.55,4186.38,1253.24,1.3,3,0,0,0,0.0056,0,1,Low
TXN103638,CUST080,39,1624.11,Purchase,19,Chennai,Chennai,iPhone,0,540,5439.62,4598.97,-2974.85,0.35,3,0,0,0,0.0044,0,0,Low
TXN103639,CUST080,40,2749.38,ATM Withdrawal,6,Chennai,Chennai,iPhone,0,540,1624.11,4544.13,-1794.75,0.61,4,0,0,0,0.0075,0,1,Low
TXN103640,CUST080,41,2239.1,Purchase,10,Chennai,Chennai,iPhone,0,540,2749.38,4492.88,-2253.78,0.5,2,0,0,0,0.019,0,2,Low
TXN103641,CUST080,42,5075.57,Purchase,9,Chennai,Chennai,iPhone,0,540,2239.1,4441.39,634.17,1.14,2,0,0,0,0.0102,0,1,Low
TXN103642,CUST080,43,9272.76,Purchase,18,Chennai,Chennai,iPhone,0,540,5075.57,4321.13,4951.62,2.15,6,1,0,0,0.0195,0,2,Low
TXN103643,CUST080,44,4178.89,Bill Payment,22,Pune,Chennai,iPhone,0,540,9272.76,4649.51,-470.62,0.9,2,0,0,1,0.0287,0,3,Low
TXN103644,CUST080,45,7639.51,Bill Payment,17,Pune,Chennai,iPhone,0,540,4178.89,4864.73,2774.79,1.57,1,0,0,1,0.0306,0,3,Low
TXN103645,CUST080,46,3357.46,Purchase,9,Chennai,Chennai,iPhone,0,540,7639.51,5309.32,-1951.85,0.63,1,0,0,0,0.012,0,1,Low
TXN103646,CUST080,47,3568.21,Transfer,11,Chennai,Chennai,iPhone,0,540,3357.46,5216.1,-1647.89,0.68,1,0,0,0,0.0025,0,0,Low
TXN103647,CUST080,48,2659.42,Bill Payment,19,Chennai,Chennai,Mac,1,540,3568.21,4514.46,-1855.04,0.59,3,0,1,0,0.1662,0,17,Low
TXN103648,CUST080,49,3490.2,Purchase,11,Chennai,Chennai,iPhone,0,540,2659.42,4236.44,-746.25,0.82,2,0,1,0,0.0332,0,3,Low
TXN103649,CUST080,50,4676.88,Purchase,21,Chennai,Chennai,iPhone,0,540,3490.2,4423.05,253.83,1.06,2,1,0,0,0.0248,0,2,Low
TXN103650,CUST081,1,12346.67,Purchase,20,Hyderabad,Hyderabad,iPhone,0,1054,0.0,8219.96,4126.71,1.5,2,0,0,0,0.0276,0,3,Low
TXN103651,CUST081,2,37898.28,Purchase,21,Hyderabad,Hyderabad,iPhone,0,1054,12346.67,12346.67,25551.61,3.07,1,1,0,0,0.0402,0,4,Low
TXN103652,CUST081,3,13783.34,Bill Payment,12,Mangalore,Hyderabad,iPhone,0,1054,37898.28,25122.48,-11339.14,0.55,2,0,0,1,0.03,0,3,Low
TXN103653,CUST081,4,5064.53,Purchase,18,Hyderabad,Hyderabad,iPhone,0,1054,13783.34,21342.76,-16278.23,0.24,4,2,1,0,0.0478,0,5,Low
TXN103654,CUST081,5,5387.09,Online Payment,22,Hyderabad,Hyderabad,iPhone,0,1054,5064.53,17273.21,-11886.12,0.31,4,1,0,0,0.0047,0,0,Low
TXN103655,CUST081,6,2084.52,Purchase,11,Hyderabad,Hyderabad,iPhone,0,1054,5387.09,14895.98,-12811.46,0.14,7,3,0,0,0.1452,0,15,Low
TXN103656,CUST081,7,3365.16,Purchase,10,Hyderabad,Hyderabad,Windows,1,1054,2084.52,12760.74,-9395.58,0.26,1,2,0,0,0.0368,0,4,Low
TXN103657,CUST081,8,17543.03,Purchase,20,Hyderabad,Hyderabad,iPhone,0,1054,3365.16,11418.51,6124.51,1.54,0,0,0,0,0.0089,0,1,Low
TXN103658,CUST081,9,4800.13,Purchase,15,Hyderabad,Hyderabad,iPhone,0,1054,17543.03,12184.08,-7383.95,0.39,2,0,1,0,0.0244,0,2,Low
TXN103659,CUST081,10,14317.77,Bill Payment,11,Hyderabad,Hyderabad,iPhone,0,1054,4800.13,11363.64,2954.13,1.26,5,0,0,0,0.0131,0,1,Low
TXN103660,CUST081,11,14465.46,Purchase,18,Hyderabad,Hyderabad,iPhone,0,1054,14317.77,11659.05,2806.4,1.24,2,0,0,0,0.0336,0,3,Low
TXN103661,CUST081,12,10976.38,Purchase,6,Hyderabad,Hyderabad,iPhone,0,1054,14465.46,11870.93,-894.55,0.92,4,0,0,0,0.0067,0,1,Low
TXN103662,CUST081,13,5523.98,Purchase,10,Hyderabad,Hyderabad,iPhone,0,1054,10976.38,9178.74,-3654.76,0.6,1,0,0,0,0.0204,0,2,Low
TXN103663,CUST081,14,15336.3,ATM Withdrawal,19,Hyderabad,Hyderabad,Windows,1,1054,5523.98,8352.81,6983.5,1.84,5,0,0,0,0.0659,0,7,Low
TXN103664,CUST081,15,7668.64,Transfer,7,Hyderabad,Hyderabad,iPhone,0,1054,15336.3,9379.98,-1711.34,0.82,1,0,1,0,0.0071,0,1,Low
TXN103665,CUST081,16,5580.45,Online Payment,20,Hyderabad,Hyderabad,Mac,1,1054,7668.64,9608.14,-4027.69,0.58,1,0,0,0,0.0198,0,2,Low
TXN103666,CUST081,17,18534.46,ATM Withdrawal,16,Hyderabad,Hyderabad,iPhone,0,1054,5580.45,9957.73,8576.73,1.86,2,0,0,0,0.0152,0,2,Low
TXN103667,CUST081,18,7939.19,Purchase,18,Hyderabad,Hyderabad,iPhone,0,1054,18534.46,11474.66,-3535.47,0.69,2,0,0,0,0.0033,0,0,Low
TXN103668,CUST081,19,1894.78,Bill Payment,22,Hyderabad,Hyderabad,Windows,1,1054,7939.19,10514.28,-8619.5,0.18,4,0,0,0,0.0939,0,9,Low
TXN103669,CUST081,20,9619.59,Purchase,15,Hyderabad,Hyderabad,iPhone,0,1054,1894.78,10223.74,-604.15,0.94,2,0,0,0,0.0054,0,1,Low
TXN103670,CUST081,21,39390.78,Purchase,18,Hyderabad,Hyderabad,iPhone,0,1054,9619.59,9753.92,29636.86,4.04,3,0,0,0,0.1031,0,10,Low
TXN103671,CUST081,22,20612.26,Purchase,14,Hyderabad,Hyderabad,iPhone,0,1054,39390.78,12246.46,8365.81,1.68,1,0,1,0,0.0181,0,2,Low
TXN103672,CUST081,23,6907.22,Transfer,7,Hyderabad,Hyderabad,iPhone,0,1054,20612.26,13210.04,-6302.83,0.52,1,0,0,0,0.0132,0,1,Low
TXN103673,CUST081,24,16292.66,Transfer,10,Hyderabad,Hyderabad,iPhone,0,1054,6907.22,13348.37,2944.3,1.22,3,0,0,0,0.0132,0,1,Low
TXN103674,CUST081,25,13380.91,Purchase,7,Bangalore,Hyderabad,iPhone,0,1054,16292.66,13444.0,-63.09,1.0,0,0,0,1,0.024,0,2,Low
TXN103675,CUST081,26,6319.45,Purchase,11,Hyderabad,Hyderabad,iPhone,0,1054,13380.91,14015.23,-7695.78,0.45,3,0,0,0,0.004,0,0,Low
TXN103676,CUST081,27,7957.25,Bill Payment,9,Hyderabad,Hyderabad,iPhone,0,1054,6319.45,14089.13,-6131.88,0.56,2,0,0,0,0.0028,0,0,Low
TXN103677,CUST081,28,8680.44,Transfer,22,Hyderabad,Hyderabad,iPhone,0,1054,7957.25,13031.41,-4350.97,0.67,1,0,0,0,0.0135,0,1,Low
TXN103678,CUST081,29,8539.74,Transfer,9,Hyderabad,Hyderabad,iPhone,0,1054,8680.44,13105.53,-4565.79,0.65,2,0,0,0,0.0091,0,1,Low
TXN103679,CUST081,30,3767.14,Transfer,14,Hyderabad,Hyderabad,iPhone,0,1054,8539.74,13770.03,-10002.89,0.27,4,0,0,0,0.0205,0,2,Low
TXN103680,CUST081,31,11558.18,Purchase,17,Delhi,Hyderabad,iPhone,0,1054,3767.14,13184.79,-1626.61,0.88,0,0,0,1,0.0064,0,1,Low
TXN103681,CUST081,32,13787.02,Bill Payment,13,Hyderabad,Hyderabad,iPhone,0,1054,11558.18,10401.53,3385.5,1.33,2,2,0,0,0.0417,0,4,Low
TXN103682,CUST081,33,3718.91,Online Payment,16,Hyderabad,Hyderabad,iPhone,0,1054,13787.02,9719.0,-6000.09,0.38,3,0,0,0,0.0069,0,1,Low
TXN103683,CUST081,34,41134.22,Purchase,14,Mysore,Hyderabad,iPhone,0,1054,3718.91,9400.17,31734.04,4.38,13,0,0,1,0.55,1,55,Medium
TXN103684,CUST081,35,17575.8,Purchase,10,Hyderabad,Hyderabad,iPhone,0,1054,41134.22,11884.33,5691.48,1.48,3,0,0,0,0.0061,0,1,Low
TXN103685,CUST081,36,10675.05,Purchase,10,Hyderabad,Hyderabad,iPhone,0,1054,17575.8,12303.82,-1628.77,0.87,2,0,0,0,0.0056,0,1,Low
TXN103686,CUST081,37,3343.32,Transfer,11,Hyderabad,Hyderabad,iPhone,0,1054,10675.05,12739.38,-9396.05,0.26,3,0,0,0,0.0077,0,1,Low
TXN103687,CUST081,38,3242.76,Purchase,12,Hyderabad,Hyderabad,iPhone,0,1054,3343.32,12277.98,-9035.22,0.26,2,0,0,0,0.0062,0,1,Low
TXN103688,CUST081,39,13426.46,Transfer,17,Hyderabad,Hyderabad,iPhone,0,1054,3242.76,11734.21,1692.25,1.14,4,0,0,0,0.0053,0,1,Low
TXN103689,CUST081,40,11920.34,Purchase,10,Hyderabad,Hyderabad,iPhone,0,1054,13426.46,12222.89,-302.55,0.98,2,0,1,0,0.0174,0,2,Low
TXN103690,CUST081,41,5526.2,ATM Withdrawal,20,Hyderabad,Hyderabad,iPhone,0,1054,11920.34,13038.21,-7512.01,0.42,2,0,0,0,0.0105,0,1,Low
TXN103691,CUST081,42,10961.6,Online Payment,20,Pune,Hyderabad,iPhone,0,1054,5526.2,12435.01,-1473.4,0.88,4,1,0,1,0.0248,0,2,Low
TXN103692,CUST081,43,12015.3,Purchase,11,Hyderabad,Hyderabad,iPhone,0,1054,10961.6,12152.47,-137.16,0.99,3,0,0,0,0.0056,0,1,Low
TXN103693,CUST081,44,7896.87,Bill Payment,20,Mumbai,Hyderabad,iPhone,0,1054,12015.3,12982.11,-5085.24,0.61,1,0,1,1,0.0477,0,5,Low
TXN103694,CUST081,45,3075.15,Transfer,14,Hyderabad,Hyderabad,iPhone,0,1054,7896.87,9658.37,-6583.22,0.32,3,0,0,0,0.0093,0,1,Low
TXN103695,CUST081,46,13475.1,ATM Withdrawal,18,Mumbai,Hyderabad,iPhone,0,1054,3075.15,8208.3,5266.79,1.64,3,0,0,1,0.0289,0,3,Low
TXN103696,CUST081,47,8364.87,ATM Withdrawal,20,Hyderabad,Hyderabad,iPhone,0,1054,13475.1,8488.31,-123.44,0.99,6,0,0,0,0.0101,0,1,Low
TXN103697,CUST081,48,4705.61,Transfer,9,Hyderabad,Hyderabad,iPhone,0,1054,8364.87,8990.46,-4284.85,0.52,4,0,0,0,0.0025,0,0,Low
TXN103698,CUST081,49,5500.83,Transfer,19,Hyderabad,Hyderabad,iPhone,0,1054,4705.61,9136.75,-3635.92,0.6,2,0,0,0,0.0069,0,1,Low
TXN103699,CUST081,50,3500.61,Purchase,7,Mysore,Hyderabad,iPhone,0,1054,5500.83,8344.19,-4843.57,0.42,3,2,0,1,0.0578,0,6,Low
TXN103700,CUST081,51,6060.74,Purchase,9,Bangalore,Hyderabad,iPhone,0,1054,3500.61,7502.21,-1441.47,0.81,2,0,0,1,0.0128,0,1,Low
TXN103701,CUST081,52,14667.19,ATM Withdrawal,22,Hyderabad,Hyderabad,iPhone,0,1054,6060.74,7555.67,7111.52,1.94,3,0,0,0,0.0089,0,1,Low
TXN103702,CUST081,53,4716.46,Purchase,17,Hyderabad,Hyderabad,iPhone,0,1054,14667.19,7926.23,-3209.77,0.6,3,0,0,0,0.0132,0,1,Low
TXN103703,CUST081,54,7169.92,Transfer,22,Hyderabad,Hyderabad,iPhone,0,1054,4716.46,7196.34,-26.42,1.0,5,2,0,0,0.0108,0,1,Low
TXN103704,CUST081,55,5463.01,Purchase,21,Hyderabad,Hyderabad,iPhone,0,1054,7169.92,7123.65,-1660.63,0.77,1,0,0,0,0.0223,0,2,Low
TXN103705,CUST081,56,14495.94,Online Payment,8,Hyderabad,Hyderabad,iPhone,0,1054,5463.01,7362.43,7133.51,1.97,5,1,0,0,0.0271,0,3,Low
TXN103706,CUST081,57,3562.08,Online Payment,9,Hyderabad,Hyderabad,Android,1,1054,14495.94,7464.52,-3902.43,0.48,4,0,0,0,0.0145,0,1,Low
TXN103707,CUST081,58,8320.04,Purchase,17,Hyderabad,Hyderabad,iPhone,0,1054,3562.08,6984.24,1335.8,1.19,1,1,0,0,0.0049,0,0,Low
TXN103708,CUST081,59,27420.78,Purchase,17,Hyderabad,Hyderabad,iPhone,0,1054,8320.04,7345.68,20075.1,3.73,5,0,0,0,0.0657,0,7,Low
TXN103709,CUST082,1,1552.05,Transfer,13,Chennai,Chennai,Mac,0,858,0.0,6033.66,-4481.61,0.26,0,1,0,0,0.0044,0,0,Low
TXN103710,CUST082,2,15073.83,Purchase,7,Chennai,Chennai,Mac,0,858,1552.05,1552.05,13521.78,9.71,4,1,0,0,0.0105,0,1,Low
TXN103711,CUST082,3,6896.51,Transfer,21,Chennai,Chennai,Android,1,858,15073.83,8312.94,-1416.42,0.83,2,0,0,0,0.0354,0,4,Low
TXN103712,CUST082,4,2951.64,Purchase,12,Hyderabad,Chennai,Mac,0,858,6896.51,7840.8,-4889.16,0.38,1,0,0,1,0.0154,0,2,Low
TXN103713,CUST082,5,11339.21,Transfer,17,Mysore,Chennai,Mac,0,858,2951.64,6618.51,4720.7,1.71,3,0,0,1,0.01,0,1,Low
TXN103714,CUST082,6,5225.54,Transfer,18,Chennai,Chennai,Android,1,858,11339.21,7562.65,-2337.11,0.69,1,1,0,0,0.0231,0,2,Low
TXN103715,CUST082,7,7020.23,Purchase,22,Chennai,Chennai,Mac,0,858,5225.54,7173.13,-152.9,0.98,2,0,0,0,0.0151,0,2,Low
TXN103716,CUST082,8,4036.15,Online Payment,14,Chennai,Chennai,Mac,0,858,7020.23,7151.29,-3115.14,0.56,2,0,0,0,0.0087,0,1,Low
TXN103717,CUST082,9,3305.37,Transfer,11,Chennai,Chennai,Mac,0,858,4036.15,6761.89,-3456.52,0.49,2,1,0,0,0.0078,0,1,Low
TXN103718,CUST082,10,3484.91,Bill Payment,12,Chennai,Chennai,Mac,0,858,3305.37,6377.84,-2892.93,0.55,6,2,0,0,0.069,0,7,Low
TXN103719,CUST082,11,5293.05,Purchase,9,Chennai,Chennai,Mac,0,858,3484.91,6088.54,-795.49,0.87,1,0,0,0,0.0082,0,1,Low
TXN103720,CUST082,12,4346.11,Purchase,8,Chennai,Chennai,Mac,0,858,5293.05,6462.64,-2116.53,0.67,2,1,0,0,0.0038,0,0,Low
TXN103721,CUST082,13,4213.91,Transfer,15,Mumbai,Chennai,Mac,0,858,4346.11,5389.87,-1175.96,0.78,2,1,0,1,0.0116,0,1,Low
TXN103722,CUST082,14,6134.2,Transfer,18,Chennai,Chennai,Mac,0,858,4213.91,5121.61,1012.59,1.2,2,0,0,0,0.0153,0,2,Low
TXN103723,CUST082,15,8437.63,Online Payment,14,Bangalore,Chennai,Mac,0,858,6134.2,5439.87,2997.77,1.55,1,0,0,1,0.013,0,1,Low
TXN103724,CUST082,16,9682.53,Purchase,6,Chennai,Chennai,Mac,0,858,8437.63,5149.71,4532.81,1.88,3,0,0,0,0.0042,0,0,Low
TXN103725,CUST082,17,4977.95,Bill Payment,19,Chennai,Chennai,Mac,0,858,9682.53,5595.41,-617.46,0.89,1,0,0,0,0.0026,0,0,Low
TXN103726,CUST082,18,3206.97,Purchase,19,Chennai,Chennai,Mac,0,858,4977.95,5391.18,-2184.21,0.59,4,0,1,0,0.0231,0,2,Low
TXN103727,CUST082,19,10300.67,Online Payment,15,Chennai,Chennai,Mac,0,858,3206.97,5308.26,4992.41,1.94,1,0,0,0,0.0086,0,1,Low
TXN103728,CUST082,20,7804.74,Purchase,21,Chennai,Chennai,Mac,0,858,10300.67,6007.79,1796.95,1.3,0,0,0,0,0.0071,0,1,Low
TXN103729,CUST082,21,7144.32,Bill Payment,11,Chennai,Chennai,Mac,0,858,7804.74,6439.78,704.54,1.11,1,0,0,0,0.0072,0,1,Low
TXN103730,CUST082,22,9375.07,Bill Payment,18,Chennai,Chennai,Mac,0,858,7144.32,6624.9,2750.16,1.42,1,0,0,0,0.0098,0,1,Low
TXN103731,CUST082,23,4158.72,Transfer,12,Chennai,Chennai,Mac,0,858,9375.07,7127.8,-2969.08,0.58,3,0,0,0,0.0024,0,0,Low
TXN103732,CUST082,24,7228.4,Bill Payment,18,Chennai,Chennai,Mac,0,858,4158.72,7122.28,106.12,1.01,7,0,0,0,0.1295,0,13,Low
TXN103733,CUST082,25,7317.68,Transfer,13,Hyderabad,Chennai,Mac,0,858,7228.4,7231.7,85.98,1.01,1,0,0,1,0.0328,0,3,Low
TXN103734,CUST082,26,2352.41,ATM Withdrawal,11,Chennai,Chennai,Mac,0,858,7317.68,7119.71,-4767.29,0.33,1,0,0,0,0.0208,0,2,Low
TXN103735,CUST082,27,41209.49,Transfer,18,Chennai,Chennai,Mac,0,858,2352.41,6386.69,34822.79,6.45,0,0,0,0,0.0957,0,10,Low
TXN103736,CUST082,28,7964.54,Purchase,18,Chennai,Chennai,Mac,0,858,41209.49,10009.85,-2045.31,0.8,5,0,0,0,0.0372,0,4,Low
TXN103737,CUST082,29,5327.83,Transfer,8,Chennai,Chennai,Mac,0,858,7964.54,10485.6,-5157.78,0.51,1,0,0,0,0.0035,0,0,Low
TXN103738,CUST082,30,3019.77,Bill Payment,16,Chennai,Chennai,Mac,0,858,5327.83,9988.32,-6968.55,0.3,0,0,0,0,0.026,0,3,Low
TXN103739,CUST082,31,26986.76,ATM Withdrawal,9,Chennai,Chennai,Mac,0,858,3019.77,9509.82,17476.94,2.84,2,0,0,0,0.0133,0,1,Low
TXN103740,CUST082,32,1853.12,Transfer,10,Chennai,Chennai,Mac,0,858,26986.76,11494.07,-9640.95,0.16,2,0,0,0,0.0072,0,1,Low
TXN103741,CUST082,33,8354.67,Purchase,8,Chennai,Chennai,Mac,0,858,1853.12,10741.87,-2387.2,0.78,3,0,0,0,0.0336,0,3,Low
TXN103742,CUST082,34,8414.54,Transfer,19,Chennai,Chennai,Mac,0,858,8354.67,11161.47,-2746.92,0.75,3,1,0,0,0.0097,0,1,Low
TXN103743,CUST082,35,3858.99,ATM Withdrawal,20,Delhi,Chennai,Mac,0,858,8414.54,11280.08,-7421.09,0.34,3,2,0,1,0.0239,0,2,Low
TXN103744,CUST082,36,3460.71,Purchase,14,Chennai,Chennai,Mac,0,858,3858.99,10934.21,-7473.5,0.32,1,0,0,0,0.0062,0,1,Low
TXN103745,CUST082,37,2375.83,Purchase,7,Chennai,Chennai,Mac,0,858,3460.71,11045.04,-8669.21,0.22,1,0,0,0,0.0195,0,2,Low
TXN103746,CUST082,38,6593.24,Transfer,15,Chennai,Chennai,Mac,0,858,2375.83,7161.68,-568.44,0.92,2,0,0,0,0.0447,0,4,Low
TXN103747,CUST082,39,13016.37,Online Payment,18,Bangalore,Chennai,Mac,0,858,6593.24,7024.55,5991.82,1.85,1,0,0,1,0.0104,0,1,Low
TXN103748,CUST082,40,10247.0,Purchase,10,Mysore,Chennai,Mac,0,858,13016.37,7793.4,2453.6,1.31,3,0,0,1,0.0222,0,2,Low
TXN103749,CUST082,41,11357.17,Transfer,9,Chennai,Chennai,Mac,0,858,10247.0,8516.12,2841.05,1.33,1,0,0,0,0.0091,0,1,Low
TXN103750,CUST082,42,3529.73,Bill Payment,11,Chennai,Chennai,Mac,0,858,11357.17,6953.17,-3423.43,0.51,0,0,0,0,0.0211,0,2,Low
TXN103751,CUST082,43,10185.45,Transfer,11,Chennai,Chennai,Mac,0,858,3529.73,7120.83,3064.62,1.43,1,0,0,0,0.0031,0,0,Low
TXN103752,CUST083,1,21538.06,Bill Payment,19,Hyderabad,Hyderabad,Mac,0,286,0.0,6419.97,15118.1,3.35,0,0,0,0,0.0157,0,2,Low
TXN103753,CUST083,2,3992.91,Transfer,15,Hyderabad,Hyderabad,Mac,0,286,21538.06,21538.06,-17545.15,0.19,0,0,0,0,0.0035,0,0,Low
TXN103754,CUST083,3,8554.06,Purchase,11,Hyderabad,Hyderabad,Mac,0,286,3992.91,12765.48,-4211.43,0.67,4,1,0,0,0.0079,0,1,Low
TXN103755,CUST083,4,2314.91,Transfer,15,Hyderabad,Hyderabad,Mac,0,286,8554.06,11361.68,-9046.77,0.2,2,0,0,0,0.0023,0,0,Low
TXN103756,CUST083,5,6676.6,Transfer,17,Hyderabad,Hyderabad,Mac,0,286,2314.91,9099.98,-2423.38,0.73,2,0,0,0,0.0029,0,0,Low
TXN103757,CUST083,6,16799.53,ATM Withdrawal,6,Hyderabad,Hyderabad,Mac,0,286,6676.6,8615.31,8184.22,1.95,2,0,0,0,0.009,0,1,Low
TXN103758,CUST083,7,7236.2,Transfer,8,Hyderabad,Hyderabad,Mac,0,286,16799.53,9979.34,-2743.14,0.73,2,0,0,0,0.0138,0,1,Low
TXN103759,CUST083,8,6501.07,Transfer,20,Hyderabad,Hyderabad,Mac,0,286,7236.2,9587.47,-3086.4,0.68,0,0,0,0,0.0125,0,1,Low
TXN103760,CUST083,9,7829.82,Transfer,6,Hyderabad,Hyderabad,Mac,0,286,6501.07,9201.67,-1371.85,0.85,2,1,0,0,0.0112,0,1,Low
TXN103761,CUST083,10,8079.1,Purchase,12,Hyderabad,Hyderabad,Mac,0,286,7829.82,9049.24,-970.14,0.89,1,0,0,0,0.0052,0,1,Low
TXN103762,CUST083,11,2001.95,Purchase,21,Hyderabad,Hyderabad,Mac,0,286,8079.1,8952.23,-6950.27,0.22,3,0,0,0,0.0069,0,1,Low
TXN103763,CUST083,12,10116.28,Purchase,18,Hyderabad,Hyderabad,Mac,0,286,2001.95,6998.61,3117.67,1.45,1,0,0,0,0.007,0,1,Low
TXN103764,CUST083,13,6689.48,Online Payment,10,Hyderabad,Hyderabad,Mac,0,286,10116.28,7610.95,-921.47,0.88,1,0,0,0,0.0102,0,1,Low
TXN103765,CUST083,14,2487.1,Online Payment,22,Hyderabad,Hyderabad,Mac,0,286,6689.48,7424.5,-4937.4,0.33,2,0,0,0,0.0118,0,1,Low
TXN103766,CUST083,15,13823.52,Transfer,7,Hyderabad,Hyderabad,Mac,0,286,2487.1,7441.71,6381.81,1.86,3,0,0,0,0.0021,0,0,Low
TXN103767,CUST083,16,4064.4,Bill Payment,7,Hyderabad,Hyderabad,Mac,0,286,13823.52,8156.41,-4092.01,0.5,0,0,0,0,0.0023,0,0,Low
TXN103768,CUST083,17,6232.53,Purchase,13,Hyderabad,Hyderabad,Mac,0,286,4064.4,6882.89,-650.37,0.91,7,0,0,0,0.1074,0,11,Low
TXN103769,CUST083,18,4442.56,Bill Payment,12,Hyderabad,Hyderabad,Mac,0,286,6232.53,6782.52,-2339.97,0.66,2,0,0,0,0.0138,0,1,Low
TXN103770,CUST083,19,12593.3,Purchase,15,Hyderabad,Hyderabad,Mac,0,286,4442.56,6576.67,6016.63,1.91,8,0,0,0,0.0109,0,1,Low
TXN103771,CUST083,20,11400.48,Transfer,12,Hyderabad,Hyderabad,Mac,0,286,12593.3,7053.02,4347.46,1.62,1,0,1,0,0.0321,0,3,Low
TXN103772,CUST083,21,13913.29,Bill Payment,7,Hyderabad,Hyderabad,Mac,0,286,11400.48,7385.16,6528.13,1.88,3,0,0,0,0.0074,0,1,Low
TXN103773,CUST083,22,4455.62,Transfer,13,Hyderabad,Hyderabad,Mac,0,286,13913.29,8576.29,-4120.67,0.52,3,0,0,0,0.0061,0,1,Low
TXN103774,CUST083,23,8041.98,Purchase,12,Hyderabad,Hyderabad,Mac,0,286,4455.62,8010.23,31.75,1.0,1,0,0,0,0.0147,0,1,Low
TXN103775,CUST083,24,8035.53,Transfer,7,Hyderabad,Hyderabad,Android,1,286,8041.98,8145.48,-109.95,0.99,1,0,0,0,0.0366,0,4,Low
TXN103776,CUST083,25,11205.56,Online Payment,7,Hyderabad,Hyderabad,Windows,1,286,8035.53,8700.32,2505.24,1.29,0,0,0,0,0.0913,0,9,Low
TXN103777,CUST083,26,5560.87,Online Payment,14,Hyderabad,Hyderabad,Mac,0,286,11205.56,8438.52,-2877.65,0.66,0,0,0,0,0.0021,0,0,Low
TXN103778,CUST083,27,8839.57,Transfer,21,Hyderabad,Hyderabad,Mac,0,286,5560.87,8588.17,251.4,1.03,0,0,1,0,0.0221,0,2,Low
TXN103779,CUST083,28,3678.4,Transfer,18,Hyderabad,Hyderabad,Mac,0,286,8839.57,8848.88,-5170.47,0.42,3,0,0,0,0.0076,0,1,Low
TXN103780,CUST083,29,5633.27,Purchase,6,Hyderabad,Hyderabad,Mac,0,286,3678.4,8772.46,-3139.19,0.64,2,0,0,0,0.0064,0,1,Low
TXN103781,CUST083,30,3940.28,Purchase,18,Hyderabad,Hyderabad,Mac,0,286,5633.27,8076.46,-4136.18,0.49,2,2,0,0,0.0159,0,2,Low
TXN103782,CUST083,31,8619.29,Purchase,16,Hyderabad,Hyderabad,Mac,0,286,3940.28,7330.44,1288.85,1.18,2,0,0,0,0.0109,0,1,Low
TXN103783,CUST083,32,12550.68,Transfer,8,Hyderabad,Hyderabad,Mac,0,286,8619.29,6801.04,5749.64,1.85,2,0,0,0,0.55,1,55,Medium
TXN103784,CUST083,33,4532.64,Transfer,17,Bangalore,Hyderabad,Mac,0,286,12550.68,7610.54,-3077.9,0.6,3,0,0,1,0.0216,0,2,Low
TXN103785,CUST083,34,18162.03,Transfer,8,Hyderabad,Hyderabad,Mac,0,286,4532.64,7259.61,10902.42,2.5,3,0,0,0,0.0073,0,1,Low
TXN103786,CUST084,1,937.49,Transfer,18,Bangalore,Bangalore,Android,0,341,0.0,1480.6,-543.11,0.63,0,0,0,0,0.0163,0,2,Low
TXN103787,CUST084,2,975.4,Online Payment,22,Bangalore,Bangalore,Android,0,341,937.49,937.49,37.92,1.04,6,0,0,0,0.015,0,1,Low
TXN103788,CUST084,3,1195.29,Purchase,6,Bangalore,Bangalore,Android,0,341,975.4,956.44,238.85,1.25,3,0,0,0,0.0027,0,0,Low
TXN103789,CUST084,4,1203.39,Online Payment,21,Bangalore,Bangalore,Android,0,341,1195.29,1036.06,167.33,1.16,1,0,0,0,0.0052,0,1,Low
TXN103790,CUST084,5,980.37,ATM Withdrawal,9,Bangalore,Bangalore,Android,0,341,1203.39,1077.89,-97.53,0.91,3,0,0,0,0.0129,0,1,Low
TXN103791,CUST084,6,1620.44,Purchase,7,Bangalore,Bangalore,Android,0,341,980.37,1058.39,562.06,1.53,0,0,0,0,0.0089,0,1,Low
TXN103792,CUST084,7,1113.88,Bill Payment,9,Hassan,Bangalore,Android,0,341,1620.44,1152.06,-38.19,0.97,1,0,0,1,0.013,0,1,Low
TXN103793,CUST084,8,2397.63,Bill Payment,7,Bangalore,Bangalore,Android,0,341,1113.88,1146.61,1251.02,2.09,1,0,0,0,0.0097,0,1,Low
TXN103794,CUST084,9,551.28,Transfer,13,Bangalore,Bangalore,Android,0,341,2397.63,1302.99,-751.71,0.42,2,1,1,0,0.0646,0,6,Low
TXN103795,CUST084,10,2476.76,Bill Payment,18,Bangalore,Bangalore,Android,0,341,551.28,1219.46,1257.3,2.03,1,0,0,0,0.0032,0,0,Low
TXN103796,CUST084,11,1676.98,ATM Withdrawal,13,Bangalore,Bangalore,Android,0,341,2476.76,1345.19,331.78,1.25,6,0,0,0,0.0087,0,1,Low
TXN103797,CUST084,12,7990.63,Transfer,12,Bangalore,Bangalore,Android,0,341,1676.98,1419.14,6571.48,5.63,3,0,0,0,0.0197,0,2,Low
TXN103798,CUST084,13,1313.79,Purchase,13,Bangalore,Bangalore,Android,0,341,7990.63,2120.67,-806.87,0.62,2,0,0,0,0.0045,0,0,Low
TXN103799,CUST084,14,1896.2,Transfer,17,Bangalore,Bangalore,Android,0,341,1313.79,2132.52,-236.32,0.89,1,0,0,0,0.007,0,1,Low
TXN103800,CUST084,15,787.4,Online Payment,9,Bangalore,Bangalore,Android,0,341,1896.2,2201.8,-1414.39,0.36,2,0,0,0,0.0054,0,1,Low
TXN103801,CUST084,16,959.33,ATM Withdrawal,9,Bangalore,Bangalore,Mac,1,341,787.4,2182.5,-1223.17,0.44,4,0,0,0,0.0591,0,6,Low
TXN103802,CUST084,17,1330.77,Purchase,21,Bangalore,Bangalore,Android,0,341,959.33,2116.39,-785.62,0.63,4,0,0,0,0.0049,0,0,Low
TXN103803,CUST084,18,1500.12,Purchase,12,Bangalore,Bangalore,Windows,1,341,1330.77,2138.08,-637.96,0.7,2,0,0,0,0.0285,0,3,Low
TXN103804,CUST084,19,1769.21,Online Payment,22,Bangalore,Bangalore,Android,0,341,1500.12,2048.32,-279.11,0.86,1,0,0,0,0.0102,0,1,Low
TXN103805,CUST084,20,1640.56,Purchase,15,Bangalore,Bangalore,Android,0,341,1769.21,2170.12,-529.56,0.76,1,0,1,0,0.0117,0,1,Low
TXN103806,CUST084,21,3866.82,Purchase,11,Bangalore,Bangalore,iPhone,1,341,1640.56,2086.5,1780.33,1.85,2,0,0,0,0.0478,0,5,Low
TXN103807,CUST084,22,1946.96,Bill Payment,11,Bangalore,Bangalore,Android,0,341,3866.82,2305.48,-358.53,0.84,2,0,0,0,0.0035,0,0,Low
TXN103808,CUST084,23,2985.05,Purchase,16,Bangalore,Bangalore,Android,0,341,1946.96,1701.12,1283.94,1.75,1,0,0,0,0.0102,0,1,Low
TXN103809,CUST084,24,7407.33,Transfer,17,Bangalore,Bangalore,Android,0,341,2985.05,1868.24,5539.09,3.96,5,0,0,0,0.0202,0,2,Low
TXN103810,CUST084,25,5531.68,Transfer,19,Bangalore,Bangalore,Mac,1,341,7407.33,2419.35,3112.33,2.29,4,0,0,0,0.0495,0,5,Low
TXN103811,CUST084,26,1118.47,Transfer,20,Bangalore,Bangalore,Android,0,341,5531.68,2893.78,-1775.32,0.39,3,0,0,0,0.0299,0,3,Low
TXN103812,CUST084,27,471.46,Transfer,6,Bangalore,Bangalore,Android,0,341,1118.47,2909.7,-2438.24,0.16,1,0,0,0,0.0025,0,0,Low
TXN103813,CUST084,28,1784.0,Online Payment,11,Bangalore,Bangalore,Mac,1,341,471.46,2823.77,-1039.77,0.63,1,0,0,0,0.0425,0,4,Low
TXN103814,CUST084,29,1650.57,Purchase,19,Bangalore,Bangalore,Android,0,341,1784.0,2852.15,-1201.59,0.58,4,0,0,0,0.0047,0,0,Low
TXN103815,CUST084,30,3204.42,Bill Payment,9,Hyderabad,Bangalore,Mac,1,341,1650.57,2840.29,364.13,1.13,1,0,0,1,0.0449,0,4,Low
TXN103816,CUST084,31,812.93,Purchase,19,Bangalore,Bangalore,Android,0,341,3204.42,2996.68,-2183.75,0.27,1,0,0,0,0.0068,0,1,Low
TXN103817,CUST084,32,1159.94,Purchase,9,Bangalore,Bangalore,Android,0,341,812.93,2691.29,-1531.35,0.43,2,0,0,0,0.0067,0,1,Low
TXN103818,CUST084,33,4318.28,Purchase,22,Bangalore,Bangalore,Android,0,341,1159.94,2612.58,1705.7,1.65,3,0,0,0,0.007,0,1,Low
TXN103819,CUST084,34,2544.31,Purchase,16,Bangalore,Bangalore,Android,0,341,4318.28,2745.91,-201.59,0.93,0,0,0,0,0.0104,0,1,Low
TXN103820,CUST084,35,2157.63,Transfer,9,Bangalore,Bangalore,Android,0,341,2544.31,2259.61,-101.98,0.95,2,0,0,0,0.0086,0,1,Low
TXN103821,CUST084,36,590.84,Online Payment,18,Bangalore,Bangalore,Android,0,341,2157.63,1922.2,-1331.37,0.31,4,1,0,0,0.0032,0,0,Low
TXN103822,CUST084,37,579.74,Online Payment,10,Bangalore,Bangalore,Android,0,341,590.84,1869.44,-1289.7,0.31,1,0,0,0,0.0073,0,1,Low
TXN103823,CUST084,38,1741.9,Purchase,10,Bangalore,Bangalore,Android,0,341,579.74,1880.26,-138.36,0.93,0,0,0,0,0.0132,0,1,Low
TXN103824,CUST084,39,2294.2,Transfer,17,Bangalore,Bangalore,Android,0,341,1741.9,1876.06,418.14,1.22,3,0,1,0,0.0068,0,1,Low
TXN103825,CUST084,40,722.95,ATM Withdrawal,18,Bangalore,Bangalore,Android,0,341,2294.2,1940.42,-1217.46,0.37,3,0,0,0,0.0106,0,1,Low
TXN103826,CUST084,41,3906.37,Purchase,13,Bangalore,Bangalore,Android,0,341,722.95,1692.27,2214.1,2.31,1,0,0,0,0.0277,0,3,Low
TXN103827,CUST084,42,1039.15,ATM Withdrawal,22,Bangalore,Bangalore,Android,0,341,3906.37,2001.62,-962.46,0.52,4,2,0,0,0.0334,0,3,Low
TXN103828,CUST084,43,7670.22,Purchase,17,Bangalore,Bangalore,Android,0,341,1039.15,1989.54,5680.68,3.86,6,2,0,0,0.1492,0,15,Low
TXN103829,CUST084,44,1012.85,Transfer,13,Bangalore,Bangalore,iPhone,1,341,7670.22,2324.73,-1311.88,0.44,2,0,0,0,0.0696,0,7,Low
TXN103830,CUST084,45,2488.49,Bill Payment,8,Bangalore,Bangalore,Android,0,341,1012.85,2171.58,316.91,1.15,4,0,0,0,0.01,0,1,Low
TXN103831,CUST084,46,1575.45,Transfer,8,Bangalore,Bangalore,Android,0,341,2488.49,2204.67,-629.22,0.71,0,0,0,0,0.0027,0,0,Low
TXN103832,CUST084,47,1358.0,Bill Payment,15,Bangalore,Bangalore,Android,0,341,1575.45,2303.13,-945.13,0.59,1,0,0,0,0.008,0,1,Low
TXN103833,CUST084,48,3224.25,Purchase,14,Bangalore,Bangalore,iPhone,1,341,1358.0,2380.96,843.29,1.35,0,0,0,0,0.0174,0,2,Low
TXN103834,CUST084,49,546.15,Transfer,7,Bangalore,Bangalore,Windows,1,341,3224.25,2529.19,-1983.04,0.22,4,0,0,0,0.0789,0,8,Low
TXN103835,CUST084,50,1680.18,Online Payment,15,Bangalore,Bangalore,Mac,1,341,546.15,2354.39,-674.2,0.71,1,0,0,0,0.0197,0,2,Low
TXN103836,CUST084,51,2170.59,Online Payment,18,Bangalore,Bangalore,Android,0,341,1680.18,2450.11,-279.52,0.89,4,0,0,0,0.008,0,1,Low
TXN103837,CUST084,52,551.76,Purchase,12,Bangalore,Bangalore,Android,0,341,2170.59,2276.53,-1724.77,0.24,1,0,0,0,0.0156,0,2,Low
TXN103838,CUST084,53,1788.87,Purchase,6,Bangalore,Bangalore,iPhone,1,341,551.76,2227.79,-438.92,0.8,0,0,1,0,0.0989,0,10,Low
TXN103839,CUST084,54,2898.47,Purchase,17,Bangalore,Bangalore,Android,0,341,1788.87,1639.66,1258.81,1.77,6,3,0,0,0.0529,0,5,Low
TXN103840,CUST084,55,3467.93,Transfer,15,Bangalore,Bangalore,Android,0,341,2898.47,1828.22,1639.71,1.9,6,0,0,0,0.0278,0,3,Low
TXN103841,CUST085,1,4425.45,ATM Withdrawal,11,Mumbai,Mumbai,iPhone,0,2048,0.0,7501.82,-3076.37,0.59,2,0,0,0,0.0075,0,1,Low
TXN103842,CUST085,2,22456.23,Online Payment,16,Mumbai,Mumbai,iPhone,0,2048,4425.45,4425.45,18030.78,5.07,1,0,0,0,0.0194,0,2,Low
TXN103843,CUST085,3,2791.03,Purchase,15,Mumbai,Mumbai,iPhone,0,2048,22456.23,13440.84,-10649.8,0.21,1,0,0,0,0.0059,0,1,Low
TXN103844,CUST085,4,8768.22,Online Payment,19,Mumbai,Mumbai,iPhone,0,2048,2791.03,9890.9,-1122.68,0.89,4,0,0,0,0.007,0,1,Low
TXN103845,CUST085,5,11767.53,Online Payment,18,Mumbai,Mumbai,iPhone,0,2048,8768.22,9610.23,2157.29,1.22,3,0,0,0,0.0054,0,1,Low
TXN103846,CUST085,6,4842.42,Transfer,7,Mumbai,Mumbai,iPhone,0,2048,11767.53,10041.69,-5199.28,0.48,1,0,0,0,0.003,0,0,Low
TXN103847,CUST085,7,6523.27,ATM Withdrawal,8,Mumbai,Mumbai,iPhone,0,2048,4842.42,9175.15,-2651.88,0.71,1,1,0,0,0.0052,0,1,Low
TXN103848,CUST085,8,18716.57,Transfer,18,Mumbai,Mumbai,iPhone,0,2048,6523.27,8796.31,9920.27,2.13,2,0,0,0,0.0116,0,1,Low
TXN103849,CUST085,9,22641.41,Transfer,21,Mumbai,Mumbai,Android,1,2048,18716.57,10036.34,12605.07,2.26,0,0,0,0,0.0735,0,7,Low
TXN103850,CUST085,10,5825.21,Online Payment,20,Mumbai,Mumbai,iPhone,0,2048,22641.41,11436.9,-5611.69,0.51,6,0,0,0,0.0092,0,1,Low
TXN103851,CUST085,11,9077.52,Purchase,18,Mumbai,Mumbai,iPhone,0,2048,5825.21,10875.73,-1798.21,0.83,0,0,0,0,0.0077,0,1,Low
TXN103852,CUST085,12,12871.95,Bill Payment,18,Mumbai,Mumbai,iPhone,0,2048,9077.52,11340.94,1531.01,1.13,4,2,0,0,0.019,0,2,Low
TXN103853,CUST085,13,5202.31,Purchase,15,Mumbai,Mumbai,iPhone,0,2048,12871.95,10382.51,-5180.21,0.5,2,1,0,0,0.019,0,2,Low
TXN103854,CUST085,14,15129.85,Transfer,14,Mumbai,Mumbai,iPhone,0,2048,5202.31,10623.64,4506.21,1.42,2,0,0,0,0.007,0,1,Low
TXN103855,CUST085,15,2930.38,ATM Withdrawal,9,Mumbai,Mumbai,iPhone,0,2048,15129.85,11259.8,-8329.42,0.26,0,1,0,0,0.0077,0,1,Low
TXN103856,CUST085,16,19834.88,Transfer,14,Mysore,Mumbai,iPhone,0,2048,2930.38,10376.09,9458.79,1.91,6,1,0,1,0.0726,0,7,Low
TXN103857,CUST085,17,10701.76,Purchase,9,Mumbai,Mumbai,iPhone,0,2048,19834.88,11875.34,-1173.57,0.9,3,1,0,0,0.0077,0,1,Low
TXN103858,CUST085,18,10586.36,Purchase,20,Mumbai,Mumbai,iPhone,0,2048,10701.76,12293.18,-1706.82,0.86,2,0,0,0,0.0082,0,1,Low
TXN103859,CUST085,19,9904.18,Bill Payment,8,Mumbai,Mumbai,iPhone,0,2048,10586.36,11480.16,-1575.99,0.86,0,0,0,0,0.0095,0,1,Low
TXN103860,CUST085,20,9931.83,ATM Withdrawal,9,Mumbai,Mumbai,iPhone,0,2048,9904.18,10206.44,-274.61,0.97,2,0,0,0,0.0157,0,2,Low
TXN103861,CUST085,21,9144.22,Online Payment,9,Mumbai,Mumbai,iPhone,0,2048,9931.83,10617.1,-1472.88,0.86,3,0,0,0,0.0134,0,1,Low
TXN103862,CUST085,22,20087.75,Online Payment,21,Mumbai,Mumbai,iPhone,0,2048,9144.22,10623.77,9463.98,1.89,2,0,0,0,0.0116,0,1,Low
TXN103863,CUST085,23,7298.93,ATM Withdrawal,14,Mumbai,Mumbai,iPhone,0,2048,20087.75,11345.35,-4046.43,0.64,0,2,0,0,0.0407,0,4,Low
TXN103864,CUST085,24,4793.58,Purchase,15,Mumbai,Mumbai,Windows,1,2048,7298.93,11555.01,-6761.43,0.41,1,0,0,0,0.0145,0,1,Low
TXN103865,CUST085,25,12357.52,Purchase,6,Mangalore,Mumbai,iPhone,0,2048,4793.58,10521.39,1836.14,1.17,1,0,0,1,0.0094,0,1,Low
TXN103866,CUST085,26,2773.08,Transfer,10,Mumbai,Mumbai,iPhone,0,2048,12357.52,11464.1,-8691.02,0.24,2,0,0,0,0.0138,0,1,Low
TXN103867,CUST085,27,12174.98,Transfer,20,Mumbai,Mumbai,Mac,1,2048,2773.08,9757.92,2417.06,1.25,1,0,0,0,0.0181,0,2,Low
TXN103868,CUST085,28,17809.06,Purchase,20,Mumbai,Mumbai,iPhone,0,2048,12174.98,9905.24,7903.82,1.8,0,0,0,0,0.0189,0,2,Low
TXN103869,CUST085,29,14187.43,Online Payment,15,Mumbai,Mumbai,iPhone,0,2048,17809.06,10627.51,3559.92,1.33,5,0,0,0,0.029,0,3,Low
TXN103870,CUST085,30,5896.58,Purchase,14,Mumbai,Mumbai,iPhone,0,2048,14187.43,11055.84,-5159.26,0.53,1,0,0,0,0.0035,0,0,Low
TXN103871,CUST085,31,9023.55,Bill Payment,20,Mumbai,Mumbai,iPhone,0,2048,5896.58,10652.31,-1628.77,0.85,2,0,0,0,0.009,0,1,Low
TXN103872,CUST085,32,8059.5,Bill Payment,16,Mumbai,Mumbai,iPhone,0,2048,9023.55,10640.25,-2580.74,0.76,1,0,0,0,0.0078,0,1,Low
TXN103873,CUST085,33,2194.48,ATM Withdrawal,14,Mumbai,Mumbai,iPhone,0,2048,8059.5,9437.42,-7242.94,0.23,1,0,0,0,0.0103,0,1,Low
TXN103874,CUST085,34,10399.11,Transfer,13,Mumbai,Mumbai,iPhone,0,2048,2194.48,8926.98,1472.13,1.16,3,0,0,0,0.005,0,1,Low
TXN103875,CUST085,35,4045.0,Online Payment,14,Mumbai,Mumbai,iPhone,0,2048,10399.11,9487.53,-5442.53,0.43,0,0,0,0,0.0022,0,0,Low
TXN103876,CUST085,36,2997.32,Purchase,18,Hyderabad,Mumbai,iPhone,0,2048,4045.0,8656.28,-5658.95,0.35,2,0,0,1,0.0103,0,1,Low
TXN103877,CUST085,37,9719.98,ATM Withdrawal,14,Mumbai,Mumbai,iPhone,0,2048,2997.32,8678.7,1041.28,1.12,5,0,0,0,0.0099,0,1,Low
TXN103878,CUST085,38,5707.6,Transfer,8,Mumbai,Mumbai,iPhone,0,2048,9719.98,8433.2,-2725.6,0.68,2,0,0,0,0.0094,0,1,Low
TXN103879,CUST085,39,5637.5,Purchase,19,Mumbai,Mumbai,iPhone,0,2048,5707.6,7223.06,-1585.56,0.78,2,0,0,0,0.0058,0,1,Low
TXN103880,CUST085,40,4116.81,Purchase,21,Mumbai,Mumbai,iPhone,0,2048,5637.5,6368.06,-2251.25,0.65,0,0,0,0,0.0152,0,2,Low
TXN103881,CUST085,41,7197.72,Purchase,17,Mumbai,Mumbai,iPhone,0,2048,4116.81,6190.09,1007.63,1.16,4,0,0,0,0.0073,0,1,Low
TXN103882,CUST085,42,10317.95,Transfer,20,Mumbai,Mumbai,iPhone,0,2048,7197.72,6007.5,4310.45,1.72,1,0,0,0,0.0058,0,1,Low
TXN103883,CUST085,43,7668.75,Online Payment,14,Pune,Mumbai,iPhone,0,2048,10317.95,6233.35,1435.4,1.23,1,0,0,1,0.0227,0,2,Low
TXN103884,CUST085,44,6691.3,Purchase,6,Mumbai,Mumbai,iPhone,0,2048,7668.75,6780.77,-89.47,0.99,3,1,0,0,0.0189,0,2,Low
TXN103885,CUST085,45,12612.34,ATM Withdrawal,8,Mumbai,Mumbai,iPhone,0,2048,6691.3,6409.99,6202.34,1.97,4,0,0,0,0.0097,0,1,Low
TXN103886,CUST085,46,7705.81,Online Payment,6,Mumbai,Mumbai,iPhone,0,2048,12612.34,7266.73,439.08,1.06,0,0,0,0,0.0299,0,3,Low
TXN103887,CUST085,47,17790.6,Transfer,17,Mumbai,Mumbai,iPhone,0,2048,7705.81,7737.58,10053.03,2.3,0,0,0,0,0.0207,0,2,Low
TXN103888,CUST085,48,6949.8,Bill Payment,12,Mumbai,Mumbai,iPhone,0,2048,17790.6,8544.64,-1594.84,0.81,2,0,1,0,0.0482,0,5,Low
TXN103889,CUST085,49,5125.62,Purchase,14,Mumbai,Mumbai,iPhone,0,2048,6949.8,8668.86,-3543.23,0.59,4,0,0,0,0.0096,0,1,Low
TXN103890,CUST086,1,1943.5,Transfer,9,Chennai,Chennai,Android,0,2696,0.0,1435.69,507.81,1.35,0,0,0,0,0.01,0,1,Low
TXN103891,CUST086,2,794.71,Online Payment,8,Chennai,Chennai,Android,0,2696,1943.5,1943.5,-1148.78,0.41,2,0,0,0,0.0048,0,0,Low
TXN103892,CUST086,3,1377.08,Purchase,14,Chennai,Chennai,Android,0,2696,794.71,1369.11,7.97,1.01,1,0,0,0,0.0291,0,3,Low
TXN103893,CUST086,4,392.78,Purchase,12,Chennai,Chennai,Android,0,2696,1377.08,1371.76,-978.98,0.29,1,0,0,0,0.0143,0,1,Low
TXN103894,CUST086,5,774.47,Online Payment,16,Chennai,Chennai,Android,0,2696,392.78,1127.02,-352.55,0.69,1,0,0,0,0.0051,0,1,Low
TXN103895,CUST086,6,900.36,ATM Withdrawal,7,Chennai,Chennai,Android,0,2696,774.47,1056.51,-156.15,0.85,2,0,0,0,0.0063,0,1,Low
TXN103896,CUST086,7,2100.65,Online Payment,12,Chennai,Chennai,Android,0,2696,900.36,1030.48,1070.17,2.04,3,0,0,0,0.0043,0,0,Low
TXN103897,CUST086,8,2697.4,Transfer,13,Chennai,Chennai,Android,0,2696,2100.65,1183.36,1514.03,2.28,0,0,0,0,0.0169,0,2,Low
TXN103898,CUST086,9,4161.41,Online Payment,19,Chennai,Chennai,Android,0,2696,2697.4,1372.62,2788.8,3.03,0,0,0,0,0.0138,0,1,Low
TXN103899,CUST086,10,3685.39,ATM Withdrawal,15,Chennai,Chennai,Windows,1,2696,4161.41,1682.49,2002.91,2.19,6,2,0,0,0.3905,0,39,Medium
TXN103900,CUST086,11,3208.21,Transfer,6,Chennai,Chennai,Android,0,2696,3685.39,1882.78,1325.44,1.7,2,0,0,0,0.005,0,0,Low
TXN103901,CUST086,12,253.92,Bill Payment,9,Chennai,Chennai,Android,0,2696,3208.21,2009.25,-1755.33,0.13,2,0,0,0,0.0034,0,0,Low
TXN103902,CUST086,13,1676.36,Transfer,6,Chennai,Chennai,Android,0,2696,253.92,1955.17,-278.81,0.86,3,1,0,0,0.0104,0,1,Low
TXN103903,CUST086,14,604.82,Online Payment,11,Chennai,Chennai,Android,0,2696,1676.36,1985.1,-1380.28,0.3,0,0,0,0,0.0181,0,2,Low
TXN103904,CUST086,15,803.56,Purchase,11,Chennai,Chennai,Android,0,2696,604.82,2006.3,-1202.74,0.4,2,0,0,0,0.0116,0,1,Low
TXN103905,CUST086,16,3394.97,Purchase,15,Chennai,Chennai,Android,0,2696,803.56,2009.21,1385.76,1.69,1,0,0,0,0.0036,0,0,Low
TXN103906,CUST086,17,1956.95,Purchase,11,Chennai,Chennai,Android,0,2696,3394.97,2258.67,-301.72,0.87,2,0,0,0,0.005,0,0,Low
TXN103907,CUST086,18,1198.61,Purchase,8,Chennai,Chennai,Android,0,2696,1956.95,2244.3,-1045.69,0.53,1,0,0,0,0.0081,0,1,Low
TXN103908,CUST086,19,2698.19,Purchase,11,Hassan,Chennai,Android,0,2696,1198.61,2094.42,603.76,1.29,0,0,0,1,0.0548,0,5,Low
TXN103909,CUST086,20,3901.1,Purchase,19,Chennai,Chennai,Android,0,2696,2698.19,1948.1,1953.0,2.0,1,1,0,0,0.0016,0,0,Low
TXN103910,CUST086,21,1057.18,Purchase,9,Chennai,Chennai,Android,0,2696,3901.1,1969.67,-912.49,0.54,3,0,0,0,0.012,0,1,Low
TXN103911,CUST086,22,1133.48,Transfer,21,Chennai,Chennai,Android,0,2696,1057.18,1754.57,-621.09,0.65,2,0,0,0,0.0132,0,1,Low
TXN103912,CUST086,23,1479.69,Purchase,13,Delhi,Chennai,Android,0,2696,1133.48,1842.52,-362.83,0.8,2,0,0,1,0.0237,0,2,Low
TXN103913,CUST086,24,1135.58,Bill Payment,22,Chennai,Chennai,Android,0,2696,1479.69,1822.85,-687.27,0.62,1,1,0,0,0.0451,0,5,Low
TXN103914,CUST086,25,799.2,Purchase,14,Chennai,Chennai,Android,0,2696,1135.58,1875.93,-1076.73,0.43,2,0,0,0,0.0327,0,3,Low
TXN103915,CUST086,26,1574.52,Purchase,18,Chennai,Chennai,Android,0,2696,799.2,1875.49,-300.97,0.84,5,1,0,0,0.0082,0,1,Low
TXN103916,CUST086,27,1917.3,ATM Withdrawal,21,Chennai,Chennai,Android,0,2696,1574.52,1693.45,223.85,1.13,4,2,0,0,0.0273,0,3,Low
TXN103917,CUST086,28,1895.98,Online Payment,13,Chennai,Chennai,Android,0,2696,1917.3,1689.48,206.49,1.12,7,0,0,0,0.0152,0,2,Low
TXN103918,CUST086,29,1130.55,Transfer,11,Chennai,Chennai,Android,0,2696,1895.98,1759.22,-628.67,0.64,2,0,0,0,0.0028,0,0,Low
TXN103919,CUST086,30,1757.64,Online Payment,21,Chennai,Chennai,Android,0,2696,1130.55,1602.46,155.18,1.1,2,0,1,0,0.0144,0,1,Low
TXN103920,CUST086,31,5585.56,Purchase,12,Delhi,Chennai,Android,0,2696,1757.64,1388.11,4197.44,4.02,1,2,0,1,0.0822,0,8,Low
TXN103921,CUST086,32,1163.1,Online Payment,6,Chennai,Chennai,Android,0,2696,5585.56,1840.95,-677.84,0.63,3,0,0,0,0.0195,0,2,Low
TXN103922,CUST086,33,1076.0,Purchase,9,Chennai,Chennai,Android,0,2696,1163.1,1843.91,-767.91,0.58,1,2,0,0,0.027,0,3,Low
TXN103923,CUST086,34,3630.82,Online Payment,17,Mangalore,Chennai,Android,0,2696,1076.0,1803.54,1827.27,2.01,3,0,0,1,0.0402,0,4,Low
TXN103924,CUST086,35,682.47,Bill Payment,11,Chennai,Chennai,Android,0,2696,3630.82,2053.07,-1370.6,0.33,1,0,0,0,0.0054,0,1,Low
TXN103925,CUST086,36,2096.2,Transfer,19,Mangalore,Chennai,Android,0,2696,682.47,2041.39,54.81,1.03,1,0,0,1,0.0304,0,3,Low
TXN103926,CUST086,37,364.27,Transfer,19,Chennai,Chennai,Android,0,2696,2096.2,2093.56,-1729.29,0.17,2,0,0,0,0.0166,0,2,Low
TXN103927,CUST086,38,1146.1,Online Payment,8,Chennai,Chennai,Android,0,2696,364.27,1938.26,-792.16,0.59,4,0,0,0,0.0105,0,1,Low
TXN103928,CUST086,39,3655.5,Online Payment,10,Chennai,Chennai,Android,0,2696,1146.1,1863.27,1792.23,1.96,1,0,0,0,0.0093,0,1,Low
TXN103929,CUST086,40,402.63,Online Payment,22,Chennai,Chennai,Android,0,2696,3655.5,2115.77,-1713.14,0.19,1,0,0,0,0.0153,0,2,Low
TXN103930,CUST086,41,1245.57,Transfer,12,Chennai,Chennai,Android,0,2696,402.63,1980.27,-734.7,0.63,7,1,0,0,0.0648,0,6,Low
TXN103931,CUST086,42,1458.57,Online Payment,18,Chennai,Chennai,Android,0,2696,1245.57,1546.27,-87.7,0.94,1,0,0,0,0.0213,0,2,Low
TXN103932,CUST086,43,1050.96,Transfer,19,Chennai,Chennai,Android,0,2696,1458.57,1575.81,-524.86,0.67,4,0,0,0,0.0036,0,0,Low
TXN103933,CUST086,44,1593.51,Transfer,18,Chennai,Chennai,Android,0,2696,1050.96,1573.31,20.2,1.01,4,0,0,0,0.011,0,1,Low
TXN103934,CUST086,45,939.06,ATM Withdrawal,10,Chennai,Chennai,Android,0,2696,1593.51,1369.58,-430.52,0.69,3,0,0,0,0.0055,0,1,Low
TXN103935,CUST086,46,1935.0,Online Payment,11,Chennai,Chennai,Android,0,2696,939.06,1395.24,539.76,1.39,5,0,0,0,0.0046,0,0,Low
TXN103936,CUST086,47,3921.27,Bill Payment,19,Chennai,Chennai,Android,0,2696,1935.0,1379.12,2542.15,2.84,2,0,0,0,0.0188,0,2,Low
TXN103937,CUST086,48,1679.58,Transfer,14,Chennai,Chennai,Android,0,2696,3921.27,1734.82,-55.24,0.97,3,1,0,0,0.0127,0,1,Low
TXN103938,CUST086,49,1066.95,Online Payment,7,Chennai,Chennai,Android,0,2696,1679.58,1788.16,-721.21,0.6,3,0,0,0,0.0076,0,1,Low
TXN103939,CUST086,50,1480.74,Bill Payment,15,Chennai,Chennai,Android,0,2696,1066.95,1529.31,-48.57,0.97,3,0,0,0,0.0035,0,0,Low
TXN103940,CUST086,51,2349.31,Purchase,16,Mumbai,Chennai,Android,0,2696,1480.74,1637.12,712.19,1.44,2,0,0,1,0.0409,0,4,Low
TXN103941,CUST087,1,10747.38,Bill Payment,16,Mumbai,Mumbai,Android,0,2832,0.0,7752.09,2995.29,1.39,2,0,0,0,0.0042,0,0,Low
TXN103942,CUST087,2,1214.91,Transfer,10,Chennai,Mumbai,Android,0,2832,10747.38,10747.38,-9532.47,0.11,6,1,0,1,0.1684,0,17,Low
TXN103943,CUST087,3,8061.82,ATM Withdrawal,16,Mumbai,Mumbai,Android,0,2832,1214.91,5981.14,2080.68,1.35,2,2,0,0,0.0443,0,4,Low
TXN103944,CUST087,4,4091.98,Bill Payment,6,Mumbai,Mumbai,Android,0,2832,8061.82,6674.7,-2582.73,0.61,3,0,0,0,0.0046,0,0,Low
TXN103945,CUST087,5,5487.25,Purchase,11,Mumbai,Mumbai,Android,0,2832,4091.98,6029.02,-541.77,0.91,0,1,0,0,0.0123,0,1,Low
TXN103946,CUST087,6,10721.65,ATM Withdrawal,13,Mumbai,Mumbai,Android,0,2832,5487.25,5920.67,4800.99,1.81,4,0,0,0,0.0098,0,1,Low
TXN103947,CUST087,7,7882.28,Purchase,8,Mumbai,Mumbai,Android,0,2832,10721.65,6720.83,1161.45,1.17,1,0,0,0,0.0056,0,1,Low
TXN103948,CUST087,8,2460.49,Online Payment,18,Mumbai,Mumbai,Mac,1,2832,7882.28,6886.75,-4426.27,0.36,1,0,0,0,0.0761,0,8,Low
TXN103949,CUST087,9,4839.57,Purchase,11,Mumbai,Mumbai,Mac,1,2832,2460.49,6333.47,-1493.9,0.76,3,0,0,0,0.0411,0,4,Low
TXN103950,CUST087,10,4879.15,Purchase,9,Mumbai,Mumbai,Android,0,2832,4839.57,6167.48,-1288.33,0.79,2,0,0,0,0.0038,0,0,Low
TXN103951,CUST087,11,11320.88,Transfer,13,Mumbai,Mumbai,Android,0,2832,4879.15,6038.65,5282.23,1.87,1,0,0,0,0.0262,0,3,Low
TXN103952,CUST087,12,5904.4,Bill Payment,16,Mumbai,Mumbai,Android,0,2832,11320.88,6096.0,-191.6,0.97,4,0,1,0,0.0133,0,1,Low
TXN103953,CUST087,13,5791.21,Transfer,13,Mumbai,Mumbai,iPhone,1,2832,5904.4,6564.95,-773.73,0.88,1,0,0,0,0.0054,0,1,Low
TXN103954,CUST087,14,6053.65,Online Payment,12,Mumbai,Mumbai,Windows,1,2832,5791.21,6337.89,-284.24,0.96,2,1,0,0,0.0197,0,2,Low
TXN103955,CUST087,15,2467.18,Transfer,6,Mumbai,Mumbai,Android,0,2832,6053.65,6534.05,-4066.88,0.38,2,0,0,0,0.0038,0,0,Low
TXN103956,CUST087,16,12841.19,Bill Payment,10,Mumbai,Mumbai,Android,0,2832,2467.18,6232.05,6609.15,2.06,3,0,0,0,0.0293,0,3,Low
TXN103957,CUST087,17,2339.5,Online Payment,9,Chennai,Mumbai,Android,0,2832,12841.19,6444.0,-4104.5,0.36,3,0,0,1,0.0144,0,1,Low
TXN103958,CUST087,18,13211.36,Online Payment,11,Mumbai,Mumbai,Android,0,2832,2339.5,5889.72,7321.64,2.24,0,0,1,0,0.0102,0,1,Low
TXN103959,CUST087,19,4971.32,Purchase,11,Mumbai,Mumbai,Android,0,2832,13211.36,6964.81,-1993.49,0.71,1,0,0,0,0.0106,0,1,Low
TXN103960,CUST087,20,15175.25,Purchase,17,Mumbai,Mumbai,Android,0,2832,4971.32,6977.98,8197.27,2.17,1,0,0,0,0.01,0,1,Low
TXN103961,CUST087,21,10882.15,Purchase,22,Mumbai,Mumbai,Android,0,2832,15175.25,8007.59,2874.56,1.36,0,0,0,0,0.0143,0,1,Low
TXN103962,CUST087,22,6775.0,Transfer,6,Mumbai,Mumbai,Android,0,2832,10882.15,7963.72,-1188.73,0.85,2,0,0,0,0.007,0,1,Low
TXN103963,CUST087,23,6887.08,Purchase,22,Mumbai,Mumbai,Windows,1,2832,6775.0,8050.78,-1163.7,0.86,2,1,0,0,0.0041,0,0,Low
TXN103964,CUST087,24,14973.6,Transfer,10,Mumbai,Mumbai,Android,0,2832,6887.08,8160.37,6813.23,1.83,3,0,0,0,0.0097,0,1,Low
TXN103965,CUST087,25,6725.28,Purchase,20,Mumbai,Mumbai,Android,0,2832,14973.6,9052.36,-2327.08,0.74,2,1,0,0,0.0074,0,1,Low
TXN103966,CUST087,26,5305.4,Online Payment,7,Mumbai,Mumbai,Android,0,2832,6725.28,9478.17,-4172.78,0.56,3,0,0,0,0.007,0,1,Low
TXN103967,CUST087,27,2050.17,Transfer,6,Mumbai,Mumbai,Android,0,2832,5305.4,8724.59,-6674.42,0.23,1,0,0,0,0.0086,0,1,Low
TXN103968,CUST087,28,4714.15,Transfer,18,Mumbai,Mumbai,Android,0,2832,2050.17,8695.66,-3981.51,0.54,1,0,0,0,0.0064,0,1,Low
TXN103969,CUST087,29,16182.95,Purchase,15,Mumbai,Mumbai,Android,0,2832,4714.15,7845.94,8337.01,2.06,4,1,0,0,0.0246,0,2,Low
TXN103970,CUST087,30,11063.78,Purchase,6,Mumbai,Mumbai,Android,0,2832,16182.95,8967.1,2096.68,1.23,1,0,1,0,0.0157,0,2,Low
TXN103971,CUST087,31,6674.63,Transfer,12,Mumbai,Mumbai,Windows,1,2832,11063.78,8555.96,-1881.33,0.78,1,0,0,0,0.0182,0,2,Low
TXN103972,CUST087,32,5465.05,Online Payment,15,Mumbai,Mumbai,Mac,1,2832,6674.63,8135.2,-2670.15,0.67,3,0,0,0,0.0046,0,0,Low
TXN103973,CUST087,33,21789.95,Transfer,10,Mumbai,Mumbai,Android,0,2832,5465.05,8004.21,13785.74,2.72,1,0,0,0,0.0144,0,1,Low
TXN103974,CUST088,1,1396.43,Online Payment,7,Chennai,Chennai,Windows,1,295,0.0,3380.84,-1984.41,0.41,2,0,0,0,0.0254,0,3,Low
TXN103975,CUST088,2,5552.42,Bill Payment,9,Chennai,Chennai,iPhone,1,295,1396.43,1396.43,4156.0,3.98,1,0,0,0,0.0859,0,9,Low
TXN103976,CUST088,3,2260.96,ATM Withdrawal,10,Chennai,Chennai,Mac,0,295,5552.42,3474.42,-1213.46,0.65,4,1,0,0,0.0056,0,1,Low
TXN103977,CUST088,4,1355.93,Online Payment,16,Chennai,Chennai,Mac,0,295,2260.96,3069.94,-1714.0,0.44,2,1,0,0,0.0048,0,0,Low
TXN103978,CUST088,5,4061.76,Transfer,21,Chennai,Chennai,Mac,0,295,1355.93,2641.44,1420.33,1.54,0,0,0,0,0.0139,0,1,Low
TXN103979,CUST088,6,3191.95,Transfer,13,Chennai,Chennai,Android,1,295,4061.76,2925.5,266.44,1.09,3,0,0,0,0.0198,0,2,Low
TXN103980,CUST088,7,5255.83,Purchase,8,Chennai,Chennai,Mac,0,295,3191.95,2969.91,2285.92,1.77,2,1,0,0,0.0132,0,1,Low
TXN103981,CUST088,8,1772.17,Transfer,10,Chennai,Chennai,Mac,0,295,5255.83,3296.47,-1524.3,0.54,1,0,0,0,0.0033,0,0,Low
TXN103982,CUST088,9,5150.95,Online Payment,11,Hassan,Chennai,Mac,0,295,1772.17,3105.93,2045.02,1.66,5,1,0,1,0.0512,0,5,Low
TXN103983,CUST088,10,5852.57,Purchase,11,Chennai,Chennai,Mac,0,295,5150.95,3333.16,2519.41,1.76,1,0,0,0,0.0157,0,2,Low
TXN103984,CUST088,11,1157.69,Transfer,8,Chennai,Chennai,Mac,0,295,5852.57,3585.1,-2427.4,0.32,4,0,0,0,0.0041,0,0,Low
TXN103985,CUST088,12,4609.04,Purchase,13,Chennai,Chennai,iPhone,1,295,1157.69,3561.22,1047.81,1.29,2,0,0,0,0.032,0,3,Low
TXN103986,CUST088,13,1829.31,Purchase,22,Chennai,Chennai,Mac,0,295,4609.04,3466.89,-1637.58,0.53,4,0,0,0,0.0032,0,0,Low
TXN103987,CUST088,14,8796.6,Purchase,8,Chennai,Chennai,Mac,0,295,1829.31,3423.72,5372.88,2.57,1,0,0,0,0.0205,0,2,Low
TXN103988,CUST088,15,5285.17,Bill Payment,8,Chennai,Chennai,Mac,0,295,8796.6,4167.79,1117.38,1.27,3,1,0,0,0.0027,0,0,Low
TXN103989,CUST088,16,4089.04,Transfer,8,Chennai,Chennai,Mac,0,295,5285.17,4290.13,-201.09,0.95,2,0,0,0,0.0022,0,0,Low
TXN103990,CUST088,17,1965.51,Transfer,7,Chennai,Chennai,Mac,0,295,4089.04,4379.84,-2414.32,0.45,3,0,0,0,0.0085,0,1,Low
TXN103991,CUST088,18,1991.95,ATM Withdrawal,6,Chennai,Chennai,Mac,0,295,1965.51,4050.81,-2058.85,0.49,1,0,0,0,0.0034,0,0,Low
TXN103992,CUST088,19,5166.76,Online Payment,20,Chennai,Chennai,Mac,0,295,1991.95,4072.78,1093.97,1.27,3,0,0,0,0.0078,0,1,Low
TXN103993,CUST088,20,3584.73,ATM Withdrawal,9,Chennai,Chennai,Mac,0,295,5166.76,4074.36,-489.63,0.88,0,2,0,0,0.0293,0,3,Low
TXN103994,CUST088,21,3842.85,Transfer,16,Chennai,Chennai,Mac,0,295,3584.73,3847.58,-4.73,1.0,1,0,0,0,0.0074,0,1,Low
TXN103995,CUST088,22,2377.9,Purchase,14,Chennai,Chennai,Mac,0,295,3842.85,4116.1,-1738.2,0.58,1,0,0,0,0.0121,0,1,Low
TXN103996,CUST088,23,2392.2,Online Payment,11,Chennai,Chennai,Mac,0,295,2377.9,3892.98,-1500.78,0.61,2,0,0,0,0.0153,0,2,Low
TXN103997,CUST088,24,7740.4,Transfer,22,Chennai,Chennai,Mac,0,295,2392.2,3949.27,3791.12,1.96,3,0,0,0,0.0117,0,1,Low
TXN103998,CUST088,25,4455.41,Online Payment,9,Chennai,Chennai,Mac,0,295,7740.4,3843.65,611.76,1.16,1,0,0,0,0.0165,0,2,Low
TXN103999,CUST088,26,7670.72,Bill Payment,17,Chennai,Chennai,Mac,0,295,4455.41,3760.68,3910.04,2.04,2,0,0,0,0.0085,0,1,Low
TXN104000,CUST088,27,1479.02,Purchase,18,Chennai,Chennai,Mac,0,295,7670.72,4118.84,-2639.83,0.36,5,0,0,0,0.0301,0,3,Low
TXN104001,CUST088,28,5437.68,Purchase,12,Chennai,Chennai,Mac,0,295,1479.02,4070.19,1367.49,1.34,3,0,0,0,0.0125,0,1,Low
TXN104002,CUST088,29,3574.01,Purchase,20,Mumbai,Chennai,Mac,0,295,5437.68,4414.77,-840.75,0.81,4,0,0,1,0.016,0,2,Low
TXN104003,CUST088,30,13494.37,Purchase,16,Chennai,Chennai,Mac,0,295,3574.01,4255.49,9238.88,3.17,5,0,0,0,0.0642,0,6,Low
TXN104004,CUST088,31,2411.22,Online Payment,20,Chennai,Chennai,Mac,0,295,13494.37,5246.46,-2835.24,0.46,2,0,0,0,0.0082,0,1,Low
TXN104005,CUST088,32,3137.38,Bill Payment,17,Chennai,Chennai,Mac,0,295,2411.22,5103.29,-1965.91,0.61,1,0,0,0,0.0042,0,0,Low
TXN104006,CUST088,33,9333.71,Transfer,14,Delhi,Chennai,Mac,0,295,3137.38,5179.24,4154.47,1.8,1,0,1,1,0.021,0,2,Low
TXN104007,CUST088,34,369.13,Purchase,10,Chennai,Chennai,Mac,0,295,9333.71,5873.39,-5504.26,0.06,2,0,0,0,0.026,0,3,Low
TXN104008,CUST088,35,3162.03,Transfer,6,Delhi,Chennai,Mac,0,295,369.13,5136.26,-1974.23,0.62,4,0,0,1,0.0314,0,3,Low
TXN104009,CUST088,36,5806.88,ATM Withdrawal,14,Chennai,Chennai,Mac,0,295,3162.03,5006.93,799.95,1.16,0,0,0,0,0.0154,0,2,Low
TXN104010,CUST088,37,2054.7,Bill Payment,12,Chennai,Chennai,Mac,0,295,5806.88,4820.54,-2765.84,0.43,3,0,0,0,0.0077,0,1,Low
TXN104011,CUST088,38,6247.91,Bill Payment,6,Chennai,Chennai,Mac,0,295,2054.7,4878.11,1369.8,1.28,3,0,0,0,0.0085,0,1,Low
TXN104012,CUST088,39,6263.32,Purchase,14,Chennai,Chennai,Mac,0,295,6247.91,4959.13,1304.19,1.26,1,0,1,0,0.0457,0,5,Low
TXN104013,CUST089,1,5645.05,Purchase,19,Hyderabad,Hyderabad,Android,0,2175,0.0,2580.46,3064.59,2.19,1,0,0,0,0.0078,0,1,Low
TXN104014,CUST089,2,2072.54,Bill Payment,17,Hyderabad,Hyderabad,Android,0,2175,5645.05,5645.05,-3572.51,0.37,0,0,0,0,0.006,0,1,Low
TXN104015,CUST089,3,1802.14,Online Payment,12,Bangalore,Hyderabad,Android,0,2175,2072.54,3858.79,-2056.65,0.47,2,0,0,1,0.0186,0,2,Low
TXN104016,CUST089,4,1844.61,Purchase,18,Hyderabad,Hyderabad,Android,0,2175,1802.14,3173.24,-1328.63,0.58,1,0,0,0,0.0051,0,1,Low
TXN104017,CUST089,5,1331.81,Transfer,20,Mangalore,Hyderabad,Android,0,2175,1844.61,2841.08,-1509.27,0.47,3,2,0,1,0.1175,0,12,Low
TXN104018,CUST089,6,3906.2,Purchase,15,Hyderabad,Hyderabad,Android,0,2175,1331.81,2539.23,1366.97,1.54,4,3,0,0,0.037,0,4,Low
TXN104019,CUST089,7,2377.35,Transfer,21,Hyderabad,Hyderabad,Android,0,2175,3906.2,2767.06,-389.71,0.86,2,0,0,0,0.01,0,1,Low
TXN104020,CUST089,8,1070.73,Purchase,16,Hyderabad,Hyderabad,Android,0,2175,2377.35,2711.38,-1640.66,0.39,4,0,0,0,0.0143,0,1,Low
TXN104021,CUST089,9,2074.18,Bill Payment,20,Mumbai,Hyderabad,Android,0,2175,1070.73,2506.3,-432.12,0.83,3,0,0,1,0.0085,0,1,Low
TXN104022,CUST089,10,1404.38,Transfer,22,Hyderabad,Hyderabad,Android,0,2175,2074.18,2458.29,-1053.91,0.57,3,0,0,0,0.0161,0,2,Low
TXN104023,CUST089,11,3330.49,Purchase,20,Hyderabad,Hyderabad,Android,0,2175,1404.38,2352.9,977.59,1.42,3,0,0,0,0.0085,0,1,Low
TXN104024,CUST089,12,4113.13,Online Payment,18,Hyderabad,Hyderabad,Android,0,2175,3330.49,2121.44,1991.69,1.94,2,0,0,0,0.0143,0,1,Low
TXN104025,CUST089,13,2546.86,Purchase,14,Hyderabad,Hyderabad,Android,0,2175,4113.13,2325.5,221.36,1.1,2,0,0,0,0.0052,0,1,Low
TXN104026,CUST089,14,1109.7,Transfer,22,Hyderabad,Hyderabad,Android,0,2175,2546.86,2399.97,-1290.27,0.46,3,1,0,0,0.0053,0,1,Low
TXN104027,CUST089,15,10472.41,Purchase,15,Hyderabad,Hyderabad,Android,0,2175,1109.7,2326.48,8145.92,4.5,2,0,0,0,0.0161,0,2,Low
TXN104028,CUST089,16,3841.8,Online Payment,22,Hyderabad,Hyderabad,Android,0,2175,10472.41,3240.54,601.26,1.19,1,0,0,0,0.0068,0,1,Low
TXN104029,CUST089,17,9515.17,Transfer,10,Hyderabad,Hyderabad,Android,0,2175,3841.8,3234.1,6281.07,2.94,1,0,0,0,0.019,0,2,Low
TXN104030,CUST089,18,1744.84,Purchase,22,Hyderabad,Hyderabad,Android,0,2175,9515.17,3947.88,-2203.04,0.44,3,0,0,0,0.0111,0,1,Low
TXN104031,CUST089,19,6276.0,Bill Payment,18,Mysore,Hyderabad,Mac,1,2175,1744.84,4015.3,2260.7,1.56,3,0,0,0,0.55,1,55,Medium
TXN104032,CUST089,20,2150.69,Purchase,14,Hyderabad,Hyderabad,Android,0,2175,6276.0,4435.48,-2284.79,0.48,1,0,0,0,0.0108,0,1,Low
TXN104033,CUST089,21,1779.49,Bill Payment,13,Hyderabad,Hyderabad,Mac,1,2175,2150.69,4510.11,-2730.62,0.39,2,0,1,0,0.0303,0,3,Low
TXN104034,CUST089,22,5029.9,Online Payment,11,Hyderabad,Hyderabad,Android,0,2175,1779.49,4355.01,674.9,1.15,4,2,0,0,0.0272,0,3,Low
TXN104035,CUST089,23,2694.3,Transfer,19,Hyderabad,Hyderabad,Android,0,2175,5029.9,4446.69,-1752.39,0.61,2,0,0,0,0.0063,0,1,Low
TXN104036,CUST089,24,5931.27,Transfer,17,Mumbai,Hyderabad,Windows,1,2175,2694.3,4461.43,1469.85,1.33,4,0,0,1,0.0281,0,3,Low
TXN104037,CUST089,25,15330.94,Online Payment,16,Hyderabad,Hyderabad,Android,0,2175,5931.27,4943.59,10387.35,3.1,0,1,0,0,0.0179,0,2,Low
TXN104038,CUST089,26,2796.23,Transfer,19,Hyderabad,Hyderabad,Android,0,2175,15330.94,5429.44,-2633.21,0.52,2,0,1,0,0.0107,0,1,Low
TXN104039,CUST089,27,7914.42,Purchase,11,Hyderabad,Hyderabad,Android,0,2175,2796.23,5324.88,2589.53,1.49,5,0,0,0,0.0124,0,1,Low
TXN104040,CUST089,28,3113.23,Transfer,19,Hyderabad,Hyderabad,Android,0,2175,7914.42,5164.81,-2051.57,0.6,2,0,1,0,0.02,0,2,Low
TXN104041,CUST089,29,1267.97,Online Payment,19,Hyderabad,Hyderabad,Android,0,2175,3113.23,5301.65,-4033.67,0.24,3,1,0,0,0.0049,0,0,Low
TXN104042,CUST089,30,4468.4,Bill Payment,6,Hyderabad,Hyderabad,Android,0,2175,1267.97,4800.84,-332.44,0.93,5,0,0,0,0.0102,0,1,Low
TXN104043,CUST089,31,9751.98,Online Payment,15,Hyderabad,Hyderabad,Windows,1,2175,4468.4,5032.62,4719.37,1.94,0,0,0,0,0.0694,0,7,Low
TXN104044,CUST089,32,1293.64,Purchase,22,Hyderabad,Hyderabad,Android,0,2175,9751.98,5829.87,-4536.22,0.22,4,0,0,0,0.0058,0,1,Low
TXN104045,CUST089,33,2812.3,ATM Withdrawal,7,Hassan,Hyderabad,Android,0,2175,1293.64,5456.24,-2643.94,0.52,1,0,0,1,0.0186,0,2,Low
TXN104046,CUST089,34,1685.59,Transfer,20,Hyderabad,Hyderabad,Android,0,2175,2812.3,5468.04,-3782.45,0.31,2,0,0,0,0.0166,0,2,Low
TXN104047,CUST089,35,7063.71,Purchase,22,Hyderabad,Hyderabad,Android,0,2175,1685.59,5043.47,2020.24,1.4,3,2,0,0,0.0145,0,1,Low
TXN104048,CUST089,36,3566.15,Transfer,17,Pune,Hyderabad,Android,0,2175,7063.71,4216.75,-650.6,0.85,3,0,1,1,0.015,0,1,Low
TXN104049,CUST089,37,2275.62,Purchase,10,Hyderabad,Hyderabad,Android,0,2175,3566.15,4293.74,-2018.12,0.53,2,2,0,0,0.0194,0,2,Low
TXN104050,CUST089,38,3457.1,Purchase,6,Hyderabad,Hyderabad,Android,0,2175,2275.62,3729.86,-272.76,0.93,5,0,1,0,0.0841,0,8,Low
TXN104051,CUST089,39,1892.62,Transfer,6,Hyderabad,Hyderabad,Android,0,2175,3457.1,3764.25,-1871.63,0.5,3,0,0,0,0.0064,0,1,Low
TXN104052,CUST089,40,3111.0,Purchase,16,Hyderabad,Hyderabad,Android,0,2175,1892.62,3826.71,-715.72,0.81,0,0,0,0,0.0141,0,1,Low
TXN104053,CUST089,41,1964.35,Transfer,11,Hyderabad,Hyderabad,Android,0,2175,3111.0,3690.97,-1726.62,0.53,2,0,0,0,0.0073,0,1,Low
TXN104054,CUST089,42,778.36,Transfer,12,Hyderabad,Hyderabad,Android,0,2175,1964.35,2912.21,-2133.85,0.27,2,0,0,0,0.0014,0,0,Low
TXN104055,CUST089,43,2475.81,Transfer,8,Mumbai,Hyderabad,Android,0,2175,778.36,2860.68,-384.87,0.87,4,0,0,1,0.0194,0,2,Low
TXN104056,CUST089,44,983.98,Bill Payment,22,Hyderabad,Hyderabad,Android,0,2175,2475.81,2827.03,-1843.05,0.35,2,0,0,0,0.0101,0,1,Low
TXN104057,CUST089,45,2718.79,Bill Payment,21,Hyderabad,Hyderabad,Mac,1,2175,983.98,2756.87,-38.08,0.99,2,2,0,0,0.1886,0,19,Low
TXN104058,CUST089,46,1904.04,Transfer,6,Hyderabad,Hyderabad,Android,0,2175,2718.79,2322.38,-418.34,0.82,7,0,0,0,0.0495,0,5,Low
TXN104059,CUST089,47,3153.19,Purchase,6,Mumbai,Hyderabad,Windows,1,2175,1904.04,2156.17,997.02,1.46,0,1,0,1,0.0522,0,5,Low
TXN104060,CUST089,48,1835.98,Purchase,17,Hyderabad,Hyderabad,Android,0,2175,3153.19,2243.92,-407.94,0.82,1,0,0,0,0.0074,0,1,Low
TXN104061,CUST089,49,1335.09,Transfer,21,Hyderabad,Hyderabad,Android,0,2175,1835.98,2081.81,-746.72,0.64,3,1,0,0,0.0044,0,0,Low
TXN104062,CUST089,50,2770.23,Transfer,12,Hyderabad,Hyderabad,Windows,1,2175,1335.09,2026.06,744.17,1.37,2,1,0,0,0.0259,0,3,Low
TXN104063,CUST089,51,1207.21,Bill Payment,15,Hyderabad,Hyderabad,Android,0,2175,2770.23,1991.98,-784.77,0.61,1,0,0,0,0.0112,0,1,Low
TXN104064,CUST089,52,3400.48,Online Payment,22,Hyderabad,Hyderabad,Android,0,2175,1207.21,1916.27,1484.22,1.77,1,1,0,0,0.0094,0,1,Low
TXN104065,CUST089,53,842.34,Online Payment,17,Hyderabad,Hyderabad,Android,0,2175,3400.48,2178.48,-1336.14,0.39,4,0,0,0,0.0028,0,0,Low
TXN104066,CUST090,1,12318.08,Transfer,10,Mangalore,Mangalore,Android,0,542,0.0,11049.98,1268.1,1.11,2,1,0,0,0.0058,0,1,Low
TXN104067,CUST090,2,14817.19,Bill Payment,18,Mangalore,Mangalore,Android,0,542,12318.08,12318.08,2499.1,1.2,4,0,0,0,0.0028,0,0,Low
TXN104068,CUST090,3,4974.93,Purchase,19,Mangalore,Mangalore,Android,0,542,14817.19,13567.64,-8592.71,0.37,1,0,0,0,0.0033,0,0,Low
TXN104069,CUST090,4,1890.89,Purchase,22,Hyderabad,Mangalore,Windows,1,542,4974.93,10703.4,-8812.51,0.18,4,0,0,1,0.0495,0,5,Low
TXN104070,CUST090,5,9867.65,Bill Payment,14,Mangalore,Mangalore,Android,0,542,1890.89,8500.27,1367.38,1.16,2,0,0,0,0.0065,0,1,Low
TXN104071,CUST090,6,12496.75,Purchase,11,Mangalore,Mangalore,Android,0,542,9867.65,8773.75,3723.0,1.42,1,2,0,0,0.0689,0,7,Low
TXN104072,CUST090,7,8479.73,Online Payment,11,Mangalore,Mangalore,Android,0,542,12496.75,9394.25,-914.52,0.9,3,0,0,0,0.0066,0,1,Low
TXN104073,CUST090,8,45635.19,Bill Payment,12,Mangalore,Mangalore,Android,0,542,8479.73,9263.6,36371.59,4.93,2,0,0,0,0.0617,0,6,Low
TXN104074,CUST090,9,11786.22,Transfer,15,Mangalore,Mangalore,Android,0,542,45635.19,13810.05,-2023.83,0.85,1,0,1,0,0.0385,0,4,Low
TXN104075,CUST090,10,16778.6,Purchase,9,Mangalore,Mangalore,Android,0,542,11786.22,13585.18,3193.42,1.24,3,0,0,0,0.004,0,0,Low
TXN104076,CUST090,11,16059.4,Transfer,19,Mangalore,Mangalore,Android,0,542,16778.6,13904.52,2154.88,1.15,4,0,0,0,0.0047,0,0,Low
TXN104077,CUST090,12,18450.65,Purchase,7,Mangalore,Mangalore,Android,0,542,16059.4,14278.66,4172.0,1.29,3,0,0,0,0.0069,0,1,Low
TXN104078,CUST090,13,9825.67,Purchase,15,Mangalore,Mangalore,Android,0,542,18450.65,14642.0,-4816.33,0.67,8,0,0,0,0.0503,0,5,Low
TXN104079,CUST090,14,7102.33,Online Payment,21,Mangalore,Mangalore,Android,0,542,9825.67,15127.08,-8024.75,0.47,2,1,0,0,0.0297,0,3,Low
TXN104080,CUST090,15,14554.36,Online Payment,18,Mangalore,Mangalore,Windows,1,542,7102.33,15648.22,-1093.86,0.93,3,0,0,0,0.0372,0,4,Low
TXN104081,CUST090,16,8431.28,Purchase,13,Mangalore,Mangalore,Android,0,542,14554.36,16116.89,-7685.61,0.52,1,0,1,0,0.015,0,2,Low
TXN104082,CUST090,17,15913.16,ATM Withdrawal,15,Mangalore,Mangalore,Android,0,542,8431.28,15710.34,202.82,1.01,1,0,0,0,0.0141,0,1,Low
TXN104083,CUST090,18,25824.74,Purchase,20,Mangalore,Mangalore,Android,0,542,15913.16,16453.69,9371.05,1.57,2,2,0,0,0.0268,0,3,Low
TXN104084,CUST090,19,13607.76,Purchase,10,Mangalore,Mangalore,Android,0,542,25824.74,14472.64,-864.88,0.94,4,0,0,0,0.0068,0,1,Low
TXN104085,CUST090,20,31501.65,Purchase,16,Pune,Mangalore,Android,0,542,13607.76,14654.8,16846.86,2.15,4,0,0,1,0.0307,0,3,Low
TXN104086,CUST090,21,6264.17,Purchase,21,Mangalore,Mangalore,Android,0,542,31501.65,16127.1,-9862.93,0.39,1,0,0,0,0.006,0,1,Low
TXN104087,CUST090,22,4652.4,Purchase,8,Mangalore,Mangalore,iPhone,1,542,6264.17,15147.58,-10495.18,0.31,2,0,0,0,0.0865,0,9,Low
TXN104088,CUST090,23,10186.73,ATM Withdrawal,13,Mangalore,Mangalore,Android,0,542,4652.4,13767.75,-3581.02,0.74,2,0,0,0,0.009,0,1,Low
TXN104089,CUST090,24,34502.16,Transfer,13,Mangalore,Mangalore,Android,0,542,10186.73,13803.86,20698.3,2.5,1,0,0,0,0.0267,0,3,Low
TXN104090,CUST090,25,8698.99,Purchase,11,Mangalore,Mangalore,Android,0,542,34502.16,16543.84,-7844.85,0.53,1,0,0,0,0.0077,0,1,Low
TXN104091,CUST090,26,7105.01,Transfer,9,Mangalore,Mangalore,Android,0,542,8698.99,15958.3,-8853.29,0.45,0,0,0,0,0.0091,0,1,Low
TXN104092,CUST090,27,11491.93,Online Payment,11,Mangalore,Mangalore,Mac,1,542,7105.01,15825.68,-4333.75,0.73,2,0,0,0,0.0591,0,6,Low
TXN104093,CUST090,28,17068.84,Transfer,13,Mangalore,Mangalore,Android,0,542,11491.93,15383.55,1685.29,1.11,3,0,0,0,0.0073,0,1,Low
TXN104094,CUST090,29,5072.44,ATM Withdrawal,13,Mangalore,Mangalore,iPhone,1,542,17068.84,14507.97,-9435.53,0.35,0,0,0,0,0.0225,0,2,Low
TXN104095,CUST090,30,17512.35,Purchase,11,Mangalore,Mangalore,Android,0,542,5072.44,13654.43,3857.92,1.28,5,0,0,0,0.0099,0,1,Low
TXN104096,CUST090,31,13370.96,Transfer,9,Bangalore,Mangalore,Android,0,542,17512.35,12255.5,1115.46,1.09,3,0,0,1,0.0299,0,3,Low
TXN104097,CUST090,32,11556.27,Purchase,20,Mangalore,Mangalore,Android,0,542,13370.96,12966.18,-1409.91,0.89,0,0,0,0,0.0407,0,4,Low
TXN104098,CUST090,33,5572.75,Purchase,20,Delhi,Mangalore,Windows,1,542,11556.27,13656.57,-8083.81,0.41,2,1,0,1,0.1387,0,14,Low
TXN104099,CUST090,34,13389.45,Bill Payment,17,Mangalore,Mangalore,Android,0,542,5572.75,13195.17,194.28,1.01,1,0,0,0,0.01,0,1,Low
TXN104100,CUST090,35,10888.11,Purchase,13,Mangalore,Mangalore,Android,0,542,13389.45,11083.9,-195.79,0.98,2,0,0,0,0.0045,0,0,Low
TXN104101,CUST090,36,5433.98,ATM Withdrawal,13,Mangalore,Mangalore,Android,0,542,10888.11,11302.81,-5868.83,0.48,3,0,0,0,0.0011,0,0,Low
TXN104102,CUST090,37,10159.47,Purchase,17,Hassan,Mangalore,Android,0,542,5433.98,11135.71,-976.24,0.91,5,0,0,1,0.0167,0,2,Low
TXN104103,CUST090,38,7999.3,Bill Payment,6,Mangalore,Mangalore,Android,0,542,10159.47,11002.46,-3003.16,0.73,2,0,0,0,0.0082,0,1,Low
TXN104104,CUST090,39,10132.83,ATM Withdrawal,20,Mangalore,Mangalore,Android,0,542,7999.3,10095.51,37.32,1.0,0,0,0,0,0.0038,0,0,Low
TXN104105,CUST090,40,2659.47,Bill Payment,8,Delhi,Mangalore,Android,0,542,10132.83,10601.55,-7942.08,0.25,2,0,0,1,0.0079,0,1,Low
TXN104106,CUST090,41,7528.55,Transfer,17,Mangalore,Mangalore,Android,0,542,2659.47,9116.26,-1587.71,0.83,4,0,0,0,0.0055,0,1,Low
TXN104107,CUST090,42,12203.24,Purchase,21,Mangalore,Mangalore,Android,0,542,7528.55,8532.02,3671.22,1.43,4,0,0,0,0.0067,0,1,Low
TXN104108,CUST090,43,95553.37,Purchase,13,Mangalore,Mangalore,Android,0,542,12203.24,8596.72,86956.66,11.12,5,0,0,0,0.0323,0,3,Low
TXN104109,CUST090,44,12806.14,Bill Payment,8,Mangalore,Mangalore,Android,0,542,95553.37,17594.78,-4788.64,0.73,1,0,0,0,0.015,0,2,Low
TXN104110,CUST090,45,5267.44,Transfer,16,Mangalore,Mangalore,Android,0,542,12806.14,17536.45,-12269.01,0.3,1,1,0,0,0.0041,0,0,Low
TXN104111,CUST090,46,4334.32,Purchase,14,Mangalore,Mangalore,Android,0,542,5267.44,16974.38,-12640.06,0.26,4,0,0,0,0.0155,0,2,Low
TXN104112,CUST090,47,15707.39,Bill Payment,13,Mangalore,Mangalore,Android,0,542,4334.32,16864.41,-1157.02,0.93,2,1,0,0,0.0086,0,1,Low
TXN104113,CUST090,48,6530.94,Bill Payment,17,Mangalore,Mangalore,Android,0,542,15707.39,17419.2,-10888.27,0.37,3,0,0,0,0.0045,0,0,Low
TXN104114,CUST090,49,8864.07,Purchase,7,Mangalore,Mangalore,Mac,1,542,6530.94,17272.37,-8408.3,0.51,5,0,0,0,0.0554,0,6,Low
TXN104115,CUST090,50,8080.98,Transfer,13,Pune,Mangalore,iPhone,1,542,8864.07,17145.49,-9064.51,0.47,1,0,0,1,0.056,0,6,Low
TXN104116,CUST090,51,6040.0,ATM Withdrawal,13,Hyderabad,Mangalore,Android,0,542,8080.98,17687.64,-11647.64,0.34,2,1,0,1,0.0125,0,1,Low
TXN104117,CUST090,52,8329.89,ATM Withdrawal,21,Bangalore,Mangalore,Android,0,542,6040.0,17538.79,-9208.9,0.47,3,0,0,1,0.0192,0,2,Low
TXN104118,CUST090,53,7363.56,Purchase,18,Mangalore,Mangalore,Android,0,542,8329.89,17151.45,-9787.89,0.43,1,0,0,0,0.0095,0,1,Low
TXN104119,CUST090,54,5712.1,Purchase,10,Hyderabad,Mangalore,Android,0,542,7363.56,8332.47,-2620.37,0.69,2,0,0,1,0.0082,0,1,Low
TXN104120,CUST090,55,17652.33,Transfer,18,Mangalore,Mangalore,Android,0,542,5712.1,7623.07,10029.26,2.32,2,0,0,0,0.0381,0,4,Low
TXN104121,CUST091,1,6437.65,Online Payment,14,Hyderabad,Hassan,iPhone,1,1906,0.0,10102.82,-3665.17,0.64,4,0,0,1,0.0555,0,6,Low
TXN104122,CUST091,2,15954.55,ATM Withdrawal,12,Hassan,Hassan,Android,0,1906,6437.65,6437.65,9516.89,2.48,2,0,0,0,0.0053,0,1,Low
TXN104123,CUST091,3,9197.74,ATM Withdrawal,9,Hassan,Hassan,Android,0,1906,15954.55,11196.1,-1998.36,0.82,3,0,0,0,0.0072,0,1,Low
TXN104124,CUST091,4,4953.83,Transfer,17,Hassan,Hassan,Android,0,1906,9197.74,10529.98,-5576.15,0.47,4,0,0,0,0.0118,0,1,Low
TXN104125,CUST091,5,4552.43,ATM Withdrawal,19,Mangalore,Hassan,Android,0,1906,4953.83,9135.94,-4583.51,0.5,3,0,0,1,0.0199,0,2,Low
TXN104126,CUST091,6,16025.06,Purchase,16,Hassan,Hassan,Android,0,1906,4552.43,8219.24,7805.82,1.95,2,0,0,0,0.007,0,1,Low
TXN104127,CUST091,7,4901.33,Purchase,9,Hassan,Hassan,Android,0,1906,16025.06,9520.21,-4618.88,0.51,4,2,0,0,0.0116,0,1,Low
TXN104128,CUST091,8,11938.95,ATM Withdrawal,21,Hassan,Hassan,Android,0,1906,4901.33,8860.37,3078.58,1.35,2,0,0,0,0.004,0,0,Low
TXN104129,CUST091,9,8976.77,Online Payment,14,Hassan,Hassan,Android,0,1906,11938.95,9245.19,-268.43,0.97,2,0,0,0,0.0091,0,1,Low
TXN104130,CUST091,10,7815.8,Transfer,9,Hyderabad,Hassan,Android,0,1906,8976.77,9215.37,-1399.57,0.85,6,0,0,1,0.0556,0,6,Low
TXN104131,CUST091,11,12644.88,Transfer,20,Hassan,Hassan,Android,0,1906,7815.8,9075.41,3569.47,1.39,1,0,0,0,0.0045,0,0,Low
TXN104132,CUST091,12,7324.41,Online Payment,6,Hassan,Hassan,Android,0,1906,12644.88,9696.13,-2371.72,0.76,1,0,1,0,0.0343,0,3,Low
TXN104133,CUST091,13,9258.34,Transfer,16,Hyderabad,Hassan,Android,0,1906,7324.41,8833.12,425.22,1.05,0,0,0,1,0.0193,0,2,Low
TXN104134,CUST091,14,2972.69,Purchase,12,Hassan,Hassan,Android,0,1906,9258.34,8839.18,-5866.49,0.34,5,0,0,0,0.0139,0,1,Low
TXN104135,CUST091,15,10197.02,Transfer,14,Hassan,Hassan,Android,0,1906,2972.69,8641.07,1555.95,1.18,3,0,0,0,0.0104,0,1,Low
TXN104136,CUST091,16,8059.09,Purchase,13,Hassan,Hassan,Android,0,1906,10197.02,9205.52,-1146.43,0.88,2,0,0,0,0.0075,0,1,Low
TXN104137,CUST091,17,5837.34,Transfer,8,Hassan,Hassan,Android,0,1906,8059.09,8408.93,-2571.59,0.69,3,0,0,0,0.0149,0,1,Low
TXN104138,CUST091,18,4723.38,Transfer,16,Hassan,Hassan,Android,0,1906,5837.34,8502.53,-3779.15,0.56,2,3,0,0,0.0077,0,1,Low
TXN104139,CUST091,19,5665.84,Purchase,16,Pune,Hassan,Android,0,1906,4723.38,7780.97,-2115.13,0.73,4,0,0,1,0.0102,0,1,Low
TXN104140,CUST091,20,7643.53,Purchase,16,Hassan,Hassan,Android,0,1906,5665.84,7449.88,193.65,1.03,1,0,0,0,0.006,0,1,Low
TXN104141,CUST091,21,7113.34,Transfer,6,Hassan,Hassan,Android,0,1906,7643.53,7432.65,-319.31,0.96,5,0,0,0,0.0137,0,1,Low
TXN104142,CUST091,22,24885.09,Bill Payment,21,Hassan,Hassan,Android,0,1906,7113.34,6879.5,18005.59,3.62,0,0,0,0,0.019,0,2,Low
TXN104143,CUST091,23,18073.38,Transfer,12,Hassan,Hassan,Android,0,1906,24885.09,8635.57,9437.81,2.09,4,0,1,0,0.0111,0,1,Low
TXN104144,CUST091,24,8838.42,Purchase,16,Hassan,Hassan,Android,0,1906,18073.38,9517.07,-678.65,0.93,4,0,0,0,0.0214,0,2,Low
TXN104145,CUST091,25,7928.55,Purchase,7,Hassan,Hassan,Android,0,1906,8838.42,10103.64,-2175.09,0.78,2,1,1,0,0.0142,0,1,Low
TXN104146,CUST091,26,6814.72,Purchase,10,Hassan,Hassan,Android,0,1906,7928.55,9876.8,-3062.08,0.69,0,0,0,0,0.0038,0,0,Low
TXN104147,CUST091,27,19334.5,Purchase,13,Hassan,Hassan,Android,0,1906,6814.72,9752.36,9582.14,1.98,1,0,0,0,0.0012,0,0,Low
TXN104148,CUST091,28,26148.22,Transfer,6,Mangalore,Hassan,Android,0,1906,19334.5,11102.08,15046.14,2.36,4,0,0,1,0.0972,0,10,Low
TXN104149,CUST091,29,10563.56,ATM Withdrawal,15,Hassan,Hassan,Android,0,1906,26148.22,13244.56,-2681.0,0.8,4,0,0,0,0.0025,0,0,Low
TXN104150,CUST091,30,32365.39,Bill Payment,21,Hyderabad,Hassan,Android,0,1906,10563.56,13734.33,18631.06,2.36,1,0,0,1,0.0183,0,2,Low
TXN104151,CUST091,31,6236.23,Transfer,18,Hassan,Hassan,Android,0,1906,32365.39,16206.52,-9970.29,0.38,1,0,0,0,0.0094,0,1,Low
TXN104152,CUST091,32,13068.24,Transfer,8,Hassan,Hassan,Android,0,1906,6236.23,16118.81,-3050.57,0.81,2,0,0,0,0.0137,0,1,Low
TXN104153,CUST091,33,11185.38,Transfer,21,Hassan,Hassan,Android,0,1906,13068.24,14937.12,-3751.74,0.75,1,0,0,0,0.0105,0,1,Low
TXN104154,CUST091,34,5112.4,Online Payment,10,Hassan,Hassan,Android,0,1906,11185.38,14248.32,-9135.92,0.36,0,0,0,0,0.0087,0,1,Low
TXN104155,CUST091,35,13183.85,Online Payment,18,Hassan,Hassan,Android,0,1906,5112.4,13875.72,-691.87,0.95,3,0,0,0,0.0037,0,0,Low
TXN104156,CUST091,36,10839.73,Purchase,20,Hassan,Hassan,Android,0,1906,13183.85,14401.25,-3561.52,0.75,0,0,0,0,0.0045,0,0,Low
TXN104157,CUST091,37,9566.56,ATM Withdrawal,13,Hassan,Hassan,Android,0,1906,10839.73,14803.75,-5237.19,0.65,1,0,0,0,0.0138,0,1,Low
TXN104158,CUST091,38,17340.2,Purchase,9,Hassan,Hassan,Android,0,1906,9566.56,13826.96,3513.25,1.25,2,0,0,0,0.0198,0,2,Low
TXN104159,CUST091,39,14588.42,Bill Payment,18,Hassan,Hassan,Android,0,1906,17340.2,12946.15,1642.26,1.13,2,0,0,0,0.0242,0,2,Low
TXN104160,CUST091,40,13691.6,Online Payment,15,Hassan,Hassan,Mac,1,1906,14588.42,13348.64,342.96,1.03,2,1,0,0,0.0283,0,3,Low
TXN104161,CUST091,41,9445.08,ATM Withdrawal,9,Hassan,Hassan,Android,0,1906,13691.6,11481.26,-2036.18,0.82,3,0,0,0,0.0068,0,1,Low
TXN104162,CUST091,42,8051.83,Online Payment,7,Hassan,Hassan,Android,0,1906,9445.08,11802.15,-3750.32,0.68,0,0,0,0,0.0038,0,0,Low
TXN104163,CUST091,43,19555.81,ATM Withdrawal,10,Hassan,Hassan,Android,0,1906,8051.83,11300.51,8255.3,1.73,3,1,0,0,0.0076,0,1,Low
TXN104164,CUST092,1,3070.47,ATM Withdrawal,21,Hyderabad,Mumbai,Android,0,2364,0.0,1168.86,1901.61,2.63,3,0,0,1,0.0428,0,4,Low
TXN104165,CUST092,2,459.55,Purchase,14,Mumbai,Mumbai,Android,0,2364,3070.47,3070.47,-2610.92,0.15,1,0,0,0,0.0297,0,3,Low
TXN104166,CUST092,3,2238.23,Transfer,19,Mumbai,Mumbai,Android,0,2364,459.55,1765.01,473.22,1.27,1,1,0,0,0.0028,0,0,Low
TXN104167,CUST092,4,149.85,Purchase,11,Mumbai,Mumbai,Mac,1,2364,2238.23,1922.75,-1772.9,0.08,2,0,0,0,0.1133,0,11,Low
TXN104168,CUST092,5,798.98,Transfer,6,Mumbai,Mumbai,Android,0,2364,149.85,1479.53,-680.55,0.54,5,0,0,0,0.0237,0,2,Low
TXN104169,CUST092,6,1418.41,ATM Withdrawal,14,Mumbai,Mumbai,Android,0,2364,798.98,1343.42,74.99,1.06,2,0,0,0,0.0192,0,2,Low
TXN104170,CUST092,7,473.48,Transfer,19,Mumbai,Mumbai,Android,0,2364,1418.41,1355.91,-882.43,0.35,0,0,0,0,0.0055,0,1,Low
TXN104171,CUST092,8,953.36,Purchase,21,Mumbai,Mumbai,Android,0,2364,473.48,1229.85,-276.49,0.78,2,0,0,0,0.0196,0,2,Low
TXN104172,CUST092,9,7699.24,Online Payment,20,Mumbai,Mumbai,Android,0,2364,953.36,1195.29,6503.95,6.44,2,0,0,0,0.0092,0,1,Low
TXN104173,CUST092,10,1673.65,Transfer,15,Mumbai,Mumbai,Android,0,2364,7699.24,1917.95,-244.31,0.87,2,0,0,0,0.0038,0,0,Low
TXN104174,CUST092,11,1403.78,Transfer,7,Mumbai,Mumbai,Android,0,2364,1673.65,1893.52,-489.74,0.74,4,0,0,0,0.0111,0,1,Low
TXN104175,CUST092,12,2193.45,Purchase,22,Mumbai,Mumbai,Android,0,2364,1403.78,1726.85,466.6,1.27,1,1,0,0,0.0053,0,1,Low
TXN104176,CUST092,13,2259.37,Bill Payment,15,Mumbai,Mumbai,Windows,1,2364,2193.45,1900.24,359.13,1.19,4,2,0,0,0.0396,0,4,Low
TXN104177,CUST092,14,449.85,Purchase,18,Mumbai,Mumbai,Android,0,2364,2259.37,1902.36,-1452.51,0.24,4,0,0,0,0.0108,0,1,Low
TXN104178,CUST092,15,1136.51,Online Payment,7,Mumbai,Mumbai,Android,0,2364,449.85,1932.36,-795.84,0.59,3,0,0,0,0.014,0,1,Low
TXN104179,CUST092,16,513.2,Purchase,18,Mumbai,Mumbai,Android,0,2364,1136.51,1966.11,-1452.91,0.26,1,0,0,0,0.0112,0,1,Low
TXN104180,CUST092,17,2109.11,Purchase,14,Chennai,Mumbai,Android,0,2364,513.2,1875.59,233.52,1.12,3,0,1,1,0.108,0,11,Low
TXN104181,CUST092,18,1585.35,Purchase,19,Mumbai,Mumbai,Android,0,2364,2109.11,2039.15,-453.8,0.78,2,0,0,0,0.036,0,4,Low
TXN104182,CUST092,19,939.39,Online Payment,11,Delhi,Mumbai,Android,0,2364,1585.35,2102.35,-1162.97,0.45,1,0,0,1,0.0187,0,2,Low
TXN104183,CUST092,20,1669.73,Transfer,11,Mumbai,Mumbai,Android,0,2364,939.39,1426.37,243.36,1.17,4,0,0,0,0.0116,0,1,Low
TXN104184,CUST092,21,890.92,ATM Withdrawal,7,Mumbai,Mumbai,Android,0,2364,1669.73,1425.97,-535.05,0.62,3,0,0,0,0.0075,0,1,Low
TXN104185,CUST092,22,399.93,ATM Withdrawal,18,Mumbai,Mumbai,Android,0,2364,890.92,1374.69,-974.75,0.29,1,0,0,0,0.0092,0,1,Low
TXN104186,CUST092,23,1228.86,ATM Withdrawal,15,Mumbai,Mumbai,Android,0,2364,399.93,1195.34,33.52,1.03,1,0,0,0,0.0159,0,2,Low
TXN104187,CUST092,24,1475.21,Transfer,6,Bangalore,Mumbai,Android,0,2364,1228.86,1092.29,382.92,1.35,3,0,0,1,0.0092,0,1,Low
TXN104188,CUST092,25,1376.56,Transfer,12,Bangalore,Mumbai,Android,0,2364,1475.21,1194.82,181.74,1.15,3,0,0,1,0.0085,0,1,Low
TXN104189,CUST092,26,899.67,Purchase,17,Mumbai,Mumbai,Mac,1,2364,1376.56,1218.83,-319.15,0.74,3,0,0,0,0.0153,0,2,Low
TXN104190,CUST092,27,2707.96,Purchase,21,Mumbai,Mumbai,Android,0,2364,899.67,1257.47,1450.49,2.15,1,0,0,0,0.0028,0,0,Low
TXN104191,CUST092,28,1308.7,Bill Payment,10,Mumbai,Mumbai,Android,0,2364,2707.96,1317.36,-8.66,0.99,1,0,0,0,0.0137,0,1,Low
TXN104192,CUST092,29,1523.43,Purchase,13,Mumbai,Mumbai,Android,0,2364,1308.7,1289.69,233.74,1.18,3,1,0,0,0.0087,0,1,Low
TXN104193,CUST092,30,2082.93,Transfer,19,Mumbai,Mumbai,Android,0,2364,1523.43,1348.1,734.83,1.55,0,1,0,0,0.0017,0,0,Low
TXN104194,CUST092,31,1224.74,Bill Payment,6,Mumbai,Mumbai,Android,0,2364,2082.93,1389.42,-164.68,0.88,3,0,0,0,0.0053,0,1,Low
TXN104195,CUST092,32,1270.86,Transfer,12,Mumbai,Mumbai,Android,0,2364,1224.74,1422.8,-151.93,0.89,1,0,0,0,0.0054,0,1,Low
TXN104196,CUST092,33,1085.04,Bill Payment,20,Bangalore,Mumbai,Mac,1,2364,1270.86,1509.89,-424.85,0.72,1,0,0,1,0.55,1,55,Medium
TXN104197,CUST092,34,2600.34,Transfer,21,Mumbai,Mumbai,Android,0,2364,1085.04,1495.51,1104.83,1.74,2,1,0,0,0.0045,0,0,Low
TXN104198,CUST092,35,967.87,Bill Payment,16,Mumbai,Mumbai,Android,0,2364,2600.34,1608.02,-640.15,0.6,1,2,0,0,0.0069,0,1,Low
TXN104199,CUST092,36,843.75,Purchase,16,Mumbai,Mumbai,Android,0,2364,967.87,1567.15,-723.4,0.54,3,0,0,0,0.0074,0,1,Low
TXN104200,CUST092,37,3445.6,Purchase,10,Mumbai,Mumbai,Android,0,2364,843.75,1561.56,1884.04,2.21,0,0,0,0,0.0223,0,2,Low
TXN104201,CUST092,38,1877.99,ATM Withdrawal,6,Mumbai,Mumbai,Android,0,2364,3445.6,1635.33,242.66,1.15,3,0,0,0,0.004,0,0,Low
TXN104202,CUST092,39,1478.49,Purchase,8,Hassan,Mumbai,Android,0,2364,1877.99,1692.26,-213.77,0.87,3,2,0,1,0.0677,0,7,Low
TXN104203,CUST092,40,3551.33,Bill Payment,8,Mumbai,Mumbai,Android,0,2364,1478.49,1687.76,1863.57,2.1,3,0,0,0,0.0131,0,1,Low
TXN104204,CUST092,41,1262.92,Purchase,17,Mumbai,Mumbai,Android,0,2364,3551.33,1834.6,-571.68,0.69,0,1,0,0,0.0031,0,0,Low
TXN104205,CUST092,42,1011.49,Bill Payment,9,Mumbai,Mumbai,Android,0,2364,1262.92,1838.42,-826.93,0.55,3,0,0,0,0.0057,0,1,Low
TXN104206,CUST092,43,3989.25,ATM Withdrawal,15,Mumbai,Mumbai,Android,0,2364,1011.49,1812.48,2176.77,2.2,3,0,0,0,0.013,0,1,Low
TXN104207,CUST092,44,983.71,Purchase,6,Mumbai,Mumbai,Android,0,2364,3989.25,2102.9,-1119.19,0.47,3,0,0,0,0.016,0,2,Low
TXN104208,CUST092,45,2042.98,ATM Withdrawal,16,Mumbai,Mumbai,Android,0,2364,983.71,1941.24,101.74,1.05,5,0,0,0,0.0072,0,1,Low
TXN104209,CUST092,46,588.49,Purchase,8,Mumbai,Mumbai,Android,0,2364,2042.98,2048.75,-1460.27,0.29,3,1,0,0,0.0318,0,3,Low
TXN104210,CUST092,47,1136.63,Purchase,20,Bangalore,Mumbai,Android,0,2364,588.49,2023.23,-886.6,0.56,1,0,0,1,0.0243,0,2,Low
TXN104211,CUST092,48,1840.89,ATM Withdrawal,15,Delhi,Mumbai,iPhone,1,2364,1136.63,1792.33,48.56,1.03,2,0,0,1,0.0889,0,9,Low
TXN104212,CUST092,49,1395.19,Transfer,19,Mumbai,Mumbai,Android,0,2364,1840.89,1788.62,-393.43,0.78,5,0,0,0,0.0191,0,2,Low
TXN104213,CUST092,50,912.2,Online Payment,18,Mumbai,Mumbai,iPhone,1,2364,1395.19,1780.29,-868.09,0.51,3,0,0,0,0.0531,0,5,Low
TXN104214,CUST092,51,1408.9,Transfer,11,Mumbai,Mumbai,Android,0,2364,912.2,1516.37,-107.48,0.93,3,0,0,0,0.0205,0,2,Low
TXN104215,CUST092,52,1687.2,Bill Payment,16,Mumbai,Mumbai,Android,0,2364,1408.9,1530.97,156.23,1.1,7,0,0,0,0.0712,0,7,Low
TXN104216,CUST092,53,3248.26,Transfer,12,Mumbai,Mumbai,Android,0,2364,1687.2,1598.54,1649.72,2.03,3,0,0,0,0.0069,0,1,Low
TXN104217,CUST092,54,1379.58,Transfer,15,Hyderabad,Mumbai,Android,0,2364,3248.26,1524.44,-144.87,0.9,0,0,0,1,0.0251,0,3,Low
TXN104218,CUST093,1,2280.17,Purchase,14,Delhi,Mangalore,iPhone,0,1485,0.0,5654.56,-3374.4,0.4,1,0,0,1,0.0266,0,3,Low
TXN104219,CUST093,2,5727.61,Online Payment,22,Mangalore,Mangalore,iPhone,0,1485,2280.17,2280.17,3447.44,2.51,2,0,0,0,0.0131,0,1,Low
TXN104220,CUST093,3,7090.39,Purchase,17,Mangalore,Mangalore,iPhone,0,1485,5727.61,4003.89,3086.5,1.77,7,0,0,0,0.0096,0,1,Low
TXN104221,CUST093,4,4613.57,Transfer,15,Hassan,Mangalore,iPhone,0,1485,7090.39,5032.72,-419.15,0.92,2,0,0,1,0.0246,0,2,Low
TXN104222,CUST093,5,4825.82,Purchase,13,Mangalore,Mangalore,iPhone,0,1485,4613.57,4927.93,-102.12,0.98,1,0,0,0,0.0018,0,0,Low
TXN104223,CUST093,6,11070.39,Purchase,22,Mangalore,Mangalore,iPhone,0,1485,4825.82,4907.51,6162.88,2.26,2,0,0,0,0.0327,0,3,Low
TXN104224,CUST093,7,11553.05,Bill Payment,13,Mangalore,Mangalore,iPhone,0,1485,11070.39,5934.66,5618.39,1.95,0,1,0,0,0.0116,0,1,Low
TXN104225,CUST093,8,10463.59,ATM Withdrawal,7,Mangalore,Mangalore,iPhone,0,1485,11553.05,6737.28,3726.31,1.55,1,0,0,0,0.0054,0,1,Low
TXN104226,CUST093,9,5992.42,Transfer,16,Mangalore,Mangalore,iPhone,0,1485,10463.59,7203.07,-1210.65,0.83,3,0,0,0,0.0151,0,2,Low
TXN104227,CUST093,10,3264.47,Purchase,11,Mangalore,Mangalore,iPhone,0,1485,5992.42,7068.56,-3804.09,0.46,3,0,0,0,0.0088,0,1,Low
TXN104228,CUST093,11,14362.86,Online Payment,8,Mangalore,Mangalore,iPhone,0,1485,3264.47,6688.15,7674.71,2.15,2,0,0,0,0.0146,0,1,Low
TXN104229,CUST093,12,6886.06,Bill Payment,7,Mangalore,Mangalore,iPhone,0,1485,14362.86,7896.42,-1010.36,0.87,3,0,0,0,0.0048,0,0,Low
TXN104230,CUST093,13,9597.84,Transfer,6,Mangalore,Mangalore,iPhone,0,1485,6886.06,8012.26,1585.57,1.2,3,0,0,0,0.0137,0,1,Low
TXN104231,CUST093,14,3876.81,Transfer,17,Mangalore,Mangalore,iPhone,0,1485,9597.84,8263.01,-4386.19,0.47,2,0,0,0,0.0139,0,1,Low
TXN104232,CUST093,15,3101.02,Transfer,16,Mangalore,Mangalore,iPhone,0,1485,3876.81,8189.33,-5088.31,0.38,2,1,0,0,0.0158,0,2,Low
TXN104233,CUST093,16,7887.37,Purchase,9,Mangalore,Mangalore,iPhone,0,1485,3101.02,8016.85,-129.48,0.98,1,0,0,0,0.0067,0,1,Low
TXN104234,CUST093,17,3117.03,Transfer,14,Mangalore,Mangalore,iPhone,0,1485,7887.37,7698.55,-4581.52,0.4,1,1,1,0,0.0322,0,3,Low
TXN104235,CUST093,18,17530.03,Purchase,10,Mangalore,Mangalore,iPhone,0,1485,3117.03,6854.95,10675.08,2.56,0,0,0,0,0.55,1,55,Medium
TXN104236,CUST093,19,13429.27,Online Payment,9,Mangalore,Mangalore,iPhone,0,1485,17530.03,7561.59,5867.68,1.78,3,1,0,0,0.011,0,1,Low
TXN104237,CUST093,20,3971.23,ATM Withdrawal,9,Mangalore,Mangalore,iPhone,0,1485,13429.27,8305.27,-4334.05,0.48,3,0,0,0,0.0174,0,2,Low
TXN104238,CUST093,21,4532.77,Bill Payment,16,Mangalore,Mangalore,iPhone,0,1485,3971.23,8375.95,-3843.18,0.54,2,0,0,0,0.0104,0,1,Low
TXN104239,CUST093,22,2986.09,Purchase,19,Mangalore,Mangalore,iPhone,0,1485,4532.77,7392.94,-4406.85,0.4,1,0,0,0,0.0105,0,1,Low
TXN104240,CUST093,23,8242.29,ATM Withdrawal,10,Mangalore,Mangalore,iPhone,0,1485,2986.09,7002.95,1239.35,1.18,1,0,0,0,0.0098,0,1,Low
TXN104241,CUST093,24,10482.56,Online Payment,7,Mangalore,Mangalore,iPhone,0,1485,8242.29,6867.39,3615.17,1.53,1,2,0,0,0.0126,0,1,Low
TXN104242,CUST093,25,10072.4,Bill Payment,15,Mumbai,Mangalore,iPhone,0,1485,10482.56,7527.97,2544.44,1.34,0,0,0,1,0.0067,0,1,Low
TXN104243,CUST093,26,2155.54,Bill Payment,15,Mangalore,Mangalore,iPhone,0,1485,10072.4,8225.1,-6069.56,0.26,2,0,0,0,0.0053,0,1,Low
TXN104244,CUST093,27,8832.71,Transfer,9,Hyderabad,Mangalore,iPhone,0,1485,2155.54,7651.92,1180.79,1.15,3,0,0,1,0.0091,0,1,Low
TXN104245,CUST093,28,3340.23,Transfer,12,Mangalore,Mangalore,iPhone,0,1485,8832.71,8223.49,-4883.26,0.41,2,0,0,0,0.0137,0,1,Low
TXN104246,CUST093,29,4354.31,Purchase,13,Mangalore,Mangalore,iPhone,0,1485,3340.23,6804.51,-2450.2,0.64,2,2,0,0,0.0274,0,3,Low
TXN104247,CUST093,30,4345.64,ATM Withdrawal,21,Mangalore,Mangalore,iPhone,0,1485,4354.31,5897.01,-1551.38,0.74,2,2,0,0,0.0034,0,0,Low
TXN104248,CUST093,31,9957.59,ATM Withdrawal,17,Hassan,Mangalore,iPhone,0,1485,4345.64,5934.45,4023.13,1.68,5,0,0,1,0.0238,0,2,Low
TXN104249,CUST093,32,10329.03,Bill Payment,16,Mangalore,Mangalore,iPhone,0,1485,9957.59,6476.94,3852.09,1.59,3,1,0,0,0.0052,0,1,Low
TXN104250,CUST093,33,16402.62,Bill Payment,16,Mangalore,Mangalore,iPhone,0,1485,10329.03,7211.23,9191.39,2.27,0,0,0,0,0.0323,0,3,Low
TXN104251,CUST093,34,2937.89,Online Payment,19,Mysore,Mangalore,iPhone,0,1485,16402.62,8027.26,-5089.37,0.37,3,0,0,1,0.0127,0,1,Low
TXN104252,CUST093,35,4751.31,Purchase,8,Mangalore,Mangalore,iPhone,0,1485,2937.89,7272.8,-2521.49,0.65,4,0,0,0,0.0026,0,0,Low
TXN104253,CUST093,36,17598.81,Bill Payment,20,Mangalore,Mangalore,iPhone,0,1485,4751.31,6740.69,10858.12,2.61,3,0,0,0,0.0164,0,2,Low
TXN104254,CUST093,37,11044.8,ATM Withdrawal,6,Mangalore,Mangalore,iPhone,0,1485,17598.81,8285.01,2759.79,1.33,3,0,0,0,0.0111,0,1,Low
TXN104255,CUST093,38,17497.46,Purchase,14,Mangalore,Mangalore,iPhone,0,1485,11044.8,8506.22,8991.24,2.06,3,1,0,0,0.0059,0,1,Low
TXN104256,CUST093,39,3663.17,Transfer,14,Mangalore,Mangalore,iPhone,0,1485,17497.46,9921.94,-6258.78,0.37,2,0,0,0,0.0518,0,5,Low
TXN104257,CUST093,40,6300.36,Online Payment,14,Mangalore,Mangalore,iPhone,0,1485,3663.17,9852.83,-3552.47,0.64,2,2,0,0,0.0728,0,7,Low
TXN104258,CUST093,41,5542.29,Purchase,12,Mangalore,Mangalore,iPhone,0,1485,6300.36,10048.3,-4506.01,0.55,2,0,0,0,0.0077,0,1,Low
TXN104259,CUST093,42,916.71,Purchase,18,Mangalore,Mangalore,iPhone,0,1485,5542.29,9606.77,-8690.06,0.1,2,0,0,0,0.0071,0,1,Low
TXN104260,CUST093,43,10419.15,Bill Payment,9,Mangalore,Mangalore,iPhone,0,1485,916.71,8665.54,1753.61,1.2,1,0,0,0,0.015,0,2,Low
TXN104261,CUST093,44,5008.68,Transfer,11,Mangalore,Mangalore,iPhone,0,1485,10419.15,8067.2,-3058.52,0.62,6,0,0,0,0.0054,0,1,Low
TXN104262,CUST093,45,5584.33,Purchase,6,Chennai,Mangalore,iPhone,0,1485,5008.68,8274.27,-2689.94,0.67,4,0,0,1,0.0311,0,3,Low
TXN104263,CUST093,46,11060.75,Transfer,18,Mangalore,Mangalore,Android,1,1485,5584.33,8357.58,2703.17,1.32,3,0,0,0,0.0266,0,3,Low
TXN104264,CUST093,47,6905.04,Transfer,12,Mangalore,Mangalore,iPhone,0,1485,11060.75,7703.77,-798.73,0.9,2,0,0,0,0.0244,0,2,Low
TXN104265,CUST093,48,4986.01,Online Payment,9,Mangalore,Mangalore,iPhone,0,1485,6905.04,7289.8,-2303.79,0.68,3,0,0,0,0.0021,0,0,Low
TXN104266,CUST093,49,7128.26,Purchase,12,Mangalore,Mangalore,iPhone,0,1485,4986.01,6038.65,1089.61,1.18,0,0,0,0,0.0088,0,1,Low
TXN104267,CUST093,50,8851.22,Transfer,18,Mumbai,Mangalore,iPhone,0,1485,7128.26,6385.16,2466.06,1.39,0,0,0,1,0.019,0,2,Low
TXN104268,CUST093,51,7375.51,Online Payment,18,Mangalore,Mangalore,iPhone,0,1485,8851.22,6640.24,735.27,1.11,1,2,0,0,0.022,0,2,Low
TXN104269,CUST093,52,2515.35,Transfer,16,Mangalore,Mangalore,iPhone,0,1485,7375.51,6823.57,-4308.22,0.37,1,0,0,0,0.0201,0,2,Low
TXN104270,CUST093,53,5402.04,Online Payment,21,Mangalore,Mangalore,Mac,1,1485,2515.35,6983.43,-1581.39,0.77,5,0,0,0,0.0304,0,3,Low
TXN104271,CUST093,54,4698.52,Purchase,13,Mangalore,Mangalore,Windows,1,1485,5402.04,6481.72,-1783.2,0.72,5,0,0,0,0.0306,0,3,Low
TXN104272,CUST093,55,4012.7,Purchase,19,Mangalore,Mangalore,iPhone,0,1485,4698.52,6450.7,-2438.0,0.62,0,0,0,0,0.0042,0,0,Low
TXN104273,CUST093,56,5158.84,Transfer,20,Mangalore,Mangalore,iPhone,0,1485,4012.7,6293.54,-1134.7,0.82,7,0,0,0,0.0746,0,7,Low
TXN104274,CUST094,1,2426.25,Online Payment,21,Mumbai,Mumbai,Mac,0,2174,0.0,1692.01,734.24,1.43,4,0,0,0,0.0022,0,0,Low
TXN104275,CUST094,2,1525.35,ATM Withdrawal,16,Mumbai,Mumbai,Mac,0,2174,2426.25,2426.25,-900.9,0.63,1,0,0,0,0.0087,0,1,Low
TXN104276,CUST094,3,2331.39,Purchase,6,Mumbai,Mumbai,Mac,0,2174,1525.35,1975.8,355.59,1.18,2,0,0,0,0.0081,0,1,Low
TXN104277,CUST094,4,3259.47,ATM Withdrawal,21,Mumbai,Mumbai,Mac,0,2174,2331.39,2094.33,1165.14,1.56,0,0,0,0,0.0312,0,3,Low
TXN104278,CUST094,5,2054.55,Transfer,14,Mumbai,Mumbai,Mac,0,2174,3259.47,2385.62,-331.06,0.86,3,0,0,0,0.0108,0,1,Low
TXN104279,CUST094,6,3126.93,Purchase,6,Mumbai,Mumbai,Mac,0,2174,2054.55,2319.4,807.53,1.35,1,0,0,0,0.0026,0,0,Low
TXN104280,CUST094,7,5410.19,Purchase,22,Mumbai,Mumbai,Mac,0,2174,3126.93,2453.99,2956.2,2.2,2,0,0,0,0.55,1,55,Medium
TXN104281,CUST094,8,2502.97,Purchase,20,Mumbai,Mumbai,Mac,0,2174,5410.19,2876.31,-373.34,0.87,2,0,0,0,0.0101,0,1,Low
TXN104282,CUST094,9,2345.04,Bill Payment,11,Mumbai,Mumbai,Mac,0,2174,2502.97,2829.64,-484.6,0.83,4,0,0,0,0.0072,0,1,Low
TXN104283,CUST094,10,784.77,Purchase,10,Mumbai,Mumbai,Mac,0,2174,2345.04,2775.79,-1991.02,0.28,1,0,0,0,0.005,0,0,Low
TXN104284,CUST094,11,1488.12,Transfer,13,Mumbai,Mumbai,Mac,0,2174,784.77,2576.69,-1088.57,0.58,4,0,0,0,0.0041,0,0,Low
TXN104285,CUST094,12,1472.63,Transfer,11,Mumbai,Mumbai,Mac,0,2174,1488.12,2482.88,-1010.25,0.59,6,0,0,0,0.0173,0,2,Low
TXN104286,CUST094,13,4534.11,Transfer,10,Mumbai,Mumbai,Mac,0,2174,1472.63,2477.61,2056.5,1.83,2,0,0,0,0.0088,0,1,Low
TXN104287,CUST094,14,3937.73,Purchase,20,Mumbai,Mumbai,Mac,0,2174,4534.11,2697.88,1239.85,1.46,1,0,0,0,0.007,0,1,Low
TXN104288,CUST094,15,790.46,ATM Withdrawal,10,Mumbai,Mumbai,Mac,0,2174,3937.73,2765.7,-1975.24,0.29,1,0,0,0,0.0076,0,1,Low
TXN104289,CUST094,16,1657.65,Purchase,21,Delhi,Mumbai,Android,1,2174,790.46,2639.29,-981.64,0.63,2,1,0,1,0.0413,0,4,Low
TXN104290,CUST094,17,1552.49,Transfer,10,Mumbai,Mumbai,Mac,0,2174,1657.65,2492.37,-939.88,0.62,2,0,0,0,0.0066,0,1,Low
TXN104291,CUST094,18,1682.31,Bill Payment,18,Mumbai,Mumbai,Mac,0,2174,1552.49,2106.6,-424.29,0.8,1,0,0,0,0.0046,0,0,Low
TXN104292,CUST094,19,1374.99,Transfer,16,Mumbai,Mumbai,Mac,0,2174,1682.31,2024.53,-649.54,0.68,0,0,0,0,0.0081,0,1,Low
TXN104293,CUST094,20,2734.12,Bill Payment,8,Mumbai,Mumbai,Mac,0,2174,1374.99,1927.53,806.6,1.42,2,1,0,0,0.0219,0,2,Low
TXN104294,CUST094,21,495.82,Purchase,14,Delhi,Mumbai,Mac,0,2174,2734.12,2122.46,-1626.64,0.23,1,0,1,1,0.1092,0,11,Low
TXN104295,CUST094,22,514.42,Purchase,19,Hyderabad,Mumbai,Mac,0,2174,495.82,2023.23,-1508.81,0.25,1,1,0,1,0.0268,0,3,Low
TXN104296,CUST094,23,1560.25,Purchase,10,Mumbai,Mumbai,Mac,0,2174,514.42,1927.41,-367.17,0.81,0,0,0,0,0.0039,0,0,Low
TXN104297,CUST094,24,1256.5,Transfer,6,Mumbai,Mumbai,Mac,0,2174,1560.25,1630.02,-373.52,0.77,1,0,0,0,0.0067,0,1,Low
TXN104298,CUST094,25,1333.74,Transfer,9,Mumbai,Mumbai,Mac,0,2174,1256.5,1361.9,-28.17,0.98,4,0,0,0,0.0066,0,1,Low
TXN104299,CUST094,26,926.39,Purchase,15,Mumbai,Mumbai,Mac,0,2174,1333.74,1416.23,-489.84,0.65,1,1,0,0,0.0043,0,0,Low
TXN104300,CUST094,27,1016.74,ATM Withdrawal,15,Mumbai,Mumbai,Mac,0,2174,926.39,1343.1,-326.37,0.76,2,2,0,0,0.0216,0,2,Low
TXN104301,CUST094,28,2241.1,Purchase,16,Mumbai,Mumbai,Mac,0,2174,1016.74,1289.53,951.57,1.74,0,0,0,0,0.0101,0,1,Low
TXN104302,CUST094,29,4823.52,Purchase,9,Mumbai,Mumbai,Mac,0,2174,2241.1,1345.41,3478.12,3.59,0,0,0,0,0.0463,0,5,Low
TXN104303,CUST094,30,1939.18,Purchase,10,Mumbai,Mumbai,Mac,0,2174,4823.52,1690.26,248.92,1.15,5,0,0,0,0.0134,0,1,Low
TXN104304,CUST094,31,1373.8,Bill Payment,13,Mumbai,Mumbai,Mac,0,2174,1939.18,1610.77,-236.97,0.85,2,0,0,0,0.0072,0,1,Low
TXN104305,CUST094,32,2787.48,Bill Payment,9,Mumbai,Mumbai,Mac,0,2174,1373.8,1698.56,1088.92,1.64,3,0,0,0,0.026,0,3,Low
TXN104306,CUST094,33,1403.65,Bill Payment,20,Mumbai,Mumbai,Mac,0,2174,2787.48,1925.87,-522.22,0.73,3,0,0,0,0.0179,0,2,Low
TXN104307,CUST094,34,2065.03,ATM Withdrawal,21,Mumbai,Mumbai,Mac,0,2174,1403.65,1910.21,154.82,1.08,1,0,0,0,0.0056,0,1,Low
TXN104308,CUST094,35,2236.76,Purchase,20,Chennai,Mumbai,Mac,0,2174,2065.03,1991.06,245.7,1.12,5,0,0,1,0.1118,0,11,Low
TXN104309,CUST094,36,1264.73,Bill Payment,10,Mumbai,Mumbai,Mac,0,2174,2236.76,2081.36,-816.63,0.61,1,0,0,0,0.0022,0,0,Low
TXN104310,CUST094,37,2445.43,Purchase,7,Mumbai,Mumbai,Mac,0,2174,1264.73,2115.2,330.24,1.16,1,0,0,0,0.0024,0,0,Low
TXN104311,CUST094,38,919.72,Purchase,6,Mumbai,Mumbai,Mac,0,2174,2445.43,2258.07,-1338.35,0.41,4,0,0,0,0.0058,0,1,Low
TXN104312,CUST094,39,3286.15,Transfer,22,Delhi,Mumbai,Mac,0,2174,919.72,2125.93,1160.22,1.55,1,0,0,1,0.039,0,4,Low
TXN104313,CUST094,40,5235.24,Purchase,8,Mumbai,Mumbai,Mac,0,2174,3286.15,1972.19,3263.05,2.65,3,0,0,0,0.0227,0,2,Low
TXN104314,CUST094,41,5222.78,Purchase,22,Mumbai,Mumbai,Mac,0,2174,5235.24,2301.8,2920.99,2.27,1,1,0,0,0.0245,0,2,Low
TXN104315,CUST094,42,751.45,Purchase,18,Mumbai,Mumbai,Mac,0,2174,5222.78,2686.7,-1935.25,0.28,1,1,0,0,0.0035,0,0,Low
TXN104316,CUST095,1,13685.53,Bill Payment,20,Chennai,Mangalore,Android,0,1518,0.0,3477.2,10208.33,3.94,1,0,0,1,0.0266,0,3,Low
TXN104317,CUST095,2,4157.99,Purchase,6,Mangalore,Mangalore,Mac,1,1518,13685.53,13685.53,-9527.54,0.3,1,0,0,0,0.025,0,3,Low
TXN104318,CUST095,3,5694.05,Purchase,10,Mangalore,Mangalore,iPhone,1,1518,4157.99,8921.76,-3227.71,0.64,3,2,0,0,0.069,0,7,Low
TXN104319,CUST095,4,2133.57,Online Payment,18,Mangalore,Mangalore,Android,0,1518,5694.05,7845.86,-5712.29,0.27,3,0,0,0,0.0169,0,2,Low
TXN104320,CUST095,5,3034.16,Purchase,6,Mangalore,Mangalore,Android,0,1518,2133.57,6417.78,-3383.63,0.47,1,0,0,0,0.0149,0,1,Low
TXN104321,CUST095,6,2948.12,Purchase,6,Hassan,Mangalore,Android,0,1518,3034.16,5741.06,-2792.94,0.51,3,0,0,1,0.0319,0,3,Low
TXN104322,CUST095,7,12844.58,Bill Payment,21,Mangalore,Mangalore,Android,0,1518,2948.12,5275.57,7569.01,2.43,8,1,0,0,0.0684,0,7,Low
TXN104323,CUST095,8,4623.96,Purchase,14,Mangalore,Mangalore,Android,0,1518,12844.58,6356.86,-1732.9,0.73,3,0,1,0,0.0279,0,3,Low
TXN104324,CUST095,9,6472.6,Transfer,10,Bangalore,Mangalore,Android,0,1518,4623.96,6140.24,332.36,1.05,2,0,0,1,0.0068,0,1,Low
TXN104325,CUST095,10,3887.75,Bill Payment,17,Mangalore,Mangalore,Android,0,1518,6472.6,6177.17,-2289.42,0.63,2,0,0,0,0.0064,0,1,Low
TXN104326,CUST095,11,2833.33,Transfer,8,Mangalore,Mangalore,Android,0,1518,3887.75,5948.23,-3114.9,0.48,3,0,0,0,0.0048,0,0,Low
TXN104327,CUST095,12,1432.71,Bill Payment,22,Mangalore,Mangalore,Android,0,1518,2833.33,4863.01,-3430.3,0.29,2,0,0,0,0.0052,0,1,Low
TXN104328,CUST095,13,4739.32,Transfer,17,Mangalore,Mangalore,Android,0,1518,1432.71,4590.48,148.83,1.03,3,0,0,0,0.009,0,1,Low
TXN104329,CUST095,14,2774.82,Purchase,13,Mangalore,Mangalore,iPhone,1,1518,4739.32,4495.01,-1720.19,0.62,3,2,0,0,0.1275,0,13,Low
TXN104330,CUST095,15,4529.88,Purchase,12,Mangalore,Mangalore,Android,0,1518,2774.82,4559.13,-29.26,0.99,2,0,0,0,0.006,0,1,Low
TXN104331,CUST095,16,2024.62,ATM Withdrawal,20,Mangalore,Mangalore,Android,0,1518,4529.88,4708.71,-2684.08,0.43,3,0,0,0,0.0048,0,0,Low
TXN104332,CUST095,17,3383.23,Bill Payment,9,Mangalore,Mangalore,Android,0,1518,2024.62,4616.36,-1233.13,0.73,3,0,0,0,0.0075,0,1,Low
TXN104333,CUST095,18,3305.38,Purchase,8,Mangalore,Mangalore,Android,0,1518,3383.23,3670.22,-364.84,0.9,0,1,0,0,0.025,0,3,Low
TXN104334,CUST095,19,4358.03,Online Payment,20,Pune,Mangalore,Android,0,1518,3305.38,3538.36,819.67,1.23,3,0,0,1,0.0145,0,1,Low
TXN104335,CUST095,20,3503.63,Bill Payment,17,Mangalore,Mangalore,Android,0,1518,4358.03,3326.91,176.73,1.05,1,0,0,0,0.0042,0,0,Low
TXN104336,CUST095,21,4085.44,Bill Payment,22,Mangalore,Mangalore,Android,0,1518,3503.63,3288.5,796.95,1.24,0,0,0,0,0.0032,0,0,Low
TXN104337,CUST095,22,8671.66,Purchase,9,Mangalore,Mangalore,Android,0,1518,4085.44,3413.71,5257.95,2.54,5,0,0,0,0.0789,0,8,Low
TXN104338,CUST095,23,4287.37,Transfer,22,Pune,Mangalore,Android,0,1518,8671.66,4137.6,149.77,1.04,2,1,0,1,0.013,0,1,Low
TXN104339,CUST095,24,1821.25,Purchase,0,Mangalore,Mangalore,Android,0,1518,4287.37,4092.41,-2271.16,0.45,7,0,0,0,0.55,1,55,Medium
TXN104340,CUST095,25,6442.35,ATM Withdrawal,8,Mangalore,Mangalore,Android,0,1518,1821.25,3997.05,2445.3,1.61,1,0,0,0,0.0277,0,3,Low
TXN104341,CUST095,26,3260.02,Purchase,9,Mangalore,Mangalore,Android,0,1518,6442.35,4188.3,-928.28,0.78,2,0,0,0,0.0082,0,1,Low
TXN104342,CUST095,27,2131.9,Transfer,16,Mangalore,Mangalore,Android,0,1518,3260.02,4311.84,-2179.94,0.49,0,1,0,0,0.0082,0,1,Low
TXN104343,CUST095,28,859.4,Online Payment,9,Mangalore,Mangalore,Android,0,1518,2131.9,4186.7,-3327.31,0.21,5,0,0,0,0.0778,0,8,Low
TXN104344,CUST095,29,1809.98,Transfer,14,Mangalore,Mangalore,Android,0,1518,859.4,3942.11,-2132.13,0.46,1,0,0,0,0.0117,0,1,Low
TXN104345,CUST095,30,1508.4,Bill Payment,17,Mangalore,Mangalore,Android,0,1518,1809.98,3687.3,-2178.9,0.41,2,1,0,0,0.0212,0,2,Low
TXN104346,CUST095,31,2616.12,Transfer,21,Delhi,Mangalore,Android,0,1518,1508.4,3487.78,-871.66,0.75,1,0,0,1,0.0094,0,1,Low
TXN104347,CUST095,32,3007.29,Purchase,13,Mangalore,Mangalore,Android,0,1518,2616.12,3340.84,-333.55,0.9,1,0,0,0,0.0045,0,0,Low
TXN104348,CUST095,33,1377.91,Transfer,19,Bangalore,Mangalore,Android,0,1518,3007.29,2774.41,-1396.5,0.5,3,0,0,1,0.0324,0,3,Low
TXN104349,CUST095,34,5646.6,Purchase,14,Mangalore,Mangalore,Android,0,1518,1377.91,2483.46,3163.14,2.27,1,0,0,0,0.0341,0,3,Low
TXN104350,CUST095,35,3130.85,Transfer,6,Mangalore,Mangalore,Android,0,1518,5646.6,2866.0,264.85,1.09,2,0,0,0,0.0201,0,2,Low
TXN104351,CUST095,36,6378.6,Transfer,11,Mangalore,Mangalore,Android,0,1518,3130.85,2534.85,3843.75,2.52,3,0,0,0,0.013,0,1,Low
TXN104352,CUST095,37,3073.71,Purchase,10,Mangalore,Mangalore,Android,0,1518,6378.6,2846.7,227.01,1.08,3,0,0,0,0.0115,0,1,Low
TXN104353,CUST095,38,7179.48,Online Payment,10,Mangalore,Mangalore,Android,0,1518,3073.71,2940.89,4238.59,2.44,1,0,0,0,0.0289,0,3,Low
TXN104354,CUST095,39,3542.35,Purchase,12,Mangalore,Mangalore,Android,0,1518,7179.48,3572.89,-30.54,0.99,2,1,0,0,0.0194,0,2,Low
TXN104355,CUST095,40,3286.3,Bill Payment,22,Mangalore,Mangalore,Android,0,1518,3542.35,3746.13,-459.83,0.88,3,0,0,0,0.009,0,1,Low
TXN104356,CUST095,41,8178.27,Purchase,22,Mangalore,Mangalore,Android,0,1518,3286.3,3923.92,4254.35,2.08,3,0,0,0,0.0076,0,1,Low
TXN104357,CUST095,42,16354.83,Transfer,15,Mangalore,Mangalore,Android,0,1518,8178.27,4480.14,11874.7,3.65,3,0,0,0,0.55,1,55,Medium
TXN104358,CUST095,43,1194.16,Online Payment,22,Mangalore,Mangalore,Android,0,1518,16354.83,5814.89,-4620.73,0.21,2,0,0,0,0.0024,0,0,Low
TXN104359,CUST095,44,5913.15,Purchase,9,Mangalore,Mangalore,Android,0,1518,1194.16,5796.52,116.63,1.02,1,1,0,0,0.0065,0,1,Low
TXN104360,CUST095,45,4009.14,Transfer,15,Mangalore,Mangalore,Android,0,1518,5913.15,5823.17,-1814.03,0.69,3,0,0,0,0.0059,0,1,Low
TXN104361,CUST095,46,3711.39,Purchase,14,Mangalore,Mangalore,Mac,1,1518,4009.14,5911.0,-2199.61,0.63,2,0,1,0,0.0315,0,3,Low
TXN104362,CUST095,47,786.85,Bill Payment,10,Mangalore,Mangalore,Android,0,1518,3711.39,5644.28,-4857.43,0.14,3,2,0,0,0.0192,0,2,Low
TXN104363,CUST095,48,4853.82,Bill Payment,14,Mangalore,Mangalore,Android,0,1518,786.85,5415.59,-561.77,0.9,0,0,0,0,0.0044,0,0,Low
TXN104364,CUST095,49,4036.02,Purchase,20,Mangalore,Mangalore,Android,0,1518,4853.82,5183.03,-1147.0,0.78,3,2,0,0,0.025,0,2,Low
TXN104365,CUST095,50,4967.0,Bill Payment,11,Mangalore,Mangalore,Android,0,1518,4036.02,5232.39,-265.39,0.95,1,0,0,0,0.008,0,1,Low
TXN104366,CUST095,51,3084.7,Transfer,14,Mangalore,Mangalore,Android,0,1518,4967.0,5400.46,-2315.76,0.57,2,0,0,0,0.0138,0,1,Low
TXN104367,CUST095,52,1319.35,Purchase,20,Mangalore,Mangalore,Android,0,1518,3084.7,4891.11,-3571.75,0.27,1,0,0,0,0.0084,0,1,Low
TXN104368,CUST095,53,2982.49,Purchase,15,Mangalore,Mangalore,Android,0,1518,1319.35,3387.56,-405.07,0.88,3,0,0,0,0.0073,0,1,Low
TXN104369,CUST095,54,3083.54,Purchase,13,Mangalore,Mangalore,iPhone,1,1518,2982.49,3566.39,-482.86,0.86,1,0,0,0,0.0194,0,2,Low
TXN104370,CUST095,55,2347.35,Transfer,9,Mangalore,Mangalore,Android,0,1518,3083.54,3283.43,-936.08,0.71,1,0,0,0,0.0131,0,1,Low
TXN104371,CUST095,56,3506.58,Purchase,22,Mangalore,Mangalore,Android,0,1518,2347.35,3117.25,389.33,1.12,1,2,0,0,0.0326,0,3,Low
TXN104372,CUST095,57,3469.83,Purchase,9,Mangalore,Mangalore,Android,0,1518,3506.58,3096.77,373.06,1.12,0,0,0,0,0.0017,0,0,Low
TXN104373,CUST096,1,2990.32,Purchase,12,Delhi,Mysore,iPhone,0,495,0.0,7472.73,-4482.4,0.4,3,0,0,1,0.0279,0,3,Low
TXN104374,CUST096,2,8298.78,ATM Withdrawal,6,Mysore,Mysore,iPhone,0,495,2990.32,2990.32,5308.45,2.78,2,0,0,0,0.0123,0,1,Low
TXN104375,CUST096,3,6696.52,Online Payment,18,Mysore,Mysore,iPhone,0,495,8298.78,5644.55,1051.97,1.19,1,2,0,0,0.0155,0,2,Low
TXN104376,CUST096,4,3146.48,ATM Withdrawal,20,Mysore,Mysore,iPhone,0,495,6696.52,5995.21,-2848.73,0.52,0,0,0,0,0.0065,0,1,Low
TXN104377,CUST096,5,7736.76,ATM Withdrawal,19,Mysore,Mysore,iPhone,0,495,3146.48,5283.03,2453.73,1.46,0,0,0,0,0.0058,0,1,Low
TXN104378,CUST096,6,8670.48,Purchase,21,Mysore,Mysore,Android,1,495,7736.76,5773.77,2896.71,1.5,3,0,0,0,0.0419,0,4,Low
TXN104379,CUST096,7,13964.99,ATM Withdrawal,9,Mysore,Mysore,Windows,1,495,8670.48,6256.56,7708.43,2.23,2,0,0,0,0.0399,0,4,Low
TXN104380,CUST096,8,6022.85,Transfer,19,Mysore,Mysore,iPhone,0,495,13964.99,7357.76,-1334.92,0.82,2,0,0,0,0.0076,0,1,Low
TXN104381,CUST096,9,9366.02,Purchase,9,Mysore,Mysore,iPhone,0,495,6022.85,7190.9,2175.12,1.3,2,1,0,0,0.0025,0,0,Low
TXN104382,CUST096,10,5750.1,Purchase,8,Mysore,Mysore,iPhone,0,495,9366.02,7432.58,-1682.48,0.77,5,0,0,0,0.0053,0,1,Low
TXN104383,CUST096,11,3506.49,Purchase,8,Mysore,Mysore,iPhone,0,495,5750.1,7264.33,-3757.83,0.48,2,0,0,0,0.0024,0,0,Low
TXN104384,CUST096,12,3085.99,Transfer,14,Mysore,Mysore,Android,1,495,3506.49,7315.95,-4229.96,0.42,2,0,0,0,0.0162,0,2,Low
TXN104385,CUST096,13,14071.02,Transfer,17,Mysore,Mysore,iPhone,0,495,3085.99,6794.67,7276.36,2.07,3,0,0,0,0.0044,0,0,Low
TXN104386,CUST096,14,21269.18,Bill Payment,14,Bangalore,Mysore,iPhone,0,495,14071.02,7532.12,13737.06,2.82,3,0,0,1,0.0541,0,5,Low
TXN104387,CUST096,15,10034.88,Online Payment,12,Mysore,Mysore,iPhone,0,495,21269.18,9344.39,690.49,1.07,3,0,0,0,0.0065,0,1,Low
TXN104388,CUST096,16,8105.58,Bill Payment,11,Mysore,Mysore,iPhone,0,495,10034.88,9574.2,-1468.62,0.85,3,0,0,0,0.0072,0,1,Low
TXN104389,CUST096,17,8253.84,Transfer,12,Mysore,Mysore,Mac,1,495,8105.58,9517.71,-1263.87,0.87,1,0,0,0,0.0598,0,6,Low
TXN104390,CUST096,18,3503.42,Online Payment,19,Mysore,Mysore,iPhone,0,495,8253.84,8946.59,-5443.17,0.39,2,1,0,0,0.0076,0,1,Low
TXN104391,CUST096,19,45272.19,Bill Payment,6,Mysore,Mysore,iPhone,0,495,3503.42,8694.65,36577.54,5.21,2,0,0,0,0.124,0,12,Low
TXN104392,CUST096,20,15817.09,Purchase,8,Mysore,Mysore,Mac,1,495,45272.19,12285.27,3531.82,1.29,4,1,0,0,0.0444,0,4,Low
TXN104393,CUST096,21,10662.33,ATM Withdrawal,6,Mysore,Mysore,iPhone,0,495,15817.09,13291.97,-2629.64,0.8,4,1,0,0,0.0104,0,1,Low
TXN104394,CUST096,22,12300.07,Transfer,7,Mysore,Mysore,Windows,1,495,10662.33,14007.55,-1707.48,0.88,5,2,0,0,0.1059,0,11,Low
TXN104395,CUST096,23,7679.58,ATM Withdrawal,7,Mysore,Mysore,iPhone,0,495,12300.07,14928.96,-7249.37,0.51,2,0,0,0,0.0046,0,0,Low
TXN104396,CUST096,24,4022.9,Online Payment,21,Mysore,Mysore,iPhone,0,495,7679.58,14289.82,-10266.92,0.28,2,0,0,0,0.0069,0,1,Low
TXN104397,CUST096,25,18961.92,Transfer,20,Mysore,Mysore,iPhone,0,495,4022.9,12565.19,6396.73,1.51,2,0,0,0,0.0178,0,2,Low
TXN104398,CUST096,26,10670.47,Transfer,6,Mysore,Mysore,Android,1,495,18961.92,13457.89,-2787.42,0.79,5,0,0,0,0.0359,0,4,Low
TXN104399,CUST096,27,2830.01,Purchase,17,Mysore,Mysore,iPhone,0,495,10670.47,13714.38,-10884.38,0.21,2,0,0,0,0.0063,0,1,Low
TXN104400,CUST096,28,5063.23,Online Payment,8,Mysore,Mysore,iPhone,0,495,2830.01,13172.0,-8108.77,0.38,6,1,0,0,0.0055,0,1,Low
TXN104401,CUST096,29,1955.1,Transfer,7,Mysore,Mysore,iPhone,0,495,5063.23,13327.98,-11372.88,0.15,1,1,0,0,0.0084,0,1,Low
TXN104402,CUST096,30,4752.82,Transfer,22,Mysore,Mysore,iPhone,0,495,1955.1,8996.27,-4243.45,0.53,1,1,0,0,0.0157,0,2,Low
TXN104403,CUST096,31,7491.95,Transfer,14,Mysore,Mysore,iPhone,0,495,4752.82,7889.84,-397.89,0.95,2,1,0,0,0.0069,0,1,Low
TXN104404,CUST096,32,16103.86,Purchase,13,Mysore,Mysore,iPhone,0,495,7491.95,7572.81,8531.05,2.13,3,1,0,0,0.0133,0,1,Low
TXN104405,CUST096,33,9750.11,Online Payment,18,Mumbai,Mysore,iPhone,0,495,16103.86,7953.18,1796.93,1.23,3,0,0,1,0.0282,0,3,Low
TXN104406,CUST096,34,4291.4,ATM Withdrawal,16,Mysore,Mysore,iPhone,0,495,9750.11,8160.24,-3868.84,0.53,1,0,0,0,0.0028,0,0,Low
TXN104407,CUST096,35,19392.57,Bill Payment,16,Mysore,Mysore,iPhone,0,495,4291.4,8187.09,11205.48,2.37,2,0,0,0,0.0158,0,2,Low
TXN104408,CUST096,36,2996.29,Transfer,15,Mysore,Mysore,Windows,1,495,19392.57,8230.15,-5233.86,0.36,2,0,0,0,0.024,0,2,Low
TXN104409,CUST096,37,17099.85,ATM Withdrawal,15,Mysore,Mysore,iPhone,1,495,2996.29,7462.73,9637.12,2.29,8,0,1,0,0.55,1,55,Medium
TXN104410,CUST096,38,22115.13,Transfer,17,Mysore,Mysore,iPhone,0,495,17099.85,8889.72,13225.41,2.49,2,0,0,0,0.0254,0,3,Low
TXN104411,CUST097,1,973.24,Transfer,6,Hassan,Hassan,Windows,0,2236,0.0,3208.8,-2235.56,0.3,4,1,0,0,0.0066,0,1,Low
TXN104412,CUST097,2,5008.67,Transfer,22,Hassan,Hassan,Windows,0,2236,973.24,973.24,4035.43,5.15,2,0,0,0,0.0069,0,1,Low
TXN104413,CUST097,3,1685.39,Purchase,6,Hassan,Hassan,Windows,0,2236,5008.67,2990.95,-1305.57,0.56,4,0,0,0,0.0065,0,1,Low
TXN104414,CUST097,4,4813.41,Transfer,10,Hassan,Hassan,Windows,0,2236,1685.39,2555.76,2257.65,1.88,2,0,0,0,0.0064,0,1,Low
TXN104415,CUST097,5,3782.44,Online Payment,16,Hassan,Hassan,Windows,0,2236,4813.41,3120.18,662.26,1.21,2,0,0,0,0.0089,0,1,Low
TXN104416,CUST097,6,1964.98,Purchase,11,Hassan,Hassan,Windows,0,2236,3782.44,3252.63,-1287.65,0.6,2,0,0,0,0.0064,0,1,Low
TXN104417,CUST097,7,9383.94,Transfer,16,Hassan,Hassan,Windows,0,2236,1964.98,3038.02,6345.92,3.09,1,0,0,0,0.0167,0,2,Low
TXN104418,CUST097,8,1926.12,ATM Withdrawal,17,Mangalore,Hassan,Windows,0,2236,9383.94,3944.58,-2018.46,0.49,3,0,0,1,0.027,0,3,Low
TXN104419,CUST097,9,2547.8,Purchase,11,Hassan,Hassan,Windows,0,2236,1926.12,3692.27,-1144.48,0.69,0,0,0,0,0.0036,0,0,Low
TXN104420,CUST097,10,13245.27,Bill Payment,11,Hassan,Hassan,Windows,0,2236,2547.8,3565.11,9680.17,3.72,3,0,0,0,0.0096,0,1,Low
TXN104421,CUST097,11,2974.91,Bill Payment,12,Hassan,Hassan,Windows,0,2236,13245.27,4533.13,-1558.22,0.66,0,0,0,0,0.032,1,3,Low
TXN104422,CUST097,12,5566.24,Bill Payment,22,Hassan,Hassan,Windows,0,2236,2974.91,4733.29,832.94,1.18,1,0,0,0,0.0091,1,1,Low
TXN104423,CUST097,13,7469.53,Transfer,6,Hassan,Hassan,Windows,0,2236,5566.24,4789.05,2680.48,1.56,2,0,1,0,0.0125,0,1,Low
TXN104424,CUST097,14,5688.1,Online Payment,6,Hassan,Hassan,Windows,0,2236,7469.53,5367.46,320.64,1.06,4,0,0,0,0.0112,0,1,Low
TXN104425,CUST097,15,1381.06,Purchase,19,Hassan,Hassan,Windows,0,2236,5688.1,5454.93,-4073.88,0.25,0,1,0,0,0.0071,0,1,Low
TXN104426,CUST097,16,6126.62,Bill Payment,15,Hassan,Hassan,Windows,0,2236,1381.06,5214.8,911.83,1.17,0,0,0,0,0.01,0,1,Low
TXN104427,CUST097,17,6361.73,ATM Withdrawal,19,Hassan,Hassan,Windows,0,2236,6126.62,5630.96,730.77,1.13,0,0,0,0,0.0104,0,1,Low
TXN104428,CUST097,18,2149.17,Online Payment,22,Hassan,Hassan,Windows,0,2236,6361.73,5328.74,-3179.56,0.4,1,0,0,0,0.0044,0,0,Low
TXN104429,CUST097,19,1975.42,Online Payment,15,Hassan,Hassan,Windows,0,2236,2149.17,5351.04,-3375.62,0.37,1,0,0,0,0.0095,0,1,Low
TXN104430,CUST097,20,4164.81,Online Payment,21,Hassan,Hassan,iPhone,1,2236,1975.42,5293.81,-1129.0,0.79,0,2,0,0,0.1858,0,19,Low
TXN104431,CUST097,21,4617.12,Transfer,12,Hassan,Hassan,Windows,0,2236,4164.81,4385.76,231.36,1.05,2,0,0,0,0.0022,0,0,Low
TXN104432,CUST097,22,1744.46,ATM Withdrawal,10,Mumbai,Hassan,Windows,0,2236,4617.12,4549.98,-2805.52,0.38,3,0,0,1,0.0386,0,4,Low
TXN104433,CUST097,23,1841.03,Purchase,9,Hassan,Hassan,Windows,0,2236,1744.46,4167.8,-2326.77,0.44,2,0,0,0,0.0056,0,1,Low
TXN104434,CUST097,24,2416.62,Bill Payment,21,Hassan,Hassan,Windows,0,2236,1841.03,3604.95,-1188.33,0.67,1,0,0,0,0.0107,0,1,Low
TXN104435,CUST097,25,2828.77,Purchase,6,Hassan,Hassan,Windows,0,2236,2416.62,3277.8,-449.03,0.86,1,0,0,0,0.0058,0,1,Low
TXN104436,CUST097,26,1112.14,Purchase,20,Hassan,Hassan,Windows,0,2236,2828.77,3422.58,-2310.43,0.32,4,0,0,0,0.0042,0,0,Low
TXN104437,CUST097,27,3578.78,Online Payment,12,Mysore,Hassan,Windows,0,2236,1112.14,2921.13,657.65,1.23,3,0,0,1,0.0319,0,3,Low
TXN104438,CUST097,28,3236.6,Purchase,12,Mysore,Hassan,iPhone,1,2236,3578.78,2642.83,593.77,1.22,0,0,0,1,0.1206,0,12,Low
TXN104439,CUST097,29,3663.96,ATM Withdrawal,21,Hassan,Hassan,Windows,0,2236,3236.6,2751.58,912.39,1.33,1,1,0,0,0.0142,0,1,Low
TXN104440,CUST097,30,11269.41,Purchase,7,Delhi,Hassan,Windows,0,2236,3663.96,2920.43,8348.98,3.86,3,1,0,1,0.0526,0,5,Low
TXN104441,CUST097,31,3598.21,Transfer,7,Hassan,Hassan,Windows,0,2236,11269.41,3630.89,-32.68,0.99,2,0,0,0,0.0034,0,0,Low
TXN104442,CUST097,32,2579.0,Bill Payment,7,Hassan,Hassan,Windows,0,2236,3598.21,3529.0,-950.0,0.73,1,0,0,0,0.0029,0,0,Low
TXN104443,CUST097,33,1337.37,ATM Withdrawal,7,Hassan,Hassan,Windows,0,2236,2579.0,3612.45,-2275.08,0.37,3,0,1,0,0.0085,0,1,Low
TXN104444,CUST097,34,5103.27,Bill Payment,9,Hassan,Hassan,Windows,0,2236,1337.37,3562.09,1541.18,1.43,3,0,0,0,0.0088,0,1,Low
TXN104445,CUST097,35,1379.6,Online Payment,17,Hassan,Hassan,Windows,0,2236,5103.27,3830.75,-2451.15,0.36,2,0,0,0,0.0157,0,2,Low
TXN104446,CUST097,36,2429.8,Bill Payment,6,Hassan,Hassan,Windows,0,2236,1379.6,3685.84,-1256.03,0.66,3,0,1,0,0.0229,0,2,Low
TXN104447,CUST097,37,4064.46,ATM Withdrawal,13,Hassan,Hassan,Windows,0,2236,2429.8,3817.6,246.86,1.06,2,0,0,0,0.0071,0,1,Low
TXN104448,CUST098,1,8525.73,Transfer,18,Chennai,Chennai,Android,0,2977,0.0,7402.99,1122.74,1.15,2,0,0,0,0.0155,0,2,Low
TXN104449,CUST098,2,6288.15,Bill Payment,6,Chennai,Chennai,Android,0,2977,8525.73,8525.73,-2237.58,0.74,3,1,0,0,0.0066,0,1,Low
TXN104450,CUST098,3,2551.53,Online Payment,22,Chennai,Chennai,Android,0,2977,6288.15,7406.94,-4855.41,0.34,4,1,0,0,0.0054,0,1,Low
TXN104451,CUST098,4,19108.2,Online Payment,8,Chennai,Chennai,Android,0,2977,2551.53,5788.47,13319.73,3.3,1,0,1,0,0.0636,0,6,Low
TXN104452,CUST098,5,6196.79,Transfer,7,Chennai,Chennai,Mac,1,2977,19108.2,9118.4,-2921.61,0.68,0,0,0,0,0.0121,0,1,Low
TXN104453,CUST098,6,11999.8,Transfer,11,Hassan,Chennai,Android,0,2977,6196.79,8534.08,3465.72,1.41,2,0,1,1,0.0234,0,2,Low
TXN104454,CUST098,7,2615.98,Purchase,20,Chennai,Chennai,Android,0,2977,11999.8,9111.7,-6495.72,0.29,1,0,0,0,0.0105,0,1,Low
TXN104455,CUST098,8,9195.03,Purchase,15,Hyderabad,Chennai,Android,0,2977,2615.98,8183.74,1011.29,1.12,3,0,0,1,0.0165,0,2,Low
TXN104456,CUST098,9,3894.15,Transfer,15,Chennai,Chennai,Android,0,2977,9195.03,8310.15,-4416.0,0.47,2,0,0,0,0.0051,0,1,Low
TXN104457,CUST098,10,9010.03,Bill Payment,6,Chennai,Chennai,Android,0,2977,3894.15,7819.48,1190.55,1.15,1,0,0,0,0.006,0,1,Low
TXN104458,CUST098,11,3976.77,Transfer,22,Hassan,Chennai,Android,0,2977,9010.03,7938.54,-3961.77,0.5,3,2,0,1,0.0615,0,6,Low
TXN104459,CUST098,12,4356.09,Transfer,18,Chennai,Chennai,Android,0,2977,3976.77,7483.64,-3127.55,0.58,4,0,0,0,0.013,0,1,Low
TXN104460,CUST098,13,7039.69,Online Payment,9,Chennai,Chennai,Android,0,2977,4356.09,7290.44,-250.75,0.97,2,0,0,0,0.0064,0,1,Low
TXN104461,CUST098,14,3379.53,Purchase,10,Chennai,Chennai,Android,0,2977,7039.69,7739.25,-4359.72,0.44,5,0,0,0,0.0252,0,3,Low
TXN104462,CUST098,15,13294.47,Transfer,7,Chennai,Chennai,Android,0,2977,3379.53,6166.39,7128.08,2.16,1,0,0,0,0.0035,0,0,Low
TXN104463,CUST098,16,2880.5,Transfer,7,Chennai,Chennai,Android,0,2977,13294.47,6876.15,-3995.66,0.42,2,0,0,0,0.0074,0,1,Low
TXN104464,CUST098,17,1807.36,ATM Withdrawal,20,Bangalore,Chennai,Android,0,2977,2880.5,5964.22,-4156.87,0.3,3,0,0,1,0.0198,0,2,Low
TXN104465,CUST098,18,7095.72,Online Payment,7,Delhi,Chennai,Android,0,2977,1807.36,5883.36,1212.36,1.21,2,2,0,1,0.0587,0,6,Low
TXN104466,CUST098,19,2211.36,Purchase,6,Chennai,Chennai,Android,0,2977,7095.72,5673.43,-3462.07,0.39,4,0,0,0,0.0177,0,2,Low
TXN104467,CUST098,20,11016.72,Transfer,13,Chennai,Chennai,Android,0,2977,2211.36,5505.15,5511.57,2.0,0,0,0,0,0.016,0,2,Low
TXN104468,CUST098,21,9706.59,Purchase,16,Chennai,Chennai,Android,0,2977,11016.72,5705.82,4000.77,1.7,3,0,0,0,0.0114,0,1,Low
TXN104469,CUST098,22,13273.15,Bill Payment,15,Chennai,Chennai,Android,0,2977,9706.59,6278.8,6994.35,2.11,2,0,0,0,0.0072,0,1,Low
TXN104470,CUST098,23,3680.08,Bill Payment,18,Chennai,Chennai,Android,0,2977,13273.15,7170.51,-3490.43,0.51,0,0,0,0,0.0123,0,1,Low
TXN104471,CUST098,24,15340.57,Online Payment,10,Chennai,Chennai,Android,0,2977,3680.08,6834.55,8506.03,2.24,4,0,0,0,0.0316,0,3,Low
TXN104472,CUST098,25,1763.64,Online Payment,20,Chennai,Chennai,Android,0,2977,15340.57,8030.65,-6267.0,0.22,1,0,1,0,0.01,0,1,Low
TXN104473,CUST098,26,19166.17,Bill Payment,16,Chennai,Chennai,Android,0,2977,1763.64,6877.57,12288.61,2.79,2,0,0,0,0.062,0,6,Low
TXN104474,CUST098,27,3145.44,Purchase,12,Chennai,Chennai,Android,0,2977,19166.17,8506.14,-5360.69,0.37,1,0,0,0,0.0079,0,1,Low
TXN104475,CUST098,28,5909.69,Purchase,19,Chennai,Chennai,Android,0,2977,3145.44,8639.94,-2730.26,0.68,1,0,0,0,0.0062,0,1,Low
TXN104476,CUST098,29,18001.9,Transfer,9,Chennai,Chennai,Android,0,2977,5909.69,8521.34,9480.56,2.11,3,0,0,0,0.0122,0,1,Low
TXN104477,CUST098,30,3063.44,Purchase,11,Chennai,Chennai,Android,0,2977,18001.9,10100.4,-7036.96,0.3,6,0,0,0,0.0261,1,3,Low
TXN104478,CUST098,31,9569.7,Transfer,16,Chennai,Chennai,Android,0,2977,3063.44,9305.07,264.63,1.03,3,0,0,0,0.0072,0,1,Low
TXN104479,CUST098,32,7121.7,ATM Withdrawal,12,Chennai,Chennai,Mac,1,2977,9569.7,9291.38,-2169.67,0.77,1,0,0,0,0.0115,0,1,Low
TXN104480,CUST098,33,23602.64,Transfer,19,Chennai,Chennai,Android,0,2977,7121.7,8676.23,14926.41,2.72,1,0,0,0,0.0391,0,4,Low
TXN104481,CUST098,34,8004.07,Purchase,9,Chennai,Chennai,iPhone,1,2977,23602.64,10668.49,-2664.42,0.75,4,1,0,0,0.0533,0,5,Low
TXN104482,CUST098,35,12101.91,Purchase,15,Chennai,Chennai,Android,0,2977,8004.07,9934.84,2167.07,1.22,4,0,1,0,0.0088,0,1,Low
TXN104483,CUST098,36,3424.66,Online Payment,21,Chennai,Chennai,Android,0,2977,12101.91,10968.67,-7544.01,0.31,1,0,0,0,0.0455,0,5,Low
TXN104484,CUST098,37,18880.14,Online Payment,12,Chennai,Chennai,Android,0,2977,3424.66,9394.52,9485.62,2.01,1,0,0,0,0.0033,0,0,Low
TXN104485,CUST098,38,4675.93,Purchase,22,Chennai,Chennai,Android,0,2977,18880.14,10967.99,-6292.05,0.43,1,0,0,0,0.0036,0,0,Low
TXN104486,CUST098,39,4932.86,Transfer,20,Chennai,Chennai,Android,0,2977,4675.93,10844.61,-5911.75,0.45,0,0,0,0,0.0093,0,1,Low
TXN104487,CUST098,40,5480.31,Online Payment,19,Bangalore,Chennai,Android,0,2977,4932.86,9537.71,-4057.4,0.57,0,0,0,1,0.0359,0,4,Low
TXN104488,CUST098,41,24501.42,Online Payment,13,Chennai,Chennai,Android,0,2977,5480.31,9779.39,14722.03,2.51,2,2,0,0,0.026,0,3,Low
TXN104489,CUST098,42,14424.1,Bill Payment,17,Chennai,Chennai,Android,0,2977,24501.42,11272.57,3151.54,1.28,3,1,0,0,0.0067,0,1,Low
TXN104490,CUST098,43,12671.41,Purchase,20,Chennai,Chennai,iPhone,1,2977,14424.1,12002.81,668.6,1.06,1,0,0,0,0.0141,0,1,Low
TXN104491,CUST098,44,8730.03,Purchase,10,Chennai,Chennai,Android,0,2977,12671.41,10909.68,-2179.65,0.8,0,0,0,0,0.0031,0,0,Low
TXN104492,CUST098,45,6304.45,Online Payment,7,Chennai,Chennai,Android,0,2977,8730.03,10982.28,-4677.83,0.57,1,0,0,0,0.0044,0,0,Low
TXN104493,CUST098,46,6976.68,Purchase,18,Chennai,Chennai,Android,0,2977,6304.45,10402.53,-3425.85,0.67,1,0,0,0,0.0047,0,0,Low
TXN104494,CUST098,47,3424.35,Purchase,8,Chennai,Chennai,Android,0,2977,6976.68,10757.73,-7333.39,0.32,1,0,0,0,0.0036,0,0,Low
TXN104495,CUST098,48,10016.32,ATM Withdrawal,15,Chennai,Chennai,Mac,1,2977,3424.35,9212.15,804.17,1.09,2,0,0,0,0.0336,0,3,Low
TXN104496,CUST098,49,12289.44,Transfer,22,Chennai,Chennai,Android,0,2977,10016.32,9746.19,2543.25,1.26,1,0,0,0,0.0115,0,1,Low
TXN104497,CUST098,50,22059.31,Purchase,20,Chennai,Chennai,Android,0,2977,12289.44,10481.85,11577.46,2.1,1,1,1,0,0.0195,0,2,Low
TXN104498,CUST098,51,2515.75,Online Payment,6,Chennai,Chennai,Android,0,2977,22059.31,12139.75,-9624.0,0.21,7,0,0,0,0.0486,0,5,Low
TXN104499,CUST099,1,6661.93,Purchase,6,Hassan,Hassan,iPhone,0,1155,0.0,7348.7,-686.77,0.91,4,0,1,0,0.0196,0,2,Low
TXN104500,CUST099,2,2396.44,Purchase,8,Hyderabad,Hassan,iPhone,0,1155,6661.93,6661.93,-4265.49,0.36,3,0,0,1,0.0279,0,3,Low
TXN104501,CUST099,3,10498.81,Transfer,10,Chennai,Hassan,iPhone,0,1155,2396.44,4529.18,5969.63,2.32,2,1,0,1,0.0271,0,3,Low
TXN104502,CUST099,4,3010.09,Purchase,22,Hassan,Hassan,Mac,1,1155,10498.81,6519.06,-3508.97,0.46,3,0,0,0,0.0437,0,4,Low
TXN104503,CUST099,5,17692.17,ATM Withdrawal,13,Hassan,Hassan,iPhone,0,1155,3010.09,5641.82,12050.36,3.14,4,0,0,0,0.0372,0,4,Low
TXN104504,CUST099,6,4300.11,Online Payment,6,Bangalore,Hassan,iPhone,0,1155,17692.17,8051.89,-3751.78,0.53,1,0,0,1,0.0191,0,2,Low
TXN104505,CUST099,7,11687.15,ATM Withdrawal,16,Hassan,Hassan,iPhone,0,1155,4300.11,7426.59,4260.56,1.57,1,0,0,0,0.005,0,0,Low
TXN104506,CUST099,8,11888.24,Bill Payment,22,Hassan,Hassan,iPhone,0,1155,11687.15,8035.24,3853.0,1.48,1,0,0,0,0.0053,0,1,Low
TXN104507,CUST099,9,14025.24,Purchase,18,Mumbai,Hassan,Mac,1,1155,11888.24,8516.87,5508.37,1.65,1,0,0,1,0.0215,0,2,Low
TXN104508,CUST099,10,4746.0,Purchase,22,Hassan,Hassan,iPhone,0,1155,14025.24,9128.91,-4382.91,0.52,6,0,0,0,0.0217,0,2,Low
TXN104509,CUST099,11,9324.22,Transfer,10,Hassan,Hassan,iPhone,0,1155,4746.0,8690.62,633.6,1.07,2,0,1,0,0.0058,0,1,Low
TXN104510,CUST099,12,4770.44,Online Payment,19,Hassan,Hassan,iPhone,0,1155,9324.22,8956.85,-4186.41,0.53,0,0,0,0,0.0101,0,1,Low
TXN104511,CUST099,13,3934.06,Online Payment,16,Hassan,Hassan,iPhone,0,1155,4770.44,9194.25,-5260.18,0.43,0,0,0,0,0.0023,0,0,Low
TXN104512,CUST099,14,12272.88,Purchase,21,Hassan,Hassan,iPhone,0,1155,3934.06,8537.77,3735.1,1.44,1,0,0,0,0.0081,0,1,Low
TXN104513,CUST099,15,20552.82,Purchase,10,Hassan,Hassan,iPhone,0,1155,12272.88,9464.05,11088.76,2.17,1,0,0,0,0.0204,0,2,Low
TXN104514,CUST099,16,8652.35,Purchase,9,Hassan,Hassan,Windows,1,1155,20552.82,9750.12,-1097.77,0.89,3,0,0,0,0.0272,0,3,Low
TXN104515,CUST099,17,8805.66,Bill Payment,11,Hassan,Hassan,iPhone,0,1155,8652.35,10185.34,-1379.67,0.86,5,0,0,0,0.0102,0,1,Low
TXN104516,CUST099,18,30759.98,ATM Withdrawal,15,Hassan,Hassan,iPhone,0,1155,8805.66,9897.19,20862.79,3.11,4,1,0,0,0.0123,0,1,Low
TXN104517,CUST099,19,3131.1,Purchase,20,Hassan,Hassan,iPhone,0,1155,30759.98,11784.36,-8653.27,0.27,2,0,0,0,0.0127,0,1,Low
TXN104518,CUST099,20,15424.85,Online Payment,15,Hassan,Hassan,iPhone,0,1155,3131.1,10694.95,4729.9,1.44,4,0,0,0,0.0179,0,2,Low
TXN104519,CUST099,21,8000.34,Purchase,20,Hyderabad,Hassan,iPhone,0,1155,15424.85,11762.84,-3762.5,0.68,1,0,0,1,0.0283,0,3,Low
TXN104520,CUST099,22,2944.67,Bill Payment,10,Hassan,Hassan,iPhone,0,1155,8000.34,11630.45,-8685.78,0.25,5,0,0,0,0.0382,0,4,Low
TXN104521,CUST099,23,5248.97,Purchase,17,Chennai,Hassan,iPhone,0,1155,2944.67,11447.87,-6198.9,0.46,1,0,0,1,0.0232,0,2,Low
TXN104522,CUST099,24,13468.34,Online Payment,12,Hassan,Hassan,iPhone,0,1155,5248.97,11579.36,1888.98,1.16,1,0,0,0,0.0051,0,1,Low
TXN104523,CUST099,25,4003.73,Transfer,22,Hassan,Hassan,iPhone,0,1155,13468.34,11698.91,-7695.18,0.34,3,0,0,0,0.0112,0,1,Low
TXN104524,CUST099,26,4543.67,Bill Payment,13,Hassan,Hassan,iPhone,0,1155,4003.73,10044.0,-5500.33,0.45,6,0,0,0,0.0211,0,2,Low
TXN104525,CUST099,27,12562.66,Online Payment,9,Hassan,Hassan,iPhone,0,1155,4543.67,9633.13,2929.53,1.3,3,2,0,0,0.0439,0,4,Low
TXN104526,CUST099,28,5408.92,Transfer,20,Hassan,Hassan,iPhone,0,1155,12562.66,10008.83,-4599.91,0.54,3,0,0,0,0.0186,0,2,Low
TXN104527,CUST099,29,3911.85,Purchase,9,Mangalore,Hassan,iPhone,0,1155,5408.92,7473.72,-3561.88,0.52,1,0,0,1,0.021,0,2,Low
TXN104528,CUST099,30,17767.5,Online Payment,10,Hassan,Hassan,Windows,1,1155,3911.85,7551.8,10215.7,2.35,4,0,0,0,0.0477,0,5,Low
TXN104529,CUST099,31,7323.2,Transfer,21,Hassan,Hassan,iPhone,0,1155,17767.5,7786.06,-462.86,0.94,3,0,0,0,0.0069,0,1,Low
TXN104530,CUST099,32,11505.94,Transfer,18,Bangalore,Hassan,iPhone,0,1155,7323.2,7718.35,3787.59,1.49,1,1,0,1,0.0336,0,3,Low
TXN104531,CUST099,33,9053.58,Transfer,11,Hassan,Hassan,iPhone,0,1155,11505.94,8574.48,479.1,1.06,0,0,1,0,0.0165,0,2,Low
TXN104532,CUST099,34,17113.97,Purchase,20,Hassan,Hassan,iPhone,0,1155,9053.58,8954.94,8159.04,1.91,0,0,0,0,0.0097,0,1,Low
TXN104533,CUST099,35,5091.78,Transfer,10,Hassan,Hassan,iPhone,0,1155,17113.97,9319.5,-4227.73,0.55,4,0,0,0,0.024,0,2,Low
TXN104534,CUST099,36,4953.0,Bill Payment,9,Hassan,Hassan,iPhone,0,1155,5091.78,9428.31,-4475.31,0.53,1,0,0,0,0.0044,0,0,Low
TXN104535,CUST099,37,6881.09,Online Payment,13,Hassan,Hassan,iPhone,0,1155,4953.0,9469.24,-2588.15,0.73,4,0,0,0,0.0095,0,1,Low
TXN104536,CUST099,38,1470.58,Purchase,10,Hassan,Hassan,iPhone,0,1155,6881.09,8901.08,-7430.5,0.17,0,0,0,0,0.0044,0,0,Low
TXN104537,CUST099,39,6134.28,Bill Payment,12,Hassan,Hassan,iPhone,0,1155,1470.58,8507.25,-2372.97,0.72,3,0,0,0,0.007,0,1,Low
TXN104538,CUST099,40,3322.34,Bill Payment,13,Hyderabad,Hassan,iPhone,0,1155,6134.28,8729.49,-5407.15,0.38,2,0,0,1,0.0159,0,2,Low
TXN104539,CUST099,41,14674.95,Transfer,10,Hassan,Hassan,iPhone,0,1155,3322.34,7284.98,7389.98,2.01,1,0,0,0,0.0048,0,0,Low
TXN104540,CUST099,42,13067.93,Purchase,8,Hassan,Hassan,iPhone,0,1155,14674.95,8020.15,5047.78,1.63,0,0,0,0,0.0077,0,1,Low
TXN104541,CUST099,43,24658.24,Purchase,15,Hassan,Hassan,Windows,1,1155,13067.93,8176.35,16481.89,3.02,2,0,0,0,0.0349,0,3,Low
TXN104542,CUST099,44,5070.62,Purchase,10,Hassan,Hassan,iPhone,0,1155,24658.24,9736.82,-4666.19,0.52,0,0,0,0,0.007,0,1,Low
TXN104543,CUST099,45,4655.54,Transfer,11,Hassan,Hassan,iPhone,0,1155,5070.62,8532.48,-3876.94,0.55,2,1,0,0,0.0107,0,1,Low
TXN104544,CUST099,46,2899.2,Transfer,12,Hassan,Hassan,iPhone,0,1155,4655.54,8488.86,-5589.66,0.34,3,0,0,0,0.0211,0,2,Low
TXN104545,CUST099,47,13363.46,ATM Withdrawal,14,Hassan,Hassan,iPhone,0,1155,2899.2,8283.48,5079.98,1.61,3,0,0,0,0.0073,0,1,Low
TXN104546,CUST099,48,8883.74,Purchase,21,Hassan,Hassan,iPhone,0,1155,13363.46,8931.72,-47.98,0.99,4,0,0,0,0.0017,0,0,Low
TXN104547,CUST099,49,8983.96,Purchase,22,Hassan,Hassan,iPhone,0,1155,8883.74,9673.03,-689.07,0.93,2,0,0,0,0.0053,0,1,Low
TXN104548,CUST100,1,7657.99,Purchase,20,Mysore,Mysore,Android,0,2452,0.0,4471.12,3186.88,1.71,2,0,0,0,0.0099,0,1,Low
TXN104549,CUST100,2,1815.18,Purchase,20,Mysore,Mysore,Mac,1,2452,7657.99,7657.99,-5842.82,0.24,4,1,0,0,0.55,1,55,Medium
TXN104550,CUST100,3,742.14,ATM Withdrawal,19,Mysore,Mysore,Android,0,2452,1815.18,4736.59,-3994.44,0.16,0,0,0,0,0.0162,0,2,Low
TXN104551,CUST100,4,10169.98,Bill Payment,13,Mysore,Mysore,Android,0,2452,742.14,3405.11,6764.87,2.99,5,0,0,0,0.0207,0,2,Low
TXN104552,CUST100,5,3029.38,Online Payment,6,Mysore,Mysore,Android,0,2452,10169.98,5096.32,-2066.94,0.59,0,0,0,0,0.0073,0,1,Low
TXN104553,CUST100,6,5171.36,Transfer,17,Mysore,Mysore,Android,0,2452,3029.38,4682.94,488.42,1.1,1,0,0,0,0.0074,0,1,Low
TXN104554,CUST100,7,10862.54,Purchase,19,Mysore,Mysore,Android,0,2452,5171.36,4764.34,6098.2,2.28,0,1,0,0,0.0329,0,3,Low
TXN104555,CUST100,8,2796.04,Online Payment,19,Mysore,Mysore,Android,0,2452,10862.54,5635.51,-2839.47,0.5,5,0,0,0,0.036,0,4,Low
TXN104556,CUST100,9,5006.39,Purchase,20,Mysore,Mysore,Android,0,2452,2796.04,5280.58,-274.19,0.95,3,0,0,0,0.0078,0,1,Low
TXN104557,CUST100,10,3385.35,Purchase,9,Mysore,Mysore,Android,0,2452,5006.39,5250.11,-1864.77,0.64,3,2,0,0,0.0266,0,3,Low
TXN104558,CUST100,11,2815.93,Transfer,12,Mysore,Mysore,Android,0,2452,3385.35,5063.63,-2247.71,0.56,2,0,0,0,0.0109,0,1,Low
TXN104559,CUST100,12,3814.21,ATM Withdrawal,19,Chennai,Mysore,Android,0,2452,2815.93,4579.43,-765.22,0.83,2,0,0,1,0.0481,0,5,Low
TXN104560,CUST100,13,6157.05,Purchase,22,Mysore,Mysore,Android,0,2452,3814.21,4779.33,1377.72,1.29,1,1,0,0,0.009,0,1,Low
TXN104561,CUST100,14,5283.34,Purchase,13,Bangalore,Mysore,Android,0,2452,6157.05,5320.82,-37.48,0.99,3,0,0,1,0.036,0,4,Low
TXN104562,CUST100,15,14412.1,Transfer,12,Mysore,Mysore,Android,0,2452,5283.34,4832.16,9579.94,2.98,3,0,0,0,0.0393,0,4,Low
TXN104563,CUST100,16,5685.6,ATM Withdrawal,20,Mysore,Mysore,Android,0,2452,14412.1,5970.43,-284.83,0.95,1,0,0,0,0.0186,0,2,Low
TXN104564,CUST100,17,2239.4,Transfer,8,Mysore,Mysore,Android,0,2452,5685.6,6021.85,-3782.46,0.37,0,2,0,0,0.0162,0,2,Low
TXN104565,CUST100,18,2643.66,Transfer,16,Mysore,Mysore,Android,0,2452,2239.4,5159.54,-2515.88,0.51,1,0,0,0,0.0079,0,1,Low
TXN104566,CUST100,19,4226.87,Transfer,10,Mysore,Mysore,Android,0,2452,2643.66,5144.3,-917.43,0.82,3,0,0,0,0.019,0,2,Low
TXN104567,CUST100,20,3873.68,ATM Withdrawal,11,Mysore,Mysore,Android,0,2452,4226.87,5066.35,-1192.67,0.76,2,2,0,0,0.0229,0,2,Low
TXN104568,CUST100,21,17092.31,Purchase,20,Mysore,Mysore,Windows,1,2452,3873.68,5115.18,11977.12,3.34,2,0,0,0,0.1905,0,19,Low
TXN104569,CUST100,22,4479.93,ATM Withdrawal,13,Mysore,Mysore,Android,0,2452,17092.31,6542.82,-2062.89,0.68,1,2,0,0,0.0263,0,3,Low
TXN104570,CUST100,23,9809.21,Transfer,6,Mysore,Mysore,Android,0,2452,4479.93,6609.39,3199.81,1.48,3,2,0,0,0.0306,0,3,Low
TXN104571,CUST100,24,8504.84,Purchase,9,Mysore,Mysore,iPhone,1,2452,9809.21,6974.61,1530.23,1.22,3,0,0,0,0.0283,0,3,Low
TXN104572,CUST100,25,3897.32,Online Payment,6,Mysore,Mysore,Android,0,2452,8504.84,7296.76,-3399.44,0.53,2,0,0,0,0.0068,0,1,Low
TXN104573,CUST100,26,8060.53,ATM Withdrawal,20,Mysore,Mysore,Android,0,2452,3897.32,6245.28,1815.25,1.29,2,0,0,0,0.0033,0,0,Low
TXN104574,CUST100,27,1678.81,ATM Withdrawal,19,Mysore,Mysore,Android,0,2452,8060.53,6482.77,-4803.96,0.26,4,0,0,0,0.0079,0,1,Low
TXN104575,CUST100,28,1715.98,Bill Payment,8,Mysore,Mysore,Android,0,2452,1678.81,6426.71,-4710.74,0.27,1,0,0,0,0.0084,0,1,Low
TXN104576,CUST100,29,10430.58,Online Payment,12,Mysore,Mysore,Android,0,2452,1715.98,6333.95,4096.64,1.65,3,0,0,0,0.005,0,1,Low
TXN104577,CUST100,30,3874.54,Purchase,12,Mysore,Mysore,Android,0,2452,10430.58,6954.32,-3079.78,0.56,5,0,0,0,0.0065,0,1,Low
TXN104578,CUST100,31,6858.6,Purchase,7,Mysore,Mysore,Android,0,2452,3874.54,6954.4,-95.8,0.99,1,0,0,0,0.008,0,1,Low
TXN104579,CUST100,32,1821.42,Purchase,19,Mysore,Mysore,Android,0,2452,6858.6,5931.03,-4109.61,0.31,0,2,1,0,0.1651,1,17,Low
TXN104580,CUST100,33,4032.45,Online Payment,6,Mysore,Mysore,Android,0,2452,1821.42,5665.18,-1632.73,0.71,4,0,0,0,0.0078,0,1,Low
TXN104581,CUST100,34,5807.48,Purchase,22,Hassan,Mysore,Android,0,2452,4032.45,5087.51,719.97,1.14,1,0,0,1,0.028,0,3,Low
